# Direct counterexample,  d = 10:  C(p) < 0 for every p in [2.0000001, 70]
claim 10 10 2.0000001 70 -
# p1 p2 lambda1 lambda2 tau0
2.0000000999999998 2.0000001009799999 1.99999996273 1.9999999829899999 0.0009765625
2.0000001009799999 2.00000010196 1.99999996246 1.9999999827199999 0.0009765625
2.00000010196 2.0000001029400001 1.99999996219 1.9999999824600001 0.0009765625
2.0000001029400001 2.0000001039200002 1.99999996193 1.9999999821900001 0.0009765625
2.0000001039200002 2.0000001048999998 1.9999999616599999 1.9999999819300001 0.0009765625
2.0000001048999998 2.0000001058799999 1.9999999613999999 1.99999998166 0.0009765625
2.0000001058799999 2.00000010686 1.9999999611299999 1.9999999814 0.0009765625
2.00000010686 2.00000010784 1.9999999608700001 1.99999998113 0.0009765625
2.00000010784 2.0000001088200001 1.9999999606000001 1.99999998087 0.0009765625
2.0000001088200001 2.0000001098000002 1.99999996034 1.9999999805999999 0.0009765625
2.0000001098000002 2.0000001107799998 1.99999996007 1.9999999803399999 0.0009765625
2.0000001107799998 2.0000001117599999 1.99999995981 1.9999999800699999 0.0009765625
2.0000001117599999 2.00000011275 1.99999995954 1.9999999798100001 0.0009765625
2.00000011275 2.0000001137300001 1.99999995928 1.9999999795400001 0.0009765625
2.0000001137300001 2.0000001147100002 1.9999999590199999 1.9999999792800001 0.0009765625
2.0000001147100002 2.0000001156899998 1.9999999587499999 1.99999997902 0.0009765625
2.0000001156899998 2.0000001166699999 1.9999999584899999 1.99999997875 0.0009765625
2.0000001166699999 2.00000011765 1.9999999582200001 1.99999997849 0.0009765625
2.00000011765 2.00000011863 1.9999999579600001 1.99999997822 0.0009765625
2.00000011863 2.0000001196100001 1.9999999576900001 1.99999997796 0.0009765625
2.0000001196100001 2.0000001205900002 1.99999995743 1.9999999776899999 0.0009765625
2.0000001205900002 2.0000001215699998 1.99999995716 1.9999999774299999 0.0009765625
2.0000001215699998 2.0000001225499999 1.9999999569 1.9999999771600001 0.0009765625
2.0000001225499999 2.00000012353 1.99999995663 1.9999999769000001 0.0009765625
2.00000012353 2.0000001245100001 1.9999999563699999 1.9999999766300001 0.0009765625
2.0000001245100001 2.0000001254900002 1.9999999560999999 1.99999997637 0.0009765625
2.0000001254900002 2.0000001264699998 1.9999999558399999 1.9999999761 0.0009765625
2.0000001264699998 2.0000001274499999 1.9999999555700001 1.99999997584 0.0009765625
2.0000001274499999 2.00000012843 1.9999999553100001 1.99999997557 0.0009765625
2.00000012843 2.00000012941 1.9999999550400001 1.99999997531 0.0009765625
2.00000012941 2.0000001303900001 1.99999995478 1.9999999750399999 0.0009765625
2.0000001303900001 2.0000001313700002 1.99999995451 1.9999999747799999 0.0009765625
2.0000001313700002 2.0000001323499998 1.99999995425 1.9999999745099999 0.0009765625
2.0000001323499998 2.0000001333299999 1.99999995398 1.9999999742500001 0.0009765625
2.0000001333299999 2.00000013431 1.9999999537199999 1.9999999739900001 0.0009765625
2.00000013431 2.0000001352900001 1.9999999534499999 1.99999997372 0.0009765625
2.0000001352900001 2.0000001362700002 1.9999999531899999 1.99999997345 0.0009765625
2.0000001362700002 2.0000001372499998 1.9999999529200001 1.99999997319 0.0009765625
2.0000001372499998 2.0000001382399999 1.9999999526600001 1.99999997292 0.0009765625
2.0000001382399999 2.00000013922 1.9999999523900001 1.99999997266 0.0009765625
2.00000013922 2.0000001402000001 1.99999995213 1.9999999723899999 0.0009765625
2.0000001402000001 2.0000001411800001 1.99999995187 1.9999999721299999 0.0009765625
2.0000001411800001 2.0000001421600002 1.9999999516 1.9999999718699999 0.0009765625
2.0000001421600002 2.0000001431399999 1.99999995134 1.9999999716000001 0.0009765625
2.0000001431399999 2.0000001441199999 1.9999999510699999 1.9999999713400001 0.0009765625
2.0000001441199999 2.0000001451 1.9999999508099999 1.99999997107 0.0009765625
2.0000001451 2.0000001460800001 1.9999999505399999 1.99999997081 0.0009765625
2.0000001460800001 2.0000001470600002 1.9999999502800001 1.99999997054 0.0009765625
2.0000001470600002 2.0000001480399998 1.9999999500100001 1.99999997028 0.0009765625
2.0000001480399998 2.0000001490199999 1.9999999497500001 1.99999997001 0.0009765625
2.0000001490199999 2.00000015 1.99999994948 1.9999999697499999 0.0009765625
2.00000015 2.0000001509800001 1.99999994922 1.9999999694799999 0.0009765625
2.0000001509800001 2.0000001519600001 1.99999994895 1.9999999692199999 0.0009765625
2.0000001519600001 2.0000001529400002 1.99999994869 1.9999999689500001 0.0009765625
2.0000001529400002 2.0000001539199999 1.99999994842 1.9999999686900001 0.0009765625
2.0000001539199999 2.0000001548999999 1.9999999481599999 1.9999999684200001 0.0009765625
2.0000001548999999 2.00000015588 1.9999999478899999 1.99999996816 0.0009765625
2.00000015588 2.0000001568600001 1.9999999476300001 1.99999996789 0.0009765625
2.0000001568600001 2.0000001578400002 1.9999999473600001 1.99999996763 0.0009765625
2.0000001578400002 2.0000001588199998 1.9999999471000001 1.99999996736 0.0009765625
2.0000001588199998 2.0000001597999999 1.99999994683 1.9999999670999999 0.0009765625
2.0000001597999999 2.00000016078 1.99999994657 1.9999999668299999 0.0009765625
2.00000016078 2.0000001617600001 1.9999999463 1.9999999665699999 0.0009765625
2.0000001617600001 2.0000001627500001 1.99999994604 1.9999999663000001 0.0009765625
2.0000001627500001 2.0000001637299998 1.99999994577 1.9999999660400001 0.0009765625
2.0000001637299998 2.0000001647099999 1.9999999455099999 1.9999999657700001 0.0009765625
2.0000001647099999 2.0000001656899999 1.9999999452499999 1.99999996551 0.0009765625
2.0000001656899999 2.00000016667 1.9999999449800001 1.99999996525 0.0009765625
2.00000016667 2.0000001676500001 1.9999999447200001 1.99999996498 0.0009765625
2.0000001676500001 2.0000001686300002 1.9999999444500001 1.99999996472 0.0009765625
2.0000001686300002 2.0000001696099998 1.99999994419 1.9999999644499999 0.0009765625
2.0000001696099998 2.0000001705899999 1.99999994392 1.9999999641899999 0.0009765625
2.0000001705899999 2.00000017157 1.99999994366 1.9999999639199999 0.0009765625
2.00000017157 2.0000001725500001 1.99999994339 1.9999999636600001 0.0009765625
2.0000001725500001 2.0000001735300001 1.99999994313 1.9999999633900001 0.0009765625
2.0000001735300001 2.0000001745099998 1.9999999428599999 1.9999999631300001 0.0009765625
2.0000001745099998 2.0000001754899999 1.9999999425999999 1.99999996286 0.0009765625
2.0000001754899999 2.0000001764699999 1.9999999423299999 1.9999999626 0.0009765625
2.0000001764699999 2.00000017745 1.9999999420700001 1.99999996233 0.0009765625
2.00000017745 2.0000001784300001 1.9999999418000001 1.99999996207 0.0009765625
2.0000001784300001 2.0000001794100002 1.99999994154 1.9999999617999999 0.0009765625
2.0000001794100002 2.0000001803899998 1.99999994127 1.9999999615399999 0.0009765625
2.0000001803899998 2.0000001813699999 1.99999994101 1.9999999612699999 0.0009765625
2.0000001813699999 2.00000018235 1.99999994074 1.9999999610100001 0.0009765625
2.00000018235 2.0000001833300001 1.99999994048 1.9999999607400001 0.0009765625
2.0000001833300001 2.0000001843100002 1.9999999402099999 1.9999999604800001 0.0009765625
2.0000001843100002 2.0000001852899998 1.9999999399499999 1.99999996021 0.0009765625
2.0000001852899998 2.0000001862699999 1.9999999396799999 1.99999995995 0.0009765625
2.0000001862699999 2.00000018725 1.9999999394200001 1.99999995968 0.0009765625
2.00000018725 2.00000018824 1.9999999391500001 1.99999995942 0.0009765625
2.00000018824 2.0000001892200001 1.9999999388900001 1.99999995915 0.0009765625
2.0000001892200001 2.0000001902000002 1.99999993862 1.9999999588899999 0.0009765625
2.0000001902000002 2.0000001911799998 1.99999993836 1.9999999586199999 0.0009765625
2.0000001911799998 2.0000001921599999 1.9999999381 1.9999999583600001 0.0009765625
2.0000001921599999 2.00000019314 1.99999993783 1.9999999581000001 0.0009765625
2.00000019314 2.0000001941200001 1.9999999375699999 1.9999999578300001 0.0009765625
2.0000001941200001 2.0000001951000002 1.9999999372999999 1.99999995757 0.0009765625
2.0000001951000002 2.0000001960799998 1.9999999370399999 1.9999999573 0.0009765625
2.0000001960799998 2.0000001970599999 1.9999999367700001 1.99999995704 0.0009765625
2.0000001970599999 2.00000019804 1.9999999365100001 1.99999995677 0.0009765625
2.00000019804 2.00000019902 1.9999999362400001 1.99999995651 0.0009765625
2.00000019902 2.0000002000000001 1.99999993598 1.9999999562399999 0.0009765625
2.0000002000000001 2.0000002019599998 1.99999993545 1.9999999559799999 0.0009765625
2.0000002019599998 2.00000020392 1.9999999349199999 1.9999999554500001 0.0009765625
2.00000020392 2.0000002058800002 1.9999999343899999 1.99999995492 0.0009765625
2.0000002058800002 2.0000002078399999 1.9999999338600001 1.99999995439 0.0009765625
2.0000002078399999 2.0000002098 1.99999993333 1.99999995386 0.0009765625
2.0000002098 2.0000002117600002 1.9999999328 1.9999999533299999 0.0009765625
2.0000002117600002 2.0000002137299999 1.9999999322699999 1.9999999528000001 0.0009765625
2.0000002137299999 2.0000002156900001 1.9999999317399999 1.99999995227 0.0009765625
2.0000002156900001 2.0000002176499998 1.9999999312100001 1.99999995174 0.0009765625
2.0000002176499998 2.00000021961 1.99999993068 1.99999995121 0.0009765625
2.00000021961 2.0000002215700001 1.99999993015 1.9999999506799999 0.0009765625
2.0000002215700001 2.0000002235299998 1.9999999296199999 1.9999999501500001 0.0009765625
2.0000002235299998 2.00000022549 1.9999999290899999 1.9999999496200001 0.0009765625
2.00000022549 2.0000002274500002 1.9999999285600001 1.99999994909 0.0009765625
2.0000002274500002 2.0000002294099999 1.99999992803 1.99999994856 0.0009765625
2.0000002294099999 2.00000023137 1.9999999275 1.9999999480299999 0.0009765625
2.00000023137 2.0000002333300002 1.99999992697 1.9999999475000001 0.0009765625
2.0000002333300002 2.0000002352899999 1.9999999264399999 1.9999999469700001 0.0009765625
2.0000002352899999 2.0000002372500001 1.9999999259100001 1.99999994644 0.0009765625
2.0000002372500001 2.0000002392199998 1.99999992538 1.99999994591 0.0009765625
2.0000002392199998 2.00000024118 1.99999992486 1.9999999453799999 0.0009765625
2.00000024118 2.0000002431400001 1.99999992433 1.9999999448600001 0.0009765625
2.0000002431400001 2.0000002450999999 1.9999999237999999 1.9999999443300001 0.0009765625
2.0000002450999999 2.00000024706 1.9999999232700001 1.9999999438 0.0009765625
2.00000024706 2.0000002490200002 1.99999992274 1.99999994327 0.0009765625
2.0000002490200002 2.0000002509799999 1.99999992221 1.9999999427399999 0.0009765625
2.0000002509799999 2.0000002529400001 1.99999992168 1.9999999422100001 0.0009765625
2.0000002529400001 2.0000002549000002 1.9999999211499999 1.9999999416800001 0.0009765625
2.0000002549000002 2.0000002568599999 1.9999999206200001 1.99999994115 0.0009765625
2.0000002568599999 2.0000002588200001 1.99999992009 1.99999994062 0.0009765625
2.0000002588200001 2.0000002607799998 1.99999991956 1.9999999400899999 0.0009765625
2.0000002607799998 2.00000026275 1.99999991903 1.9999999395600001 0.0009765625
2.00000026275 2.0000002647100001 1.9999999184999999 1.9999999390300001 0.0009765625
2.0000002647100001 2.0000002666699999 1.9999999179700001 1.9999999385 0.0009765625
2.0000002666699999 2.00000026863 1.9999999174400001 1.99999993797 0.0009765625
2.00000026863 2.0000002705900002 1.99999991691 1.9999999374399999 0.0009765625
2.0000002705900002 2.0000002725499999 1.99999991638 1.9999999369100001 0.0009765625
2.0000002725499999 2.0000002745100001 1.9999999158499999 1.9999999363800001 0.0009765625
2.0000002745100001 2.0000002764699998 1.9999999153200001 1.99999993585 0.0009765625
2.0000002764699998 2.0000002784299999 1.9999999147900001 1.99999993532 0.0009765625
2.0000002784299999 2.0000002803900001 1.99999991426 1.9999999347899999 0.0009765625
2.0000002803900001 2.0000002823499998 1.99999991373 1.9999999342599999 0.0009765625
2.0000002823499998 2.00000028431 1.9999999131999999 1.9999999337300001 0.0009765625
2.00000028431 2.0000002862700001 1.9999999126700001 1.9999999332 0.0009765625
2.0000002862700001 2.0000002882399999 1.9999999121400001 1.99999993267 0.0009765625
2.0000002882399999 2.0000002902 1.99999991161 1.9999999321399999 0.0009765625
2.0000002902 2.0000002921600002 1.99999991109 1.9999999316099999 0.0009765625
2.0000002921600002 2.0000002941199999 1.9999999105599999 1.9999999310900001 0.0009765625
2.0000002941199999 2.0000002960800001 1.9999999100300001 1.99999993056 0.0009765625
2.0000002960800001 2.0000002980399998 1.9999999095000001 1.99999993003 0.0009765625
2.0000002980399998 2.0000003 1.99999990897 1.9999999294999999 0.0009765625
2.0000003 2.0000003019600001 1.99999990844 1.9999999289699999 0.0009765625
2.0000003019600001 2.0000003039199998 1.9999999079099999 1.9999999284400001 0.0009765625
2.0000003039199998 2.00000030588 1.9999999073800001 1.99999992791 0.0009765625
2.00000030588 2.0000003078400002 1.9999999068500001 1.99999992738 0.0009765625
2.0000003078400002 2.0000003097999999 1.99999990632 1.9999999268499999 0.0009765625
2.0000003097999999 2.00000031176 1.99999990579 1.9999999263199999 0.0009765625
2.00000031176 2.0000003137300002 1.9999999052599999 1.9999999257900001 0.0009765625
2.0000003137300002 2.0000003156899999 1.9999999047300001 1.99999992526 0.0009765625
2.0000003156899999 2.0000003176500001 1.9999999042000001 1.99999992473 0.0009765625
2.0000003176500001 2.0000003196099998 1.99999990367 1.9999999241999999 0.0009765625
2.0000003196099998 2.00000032157 1.99999990314 1.9999999236699999 0.0009765625
2.00000032157 2.0000003235300001 1.9999999026099999 1.9999999231400001 0.0009765625
2.0000003235300001 2.0000003254899998 1.9999999020799999 1.99999992261 0.0009765625
2.0000003254899998 2.00000032745 1.9999999015500001 1.99999992208 0.0009765625
2.00000032745 2.0000003294100002 1.99999990102 1.9999999215499999 0.0009765625
2.0000003294100002 2.0000003313699999 1.99999990049 1.9999999210199999 0.0009765625
2.0000003313699999 2.00000033333 1.9999998999599999 1.9999999204900001 0.0009765625
2.00000033333 2.0000003352900002 1.9999998994399999 1.99999991997 0.0009765625
2.0000003352900002 2.0000003372499999 1.9999998989000001 1.99999991943 0.0009765625
2.0000003372499999 2.0000003392200001 1.99999989837 1.9999999189 0.0009765625
2.0000003392200001 2.0000003411799998 1.99999989784 1.9999999183699999 0.0009765625
2.0000003411799998 2.00000034314 1.9999998973199999 1.9999999178400001 0.0009765625
2.00000034314 2.0000003451000001 1.9999998967899999 1.99999991732 0.0009765625
2.0000003451000001 2.0000003470599999 1.9999998962600001 1.99999991679 0.0009765625
2.0000003470599999 2.00000034902 1.99999989573 1.99999991626 0.0009765625
2.00000034902 2.0000003509800002 1.9999998952 1.9999999157299999 0.0009765625
2.0000003509800002 2.0000003529399999 1.9999998946699999 1.9999999152000001 0.0009765625
2.0000003529399999 2.0000003549000001 1.9999998941399999 1.99999991467 0.0009765625
2.0000003549000001 2.0000003568600002 1.9999998936100001 1.99999991414 0.0009765625
2.0000003568600002 2.0000003588199999 1.99999989308 1.99999991361 0.0009765625
2.0000003588199999 2.0000003607800001 1.99999989255 1.9999999130799999 0.0009765625
2.0000003607800001 2.0000003627499998 1.9999998920199999 1.9999999125500001 0.0009765625
2.0000003627499998 2.00000036471 1.9999998914899999 1.99999991202 0.0009765625
2.00000036471 2.0000003666700001 1.9999998909600001 1.99999991149 0.0009765625
2.0000003666700001 2.0000003686299999 1.99999989043 1.99999991096 0.0009765625
2.0000003686299999 2.00000037059 1.9999998899 1.9999999104299999 0.0009765625
2.00000037059 2.0000003725500002 1.99999988937 1.9999999099000001 0.0009765625
2.0000003725500002 2.0000003745099999 1.9999998888399999 1.9999999093700001 0.0009765625
2.0000003745099999 2.0000003764700001 1.9999998883100001 1.99999990884 0.0009765625
2.0000003764700001 2.0000003784299998 1.99999988778 1.99999990831 0.0009765625
2.0000003784299998 2.0000003803899999 1.99999988725 1.9999999077799999 0.0009765625
2.0000003803899999 2.0000003823500001 1.99999988672 1.9999999072500001 0.0009765625
2.0000003823500001 2.0000003843099998 1.9999998861899999 1.9999999067200001 0.0009765625
2.0000003843099998 2.00000038627 1.9999998856600001 1.99999990619 0.0009765625
2.00000038627 2.0000003882400001 1.99999988513 1.99999990566 0.0009765625
2.0000003882400001 2.0000003901999999 1.9999998846 1.9999999051299999 0.0009765625
2.0000003901999999 2.00000039216 1.99999988407 1.9999999046000001 0.0009765625
2.00000039216 2.0000003941200002 1.9999998835499999 1.9999999040700001 0.0009765625
2.0000003941200002 2.0000003960799999 1.9999998830200001 1.99999990355 0.0009765625
2.0000003960799999 2.0000003980400001 1.99999988249 1.99999990302 0.0009765625
2.0000003980400001 2.0000003999999998 1.99999988196 1.9999999024899999 0.0009765625
2.0000003999999998 2.0000004039200001 1.9999998808999999 1.9999999019600001 0.0009765625
2.0000004039200001 2.00000040784 1.99999987984 1.9999999009 0.0009765625
2.00000040784 2.0000004117599999 1.99999987878 1.9999998998399999 0.0009765625
2.0000004117599999 2.0000004156900002 1.9999998777200001 1.9999998987800001 0.0009765625
2.0000004156900002 2.0000004196100001 1.99999987666 1.99999989772 0.0009765625
2.0000004196100001 2.00000042353 1.9999998755999999 1.9999998966600001 0.0009765625
2.00000042353 2.0000004274499998 1.9999998745400001 1.9999998956 0.0009765625
2.0000004274499998 2.0000004313700002 1.99999987348 1.9999998945399999 0.0009765625
2.0000004313700002 2.00000043529 1.9999998724200001 1.9999998934800001 0.0009765625
2.00000043529 2.0000004392199999 1.99999987136 1.99999989242 0.0009765625
2.0000004392199999 2.0000004431399998 1.9999998702999999 1.9999998913599999 0.0009765625
2.0000004431399998 2.0000004470600001 1.9999998692500001 1.9999998903 0.0009765625
2.0000004470600001 2.00000045098 1.99999986819 1.9999998892499999 0.0009765625
2.00000045098 2.0000004548999999 1.9999998671300001 1.9999998881900001 0.0009765625
2.0000004548999999 2.0000004588200002 1.99999986607 1.99999988713 0.0009765625
2.0000004588200002 2.0000004627500001 1.9999998650099999 1.9999998860699999 0.0009765625
2.0000004627500001 2.00000046667 1.9999998639500001 1.99999988501 0.0009765625
2.00000046667 2.0000004705899999 1.99999986289 1.9999998839499999 0.0009765625
2.0000004705899999 2.0000004745100002 1.9999998618299999 1.9999998828900001 0.0009765625
2.0000004745100002 2.0000004784300001 1.99999986077 1.99999988183 0.0009765625
2.0000004784300001 2.0000004823499999 1.9999998597099999 1.9999998807699999 0.0009765625
2.0000004823499999 2.0000004862699998 1.9999998586500001 1.99999987971 0.0009765625
2.0000004862699998 2.0000004902000001 1.99999985759 1.99999987865 0.0009765625
2.0000004902000001 2.00000049412 1.9999998565299999 1.9999998775900001 0.0009765625
2.00000049412 2.0000004980399999 1.99999985548 1.99999987653 0.0009765625
2.0000004980399999 2.0000005019599998 1.9999998544199999 1.9999998754799999 0.0009765625
2.0000005019599998 2.0000005058800001 1.9999998533600001 1.99999987442 0.0009765625
2.0000005058800001 2.0000005098 1.9999997623000001 1.9999999633600001 0.0009765625
2.0000005098 2.0000005137299999 1.99999976124 1.9999999623 0.0009765625
2.0000005137299999 2.0000005176500002 1.9999997601799999 1.9999999612399999 0.0009765625
2.0000005176500002 2.0000005215700001 1.9999997591200001 1.99999996018 0.0009765625
2.0000005215700001 2.00000052549 1.99999975806 1.9999999591199999 0.0009765625
2.00000052549 2.0000005294099998 1.9999997570000001 1.9999999580600001 0.0009765625
2.0000005294099998 2.0000005333300002 1.99999975594 1.999999957 0.0009765625
2.0000005333300002 2.00000053725 1.9999997548899999 1.9999999559499999 0.0009765625
2.00000053725 2.0000005411799999 1.9999997538200001 1.99999995488 0.0009765625
2.0000005411799999 2.0000005450999998 1.99999975277 1.99999995382 0.0009765625
2.0000005450999998 2.0000005490200001 1.9999997517100001 1.9999999527700001 0.0009765625
2.0000005490200001 2.00000055294 1.99999975065 1.99999995171 0.0009765625
2.00000055294 2.0000005568599999 1.9999997495899999 1.9999999506499999 0.0009765625
2.0000005568599999 2.0000005607800002 1.9999997485300001 1.99999994959 0.0009765625
2.0000005607800002 2.0000005647100001 1.99999974747 1.99999994853 0.0009765625
2.0000005647100001 2.00000056863 1.9999997464099999 1.9999999474700001 0.0009765625
2.00000056863 2.0000005725499999 1.99999974535 1.99999994641 0.0009765625
2.0000005725499999 2.0000005764700002 1.9999997442899999 1.9999999453499999 0.0009765625
2.0000005764700002 2.0000005803900001 1.9999997432300001 1.9999999442900001 0.0009765625
2.0000005803900001 2.0000005843099999 1.99999974217 1.99999994323 0.0009765625
2.0000005843099999 2.0000005882399998 1.9999997411099999 1.9999999421700001 0.0009765625
2.0000005882399998 2.0000005921600001 1.99999974005 1.99999994111 0.0009765625
2.0000005921600001 2.00000059608 1.9999997389999999 1.9999999400499999 0.0009765625
2.00000059608 2.0000005999999999 1.9999997379400001 1.9999999390000001 0.0009765625
2.0000005999999999 2.0000006039199998 1.99999973688 1.99999993794 0.0009765625
2.0000006039199998 2.0000006078400001 1.9999997358199999 1.9999999368800001 0.0009765625
2.0000006078400001 2.00000061176 1.99999973476 1.99999993582 0.0009765625
2.00000061176 2.0000006156899999 1.9999997336999999 1.9999999347599999 0.0009765625
2.0000006156899999 2.0000006196100002 1.9999997326400001 1.9999999337000001 0.0009765625
2.0000006196100002 2.0000006235300001 1.99999973158 1.99999993264 0.0009765625
2.0000006235300001 2.00000062745 1.9999997305199999 1.9999999315799999 0.0009765625
2.00000062745 2.0000006313699998 1.99999972946 1.99999993052 0.0009765625
2.0000006313699998 2.0000006352900002 1.9999997284 1.9999999294599999 0.0009765625
2.0000006352900002 2.00000063922 1.9999997273400001 1.9999999284000001 0.0009765625
2.00000063922 2.0000006431399999 1.99999972628 1.99999992734 0.0009765625
2.0000006431399999 2.0000006470599998 1.9999997252299999 1.9999999262799999 0.0009765625
2.0000006470599998 2.0000006509800001 1.99999972417 1.99999992523 0.0009765625
2.0000006509800001 2.0000006549 1.99999972311 1.9999999241699999 0.0009765625
2.0000006549 2.0000006588199999 1.9999997220500001 1.9999999231100001 0.0009765625
2.0000006588199999 2.0000006627500002 1.99999972099 1.99999992205 0.0009765625
2.0000006627500002 2.0000006666700001 1.9999997199299999 1.9999999209899999 0.0009765625
2.0000006666700001 2.00000067059 1.9999997188700001 1.99999991993 0.0009765625
2.00000067059 2.0000006745099999 1.99999971781 1.9999999188699999 0.0009765625
2.0000006745099999 2.0000006784300002 1.9999997167500001 1.9999999178100001 0.0009765625
2.0000006784300002 2.0000006823500001 1.99999971569 1.99999991675 0.0009765625
2.0000006823500001 2.0000006862699999 1.9999997146299999 1.9999999156899999 0.0009765625
2.0000006862699999 2.0000006901999998 1.9999997135700001 1.99999991463 0.0009765625
2.0000006901999998 2.0000006941200001 1.99999971251 1.99999991357 0.0009765625
2.0000006941200001 2.00000069804 1.9999997114600001 1.9999999125100001 0.0009765625
2.00000069804 2.0000007019599999 1.9999997104 1.99999991146 0.0009765625
2.0000007019599999 2.0000007058799998 1.9999997093399999 1.9999999103999999 0.0009765625
2.0000007058799998 2.0000007098000001 1.9999997082800001 1.99999990934 0.0009765625
2.0000007098000001 2.00000071373 1.99999970722 1.99999990828 0.0009765625
2.00000071373 2.0000007176499999 1.9999997061599999 1.9999999072200001 0.0009765625
2.0000007176499999 2.0000007215700002 1.9999997051 1.99999990616 0.0009765625
2.0000007215700002 2.0000007254900001 1.9999997040399999 1.9999999050999999 0.0009765625
2.0000007254900001 2.00000072941 1.9999997029800001 1.9999999040400001 0.0009765625
2.00000072941 2.0000007333299998 1.99999970192 1.99999990298 0.0009765625
2.0000007333299998 2.0000007372500002 1.9999997008599999 1.9999999019200001 0.0009765625
2.0000007372500002 2.00000074118 1.9999996998 1.99999990086 0.0009765625
2.00000074118 2.0000007450999999 1.9999996987399999 1.9999998997999999 0.0009765625
2.0000007450999999 2.0000007490199998 1.9999996976900001 1.9999998987400001 0.0009765625
2.0000007490199998 2.0000007529400001 1.99999969663 1.99999989769 0.0009765625
2.0000007529400001 2.00000075686 1.9999996955699999 1.9999998966300001 0.0009765625
2.00000075686 2.0000007607799999 1.99999969451 1.99999989557 0.0009765625
2.0000007607799999 2.0000007647100002 1.9999996934499999 1.9999998945099999 0.0009765625
2.0000007647100002 2.0000007686300001 1.9999996923900001 1.9999998934500001 0.0009765625
2.0000007686300001 2.00000077255 1.99999969133 1.99999989239 0.0009765625
2.00000077255 2.0000007764699999 1.9999996902699999 1.9999998913299999 0.0009765625
2.0000007764699999 2.0000007803900002 1.99999968921 1.99999989027 0.0009765625
2.0000007803900002 2.0000007843100001 1.99999968815 1.9999998892099999 0.0009765625
2.0000007843100001 2.0000007882399999 1.9999996870900001 1.9999998881500001 0.0009765625
2.0000007882399999 2.0000007921599998 1.99999968603 1.99999988709 0.0009765625
2.0000007921599998 2.0000007960800001 1.9999996849699999 1.9999998860299999 0.0009765625
2.0000007960800001 2.0000008 1.99999968392 1.99999988497 0.0009765625
2.0000008 2.0000008078399998 1.9999996818000001 1.9999998839199999 0.0009765625
2.0000008078399998 2.00000081569 1.9999996796799999 1.9999998818 0.0009765625
2.00000081569 2.0000008235300002 1.99999967756 1.99999987968 0.0009765625
2.0000008235300002 2.00000083137 1.99999967544 1.9999998775600001 0.0009765625
2.00000083137 2.0000008392200002 1.9999996733200001 1.9999998754399999 0.0009765625
2.0000008392200002 2.0000008470599999 1.9999996712000001 1.99999987332 0.0009765625
2.0000008470599999 2.0000008549000001 1.9999996690899999 1.9999998712 0.0009765625
2.0000008549000001 2.0000008627499999 1.99999966697 1.99999986909 0.0009765625
2.0000008627499999 2.0000008705900001 1.99999966485 1.9999998669700001 0.0009765625
2.0000008705900001 2.0000008784299999 1.9999996627300001 1.9999998648499999 0.0009765625
2.0000008784299999 2.0000008862700001 1.9999996606099999 1.99999986273 0.0009765625
2.0000008862700001 2.0000008941199998 1.9999996584899999 1.99999986061 0.0009765625
2.0000008941199998 2.00000090196 1.99999965638 1.9999998584900001 0.0009765625
2.00000090196 2.0000009097999998 1.99999965426 1.9999998563800001 0.0009765625
2.0000009097999998 2.00000091765 1.9999996521400001 1.9999998542599999 0.0009765625
2.00000091765 2.0000009254900002 1.9999996500199999 1.99999985214 0.0009765625
2.0000009254900002 2.00000093333 1.9999996479 1.99999985002 0.0009765625
2.00000093333 2.0000009411800002 1.99999964578 1.9999998479000001 0.0009765625
2.0000009411800002 2.0000009490199999 1.99999964366 1.9999998457799999 0.0009765625
2.0000009490199999 2.0000009568600001 1.9999996415500001 1.9999998436599999 0.0009765625
2.0000009568600001 2.0000009647099999 1.9999996394299999 1.99999984155 0.0009765625
2.0000009647099999 2.0000009725500001 1.99999963731 1.99999983943 0.0009765625
2.0000009725500001 2.0000009803899998 1.99999963519 1.9999998373100001 0.0009765625
2.0000009803899998 2.0000009882400001 1.9999996330700001 1.9999998351899999 0.0009765625
2.0000009882400001 2.0000009960799998 1.9999996309500001 1.99999983307 0.0009765625
2.0000009960799998 2.00000100392 1.9999996288399999 1.99999983095 0.0009765625
2.00000100392 2.0000010117599998 1.99999962672 1.99999982884 0.0009765625
2.0000010117599998 2.00000101961 1.9999996246 1.9999998267200001 0.0009765625
2.00000101961 2.0000010274500002 1.9999996224800001 1.9999998245999999 0.0009765625
2.0000010274500002 2.00000103529 1.9999996203599999 1.99999982248 0.0009765625
2.00000103529 2.0000010431400002 1.9999996182399999 1.99999982036 0.0009765625
2.0000010431400002 2.0000010509799999 1.99999961612 1.9999998182400001 0.0009765625
2.0000010509799999 2.0000010588200001 1.99999961401 1.9999998161200001 0.0009765625
2.0000010588200001 2.0000010666699999 1.9999996118900001 1.9999998140099999 0.0009765625
2.0000010666699999 2.0000010745100001 1.9999996097699999 1.99999981189 0.0009765625
2.0000010745100001 2.0000010823499998 1.99999960765 1.99999980977 0.0009765625
2.0000010823499998 2.0000010902000001 1.99999960553 1.9999998076500001 0.0009765625
2.0000010902000001 2.0000010980399998 1.99999960341 1.9999998055299999 0.0009765625
2.0000010980399998 2.00000110588 1.9999996013000001 1.9999998034099999 0.0009765625
2.00000110588 2.0000011137299998 1.9999995991799999 1.9999998013 0.0009765625
2.0000011137299998 2.00000112157 1.99999959706 1.99999979918 0.0009765625
2.00000112157 2.0000011294100002 1.99999959494 1.9999997970600001 0.0009765625
2.0000011294100002 2.0000011372499999 1.9999995928200001 1.9999997949399999 0.0009765625
2.0000011372499999 2.0000011451000002 1.9999995907000001 1.99999979282 0.0009765625
2.0000011451000002 2.0000011529399999 1.9999995885899999 1.9999997907 0.0009765625
2.0000011529399999 2.0000011607800001 1.99999958647 1.99999978859 0.0009765625
2.0000011607800001 2.0000011686299999 1.99999958435 1.9999997864700001 0.0009765625
2.0000011686299999 2.0000011764700001 1.9999995822300001 1.9999997843499999 0.0009765625
2.0000011764700001 2.0000011843099998 1.9999995801099999 1.99999978223 0.0009765625
2.0000011843099998 2.0000011921600001 1.9999995779899999 1.99999978011 0.0009765625
2.0000011921600001 2.0000011999999998 1.99999957587 1.9999997779900001 0.0009765625
2.0000011999999998 2.00000120784 1.99999957376 1.9999997758700001 0.0009765625
2.00000120784 2.0000012156899998 1.9999995716400001 1.9999997737599999 0.0009765625
2.0000012156899998 2.00000122353 1.9999995695199999 1.99999977164 0.0009765625
2.00000122353 2.0000012313700002 1.9999995674 1.99999976952 0.0009765625
2.0000012313700002 2.0000012392199999 1.99999956528 1.9999997674000001 0.0009765625
2.0000012392199999 2.0000012470600002 1.99999956316 1.9999997652799999 0.0009765625
2.0000012470600002 2.0000012548999999 1.9999995610500001 1.9999997631599999 0.0009765625
2.0000012548999999 2.0000012627500001 1.9999995589299999 1.99999976105 0.0009765625
2.0000012627500001 2.0000012705899999 1.99999955681 1.99999975893 0.0009765625
2.0000012705899999 2.0000012784300001 1.99999955469 1.9999997568100001 0.0009765625
2.0000012784300001 2.0000012862699998 1.9999995525700001 1.9999997546899999 0.0009765625
2.0000012862699998 2.0000012941200001 1.9999995504500001 1.99999975257 0.0009765625
2.0000012941200001 2.0000013019599998 1.9999995483299999 1.99999975045 0.0009765625
2.0000013019599998 2.0000013098 1.99999954622 1.99999974833 0.0009765625
2.0000013098 2.0000013176500002 1.9999995441 1.9999997462200001 0.0009765625
2.0000013176500002 2.00000132549 1.9999995419800001 1.9999997440999999 0.0009765625
2.00000132549 2.0000013333300002 1.9999995398599999 1.99999974198 0.0009765625
2.0000013333300002 2.0000013411799999 1.9999995377499999 1.99999973986 0.0009765625
2.0000013411799999 2.0000013490200002 1.99999953562 1.9999997377400001 0.0009765625
2.0000013490200002 2.0000013568599999 1.99999953351 1.9999997356200001 0.0009765625
2.0000013568599999 2.0000013647100001 1.9999995313900001 1.9999997335099999 0.0009765625
2.0000013647100001 2.0000013725499999 1.9999995292699999 1.99999973139 0.0009765625
2.0000013725499999 2.0000013803900001 1.99999952715 1.99999972927 0.0009765625
2.0000013803900001 2.0000013882399998 1.99999952503 1.9999997271500001 0.0009765625
2.0000013882399998 2.00000139608 1.99999952291 1.9999997250299999 0.0009765625
2.00000139608 2.0000014039199998 1.9999995207900001 1.9999997229099999 0.0009765625
2.0000014039199998 2.00000141176 1.9999995186799999 1.99999972079 0.0009765625
2.00000141176 2.0000014196100002 1.99999951656 1.99999971868 0.0009765625
2.0000014196100002 2.00000142745 1.99999951444 1.9999997165600001 0.0009765625
2.00000142745 2.0000014352900002 1.9999995123200001 1.9999997144399999 0.0009765625
2.0000014352900002 2.0000014431399999 1.9999995102000001 1.99999971232 0.0009765625
2.0000014431399999 2.0000014509800002 1.9999995080799999 1.9999997102 0.0009765625
2.0000014509800002 2.0000014588199999 1.99999950597 1.99999970808 0.0009765625
2.0000014588199999 2.0000014666700001 1.99999950385 1.9999997059700001 0.0009765625
2.0000014666700001 2.0000014745099999 1.9999995017300001 1.9999997038499999 0.0009765625
2.0000014745099999 2.0000014823500001 1.9999994996099999 1.99999970173 0.0009765625
2.0000014823500001 2.0000014901999998 1.9999994974899999 1.99999969961 0.0009765625
2.0000014901999998 2.00000149804 1.99999949537 1.9999996974900001 0.0009765625
2.00000149804 2.0000015058799998 1.99999949325 1.9999996953700001 0.0009765625
2.0000015058799998 2.00000151373 1.9999994911400001 1.9999996932499999 0.0009765625
2.00000151373 2.0000015215700002 1.9999994890199999 1.99999969114 0.0009765625
2.0000015215700002 2.00000152941 1.9999994869 1.99999968902 0.0009765625
2.00000152941 2.0000015372500002 1.99999948478 1.9999996869000001 0.0009765625
2.0000015372500002 2.0000015450999999 1.99999948266 1.9999996847799999 0.0009765625
2.0000015450999999 2.0000015529400001 1.9999994805400001 1.9999996826599999 0.0009765625
2.0000015529400001 2.0000015607799999 1.9999994784299999 1.99999968054 0.0009765625
2.0000015607799999 2.0000015686300001 1.99999947631 1.99999967843 0.0009765625
2.0000015686300001 2.0000015764699999 1.99999947419 1.9999996763100001 0.0009765625
2.0000015764699999 2.0000015843100001 1.9999994720700001 1.9999996741899999 0.0009765625
2.0000015843100001 2.0000015921599998 1.9999994699500001 1.99999967207 0.0009765625
2.0000015921599998 2.0000016 1.9999994678299999 1.99999966995 0.0009765625
2.0000016 2.00000161569 1.9999994636 1.9999996678400001 0.0009765625
2.00000161569 2.00000163137 1.9999994593599999 1.9999996635999999 0.0009765625
2.00000163137 2.0000016470599999 1.99999945512 1.99999965936 0.0009765625
2.0000016470599999 2.0000016627499999 1.9999994508900001 1.9999996551200001 0.0009765625
2.0000016627499999 2.0000016784299999 1.99999944665 1.99999965089 0.0009765625
2.0000016784299999 2.0000016941199998 1.9999994424100001 1.9999996466500001 0.0009765625
2.0000016941199998 2.0000017097999998 1.9999994381799999 1.9999996424099999 0.0009765625
2.0000017097999998 2.0000017254900002 1.99999943394 1.99999963818 0.0009765625
2.0000017254900002 2.0000017411800002 1.9999994297000001 1.9999996339399999 0.0009765625
2.0000017411800002 2.0000017568600001 1.99999942546 1.9999996297 0.0009765625
2.0000017568600001 2.0000017725500001 1.9999994212300001 1.9999996254600001 0.0009765625
2.0000017725500001 2.0000017882400001 1.9999994169899999 1.99999962123 0.0009765625
2.0000017882400001 2.00000180392 1.99999941275 1.9999996169900001 0.0009765625
2.00000180392 2.00000181961 1.9999994085199999 1.9999996127499999 0.0009765625
2.00000181961 2.00000183529 1.99999940428 1.99999960852 0.0009765625
2.00000183529 2.0000018509799999 1.9999994000400001 1.9999996042799999 0.0009765625
2.0000018509799999 2.0000018666699999 1.99999939581 1.99999960004 0.0009765625
2.0000018666699999 2.0000018823499999 1.9999993915700001 1.9999995958100001 0.0009765625
2.0000018823499999 2.0000018980399998 1.9999993873299999 1.99999959157 0.0009765625
2.0000018980399998 2.0000019137299998 1.9999993831 1.9999995873300001 0.0009765625
2.0000019137299998 2.0000019294100002 1.9999993788599999 1.9999995830999999 0.0009765625
2.0000019294100002 2.0000019451000002 1.99999937462 1.99999957886 0.0009765625
2.0000019451000002 2.0000019607800001 1.9999993703800001 1.9999995746200001 0.0009765625
2.0000019607800001 2.0000019764700001 1.99999936615 1.99999957038 0.0009765625
2.0000019764700001 2.0000019921600001 1.9999993619100001 1.9999995661500001 0.0009765625
2.0000019921600001 2.00000200784 1.9999993576699999 1.9999995619099999 0.0009765625
2.00000200784 2.00000202353 1.99999935344 1.99999955767 0.0009765625
2.00000202353 2.00000203922 1.9999993492000001 1.9999995534399999 0.0009765625
2.00000203922 2.0000020548999999 1.99999934496 1.9999995492 0.0009765625
2.0000020548999999 2.0000020705899999 1.9999993407300001 1.9999995449600001 0.0009765625
2.0000020705899999 2.0000020862699999 1.9999993364899999 1.99999954073 0.0009765625
2.0000020862699999 2.0000021019599998 1.99999933225 1.9999995364900001 0.0009765625
2.0000021019599998 2.0000021176499998 1.9999993280199999 1.9999995322499999 0.0009765625
2.0000021176499998 2.0000021333300002 1.99999932378 1.99999952802 0.0009765625
2.0000021333300002 2.0000021490200002 1.9999993195400001 1.9999995237799999 0.0009765625
2.0000021490200002 2.0000021647100001 1.99999931531 1.99999951954 0.0009765625
2.0000021647100001 2.0000021803900001 1.9999993110700001 1.9999995153100001 0.0009765625
2.0000021803900001 2.0000021960800001 1.9999993068299999 1.99999951107 0.0009765625
2.0000021960800001 2.00000221176 1.99999930259 1.9999995068300001 0.0009765625
2.00000221176 2.00000222745 1.9999992983599999 1.9999995025899999 0.0009765625
2.00000222745 2.00000224314 1.99999929412 1.99999949836 0.0009765625
2.00000224314 2.0000022588199999 1.9999992898800001 1.9999994941200001 0.0009765625
2.0000022588199999 2.0000022745099999 1.99999928565 1.99999948988 0.0009765625
2.0000022745099999 2.0000022901999999 1.9999992814100001 1.9999994856500001 0.0009765625
2.0000022901999999 2.0000023058799998 1.9999992771699999 1.9999994814099999 0.0009765625
2.0000023058799998 2.0000023215699998 1.99999927294 1.99999947717 0.0009765625
2.0000023215699998 2.0000023372500002 1.9999992687000001 1.9999994729399999 0.0009765625
2.0000023372500002 2.0000023529400002 1.99999926446 1.9999994687 0.0009765625
2.0000023529400002 2.0000023686300001 1.9999992602300001 1.9999994644600001 0.0009765625
2.0000023686300001 2.0000023843100001 1.9999992559899999 1.99999946023 0.0009765625
2.0000023843100001 2.0000024000000001 1.99999925175 1.9999994559900001 0.0009765625
2.0000024000000001 2.00000241569 1.9999992475099999 1.9999994517499999 0.0009765625
2.00000241569 2.00000243137 1.99999924328 1.99999944751 0.0009765625
2.00000243137 2.00000244706 1.9999992390400001 1.9999994432799999 0.0009765625
2.00000244706 2.0000024627499999 1.9999992348 1.99999943904 0.0009765625
2.0000024627499999 2.0000024784299999 1.9999992305700001 1.9999994348000001 0.0009765625
2.0000024784299999 2.0000024941199999 1.9999992263299999 1.99999943057 0.0009765625
2.0000024941199999 2.0000025097999998 1.99999922209 1.9999994263300001 0.0009765625
2.0000025097999998 2.0000025254899998 1.9999992178599999 1.9999994220899999 0.0009765625
2.0000025254899998 2.0000025411800002 1.99999921362 1.99999941786 0.0009765625
2.0000025411800002 2.0000025568600002 1.9999992093800001 1.9999994136200001 0.0009765625
2.0000025568600002 2.0000025725500001 1.99999920515 1.99999940938 0.0009765625
2.0000025725500001 2.0000025882400001 1.9999992009100001 1.9999994051500001 0.0009765625
2.0000025882400001 2.0000026039200001 1.9999991966699999 1.9999994009099999 0.0009765625
2.0000026039200001 2.00000261961 1.99999919244 1.99999939667 0.0009765625
2.00000261961 2.00000263529 1.9999991882000001 1.9999993924399999 0.0009765625
2.00000263529 2.00000265098 1.99999918396 1.9999993882 0.0009765625
2.00000265098 2.0000026666699999 1.9999991797200001 1.9999993839600001 0.0009765625
2.0000026666699999 2.0000026823499999 1.9999991754899999 1.99999937973 0.0009765625
2.0000026823499999 2.0000026980399999 1.99999917125 1.9999993754900001 0.0009765625
2.0000026980399999 2.0000027137299998 1.9999991670099999 1.9999993712499999 0.0009765625
2.0000027137299998 2.0000027294099998 1.99999916278 1.99999936701 0.0009765625
2.0000027294099998 2.0000027451000002 1.9999991585400001 1.9999993627799999 0.0009765625
2.0000027451000002 2.0000027607800002 1.9999991543 1.99999935854 0.0009765625
2.0000027607800002 2.0000027764700001 1.9999991500700001 1.9999993543000001 0.0009765625
2.0000027764700001 2.0000027921600001 1.9999991458299999 1.99999935007 0.0009765625
2.0000027921600001 2.0000028078400001 1.99999914159 1.9999993458300001 0.0009765625
2.0000028078400001 2.00000282353 1.9999991373599999 1.9999993415899999 0.0009765625
2.00000282353 2.00000283922 1.99999913312 1.99999933736 0.0009765625
2.00000283922 2.0000028549 1.9999991288800001 1.9999993331199999 0.0009765625
2.0000028549 2.0000028705899999 1.99999912464 1.99999932888 0.0009765625
2.0000028705899999 2.0000028862699999 1.9999991204100001 1.9999993246400001 0.0009765625
2.0000028862699999 2.0000029019599999 1.9999991161699999 1.9999993204099999 0.0009765625
2.0000029019599999 2.0000029176499998 1.99999911193 1.99999931617 0.0009765625
2.0000029176499998 2.0000029333299998 1.9999991076999999 1.9999993119299999 0.0009765625
2.0000029333299998 2.0000029490200002 1.99999910346 1.9999993077 0.0009765625
2.0000029490200002 2.0000029647100002 1.9999990992200001 1.9999993034600001 0.0009765625
2.0000029647100002 2.0000029803900001 1.9999990949899999 1.99999929922 0.0009765625
2.0000029803900001 2.0000029960800001 1.99999909075 1.9999992949900001 0.0009765625
2.0000029960800001 2.0000030117600001 1.9999990865099999 1.9999992907499999 0.0009765625
2.0000030117600001 2.00000302745 1.99999908228 1.99999928651 0.0009765625
2.00000302745 2.00000304314 1.9999990780400001 1.9999992822799999 0.0009765625
2.00000304314 2.00000305882 1.9999990738 1.99999927804 0.0009765625
2.00000305882 2.0000030745099999 1.9999990695700001 1.9999992738000001 0.0009765625
2.0000030745099999 2.0000030901999999 1.9999990653299999 1.99999926957 0.0009765625
2.0000030901999999 2.0000031058799999 1.99999906109 1.9999992653300001 0.0009765625
2.0000031058799999 2.0000031215699998 1.9999990568499999 1.9999992610899999 0.0009765625
2.0000031215699998 2.0000031372499998 1.99999905262 1.99999925685 0.0009765625
2.0000031372499998 2.0000031529400002 1.9999990483800001 1.9999992526199999 0.0009765625
2.0000031529400002 2.0000031686300002 1.99999904414 1.99999924838 0.0009765625
2.0000031686300002 2.0000031843100001 1.9999990399100001 1.9999992441400001 0.0009765625
2.0000031843100001 2.0000032000000001 1.9999990356699999 1.9999992399099999 0.0009765625
2.0000032000000001 2.00000323137 1.9999990271999999 1.99999923567 0.0009765625
2.00000323137 2.00000326275 1.9999990187200001 1.9999992272 0.0009765625
2.00000326275 2.0000032941199999 1.99999901025 1.99999921872 0.0009765625
2.0000032941199999 2.0000033254899998 1.99999900178 1.9999992102499999 0.0009765625
2.0000033254899998 2.0000033568600002 1.9999989933 1.9999992017799999 0.0009765625
2.0000033568600002 2.0000033882400001 1.9999989848299999 1.9999991933000001 0.0009765625
2.0000033882400001 2.0000034196100001 1.9999989763499999 1.9999991848300001 0.0009765625
2.0000034196100001 2.00000345098 1.9999989678800001 1.99999917635 0.0009765625
2.00000345098 2.0000034823499999 1.9999989594100001 1.99999916788 0.0009765625
2.0000034823499999 2.0000035137299998 1.99999895093 1.9999991594099999 0.0009765625
2.0000035137299998 2.0000035450999998 1.99999894246 1.9999991509299999 0.0009765625
2.0000035450999998 2.0000035764700002 1.9999989339899999 1.9999991424600001 0.0009765625
2.0000035764700002 2.0000036078400001 1.9999989255099999 1.9999991339900001 0.0009765625
2.0000036078400001 2.00000363922 1.9999989170400001 1.99999912551 0.0009765625
2.00000363922 2.0000036705899999 1.9999989085600001 1.99999911704 0.0009765625
2.0000036705899999 2.0000037019599999 1.99999890009 1.99999910856 0.0009765625
2.0000037019599999 2.0000037333299998 1.99999889162 1.9999991000899999 0.0009765625
2.0000037333299998 2.0000037647100002 1.99999888314 1.9999990916199999 0.0009765625
2.0000037647100002 2.0000037960800001 1.9999988746699999 1.9999990831400001 0.0009765625
2.0000037960800001 2.00000382745 1.9999988661899999 1.99999907467 0.0009765625
2.00000382745 2.00000385882 1.9999988577200001 1.99999906619 0.0009765625
2.00000385882 2.0000038901999999 1.99999884925 1.99999905772 0.0009765625
2.0000038901999999 2.0000039215699998 1.99999884077 1.9999990492499999 0.0009765625
2.0000039215699998 2.0000039529400002 1.9999988323 1.9999990407699999 0.0009765625
2.0000039529400002 2.0000039843100001 1.9999988238299999 1.9999990323000001 0.0009765625
2.0000039843100001 2.0000040156900001 1.9999988153499999 1.9999990238300001 0.0009765625
2.0000040156900001 2.00000404706 1.9999988068800001 1.99999901535 0.0009765625
2.00000404706 2.0000040784299999 1.9999987984000001 1.99999900688 0.0009765625
2.0000040784299999 2.0000041097999999 1.99999878993 1.9999989983999999 0.0009765625
2.0000041097999999 2.0000041411799998 1.99999878146 1.9999989899299999 0.0009765625
2.0000041411799998 2.0000041725500002 1.99999877298 1.9999989814600001 0.0009765625
2.0000041725500002 2.0000042039200001 1.9999987645099999 1.9999989729800001 0.0009765625
2.0000042039200001 2.00000423529 1.9999987560400001 1.99999896451 0.0009765625
2.00000423529 2.00000426667 1.9999987475600001 1.99999895604 0.0009765625
2.00000426667 2.0000042980399999 1.99999873909 1.99999894756 0.0009765625
2.0000042980399999 2.0000043294099998 1.99999873061 1.9999989390899999 0.0009765625
2.0000043294099998 2.0000043607800002 1.99999872214 1.9999989306099999 0.0009765625
2.0000043607800002 2.0000043921600001 1.9999987136699999 1.9999989221400001 0.0009765625
2.0000043921600001 2.0000044235300001 1.9999987051899999 1.99999891367 0.0009765625
2.0000044235300001 2.0000044549 1.9999986967200001 1.99999890519 0.0009765625
2.0000044549 2.0000044862699999 1.99999868825 1.99999889672 0.0009765625
2.0000044862699999 2.0000045176499999 1.99999867977 1.9999988882499999 0.0009765625
2.0000045176499999 2.0000045490199998 1.9999986713 1.9999988797699999 0.0009765625
2.0000045490199998 2.0000045803900002 1.9999986628199999 1.9999988713000001 0.0009765625
2.0000045803900002 2.0000046117600001 1.9999986543499999 1.9999988628200001 0.0009765625
2.0000046117600001 2.00000464314 1.9999986458800001 1.99999885435 0.0009765625
2.00000464314 2.00000467451 1.9999986374000001 1.99999884588 0.0009765625
2.00000467451 2.0000047058799999 1.99999862893 1.9999988374 0.0009765625
2.0000047058799999 2.0000047372499998 1.99999862046 1.9999988289299999 0.0009765625
2.0000047372499998 2.0000047686300002 1.99999861198 1.9999988204600001 0.0009765625
2.0000047686300002 2.0000048000000001 1.9999986035099999 1.9999988119800001 0.0009765625
2.0000048000000001 2.0000048313700001 1.9999985950300001 1.99999880351 0.0009765625
2.0000048313700001 2.00000486275 1.9999985865600001 1.99999879503 0.0009765625
2.00000486275 2.0000048941199999 1.99999857809 1.99999878656 0.0009765625
2.0000048941199999 2.0000049254899999 1.99999856961 1.9999987780899999 0.0009765625
2.0000049254899999 2.0000049568599998 1.99999856114 1.9999987696099999 0.0009765625
2.0000049568599998 2.0000049882400002 1.9999985526699999 1.9999987611400001 0.0009765625
2.0000049882400002 2.0000050196100001 1.9999985441899999 1.99999875267 0.0009765625
2.0000050196100001 2.00000505098 1.99999763572 1.9999996441900001 0.0009765625
2.00000505098 2.00000508235 1.99999762724 1.9999996357200001 0.0009765625
2.00000508235 2.0000051137299999 1.9999976187699999 1.99999962724 0.0009765625
2.0000051137299999 2.0000051450999998 1.9999976102999999 1.99999961877 0.0009765625
2.0000051450999998 2.0000051764700002 1.9999976018200001 1.9999996103 0.0009765625
2.0000051764700002 2.0000052078400001 1.99999759335 1.9999996018199999 0.0009765625
2.0000052078400001 2.0000052392200001 1.99999758488 1.9999995933500001 0.0009765625
2.0000052392200001 2.00000527059 1.9999975764 1.9999995848800001 0.0009765625
2.00000527059 2.0000053019599999 1.9999975679299999 1.9999995764 0.0009765625
2.0000053019599999 2.0000053333299999 1.9999975594499999 1.99999956793 0.0009765625
2.0000053333299999 2.0000053647099998 1.9999975509800001 1.99999955946 0.0009765625
2.0000053647099998 2.0000053960800002 1.9999975425100001 1.9999995509799999 0.0009765625
2.0000053960800002 2.0000054274500001 1.99999753403 1.9999995425099999 0.0009765625
2.0000054274500001 2.00000545882 1.99999752556 1.9999995340300001 0.0009765625
2.00000545882 2.0000054902 1.99999751709 1.99999952556 0.0009765625
2.0000054902 2.0000055215699999 1.9999975086099999 1.99999951709 0.0009765625
2.0000055215699999 2.0000055529399998 1.9999975001400001 1.99999950861 0.0009765625
2.0000055529399998 2.0000055843100002 1.9999974916600001 1.9999995001399999 0.0009765625
2.0000055843100002 2.0000056156900001 1.99999748319 1.9999994916599999 0.0009765625
2.0000056156900001 2.0000056470600001 1.99999747472 1.9999994831900001 0.0009765625
2.0000056470600001 2.00000567843 1.99999746624 1.9999994747200001 0.0009765625
2.00000567843 2.0000057097999999 1.9999974577699999 1.99999946624 0.0009765625
2.0000057097999999 2.0000057411799999 1.9999974492999999 1.99999945777 0.0009765625
2.0000057411799999 2.0000057725499998 1.9999974408200001 1.9999994493 0.0009765625
2.0000057725499998 2.0000058039200002 1.99999743235 1.9999994408199999 0.0009765625
2.0000058039200002 2.0000058352900001 1.99999742387 1.9999994323500001 0.0009765625
2.0000058352900001 2.00000586667 1.9999974154 1.9999994238700001 0.0009765625
2.00000586667 2.00000589804 1.9999974069299999 1.9999994154 0.0009765625
2.00000589804 2.0000059294099999 1.9999973984499999 1.99999940693 0.0009765625
2.0000059294099999 2.0000059607799998 1.9999973899800001 1.99999939845 0.0009765625
2.0000059607799998 2.0000059921600002 1.9999973815100001 1.9999993899799999 0.0009765625
2.0000059921600002 2.0000060235300001 1.99999737303 1.9999993815099999 0.0009765625
2.0000060235300001 2.0000060549000001 1.99999736456 1.9999993730300001 0.0009765625
2.0000060549000001 2.00000608627 1.99999735608 1.99999936456 0.0009765625
2.00000608627 2.0000061176499999 1.9999973476099999 1.99999935608 0.0009765625
2.0000061176499999 2.0000061490199998 1.9999973391400001 1.99999934761 0.0009765625
2.0000061490199998 2.0000061803900002 1.9999973306600001 1.9999993391399999 0.0009765625
2.0000061803900002 2.0000062117600002 1.99999732219 1.9999993306599999 0.0009765625
2.0000062117600002 2.0000062431400001 1.99999731372 1.9999993221900001 0.0009765625
2.0000062431400001 2.00000627451 1.99999730524 1.9999993137200001 0.0009765625
2.00000627451 2.0000063058799999 1.9999972967699999 1.99999930524 0.0009765625
2.0000063058799999 2.0000063372499999 1.9999972882899999 1.99999929677 0.0009765625
2.0000063372499999 2.0000063686299998 1.9999972798200001 1.99999928829 0.0009765625
2.0000063686299998 2.0000064000000002 1.99999727135 1.9999992798199999 0.0009765625
2.0000064000000002 2.00000646275 1.9999972544 1.9999992713500001 0.0009765625
2.00000646275 2.0000065254899999 1.9999972374499999 1.9999992544 0.0009765625
2.0000065254899999 2.0000065882400002 1.9999972205000001 1.99999923745 0.0009765625
2.0000065882400002 2.0000066509800001 1.99999720356 1.9999992204999999 0.0009765625
2.0000066509800001 2.0000067137299999 1.9999971866099999 1.99999920356 0.0009765625
2.0000067137299999 2.0000067764699998 1.9999971696600001 1.99999918661 0.0009765625
2.0000067764699998 2.0000068392200001 1.99999715271 1.9999991696599999 0.0009765625
2.0000068392200001 2.00000690196 1.9999971357699999 1.9999991527100001 0.0009765625
2.00000690196 2.0000069647099998 1.9999971188200001 1.99999913577 0.0009765625
2.0000069647099998 2.0000070274500001 1.99999710187 1.9999991188199999 0.0009765625
2.0000070274500001 2.0000070902 1.9999970849199999 1.9999991018700001 0.0009765625
2.0000070902 2.0000071529399999 1.9999970679800001 1.99999908492 0.0009765625
2.0000071529399999 2.0000072156900002 1.99999705103 1.9999990679799999 0.0009765625
2.0000072156900002 2.00000727843 1.99999703408 1.9999990510300001 0.0009765625
2.00000727843 2.0000073411799999 1.9999970171400001 1.99999903408 0.0009765625
2.0000073411799999 2.0000074039200002 1.99999700019 1.9999990171399999 0.0009765625
2.0000074039200002 2.0000074666700001 1.99999698324 1.9999990001900001 0.0009765625
2.0000074666700001 2.0000075294099999 1.9999969662899999 1.99999898324 0.0009765625
2.0000075294099999 2.0000075921599998 1.9999969493500001 1.99999896629 0.0009765625
2.0000075921599998 2.0000076549000001 1.9999969324 1.9999989493500001 0.0009765625
2.0000076549000001 2.00000771765 1.9999969154499999 1.9999989324 0.0009765625
2.00000771765 2.0000077803899998 1.9999968985000001 1.99999891545 0.0009765625
2.0000077803899998 2.0000078431400001 1.99999688156 1.9999988984999999 0.0009765625
2.0000078431400001 2.00000790588 1.9999968646099999 1.9999988815600001 0.0009765625
2.00000790588 2.0000079686299999 1.9999968476600001 1.99999886461 0.0009765625
2.0000079686299999 2.0000080313700002 1.99999683071 1.9999988476599999 0.0009765625
2.0000080313700002 2.00000809412 1.9999968137699999 1.9999988307100001 0.0009765625
2.00000809412 2.0000081568599999 1.9999967968200001 1.99999881377 0.0009765625
2.0000081568599999 2.0000082196100002 1.99999677987 1.9999987968199999 0.0009765625
2.0000082196100002 2.0000082823500001 1.9999967629199999 1.9999987798700001 0.0009765625
2.0000082823500001 2.0000083450999999 1.9999967459800001 1.99999876292 0.0009765625
2.0000083450999999 2.0000084078399998 1.99999672903 1.9999987459799999 0.0009765625
2.0000084078399998 2.0000084705900001 1.99999671208 1.9999987290300001 0.0009765625
2.0000084705900001 2.0000085333299999 1.9999966951299999 1.99999871208 0.0009765625
2.0000085333299999 2.0000085960799998 1.99999667819 1.9999986951399999 0.0009765625
2.0000085960799998 2.0000086588200001 1.99999666124 1.9999986781900001 0.0009765625
2.0000086588200001 2.00000872157 1.9999966442899999 1.99999866124 0.0009765625
2.00000872157 2.0000087843099998 1.9999966273400001 1.99999864429 0.0009765625
2.0000087843099998 2.0000088470600002 1.9999966104 1.9999986273399999 0.0009765625
2.0000088470600002 2.0000089098 1.9999965934499999 1.9999986104 0.0009765625
2.0000089098 2.0000089725499999 1.9999965765000001 1.99999859345 0.0009765625
2.0000089725499999 2.0000090352900002 1.99999655955 1.9999985764999999 0.0009765625
2.0000090352900002 2.00000909804 1.9999965426099999 1.9999985595500001 0.0009765625
2.00000909804 2.0000091607799999 1.9999965256600001 1.99999854261 0.0009765625
2.0000091607799999 2.0000092235300002 1.99999650871 1.9999985256599999 0.0009765625
2.0000092235300002 2.0000092862700001 1.9999964917599999 1.9999985087100001 0.0009765625
2.0000092862700001 2.0000093490199999 1.9999964748200001 1.99999849176 0.0009765625
2.0000093490199999 2.0000094117599998 1.99999645787 1.9999984748199999 0.0009765625
2.0000094117599998 2.0000094745100001 1.99999644092 1.9999984578700001 0.0009765625
2.0000094745100001 2.00000953725 1.9999964239800001 1.99999844092 0.0009765625
2.00000953725 2.0000095999999998 1.99999640703 1.9999984239799999 0.0009765625
2.0000095999999998 2.0000096627500001 1.99999639008 1.9999984070300001 0.0009765625
2.0000096627500001 2.00000972549 1.9999963731299999 1.99999839008 0.0009765625
2.00000972549 2.0000097882399999 1.99999635619 1.99999837313 0.0009765625
2.0000097882399999 2.0000098509800002 1.99999633924 1.9999983561900001 0.0009765625
2.0000098509800002 2.00000991373 1.9999963222899999 1.99999833924 0.0009765625
2.00000991373 2.0000099764699999 1.9999963053400001 1.99999832229 0.0009765625
2.0000099764699999 2.0000100392200002 1.9999962884 1.9999983053399999 0.0009765625
2.0000100392200002 2.0000101019600001 1.9999962714499999 1.9999982884 0.0009765625
2.0000101019600001 2.0000101647099999 1.9999962545000001 1.99999827145 0.0009765625
2.0000101647099999 2.0000102274499998 1.99999623755 1.9999982544999999 0.0009765625
2.0000102274499998 2.0000102902000001 1.9999962206099999 1.9999982375500001 0.0009765625
2.0000102902000001 2.00001035294 1.9999962036600001 1.99999822061 0.0009765625
2.00001035294 2.0000104156899998 1.99999618671 1.9999982036599999 0.0009765625
2.0000104156899998 2.0000104784300001 1.9999961697599999 1.9999981867100001 0.0009765625
2.0000104784300001 2.00001054118 1.9999961528200001 1.99999816976 0.0009765625
2.00001054118 2.0000106039199999 1.99999613587 1.9999981528199999 0.0009765625
2.0000106039199999 2.0000106666700002 1.99999611892 1.9999981358700001 0.0009765625
2.0000106666700002 2.00001072941 1.9999961019800001 1.99999811892 0.0009765625
2.00001072941 2.0000107921599999 1.99999608503 1.9999981019699999 0.0009765625
2.0000107921599999 2.0000108549000002 1.99999606808 1.9999980850300001 0.0009765625
2.0000108549000002 2.0000109176500001 1.9999960511299999 1.99999806808 0.0009765625
2.0000109176500001 2.0000109803899999 1.99999603419 1.99999805113 0.0009765625
2.0000109803899999 2.0000110431400002 1.99999601724 1.9999980341900001 0.0009765625
2.0000110431400002 2.0000111058800001 1.9999960002899999 1.99999801724 0.0009765625
2.0000111058800001 2.0000111686299999 1.9999959833400001 1.99999800029 0.0009765625
2.0000111686299999 2.0000112313699998 1.9999959664 1.9999979833399999 0.0009765625
2.0000112313699998 2.0000112941200001 1.9999959494499999 1.9999979664 0.0009765625
2.0000112941200001 2.00001135686 1.9999959325000001 1.99999794945 0.0009765625
2.00001135686 2.0000114196099998 1.99999591555 1.9999979324999999 0.0009765625
2.0000114196099998 2.0000114823500001 1.9999958986099999 1.9999979155500001 0.0009765625
2.0000114823500001 2.0000115451 1.9999958816600001 1.99999789861 0.0009765625
2.0000115451 2.0000116078399999 1.99999586471 1.9999978816599999 0.0009765625
2.0000116078399999 2.0000116705900002 1.9999958477599999 1.9999978647100001 0.0009765625
2.0000116705900002 2.00001173333 1.9999958308200001 1.99999784776 0.0009765625
2.00001173333 2.0000117960799999 1.99999581387 1.9999978308199999 0.0009765625
2.0000117960799999 2.0000118588200002 1.99999579692 1.9999978138700001 0.0009765625
2.0000118588200002 2.0000119215700001 1.9999957799800001 1.99999779692 0.0009765625
2.0000119215700001 2.0000119843099999 1.99999576303 1.9999977799799999 0.0009765625
2.0000119843099999 2.0000120470599998 1.99999574608 1.9999977630300001 0.0009765625
2.0000120470599998 2.0000121098000001 1.9999957291299999 1.99999774608 0.0009765625
2.0000121098000001 2.00001217255 1.9999957121900001 1.99999772913 0.0009765625
2.00001217255 2.0000122352899998 1.99999569524 1.9999977121900001 0.0009765625
2.0000122352899998 2.0000122980400001 1.9999956782899999 1.99999769524 0.0009765625
2.0000122980400001 2.00001236078 1.9999956613400001 1.99999767829 0.0009765625
2.00001236078 2.0000124235299999 1.9999956444 1.9999976613399999 0.0009765625
2.0000124235299999 2.0000124862700002 1.9999956274499999 1.9999976444000001 0.0009765625
2.0000124862700002 2.00001254902 1.9999956105000001 1.99999762745 0.0009765625
2.00001254902 2.0000126117599999 1.99999559355 1.9999976104999999 0.0009765625
2.0000126117599999 2.0000126745100002 1.9999955766099999 1.9999975935500001 0.0009765625
2.0000126745100002 2.0000127372500001 1.9999955596600001 1.99999757661 0.0009765625
2.0000127372500001 2.0000127999999999 1.99999554271 1.9999975596599999 0.0009765625
2.0000127999999999 2.0000129254900001 1.9999955088200001 1.9999975427200001 0.0009765625
2.0000129254900001 2.0000130509799998 1.99999547492 1.9999975088199999 0.0009765625
2.0000130509799998 2.00001317647 1.99999544103 1.99999747492 0.0009765625
2.00001317647 2.0000133019600002 1.9999954071299999 1.9999974410300001 0.0009765625
2.0000133019600002 2.0000134274499999 1.99999537324 1.99999740713 0.0009765625
2.0000134274499999 2.0000135529400001 1.9999953393400001 1.99999737324 0.0009765625
2.0000135529400001 2.0000136784300002 1.9999953054499999 1.9999973393399999 0.0009765625
2.0000136784300002 2.0000138039199999 1.99999527156 1.99999730545 0.0009765625
2.0000138039199999 2.0000139294100001 1.9999952376600001 1.9999972715600001 0.0009765625
2.0000139294100001 2.0000140548999998 1.99999520377 1.9999972376599999 0.0009765625
2.0000140548999998 2.00001418039 1.99999516987 1.99999720377 0.0009765625
2.00001418039 2.0000143058800002 1.9999951359799999 1.9999971698700001 0.0009765625
2.0000143058800002 2.0000144313699999 1.99999510208 1.99999713598 0.0009765625
2.0000144313699999 2.0000145568600001 1.9999950681900001 1.99999710208 0.0009765625
2.0000145568600001 2.0000146823499998 1.9999950342899999 1.9999970681899999 0.0009765625
2.0000146823499998 2.00001480784 1.9999950004 1.99999703429 0.0009765625
2.00001480784 2.0000149333300001 1.9999949665000001 1.9999970004000001 0.0009765625
2.0000149333300001 2.0000150588199999 1.9999949326099999 1.9999969664999999 0.0009765625
2.0000150588199999 2.00001518431 1.99999489872 1.99999693261 0.0009765625
2.00001518431 2.0000153098000002 1.9999948648200001 1.9999968987200001 0.0009765625
2.0000153098000002 2.0000154352899999 1.99999483093 1.9999968648199999 0.0009765625
2.0000154352899999 2.0000155607800001 1.99999479703 1.99999683093 0.0009765625
2.0000155607800001 2.0000156862699998 1.9999947631399999 1.9999967970300001 0.0009765625
2.0000156862699998 2.00001581176 1.99999472924 1.99999676314 0.0009765625
2.00001581176 2.0000159372500002 1.9999946953500001 1.99999672924 0.0009765625
2.0000159372500002 2.0000160627499999 1.9999946614499999 1.9999966953499999 0.0009765625
2.0000160627499999 2.00001618824 1.99999462756 1.99999666145 0.0009765625
2.00001618824 2.0000163137300002 1.9999945936600001 1.9999966275600001 0.0009765625
2.0000163137300002 2.0000164392199999 1.99999455977 1.9999965936599999 0.0009765625
2.0000164392199999 2.0000165647100001 1.99999452588 1.99999655977 0.0009765625
2.0000165647100001 2.0000166901999998 1.9999944919799999 1.9999965258800001 0.0009765625
2.0000166901999998 2.00001681569 1.99999445809 1.99999649198 0.0009765625
2.00001681569 2.0000169411800002 1.9999944241900001 1.99999645809 0.0009765625
2.0000169411800002 2.0000170666699999 1.9999943902999999 1.9999964241899999 0.0009765625
2.0000170666699999 2.0000171921600001 1.99999435641 1.9999963903 0.0009765625
2.0000171921600001 2.0000173176499998 1.9999943225100001 1.9999963564000001 0.0009765625
2.0000173176499998 2.00001744314 1.9999942886099999 1.9999963225099999 0.0009765625
2.00001744314 2.0000175686300001 1.99999425472 1.99999628861 0.0009765625
2.0000175686300001 2.0000176941199999 1.9999942208299999 1.9999962547200001 0.0009765625
2.0000176941199999 2.00001781961 1.99999418693 1.9999962208299999 0.0009765625
2.00001781961 2.0000179451000002 1.9999941530400001 1.99999618693 0.0009765625
2.0000179451000002 2.0000180705899999 1.9999941191399999 1.9999961530399999 0.0009765625
2.0000180705899999 2.0000181960800001 1.99999408525 1.99999611914 0.0009765625
2.0000181960800001 2.0000183215699998 1.9999940513500001 1.9999960852500001 0.0009765625
2.0000183215699998 2.00001844706 1.9999940174599999 1.9999960513499999 0.0009765625
2.00001844706 2.0000185725500002 1.99999398357 1.99999601746 0.0009765625
2.0000185725500002 2.0000186980399999 1.9999939496700001 1.9999959835700001 0.0009765625
2.0000186980399999 2.00001882353 1.99999391578 1.9999959496699999 0.0009765625
2.00001882353 2.0000189490200002 1.99999388188 1.99999591578 0.0009765625
2.0000189490200002 2.0000190745099999 1.9999938479899999 1.9999958818800001 0.0009765625
2.0000190745099999 2.0000192000000001 1.99999381409 1.99999584799 0.0009765625
2.0000192000000001 2.0000193254899998 1.9999937802000001 1.99999581409 0.0009765625
2.0000193254899998 2.00001945098 1.9999937462999999 1.9999957801999999 0.0009765625
2.00001945098 2.0000195764700002 1.99999371241 1.9999957463 0.0009765625
2.0000195764700002 2.0000197019599999 1.9999936785200001 1.9999957124100001 0.0009765625
2.0000197019599999 2.0000198274500001 1.99999364462 1.9999956785199999 0.0009765625
2.0000198274500001 2.0000199529399998 1.99999361073 1.99999564462 0.0009765625
2.0000199529399998 2.00002007843 1.9999935768299999 1.9999956107300001 0.0009765625
2.00002007843 2.0000202039200001 1.99999354294 1.99999557683 0.0009765625
2.0000202039200001 2.0000203294099999 1.9999935090400001 1.99999554294 0.0009765625
2.0000203294099999 2.0000204549 1.9999934751499999 1.9999955090399999 0.0009765625
2.0000204549 2.0000205803900002 1.99999344126 1.99999547515 0.0009765625
2.0000205803900002 2.0000207058799999 1.9999934073600001 1.9999954412600001 0.0009765625
2.0000207058799999 2.0000208313700001 1.9999933734699999 1.9999954073599999 0.0009765625
2.0000208313700001 2.0000209568599998 1.99999333957 1.99999537347 0.0009765625
2.0000209568599998 2.00002108235 1.9999933056800001 1.9999953395700001 0.0009765625
2.00002108235 2.0000212078400001 1.99999327178 1.9999953056799999 0.0009765625
2.0000212078400001 2.0000213333299999 1.9999932378900001 1.99999527178 0.0009765625
2.0000213333299999 2.00002145882 1.9999932039999999 1.9999952378900001 0.0009765625
2.00002145882 2.0000215843100002 1.9999931701 1.999995204 0.0009765625
2.0000215843100002 2.0000217097999999 1.9999931362100001 1.9999951701000001 0.0009765625
2.0000217097999999 2.0000218352900001 1.9999931023099999 1.9999951362099999 0.0009765625
2.0000218352900001 2.0000219607799998 1.99999306842 1.99999510231 0.0009765625
2.0000219607799998 2.00002208627 1.9999930345300001 1.9999950684200001 0.0009765625
2.00002208627 2.0000222117600002 1.99999300063 1.9999950345299999 0.0009765625
2.0000222117600002 2.0000223372499999 1.99999296674 1.99999500063 0.0009765625
2.0000223372499999 2.0000224627500001 1.9999929328399999 1.9999949667400001 0.0009765625
2.0000224627500001 2.0000225882399998 1.99999289895 1.99999493284 0.0009765625
2.0000225882399998 2.00002271373 1.9999928650500001 1.99999489895 0.0009765625
2.00002271373 2.0000228392200001 1.9999928311599999 1.9999948650499999 0.0009765625
2.0000228392200001 2.0000229647099999 1.99999279727 1.99999483116 0.0009765625
2.0000229647099999 2.0000230902 1.9999927633700001 1.9999947972700001 0.0009765625
2.0000230902 2.0000232156900002 1.99999272948 1.9999947633699999 0.0009765625
2.0000232156900002 2.0000233411799999 1.99999269558 1.99999472948 0.0009765625
2.0000233411799999 2.0000234666700001 1.9999926616899999 1.9999946955800001 0.0009765625
2.0000234666700001 2.0000235921599998 1.9999926278 1.99999466169 0.0009765625
2.0000235921599998 2.00002371765 1.9999925939000001 1.9999946278 0.0009765625
2.00002371765 2.0000238431400001 1.9999925600099999 1.9999945938999999 0.0009765625
2.0000238431400001 2.0000239686299999 1.99999252611 1.99999456001 0.0009765625
2.0000239686299999 2.00002409412 1.9999924922200001 1.9999945261100001 0.0009765625
2.00002409412 2.0000242196100002 1.9999924583199999 1.9999944922199999 0.0009765625
2.0000242196100002 2.0000243450999999 1.99999242443 1.99999445832 0.0009765625
2.0000243450999999 2.0000244705900001 1.9999923905400001 1.9999944244300001 0.0009765625
2.0000244705900001 2.0000245960799998 1.99999235664 1.9999943905399999 0.0009765625
2.0000245960799998 2.00002472157 1.9999923227500001 1.99999435664 0.0009765625
2.00002472157 2.0000248470600002 1.9999922888499999 1.9999943227500001 0.0009765625
2.0000248470600002 2.0000249725499999 1.99999225496 1.99999428885 0.0009765625
2.0000249725499999 2.0000250980400001 1.9999922210700001 1.9999942549600001 0.0009765625
2.0000250980400001 2.0000252235299998 1.9999921871699999 1.9999942210699999 0.0009765625
2.0000252235299998 2.00002534902 1.99999215328 1.99999418717 0.0009765625
2.00002534902 2.0000254745100001 1.9999921193800001 1.9999941532800001 0.0009765625
2.0000254745100001 2.0000255999999998 1.99999208549 1.9999941193799999 0.0009765625
2.0000255999999998 2.0000258509800002 1.9999920176999999 1.99999408549 0.0009765625
2.0000258509800002 2.0000261019600001 1.9999919499100001 1.9999940177 0.0009765625
2.0000261019600001 2.00002635294 1.99999188213 1.9999939499099999 0.0009765625
2.00002635294 2.0000266039199999 1.99999181434 1.9999938821300001 0.0009765625
2.0000266039199999 2.0000268549000002 1.9999917465499999 1.99999381434 0.0009765625
2.0000268549000002 2.0000271058800001 1.9999916787600001 1.99999374655 0.0009765625
2.0000271058800001 2.00002735686 1.99999161097 1.9999936787599999 0.0009765625
2.00002735686 2.0000276078399999 1.9999915431899999 1.9999936109700001 0.0009765625
2.0000276078399999 2.0000278588199998 1.9999914754000001 1.99999354319 0.0009765625
2.0000278588199998 2.0000281098000001 1.99999140761 1.9999934753999999 0.0009765625
2.0000281098000001 2.00002836078 1.99999133982 1.9999934076100001 0.0009765625
2.00002836078 2.0000286117599999 1.9999912720399999 1.99999333982 0.0009765625
2.0000286117599999 2.0000288627499998 1.9999912042500001 1.99999327204 0.0009765625
2.0000288627499998 2.0000291137300001 1.99999113646 1.9999932042499999 0.0009765625
2.0000291137300001 2.00002936471 1.99999106867 1.9999931364600001 0.0009765625
2.00002936471 2.0000296156899999 1.9999910008799999 1.99999306867 0.0009765625
2.0000296156899999 2.0000298666699998 1.9999909331000001 1.99999300088 0.0009765625
2.0000298666699998 2.0000301176500002 1.99999086531 1.9999929330999999 0.0009765625
2.0000301176500002 2.0000303686300001 1.99999079752 1.9999928653100001 0.0009765625
2.0000303686300001 2.0000306196099999 1.9999907297299999 1.99999279752 0.0009765625
2.0000306196099999 2.0000308705899998 1.9999906619500001 1.99999272973 0.0009765625
2.0000308705899998 2.0000311215700002 1.99999059416 1.9999926619499999 0.0009765625
2.0000311215700002 2.0000313725500001 1.99999052637 1.9999925941600001 0.0009765625
2.0000313725500001 2.00003162353 1.9999904585799999 1.99999252637 0.0009765625
2.00003162353 2.0000318745099999 1.9999903908000001 1.99999245858 0.0009765625
2.0000318745099999 2.0000321254900002 1.99999032301 1.9999923907999999 0.0009765625
2.0000321254900002 2.0000323764700001 1.99999025522 1.9999923230100001 0.0009765625
2.0000323764700001 2.00003262745 1.9999901874299999 1.99999225522 0.0009765625
2.00003262745 2.0000328784299999 1.9999901196500001 1.99999218743 0.0009765625
2.0000328784299999 2.0000331294100002 1.99999005186 1.9999921196499999 0.0009765625
2.0000331294100002 2.0000333803900001 1.9999899840699999 1.9999920518600001 0.0009765625
2.0000333803900001 2.00003363137 1.9999899162799999 1.99999198407 0.0009765625
2.00003363137 2.0000338823499999 1.9999898485000001 1.9999919162799999 0.0009765625
2.0000338823499999 2.0000341333299998 1.99998978071 1.9999918484999999 0.0009765625
2.0000341333299998 2.0000343843100001 1.9999897129299999 1.9999917807100001 0.0009765625
2.0000343843100001 2.00003463529 1.9999896451400001 1.99999171292 0.0009765625
2.00003463529 2.0000348862699999 1.99998957735 1.9999916451399999 0.0009765625
2.0000348862699999 2.0000351372499998 1.99998950956 1.9999915773500001 0.0009765625
2.0000351372499998 2.0000353882400002 1.9999894417699999 1.99999150956 0.0009765625
2.0000353882400002 2.00003563922 1.9999893739900001 1.99999144177 0.0009765625
2.00003563922 2.0000358901999999 1.9999893062 1.9999913739899999 0.0009765625
2.0000358901999999 2.0000361411799998 1.99998923841 1.9999913062000001 0.0009765625
2.0000361411799998 2.0000363921600002 1.9999891706299999 1.99999123841 0.0009765625
2.0000363921600002 2.0000366431400001 1.9999891028400001 1.99999117063 0.0009765625
2.0000366431400001 2.00003689412 1.99998903505 1.9999911028399999 0.0009765625
2.00003689412 2.0000371450999999 1.99998896727 1.9999910350500001 0.0009765625
2.0000371450999999 2.0000373960800002 1.9999888994799999 1.99999096727 0.0009765625
2.0000373960800002 2.0000376470600001 1.9999888316900001 1.99999089948 0.0009765625
2.0000376470600001 2.00003789804 1.9999887639 1.9999908316899999 0.0009765625
2.00003789804 2.0000381490199999 1.99998869612 1.9999907639000001 0.0009765625
2.0000381490199999 2.0000384000000002 1.9999886283299999 1.99999069612 0.0009765625
2.0000384000000002 2.0000386509800001 1.9999885605400001 1.99999062833 0.0009765625
2.0000386509800001 2.00003890196 1.99998849276 1.9999905605399999 0.0009765625
2.00003890196 2.0000391529399999 1.99998842497 1.9999904927600001 0.0009765625
2.0000391529399999 2.0000394039199998 1.9999883571799999 1.99999042497 0.0009765625
2.0000394039199998 2.0000396549000001 1.9999882894000001 1.99999035718 0.0009765625
2.0000396549000001 2.00003990588 1.99998822161 1.9999902893999999 0.0009765625
2.00003990588 2.0000401568599999 1.9999881538199999 1.9999902216100001 0.0009765625
2.0000401568599999 2.0000404078399998 1.9999880860399999 1.99999015382 0.0009765625
2.0000404078399998 2.0000406588200002 1.9999880182500001 1.9999900860399999 0.0009765625
2.0000406588200002 2.0000409098 1.99998795046 1.9999900182499999 0.0009765625
2.0000409098 2.0000411607799999 1.9999878826799999 1.9999899504600001 0.0009765625
2.0000411607799999 2.0000414117599998 1.9999878148900001 1.99998988268 0.0009765625
2.0000414117599998 2.0000416627500002 1.9999877471 1.9999898148899999 0.0009765625
2.0000416627500002 2.0000419137300001 1.99998767932 1.9999897471000001 0.0009765625
2.0000419137300001 2.00004216471 1.9999876115299999 1.99998967932 0.0009765625
2.00004216471 2.0000424156899999 1.9999875437400001 1.99998961153 0.0009765625
2.0000424156899999 2.0000426666700002 1.99998747596 1.9999895437399999 0.0009765625
2.0000426666700002 2.0000429176500001 1.99998740817 1.9999894759600001 0.0009765625
2.0000429176500001 2.00004316863 1.9999873403899999 1.99998940817 0.0009765625
2.00004316863 2.0000434196099999 1.9999872726000001 1.99998934039 0.0009765625
2.0000434196099999 2.0000436705900002 1.99998720481 1.9999892725999999 0.0009765625
2.0000436705900002 2.0000439215700001 1.99998713703 1.9999892048100001 0.0009765625
2.0000439215700001 2.00004417255 1.9999870692399999 1.99998913703 0.0009765625
2.00004417255 2.0000444235299999 1.9999870014500001 1.99998906924 0.0009765625
2.0000444235299999 2.0000446745099998 1.99998693367 1.9999890014499999 0.0009765625
2.0000446745099998 2.0000449254900001 1.99998686588 1.9999889336700001 0.0009765625
2.0000449254900001 2.00004517647 1.9999867980999999 1.99998886588 0.0009765625
2.00004517647 2.0000454274499999 1.9999867303100001 1.9999887981 0.0009765625
2.0000454274499999 2.0000456784299998 1.99998666252 1.9999887303099999 0.0009765625
2.0000456784299998 2.0000459294100001 1.99998659474 1.9999886625200001 0.0009765625
2.0000459294100001 2.00004618039 1.9999865269499999 1.99998859474 0.0009765625
2.00004618039 2.0000464313699999 1.9999864591600001 1.99998852695 0.0009765625
2.0000464313699999 2.0000466823499998 1.99998639138 1.9999884591599999 0.0009765625
2.0000466823499998 2.0000469333300002 1.9999863235899999 1.9999883913800001 0.0009765625
2.0000469333300002 2.0000471843100001 1.9999862558099999 1.99998832359 0.0009765625
2.0000471843100001 2.00004743529 1.9999861880200001 1.9999882558099999 0.0009765625
2.00004743529 2.0000476862699998 1.99998612023 1.9999881880199999 0.0009765625
2.0000476862699998 2.0000479372500002 1.9999860524499999 1.9999881202300001 0.0009765625
2.0000479372500002 2.0000481882400001 1.9999859846600001 1.99998805245 0.0009765625
2.0000481882400001 2.00004843922 1.99998591688 1.9999879846599999 0.0009765625
2.00004843922 2.0000486901999999 1.99998584909 1.9999879168800001 0.0009765625
2.0000486901999999 2.0000489411800002 1.9999857813099999 1.99998784909 0.0009765625
2.0000489411800002 2.0000491921600001 1.9999857135200001 1.99998778131 0.0009765625
2.0000491921600001 2.00004944314 1.99998564573 1.9999877135199999 0.0009765625
2.00004944314 2.0000496941199999 1.99998557795 1.9999876457300001 0.0009765625
2.0000496941199999 2.0000499450999998 1.9999855101599999 1.99998757795 0.0009765625
2.0000499450999998 2.0000501960800001 1.9999764423799999 1.9999965101599999 0.0009765625
2.0000501960800001 2.00005044706 1.9999763745900001 1.9999964423800001 0.0009765625
2.00005044706 2.0000506980399999 1.99997630681 1.99999637459 0.0009765625
2.0000506980399999 2.0000509490199998 1.99997623902 1.99999630681 0.0009765625
2.0000509490199998 2.0000512000000001 1.9999761712299999 1.9999962390199999 0.0009765625
2.0000512000000001 2.0000517019599999 1.99997603567 1.9999961712400001 0.0009765625
2.0000517019599999 2.0000522039200002 1.9999759000899999 1.9999960356599999 0.0009765625
2.0000522039200002 2.0000527058799999 1.99997576452 1.9999959000900001 0.0009765625
2.0000527058799999 2.0000532078400002 1.9999756289499999 1.9999957645199999 0.0009765625
2.0000532078400002 2.0000537098 1.99997549338 1.99999562895 0.0009765625
2.0000537098 2.0000542117600002 1.9999753578099999 1.9999954933799999 0.0009765625
2.0000542117600002 2.00005471373 1.99997522224 1.99999535781 0.0009765625
2.00005471373 2.0000552156900002 1.9999750866699999 1.9999952222399999 0.0009765625
2.0000552156900002 2.00005571765 1.9999749511 1.99999508667 0.0009765625
2.00005571765 2.0000562196099998 1.9999748155299999 1.9999949510999999 0.0009765625
2.0000562196099998 2.00005672157 1.99997467996 1.99999481553 0.0009765625
2.00005672157 2.0000572235299998 1.9999745443900001 1.9999946799599999 0.0009765625
2.0000572235299998 2.00005772549 1.99997440882 1.99999454439 0.0009765625
2.00005772549 2.0000582274499998 1.9999742732500001 1.9999944088199999 0.0009765625
2.0000582274499998 2.0000587294100001 1.99997413768 1.99999427325 0.0009765625
2.0000587294100001 2.0000592313699999 1.9999740021100001 1.9999941376799999 0.0009765625
2.0000592313699999 2.0000597333300001 1.99997386654 1.99999400211 0.0009765625
2.0000597333300001 2.0000602352899999 1.9999737309700001 1.9999938665400001 0.0009765625
2.0000602352899999 2.0000607372500001 1.9999735954 1.99999373097 0.0009765625
2.0000607372500001 2.0000612392199999 1.9999734598300001 1.9999935954000001 0.0009765625
2.0000612392199999 2.0000617411800001 1.99997332426 1.99999345983 0.0009765625
2.0000617411800001 2.0000622431399999 1.9999731886900001 1.9999933242600001 0.0009765625
2.0000622431399999 2.0000627451000001 1.99997305312 1.99999318869 0.0009765625
2.0000627451000001 2.0000632470599999 1.9999729175500001 1.9999930531200001 0.0009765625
2.0000632470599999 2.0000637490200002 1.9999727819899999 1.99999291755 0.0009765625
2.0000637490200002 2.00006425098 1.9999726464200001 1.9999927819900001 0.0009765625
2.00006425098 2.0000647529400002 1.9999725108499999 1.99999264642 0.0009765625
2.0000647529400002 2.0000652549 1.99997237528 1.9999925108500001 0.0009765625
2.0000652549 2.0000657568600002 1.9999722397099999 1.99999237528 0.0009765625
2.0000657568600002 2.00006625882 1.99997210414 1.9999922397100001 0.0009765625
2.00006625882 2.0000667607799998 1.9999719685699999 1.9999921041399999 0.0009765625
2.0000667607799998 2.00006726274 1.99997183301 1.9999919685700001 0.0009765625
2.00006726274 2.0000677647099998 1.9999716974399999 1.9999918330099999 0.0009765625
2.0000677647099998 2.00006826667 1.99997156187 1.99999169744 0.0009765625
2.00006826667 2.0000687686299998 1.9999714263099999 1.9999915618699999 0.0009765625
2.0000687686299998 2.0000692705900001 1.99997129073 1.9999914263 0.0009765625
2.0000692705900001 2.0000697725499998 1.9999711551699999 1.9999912907299999 0.0009765625
2.0000697725499998 2.0000702745100001 1.9999710196 1.99999115517 0.0009765625
2.0000702745100001 2.0000707764699999 1.9999708840299999 1.9999910195999999 0.0009765625
2.0000707764699999 2.0000712784300001 1.99997074846 1.99999088403 0.0009765625
2.0000712784300001 2.0000717803899999 1.9999706129000001 1.9999907484599999 0.0009765625
2.0000717803899999 2.0000722823500001 1.99997047733 1.9999906129 0.0009765625
2.0000722823500001 2.0000727843099999 1.9999703417600001 1.9999904773299999 0.0009765625
2.0000727843099999 2.0000732862700001 1.9999702062 1.99999034176 0.0009765625
2.0000732862700001 2.0000737882399999 1.9999700706300001 1.9999902061999999 0.0009765625
2.0000737882399999 2.0000742902000002 1.99996993506 1.99999007063 0.0009765625
2.0000742902000002 2.0000747921599999 1.9999697995000001 1.9999899350599999 0.0009765625
2.0000747921599999 2.0000752941200002 1.99996966393 1.9999897995 0.0009765625
2.0000752941200002 2.00007579608 1.9999695283600001 1.9999896639300001 0.0009765625
2.00007579608 2.0000762980400002 1.9999693928 1.99998952836 0.0009765625
2.0000762980400002 2.0000768 1.9999692572300001 1.9999893928000001 0.0009765625
2.0000768 2.0000773019600002 1.99996912166 1.99998925723 0.0009765625
2.0000773019600002 2.00007780392 1.9999689861000001 1.9999891216600001 0.0009765625
2.00007780392 2.0000783058799998 1.99996885053 1.9999889861 0.0009765625
2.0000783058799998 2.00007880784 1.9999687149700001 1.9999888505300001 0.0009765625
2.00007880784 2.0000793097999998 1.9999685793999999 1.99998871497 0.0009765625
2.0000793097999998 2.00007981176 1.9999684438300001 1.9999885794000001 0.0009765625
2.00007981176 2.0000803137299998 1.9999683082699999 1.99998844383 0.0009765625
2.0000803137299998 2.0000808156900001 1.9999681727 1.9999883082700001 0.0009765625
2.0000808156900001 2.0000813176499999 1.9999680371399999 1.9999881727 0.0009765625
2.0000813176499999 2.0000818196100001 1.99996790157 1.9999880371400001 0.0009765625
2.0000818196100001 2.0000823215699999 1.9999677660099999 1.9999879015699999 0.0009765625
2.0000823215699999 2.0000828235300001 1.99996763044 1.9999877660100001 0.0009765625
2.0000828235300001 2.0000833254899999 1.9999674948799999 1.9999876304399999 0.0009765625
2.0000833254899999 2.0000838274500001 1.99996735931 1.99998749488 0.0009765625
2.0000838274500001 2.0000843294099999 1.9999672237499999 1.9999873593099999 0.0009765625
2.0000843294099999 2.0000848313700001 1.99996708818 1.99998722375 0.0009765625
2.0000848313700001 2.0000853333299999 1.9999669526199999 1.9999870881799999 0.0009765625
2.0000853333299999 2.0000858352900002 1.99996681706 1.99998695262 0.0009765625
2.0000858352900002 2.00008633725 1.9999666814899999 1.9999868170499999 0.0009765625
2.00008633725 2.0000868392200002 1.99996654592 1.99998668149 0.0009765625
2.0000868392200002 2.00008734118 1.9999664103599999 1.9999865459199999 0.0009765625
2.00008734118 2.0000878431400002 1.9999662748 1.99998641036 0.0009765625
2.0000878431400002 2.0000883451 1.9999661392300001 1.9999862747999999 0.0009765625
2.0000883451 2.0000888470599998 1.99996600367 1.99998613923 0.0009765625
2.0000888470599998 2.00008934902 1.9999658681000001 1.9999860036699999 0.0009765625
2.00008934902 2.0000898509799998 1.99996573254 1.9999858681 0.0009765625
2.0000898509799998 2.00009035294 1.9999655969800001 1.9999857325399999 0.0009765625
2.00009035294 2.0000908548999998 1.99996546141 1.99998559698 0.0009765625
2.0000908548999998 2.0000913568600001 1.9999653258500001 1.9999854614100001 0.0009765625
2.0000913568600001 2.0000918588199998 1.99996519029 1.99998532585 0.0009765625
2.0000918588199998 2.0000923607800001 1.9999650547200001 1.9999851902900001 0.0009765625
2.0000923607800001 2.0000928627399999 1.99996491916 1.99998505472 0.0009765625
2.0000928627399999 2.0000933647100001 1.9999647836000001 1.9999849191600001 0.0009765625
2.0000933647100001 2.0000938666699999 1.99996464803 1.9999847836 0.0009765625
2.0000938666699999 2.0000943686300001 1.9999645124700001 1.9999846480300001 0.0009765625
2.0000943686300001 2.0000948705899999 1.99996437691 1.99998451247 0.0009765625
2.0000948705899999 2.0000953725500001 1.9999642413400001 1.9999843769100001 0.0009765625
2.0000953725500001 2.0000958745099999 1.9999641057799999 1.99998424134 0.0009765625
2.0000958745099999 2.0000963764700002 1.9999639702200001 1.9999841057800001 0.0009765625
2.0000963764700002 2.0000968784299999 1.9999638346599999 1.99998397022 0.0009765625
2.0000968784299999 2.0000973803900002 1.9999636991 1.9999838346600001 0.0009765625
2.0000973803900002 2.00009788235 1.9999635635299999 1.9999836991 0.0009765625
2.00009788235 2.0000983843100002 1.99996342797 1.9999835635300001 0.0009765625
2.0000983843100002 2.00009888627 1.9999632924099999 1.9999834279699999 0.0009765625
2.00009888627 2.0000993882400002 1.99996315685 1.9999832924100001 0.0009765625
2.0000993882400002 2.0000998902 1.9999630212799999 1.9999831568499999 0.0009765625
2.0000998902 2.0001003921599998 1.99996288572 1.9999830212800001 0.0009765625
2.0001003921599998 2.00010089412 1.9999627501599999 1.9999828857199999 0.0009765625
2.00010089412 2.0001013960799998 1.9999626146 1.99998275016 0.0009765625
2.0001013960799998 2.00010189804 1.9999624790399999 1.9999826145999999 0.0009765625
2.00010189804 2.0001023999999998 1.99996234348 1.99998247904 0.0009765625
2.0001023999999998 2.0001034039199999 1.99996207236 1.9999823434799999 0.0009765625
2.0001034039199999 2.0001044078399999 1.99996180123 1.9999820723499999 0.0009765625
2.0001044078399999 2.0001054117599999 1.99996153011 1.9999818012299999 0.0009765625
2.0001054117599999 2.0001064156899999 1.99996125899 1.9999815301099999 0.0009765625
2.0001064156899999 2.0001074196099999 1.99996098787 1.9999812589899999 0.0009765625
2.0001074196099999 2.00010842353 1.99996071675 1.9999809878699999 0.0009765625
2.00010842353 2.00010942745 1.99996044563 1.9999807167500001 0.0009765625
2.00010942745 2.00011043137 1.99996017451 1.9999804456300001 0.0009765625
2.00011043137 2.00011143529 1.99995990339 1.9999801745100001 0.0009765625
2.00011143529 2.00011243922 1.99995963227 1.9999799033900001 0.0009765625
2.00011243922 2.0001134431400001 1.9999593611499999 1.9999796322700001 0.0009765625
2.0001134431400001 2.0001144470600001 1.9999590900299999 1.9999793611500001 0.0009765625
2.0001144470600001 2.0001154509800001 1.9999588189199999 1.9999790900300001 0.0009765625
2.0001154509800001 2.0001164549000001 1.9999585477999999 1.9999788189200001 0.0009765625
2.0001164549000001 2.0001174588200001 1.9999582766799999 1.9999785478000001 0.0009765625
2.0001174588200001 2.0001184627400002 1.9999580055599999 1.9999782766800001 0.0009765625
2.0001184627400002 2.0001194666700002 1.9999577344499999 1.99997800556 0.0009765625
2.0001194666700002 2.0001204705900002 1.9999574633299999 1.99997773445 0.0009765625
2.0001204705900002 2.0001214745100002 1.9999571922199999 1.99997746333 0.0009765625
2.0001214745100002 2.0001224784299998 1.9999569210999999 1.99997719222 0.0009765625
2.0001224784299998 2.0001234823499998 1.9999566499899999 1.9999769211 0.0009765625
2.0001234823499998 2.0001244862699998 1.9999563788700001 1.99997664999 0.0009765625
2.0001244862699998 2.0001254901999999 1.9999561077600001 1.99997637887 0.0009765625
2.0001254901999999 2.0001264941199999 1.9999558366500001 1.99997610776 0.0009765625
2.0001264941199999 2.0001274980399999 1.9999555655300001 1.99997583665 0.0009765625
2.0001274980399999 2.0001285019599999 1.9999552944200001 1.99997556553 0.0009765625
2.0001285019599999 2.0001295058799999 1.9999550233100001 1.99997529442 0.0009765625
2.0001295058799999 2.0001305098 1.9999547522000001 1.99997502331 0.0009765625
2.0001305098 2.00013151373 1.9999544810800001 1.9999747522 0.0009765625
2.00013151373 2.00013251765 1.9999542099700001 1.99997448108 0.0009765625
2.00013251765 2.00013352157 1.9999539388600001 1.99997420997 0.0009765625
2.00013352157 2.00013452549 1.9999536677500001 1.99997393886 0.0009765625
2.00013452549 2.0001355294100001 1.99995339664 1.99997366775 0.0009765625
2.0001355294100001 2.0001365333300001 1.99995312553 1.99997339664 0.0009765625
2.0001365333300001 2.0001375372500001 1.99995285442 1.99997312553 0.0009765625
2.0001375372500001 2.0001385411800001 1.99995258331 1.9999728544199999 0.0009765625
2.0001385411800001 2.0001395451000001 1.9999523122 1.9999725833099999 0.0009765625
2.0001395451000001 2.0001405490200002 1.9999520411 1.9999723121999999 0.0009765625
2.0001405490200002 2.0001415529400002 1.99995176999 1.9999720410999999 0.0009765625
2.0001415529400002 2.0001425568600002 1.99995149888 1.9999717699899999 0.0009765625
2.0001425568600002 2.0001435607800002 1.99995122777 1.9999714988799999 0.0009765625
2.0001435607800002 2.0001445647099998 1.99995095667 1.9999712277699999 0.0009765625
2.0001445647099998 2.0001455686299998 1.99995068556 1.9999709566699999 0.0009765625
2.0001455686299998 2.0001465725499998 1.99995041446 1.9999706855599999 0.0009765625
2.0001465725499998 2.0001475764699999 1.99995014335 1.9999704144599999 0.0009765625
2.0001475764699999 2.0001485803899999 1.99994987225 1.9999701433499999 0.0009765625
2.0001485803899999 2.0001495843099999 1.99994960114 1.9999698722499999 0.0009765625
2.0001495843099999 2.0001505882399999 1.99994933004 1.9999696011400001 0.0009765625
2.0001505882399999 2.0001515921599999 1.99994905893 1.9999693300400001 0.0009765625
2.0001515921599999 2.00015259608 1.9999287878300001 1.99998905893 0.0009765625
2.00015259608 2.0001536 1.99992851673 1.99998878783 0.0009765625
2.0001536 2.00015460392 1.99992824562 1.99998851673 0.0009765625
2.00015460392 2.00015560784 1.99992797452 1.99998824562 0.0009765625
2.00015560784 2.00015661176 1.99992770342 1.99998797452 0.0009765625
2.00015661176 2.0001576156900001 1.99992743232 1.99998770342 0.0009765625
2.0001576156900001 2.0001586196100001 1.99992716122 1.99998743232 0.0009765625
2.0001586196100001 2.0001596235300001 1.99992689012 1.99998716122 0.0009765625
2.0001596235300001 2.0001606274500001 1.99992661901 1.99998689012 0.0009765625
2.0001606274500001 2.0001616313700001 1.99992634791 1.99998661901 0.0009765625
2.0001616313700001 2.0001626352900002 1.99992607682 1.99998634791 0.0009765625
2.0001626352900002 2.0001636392200002 1.99992580572 1.99998607682 0.0009765625
2.0001636392200002 2.0001646431400002 1.99992553462 1.99998580572 0.0009765625
2.0001646431400002 2.0001656470600002 1.99992526352 1.9999855346199999 0.0009765625
2.0001656470600002 2.0001666509799998 1.99992499242 1.9999852635199999 0.0009765625
2.0001666509799998 2.0001676548999998 1.99992472132 1.9999849924199999 0.0009765625
2.0001676548999998 2.0001686588199998 1.99992445023 1.9999847213199999 0.0009765625
2.0001686588199998 2.0001696627399999 1.99992417913 1.9999844502299999 0.0009765625
2.0001696627399999 2.0001706666699999 1.99992390803 1.9999841791299999 0.0009765625
2.0001706666699999 2.0001716705899999 1.99992363694 1.9999839080399999 0.0009765625
2.0001716705899999 2.0001726745099999 1.99992336584 1.9999836369399999 0.0009765625
2.0001726745099999 2.0001736784299999 1.99992309474 1.9999833658399999 0.0009765625
2.0001736784299999 2.00017468235 1.99992282365 1.9999830947399999 0.0009765625
2.00017468235 2.00017568627 1.99992255256 1.9999828236499999 0.0009765625
2.00017568627 2.0001766902 1.99992228146 1.9999825525599999 0.0009765625
2.0001766902 2.00017769412 1.9999220103699999 1.9999822814599999 0.0009765625
2.00017769412 2.00017869804 1.9999217392699999 1.9999820103699999 0.0009765625
2.00017869804 2.0001797019600001 1.9999214681799999 1.9999817392699999 0.0009765625
2.0001797019600001 2.0001807058800001 1.9999211970899999 1.9999814681800001 0.0009765625
2.0001807058800001 2.0001817098000001 1.9999209259999999 1.9999811970900001 0.0009765625
2.0001817098000001 2.0001827137300001 1.9999206548999999 1.9999809260000001 0.0009765625
2.0001827137300001 2.0001837176500001 1.9999203838099999 1.9999806549000001 0.0009765625
2.0001837176500001 2.0001847215700002 1.9999201127199999 1.9999803838100001 0.0009765625
2.0001847215700002 2.0001857254900002 1.9999198416299999 1.9999801127200001 0.0009765625
2.0001857254900002 2.0001867294100002 1.9999195705399999 1.9999798416300001 0.0009765625
2.0001867294100002 2.0001877333300002 1.9999192994499999 1.9999795705400001 0.0009765625
2.0001877333300002 2.0001887372499998 1.9999190283599999 1.9999792994500001 0.0009765625
2.0001887372499998 2.0001897411799998 1.9999187572699999 1.9999790283600001 0.0009765625
2.0001897411799998 2.0001907450999998 1.9999184861799999 1.9999787572700001 0.0009765625
2.0001907450999998 2.0001917490199999 1.9999182150899999 1.9999784861800001 0.0009765625
2.0001917490199999 2.0001927529399999 1.9999179440099999 1.9999782150900001 0.0009765625
2.0001927529399999 2.0001937568599999 1.9999176729199999 1.9999779440100001 0.0009765625
2.0001937568599999 2.0001947607799999 1.9999174018300001 1.9999776729200001 0.0009765625
2.0001947607799999 2.0001957647099999 1.9999171307400001 1.9999774018300001 0.0009765625
2.0001957647099999 2.00019676863 1.9999168596600001 1.9999771307400001 0.0009765625
2.00019676863 2.00019777255 1.9999165885700001 1.9999768596600001 0.0009765625
2.00019777255 2.00019877647 1.9999163174900001 1.99997658857 0.0009765625
2.00019877647 2.00019978039 1.9999160464000001 1.99997631749 0.0009765625
2.00019978039 2.00020078431 1.9999157753200001 1.9999760464 0.0009765625
2.00020078431 2.0002017882300001 1.9999155042300001 1.99997577532 0.0009765625
2.0002017882300001 2.0002027921600001 1.9999152331500001 1.99997550423 0.0009765625
2.0002027921600001 2.0002037960800001 1.9999149620600001 1.99997523315 0.0009765625
2.0002037960800001 2.0002048000000001 1.9999146909800001 1.99997496206 0.0009765625
2.0002048000000001 2.0002068078400002 1.9999141488200001 1.99997469098 0.0009765625
2.0002068078400002 2.0002088156900002 1.9999136066500001 1.99997414881 0.0009765625
2.0002088156900002 2.0002108235299998 1.9999130644900001 1.99997360665 0.0009765625
2.0002108235299998 2.0002128313699998 1.9999125223300001 1.99997306449 0.0009765625
2.0002128313699998 2.0002148392199999 1.99991198017 1.99997252233 0.0009765625
2.0002148392199999 2.0002168470599999 1.99991143801 1.99997198017 0.0009765625
2.0002168470599999 2.0002188549 1.99991089585 1.99997143801 0.0009765625
2.0002188549 2.00022086274 1.9999103537 1.99997089585 0.0009765625
2.00022086274 2.00022287059 1.99990981155 1.9999703537 0.0009765625
2.00022287059 2.0002248784300001 1.99990926939 1.99996981155 0.0009765625
2.0002248784300001 2.0002268862700001 1.99990872724 1.99996926939 0.0009765625
2.0002268862700001 2.0002288941200002 1.9999081851 1.99996872724 0.0009765625
2.0002288941200002 2.0002309019600002 1.99990764295 1.9999681851 0.0009765625
2.0002309019600002 2.0002329097999998 1.9999071008 1.99996764295 0.0009765625
2.0002329097999998 2.0002349176499998 1.99990655866 1.9999671008 0.0009765625
2.0002349176499998 2.0002369254899999 1.99990601652 1.9999665586599999 0.0009765625
2.0002369254899999 2.0002389333299999 1.99990547438 1.9999660165199999 0.0009765625
2.0002389333299999 2.00024094118 1.99990493224 1.9999654743799999 0.0009765625
2.00024094118 2.00024294902 1.9999043901 1.9999649322399999 0.0009765625
2.00024294902 2.00024495686 1.99990384796 1.9999643900999999 0.0009765625
2.00024495686 2.0002469647100001 1.99990330583 1.9999638479599999 0.0009765625
2.0002469647100001 2.0002489725500001 1.99990276369 1.9999633058299999 0.0009765625
2.0002489725500001 2.0002509803900002 1.99990222156 1.9999627636899999 0.0009765625
2.0002509803900002 2.0002529882300002 1.99990167943 1.9999622215599999 0.0009765625
2.0002529882300002 2.0002549960799998 1.9999011373 1.9999616794299999 0.0009765625
2.0002549960799998 2.0002570039199998 1.99990059518 1.9999611372999999 0.0009765625
2.0002570039199998 2.0002590117599999 1.99990005305 1.9999605951799999 0.0009765625
2.0002590117599999 2.0002610196099999 1.99989951093 1.9999600530499999 0.0009765625
2.0002610196099999 2.00026302745 1.99989896881 1.9999595109299999 0.0009765625
2.00026302745 2.00026503529 1.99989842668 1.9999589688099999 0.0009765625
2.00026503529 2.00026704314 1.99989788457 1.9999584266799999 0.0009765625
2.00026704314 2.0002690509800001 1.9998973424499999 1.9999578845699999 0.0009765625
2.0002690509800001 2.0002710588200001 1.9998968003299999 1.9999573424499999 0.0009765625
2.0002710588200001 2.0002730666700002 1.9998962582199999 1.9999568003299999 0.0009765625
2.0002730666700002 2.0002750745100002 1.9998957161099999 1.9999562582199999 0.0009765625
2.0002750745100002 2.0002770823499998 1.9998951739899999 1.9999557160999999 0.0009765625
2.0002770823499998 2.0002790901999998 1.9998946318799999 1.9999551739899999 0.0009765625
2.0002790901999998 2.0002810980399999 1.9998940897699999 1.9999546318800001 0.0009765625
2.0002810980399999 2.0002831058799999 1.9998935476699999 1.9999540897700001 0.0009765625
2.0002831058799999 2.00028511373 1.9998930055599999 1.9999535476700001 0.0009765625
2.00028511373 2.00028712157 1.9998924634599999 1.9999530055600001 0.0009765625
2.00028712157 2.00028912941 1.9998919213599999 1.9999524634600001 0.0009765625
2.00028912941 2.0002911372500001 1.9998913792599999 1.9999519213600001 0.0009765625
2.0002911372500001 2.0002931451000001 1.9998908371599999 1.9999513792600001 0.0009765625
2.0002931451000001 2.0002951529400002 1.9998902950599999 1.9999508371600001 0.0009765625
2.0002951529400002 2.0002971607800002 1.9998897529599999 1.9999502950600001 0.0009765625
2.0002971607800002 2.0002991686299998 1.9998892108699999 1.9999497529600001 0.0009765625
2.0002991686299998 2.0003011764699998 1.9998886687799999 1.9999492108700001 0.0009765625
2.0003011764699998 2.0003031843099999 1.9998881266799999 1.9999486687800001 0.0009765625
2.0003031843099999 2.0003051921599999 1.9998875845899999 1.9999481266800001 0.0009765625
2.0003051921599999 2.0003072 1.9998870425099999 1.9999475845900001 0.0009765625
2.0003072 2.00030920784 1.9998865004199999 1.9999470425100001 0.0009765625
2.00030920784 2.00031121569 1.9998859583299999 1.9999465004200001 0.0009765625
2.00031121569 2.0003132235300001 1.9998854162499999 1.9999459583300001 0.0009765625
2.0003132235300001 2.0003152313700001 1.9998848741699999 1.9999454162500001 0.0009765625
2.0003152313700001 2.0003172392200002 1.9998843320899999 1.9999448741700001 0.0009765625
2.0003172392200002 2.0003192470600002 1.9998837900099999 1.9999443320900001 0.0009765625
2.0003192470600002 2.0003212548999998 1.9998832479299999 1.9999437900100001 0.0009765625
2.0003212548999998 2.0003232627399998 1.9998827058599999 1.9999432479299999 0.0009765625
2.0003232627399998 2.0003252705899999 1.9998821637799999 1.9999427058599999 0.0009765625
2.0003252705899999 2.0003272784299999 1.9998816217099999 1.9999421637799999 0.0009765625
2.0003272784299999 2.00032928627 1.9998810796399999 1.9999416217099999 0.0009765625
2.00032928627 2.00033129412 1.9998805375699999 1.9999410796399999 0.0009765625
2.00033129412 2.00033330196 1.9998799955 1.9999405375699999 0.0009765625
2.00033330196 2.0003353098000001 1.99987945343 1.9999399954999999 0.0009765625
2.0003353098000001 2.0003373176500001 1.99987891137 1.9999394534299999 0.0009765625
2.0003373176500001 2.0003393254900002 1.9998783693 1.9999389113699999 0.0009765625
2.0003393254900002 2.0003413333300002 1.99987782724 1.9999383692999999 0.0009765625
2.0003413333300002 2.0003433411799998 1.99987728518 1.9999378272399999 0.0009765625
2.0003433411799998 2.0003453490199998 1.99987674312 1.9999372851799999 0.0009765625
2.0003453490199998 2.0003473568599999 1.99987620106 1.9999367431199999 0.0009765625
2.0003473568599999 2.0003493647099999 1.99987565901 1.9999362010599999 0.0009765625
2.0003493647099999 2.00035137255 1.99987511695 1.9999356590099999 0.0009765625
2.00035137255 2.00035338039 1.9998745749 1.9999351169499999 0.0009765625
2.00035338039 2.00035538823 1.99987403285 1.9999345748999999 0.0009765625
2.00035538823 2.0003573960800001 1.9998734908 1.9999340328499999 0.0009765625
2.0003573960800001 2.0003594039200001 1.99987294875 1.9999334907999999 0.0009765625
2.0003594039200001 2.0003614117600002 1.99987240671 1.9999329487499999 0.0009765625
2.0003614117600002 2.0003634196100002 1.99987186466 1.9999324067099999 0.0009765625
2.0003634196100002 2.0003654274499998 1.99987132262 1.9999318646599999 0.0009765625
2.0003654274499998 2.0003674352899998 1.99987078058 1.99993132262 0.0009765625
2.0003674352899998 2.0003694431399999 1.99987023854 1.99993078058 0.0009765625
2.0003694431399999 2.0003714509799999 1.9998696965 1.99993023854 0.0009765625
2.0003714509799999 2.00037345882 1.99986915446 1.9999296965 0.0009765625
2.00037345882 2.00037546667 1.99986861242 1.99992915446 0.0009765625
2.00037546667 2.00037747451 1.99986807039 1.99992861242 0.0009765625
2.00037747451 2.0003794823500001 1.99986752836 1.99992807039 0.0009765625
2.0003794823500001 2.0003814902000001 1.99986698633 1.99992752836 0.0009765625
2.0003814902000001 2.0003834980400002 1.9998664443 1.99992698633 0.0009765625
2.0003834980400002 2.0003855058800002 1.9998659022700001 1.9999264443 0.0009765625
2.0003855058800002 2.0003875137199998 1.9998653602400001 1.99992590227 0.0009765625
2.0003875137199998 2.0003895215699998 1.9998648182200001 1.99992536024 0.0009765625
2.0003895215699998 2.0003915294099999 1.9998642761900001 1.99992481822 0.0009765625
2.0003915294099999 2.0003935372499999 1.9998637341700001 1.99992427619 0.0009765625
2.0003935372499999 2.0003955450999999 1.9998631921500001 1.99992373417 0.0009765625
2.0003955450999999 2.00039755294 1.9998626501300001 1.99992319215 0.0009765625
2.00039755294 2.00039956078 1.9998621081200001 1.99992265013 0.0009765625
2.00039956078 2.0004015686300001 1.9998615661000001 1.99992210812 0.0009765625
2.0004015686300001 2.0004035764700001 1.9998610240900001 1.9999215661 0.0009765625
2.0004035764700001 2.0004055843100002 1.9998604820699999 1.9999210240900001 0.0009765625
2.0004055843100002 2.0004075921600002 1.9998599400599999 1.9999204820700001 0.0009765625
2.0004075921600002 2.0004095999999998 1.9998593980499999 1.9999199400600001 0.0009765625
2.0004095999999998 2.0004136156899999 1.9998583140399999 1.9999193980600001 0.0009765625
2.0004136156899999 2.0004176313699999 1.9998572300299999 1.9999183140400001 0.0009765625
2.0004176313699999 2.00042164706 1.9998561460299999 1.9999172300300001 0.0009765625
2.00042164706 2.0004256627400001 1.99985506203 1.9999161460299999 0.0009765625
2.0004256627400001 2.0004296784300002 1.99985397804 1.9999150620299999 0.0009765625
2.0004296784300002 2.0004336941199998 1.99985289406 1.9999139780399999 0.0009765625
2.0004336941199998 2.0004377097999999 1.99985181008 1.9999128940599999 0.0009765625
2.0004377097999999 2.00044172549 1.99985072611 1.99991181008 0.0009765625
2.00044172549 2.0004457411800001 1.9998496421500001 1.99991072611 0.0009765625
2.0004457411800001 2.0004497568600002 1.9998485581900001 1.99990964215 0.0009765625
2.0004497568600002 2.0004537725499998 1.9998474742400001 1.99990855819 0.0009765625
2.0004537725499998 2.0004577882299999 1.9998463902900001 1.99990747424 0.0009765625
2.0004577882299999 2.0004618039199999 1.9998453063499999 1.9999063902900001 0.0009765625
2.0004618039199999 2.00046581961 1.9998442224199999 1.9999053063500001 0.0009765625
2.00046581961 2.0004698352900001 1.9998431384899999 1.9999042224200001 0.0009765625
2.0004698352900001 2.0004738509800002 1.99984205457 1.9999031384899999 0.0009765625
2.0004738509800002 2.0004778666699998 1.99984097065 1.9999020545699999 0.0009765625
2.0004778666699998 2.0004818823499999 1.99983988674 1.9999009706499999 0.0009765625
2.0004818823499999 2.00048589804 1.99983880284 1.99989988674 0.0009765625
2.00048589804 2.0004899137200001 1.9998377189400001 1.99989880284 0.0009765625
2.0004899137200001 2.0004939294100001 1.9998366350500001 1.99989771894 0.0009765625
2.0004939294100001 2.0004979450999998 1.9998355511699999 1.99989663505 0.0009765625
2.0004979450999998 2.0005019607799999 1.9998344672899999 1.9998955511700001 0.0009765625
2.0005019607799999 2.0005059764699999 1.9998333834199999 1.9998944672900001 0.0009765625
2.0005059764699999 2.00050999216 1.99983229955 1.9998933834199999 0.0009765625
2.00050999216 2.0005140078400001 1.99983121569 1.9998922995499999 0.0009765625
2.0005140078400001 2.0005180235300002 1.99976013184 1.99996121569 0.0009765625
2.0005180235300002 2.0005220392099998 1.99975904799 1.99996013184 0.0009765625
2.0005220392099998 2.0005260548999999 1.9997579641500001 1.99995904799 0.0009765625
2.0005260548999999 2.00053007059 1.9997568803200001 1.99995796415 0.0009765625
2.00053007059 2.0005340862700001 1.9997557964899999 1.9999568803200001 0.0009765625
2.0005340862700001 2.0005381019600001 1.9997547126599999 1.9999557964900001 0.0009765625
2.0005381019600001 2.0005421176499998 1.99975362885 1.9999547126599999 0.0009765625
2.0005421176499998 2.0005461333299999 1.99975254504 1.9999536288499999 0.0009765625
2.0005461333299999 2.0005501490199999 1.99975146124 1.99995254504 0.0009765625
2.0005501490199999 2.0005541647 1.9997503774300001 1.99995146123 0.0009765625
2.0005541647 2.0005581803900001 1.9997492936400001 1.99995037743 0.0009765625
2.0005581803900001 2.0005621960800002 1.9997482098599999 1.9999492936400001 0.0009765625
2.0005621960800002 2.0005662117599998 1.9997471260799999 1.9999482098600001 0.0009765625
2.0005662117599998 2.0005702274499999 1.99974604231 1.9999471260799999 0.0009765625
2.0005702274499999 2.00057424314 1.99974495854 1.9999460423099999 0.0009765625
2.00057424314 2.0005782588200001 1.99974387478 1.99994495854 0.0009765625
2.0005782588200001 2.0005822745100001 1.9997427910200001 1.99994387478 0.0009765625
2.0005822745100001 2.0005862901999998 1.9997417072699999 1.9999427910200001 0.0009765625
2.0005862901999998 2.0005903058799999 1.9997406235299999 1.9999417072700001 0.0009765625
2.0005903058799999 2.0005943215699999 1.9997395398 1.9999406235299999 0.0009765625
2.0005943215699999 2.00059833725 1.99973845607 1.9999395397999999 0.0009765625
2.00059833725 2.0006023529400001 1.99973737234 1.99993845607 0.0009765625
2.0006023529400001 2.0006063686300002 1.9997362886200001 1.99993737234 0.0009765625
2.0006063686300002 2.0006103843099998 1.9997352049099999 1.9999362886200001 0.0009765625
2.0006103843099998 2.0006143999999999 1.9997341212099999 1.9999352049100001 0.0009765625
2.0006143999999999 2.00061841569 1.99973303751 1.9999341212099999 0.0009765625
2.00061841569 2.0006224313700001 1.99973195382 1.99993303751 0.0009765625
2.0006224313700001 2.0006264470600001 1.9997308701300001 1.99993195382 0.0009765625
2.0006264470600001 2.0006304627399998 1.9997297864500001 1.99993087013 0.0009765625
2.0006304627399998 2.0006344784299999 1.9997287027799999 1.9999297864500001 0.0009765625
2.0006344784299999 2.0006384941199999 1.99972761911 1.9999287027799999 0.0009765625
2.0006384941199999 2.0006425098 1.99972653545 1.9999276191099999 0.0009765625
2.0006425098 2.0006465254900001 1.9997254517900001 1.99992653545 0.0009765625
2.0006465254900001 2.0006505411800002 1.9997243681400001 1.99992545179 0.0009765625
2.0006505411800002 2.0006545568599998 1.9997232844999999 1.9999243681400001 0.0009765625
2.0006545568599998 2.0006585725499999 1.99972220086 1.9999232844999999 0.0009765625
2.0006585725499999 2.00066258823 1.99972111723 1.9999222008599999 0.0009765625
2.00066258823 2.0006666039200001 1.9997200336000001 1.99992111723 0.0009765625
2.0006666039200001 2.0006706196100001 1.9997189499800001 1.9999200336 0.0009765625
2.0006706196100001 2.0006746352899998 1.9997178663699999 1.9999189499800001 0.0009765625
2.0006746352899998 2.0006786509799999 1.99971678277 1.9999178663699999 0.0009765625
2.0006786509799999 2.0006826666699999 1.99971569917 1.99991678277 0.0009765625
2.0006826666699999 2.00068668235 1.9997146155700001 1.99991569917 0.0009765625
2.00068668235 2.0006906980400001 1.9997135319799999 1.9999146155700001 0.0009765625
2.0006906980400001 2.0006947137200002 1.9997124484 1.9999135319800001 0.0009765625
2.0006947137200002 2.0006987294099998 1.99971136483 1.9999124483999999 0.0009765625
2.0006987294099998 2.0007027450999999 1.9997102812600001 1.99991136483 0.0009765625
2.0007027450999999 2.00070676078 1.9997091976900001 1.99991028126 0.0009765625
2.00070676078 2.0007107764700001 1.9997081141399999 1.9999091976900001 0.0009765625
2.0007107764700001 2.0007147921600001 1.99970703059 1.9999081141399999 0.0009765625
2.0007147921600001 2.0007188078399998 1.99970594704 1.99990703059 0.0009765625
2.0007188078399998 2.0007228235299999 1.9997048635000001 1.99990594704 0.0009765625
2.0007228235299999 2.0007268392099999 1.9997037799699999 1.9999048635000001 0.0009765625
2.0007268392099999 2.0007308549 1.99970269645 1.9999037799699999 0.0009765625
2.0007308549 2.0007348705900001 1.99970161293 1.99990269645 0.0009765625
2.0007348705900001 2.0007388862700002 1.9997005294100001 1.99990161293 0.0009765625
2.0007388862700002 2.0007429019599998 1.9996994459099999 1.9999005294100001 0.0009765625
2.0007429019599998 2.0007469176499999 1.9996983624 1.9998994459099999 0.0009765625
2.0007469176499999 2.00075093333 1.99969727891 1.9998983624 0.0009765625
2.00075093333 2.0007549490200001 1.9996961954200001 1.99989727891 0.0009765625
2.0007549490200001 2.0007589647000001 1.9996951119399999 1.9998961954200001 0.0009765625
2.0007589647000001 2.0007629803899998 1.99969402846 1.9998951119399999 0.0009765625
2.0007629803899998 2.0007669960799999 1.9996929449900001 1.99989402846 0.0009765625
2.0007669960799999 2.0007710117599999 1.9996918615299999 1.99989294499 0.0009765625
2.0007710117599999 2.00077502745 1.99969077807 1.9998918615300001 0.0009765625
2.00077502745 2.0007790431400001 1.99968969462 1.9998907780699999 0.0009765625
2.0007790431400001 2.0007830588200002 1.9996886111700001 1.99988969462 0.0009765625
2.0007830588200002 2.0007870745099998 1.9996875277299999 1.9998886111700001 0.0009765625
2.0007870745099998 2.0007910901899999 1.9996864443 1.9998875277299999 0.0009765625
2.0007910901899999 2.00079510588 1.99968536087 1.9998864443 0.0009765625
2.00079510588 2.0007991215700001 1.9996842774500001 1.99988536087 0.0009765625
2.0007991215700001 2.0008031372500001 1.9996831940299999 1.9998842774500001 0.0009765625
2.0008031372500001 2.0008071529400002 1.99968211063 1.9998831940299999 0.0009765625
2.0008071529400002 2.0008111686299999 1.9996810272200001 1.99988211063 0.0009765625
2.0008111686299999 2.0008151843099999 1.9996799438299999 1.9998810272200001 0.0009765625
2.0008151843099999 2.0008192 1.99967886044 1.9998799438299999 0.0009765625
2.0008192 2.0008272313700002 1.9996766936799999 1.99987886044 0.0009765625
2.0008272313700002 2.0008352627399999 1.99967452694 1.9998766936800001 0.0009765625
2.0008352627399999 2.0008432941200001 1.9996723602299999 1.99987452694 0.0009765625
2.0008432941200001 2.0008513254900002 1.9996701935400001 1.9998723602299999 0.0009765625
2.0008513254900002 2.0008593568599999 1.99966802688 1.9998701935400001 0.0009765625
2.0008593568599999 2.0008673882300001 1.9996658602399999 1.99986802688 0.0009765625
2.0008673882300001 2.0008754196099998 1.9996636936200001 1.9998658602399999 0.0009765625
2.0008754196099998 2.00088345098 1.99966152704 1.99986369362 0.0009765625
2.00088345098 2.0008914823500001 1.9996593604699999 1.99986152704 0.0009765625
2.0008914823500001 2.0008995137199999 1.9996571939300001 1.9998593604699999 0.0009765625
2.0008995137199999 2.0009075451 1.99965502742 1.9998571939300001 0.0009765625
2.0009075451 2.0009155764700002 1.9996528609299999 1.99985502742 0.0009765625
2.0009155764700002 2.0009236078399999 1.9996506944600001 1.9998528609299999 0.0009765625
2.0009236078399999 2.0009316392100001 1.99964852802 1.9998506944600001 0.0009765625
2.0009316392100001 2.0009396705900002 1.99964636161 1.99984852802 0.0009765625
2.0009396705900002 2.0009477019599999 1.9996441952199999 1.99984636161 0.0009765625
2.0009477019599999 2.0009557333300001 1.9996420288500001 1.9998441952199999 0.0009765625
2.0009557333300001 2.0009637646999998 1.99963986251 1.9998420288500001 0.0009765625
2.0009637646999998 2.00097179608 1.99963769619 1.99983986251 0.0009765625
2.00097179608 2.0009798274500001 1.9996355298999999 1.99983769619 0.0009765625
2.0009798274500001 2.0009878588199999 1.9996333636300001 1.9998355298999999 0.0009765625
2.0009878588199999 2.00099589019 1.9996311973900001 1.9998333636300001 0.0009765625
2.00099589019 2.0010039215700002 1.99962903117 1.99983119739 0.0009765625
2.0010039215700002 2.0010119529399999 1.99962686498 1.99982903117 0.0009765625
2.0010119529399999 2.0010199843100001 1.9996246988099999 1.99982686498 0.0009765625
2.0010199843100001 2.0010280156800002 1.9996225326599999 1.9998246988099999 0.0009765625
2.0010280156800002 2.0010360470599999 1.9996203665400001 1.9998225326600001 0.0009765625
2.0010360470599999 2.0010440784300001 1.99961820045 1.9998203665400001 0.0009765625
2.0010440784300001 2.0010521097999998 1.99961603438 1.99981820045 0.0009765625
2.0010521097999998 2.00106014117 1.99961386833 1.99981603438 0.0009765625
2.00106014117 2.0010681725500001 1.99961170231 1.99981386833 0.0009765625
2.0010681725500001 2.0010762039199999 1.9996095363199999 1.9998117023099999 0.0009765625
2.0010762039199999 2.00108423529 1.9996073703499999 1.9998095363199999 0.0009765625
2.00108423529 2.0010922666600002 1.9996052043999999 1.9998073703499999 0.0009765625
2.0010922666600002 2.0011002980399999 1.9996030384800001 1.9998052044000001 0.0009765625
2.0011002980399999 2.0011083294100001 1.9996008725800001 1.9998030384800001 0.0009765625
2.0011083294100001 2.0011163607800002 1.9995987067100001 1.9998008725800001 0.0009765625
2.0011163607800002 2.0011243921599999 1.99959654086 1.99979870671 0.0009765625
2.0011243921599999 2.0011324235300001 1.99959437504 1.99979654086 0.0009765625
2.0011324235300001 2.0011404548999998 1.99959220924 1.99979437504 0.0009765625
2.0011404548999998 2.00114848627 1.99959004346 1.99979220924 0.0009765625
2.00114848627 2.0011565176500001 1.99958787771 1.99979004346 0.0009765625
2.0011565176500001 2.0011645490199998 1.99958571199 1.99978787771 0.0009765625
2.0011645490199998 2.00117258039 1.99958354629 1.99978571199 0.0009765625
2.00117258039 2.0011806117600002 1.99958138062 1.99978354629 0.0009765625
2.0011806117600002 2.0011886431399999 1.99957921496 1.99978138062 0.0009765625
2.0011886431399999 2.0011966745100001 1.99957704934 1.99977921496 0.0009765625
2.0011966745100001 2.0012047058800002 1.99957488374 1.99977704934 0.0009765625
2.0012047058800002 2.0012127372499999 1.99957271816 1.99977488374 0.0009765625
2.0012127372499999 2.0012207686300001 1.9995705526100001 1.99977271816 0.0009765625
2.0012207686300001 2.0012287999999998 1.9995683870800001 1.99977055261 0.0009765625
2.0012287999999998 2.00123683137 1.9995662215800001 1.99976838708 0.0009765625
2.00123683137 2.0012448627400001 1.9995640561000001 1.9997662215800001 0.0009765625
2.0012448627400001 2.0012528941199998 1.9995618906499999 1.9997640561000001 0.0009765625
2.0012528941199998 2.00126092549 1.9995597252199999 1.9997618906500001 0.0009765625
2.00126092549 2.0012689568600002 1.9995575598199999 1.9997597252199999 0.0009765625
2.0012689568600002 2.0012769882299999 1.99955539444 1.9997575598199999 0.0009765625
2.0012769882299999 2.00128501961 1.99955322909 1.9997553944399999 0.0009765625
2.00128501961 2.0012930509800002 1.99955106376 1.99975322909 0.0009765625
2.0012930509800002 2.0013010823499999 1.9995488984500001 1.99975106376 0.0009765625
2.0013010823499999 2.0013091137200001 1.9995467331700001 1.99974889845 0.0009765625
2.0013091137200001 2.0013171450999998 1.9995445679199999 1.9997467331700001 0.0009765625
2.0013171450999998 2.00132517647 1.9995424026899999 1.9997445679200001 0.0009765625
2.00132517647 2.0013332078400001 1.99954023748 1.9997424026899999 0.0009765625
2.0013332078400001 2.0013412392099998 1.9995380723 1.99974023748 0.0009765625
2.0013412392099998 2.00134927059 1.9995359071400001 1.9997380723 0.0009765625
2.00134927059 2.0013573019600002 1.9995337420099999 1.99973590714 0.0009765625
2.0013573019600002 2.0013653333299999 1.9995315768999999 1.9997337420100001 0.0009765625
2.0013653333299999 2.0013733647 1.99952941182 1.9997315768999999 0.0009765625
2.0013733647 2.0013813960800002 1.99952724676 1.99972941182 0.0009765625
2.0013813960800002 2.0013894274499999 1.9995250817300001 1.99972724676 0.0009765625
2.0013894274499999 2.0013974588200001 1.9995229167199999 1.9997250817300001 0.0009765625
2.0013974588200001 2.0014054901899998 1.99952075173 1.9997229167199999 0.0009765625
2.0014054901899998 2.00141352157 1.9995185867800001 1.99972075173 0.0009765625
2.00141352157 2.0014215529400001 1.9995164218399999 1.99971858678 0.0009765625
2.0014215529400001 2.0014295843099998 1.99951425693 1.9997164218400001 0.0009765625
2.0014295843099998 2.00143761568 1.99951209204 1.9997142569299999 0.0009765625
2.00143761568 2.0014456470600002 1.9995099271800001 1.99971209204 0.0009765625
2.0014456470600002 2.0014536784299999 1.9995077623499999 1.9997099271800001 0.0009765625
2.0014536784299999 2.0014617098 1.99950559754 1.9997077623499999 0.0009765625
2.0014617098 2.0014697411700002 1.9995034327500001 1.99970559754 0.0009765625
2.0014697411700002 2.0014777725499999 1.9995012679899999 1.9997034327500001 0.0009765625
2.0014777725499999 2.0014858039200001 1.99949910325 1.9997012679899999 0.0009765625
2.0014858039200001 2.0014938352899998 1.9994969385400001 1.99969910325 0.0009765625
2.0014938352899998 2.00150186666 1.99949477385 1.9996969385400001 0.0009765625
2.00150186666 2.0015098980400001 1.99949260919 1.9996947738499999 0.0009765625
2.0015098980400001 2.0015179294099998 1.9994904445499999 1.99969260919 0.0009765625
2.0015179294099998 2.00152596078 1.99948827993 1.9996904445499999 0.0009765625
2.00152596078 2.0015339921500002 1.9994861153400001 1.99968827993 0.0009765625
2.0015339921500002 2.0015420235299999 1.99948395078 1.9996861153400001 0.0009765625
2.0015420235299999 2.0015500549 1.9994817862400001 1.9996839507799999 0.0009765625
2.0015500549 2.0015580862700002 1.9994796217199999 1.99968178624 0.0009765625
2.0015580862700002 2.0015661176399999 1.99947745723 1.9996796217199999 0.0009765625
2.0015661176399999 2.0015741490200001 1.9994752927699999 1.99967745723 0.0009765625
2.0015741490200001 2.0015821803899998 1.99947312833 1.9996752927699999 0.0009765625
2.0015821803899998 2.00159021176 1.9994709639099999 1.99967312833 0.0009765625
2.00159021176 2.0015982431300001 1.99926879952 1.9998709639100001 0.0009765625
2.0015982431300001 2.0016062745099998 1.9992666351499999 1.99986879952 0.0009765625
2.0016062745099998 2.00161430588 1.99926447081 1.9998666351500001 0.0009765625
2.00161430588 2.0016223372500002 1.9992623064899999 1.99986447081 0.0009765625
2.0016223372500002 2.0016303686199999 1.9992601422 1.9998623064900001 0.0009765625
2.0016303686199999 2.0016384 1.9992579779299999 1.9998601422 0.0009765625
2.0016384 2.0016544627399999 1.9992536494699999 1.9998579779300001 0.0009765625
2.0016544627399999 2.0016705254899998 1.9992493211 1.9998536494600001 0.0009765625
2.0016705254899998 2.0016865882300001 1.99924499283 1.9998493210999999 0.0009765625
2.0016865882300001 2.00170265098 1.9992406646600001 1.9998449928299999 0.0009765625
2.00170265098 2.0017187137199999 1.9992363365900001 1.99984066466 0.0009765625
2.0017187137199999 2.0017347764700002 1.9992320086199999 1.99983633659 0.0009765625
2.0017347764700002 2.0017508392100001 1.99922768075 1.9998320086200001 0.0009765625
2.0017508392100001 2.00176690196 1.9992233529800001 1.9998276807499999 0.0009765625
2.00176690196 2.0017829646999998 1.9992190253 1.99982335298 0.0009765625
2.0017829646999998 2.0017990274500002 1.99921469773 1.9998190253000001 0.0009765625
2.0017990274500002 2.00181509019 1.9992103702499999 1.99981469773 0.0009765625
2.00181509019 2.0018311529399999 1.99920604287 1.9998103702500001 0.0009765625
2.0018311529399999 2.0018472156799998 1.9992017155899999 1.99980604287 0.0009765625
2.0018472156799998 2.0018632784300001 1.9991973884100001 1.9998017155900001 0.0009765625
2.0018632784300001 2.00187934117 1.99919306133 1.99979738841 0.0009765625
2.00187934117 2.0018954039199999 1.9991887343400001 1.9997930613299999 0.0009765625
2.0018954039199999 2.0019114666600002 1.99918440745 1.99978873434 0.0009765625
2.0019114666600002 2.0019275294100001 1.99918008067 1.99978440745 0.0009765625
2.0019275294100001 2.00194359215 1.9991757539799999 1.9997800806699999 0.0009765625
2.00194359215 2.0019596548999998 1.9991714273900001 1.9997757539800001 0.0009765625
2.0019596548999998 2.0019757176400002 1.9991671009 1.99977142739 0.0009765625
2.0019757176400002 2.00199178039 1.9991627745 1.9997671009 0.0009765625
2.00199178039 2.0020078431299999 1.99915844821 1.9997627745 0.0009765625
2.0020078431299999 2.0020239058799998 1.99915412201 1.9997584482099999 0.0009765625
2.0020239058799998 2.0020399686200001 1.99914979591 1.9997541220099999 0.0009765625
2.0020399686200001 2.00205603137 1.99914546991 1.9997497959099999 0.0009765625
2.00205603137 2.0020720941099999 1.99914114401 1.9997454699099999 0.0009765625
2.0020720941099999 2.0020881568600002 1.99913681821 1.9997411440099999 0.0009765625
2.0020881568600002 2.0021042196000001 1.99913249251 1.9997368182099999 0.0009765625
2.0021042196000001 2.0021202823499999 1.9991281669000001 1.99973249251 0.0009765625
2.0021202823499999 2.0021363450899998 1.9991238414000001 1.9997281669 0.0009765625
2.0021363450899998 2.0021524078400001 1.9991195159899999 1.9997238414 0.0009765625
2.0021524078400001 2.00216847058 1.99911519068 1.9997195159900001 0.0009765625
2.00216847058 2.0021845333299999 1.9991108654700001 1.9997151906799999 0.0009765625
2.0021845333299999 2.0022005960699998 1.9991065403599999 1.99971086547 0.0009765625
2.0022005960699998 2.0022166588200001 1.99910221534 1.9997065403500001 0.0009765625
2.0022166588200001 2.00223272156 1.9990978904200001 1.9997022153399999 0.0009765625
2.00223272156 2.0022487843099999 1.99909356561 1.99969789042 0.0009765625
2.0022487843099999 2.0022648470600002 1.9990892408900001 1.9996935656099999 0.0009765625
2.0022648470600002 2.0022809098000001 1.99908491627 1.99968924089 0.0009765625
2.0022809098000001 2.0022969725499999 1.9990805917500001 1.9996849162699999 0.0009765625
2.0022969725499999 2.0023130352899998 1.99907626732 1.99968059175 0.0009765625
2.0023130352899998 2.0023290980400001 1.9990719429999999 1.9996762673199999 0.0009765625
2.0023290980400001 2.00234516078 1.9990676187700001 1.9996719430000001 0.0009765625
2.00234516078 2.0023612235299999 1.99906329464 1.99966761877 0.0009765625
2.0023612235299999 2.0023772862699998 1.9990589706099999 1.9996632946399999 0.0009765625
2.0023772862699998 2.0023933490200001 1.9990546466800001 1.9996589706100001 0.0009765625
2.0023933490200001 2.00240941176 1.9990503228500001 1.99965464668 0.0009765625
2.00240941176 2.0024254745099999 1.99904599911 1.99965032285 0.0009765625
2.0024254745099999 2.0024415372500002 1.99904167548 1.99964599911 0.0009765625
2.0024415372500002 2.0024576000000001 1.99903735194 1.9996416754799999 0.0009765625
2.0024576000000001 2.0024736627399999 1.9990330285 1.9996373519399999 0.0009765625
2.0024736627399999 2.0024897254899998 1.99902870516 1.9996330284999999 0.0009765625
2.0024897254899998 2.0025057882300001 1.99902438192 1.9996287051599999 0.0009765625
2.0025057882300001 2.00252185098 1.99902005878 1.9996243819199999 0.0009765625
2.00252185098 2.0025379137199999 1.99901573573 1.9996200587799999 0.0009765625
2.0025379137199999 2.0025539764700002 1.9990114127800001 1.99961573573 0.0009765625
2.0025539764700002 2.0025700392100001 1.9990070899400001 1.99961141278 0.0009765625
2.0025700392100001 2.00258610196 1.9990027671899999 1.99960708994 0.0009765625
2.00258610196 2.0026021646999999 1.99899844453 1.9996027671900001 0.0009765625
2.0026021646999999 2.0026182274500002 1.99899412198 1.9995984445299999 0.0009765625
2.0026182274500002 2.0026342901900001 1.9989897995300001 1.99959412198 0.0009765625
2.0026342901900001 2.0026503529399999 1.99898547717 1.99958979953 0.0009765625
2.0026503529399999 2.0026664156799998 1.9989811549100001 1.9995854771699999 0.0009765625
2.0026664156799998 2.0026824784300001 1.9989768327499999 1.99958115491 0.0009765625
2.0026824784300001 2.00269854117 1.99897251069 1.9995768327500001 0.0009765625
2.00269854117 2.0027146039199999 1.9989681887299999 1.99957251069 0.0009765625
2.0027146039199999 2.0027306666600002 1.99896386686 1.9995681887300001 0.0009765625
2.0027306666600002 2.0027467294100001 1.9989595451 1.99956386686 0.0009765625
2.0027467294100001 2.00276279215 1.9989552234300001 1.9995595450999999 0.0009765625
2.00276279215 2.0027788548999998 1.99895090186 1.99955522343 0.0009765625
2.0027788548999998 2.0027949176400002 1.9989465803899999 1.99955090186 0.0009765625
2.0027949176400002 2.0028109803900001 1.9989422590100001 1.9995465803900001 0.0009765625
2.0028109803900001 2.0028270431299999 1.9989379377400001 1.99954225901 0.0009765625
2.0028270431299999 2.0028431058799998 1.99893361656 1.99953793774 0.0009765625
2.0028431058799998 2.0028591686200001 1.99892929549 1.9995336165599999 0.0009765625
2.0028591686200001 2.00287523137 1.99892497451 1.9995292954899999 0.0009765625
2.00287523137 2.0028912941099999 1.9989206536199999 1.9995249745100001 0.0009765625
2.0028912941099999 2.0029073568600002 1.9989163328399999 1.9995206536200001 0.0009765625
2.0029073568600002 2.0029234196000001 1.9989120121599999 1.9995163328400001 0.0009765625
2.0029234196000001 2.00293948235 1.9989076915699999 1.9995120121600001 0.0009765625
2.00293948235 2.0029555450899998 1.9989033710799999 1.9995076915700001 0.0009765625
2.0029555450899998 2.0029716078400002 1.99889905069 1.9995033710800001 0.0009765625
2.0029716078400002 2.00298767058 1.9988947304 1.9994990506899999 0.0009765625
2.00298767058 2.0030037333299999 1.99889041021 1.9994947303999999 0.0009765625
2.0030037333299999 2.0030197960699998 1.9988860901100001 1.99949041021 0.0009765625
2.0030197960699998 2.0030358588200001 1.9988817701199999 1.99948609011 0.0009765625
2.0030358588200001 2.00305192156 1.99887745022 1.9994817701200001 0.0009765625
2.00305192156 2.0030679843099999 1.99887313042 1.9994774502199999 0.0009765625
2.0030679843099999 2.0030840470500002 1.9988688107200001 1.99947313042 0.0009765625
2.0030840470500002 2.0031001098000001 1.99886449111 1.99946881072 0.0009765625
2.0031001098000001 2.00311617254 1.9988601716100001 1.9994644911099999 0.0009765625
2.00311617254 2.0031322352899998 1.9988558521999999 1.99946017161 0.0009765625
2.0031322352899998 2.0031482980300002 1.9988515328900001 1.9994558522000001 0.0009765625
2.0031482980300002 2.00316436078 1.99884721368 1.99945153289 0.0009765625
2.00316436078 2.0031804235199999 1.9988428945700001 1.9994472136799999 0.0009765625
2.0031804235199999 2.0031964862699998 1.99883857556 1.99944289457 0.0009765625
2.0031964862699998 2.0032125490100001 1.9988342566399999 1.9994385755599999 0.0009765625
2.0032125490100001 2.00322861176 1.9988299378200001 1.9994342566400001 0.0009765625
2.00322861176 2.0032446744999999 1.9988256191 1.99942993782 0.0009765625
2.0032446744999999 2.0032607372500002 1.99882130048 1.9994256190999999 0.0009765625
2.0032607372500002 2.0032767999900001 1.9988169819599999 1.9994213004800001 0.0009765625
2.0032767999900001 2.0033089254799998 1.9988083452100001 1.9994169819600001 0.0009765625
2.0033089254799998 2.00334105097 1.99879970885 1.99940834521 0.0009765625
2.00334105097 2.0033731764699998 1.99879107289 1.99939970885 0.0009765625
2.0033731764699998 2.00340530196 1.99878243731 1.99939107289 0.0009765625
2.00340530196 2.0034374274500002 1.9987738021300001 1.99938243731 0.0009765625
2.0034374274500002 2.00346955294 1.99876516735 1.99937380213 0.0009765625
2.00346955294 2.0035016784300002 1.9987565329500001 1.9993651673499999 0.0009765625
2.0035016784300002 2.0035338039199999 1.99874789895 1.99935653295 0.0009765625
2.0035338039199999 2.0035659294100001 1.99873926534 1.99934789895 0.0009765625
2.0035659294100001 2.0035980548999999 1.99873063213 1.9993392653399999 0.0009765625
2.0035980548999999 2.0036301803900001 1.9987219993000001 1.99933063213 0.0009765625
2.0036301803900001 2.0036623058799998 1.9987133668699999 1.9993219993 0.0009765625
2.0036623058799998 2.00369443137 1.99870473484 1.9993133668700001 0.0009765625
2.00369443137 2.0037265568599998 1.9986961031899999 1.9993047348399999 0.0009765625
2.0037265568599998 2.00375868235 1.9986874719400001 1.9992961031900001 0.0009765625
2.00375868235 2.0037908078400002 1.99867884107 1.99928747194 0.0009765625
2.0037908078400002 2.0038229333299999 1.9986702106100001 1.99927884107 0.0009765625
2.0038229333299999 2.0038550588200001 1.9986615805300001 1.99927021061 0.0009765625
2.0038550588200001 2.0038871843099999 1.9986529508499999 1.99926158053 0.0009765625
2.0038871843099999 2.0039193098000001 1.99864432155 1.9992529508500001 0.0009765625
2.0039193098000001 2.0039514352899999 1.99863569265 1.99924432155 0.0009765625
2.0039514352899999 2.0039835607800001 1.9986270641499999 1.9992356926499999 0.0009765625
2.0039835607800001 2.0040156862699998 1.9986184360299999 1.9992270641500001 0.0009765625
2.0040156862699998 2.00404781176 1.9986098083099999 1.99921843603 0.0009765625
2.00404781176 2.0040799372500002 1.9986011809799999 1.9992098083100001 0.0009765625
2.0040799372500002 2.00411206274 1.99859255404 1.9992011809800001 0.0009765625
2.00411206274 2.0041441882300002 1.9985839274899999 1.99919255404 0.0009765625
2.0041441882300002 2.0041763137199999 1.9985753013400001 1.9991839274900001 0.0009765625
2.0041763137199999 2.0042084392100001 1.99856667558 1.99917530134 0.0009765625
2.0042084392100001 2.0042405646999999 1.99855805021 1.9991666755799999 0.0009765625
2.0042405646999999 2.0042726901900001 1.99854942523 1.9991580502099999 0.0009765625
2.0042726901900001 2.0043048156799999 1.9985408006400001 1.9991494252299999 0.0009765625
2.0043048156799999 2.0043369411700001 1.9985321764499999 1.99914080064 0.0009765625
2.0043369411700001 2.0043690666599998 1.99852355265 1.9991321764500001 0.0009765625
2.0043690666599998 2.00440119215 1.99851492924 1.99912355265 0.0009765625
2.00440119215 2.0044333176400002 1.9985063062199999 1.9991149292299999 0.0009765625
2.0044333176400002 2.00446544313 1.9984976835899999 1.9991063062200001 0.0009765625
2.00446544313 2.0044975686200002 1.9984890613499999 1.9990976835900001 0.0009765625
2.0044975686200002 2.0045296941099999 1.99848043951 1.9990890613500001 0.0009765625
2.0045296941099999 2.0045618196000001 1.9984718180600001 1.9990804395099999 0.0009765625
2.0045618196000001 2.0045939450899999 1.998463197 1.99907181806 0.0009765625
2.0045939450899999 2.0046260705800001 1.9984545763299999 1.9990631969999999 0.0009765625
2.0046260705800001 2.0046581960699998 1.9984459560500001 1.9990545763300001 0.0009765625
2.0046581960699998 2.00469032156 1.9984373361600001 1.99904595605 0.0009765625
2.00469032156 2.0047224470499998 1.9984287166700001 1.99903733616 0.0009765625
2.0047224470499998 2.00475457254 1.9984200975699999 1.99902871667 0.0009765625
2.00475457254 2.0047866980300002 1.99841147886 1.9990200975700001 0.0009765625
2.0047866980300002 2.00481882352 1.9984028605399999 1.99901147886 0.0009765625
2.00481882352 2.0048509490100002 1.9983942426100001 1.9990028605400001 0.0009765625
2.0048509490100002 2.0048830744999999 1.9983856250700001 1.99899424261 0.0009765625
2.0048830744999999 2.0049151999900001 1.9983770079200001 1.99898562507 0.0009765625
2.0049151999900001 2.0049473254799999 1.9983683911700001 1.99897700792 0.0009765625
2.0049473254799999 2.0049794509700001 1.9983597748099999 1.99896839117 0.0009765625
2.0049794509700001 2.0050115764599998 1.99835115884 1.9989597748100001 0.0009765625
2.0050115764599998 2.00504370195 1.9983425432499999 1.99895115884 0.0009765625
2.00504370195 2.0050758274399998 1.9983339280700001 1.9989425432500001 0.0009765625
2.0050758274399998 2.00510795293 1.9983253132700001 1.99893392807 0.0009765625
2.00510795293 2.0051400784200002 1.9983166988600001 1.99892531327 0.0009765625
2.0051400784200002 2.00517220391 1.9983080848400001 1.99891669886 0.0009765625
2.00517220391 2.0052043294000002 1.99829947122 1.99890808484 0.0009765625
2.0052043294000002 2.0052364548899999 1.9982908579800001 1.9988994712199999 0.0009765625
2.0052364548899999 2.0052685803800001 1.99828224514 1.99889085798 0.0009765625
2.0052685803800001 2.0053007058699999 1.9982736326899999 1.9988822451399999 0.0009765625
2.0053007058699999 2.0053328313600001 1.9982650206300001 1.9988736326900001 0.0009765625
2.0053328313600001 2.0053649568499998 1.9982564089599999 1.99886502063 0.0009765625
2.0053649568499998 2.00539708234 1.9982477976799999 1.9988564089600001 0.0009765625
2.00539708234 2.0054292078299998 1.99823918679 1.9988477976800001 0.0009765625
2.0054292078299998 2.00546133332 1.9982305762899999 1.9988391867899999 0.0009765625
2.00546133332 2.0054934588100002 1.99822196619 1.99883057629 0.0009765625
2.0054934588100002 2.0055255842999999 1.99821335647 1.99882196618 0.0009765625
2.0055255842999999 2.0055577097900001 1.99820474714 1.9988133564699999 0.0009765625
2.0055577097900001 2.0055898352799999 1.99819613821 1.9988047471399999 0.0009765625
2.0055898352799999 2.0056219607800001 1.99818752966 1.9987961382099999 0.0009765625
2.0056219607800001 2.0056540862699999 1.9981789215100001 1.99878752966 0.0009765625
2.0056540862699999 2.0056862117600001 1.99817031375 1.99877892151 0.0009765625
2.0056862117600001 2.0057183372499998 1.9981617063699999 1.9987703137499999 0.0009765625
2.0057183372499998 2.00575046274 1.9981530993900001 1.9987617063700001 0.0009765625
2.00575046274 2.0057825882300002 1.9981444928000001 1.99875309939 0.0009765625
2.0057825882300002 2.00581471372 1.9981358866000001 1.9987444928 0.0009765625
2.00581471372 2.0058468392100002 1.9981272807899999 1.9987358866 0.0009765625
2.0058468392100002 2.0058789646999999 1.99811867537 1.9987272807900001 0.0009765625
2.0058789646999999 2.0059110901900001 1.9981100703400001 1.9987186753699999 0.0009765625
2.0059110901900001 2.0059432156799999 1.9981014657 1.99871007034 0.0009765625
2.0059432156799999 2.0059753411700001 1.99809286145 1.9987014657 0.0009765625
2.0059753411700001 2.0060074666599998 1.99808425759 1.9986928614499999 0.0009765625
2.0060074666599998 2.0060395921500001 1.99807565412 1.9986842575899999 0.0009765625
2.0060395921500001 2.0060717176399998 1.99806705104 1.9986756541199999 0.0009765625
2.0060717176399998 2.00610384313 1.9980584483599999 1.99866705104 0.0009765625
2.00610384313 2.0061359686200002 1.99804984606 1.9986584483600001 0.0009765625
2.0061359686200002 2.00616809411 1.99804124415 1.99864984606 0.0009765625
2.00616809411 2.0062002196000002 1.9980326426299999 1.9986412441500001 0.0009765625
2.0062002196000002 2.0062323450899999 1.9980240414999999 1.9986326426300001 0.0009765625
2.0062323450899999 2.0062644705800001 1.9980154407699999 1.9986240415000001 0.0009765625
2.0062644705800001 2.0062965960699999 1.99800684042 1.9986154407700001 0.0009765625
2.0062965960699999 2.0063287215600001 1.9979982404600001 1.9986068404199999 0.0009765625
2.0063287215600001 2.0063608470499998 1.99798964089 1.99859824046 0.0009765625
2.0063608470499998 2.00639297254 1.9979810417099999 1.9985896408899999 0.0009765625
2.00639297254 2.0064250980299998 1.9979724429300001 1.9985810417100001 0.0009765625
2.0064250980299998 2.00645722352 1.9979638445300001 1.99857244293 0.0009765625
2.00645722352 2.0064893490100002 1.9979552465199999 1.99856384453 0.0009765625
2.0064893490100002 2.0065214745 1.9979466489 1.9985552465200001 0.0009765625
2.0065214745 2.0065535999900002 1.99793805167 1.9985466488999999 0.0009765625
2.0065535999900002 2.0066178509700001 1.9979208583900001 1.99853805167 0.0009765625
2.0066178509700001 2.0066821019500001 1.9979036666500001 1.99852085838 0.0009765625
2.0066821019500001 2.00674635293 1.99788647648 1.99850366665 0.0009765625
2.00674635293 2.00681060391 1.99786928787 1.9984864764800001 0.0009765625
2.00681060391 2.0068748548899999 1.9978521008100001 1.9984692878700001 0.0009765625
2.0068748548899999 2.0069391058699999 1.9978349153099999 1.99845210081 0.0009765625
2.0069391058699999 2.0070033568499999 1.9978177313700001 1.9984349153100001 0.0009765625
2.0070033568499999 2.0070676078299998 1.9978005489899999 1.99841773137 0.0009765625
2.0070676078299998 2.0071318588099998 1.9977833681599999 1.9984005489900001 0.0009765625
2.0071318588099998 2.0071961097900002 1.99776618889 1.9983833681600001 0.0009765625
2.0071961097900002 2.0072603607700001 1.99774901118 1.99836618889 0.0009765625
2.0072603607700001 2.0073246117500001 1.99773183502 1.99834901118 0.0009765625
2.0073246117500001 2.0073888627300001 1.99771466042 1.9983318350199999 0.0009765625
2.0073888627300001 2.00745311371 1.99769748737 1.9983146604199999 0.0009765625
2.00745311371 2.00751736469 1.9976803158800001 1.9982974873699999 0.0009765625
2.00751736469 2.0075816156699999 1.9976631459500001 1.99828031588 0.0009765625
2.0075816156699999 2.0076458666499999 1.99764597757 1.99826314595 0.0009765625
2.0076458666499999 2.0077101176299998 1.99762881074 1.9982459775700001 0.0009765625
2.0077101176299998 2.0077743686099998 1.9976116454699999 1.9982288107399999 0.0009765625
2.0077743686099998 2.0078386196000002 1.99759448175 1.9982116454700001 0.0009765625
2.0078386196000002 2.0079028705800002 1.99757731959 1.9981944817499999 0.0009765625
2.0079028705800002 2.0079671215600001 1.9975601589800001 1.9981773195899999 0.0009765625
2.0079671215600001 2.0080313725400001 1.9975429999200001 1.99816015898 0.0009765625
2.0080313725400001 2.00809562352 1.99752584242 1.99814299992 0.0009765625
2.00809562352 2.0081598745 1.99750868647 1.9981258424199999 0.0009765625
2.0081598745 2.00822412548 1.99749153207 1.99810868647 0.0009765625
2.00822412548 2.0082883764599999 1.99747437922 1.9980915320699999 0.0009765625
2.0082883764599999 2.0083526274399999 1.99745722793 1.99807437922 0.0009765625
2.0083526274399999 2.0084168784199998 1.9974400781899999 1.99805722793 0.0009765625
2.0084168784199998 2.0084811293999998 1.9974229299999999 1.9980400781900001 0.0009765625
2.0084811293999998 2.0085453803800002 1.9974057833600001 1.9980229300000001 0.0009765625
2.0085453803800002 2.0086096313600001 1.9973886382799999 1.99800578336 0.0009765625
2.0086096313600001 2.0086738823400001 1.9973714947400001 1.9979886382800001 0.0009765625
2.0086738823400001 2.0087381333200001 1.99735435276 1.99797149474 0.0009765625
2.0087381333200001 2.0088023843 1.9973372123199999 1.9979543527600001 0.0009765625
2.0088023843 2.00886663528 1.9973200734400001 1.9979372123200001 0.0009765625
2.00886663528 2.0089308862599999 1.9973029361000001 1.99792007344 0.0009765625
2.0089308862599999 2.0089951372399999 1.99728580032 1.9979029361 0.0009765625
2.0089951372399999 2.0090593882199999 1.9972686660800001 1.99788580032 0.0009765625
2.0090593882199999 2.0091236391999998 1.9972515334000001 1.99786866608 0.0009765625
2.0091236391999998 2.0091878901800002 1.9972344022599999 1.9978515334 0.0009765625
2.0091878901800002 2.0092521411600002 1.9972172726699999 1.9978344022600001 0.0009765625
2.0092521411600002 2.0093163921400001 1.9972001446300001 1.9978172726700001 0.0009765625
2.0093163921400001 2.0093806431200001 1.9971830181400001 1.99780014463 0.0009765625
2.0093806431200001 2.0094448941 1.9971658932 1.99778301814 0.0009765625
2.0094448941 2.00950914508 1.9971487697999999 1.9977658932 0.0009765625
2.00950914508 2.00957339606 1.9971316479500001 1.9977487698 0.0009765625
2.00957339606 2.0096376470399999 1.99711452765 1.99773164795 0.0009765625
2.0096376470399999 2.0097018980199999 1.9970974089 1.9977145276499999 0.0009765625
2.0097018980199999 2.0097661489999998 1.9970802916899999 1.9976974088999999 0.0009765625
2.0097661489999998 2.0098303999799998 1.9970631760299999 1.9976802916900001 0.0009765625
2.0098303999799998 2.0098946509600002 1.9970460619199999 1.9976631760300001 0.0009765625
2.0098946509600002 2.0099589019400002 1.99702894935 1.99764606192 0.0009765625
2.0099589019400002 2.0100231529200001 1.99701183833 1.9976289493499999 0.0009765625
2.0100231529200001 2.0100874039100001 1.9969947288500001 1.9976118383299999 0.0009765625
2.0100874039100001 2.01015165489 1.9969776209200001 1.99759472885 0.0009765625
2.01015165489 2.01021590587 1.99696051453 1.99757762092 0.0009765625
2.01021590587 2.0102801568499999 1.9969434096900001 1.9975605145299999 0.0009765625
2.0102801568499999 2.0103444078299999 1.99692630639 1.99754340969 0.0009765625
2.0103444078299999 2.0104086588099999 1.9969092046400001 1.99752630639 0.0009765625
2.0104086588099999 2.0104729097899998 1.9968921044300001 1.99750920464 0.0009765625
2.0104729097899998 2.0105371607700002 1.99687500577 1.99749210443 0.0009765625
2.0105371607700002 2.0106014117500002 1.99685790865 1.9974750057699999 0.0009765625
2.0106014117500002 2.0106656627300001 1.9968408130699999 1.9974579086499999 0.0009765625
2.0106656627300001 2.0107299137100001 1.99682371903 1.9974408130700001 0.0009765625
2.0107299137100001 2.0107941646900001 1.99680662654 1.9974237190299999 0.0009765625
2.0107941646900001 2.01085841567 1.9967895355900001 1.9974066265399999 0.0009765625
2.01085841567 2.01092266665 1.99677244619 1.99738953559 0.0009765625
2.01092266665 2.0109869176299999 1.99675535832 1.99737244619 0.0009765625
2.0109869176299999 2.0110511686099999 1.996738272 1.9973553583200001 0.0009765625
2.0110511686099999 2.0111154195899998 1.9967211872199999 1.9973382719999999 0.0009765625
2.0111154195899998 2.0111796705699998 1.99670410398 1.9973211872200001 0.0009765625
2.0111796705699998 2.0112439215500002 1.9966870222799999 1.9973041039799999 0.0009765625
2.0112439215500002 2.0113081725300002 1.99666994212 1.9972870222800001 0.0009765625
2.0113081725300002 2.0113724235100001 1.9966528635 1.99726994212 0.0009765625
2.0113724235100001 2.0114366744900001 1.9966357864299999 1.9972528635 0.0009765625
2.0114366744900001 2.01150092547 1.99661871089 1.9972357864300001 0.0009765625
2.01150092547 2.01156517645 1.9966016368899999 1.9972187108899999 0.0009765625
2.01156517645 2.01162942743 1.99658456444 1.9972016368900001 0.0009765625
2.01162942743 2.0116936784099999 1.99656749352 1.9971845644399999 0.0009765625
2.0116936784099999 2.0117579293899999 1.9965504241400001 1.9971674935199999 0.0009765625
2.0117579293899999 2.0118221803699998 1.9965333563000001 1.99715042414 0.0009765625
2.0118221803699998 2.0118864313499998 1.99651629 1.9971333563 0.0009765625
2.0118864313499998 2.0119506823300002 1.99649922524 1.9971162899999999 0.0009765625
2.0119506823300002 2.0120149333100001 1.99648216202 1.9970992252399999 0.0009765625
2.0120149333100001 2.0120791842900001 1.99646510033 1.9970821620200001 0.0009765625
2.0120791842900001 2.0121434352700001 1.99644804018 1.99706510033 0.0009765625
2.0121434352700001 2.01220768625 1.9964309815700001 1.9970480401799999 0.0009765625
2.01220768625 2.01227193723 1.9964139245000001 1.99703098157 0.0009765625
2.01227193723 2.0123361882199999 1.99639686896 1.9970139245 0.0009765625
2.0123361882199999 2.0124004391999999 1.9963798149600001 1.9969968689599999 0.0009765625
2.0124004391999999 2.0124646901799998 1.9963627625 1.99697981496 0.0009765625
2.0124646901799998 2.0125289411599998 1.9963457115700001 1.9969627624999999 0.0009765625
2.0125289411599998 2.0125931921400002 1.99632866218 1.99694571157 0.0009765625
2.0125931921400002 2.0126574431200002 1.9963116143299999 1.99692866218 0.0009765625
2.0126574431200002 2.0127216941000001 1.9962945680099999 1.9969116143300001 0.0009765625
2.0127216941000001 2.0127859450800001 1.9962775232200001 1.9968945680100001 0.0009765625
2.0127859450800001 2.01285019606 1.9962604799699999 1.99687752322 0.0009765625
2.01285019606 2.01291444704 1.9962434382600001 1.99686047997 0.0009765625
2.01291444704 2.01297869802 1.9962263980799999 1.99684343826 0.0009765625
2.01297869802 2.0130429489999999 1.9962093594300001 1.9968263980800001 0.0009765625
2.0130429489999999 2.0131071999799999 1.99619232232 1.99680935943 0.0009765625
2.0131071999799999 2.01376255998 1.9960186313599999 1.9967923223299999 0.0009765625
2.01376255998 2.0144179199800001 1.9958450997199999 1.9966186313600001 0.0009765625
2.0144179199800001 2.0150732799800002 1.99567172715 1.9964450997200001 0.0009765625
2.0150732799800002 2.0157286399699998 1.9954985134000001 1.9962717271499999 0.0009765625
2.0157286399699998 2.01638399997 1.9953254582 1.9960985134 0.0009765625
2.01638399997 2.0170393599700001 1.9951525613000001 1.9959254581999999 0.0009765625
2.0170393599700001 2.0176947199700002 1.9949798224599999 1.9957525613 0.0009765625
2.0176947199700002 2.0183500799699998 1.99480724141 1.9955798224600001 0.0009765625
2.0183500799699998 2.0190054399699999 1.9946348179 1.9954072414099999 0.0009765625
2.0190054399699999 2.01966079997 1.9944625516800001 1.9952348178999999 0.0009765625
2.01966079997 2.0203161599700001 1.9942904425000001 1.99506255168 0.0009765625
2.0203161599700001 2.0209715199699998 1.99411849011 1.9948904425 0.0009765625
2.0209715199699998 2.0216268799599999 1.9939466942599999 1.9947184901099999 0.0009765625
2.0216268799599999 2.02228223996 1.9937750546899999 1.9945466942600001 0.0009765625
2.02228223996 2.0229375999600001 1.99360357116 1.9943750546900001 0.0009765625
2.0229375999600001 2.0235929599600002 1.99343224341 1.9942035711599999 0.0009765625
2.0235929599600002 2.0242483199599999 1.9932610712100001 1.99403224341 0.0009765625
2.0242483199599999 2.02490367996 1.9930900543000001 1.99386107121 0.0009765625
2.02490367996 2.0255590399600001 1.99291919244 1.9936900543 0.0009765625
2.0255590399600001 2.0262143999600002 1.9927484853699999 1.99351919244 0.0009765625
2.0262143999600002 2.02752511995 1.9924075346500001 1.9933484853700001 0.0009765625
2.02752511995 2.0288358399500002 1.9920672001699999 1.99300753465 0.0009765625
2.0288358399500002 2.0301465599499999 1.99172747999 1.9926672001700001 0.0009765625
2.0301465599499999 2.0314572799500001 1.9913883721600001 1.9923274799899999 0.0009765625
2.0314572799500001 2.0327679999499999 1.9910498747400001 1.99198837216 0.0009765625
2.0327679999499999 2.0340787199400001 1.99071198581 1.99164987474 0.0009765625
2.0340787199400001 2.0353894399399999 1.9903747034499999 1.9913119858099999 0.0009765625
2.0353894399399999 2.0367001599400001 1.9900380257500001 1.99097470345 0.0009765625
2.0367001599400001 2.0380108799399999 1.9897019508 1.99063802575 0.0009765625
2.0380108799399999 2.0393215999400001 1.9893664767100001 1.9903019507999999 0.0009765625
2.0393215999400001 2.0406323199299998 1.98903160161 1.98996647671 0.0009765625
2.0406323199299998 2.04194303993 1.9886973236100001 1.98963160161 0.0009765625
2.04194303993 2.0432537599299998 1.9883636408400001 1.98929732361 0.0009765625
2.0432537599299998 2.04456447993 1.9880305514600001 1.98896364084 0.0009765625
2.04456447993 2.0458751999200002 1.98769805359 1.98863055146 0.0009765625
2.0458751999200002 2.04718591992 1.98736614541 1.9882980535899999 0.0009765625
2.04718591992 2.0484966399200002 1.9870348250800001 1.9879661454099999 0.0009765625
2.0484966399200002 2.04980735992 1.98670409077 1.98763482508 0.0009765625
2.04980735992 2.0511180799200002 1.9863739406600001 1.9873040907699999 0.0009765625
2.0511180799200002 2.0524287999099999 1.9860443729399999 1.98697394066 0.0009765625
2.0524287999099999 2.0550502399099999 1.9853869774799999 1.9866443729400001 0.0009765625
2.0550502399099999 2.0576716799099999 1.9847318900599999 1.9859869774800001 0.0009765625
2.0576716799099999 2.0602931198999999 1.9840790964699999 1.9853318900600001 0.0009765625
2.0602931198999999 2.0629145598999998 1.98342858265 1.9846790964700001 0.0009765625
2.0629145598999998 2.0655359998899998 1.9827803346399999 1.9840285826499999 0.0009765625
2.0655359998899998 2.0681574398899998 1.9821343385900001 1.9833803346400001 0.0009765625
2.0681574398899998 2.0707788798800002 1.9814905808200001 1.98273433859 0.0009765625
2.0707788798800002 2.0734003198800002 1.9808490477 1.98209058082 0.0009765625
2.0734003198800002 2.0760217598800002 1.98020972578 1.9814490477 0.0009765625
2.0760217598800002 2.0786431998700001 1.9795726016799999 1.9808097257799999 0.0009765625
2.0786431998700001 2.0812646398700001 1.9789376621699999 1.9801726016800001 0.0009765625
2.0812646398700001 2.0838860798600001 1.9783048941000001 1.97953766217 0.0009765625
2.0838860798600001 2.08650751986 1.9776742844599999 1.9789048941 0.0009765625
2.08650751986 2.08912895985 1.9770458203300001 1.9782742844600001 0.0009765625
2.08912895985 2.09175039985 1.97641948892 1.97764582033 0.0009765625
2.09175039985 2.09437183985 1.9757952775300001 1.9770194889199999 0.0009765625
2.09437183985 2.0969932798399999 1.97517317357 1.97639527753 0.0009765625
2.0969932798399999 2.0996147198399999 1.9745531645700001 1.9757731735699999 0.0009765625
2.0996147198399999 2.1022361598299999 1.9739352381599999 1.97515316457 0.0009765625
2.1022361598299999 2.1048575998299999 1.9733193820499999 1.9745352381600001 0.0009765625
2.1048575998299999 2.1101004798199998 1.9720938321999999 1.9739193820500001 0.0009765625
2.1101004798199998 2.1153433598100002 1.9708764188900001 1.9726938322000001 0.0009765625
2.1153433598100002 2.1205862398000002 1.96966704758 1.97147641889 0.0009765625
2.1205862398000002 2.1258291197900001 1.9684656252799999 1.9702670475799999 0.0009765625
2.1258291197900001 2.1310719997900001 1.96727206054 1.9690656252800001 0.0009765625
2.1310719997900001 2.13631487978 1.96608626337 1.96787206054 0.0009765625
2.13631487978 2.14155775977 1.9649081452699999 1.96668626337 0.0009765625
2.14155775977 2.1468006397599999 1.96373761916 1.9655081452700001 0.0009765625
2.1468006397599999 2.1520435197499999 1.9625745993499999 1.9643376191599999 0.0009765625
2.1520435197499999 2.1572863997399998 1.9614190015199999 1.96317459935 0.0009765625
2.1572863997399998 2.1625292797300002 1.9602707427199999 1.9620190015200001 0.0009765625
2.1625292797300002 2.1677721597300001 1.9591297412899999 1.9608707427200001 0.0009765625
2.1677721597300001 2.1730150397200001 1.9579959168500001 1.9597297412900001 0.0009765625
2.1730150397200001 2.17825791971 1.95686919031 1.95859591685 0.0009765625
2.17825791971 2.1835007997 1.95574948379 1.9574691903100001 0.0009765625
2.1835007997 2.1887436796899999 1.9546367206399999 1.95634948379 0.0009765625
2.1887436796899999 2.1939865596799999 1.9535308253899999 1.9552367206400001 0.0009765625
2.1939865596799999 2.1992294396699998 1.95243172373 1.95413082539 0.0009765625
2.1992294396699998 2.2044723196699998 1.9513393425000001 1.9530317237299999 0.0009765625
2.2044723196699998 2.2097151996600002 1.9502536096400001 1.9519393425 0.0009765625
2.2097151996600002 2.2202009596400001 1.94740180634 1.9515536096499999 0.0009765625
2.2202009596400001 2.23068671962 1.94527575897 1.94940180634 0.0009765625
2.23068671962 2.2411724796099999 1.94317492921 1.94727575897 0.0009765625
2.2411724796099999 2.2516582395900002 1.94109879464 1.94517492921 0.0009765625
2.2516582395900002 2.2621439995700001 1.9390468481400001 1.94309879464 0.0009765625
2.2621439995700001 2.27262975955 1.9370185973 1.9410468481400001 0.0009765625
2.27262975955 2.2831155195399999 1.9350135639099999 1.9390185973 0.0009765625
2.2831155195399999 2.2936012795199998 1.9330312833800001 1.9370135639099999 0.0009765625
2.2936012795199998 2.3040870395000002 1.9310713042700001 1.9350312833800001 0.0009765625
2.3040870395000002 2.3145727994900001 1.92913318783 1.9330713042700001 0.0009765625
2.3145727994900001 2.32505855947 1.9272165075000001 1.93113318783 0.0009765625
2.32505855947 2.3355443194499999 1.92532084854 1.9292165075000001 0.0009765625
2.3355443194499999 2.3460300794300002 1.92344580751 1.92732084854 0.0009765625
2.3460300794300002 2.3565158394200001 1.9215909919700001 1.9254458075100001 0.0009765625
2.3565158394200001 2.3670015994 1.9197560200599999 1.9235909919700001 0.0009765625
2.3670015994 2.3774873593799999 1.9179405200999999 1.9217560200599999 0.0009765625
2.3774873593799999 2.3879731193699998 1.91614413029 1.9199405200999999 0.0009765625
2.3879731193699998 2.3984588793500001 1.9143664983599999 1.91814413029 0.0009765625
2.3984588793500001 2.40894463933 1.9126072812299999 1.9163664983599999 0.0009765625
2.40894463933 2.4194303993099999 1.9108661446999999 1.9146072812299999 0.0009765625
2.4194303993099999 2.4294168373899998 1.90922443109 1.9128661446999999 0.0009765625
2.4294168373899998 2.4394032754700001 1.9075985474899999 1.91122443109 0.0009765625
2.4394032754700001 2.44938971355 1.9059882263000001 1.9095985474899999 0.0009765625
2.44938971355 2.4593761516299999 1.90439320631 1.9079882263000001 0.0009765625
2.4593761516299999 2.4693625897100002 1.90281323254 1.90639320631 0.0009765625
2.4693625897100002 2.4793490277900001 1.90124805602 1.90481323254 0.0009765625
2.4793490277900001 2.48933546587 1.8996974336600001 1.90324805602 0.0009765625
2.48933546587 2.4993219039399999 1.8981611280099999 1.9016974336600001 0.0009765625
2.4993219039399999 2.5093083420200002 1.8966389071300001 1.9001611280099999 0.0009765625
2.5093083420200002 2.5192947801000001 1.89513054441 1.8986389071300001 0.0009765625
2.5192947801000001 2.52928121818 1.8936358184199999 1.89713054441 0.0009765625
2.52928121818 2.5392676562599998 1.8921545127499999 1.89563581842 0.0009765625
2.5392676562599998 2.5492540943400002 1.89138641587 1.89345451275 0.0009765625
2.5492540943400002 2.55924053242 1.8899313209899999 1.8919864158699999 0.0009765625
2.55924053242 2.5692269704999999 1.8884890259 1.8905313209900001 0.0009765625
2.5692269704999999 2.5792134085799998 1.8870593328900001 1.8890890258999999 0.0009765625
2.5792134085799998 2.5891998466500001 1.8856420485600001 1.88765933289 0.0009765625
2.5891998466500001 2.59918628473 1.8842369837399999 1.88624204856 0.0009765625
2.59918628473 2.6091727228099999 1.8828439533500001 1.8848369837400001 0.0009765625
2.6091727228099999 2.6191591608899998 1.88146277632 1.88344395335 0.0009765625
2.6191591608899998 2.6291455989700001 1.8800932754199999 1.88206277632 0.0009765625
2.6291455989700001 2.63913203705 1.8787352772000001 1.8806932754200001 0.0009765625
2.63913203705 2.6491184751299999 1.8773886118800001 1.8793352772 0.0009765625
2.6491184751299999 2.6591049132100002 1.87605311324 1.87798861188 0.0009765625
2.6591049132100002 2.6690913512900001 1.8747286185200001 1.8766531132399999 0.0009765625
2.6690913512900001 2.67907778936 1.8734149683500001 1.87532861852 0.0009765625
2.67907778936 2.6890642274399998 1.8721120066200001 1.87401496835 0.0009765625
2.6890642274399998 2.6990506655200002 1.8708195804400001 1.87271200662 0.0009765625
2.6990506655200002 2.7090371036000001 1.8695375400200001 1.87141958044 0.0009765625
2.7090371036000001 2.7190235416799999 1.8682657385999999 1.87013754002 0.0009765625
2.7190235416799999 2.7290099797599998 1.8670040323799999 1.8688657386 0.0009765625
2.7290099797599998 2.7389964178400001 1.86575228042 1.8676040323800001 0.0009765625
2.7389964178400001 2.74898285592 1.86451034459 1.8663522804199999 0.0009765625
2.74898285592 2.7589692939999999 1.8632780894800001 1.8651103445899999 0.0009765625
2.7589692939999999 2.7689557320699998 1.8620553823599999 1.86387808948 0.0009765625
2.7689557320699998 2.7789421701500001 1.86084209308 1.8626553823600001 0.0009765625
2.7789421701500001 2.78892860823 1.8596380939999999 1.86144209308 0.0009765625
2.78892860823 2.7989150463099999 1.85844325996 1.8602380940000001 0.0009765625
2.7989150463099999 2.8089014843900002 1.8572574682 1.85904325996 0.0009765625
2.8089014843900002 2.8188879224700001 1.8560805983099999 1.8578574682 0.0009765625
2.8188879224700001 2.82887436055 1.85491253214 1.8566805983100001 0.0009765625
2.82887436055 2.8388607986299998 1.8537531538000001 1.8555125321399999 0.0009765625
2.8388607986299998 2.8567651543400001 1.85099593491 1.8550531537999999 0.0009765625
2.8567651543400001 2.8746695100399999 1.84896563906 1.8529959349 0.0009765625
2.8746695100399999 2.8925738657500002 1.84696164872 1.85096563906 0.0009765625
2.8925738657500002 2.91047822146 1.8449833664699999 1.84896164872 0.0009765625
2.91047822146 2.9283825771699998 1.8430302141199999 1.8469833664699999 0.0009765625
2.9283825771699998 2.9462869328800001 1.84110163196 1.8450302141199999 0.0009765625
2.9462869328800001 2.9641912885799999 1.83919707799 1.84310163196 0.0009765625
2.9641912885799999 2.9820956442900002 1.83731602717 1.84119707799 0.0009765625
2.9820956442900002 3 1.8354579707600001 1.83931602717 0.0009765625
3 3.0199404761899999 1.8334150760300001 1.8374579707600001 0.0009765625
3.0199404761899999 3.0398809523799999 1.83139943251 1.8354150760300001 0.0009765625
3.0398809523799999 3.0598214285699998 1.82941040303 1.83339943251 0.0009765625
3.0598214285699998 3.0797619047599998 1.8274473715799999 1.83141040303 0.0009765625
3.0797619047599998 3.0997023809500002 1.82550974239 1.8294473715799999 0.0009765625
3.0997023809500002 3.1196428571400001 1.82359693908 1.82750974239 0.0009765625
3.1196428571400001 3.1395833333300001 1.82170840388 1.82559693908 0.0009765625
3.1395833333300001 3.15952380952 1.8198435968 1.82370840388 0.0009765625
3.15952380952 3.1794642857099999 1.8180019949399999 1.8218435968 0.0009765625
3.1794642857099999 3.1994047618999999 1.8161830917899999 1.8200019949399999 0.0009765625
3.1994047618999999 3.2193452380999998 1.81438639653 1.8181830917899999 0.0009765625
3.2193452380999998 3.2392857142899998 1.8126114334700001 1.81638639653 0.0009765625
3.2392857142899998 3.2592261904800002 1.81085774139 1.8146114334700001 0.0009765625
3.2592261904800002 3.2791666666700001 1.809124873 1.81285774139 0.0009765625
3.2791666666700001 3.2991071428600001 1.8074123944 1.811124873 0.0009765625
3.2991071428600001 3.31904761905 1.80571988455 1.8094123944 0.0009765625
3.31904761905 3.33898809524 1.8040469347700001 1.80771988455 0.0009765625
3.33898809524 3.3589285714299999 1.8023931483 1.8060469347699999 0.0009765625
3.3589285714299999 3.3788690476199998 1.8007581398500001 1.8043931483 0.0009765625
3.3788690476199998 3.3988095238099998 1.79914153513 1.8027581398500001 0.0009765625
3.3988095238099998 3.4187500000000002 1.7975429705099999 1.80114153513 0.0009765625
3.4187500000000002 3.4386904761900001 1.7959620925499999 1.7995429705099999 0.0009765625
3.4386904761900001 3.4586309523800001 1.7943985576999999 1.7979620925499999 0.0009765625
3.4586309523800001 3.47857142857 1.7928520319300001 1.7963985576999999 0.0009765625
3.47857142857 3.49851190476 1.7913221903400001 1.7948520319300001 0.0009765625
3.49851190476 3.5184523809499999 1.7898087169100001 1.7933221903400001 0.0009765625
3.5184523809499999 3.5383928571399998 1.7883113041300001 1.7918087169100001 0.0009765625
3.5383928571399998 3.5583333333299998 1.7868296527200001 1.7903113041300001 0.0009765625
3.5583333333299998 3.5782738095200002 1.78536347137 1.7888296527200001 0.0009765625
3.5782738095200002 3.5982142857100001 1.7839124764200001 1.78736347137 0.0009765625
3.5982142857100001 3.6181547619000001 1.7824763916599999 1.7859124764200001 0.0009765625
3.6181547619000001 3.6380952381 1.78105494801 1.7844763916599999 0.0009765625
3.6380952381 3.65803571429 1.77964788334 1.78305494801 0.0009765625
3.65803571429 3.6779761904799999 1.7782549422 1.78164788334 0.0009765625
3.6779761904799999 3.6979166666699999 1.77687587563 1.7802549422 0.0009765625
3.6979166666699999 3.7178571428599998 1.7755104409 1.77887587563 0.0009765625
3.7178571428599998 3.7377976190500002 1.77415840137 1.7775104409 0.0009765625
3.7377976190500002 3.7577380952400001 1.7728195262499999 1.77615840137 0.0009765625
3.7577380952400001 3.7776785714300001 1.77149359042 1.7748195262499999 0.0009765625
3.7776785714300001 3.79761904762 1.77018037426 1.77349359042 0.0009765625
3.79761904762 3.81755952381 1.7688796634699999 1.77218037426 0.0009765625
3.81755952381 3.8374999999999999 1.7675912489000001 1.7708796634699999 0.0009765625
3.8374999999999999 3.8574404761899999 1.76631492641 1.7695912489000001 0.0009765625
3.8574404761899999 3.8773809523799998 1.76505049667 1.76831492641 0.0009765625
3.8773809523799998 3.8973214285700002 1.7637977650700001 1.76705049667 0.0009765625
3.8973214285700002 3.9172619047600001 1.76255654153 1.7657977650700001 0.0009765625
3.9172619047600001 3.9372023809500001 1.7613266403900001 1.76455654153 0.0009765625
3.9372023809500001 3.95714285714 1.7601078802600001 1.7633266403900001 0.0009765625
3.95714285714 3.97708333333 1.7596000838999999 1.7614078802599999 0.0009765625
3.97708333333 3.9970238095199999 1.75840307812 1.7602000839 0.0009765625
3.9970238095199999 4.0169642857100003 1.75721669361 1.7590030781199999 0.0009765625
4.0169642857100003 4.0369047618999998 1.75604076486 1.7578166936099999 0.0009765625
4.0369047618999998 4.0568452381000002 1.7548751300700001 1.75664076486 0.0009765625
4.0568452381000002 4.0767857142899997 1.7537196309900001 1.75547513007 0.0009765625
4.0767857142899997 4.0967261904800001 1.7525741128500001 1.75431963099 0.0009765625
4.0967261904800001 4.1166666666699996 1.7514384242800001 1.75317411285 0.0009765625
4.1166666666699996 4.13660714286 1.75031241716 1.75203842428 0.0009765625
4.13660714286 4.1565476190500004 1.74919594659 1.7509124171599999 0.0009765625
4.1565476190500004 4.1764880952399999 1.74808887074 1.7497959465899999 0.0009765625
4.1764880952399999 4.1964285714300003 1.7469910508199999 1.7486888707399999 0.0009765625
4.1964285714300003 4.2163690476199998 1.74590235096 1.7475910508200001 0.0009765625
4.2163690476199998 4.2363095238100001 1.74482263814 1.7465023509599999 0.0009765625
4.2363095238100001 4.2562499999999996 1.7437517821299999 1.74542263814 0.0009765625
4.2562499999999996 4.27619047619 1.74268965538 1.7443517821300001 0.0009765625
4.27619047619 4.2961309523800004 1.7416361329600001 1.7432896553799999 0.0009765625
4.2961309523800004 4.3160714285699999 1.7405910925300001 1.74223613296 0.0009765625
4.3160714285699999 4.3360119047600003 1.7395544142099999 1.74119109253 0.0009765625
4.3360119047600003 4.3559523809499998 1.73852598055 1.7401544142100001 0.0009765625
4.3559523809499998 4.3758928571400002 1.7375056764600001 1.7391259805499999 0.0009765625
4.3758928571400002 4.3958333333299997 1.7364933891400001 1.73810567646 0.0009765625
4.3958333333299997 4.4157738095200001 1.7354890080600001 1.73709338914 0.0009765625
4.4157738095200001 4.4357142857099996 1.73449242483 1.73608900806 0.0009765625
4.4357142857099996 4.4556547619 1.7335035332099999 1.7350924248299999 0.0009765625
4.4556547619 4.4755952381000004 1.73252222903 1.7341035332100001 0.0009765625
4.4755952381000004 4.4955357142899999 1.73154841012 1.7331222290299999 0.0009765625
4.4955357142899999 4.5154761904800003 1.7305819763000001 1.73214841012 0.0009765625
4.5154761904800003 4.5354166666699998 1.7296228293 1.7311819763 0.0009765625
4.5354166666699998 4.5553571428600002 1.72867087272 1.7302228292999999 0.0009765625
4.5553571428600002 4.5752976190499997 1.72772601199 1.7292708727199999 0.0009765625
4.5752976190499997 4.59523809524 1.7267881543100001 1.7283260119899999 0.0009765625
4.59523809524 4.6151785714300004 1.7258572086299999 1.72738815431 0.0009765625
4.6151785714300004 4.6351190476199999 1.72493308559 1.7264572086300001 0.0009765625
4.6351190476199999 4.6550595238100003 1.7240156974700001 1.72553308559 0.0009765625
4.6550595238100003 4.6749999999999998 1.72310495819 1.72461569747 0.0009765625
4.6749999999999998 4.6949404761900002 1.7222007832299999 1.7237049581899999 0.0009765625
4.6949404761900002 4.7148809523799997 1.7213030895899999 1.7228007832300001 0.0009765625
4.7148809523799997 4.7348214285700001 1.72041179582 1.72190308959 0.0009765625
4.7348214285700001 4.7547619047599996 1.7195268218799999 1.72101179582 0.0009765625
4.7547619047599996 4.77470238095 1.71864808921 1.7201268218800001 0.0009765625
4.77470238095 4.7946428571400004 1.7177755206200001 1.7192480892099999 0.0009765625
4.7946428571400004 4.8145833333299999 1.71690904029 1.71837552062 0.0009765625
4.8145833333299999 4.8345238095200003 1.71604857375 1.71750904029 0.0009765625
4.8345238095200003 4.8544642857099998 1.7151940478300001 1.7166485737499999 0.0009765625
4.8544642857099998 4.8744047619000002 1.7143453906099999 1.71579404783 0.0009765625
4.8744047619000002 4.8943452380999997 1.7135025314400001 1.7149453906100001 0.0009765625
4.8943452380999997 4.9142857142900001 1.7126654009 1.71410253144 0.0009765625
4.9142857142900001 4.9342261904800004 1.7118339307399999 1.7132654008999999 0.0009765625
4.9342261904800004 4.9541666666699999 1.7110080538700001 1.7124339307400001 0.0009765625
4.9541666666699999 4.9741071428600003 1.71018770435 1.71160805387 0.0009765625
4.9741071428600003 4.9940476190499998 1.70937281736 1.7107877043499999 0.0009765625
4.9940476190499998 5.0139880952400002 1.70856332915 1.70997281736 0.0009765625
5.0139880952400002 5.0339285714299997 1.70775917705 1.7091633291499999 0.0009765625
5.0339285714299997 5.0538690476200001 1.7069602994299999 1.70835917705 0.0009765625
5.0538690476200001 5.0738095238099996 1.70616663567 1.7075602994300001 0.0009765625
5.0738095238099996 5.09375 1.7053781261700001 1.70676663567 0.0009765625
5.09375 5.1136904761900004 1.70459471228 1.70597812617 0.0009765625
5.1136904761900004 5.1336309523799999 1.7038163363200001 1.70519471228 0.0009765625
5.1336309523799999 5.1535714285700003 1.7030429415399999 1.70441633632 0.0009765625
5.1535714285700003 5.1735119047599998 1.70227447211 1.7036429415400001 0.0009765625
5.1735119047599998 5.1934523809500002 1.7015108730999999 1.70287447211 0.0009765625
5.1934523809500002 5.2133928571399997 1.70075209044 1.7021108731000001 0.0009765625
5.2133928571399997 5.2333333333300001 1.69999807095 1.7013520904399999 0.0009765625
5.2333333333300001 5.2532738095199996 1.6992487622700001 1.7005980709499999 0.0009765625
5.2532738095199996 5.2732142857099999 1.69850411285 1.69984876227 0.0009765625
5.2732142857099999 5.2931547619000003 1.69776407199 1.69910411285 0.0009765625
5.2931547619000003 5.3130952380999998 1.6970285897499999 1.6983640719899999 0.0009765625
5.3130952380999998 5.3330357142900002 1.6962976169599999 1.6976285897500001 0.0009765625
5.3330357142900002 5.3529761904799997 1.69557110524 1.6968976169600001 0.0009765625
5.3529761904799997 5.3729166666700001 1.69484900693 1.6961711052399999 0.0009765625
5.3729166666700001 5.3928571428599996 1.6941312751099999 1.6954490069299999 0.0009765625
5.3928571428599996 5.41279761905 1.6934178635599999 1.6947312751100001 0.0009765625
5.41279761905 5.4327380952400004 1.6927087267800001 1.6940178635600001 0.0009765625
5.4327380952400004 5.4526785714299999 1.69200381995 1.69330872678 0.0009765625
5.4526785714299999 5.4726190476200003 1.69130309892 1.69260381995 0.0009765625
5.4726190476200003 5.4925595238099998 1.6906065202 1.6919030989199999 0.0009765625
5.4925595238099998 5.5125000000000002 1.68991404095 1.6912065202 0.0009765625
5.5125000000000002 5.5324404761899997 1.6892256189599999 1.6905140409499999 0.0009765625
5.5324404761899997 5.5523809523800001 1.6885412126699999 1.6898256189600001 0.0009765625
5.5523809523800001 5.5723214285699996 1.6878607810799999 1.6891412126700001 0.0009765625
5.5723214285699996 5.59226190476 1.68718428383 1.6884607810800001 0.0009765625
5.59226190476 5.6122023809500003 1.6865116811400001 1.6877842838299999 0.0009765625
5.6122023809500003 5.6321428571399998 1.6858429338000001 1.68711168114 0.0009765625
5.6321428571399998 5.6520833333300002 1.6851780031600001 1.6864429338 0.0009765625
5.6520833333300002 5.6720238095199997 1.6845168511399999 1.68577800316 0.0009765625
5.6720238095199997 5.6919642857100001 1.68385944019 1.6851168511400001 0.0009765625
5.6919642857100001 5.7119047618999996 1.6832057332999999 1.6844594401899999 0.0009765625
5.7119047618999996 5.7318452381 1.6825556939999999 1.6838057333000001 0.0009765625
5.7318452381 5.7517857142900004 1.68190928632 1.6831556940000001 0.0009765625
5.7517857142900004 5.7717261904799999 1.6812664747899999 1.68250928632 0.0009765625
5.7717261904799999 5.7916666666700003 1.68062722444 1.6818664747900001 0.0009765625
5.7916666666700003 5.8116071428599998 1.6799915007999999 1.6812272244399999 0.0009765625
5.8116071428599998 5.8315476190500002 1.6793592698699999 1.6805915008000001 0.0009765625
5.8315476190500002 5.8514880952399997 1.67873049811 1.6799592698700001 0.0009765625
5.8514880952399997 5.8714285714300001 1.6781051524599999 1.6793304981099999 0.0009765625
5.8714285714300001 5.8913690476199996 1.67748320031 1.6787051524600001 0.0009765625
5.8913690476199996 5.91130952381 1.6768646094699999 1.6780832003099999 0.0009765625
5.91130952381 5.9312500000000004 1.67624934821 1.6774646094700001 0.0009765625
5.9312500000000004 5.9511904761899999 1.6756373852399999 1.67684934821 0.0009765625
5.9511904761899999 5.9711309523800002 1.67502868967 1.6762373852400001 0.0009765625
5.9711309523800002 5.9910714285699997 1.67442323103 1.6756286896699999 0.0009765625
5.9910714285699997 6.0110119047600001 1.6738209792600001 1.6750232310299999 0.0009765625
6.0110119047600001 6.0309523809499996 1.6732219047000001 1.67442097926 0.0009765625
6.0309523809499996 6.05089285714 1.6726259780899999 1.6738219047 0.0009765625
6.05089285714 6.0708333333300004 1.67203317054 1.6732259780900001 0.0009765625
6.0708333333300004 6.0907738095199999 1.67144345355 1.6726331705399999 0.0009765625
6.0907738095199999 6.1107142857100003 1.6708567989900001 1.6720434535499999 0.0009765625
6.1107142857100003 6.1306547618999998 1.6702731791100001 1.67145679899 0.0009765625
6.1306547618999998 6.1505952381000002 1.6696925665 1.67087317911 0.0009765625
6.1505952381000002 6.1705357142899997 1.66911493411 1.6702925664999999 0.0009765625
6.1705357142899997 6.1904761904800001 1.6685402552599999 1.6697149341099999 0.0009765625
6.1904761904800001 6.2104166666699996 1.66796850359 1.6691402552600001 0.0009765625
6.2104166666699996 6.23035714286 1.6673996530799999 1.66856850359 0.0009765625
6.23035714286 6.2502976190500004 1.6668336780499999 1.6679996530800001 0.0009765625
6.2502976190500004 6.2702380952399999 1.6662705531299999 1.6674336780500001 0.0009765625
6.2702380952399999 6.2901785714300003 1.6657102533000001 1.6668705531300001 0.0009765625
6.2901785714300003 6.3101190476199998 1.6651527538199999 1.6663102533 0.0009765625
6.3101190476199998 6.3300595238100001 1.6645980302800001 1.6657527538200001 0.0009765625
6.3300595238100001 6.3499999999999996 1.6640460585700001 1.66519803028 0.0009765625
6.3499999999999996 6.36994047619 1.6634968149 1.66464605857 0.0009765625
6.36994047619 6.3898809523800004 1.6629502757300001 1.6640968148999999 0.0009765625
6.3898809523800004 6.4098214285699999 1.66240641786 1.66355027573 0.0009765625
6.4098214285699999 6.4297619047600003 1.66186521835 1.6630064178599999 0.0009765625
6.4297619047600003 6.4497023809499998 1.6613266545400001 1.6624652183499999 0.0009765625
6.4497023809499998 6.4696428571400002 1.6607907040500001 1.66192665454 0.0009765625
6.4696428571400002 6.4895833333299997 1.66025734478 1.66139070405 0.0009765625
6.4895833333299997 6.5095238095200001 1.65972655489 1.6608573447799999 0.0009765625
6.5095238095200001 6.5294642857099996 1.6591983128100001 1.6603265548899999 0.0009765625
6.5294642857099996 6.5494047619 1.65867259722 1.65979831281 0.0009765625
6.5494047619 6.5693452381000004 1.6581493870599999 1.65927259722 0.0009765625
6.5693452381000004 6.5892857142899999 1.65762866153 1.6587493870600001 0.0009765625
6.5892857142899999 6.6092261904800003 1.6571104000700001 1.6582286615299999 0.0009765625
6.6092261904800003 6.6291666666699998 1.6565945823699999 1.65771040007 0.0009765625
6.6291666666699998 6.6491071428600002 1.65608118833 1.6571945823700001 0.0009765625
6.6491071428600002 6.6690476190499997 1.6555701981399999 1.6566811883300001 0.0009765625
6.6690476190499997 6.68898809524 1.65506159218 1.6561701981400001 0.0009765625
6.68898809524 6.7089285714300004 1.65455535108 1.65566159218 0.0009765625
6.7089285714300004 6.7288690476199999 1.6540514556899999 1.6551553510799999 0.0009765625
6.7288690476199999 6.7488095238100003 1.6535498870700001 1.6546514556900001 0.0009765625
6.7488095238100003 6.7687499999999998 1.65305062651 1.65414988707 0.0009765625
6.7687499999999998 6.7886904761900002 1.65255365553 1.6536506265099999 0.0009765625
6.7886904761900002 6.8086309523799997 1.6520589558400001 1.6531536555299999 0.0009765625
6.8086309523799997 6.8285714285700001 1.65156650937 1.65265895584 0.0009765625
6.8285714285700001 6.8485119047599996 1.65107629826 1.65216650937 0.0009765625
6.8485119047599996 6.86845238095 1.6505883048300001 1.65167629826 0.0009765625
6.86845238095 6.8883928571400004 1.6501025116300001 1.65118830483 0.0009765625
6.8883928571400004 6.9083333333299999 1.6496189014 1.65070251163 0.0009765625
6.9083333333299999 6.9282738095200003 1.6491374570499999 1.6502189013999999 0.0009765625
6.9282738095200003 6.9482142857099998 1.64865816171 1.6497374570500001 0.0009765625
6.9482142857099998 6.9681547619000002 1.64818099869 1.6492581617099999 0.0009765625
6.9681547619000002 6.9880952380999997 1.6477059514800001 1.6487809986899999 0.0009765625
6.9880952380999997 7.0080357142900001 1.64723300376 1.64830595148 0.0009765625
7.0080357142900001 7.0279761904800004 1.64676213939 1.64783300376 0.0009765625
7.0279761904800004 7.0479166666699999 1.6462933423999999 1.64736213939 0.0009765625
7.0479166666699999 7.0678571428600003 1.6458265969999999 1.6468933424000001 0.0009765625
7.0678571428600003 7.0877976190499998 1.64536188758 1.646426597 0.0009765625
7.0877976190499998 7.1077380952400002 1.6448991986999999 1.6459618875799999 0.0009765625
7.1077380952400002 7.1276785714299997 1.6444385150700001 1.6454991987000001 0.0009765625
7.1276785714299997 7.1476190476200001 1.6439798215799999 1.64503851507 0.0009765625
7.1476190476200001 7.1675595238099996 1.64352310328 1.64457982158 0.0009765625
7.1675595238099996 7.1875 1.6430683453899999 1.6441231032800001 0.0009765625
7.1875 7.2074404761900004 1.6426155332800001 1.6436683453900001 0.0009765625
7.2074404761900004 7.2273809523799999 1.64216465247 1.64321553328 0.0009765625
7.2273809523799999 7.2473214285700003 1.6417156886399999 1.6427646524699999 0.0009765625
7.2473214285700003 7.2672619047599998 1.6412686276399999 1.6423156886400001 0.0009765625
7.2672619047599998 7.2872023809500002 1.6408234554300001 1.6418686276400001 0.0009765625
7.2872023809500002 7.3071428571399997 1.6403801581599999 1.64142345543 0.0009765625
7.3071428571399997 7.3270833333300001 1.6399387221099999 1.6409801581600001 0.0009765625
7.3270833333300001 7.3470238095199996 1.63949913369 1.6405387221100001 0.0009765625
7.3470238095199996 7.3669642857099999 1.63906137946 1.6400991336899999 0.0009765625
7.3669642857099999 7.3869047619000003 1.6386254461400001 1.6396613794599999 0.0009765625
7.3869047619000003 7.4068452380999998 1.6381913205600001 1.63922544614 0.0009765625
7.4068452380999998 7.4267857142900002 1.6377589897 1.63879132056 0.0009765625
7.4267857142900002 7.4467261904799997 1.6373284406699999 1.6383589896999999 0.0009765625
7.4467261904799997 7.4666666666700001 1.6368996607199999 1.6379284406700001 0.0009765625
7.4666666666700001 7.4866071428599996 1.63647263723 1.6374996607200001 0.0009765625
7.4866071428599996 7.50654761905 1.6360473577000001 1.63707263723 0.0009765625
7.50654761905 7.5264880952400004 1.63562380976 1.6366473577 0.0009765625
7.5264880952400004 7.5464285714299999 1.63520198118 1.6362238097599999 0.0009765625
7.5464285714299999 7.5663690476200003 1.6347818598199999 1.63580198118 0.0009765625
7.5663690476200003 7.5863095238099998 1.6343634337099999 1.6353818598200001 0.0009765625
7.5863095238099998 7.6062500000000002 1.63394669095 1.6349634337100001 0.0009765625
7.6062500000000002 7.6261904761899997 1.6335316198100001 1.6345466909499999 0.0009765625
7.6261904761899997 7.6461309523800001 1.63311820863 1.63413161981 0.0009765625
7.6461309523800001 7.6660714285699996 1.63270644591 1.6337182086299999 0.0009765625
7.6660714285699996 7.68601190476 1.63229632023 1.63330644591 0.0009765625
7.68601190476 7.7059523809500003 1.63188782029 1.63289632023 0.0009765625
7.7059523809500003 7.7258928571399998 1.6314809349199999 1.6324878202899999 0.0009765625
7.7258928571399998 7.7458333333300002 1.6310756530499999 1.6320809349200001 0.0009765625
7.7458333333300002 7.7657738095199997 1.63067196371 1.6316756530500001 0.0009765625
7.7657738095199997 7.7857142857100001 1.63026985604 1.6312719637099999 0.0009765625
7.7857142857100001 7.8056547618999996 1.62986931929 1.6308698560399999 0.0009765625
7.8056547618999996 7.8255952381 1.6294703428299999 1.6304693192899999 0.0009765625
7.8255952381 7.8455357142900004 1.6290729161099999 1.6300703428300001 0.0009765625
7.8455357142900004 7.8654761904799999 1.6286770286800001 1.6296729161100001 0.0009765625
7.8654761904799999 7.8854166666700003 1.62828267022 1.62927702868 0.0009765625
7.8854166666700003 7.9053571428599998 1.62788983048 1.6288826702200001 0.0009765625
7.9053571428599998 7.9252976190500002 1.6274984993099999 1.62848983048 0.0009765625
7.9252976190500002 7.9452380952399997 1.6271086666900001 1.6280984993100001 0.0009765625
7.9452380952399997 7.9651785714300001 1.62672032265 1.62770866669 0.0009765625
7.9651785714300001 7.9851190476199996 1.6263334573399999 1.6273203226499999 0.0009765625
7.9851190476199996 8.0050595238100009 1.6259480610099999 1.6269334573400001 0.0009765625
8.0050595238100009 8.0250000000000004 1.6255641239900001 1.62654806101 0.0009765625
8.0250000000000004 8.0449404761899999 1.62518163669 1.62616412399 0.0009765625
8.0449404761899999 8.0648809523799994 1.62480058964 1.62578163669 0.0009765625
8.0648809523799994 8.0848214285700006 1.6244209734399999 1.6254005896399999 0.0009765625
8.0848214285700006 8.1047619047600001 1.62404277877 1.6250209734400001 0.0009765625
8.1047619047600001 8.1247023809499996 1.62366599641 1.62464277877 0.0009765625
8.1247023809499996 8.1446428571399991 1.6232906172299999 1.6242659964099999 0.0009765625
8.1446428571399991 8.1645833333300004 1.6229166321699999 1.6238906172300001 0.0009765625
8.1645833333300004 8.1845238095199999 1.62254403227 1.6235166321700001 0.0009765625
8.1845238095199999 8.2044642857099994 1.62217280863 1.6231440322699999 0.0009765625
8.2044642857099994 8.2244047619000007 1.6218029524599999 1.62277280863 0.0009765625
8.2244047619000007 8.2443452380999993 1.6214344550199999 1.6224029524600001 0.0009765625
8.2443452380999993 8.2642857142900006 1.62106730768 1.6220344550200001 0.0009765625
8.2642857142900006 8.2842261904800001 1.6207015018699999 1.6216673076799999 0.0009765625
8.2842261904800001 8.3041666666699996 1.6203370291100001 1.6213015018700001 0.0009765625
8.3041666666699996 8.3241071428600009 1.6199738809699999 1.62093702911 0.0009765625
8.3241071428600009 8.3440476190500004 1.6196120491299999 1.6205738809700001 0.0009765625
8.3440476190500004 8.3639880952399999 1.6192515253299999 1.6202120491300001 0.0009765625
8.3639880952399999 8.3839285714299994 1.6188923013900001 1.6198515253300001 0.0009765625
8.3839285714299994 8.4038690476200006 1.61853436918 1.61949230139 0.0009765625
8.4038690476200006 8.4238095238100001 1.6181777206700001 1.61913436918 0.0009765625
8.4238095238100001 8.4437499999999996 1.6178223479 1.61877772067 0.0009765625
8.4437499999999996 8.4636904761899991 1.61746824297 1.6184223478999999 0.0009765625
8.4636904761899991 8.4836309523800004 1.6171153980399999 1.61806824297 0.0009765625
8.4836309523800004 8.5035714285699999 1.61676380537 1.6177153980400001 0.0009765625
8.5035714285699999 8.5235119047599994 1.61641345726 1.6173638053699999 0.0009765625
8.5235119047599994 8.5434523809500007 1.6160643460999999 1.6170134572599999 0.0009765625
8.5434523809500007 8.5633928571400002 1.6157164643199999 1.6166643461000001 0.0009765625
8.5633928571400002 8.5833333333299997 1.61536980444 1.6163164643200001 0.0009765625
8.5833333333299997 8.6032738095199992 1.61502435903 1.6159698044399999 0.0009765625
8.6032738095199992 8.6232142857100005 1.6146801207399999 1.6156243590299999 0.0009765625
8.6232142857100005 8.6431547619 1.6143370822800001 1.61528012074 0.0009765625
8.6431547619 8.6630952381000004 1.6139952364000001 1.61493708228 0.0009765625
8.6630952381000004 8.6830357142899999 1.6136545759500001 1.6145952364 0.0009765625
8.6830357142899999 8.7029761904799994 1.61331509381 1.61425457595 0.0009765625
8.7029761904799994 8.7229166666700007 1.6129767829299999 1.61391509381 0.0009765625
8.7229166666700007 8.7428571428600002 1.61263963634 1.6135767829300001 0.0009765625
8.7428571428600002 8.7627976190499997 1.6123036471000001 1.6132396363399999 0.0009765625
8.7627976190499997 8.7827380952399992 1.6119688083499999 1.6129036471 0.0009765625
8.7827380952399992 8.8026785714300004 1.61163511327 1.61256880835 0.0009765625
8.8026785714300004 8.8226190476199999 1.61130255513 1.6122351132699999 0.0009765625
8.8226190476199999 8.8425595238099994 1.61097112721 1.6119025551299999 0.0009765625
8.8425595238099994 8.8625000000000007 1.61064082289 1.61157112721 0.0009765625
8.8625000000000007 8.8824404761900002 1.61031163558 1.6112408228899999 0.0009765625
8.8824404761900002 8.9023809523799997 1.60998355876 1.6109116355799999 0.0009765625
8.9023809523799997 8.9223214285699992 1.6096565859500001 1.6105835587599999 0.0009765625
8.9223214285699992 8.9422619047600005 1.6093307107399999 1.61025658595 0.0009765625
8.9422619047600005 8.96220238095 1.6090059267500001 1.60993071074 0.0009765625
8.96220238095 8.9821428571399995 1.6086822276899999 1.60960592675 0.0009765625
8.9821428571399995 9.0020833333300008 1.6083596072799999 1.6092822276900001 0.0009765625
9.0020833333300008 9.0220238095200003 1.6080380593300001 1.6089596072800001 0.0009765625
9.0220238095200003 9.0419642857099998 1.6077175776599999 1.60863805933 0.0009765625
9.0419642857099998 9.0619047618999993 1.6073981561899999 1.6083175776600001 0.0009765625
9.0619047618999993 9.0818452380999997 1.6070797888499999 1.6079981561900001 0.0009765625
9.0818452380999997 9.1017857142899992 1.60676246963 1.6076797888500001 0.0009765625
9.1017857142899992 9.1217261904800004 1.60644619259 1.60736246963 0.0009765625
9.1217261904800004 9.1416666666699999 1.6061309518 1.6070461925899999 0.0009765625
9.1416666666699999 9.1616071428599994 1.6058167414 1.6067309517999999 0.0009765625
9.1616071428599994 9.1815476190500007 1.6055035555899999 1.6064167413999999 0.0009765625
9.1815476190500007 9.2014880952400002 1.6051913886 1.6061035555900001 0.0009765625
9.2014880952400002 9.2214285714299997 1.60488023471 1.6057913885999999 0.0009765625
9.2214285714299997 9.2413690476199992 1.60457008824 1.6054802347099999 0.0009765625
9.2413690476199992 9.2613095238100005 1.6042609435599999 1.60517008824 0.0009765625
9.2613095238100005 9.28125 1.6039527950900001 1.6048609435600001 0.0009765625
9.28125 9.3011904761899995 1.6036456373000001 1.60455279509 0.0009765625
9.3011904761899995 9.3211309523800008 1.6033394646800001 1.6042456373 0.0009765625
9.3211309523800008 9.3410714285700003 1.6030342717799999 1.60393946468 0.0009765625
9.3410714285700003 9.3610119047599998 1.6027300531999999 1.6036342717800001 0.0009765625
9.3610119047599998 9.3809523809499993 1.60242680358 1.6033300532000001 0.0009765625
9.3809523809499993 9.4008928571400006 1.6021245175800001 1.6030268035799999 0.0009765625
9.4008928571400006 9.4208333333300001 1.6018231899199999 1.60272451758 0.0009765625
9.4208333333300001 9.4407738095199996 1.6015228153700001 1.6024231899200001 0.0009765625
9.4407738095199996 9.4607142857100008 1.60122338873 1.60212281537 0.0009765625
9.4607142857100008 9.4806547619000003 1.6009249048400001 1.60182338873 0.0009765625
9.4806547619000003 9.5005952381000007 1.6006273585799999 1.60152490484 0.0009765625
9.5005952381000007 9.5205357142900002 1.6003307448699999 1.6012273585800001 0.0009765625
9.5205357142900002 9.5404761904799997 1.6000350586800001 1.6009307448700001 0.0009765625
9.5404761904799997 9.5604166666699992 1.5997402949899999 1.60063505868 0.0009765625
9.5604166666699992 9.5803571428600005 1.59944644886 1.6003402949900001 0.0009765625
9.5803571428600005 9.60029761905 1.5991535153600001 1.6000464488599999 0.0009765625
9.60029761905 9.6202380952399995 1.5988614896 1.59975351536 0.0009765625
9.6202380952399995 9.6401785714300008 1.59857036674 1.5994614895999999 0.0009765625
9.6401785714300008 9.6601190476200003 1.5982801419599999 1.5991703667399999 0.0009765625
9.6601190476200003 9.6800595238099998 1.59799081049 1.5988801419600001 0.0009765625
9.6800595238099998 9.6999999999999993 1.5977023675899999 1.59859081049 0.0009765625
9.6999999999999993 9.7199404761900006 1.59741480857 1.5983023675900001 0.0009765625
9.7199404761900006 9.7398809523800001 1.5971281287400001 1.5980148085699999 0.0009765625
9.7398809523800001 9.7598214285699996 1.59684232349 1.59772812874 0.0009765625
9.7598214285699996 9.7797619047600008 1.5965573882099999 1.5974423234899999 0.0009765625
9.7797619047600008 9.7997023809500003 1.59627331835 1.5971573882100001 0.0009765625
9.7997023809500003 9.8196428571399998 1.59599010937 1.5968733183499999 0.0009765625
9.8196428571399998 9.8395833333299993 1.59570775679 1.5965901093699999 0.0009765625
9.8395833333299993 9.8595238095200006 1.5954262561400001 1.5963077567899999 0.0009765625
9.8595238095200006 9.8794642857100001 1.595145603 1.59602625614 0.0009765625
9.8794642857100001 9.8994047618999996 1.5948657929700001 1.5957456029999999 0.0009765625
9.8994047618999996 9.9193452381 1.5945868216900001 1.59546579297 0.0009765625
9.9193452381 9.9392857142899995 1.5943086848300001 1.59518682169 0.0009765625
9.9392857142899995 9.9592261904800008 1.5940313781 1.59490868483 0.0009765625
9.9592261904800008 9.9791666666700003 1.59375489723 1.5946313781000001 0.0009765625
9.9791666666700003 9.9991071428599998 1.59347923798 1.5943548972299999 0.0009765625
9.9991071428599998 10.019047619 1.59320439616 1.59407923798 0.0009765625
10.019047619 10.038988095200001 1.59293036759 1.5938043961599999 0.0009765625
10.038988095200001 10.058928571399999 1.59265714812 1.5935303675900001 0.0009765625
10.058928571399999 10.0788690476 1.5923847336600001 1.59325714812 0.0009765625
10.0788690476 10.0988095238 1.5921131201100001 1.59298473366 0.0009765625
10.0988095238 10.11875 1.59184230342 1.59271312011 0.0009765625
10.11875 10.138690476200001 1.59157227958 1.5924423034199999 0.0009765625
10.138690476200001 10.158630952399999 1.59130304458 1.59217227958 0.0009765625
10.158630952399999 10.1785714286 1.59103459446 1.59190304458 0.0009765625
10.1785714286 10.1985119048 1.5907669252900001 1.5916345944600001 0.0009765625
10.1985119048 10.218452381000001 1.5905000331600001 1.59136692529 0.0009765625
10.218452381000001 10.238392857099999 1.5902339141899999 1.59110003316 0.0009765625
10.238392857099999 10.2583333333 1.5899685645199999 1.5908339141900001 0.0009765625
10.2583333333 10.2782738095 1.5897039803299999 1.5905685645200001 0.0009765625
10.2782738095 10.2982142857 1.5894401578299999 1.5903039803300001 0.0009765625
10.2982142857 10.318154761900001 1.58917709323 1.5900401578300001 0.0009765625
10.318154761900001 10.338095238099999 1.5889147828100001 1.5897770932299999 0.0009765625
10.338095238099999 10.3580357143 1.5886532228300001 1.58951478281 0.0009765625
10.3580357143 10.3779761905 1.5883924096099999 1.58925322283 0.0009765625
10.3779761905 10.3979166667 1.58813233949 1.5889924096100001 0.0009765625
10.3979166667 10.417857142900001 1.5878730088199999 1.5887323394899999 0.0009765625
10.417857142900001 10.437797618999999 1.5876144139799999 1.5884730088200001 0.0009765625
10.437797618999999 10.4577380952 1.5873565514000001 1.5882144139800001 0.0009765625
10.4577380952 10.4776785714 1.5870994174999999 1.5879565514 0.0009765625
10.4776785714 10.497619047600001 1.5868430087500001 1.5876994175000001 0.0009765625
10.497619047600001 10.517559523799999 1.5865873216299999 1.58744300875 0.0009765625
10.517559523799999 10.5375 1.5863323526599999 1.5871873216300001 0.0009765625
10.5375 10.5574404762 1.58607809836 1.5869323526600001 0.0009765625
10.5574404762 10.5773809524 1.5858245552900001 1.58667809836 0.0009765625
10.5773809524 10.597321428600001 1.5855717200399999 1.58642455529 0.0009765625
10.597321428600001 10.617261904799999 1.5853195892 1.5861717200400001 0.0009765625
10.617261904799999 10.637202381 1.58506815942 1.5859195892 0.0009765625
10.637202381 10.6571428571 1.58481742734 1.5856681594199999 0.0009765625
10.6571428571 10.677083333300001 1.5845673896300001 1.5854174273399999 0.0009765625
10.677083333300001 10.697023809499999 1.5843180429899999 1.58516738963 0.0009765625
10.697023809499999 10.7169642857 1.58406938414 1.5849180429900001 0.0009765625
10.7169642857 10.7369047619 1.5838214098200001 1.5846693841399999 0.0009765625
10.7369047619 10.7568452381 1.5835741167999999 1.58442140982 0.0009765625
10.7568452381 10.776785714300001 1.5833275018699999 1.5841741168000001 0.0009765625
10.776785714300001 10.796726190499999 1.58308156182 1.5839275018700001 0.0009765625
10.796726190499999 10.8166666667 1.58283629349 1.58368156182 0.0009765625
10.8166666667 10.8366071429 1.58259169372 1.5834362934899999 0.0009765625
10.8366071429 10.856547619000001 1.5823477593999999 1.5831916937199999 0.0009765625
10.856547619000001 10.876488095199999 1.5821044874000001 1.5829477594000001 0.0009765625
10.876488095199999 10.8964285714 1.5818618746499999 1.5827044874 0.0009765625
10.8964285714 10.9163690476 1.5816199180799999 1.5824618746500001 0.0009765625
10.9163690476 10.9363095238 1.58137861464 1.5822199180800001 0.0009765625
10.9363095238 10.956250000000001 1.5811379613000001 1.5819786146399999 0.0009765625
10.956250000000001 10.976190476199999 1.58089795507 1.5817379613 0.0009765625
10.976190476199999 10.9961309524 1.5806585929400001 1.5814979550699999 0.0009765625
10.9961309524 11.0160714286 1.58041987197 1.58125859294 0.0009765625
11.0160714286 11.0360119048 1.5801817891900001 1.5810198719699999 0.0009765625
11.0360119048 11.055952381000001 1.5799443416900001 1.58078178919 0.0009765625
11.055952381000001 11.075892857099999 1.57970752655 1.58054434169 0.0009765625
11.075892857099999 11.0958333333 1.5794713408900001 1.58030752655 0.0009765625
11.0958333333 11.1157738095 1.57923578183 1.58007134089 0.0009765625
11.1157738095 11.135714285700001 1.5790008465300001 1.57983578183 0.0009765625
11.135714285700001 11.155654761899999 1.57876653215 1.57960084653 0.0009765625
11.155654761899999 11.1755952381 1.5785328358699999 1.5793665321499999 0.0009765625
11.1755952381 11.1955357143 1.5782997549 1.5791328358700001 0.0009765625
11.1955357143 11.2154761905 1.5780672864700001 1.5788997548999999 0.0009765625
11.2154761905 11.235416666700001 1.5778354278 1.57866728647 0.0009765625
11.235416666700001 11.255357142899999 1.5776041761599999 1.5784354277999999 0.0009765625
11.255357142899999 11.275297619 1.5773735288299999 1.5782041761600001 0.0009765625
11.275297619 11.2952380952 1.57714348308 1.5779735288300001 0.0009765625
11.2952380952 11.315178571400001 1.57691403625 1.5777434830799999 0.0009765625
11.315178571400001 11.335119047599999 1.5766851856499999 1.57751403625 0.0009765625
11.335119047599999 11.3550595238 1.5764569286200001 1.5772851856500001 0.0009765625
11.3550595238 11.375 1.5762292625300001 1.57705692862 0.0009765625
11.375 11.3949404762 1.5760021847500001 1.57682926253 0.0009765625
11.3949404762 11.414880952400001 1.57577569268 1.57660218475 0.0009765625
11.414880952400001 11.434821428599999 1.5755497837400001 1.5763756926800001 0.0009765625
11.434821428599999 11.4547619048 1.5753244553300001 1.57614978374 0.0009765625
11.4547619048 11.474702381 1.57509970492 1.57592445533 0.0009765625
11.474702381 11.494642857100001 1.5748755299599999 1.5756997049200001 0.0009765625
11.494642857100001 11.514583333299999 1.57465192793 1.5754755299600001 0.0009765625
11.514583333299999 11.5345238095 1.5744288963099999 1.5752519279299999 0.0009765625
11.5345238095 11.5544642857 1.57420643261 1.5750288963100001 0.0009765625
11.5544642857 11.5744047619 1.5739845343600001 1.57480643261 0.0009765625
11.5744047619 11.594345238100001 1.5737631991000001 1.57458453436 0.0009765625
11.594345238100001 11.614285714299999 1.57354242437 1.5743631991 0.0009765625
11.614285714299999 11.6342261905 1.57332220775 1.57414242437 0.0009765625
11.6342261905 11.6541666667 1.5731025468099999 1.5739222077499999 0.0009765625
11.6541666667 11.674107142900001 1.57288343917 1.5737025468100001 0.0009765625
11.674107142900001 11.694047618999999 1.57266488242 1.5734834391700001 0.0009765625
11.694047618999999 11.7139880952 1.5724468742 1.57326488242 0.0009765625
11.7139880952 11.7339285714 1.57222941216 1.5730468741999999 0.0009765625
11.7339285714 11.7538690476 1.57201249394 1.5728294121599999 0.0009765625
11.7538690476 11.773809523800001 1.5717961172299999 1.5726124939399999 0.0009765625
11.773809523800001 11.793749999999999 1.5715802797 1.5723961172300001 0.0009765625
11.793749999999999 11.8136904762 1.5713649790499999 1.5721802797 0.0009765625
11.8136904762 11.8336309524 1.5711502130099999 1.5719649790500001 0.0009765625
11.8336309524 11.8535714286 1.57093597929 1.5717502130100001 0.0009765625
11.8535714286 11.873511904800001 1.5707222756400001 1.5715359792900001 0.0009765625
11.873511904800001 11.893452380999999 1.57050909982 1.57132227564 0.0009765625
11.893452380999999 11.9133928571 1.57029644958 1.5711090998199999 0.0009765625
11.9133928571 11.9333333333 1.5700843227300001 1.57089644958 0.0009765625
11.9333333333 11.953273809500001 1.56987271704 1.57068432273 0.0009765625
11.953273809500001 11.973214285699999 1.5696616303299999 1.5704727170399999 0.0009765625
11.973214285699999 11.9931547619 1.56945106043 1.5702616303300001 0.0009765625
11.9931547619 12.0130952381 1.5692410051600001 1.57005106043 0.0009765625
12.0130952381 12.0330357143 1.5690314623699999 1.56984100516 0.0009765625
12.0330357143 12.052976190500001 1.56882242993 1.5696314623700001 0.0009765625
12.052976190500001 12.072916666699999 1.5686139057099999 1.5694224299299999 0.0009765625
12.072916666699999 12.0928571429 1.5684058876 1.5692139057100001 0.0009765625
12.0928571429 12.112797619 1.56819837349 1.5690058875999999 0.0009765625
12.112797619 12.132738095200001 1.5679913613000001 1.56879837349 0.0009765625
12.132738095200001 12.152678571399999 1.5677848489399999 1.5685913613 0.0009765625
12.152678571399999 12.1726190476 1.5675788343599999 1.5683848489400001 0.0009765625
12.1726190476 12.1925595238 1.56737331551 1.5681788343600001 0.0009765625
12.1925595238 12.2125 1.5671682903299999 1.56797331551 0.0009765625
12.2125 12.232440476200001 1.5669637568200001 1.5677682903300001 0.0009765625
12.232440476200001 12.252380952399999 1.5667597129399999 1.56756375682 0.0009765625
12.252380952399999 12.2723214286 1.5665561566999999 1.5673597129400001 0.0009765625
12.2723214286 12.2922619048 1.5663530860999999 1.5671561567000001 0.0009765625
12.2922619048 12.312202381000001 1.5661504991699999 1.5669530861000001 0.0009765625
12.312202381000001 12.332142857099999 1.5659483939200001 1.5667504991700001 0.0009765625
12.332142857099999 12.3520833333 1.5657467684199999 1.56654839392 0.0009765625
12.3520833333 12.3720238095 1.5655456207 1.5663467684200001 0.0009765625
12.3720238095 12.3919642857 1.56534494884 1.5661456207 0.0009765625
12.3919642857 12.411904761900001 1.5651447509 1.5659449488399999 0.0009765625
12.411904761900001 12.431845238099999 1.5649450249900001 1.5657447509 0.0009765625
12.431845238099999 12.4517857143 1.56474576919 1.56554502499 0.0009765625
12.4517857143 12.4717261905 1.5645469816099999 1.5653457691899999 0.0009765625
12.4717261905 12.4916666667 1.5643486603800001 1.5651469816100001 0.0009765625
12.4916666667 12.511607142900001 1.56415080362 1.56494866038 0.0009765625
12.511607142900001 12.531547618999999 1.5639534094700001 1.56475080362 0.0009765625
12.531547618999999 12.5514880952 1.5637564761 1.56455340947 0.0009765625
12.5514880952 12.5714285714 1.56356000166 1.5643564760999999 0.0009765625
12.5714285714 12.591369047600001 1.56336398432 1.5641600016599999 0.0009765625
12.591369047600001 12.611309523799999 1.56316842227 1.5639639843199999 0.0009765625
12.611309523799999 12.63125 1.5629733136999999 1.5637684222699999 0.0009765625
12.63125 12.6511904762 1.5627786568099999 1.5635733137000001 0.0009765625
12.6511904762 12.6711309524 1.5625844498200001 1.5633786568100001 0.0009765625
12.6711309524 12.691071428600001 1.5623906909600001 1.56318444982 0.0009765625
12.691071428600001 12.711011904799999 1.5621973784500001 1.56299069096 0.0009765625
12.711011904799999 12.730952381 1.56200451055 1.56279737845 0.0009765625
12.730952381 12.7508928571 1.5618120854999999 1.5626045105499999 0.0009765625
12.7508928571 12.770833333300001 1.56162010157 1.5624120855000001 0.0009765625
12.770833333300001 12.790773809499999 1.5614285570299999 1.5622201015699999 0.0009765625
12.790773809499999 12.8107142857 1.5612374501699999 1.5620285570300001 0.0009765625
12.8107142857 12.8306547619 1.56104677928 1.5618374501700001 0.0009765625
12.8306547619 12.8505952381 1.5608565426600001 1.56164677928 0.0009765625
12.8505952381 12.870535714300001 1.5606667386199999 1.56145654266 0.0009765625
12.870535714300001 12.890476190499999 1.5604773654799999 1.5612667386200001 0.0009765625
12.890476190499999 12.9104166667 1.5602884215799999 1.5610773654800001 0.0009765625
12.9104166667 12.9303571429 1.56009990525 1.5608884215800001 0.0009765625
12.9303571429 12.950297619000001 1.55991181484 1.5606999052499999 0.0009765625
12.950297619000001 12.970238095199999 1.55972414871 1.5605118148399999 0.0009765625
12.970238095199999 12.9901785714 1.5595369052300001 1.5603241487099999 0.0009765625
12.9901785714 13.0101190476 1.55935008277 1.56013690523 0.0009765625
13.0101190476 13.0300595238 1.5591636797199999 1.5599500827699999 0.0009765625
13.0300595238 13.050000000000001 1.55897769447 1.5597636797200001 0.0009765625
13.050000000000001 13.069940476199999 1.5587921254199999 1.5595776944699999 0.0009765625
13.069940476199999 13.0898809524 1.5586069709799999 1.5593921254200001 0.0009765625
13.0898809524 13.1098214286 1.5584222295800001 1.5592069709800001 0.0009765625
13.1098214286 13.1297619048 1.5582378996399999 1.55902222958 0.0009765625
13.1297619048 13.149702381000001 1.5580539795999999 1.5588378996400001 0.0009765625
13.149702381000001 13.169642857099999 1.5578704679099999 1.5586539796000001 0.0009765625
13.169642857099999 13.1895833333 1.5576873630100001 1.5584704679100001 0.0009765625
13.1895833333 13.2095238095 1.55750466337 1.55828736301 0.0009765625
13.2095238095 13.229464285700001 1.5573223674600001 1.55810466337 0.0009765625
13.229464285700001 13.249404761899999 1.5571404737600001 1.55792236746 0.0009765625
13.249404761899999 13.2693452381 1.5569589807499999 1.55774047376 0.0009765625
13.2693452381 13.2892857143 1.55677788694 1.5575589807500001 0.0009765625
13.2892857143 13.3092261905 1.55659719082 1.5573778869399999 0.0009765625
13.3092261905 13.329166666700001 1.5564168909 1.55719719082 0.0009765625
13.329166666700001 13.349107142899999 1.55623698571 1.5570168909 0.0009765625
13.349107142899999 13.369047619 1.5560574737599999 1.55683698571 0.0009765625
13.369047619 13.3889880952 1.5558783536 1.5566574737600001 0.0009765625
13.3889880952 13.408928571400001 1.55569962377 1.5564783536 0.0009765625
13.408928571400001 13.428869047599999 1.55552128282 1.55629962377 0.0009765625
13.428869047599999 13.4488095238 1.5553433293000001 1.55612128282 0.0009765625
13.4488095238 13.46875 1.5551657617800001 1.5559433293 0.0009765625
13.46875 13.4886904762 1.55498857884 1.55576576178 0.0009765625
13.4886904762 13.508630952400001 1.55481177905 1.5555885788399999 0.0009765625
13.508630952400001 13.528571428599999 1.5546353610000001 1.5554117790499999 0.0009765625
13.528571428599999 13.5485119048 1.5544593232899999 1.555235361 0.0009765625
13.5485119048 13.568452381 1.55428366452 1.5550593232900001 0.0009765625
13.568452381 13.588392857100001 1.5541083833 1.5548836645199999 0.0009765625
13.588392857100001 13.608333333299999 1.5539334782600001 1.5547083832999999 0.0009765625
13.608333333299999 13.6282738095 1.553758948 1.55453347826 0.0009765625
13.6282738095 13.6482142857 1.55358479117 1.554358948 0.0009765625
13.6482142857 13.6681547619 1.5534110064 1.55418479117 0.0009765625
13.6681547619 13.688095238100001 1.5532375923499999 1.5540110063999999 0.0009765625
13.688095238100001 13.708035714299999 1.55306454765 1.5538375923500001 0.0009765625
13.708035714299999 13.7279761905 1.5528918709799999 1.5536645476499999 0.0009765625
13.7279761905 13.7479166667 1.552719561 1.5534918709800001 0.0009765625
13.7479166667 13.767857142900001 1.5525476163800001 1.5533195609999999 0.0009765625
13.767857142900001 13.787797618999999 1.5523760358100001 1.55314761638 0.0009765625
13.787797618999999 13.8077380952 1.5522048179700001 1.55297603581 0.0009765625
13.8077380952 13.8276785714 1.5520339615600001 1.55280481797 0.0009765625
13.8276785714 13.8476190476 1.5518634652700001 1.55263396156 0.0009765625
13.8476190476 13.867559523800001 1.55169332782 1.55246346527 0.0009765625
13.867559523800001 13.887499999999999 1.55152354791 1.55229332782 0.0009765625
13.887499999999999 13.9074404762 1.55135412428 1.55212354791 0.0009765625
13.9074404762 13.9273809524 1.55118505565 1.5519541242799999 0.0009765625
13.9273809524 13.9473214286 1.5510163407399999 1.5517850556499999 0.0009765625
13.9473214286 13.967261904800001 1.55084797831 1.5516163407400001 0.0009765625
13.967261904800001 13.987202380999999 1.55067996709 1.5514479783099999 0.0009765625
13.987202380999999 14.0071428571 1.5505123058500001 1.5512799670899999 0.0009765625
14.0071428571 14.0270833333 1.55034499333 1.55111230585 0.0009765625
14.0270833333 14.047023809500001 1.55017802831 1.5509449933299999 0.0009765625
14.047023809500001 14.066964285699999 1.5500114095599999 1.5507780283099999 0.0009765625
14.066964285699999 14.0869047619 1.5498451358500001 1.5506114095600001 0.0009765625
14.0869047619 14.1068452381 1.54967920597 1.55044513585 0.0009765625
14.1068452381 14.1267857143 1.54951361871 1.5502792059699999 0.0009765625
14.1267857143 14.146726190500001 1.5493483728699999 1.55011361871 0.0009765625
14.146726190500001 14.166666666699999 1.54918346725 1.5499483728700001 0.0009765625
14.166666666699999 14.1866071429 1.5490189006499999 1.5497834672499999 0.0009765625
14.1866071429 14.206547619 1.5488546719 1.5496189006500001 0.0009765625
14.206547619 14.226488095200001 1.5486907798 1.5494546719 0.0009765625
14.226488095200001 14.246428571399999 1.54852722319 1.5492907798 0.0009765625
14.246428571399999 14.2663690476 1.5483640008999999 1.54912722319 0.0009765625
14.2663690476 14.2863095238 1.5482011117700001 1.5489640009000001 0.0009765625
14.2863095238 14.30625 1.54803855464 1.54880111177 0.0009765625
14.30625 14.326190476200001 1.5478763283600001 1.5486385546400001 0.0009765625
14.326190476200001 14.346130952399999 1.54771443178 1.54847632836 0.0009765625
14.346130952399999 14.3660714286 1.54755286376 1.5483144317799999 0.0009765625
14.3660714286 14.3860119048 1.54739162318 1.5481528637599999 0.0009765625
14.3860119048 14.405952381000001 1.5472307088999999 1.5479916231799999 0.0009765625
14.405952381000001 14.425892857099999 1.5470701197900001 1.5478307089000001 0.0009765625
14.425892857099999 14.4458333333 1.54690985476 1.54767011979 0.0009765625
14.4458333333 14.4657738095 1.5467499126699999 1.5475098547599999 0.0009765625
14.4657738095 14.4857142857 1.5465902924199999 1.5473499126700001 0.0009765625
14.4857142857 14.505654761900001 1.54643099292 1.5471902924200001 0.0009765625
14.505654761900001 14.525595238099999 1.5462720130700001 1.5470309929199999 0.0009765625
14.525595238099999 14.5455357143 1.5461133517700001 1.54687201307 0.0009765625
14.5455357143 14.5654761905 1.54595500795 1.54671335177 0.0009765625
14.5654761905 14.5854166667 1.54579698051 1.5465550079499999 0.0009765625
14.5854166667 14.605357142900001 1.5456392684 1.54639698051 0.0009765625
14.605357142900001 14.625297618999999 1.54548187054 1.5462392683999999 0.0009765625
14.625297618999999 14.6452380952 1.5453247858600001 1.5460818705399999 0.0009765625
14.6452380952 14.6651785714 1.5451680133100001 1.54592478586 0.0009765625
14.6651785714 14.685119047600001 1.5450115518200001 1.54576801331 0.0009765625
14.685119047600001 14.705059523799999 1.5448554003699999 1.54561155182 0.0009765625
14.705059523799999 14.725 1.54469955789 1.5454554003700001 0.0009765625
14.725 14.7449404762 1.5445440233500001 1.54529955789 0.0009765625
14.7449404762 14.7648809524 1.54438879572 1.54514402335 0.0009765625
14.7648809524 14.784821428600001 1.5442338739699999 1.5449887957199999 0.0009765625
14.784821428600001 14.804761904799999 1.5440792570699999 1.54483387397 0.0009765625
14.804761904799999 14.824702381 1.543924944 1.5446792570700001 0.0009765625
14.824702381 14.8446428571 1.5437709337600001 1.544524944 0.0009765625
14.8446428571 14.864583333300001 1.54361722533 1.54437093376 0.0009765625
14.864583333300001 14.884523809499999 1.54346381771 1.5442172253299999 0.0009765625
14.884523809499999 14.9044642857 1.5433107098900001 1.5440638177099999 0.0009765625
14.9044642857 14.9244047619 1.54315790089 1.54391070989 0.0009765625
14.9244047619 14.9443452381 1.54300538971 1.54375790089 0.0009765625
14.9443452381 14.964285714300001 1.5428531753600001 1.5436053897099999 0.0009765625
14.964285714300001 14.984226190499999 1.54270125687 1.54345317536 0.0009765625
14.984226190499999 15.0041666667 1.5425496332599999 1.54330125687 0.0009765625
15.0041666667 15.0241071429 1.54239830355 1.5431496332600001 0.0009765625
15.0241071429 15.044047619000001 1.54224726679 1.5429983035499999 0.0009765625
15.044047619000001 15.063988095199999 1.542096522 1.5428472667899999 0.0009765625
15.063988095199999 15.0839285714 1.5419460682299999 1.542696522 0.0009765625
15.0839285714 15.1038690476 1.54179590452 1.5425460682300001 0.0009765625
15.1038690476 15.1238095238 1.5416460299300001 1.54239590452 0.0009765625
15.1238095238 15.143750000000001 1.54149644351 1.54224602993 0.0009765625
15.143750000000001 15.163690476199999 1.54134714432 1.54209644351 0.0009765625
15.163690476199999 15.1836309524 1.5411981314300001 1.5419471443199999 0.0009765625
15.1836309524 15.2035714286 1.5410494039 1.54179813143 0.0009765625
15.2035714286 15.2235119048 1.5409009607999999 1.5416494038999999 0.0009765625
15.2235119048 15.243452381000001 1.54075280121 1.5415009608000001 0.0009765625
15.243452381000001 15.263392857099999 1.5406049242199999 1.54135280121 0.0009765625
15.263392857099999 15.2833333333 1.5404573289000001 1.5412049242200001 0.0009765625
15.2833333333 15.3032738095 1.5403100143599999 1.5410573289 0.0009765625
15.3032738095 15.323214285700001 1.54016297967 1.5409100143600001 0.0009765625
15.323214285700001 15.343154761899999 1.5400162239499999 1.54076297967 0.0009765625
15.343154761899999 15.3630952381 1.53986974628 1.5406162239500001 0.0009765625
15.3630952381 15.3830357143 1.53972354579 1.5404697462800001 0.0009765625
15.3830357143 15.4029761905 1.5395776215700001 1.54032354579 0.0009765625
15.4029761905 15.422916666700001 1.5394319727400001 1.54017762157 0.0009765625
15.422916666700001 15.442857142899999 1.5392865984299999 1.54003197274 0.0009765625
15.442857142899999 15.462797619 1.53914149774 1.5398865984300001 0.0009765625
15.462797619 15.4827380952 1.5389966698199999 1.5397414977399999 0.0009765625
15.4827380952 15.502678571400001 1.53885211379 1.5395966698200001 0.0009765625
15.502678571400001 15.522619047599999 1.53870782878 1.5394521137899999 0.0009765625
15.522619047599999 15.5425595238 1.53856381393 1.5393078287799999 0.0009765625
15.5425595238 15.5625 1.53842006839 1.5391638139299999 0.0009765625
15.5625 15.5824404762 1.5382765913000001 1.5390200683899999 0.0009765625
15.5824404762 15.602380952400001 1.53813338181 1.5388765913 0.0009765625
15.602380952400001 15.622321428599999 1.5379904390800001 1.53873338181 0.0009765625
15.622321428599999 15.6422619048 1.53784776225 1.53859043908 0.0009765625
15.6422619048 15.662202381 1.5377053505 1.5384477622499999 0.0009765625
15.662202381 15.682142857100001 1.5375632029899999 1.5383053504999999 0.0009765625
15.682142857100001 15.702083333299999 1.5374213188800001 1.5381632029900001 0.0009765625
15.702083333299999 15.7220238095 1.53727969736 1.53802131888 0.0009765625
15.7220238095 15.7419642857 1.5371383375900001 1.53787969736 0.0009765625
15.7419642857 15.7619047619 1.5369972387499999 1.53773833759 0.0009765625
15.7619047619 15.781845238100001 1.53685640004 1.5375972387500001 0.0009765625
15.781845238100001 15.801785714299999 1.53671582063 1.5374564000399999 0.0009765625
15.801785714299999 15.8217261905 1.5365754997100001 1.5373158206299999 0.0009765625
15.8217261905 15.8416666667 1.5364354364899999 1.53717549971 0.0009765625
15.8416666667 15.861607142900001 1.5362956301599999 1.5370354364900001 0.0009765625
15.861607142900001 15.881547618999999 1.53615607992 1.5368956301600001 0.0009765625
15.881547618999999 15.9014880952 1.5360167849799999 1.53675607992 0.0009765625
15.9014880952 15.9214285714 1.53587774454 1.5366167849800001 0.0009765625
15.9214285714 15.9413690476 1.53573895782 1.53647774454 0.0009765625
15.9413690476 15.961309523800001 1.5356004240300001 1.53633895782 0.0009765625
15.961309523800001 15.981249999999999 1.5354621423999999 1.53620042403 0.0009765625
15.981249999999999 16.001190476200001 1.5353241121300001 1.5360621424000001 0.0009765625
16.001190476200001 16.0211309524 1.5351863324699999 1.53592411213 0.0009765625
16.0211309524 16.041071428599999 1.53504880264 1.5357863324700001 0.0009765625
16.041071428599999 16.061011904800001 1.53491152186 1.5356488026399999 0.0009765625
16.061011904800001 16.080952380999999 1.5347744893899999 1.53551152186 0.0009765625
16.080952380999999 16.1008928571 1.5346377044499999 1.5353744893900001 0.0009765625
16.1008928571 16.120833333299998 1.5345011662900001 1.5352377044500001 0.0009765625
16.120833333299998 16.140773809500001 1.53436487416 1.53510116629 0.0009765625
16.140773809500001 16.160714285699999 1.5342288273 1.5349648741599999 0.0009765625
16.160714285699999 16.180654761900001 1.53409302497 1.5348288272999999 0.0009765625
16.180654761900001 16.2005952381 1.53395746642 1.5346930249699999 0.0009765625
16.2005952381 16.220535714299999 1.5338221509200001 1.5345574664199999 0.0009765625
16.220535714299999 16.240476190500001 1.53368707772 1.53442215092 0.0009765625
16.240476190500001 16.260416666699999 1.53355224608 1.5342870777199999 0.0009765625
16.260416666699999 16.280357142900002 1.5334176552900001 1.5341522460799999 0.0009765625
16.280357142900002 16.300297618999998 1.5332833046000001 1.53401765529 0.0009765625
16.300297618999998 16.320238095200001 1.5331491933000001 1.5338833046 0.0009765625
16.320238095200001 16.340178571399999 1.5330153206599999 1.5337491933 0.0009765625
16.340178571399999 16.360119047600001 1.5328816859600001 1.5336153206600001 0.0009765625
16.360119047600001 16.3800595238 1.5327482884999999 1.53348168596 0.0009765625
16.3800595238 16.399999999999999 1.53261512754 1.5333482885 0.0009765625
16.399999999999999 16.419940476200001 1.53248220239 1.5332151275399999 0.0009765625
16.419940476200001 16.439880952399999 1.5323495123399999 1.5330822023899999 0.0009765625
16.439880952399999 16.459821428600002 1.53221705668 1.5329495123400001 0.0009765625
16.459821428600002 16.4797619048 1.53208483471 1.5328170566799999 0.0009765625
16.4797619048 16.499702380999999 1.53195284574 1.5326848347099999 0.0009765625
16.499702380999999 16.519642857099999 1.5318210890699999 1.5325528457399999 0.0009765625
16.519642857099999 16.539583333300001 1.5316895640099999 1.5324210890700001 0.0009765625
16.539583333300001 16.5595238095 1.5315582698700001 1.53228956401 0.0009765625
16.5595238095 16.579464285699999 1.53142720596 1.53215826987 0.0009765625
16.579464285699999 16.599404761900001 1.5312963716000001 1.53202720596 0.0009765625
16.599404761900001 16.619345238099999 1.53116576611 1.5318963716 0.0009765625
16.619345238099999 16.639285714300001 1.5310353888199999 1.5317657661099999 0.0009765625
16.639285714300001 16.6592261905 1.53090523904 1.5316353888200001 0.0009765625
16.6592261905 16.679166666699999 1.53077531611 1.5315052390399999 0.0009765625
16.679166666699999 16.699107142900001 1.53064561936 1.5313753161100001 0.0009765625
16.699107142900001 16.719047619000001 1.53051614812 1.5312456193599999 0.0009765625
16.719047619000001 16.7389880952 1.53038690173 1.53111614812 0.0009765625
16.7389880952 16.758928571399998 1.5302578795299999 1.53098690173 0.0009765625
16.758928571399998 16.778869047600001 1.5301290808500001 1.5308578795300001 0.0009765625
16.778869047600001 16.798809523799999 1.5300005050500001 1.53072908085 0.0009765625
16.798809523799999 16.818750000000001 1.52987215148 1.53060050505 0.0009765625
16.818750000000001 16.8386904762 1.5297440194800001 1.5304721514799999 0.0009765625
16.8386904762 16.858630952399999 1.5296161084 1.53034401948 0.0009765625
16.858630952399999 16.878571428600001 1.5294884176100001 1.5302161084000001 0.0009765625
16.878571428600001 16.898511904799999 1.52936094645 1.53008841761 0.0009765625
16.898511904799999 16.918452381000002 1.5292336943 1.5299609464499999 0.0009765625
16.918452381000002 16.938392857099998 1.5291066605200001 1.5298336942999999 0.0009765625
16.938392857099998 16.958333333300001 1.52897984446 1.52970666052 0.0009765625
16.958333333300001 16.978273809499999 1.5288532455099999 1.5295798444599999 0.0009765625
16.978273809499999 16.998214285700001 1.5287268630299999 1.5294532455100001 0.0009765625
16.998214285700001 17.0181547619 1.5286006964000001 1.5293268630300001 0.0009765625
17.0181547619 17.038095238099999 1.52847474499 1.5292006964 0.0009765625
17.038095238099999 17.058035714300001 1.52834900819 1.52907474499 0.0009765625
17.058035714300001 17.077976190499999 1.5282234853700001 1.5289490081899999 0.0009765625
17.077976190499999 17.097916666700002 1.5280981759200001 1.52882348537 0.0009765625
17.097916666700002 17.1178571429 1.5279730792199999 1.52869817592 0.0009765625
17.1178571429 17.137797619000001 1.52784819468 1.5285730792200001 0.0009765625
17.137797619000001 17.157738095199999 1.52772352167 1.5284481946799999 0.0009765625
17.157738095199999 17.177678571400001 1.52759905959 1.52832352167 0.0009765625
17.177678571400001 17.1976190476 1.52747480784 1.5281990595899999 0.0009765625
17.1976190476 17.217559523799999 1.5273507658200001 1.5280748078399999 0.0009765625
17.217559523799999 17.237500000000001 1.5272269329299999 1.52795076582 0.0009765625
17.237500000000001 17.257440476199999 1.5271033085800001 1.52782693293 0.0009765625
17.257440476199999 17.277380952400001 1.52697989217 1.52770330858 0.0009765625
17.277380952400001 17.2973214286 1.5268566830999999 1.5275798921699999 0.0009765625
17.2973214286 17.317261904799999 1.5267336808 1.5274566831 0.0009765625
17.317261904799999 17.337202381000001 1.5266108846799999 1.5273336808 0.0009765625
17.337202381000001 17.357142857100001 1.52648829414 1.5272108846800001 0.0009765625
17.357142857100001 17.3770833333 1.5263659086200001 1.5270882941399999 0.0009765625
17.3770833333 17.397023809499998 1.52624372752 1.52696590862 0.0009765625
17.397023809499998 17.416964285700001 1.52612175028 1.52684372752 0.0009765625
17.416964285700001 17.436904761899999 1.5259999763200001 1.5267217502799999 0.0009765625
17.436904761899999 17.456845238100001 1.5258784050700001 1.52659997632 0.0009765625
17.456845238100001 17.4767857143 1.5257570359599999 1.52647840507 0.0009765625
17.4767857143 17.496726190499999 1.52563586841 1.5263570359600001 0.0009765625
17.496726190499999 17.516666666700001 1.5255149018700001 1.5262358684099999 0.0009765625
17.516666666700001 17.536607142899999 1.52539413577 1.52611490187 0.0009765625
17.536607142899999 17.556547619 1.5252735695499999 1.52599413577 0.0009765625
17.556547619 17.576488095199998 1.5251532026500001 1.5258735695500001 0.0009765625
17.576488095199998 17.596428571400001 1.5250330345200001 1.52575320265 0.0009765625
17.596428571400001 17.616369047599999 1.5249130646 1.52563303452 0.0009765625
17.616369047599999 17.636309523800001 1.5247932923400001 1.5255130645999999 0.0009765625
17.636309523800001 17.65625 1.52467371718 1.52539329234 0.0009765625
17.65625 17.676190476199999 1.52455433859 1.5252737171799999 0.0009765625
17.676190476199999 17.696130952400001 1.52443515602 1.5251543385899999 0.0009765625
17.696130952400001 17.716071428599999 1.52431616891 1.5250351560199999 0.0009765625
17.716071428599999 17.736011904800002 1.5241973767400001 1.5249161689099999 0.0009765625
17.736011904800002 17.755952381 1.5240787789600001 1.52479737674 0.0009765625
17.755952381 17.775892857100001 1.5239603750299999 1.52467877896 0.0009765625
17.775892857100001 17.795833333299999 1.52384216443 1.5245603750300001 0.0009765625
17.795833333299999 17.815773809500001 1.52372414661 1.5244421644299999 0.0009765625
17.815773809500001 17.8357142857 1.5236063210499999 1.5243241466099999 0.0009765625
17.8357142857 17.855654761899999 1.52348868722 1.5242063210500001 0.0009765625
17.855654761899999 17.875595238100001 1.5233712445900001 1.5240886872199999 0.0009765625
17.875595238100001 17.895535714299999 1.5232539926399999 1.52397124459 0.0009765625
17.895535714299999 17.915476190500002 1.52313693084 1.5238539926400001 0.0009765625
17.915476190500002 17.9354166667 1.52302005868 1.5237369308399999 0.0009765625
17.9354166667 17.955357142899999 1.5229033756299999 1.5236200586799999 0.0009765625
17.955357142899999 17.975297618999999 1.5227868811800001 1.52350337563 0.0009765625
17.975297618999999 17.995238095200001 1.52267057482 1.52338688118 0.0009765625
17.995238095200001 18.0151785714 1.5225544560299999 1.5232705748199999 0.0009765625
18.0151785714 18.035119047599999 1.5224385243 1.5231544560300001 0.0009765625
18.035119047599999 18.055059523800001 1.52232277913 1.5230385243 0.0009765625
18.055059523800001 18.074999999999999 1.5222072200000001 1.52292277913 0.0009765625
18.074999999999999 18.094940476200001 1.5220918464199999 1.52280722 0.0009765625
18.094940476200001 18.1148809524 1.52197665788 1.5226918464200001 0.0009765625
18.1148809524 18.134821428599999 1.5218616538800001 1.52257665788 0.0009765625
18.134821428599999 18.154761904800001 1.52174683392 1.52246165388 0.0009765625
18.154761904800001 18.174702380999999 1.5216321975 1.5223468339199999 0.0009765625
18.174702380999999 18.1946428571 1.5215177441400001 1.5222321974999999 0.0009765625
18.1946428571 18.214583333299998 1.5214034733299999 1.52211774414 0.0009765625
18.214583333299998 18.234523809500001 1.52128938458 1.5220034733300001 0.0009765625
18.234523809500001 18.254464285699999 1.5211754774199999 1.5218893845799999 0.0009765625
18.254464285699999 18.274404761900001 1.52106175134 1.5217754774200001 0.0009765625
18.274404761900001 18.2943452381 1.5209482058599999 1.5216617513399999 0.0009765625
18.2943452381 18.314285714299999 1.5208348405100001 1.5215482058600001 0.0009765625
18.314285714299999 18.334226190500001 1.52072165479 1.52143484051 0.0009765625
18.334226190500001 18.354166666699999 1.5206086482300001 1.5213216547899999 0.0009765625
18.354166666699999 18.374107142900002 1.5204958203500001 1.52120864823 0.0009765625
18.374107142900002 18.394047618999998 1.52038317068 1.52109582035 0.0009765625
18.394047618999998 18.413988095200001 1.5202706987300001 1.5209831706800001 0.0009765625
18.413988095200001 18.433928571399999 1.52015840404 1.52087069873 0.0009765625
18.433928571399999 18.453869047600001 1.5200462861299999 1.52075840404 0.0009765625
18.453869047600001 18.4738095238 1.51993434454 1.5206462861300001 0.0009765625
18.4738095238 18.493749999999999 1.5198225787999999 1.5205343445399999 0.0009765625
18.493749999999999 18.513690476200001 1.51971098845 1.5204225788000001 0.0009765625
18.513690476200001 18.533630952399999 1.51959957301 1.5203109884499999 0.0009765625
18.533630952399999 18.553571428600002 1.5194883320300001 1.52019957301 0.0009765625
18.553571428600002 18.5735119048 1.5193772650399999 1.52008833203 0.0009765625
18.5735119048 18.593452380999999 1.5192663716000001 1.5199772650400001 0.0009765625
18.593452380999999 18.613392857099999 1.51915565123 1.5198663716 0.0009765625
18.613392857099999 18.633333333300001 1.5190451034900001 1.5197556512299999 0.0009765625
18.633333333300001 18.6532738095 1.5189347279200001 1.51964510349 0.0009765625
18.6532738095 18.673214285699999 1.51882452407 1.51953472792 0.0009765625
18.673214285699999 18.693154761900001 1.5187144914999999 1.5194245240699999 0.0009765625
18.693154761900001 18.713095238099999 1.51860462974 1.5193144915000001 0.0009765625
18.713095238099999 18.733035714300001 1.5184949383599999 1.5192046297399999 0.0009765625
18.733035714300001 18.7529761905 1.5183854169 1.5190949383600001 0.0009765625
18.7529761905 18.772916666699999 1.51827606494 1.5189854169000001 0.0009765625
18.772916666699999 18.792857142900001 1.5181668820200001 1.5188760649399999 0.0009765625
18.792857142900001 18.812797619000001 1.5180578677000001 1.51876688202 0.0009765625
18.812797619000001 18.8327380952 1.51794902154 1.5186578677 0.0009765625
18.8327380952 18.852678571399998 1.51784034312 1.5185490215399999 0.0009765625
18.852678571399998 18.872619047600001 1.5177318319899999 1.51844034312 0.0009765625
18.872619047600001 18.892559523799999 1.5176234877100001 1.5183318319900001 0.0009765625
18.892559523799999 18.912500000000001 1.5175153098600001 1.51822348771 0.0009765625
18.912500000000001 18.9324404762 1.51740729801 1.51811530986 0.0009765625
18.9324404762 18.952380952399999 1.51729945173 1.5180072980099999 0.0009765625
18.952380952399999 18.972321428600001 1.51719177059 1.51789945173 0.0009765625
18.972321428600001 18.992261904799999 1.51708425416 1.5177917705899999 0.0009765625
18.992261904799999 19.012202381000002 1.5169769020099999 1.51768425416 0.0009765625
19.012202381000002 19.032142857099998 1.51686971374 1.5175769020100001 0.0009765625
19.032142857099998 19.052083333300001 1.5167626889100001 1.5174697137399999 0.0009765625
19.052083333300001 19.072023809499999 1.5166558271099999 1.51736268891 0.0009765625
19.072023809499999 19.091964285700001 1.5165491279100001 1.5172558271100001 0.0009765625
19.091964285700001 19.1119047619 1.5164425909100001 1.51714912791 0.0009765625
19.1119047619 19.131845238099999 1.51633621568 1.51704259091 0.0009765625
19.131845238099999 19.151785714300001 1.5162300018099999 1.5169362156799999 0.0009765625
19.151785714300001 19.171726190499999 1.5161239489 1.5168300018100001 0.0009765625
19.171726190499999 19.191666666700002 1.5160180565200001 1.5167239489 0.0009765625
19.191666666700002 19.2116071429 1.5159123242799999 1.51661805652 0.0009765625
19.2116071429 19.231547619000001 1.51580675175 1.51651232428 0.0009765625
19.231547619000001 19.251488095199999 1.51570133855 1.5164067517499999 0.0009765625
19.251488095199999 19.271428571400001 1.51559608425 1.5163013385499999 0.0009765625
19.271428571400001 19.2913690476 1.5154909884600001 1.51619608425 0.0009765625
19.2913690476 19.311309523799999 1.5153860507900001 1.51609098846 0.0009765625
19.311309523799999 19.331250000000001 1.5152812708100001 1.51598605079 0.0009765625
19.331250000000001 19.351190476199999 1.51517664815 1.51588127081 0.0009765625
19.351190476199999 19.371130952400001 1.51507218239 1.5157766481499999 0.0009765625
19.371130952400001 19.3910714286 1.51496787315 1.5156721823899999 0.0009765625
19.3910714286 19.411011904799999 1.5148637200299999 1.51556787315 0.0009765625
19.411011904799999 19.430952381000001 1.51475972263 1.5154637200300001 0.0009765625
19.430952381000001 19.450892857100001 1.5146558805699999 1.51535972263 0.0009765625
19.450892857100001 19.4708333333 1.5145521934499999 1.51525588057 0.0009765625
19.4708333333 19.490773809499998 1.5144486608900001 1.5151521934500001 0.0009765625
19.490773809499998 19.510714285700001 1.5143452824999999 1.51504866089 0.0009765625
19.510714285700001 19.530654761899999 1.51424205788 1.5149452825 0.0009765625
19.530654761899999 19.550595238100001 1.5141389866599999 1.5148420578799999 0.0009765625
19.550595238100001 19.5705357143 1.5140360684600001 1.5147389866600001 0.0009765625
19.5705357143 19.590476190499999 1.5139333028799999 1.51463606846 0.0009765625
19.590476190499999 19.610416666700001 1.51383068956 1.5145333028800001 0.0009765625
19.610416666700001 19.630357142899999 1.5137282281 1.5144306895599999 0.0009765625
19.630357142899999 19.650297619 1.51362591814 1.5143282280999999 0.0009765625
19.650297619 19.670238095199998 1.5135237592899999 1.51422591814 0.0009765625
19.670238095199998 19.690178571400001 1.5134217511800001 1.5141237592900001 0.0009765625
19.690178571400001 19.710119047599999 1.5133198934400001 1.51402175118 0.0009765625
19.710119047599999 19.730059523800001 1.51321818569 1.51391989344 0.0009765625
19.730059523800001 19.75 1.5131166275600001 1.5138181856899999 0.0009765625
19.75 19.769940476199999 1.5130152186800001 1.51371662756 0.0009765625
19.769940476199999 19.789880952400001 1.51291395869 1.51361521868 0.0009765625
19.789880952400001 19.809821428599999 1.51281284721 1.5135139586899999 0.0009765625
19.809821428599999 19.829761904800002 1.51271188388 1.5134128472099999 0.0009765625
19.829761904800002 19.849702381 1.51261106833 1.5133118838799999 0.0009765625
19.849702381 19.869642857100001 1.5125104002 1.51321106833 0.0009765625
19.869642857100001 19.889583333299999 1.51240987913 1.5131104002 0.0009765625
19.889583333299999 19.909523809500001 1.5123095047499999 1.51300987913 0.0009765625
19.909523809500001 19.9294642857 1.5122092767199999 1.5129095047500001 0.0009765625
19.9294642857 19.949404761899999 1.51210919465 1.5128092767200001 0.0009765625
19.949404761899999 19.969345238100001 1.51200925821 1.51270919465 0.0009765625
19.969345238100001 19.989285714299999 1.51190946703 1.5126092582099999 0.0009765625
19.989285714299999 20.009226190500002 1.5118098207599999 1.5125094670300001 0.0009765625
20.009226190500002 20.0291666667 1.5117103190500001 1.5124098207600001 0.0009765625
20.0291666667 20.049107142899999 1.51161096153 1.51231031905 0.0009765625
20.049107142899999 20.069047618999999 1.51151174787 1.5122109615299999 0.0009765625
20.069047618999999 20.088988095200001 1.5114126777100001 1.5121117478699999 0.0009765625
20.088988095200001 20.1089285714 1.5113137507000001 1.51201267771 0.0009765625
20.1089285714 20.128869047599999 1.5112149665000001 1.5119137507 0.0009765625
20.128869047599999 20.148809523800001 1.5111163247499999 1.5118149665 0.0009765625
20.148809523800001 20.168749999999999 1.5110178251199999 1.5117163247500001 0.0009765625
20.168749999999999 20.188690476200001 1.5109194672599999 1.5116178251200001 0.0009765625
20.188690476200001 20.2086309524 1.5108212508200001 1.5115194672600001 0.0009765625
20.2086309524 20.228571428599999 1.5107231754599999 1.51142125082 0.0009765625
20.228571428599999 20.248511904800001 1.5106252408500001 1.5113231754600001 0.0009765625
20.248511904800001 20.268452380999999 1.51052744664 1.51122524085 0.0009765625
20.268452380999999 20.2883928571 1.5104297925000001 1.51112744664 0.0009765625
20.2883928571 20.308333333299998 1.5103322780899999 1.5110297925 0.0009765625
20.308333333299998 20.328273809500001 1.51023490306 1.5109322780900001 0.0009765625
20.328273809500001 20.348214285699999 1.5101376671 1.5108349030599999 0.0009765625
20.348214285699999 20.368154761900001 1.5100405698599999 1.5107376670999999 0.0009765625
20.368154761900001 20.3880952381 1.50994361102 1.5106405698600001 0.0009765625
20.3880952381 20.408035714299999 1.5098467902299999 1.5105436110199999 0.0009765625
20.408035714299999 20.427976190500001 1.5097501071699999 1.5104467902300001 0.0009765625
20.427976190500001 20.447916666699999 1.50965356152 1.5103501071700001 0.0009765625
20.447916666699999 20.467857142900002 1.50955715293 1.5102535615199999 0.0009765625
20.467857142900002 20.487797618999998 1.5094608811000001 1.51015715293 0.0009765625
20.487797618999998 20.507738095200001 1.5093647456799999 1.5100608811 0.0009765625
20.507738095200001 20.527678571399999 1.5092687463600001 1.5099647456800001 0.0009765625
20.527678571399999 20.547619047600001 1.5091728828099999 1.50986874636 0.0009765625
20.547619047600001 20.5675595238 1.5090771547099999 1.5097728828100001 0.0009765625
20.5675595238 20.587499999999999 1.50898156174 1.5096771547100001 0.0009765625
20.587499999999999 20.607440476200001 1.5088861035800001 1.5095815617399999 0.0009765625
20.607440476200001 20.627380952399999 1.5087907799 1.50948610358 0.0009765625
20.627380952399999 20.647321428600002 1.5086955903899999 1.5093907798999999 0.0009765625
20.647321428600002 20.6672619048 1.50860053474 1.5092955903900001 0.0009765625
20.6672619048 20.687202380999999 1.50850561263 1.5092005347399999 0.0009765625
20.687202380999999 20.707142857099999 1.50841082373 1.50910561263 0.0009765625
20.707142857099999 20.727083333300001 1.5083161677500001 1.50901082373 0.0009765625
20.727083333300001 20.7470238095 1.5082216443600001 1.50891616775 0.0009765625
20.7470238095 20.766964285699999 1.5081272532500001 1.50882164436 0.0009765625
20.766964285699999 20.786904761900001 1.5080329941099999 1.50872725325 0.0009765625
20.786904761900001 20.806845238099999 1.50793886664 1.5086329941100001 0.0009765625
20.806845238099999 20.826785714300001 1.50784487052 1.5085388666399999 0.0009765625
20.826785714300001 20.8467261905 1.5077510054500001 1.50844487052 0.0009765625
20.8467261905 20.866666666699999 1.50765727112 1.50835100545 0.0009765625
20.866666666699999 20.886607142900001 1.5075636672199999 1.50825727112 0.0009765625
20.886607142900001 20.906547619000001 1.5074701934500001 1.5081636672200001 0.0009765625
20.906547619000001 20.9264880952 1.5073768494999999 1.50807019345 0.0009765625
20.9264880952 20.946428571399998 1.5072836350800001 1.5079768495000001 0.0009765625
20.946428571399998 20.966369047600001 1.50719054988 1.50788363508 0.0009765625
20.966369047600001 20.986309523799999 1.5070975936 1.5077905498799999 0.0009765625
20.986309523799999 21.006250000000001 1.5070047659400001 1.5076975936000001 0.0009765625
21.006250000000001 21.0261904762 1.5069120666 1.50760476594 0.0009765625
21.0261904762 21.046130952399999 1.50681949529 1.5075120665999999 0.0009765625
21.046130952399999 21.066071428600001 1.5067270517 1.50741949529 0.0009765625
21.066071428600001 21.086011904799999 1.50663473555 1.5073270516999999 0.0009765625
21.086011904799999 21.105952381000002 1.50654254653 1.50723473555 0.0009765625
21.105952381000002 21.125892857099998 1.50645048436 1.5071425465299999 0.0009765625
21.125892857099998 21.145833333300001 1.50635854873 1.5070504843600001 0.0009765625
21.145833333300001 21.165773809499999 1.50626673937 1.5069585487299999 0.0009765625
21.165773809499999 21.185714285700001 1.50617505597 1.5068667393699999 0.0009765625
21.185714285700001 21.2056547619 1.50608349825 1.5067750559699999 0.0009765625
21.2056547619 21.225595238099999 1.5059920659199999 1.5066834982499999 0.0009765625
21.225595238099999 21.245535714300001 1.50590075869 1.5065920659200001 0.0009765625
21.245535714300001 21.265476190499999 1.5058095762699999 1.5065007586900001 0.0009765625
21.265476190499999 21.285416666700002 1.5057185183799999 1.5064095762700001 0.0009765625
21.285416666700002 21.3053571429 1.50562758473 1.5063185183800001 0.0009765625
21.3053571429 21.325297619000001 1.5055367750399999 1.50622758473 0.0009765625
21.325297619000001 21.345238095199999 1.5054460890200001 1.5061367750400001 0.0009765625
21.345238095199999 21.365178571400001 1.5053555264 1.50604608902 0.0009765625
21.365178571400001 21.3851190476 1.5052650868799999 1.5059555264 0.0009765625
21.3851190476 21.405059523799999 1.50517477019 1.5058650868800001 0.0009765625
21.405059523799999 21.425000000000001 1.50508457606 1.5057747701899999 0.0009765625
21.425000000000001 21.444940476199999 1.5049945041899999 1.5056845760599999 0.0009765625
21.444940476199999 21.464880952400001 1.5049045543099999 1.5055945041900001 0.0009765625
21.464880952400001 21.4848214286 1.50481472615 1.5055045543100001 0.0009765625
21.4848214286 21.504761904799999 1.5047250194299999 1.5054147261499999 0.0009765625
21.504761904799999 21.524702381000001 1.5046354338800001 1.5053250194300001 0.0009765625
21.524702381000001 21.544642857100001 1.5045459692100001 1.50523543388 0.0009765625
21.544642857100001 21.5645833333 1.50445662516 1.50514596921 0.0009765625
21.5645833333 21.584523809499998 1.5043674014499999 1.5050566251599999 0.0009765625
21.584523809499998 21.604464285700001 1.50427829782 1.5049674014500001 0.0009765625
21.604464285700001 21.624404761899999 1.50418931398 1.5048782978199999 0.0009765625
21.624404761899999 21.644345238100001 1.5041004496699999 1.5047893139799999 0.0009765625
21.644345238100001 21.6642857143 1.5040117046299999 1.5047004496700001 0.0009765625
21.6642857143 21.684226190499999 1.50392307858 1.50461170463 0.0009765625
21.684226190499999 21.704166666700001 1.5038345712500001 1.5045230785799999 0.0009765625
21.704166666700001 21.724107142899999 1.50374618238 1.50443457125 0.0009765625
21.724107142899999 21.744047619 1.50365791171 1.50434618238 0.0009765625
21.744047619 21.763988095199998 1.5035697589599999 1.5042579117099999 0.0009765625
21.763988095199998 21.783928571400001 1.50348172388 1.50416975896 0.0009765625
21.783928571400001 21.803869047599999 1.5033938062000001 1.5040817238799999 0.0009765625
21.803869047599999 21.823809523800001 1.5033060056600001 1.5039938062 0.0009765625
21.823809523800001 21.84375 1.5032183219899999 1.50390600566 0.0009765625
21.84375 21.863690476199999 1.5031307549399999 1.5038183219900001 0.0009765625
21.863690476199999 21.883630952400001 1.50304330424 1.5037307549400001 0.0009765625
21.883630952400001 21.903571428599999 1.5029559696399999 1.5036433042399999 0.0009765625
21.903571428599999 21.923511904800002 1.50286875088 1.50355596964 0.0009765625
21.923511904800002 21.943452381 1.5027816477 1.50346875088 0.0009765625
21.943452381 21.963392857100001 1.5026946598499999 1.5033816476999999 0.0009765625
21.963392857100001 21.983333333299999 1.5026077870600001 1.5032946598500001 0.0009765625
21.983333333299999 22.003273809500001 1.50252102909 1.50320778706 0.0009765625
22.003273809500001 22.0232142857 1.50243438568 1.5031210290899999 0.0009765625
22.0232142857 22.043154761899999 1.5023478565699999 1.5030343856799999 0.0009765625
22.043154761899999 22.063095238100001 1.50226144151 1.5029478565700001 0.0009765625
22.063095238100001 22.083035714299999 1.5021751402600001 1.5028614415099999 0.0009765625
22.083035714299999 22.102976190500002 1.5020889525600001 1.50277514026 0.0009765625
22.102976190500002 22.1229166667 1.5020028781500001 1.50268895256 0.0009765625
22.1229166667 22.142857142899999 1.5019169167999999 1.50260287815 0.0009765625
22.142857142899999 22.162797618999999 1.50183106825 1.5025169168000001 0.0009765625
22.162797618999999 22.182738095200001 1.5017453322500001 1.5024310682499999 0.0009765625
22.182738095200001 22.2026785714 1.5016597085600001 1.50234533225 0.0009765625
22.2026785714 22.222619047599999 1.50157419692 1.50225970856 0.0009765625
22.222619047599999 22.242559523800001 1.5014887970999999 1.50217419692 0.0009765625
22.242559523800001 22.262499999999999 1.50140350885 1.5020887971000001 0.0009765625
22.262499999999999 22.282440476200001 1.5013183319300001 1.5020035088499999 0.0009765625
22.282440476200001 22.3023809524 1.5012332660900001 1.50191833193 0.0009765625
22.3023809524 22.322321428599999 1.5011483110799999 1.50183326609 0.0009765625
22.322321428599999 22.342261904800001 1.50106346668 1.5017483110800001 0.0009765625
22.342261904800001 22.362202380999999 1.5009787326299999 1.5016634666799999 0.0009765625
22.362202380999999 22.3821428571 1.5008941086900001 1.5015787326300001 0.0009765625
22.3821428571 22.402083333299998 1.50080959463 1.50149410869 0.0009765625
22.402083333299998 22.422023809500001 1.5007251902100001 1.5014095946299999 0.0009765625
22.422023809500001 22.441964285699999 1.5006408951900001 1.50132519021 0.0009765625
22.441964285699999 22.461904761900001 1.5005567093300001 1.50124089519 0.0009765625
22.461904761900001 22.4818452381 1.5004726323899999 1.50115670933 0.0009765625
22.4818452381 22.501785714299999 1.5003886641499999 1.5010726323900001 0.0009765625
22.501785714299999 22.521726190500001 1.50030480435 1.5009886641500001 0.0009765625
22.521726190500001 22.541666666699999 1.50022105278 1.50090480435 0.0009765625
22.541666666699999 22.561607142900002 1.5001374091899999 1.5008210527800001 0.0009765625
22.561607142900002 22.581547618999998 1.50005387335 1.5007374091900001 0.0009765625
22.581547618999998 22.601488095200001 1.49997044503 1.5006538733499999 0.0009765625
22.601488095200001 22.621428571399999 1.499887124 1.5005704450299999 0.0009765625
22.621428571399999 22.641369047600001 1.49980391003 1.5004871239999999 0.0009765625
22.641369047600001 22.6613095238 1.49972080289 1.50040391003 0.0009765625
22.6613095238 22.681249999999999 1.4996378023400001 1.5003208028899999 0.0009765625
22.681249999999999 22.701190476200001 1.4995549081599999 1.50023780234 0.0009765625
22.701190476200001 22.721130952399999 1.4994721201200001 1.5001549081600001 0.0009765625
22.721130952399999 22.741071428600002 1.4993894379899999 1.50007212012 0.0009765625
22.741071428600002 22.7610119048 1.49930686155 1.4999894379900001 0.0009765625
22.7610119048 22.780952380999999 1.49922439057 1.49990686155 0.0009765625
22.780952380999999 22.800892857099999 1.49914202482 1.4998243905699999 0.0009765625
22.800892857099999 22.820833333300001 1.4990597640800001 1.49974202482 0.0009765625
22.820833333300001 22.8407738095 1.4989776081299999 1.49965976408 0.0009765625
22.8407738095 22.860714285699999 1.49889555674 1.4995776081300001 0.0009765625
22.860714285699999 22.880654761900001 1.49881360969 1.4994955567399999 0.0009765625
22.880654761900001 22.900595238099999 1.49873176675 1.4994136096899999 0.0009765625
22.900595238099999 22.920535714300001 1.4986500277200001 1.4993317667499999 0.0009765625
22.920535714300001 22.9404761905 1.4985683923599999 1.49925002772 0.0009765625
22.9404761905 22.960416666699999 1.4984868604499999 1.4991683923600001 0.0009765625
22.960416666699999 22.980357142900001 1.49840543178 1.4990868604500001 0.0009765625
22.980357142900001 23.000297619000001 1.4983241061300001 1.4990054317799999 0.0009765625
23.000297619000001 23.0202380952 1.4982428832700001 1.49892410613 0.0009765625
23.0202380952 23.040178571399998 1.4981617629999999 1.49884288327 0.0009765625
23.040178571399998 23.060119047600001 1.49808074509 1.4987617630000001 0.0009765625
23.060119047600001 23.080059523799999 1.4979998293400001 1.4986807450899999 0.0009765625
23.080059523799999 23.100000000000001 1.49791901551 1.49859982934 0.0009765625
23.100000000000001 23.1199404762 1.4978383034 1.4985190155100001 0.0009765625
23.1199404762 23.139880952399999 1.4977576928 1.4984383033999999 0.0009765625
23.139880952399999 23.159821428600001 1.49767718349 1.4983576928 0.0009765625
23.159821428600001 23.179761904799999 1.4975967752599999 1.4982771834899999 0.0009765625
23.179761904799999 23.199702381000002 1.4975164678899999 1.4981967752600001 0.0009765625
23.199702381000002 23.219642857099998 1.4974362611800001 1.4981164678900001 0.0009765625
23.219642857099998 23.239583333300001 1.4973561549100001 1.49803626118 0.0009765625
23.239583333300001 23.259523809499999 1.4972761488699999 1.49795615491 0.0009765625
23.259523809499999 23.279464285700001 1.4971962428600001 1.4978761488700001 0.0009765625
23.279464285700001 23.2994047619 1.49711643666 1.49779624286 0.0009765625
23.2994047619 23.319345238099999 1.49703673007 1.49771643666 0.0009765625
23.319345238099999 23.339285714300001 1.49695712287 1.49763673007 0.0009765625
23.339285714300001 23.359226190499999 1.49687761486 1.49755712287 0.0009765625
23.359226190499999 23.379166666700002 1.49679820584 1.49747761486 0.0009765625
23.379166666700002 23.3991071429 1.4967188955899999 1.4973982058399999 0.0009765625
23.3991071429 23.419047619000001 1.49663968392 1.4973188955900001 0.0009765625
23.419047619000001 23.438988095199999 1.49656057061 1.49723968392 0.0009765625
23.438988095199999 23.458928571400001 1.4964815554699999 1.49716057061 0.0009765625
23.458928571400001 23.4788690476 1.49640263828 1.4970815554700001 0.0009765625
23.4788690476 23.498809523799999 1.4963238188500001 1.4970026382799999 0.0009765625
23.498809523799999 23.518750000000001 1.4962450969800001 1.49692381885 0.0009765625
23.518750000000001 23.538690476199999 1.4961664724499999 1.49684509698 0.0009765625
23.538690476199999 23.558630952400001 1.49608794508 1.4967664724500001 0.0009765625
23.558630952400001 23.5785714286 1.4960095146500001 1.4966879450799999 0.0009765625
23.5785714286 23.598511904799999 1.49593118098 1.49660951465 0.0009765625
23.598511904799999 23.618452381000001 1.4958529438599999 1.4965311809799999 0.0009765625
23.618452381000001 23.638392857100001 1.49577480309 1.4964529438600001 0.0009765625
23.638392857100001 23.6583333333 1.4956967584700001 1.4963748030899999 0.0009765625
23.6583333333 23.678273809499998 1.4956188098000001 1.49629675847 0.0009765625
23.678273809499998 23.698214285700001 1.4955409569 1.4962188098 0.0009765625
23.698214285700001 23.718154761899999 1.4954631995500001 1.4961409568999999 0.0009765625
23.718154761899999 23.738095238100001 1.49538553757 1.49606319955 0.0009765625
23.738095238100001 23.7580357143 1.4953079707600001 1.49598553757 0.0009765625
23.7580357143 23.777976190499999 1.49523049893 1.49590797076 0.0009765625
23.777976190499999 23.797916666700001 1.49515312187 1.49583049893 0.0009765625
23.797916666700001 23.817857142899999 1.4950758394100001 1.49575312187 0.0009765625
23.817857142899999 23.837797619 1.49499865133 1.49567583941 0.0009765625
23.837797619 23.857738095199998 1.4949215574600001 1.4955986513299999 0.0009765625
23.857738095199998 23.877678571400001 1.4948445576 1.49552155746 0.0009765625
23.877678571400001 23.897619047599999 1.4947676515499999 1.4954445575999999 0.0009765625
23.897619047599999 23.917559523800001 1.49469083913 1.4953676515500001 0.0009765625
23.917559523800001 23.9375 1.4946141201400001 1.4952908391299999 0.0009765625
23.9375 23.957440476199999 1.4945374944000001 1.49521412014 0.0009765625
23.957440476199999 23.977380952400001 1.49446096172 1.4951374944 0.0009765625
23.977380952400001 23.997321428599999 1.49438452191 1.4950609617199999 0.0009765625
23.997321428599999 24.017261904800002 1.49430817477 1.49498452191 0.0009765625
24.017261904800002 24.037202381 1.4942319201300001 1.4949081747699999 0.0009765625
24.037202381 24.057142857100001 1.49415575779 1.49483192013 0.0009765625
24.057142857100001 24.077083333299999 1.49407968757 1.4947557577899999 0.0009765625
24.077083333299999 24.097023809500001 1.49400370927 1.4946796875699999 0.0009765625
24.097023809500001 24.1169642857 1.4939278227299999 1.49460370927 0.0009765625
24.1169642857 24.136904761899999 1.49385202775 1.4945278227300001 0.0009765625
24.136904761899999 24.156845238100001 1.4937763241399999 1.49445202775 0.0009765625
24.156845238100001 24.176785714299999 1.4937007117300001 1.4943763241400001 0.0009765625
24.176785714299999 24.196726190500002 1.49362519032 1.49430071173 0.0009765625
24.196726190500002 24.2166666667 1.49354975974 1.4942251903199999 0.0009765625
24.2166666667 24.236607142899999 1.4934744198100001 1.49414975974 0.0009765625
24.236607142899999 24.256547618999999 1.49339917033 1.49407441981 0.0009765625
24.256547618999999 24.276488095200001 1.4933240111399999 1.49399917033 0.0009765625
24.276488095200001 24.2964285714 1.4932489420399999 1.4939240111400001 0.0009765625
24.2964285714 24.316369047599999 1.49317396287 1.4938489420400001 0.0009765625
24.316369047599999 24.336309523800001 1.49309907343 1.49377396287 0.0009765625
24.336309523800001 24.356249999999999 1.4930242735499999 1.49369907343 0.0009765625
24.356249999999999 24.376190476200001 1.49294956306 1.49362427355 0.0009765625
24.376190476200001 24.3961309524 1.49287494177 1.49354956306 0.0009765625
24.3961309524 24.416071428599999 1.4928004095 1.49347494177 0.0009765625
24.416071428599999 24.436011904800001 1.4927259660800001 1.4934004095 0.0009765625
24.436011904800001 24.455952380999999 1.4926516113199999 1.49332596608 0.0009765625
24.455952380999999 24.4758928571 1.49257734507 1.4932516113200001 0.0009765625
24.4758928571 24.495833333299998 1.49250316713 1.4931773450700001 0.0009765625
24.495833333299998 24.515773809500001 1.49242907733 1.4931031671299999 0.0009765625
24.515773809500001 24.535714285699999 1.4923550755099999 1.4930290773299999 0.0009765625
24.535714285699999 24.555654761900001 1.49228116147 1.4929550755100001 0.0009765625
24.555654761900001 24.5755952381 1.49220733506 1.4928811614699999 0.0009765625
24.5755952381 24.595535714299999 1.49213359609 1.49280733506 0.0009765625
24.595535714299999 24.615476190500001 1.4920599444 1.4927335960899999 0.0009765625
24.615476190500001 24.635416666699999 1.4919863797999999 1.4926599443999999 0.0009765625
24.635416666699999 24.655357142900002 1.4919129021399999 1.4925863798000001 0.0009765625
24.655357142900002 24.675297618999998 1.49183951123 1.4925129021400001 0.0009765625
24.675297618999998 24.695238095200001 1.4917662069099999 1.49243951123 0.0009765625
24.695238095200001 24.715178571399999 1.4916929890099999 1.4923662069100001 0.0009765625
24.715178571399999 24.735119047600001 1.4916198573499999 1.4922929890100001 0.0009765625
24.735119047600001 24.7550595238 1.4915468117699999 1.4922198573500001 0.0009765625
24.7550595238 24.774999999999999 1.4914738520999999 1.4921468117700001 0.0009765625
24.774999999999999 24.794940476200001 1.4914009781599999 1.4920738521000001 0.0009765625
24.794940476200001 24.814880952399999 1.4913281897999999 1.4920009781600001 0.0009765625
24.814880952399999 24.834821428600002 1.4912554868400001 1.4919281898000001 0.0009765625
24.834821428600002 24.8547619048 1.49118286912 1.49185548684 0.0009765625
24.8547619048 24.874702380999999 1.49111033646 1.4917828691199999 0.0009765625
24.874702380999999 24.894642857099999 1.49103788871 1.49171033646 0.0009765625
24.894642857099999 24.914583333300001 1.4909655256900001 1.4916378887099999 0.0009765625
24.914583333300001 24.9345238095 1.4908932472500001 1.49156552569 0.0009765625
24.9345238095 24.954464285699999 1.4908210532099999 1.49149324725 0.0009765625
24.954464285699999 24.974404761900001 1.4907489434100001 1.4914210532100001 0.0009765625
24.974404761900001 24.994345238099999 1.4906769176900001 1.49134894341 0.0009765625
24.994345238099999 25.014285714300001 1.49060497589 1.49127691769 0.0009765625
25.014285714300001 25.0342261905 1.4905331178400001 1.4912049758899999 0.0009765625
25.0342261905 25.054166666699999 1.49046134337 1.49113311784 0.0009765625
25.054166666699999 25.074107142900001 1.49038965234 1.49106134337 0.0009765625
25.074107142900001 25.094047619000001 1.4903180445699999 1.4909896523399999 0.0009765625
25.094047619000001 25.1139880952 1.4902465198999999 1.4909180445700001 0.0009765625
25.1139880952 25.133928571399998 1.4901750781700001 1.4908465199000001 0.0009765625
25.133928571399998 25.153869047600001 1.49010371923 1.49077507817 0.0009765625
25.153869047600001 25.173809523799999 1.49003244291 1.4907037192299999 0.0009765625
25.173809523799999 25.193750000000001 1.48996124905 1.49063244291 0.0009765625
25.193750000000001 25.2136904762 1.48989013749 1.49056124905 0.0009765625
25.2136904762 25.233630952399999 1.4898191080800001 1.4904901374899999 0.0009765625
25.233630952399999 25.253571428600001 1.48974816065 1.49041910808 0.0009765625
25.253571428600001 25.273511904799999 1.4896772950599999 1.49034816065 0.0009765625
25.273511904799999 25.293452381000002 1.4896065111300001 1.4902772950600001 0.0009765625
25.293452381000002 25.313392857099998 1.4895358087199999 1.49020651113 0.0009765625
25.313392857099998 25.333333333300001 1.48946518767 1.4901358087200001 0.0009765625
25.333333333300001 25.353273809499999 1.48939464782 1.49006518767 0.0009765625
25.353273809499999 25.373214285700001 1.48932418901 1.4899946478199999 0.0009765625
25.373214285700001 25.3931547619 1.4892538111 1.4899241890099999 0.0009765625
25.3931547619 25.413095238099999 1.48918351392 1.4898538110999999 0.0009765625
25.413095238099999 25.433035714300001 1.4891132973200001 1.48978351392 0.0009765625
25.433035714300001 25.452976190499999 1.4890431611499999 1.48971329732 0.0009765625
25.452976190499999 25.472916666700002 1.4889731052499999 1.4896431611500001 0.0009765625
25.472916666700002 25.4928571429 1.4889031294699999 1.4895731052500001 0.0009765625
25.4928571429 25.512797619000001 1.4888332336600001 1.4895031294700001 0.0009765625
25.512797619000001 25.532738095199999 1.48876341766 1.48943323366 0.0009765625
25.532738095199999 25.552678571400001 1.48869368133 1.4893634176599999 0.0009765625
25.552678571400001 25.5726190476 1.48862402451 1.48929368133 0.0009765625
25.5726190476 25.592559523799999 1.4885544470500001 1.4892240245099999 0.0009765625
25.592559523799999 25.612500000000001 1.4884849488 1.48915444705 0.0009765625
25.612500000000001 25.632440476199999 1.4884155296099999 1.4890849488 0.0009765625
25.632440476199999 25.652380952400001 1.4883461893300001 1.4890155296100001 0.0009765625
25.652380952400001 25.6723214286 1.4882769278100001 1.48894618933 0.0009765625
25.6723214286 25.692261904799999 1.4882077449 1.48887692781 0.0009765625
25.692261904799999 25.712202381000001 1.4881386404600001 1.4888077448999999 0.0009765625
25.712202381000001 25.732142857100001 1.4880696143200001 1.48873864046 0.0009765625
25.732142857100001 25.7520833333 1.4880006663600001 1.48866961432 0.0009765625
25.7520833333 25.772023809499998 1.4879317964100001 1.48860066636 0.0009765625
25.772023809499998 25.791964285700001 1.4878630043300001 1.48853179641 0.0009765625
25.791964285700001 25.811904761899999 1.4877942899800001 1.48846300433 0.0009765625
25.811904761899999 25.831845238100001 1.4877256532000001 1.48839428998 0.0009765625
25.831845238100001 25.8517857143 1.48765709386 1.4883256532 0.0009765625
25.8517857143 25.871726190499999 1.4875886117999999 1.4882570938599999 0.0009765625
25.871726190499999 25.891666666700001 1.48752020689 1.4881886118000001 0.0009765625
25.891666666700001 25.911607142899999 1.48745187897 1.4881202068899999 0.0009765625
25.911607142899999 25.931547619 1.4873836278999999 1.4880518789699999 0.0009765625
25.931547619 25.951488095199998 1.4873154535399999 1.4879836279 0.0009765625
25.951488095199998 25.971428571400001 1.4872473557500001 1.4879154535400001 0.0009765625
25.971428571400001 25.991369047599999 1.4871793343799999 1.48784735575 0.0009765625
25.991369047599999 26.011309523800001 1.4871113892800001 1.4877793343800001 0.0009765625
26.011309523800001 26.03125 1.4870435203200001 1.48771138928 0.0009765625
26.03125 26.051190476199999 1.4869757273599999 1.48764352032 0.0009765625
26.051190476199999 26.071130952400001 1.4869080102400001 1.4875757273600001 0.0009765625
26.071130952400001 26.091071428599999 1.48684036884 1.48750801024 0.0009765625
26.091071428599999 26.111011904800002 1.48677280301 1.48744036884 0.0009765625
26.111011904800002 26.130952381 1.4867053126000001 1.48737280301 0.0009765625
26.130952381 26.150892857100001 1.4866378974800001 1.4873053126 0.0009765625
26.150892857100001 26.170833333299999 1.4865705575199999 1.48723789748 0.0009765625
26.170833333299999 26.190773809500001 1.4865032925599999 1.48717055752 0.0009765625
26.190773809500001 26.2107142857 1.4864361024699999 1.4871032925600001 0.0009765625
26.2107142857 26.230654761899999 1.4863689871100001 1.4870361024700001 0.0009765625
26.230654761899999 26.250595238100001 1.48630194634 1.48696898711 0.0009765625
26.250595238100001 26.270535714299999 1.4862349800300001 1.4869019463399999 0.0009765625
26.270535714299999 26.290476190500002 1.4861680880299999 1.48683498003 0.0009765625
26.290476190500002 26.3104166667 1.48610127022 1.48676808803 0.0009765625
26.3104166667 26.330357142899999 1.4860345264499999 1.48670127022 0.0009765625
26.330357142899999 26.350297618999999 1.4859678565800001 1.48663452645 0.0009765625
26.350297618999999 26.370238095200001 1.4859012604799999 1.48656785658 0.0009765625
26.370238095200001 26.3901785714 1.4858347380100001 1.4865012604800001 0.0009765625
26.3901785714 26.410119047599999 1.4857682890499999 1.48643473801 0.0009765625
26.410119047599999 26.430059523800001 1.48570191344 1.4863682890500001 0.0009765625
26.430059523800001 26.449999999999999 1.48563561106 1.48630191344 0.0009765625
26.449999999999999 26.469940476200001 1.48556938178 1.4862356110599999 0.0009765625
26.469940476200001 26.4898809524 1.48550322545 1.4861693817799999 0.0009765625
26.4898809524 26.509821428599999 1.4854371419500001 1.48610322545 0.0009765625
26.509821428599999 26.529761904800001 1.48537113114 1.48603714195 0.0009765625
26.529761904800001 26.549702380999999 1.4853051928900001 1.4859711311399999 0.0009765625
26.549702380999999 26.5696428571 1.4852393270699999 1.48590519289 0.0009765625
26.5696428571 26.589583333299998 1.48517353354 1.4858393270700001 0.0009765625
26.589583333299998 26.609523809500001 1.4851078121700001 1.48577353354 0.0009765625
26.609523809500001 26.629464285699999 1.4850421628299999 1.48570781217 0.0009765625
26.629464285699999 26.649404761900001 1.4849765853800001 1.4856421628300001 0.0009765625
26.649404761900001 26.6693452381 1.48491107971 1.48557658538 0.0009765625
26.6693452381 26.689285714299999 1.4848456456700001 1.48551107971 0.0009765625
26.689285714299999 26.709226190500001 1.4847802831300001 1.48544564567 0.0009765625
26.709226190500001 26.729166666699999 1.48471499197 1.48538028313 0.0009765625
26.729166666699999 26.749107142900002 1.48464977206 1.4853149919699999 0.0009765625
26.749107142900002 26.769047618999998 1.48458462326 1.48524977206 0.0009765625
26.769047618999998 26.788988095200001 1.48451954545 1.4851846232599999 0.0009765625
26.788988095200001 26.808928571399999 1.4844545385000001 1.4851195454499999 0.0009765625
26.808928571399999 26.828869047600001 1.4843896022800001 1.4850545385 0.0009765625
26.828869047600001 26.8488095238 1.4843247366600001 1.48498960228 0.0009765625
26.8488095238 26.868749999999999 1.48425994151 1.48492473666 0.0009765625
26.868749999999999 26.888690476200001 1.4841952167100001 1.4848599415099999 0.0009765625
26.888690476200001 26.908630952399999 1.4841305621300001 1.48479521671 0.0009765625
26.908630952399999 26.928571428600002 1.48406597765 1.48473056213 0.0009765625
26.928571428600002 26.9485119048 1.48400146313 1.48466597765 0.0009765625
26.9485119048 26.968452380999999 1.48393701845 1.48460146313 0.0009765625
26.968452380999999 26.988392857099999 1.48387264348 1.48453701845 0.0009765625
26.988392857099999 27.008333333300001 1.4838083381 1.48447264348 0.0009765625
27.008333333300001 27.0282738095 1.48374410219 1.4844083380999999 0.0009765625
27.0282738095 27.048214285699999 1.4836799356199999 1.4843441021899999 0.0009765625
27.048214285699999 27.068154761900001 1.48361583826 1.48427993562 0.0009765625
27.068154761900001 27.088095238099999 1.48355180999 1.4842158382599999 0.0009765625
27.088095238099999 27.108035714300001 1.48348785068 1.48415180999 0.0009765625
27.108035714300001 27.1279761905 1.4834239602199999 1.4840878506799999 0.0009765625
27.1279761905 27.147916666699999 1.4833601384799999 1.48402396022 0.0009765625
27.147916666699999 27.167857142900001 1.4832963853400001 1.4839601384800001 0.0009765625
27.167857142900001 27.187797619000001 1.4832327006599999 1.48389638534 0.0009765625
27.187797619000001 27.2077380952 1.4831690843400001 1.4838327006600001 0.0009765625
27.2077380952 27.227678571399998 1.4831055362500001 1.48376908434 0.0009765625
27.227678571399998 27.247619047600001 1.48304205627 1.48370553625 0.0009765625
27.247619047600001 27.267559523799999 1.4829786442699999 1.4836420562699999 0.0009765625
27.267559523799999 27.287500000000001 1.4829153001299999 1.4835786442700001 0.0009765625
27.287500000000001 27.3074404762 1.48285202374 1.4835153001300001 0.0009765625
27.3074404762 27.327380952399999 1.4827888149799999 1.48345202374 0.0009765625
27.327380952399999 27.347321428600001 1.4827256737100001 1.4833888149800001 0.0009765625
27.347321428600001 27.367261904799999 1.48266259984 1.48332567371 0.0009765625
27.367261904799999 27.387202381000002 1.48259959322 1.48326259984 0.0009765625
27.387202381000002 27.407142857099998 1.48253665375 1.4831995932199999 0.0009765625
27.407142857099998 27.427083333300001 1.4824737813 1.4831366537499999 0.0009765625
27.427083333300001 27.447023809499999 1.4824109757599999 1.4830737812999999 0.0009765625
27.447023809499999 27.466964285700001 1.4823482370100001 1.4830109757600001 0.0009765625
27.466964285700001 27.4869047619 1.48228556493 1.48294823701 0.0009765625
27.4869047619 27.506845238099999 1.4822229594 1.4828855649299999 0.0009765625
27.506845238099999 27.526785714300001 1.4821604203100001 1.4828229594 0.0009765625
27.526785714300001 27.546726190499999 1.48209794753 1.48276042031 0.0009765625
27.546726190499999 27.566666666700002 1.4820355409499999 1.4826979475299999 0.0009765625
27.566666666700002 27.5866071429 1.4819732004599999 1.4826355409500001 0.0009765625
27.5866071429 27.606547619000001 1.4819109259300001 1.4825732004600001 0.0009765625
27.606547619000001 27.626488095199999 1.4818487172599999 1.48251092593 0.0009765625
27.626488095199999 27.646428571400001 1.48178657432 1.48244871726 0.0009765625
27.646428571400001 27.6663690476 1.4817244970100001 1.48238657432 0.0009765625
27.6663690476 27.686309523799999 1.48166248519 1.48232449701 0.0009765625
27.686309523799999 27.706250000000001 1.48160053877 1.4822624851899999 0.0009765625
27.706250000000001 27.726190476199999 1.48153865762 1.4822005387699999 0.0009765625
27.726190476199999 27.746130952400001 1.4814768416299999 1.48213865762 0.0009765625
27.746130952400001 27.7660714286 1.4814150906900001 1.4820768416300001 0.0009765625
27.7660714286 27.786011904799999 1.4813534046900001 1.48201509069 0.0009765625
27.786011904799999 27.805952381000001 1.4812917834999999 1.48195340469 0.0009765625
27.805952381000001 27.825892857100001 1.48123022702 1.4818917835000001 0.0009765625
27.825892857100001 27.8458333333 1.48116873513 1.4818302270199999 0.0009765625
27.8458333333 27.865773809499998 1.4811073077200001 1.48176873513 0.0009765625
27.865773809499998 27.885714285700001 1.4810459446799999 1.48170730772 0.0009765625
27.885714285700001 27.905654761899999 1.4809846459 1.4816459446800001 0.0009765625
27.905654761899999 27.925595238100001 1.48092341126 1.4815846458999999 0.0009765625
27.925595238100001 27.9455357143 1.4808622406500001 1.48152341126 0.0009765625
27.9455357143 27.965476190499999 1.48080113397 1.48146224065 0.0009765625
27.965476190499999 27.985416666700001 1.4807400910999999 1.48140113397 0.0009765625
27.985416666700001 28.005357142899999 1.48067911192 1.4813400911000001 0.0009765625
28.005357142899999 28.025297619 1.48061819633 1.4812791119199999 0.0009765625
28.025297619 28.045238095199998 1.48055734423 1.48121819633 0.0009765625
28.045238095199998 28.065178571400001 1.48049655549 1.4811573442299999 0.0009765625
28.065178571400001 28.085119047599999 1.48043583001 1.48109655549 0.0009765625
28.085119047599999 28.105059523800001 1.4803751676800001 1.4810358300099999 0.0009765625
28.105059523800001 28.125 1.4803145683900001 1.48097516768 0.0009765625
28.125 28.144940476199999 1.4802540320299999 1.48091456839 0.0009765625
28.144940476199999 28.164880952400001 1.4801935584999999 1.4808540320300001 0.0009765625
28.164880952400001 28.184821428599999 1.4801331476799999 1.4807935585000001 0.0009765625
28.184821428599999 28.204761904800002 1.48007279947 1.4807331476800001 0.0009765625
28.204761904800002 28.224702381 1.48001251376 1.48067279947 0.0009765625
28.224702381 28.244642857100001 1.47995229044 1.4806125137599999 0.0009765625
28.244642857100001 28.264583333299999 1.4798921294 1.4805522904399999 0.0009765625
28.264583333299999 28.284523809500001 1.4798320305399999 1.4804921294 0.0009765625
28.284523809500001 28.3044642857 1.47977199375 1.4804320305400001 0.0009765625
28.3044642857 28.324404761899999 1.4797120189199999 1.4803719937499999 0.0009765625
28.324404761899999 28.344345238100001 1.4796521059500001 1.4803120189200001 0.0009765625
28.344345238100001 28.364285714299999 1.47959225473 1.48025210595 0.0009765625
28.364285714299999 28.384226190500002 1.4795324651599999 1.4801922547299999 0.0009765625
28.384226190500002 28.4041666667 1.47947273713 1.4801324651600001 0.0009765625
28.4041666667 28.424107142899999 1.4794130705299999 1.48007273713 0.0009765625
28.424107142899999 28.444047618999999 1.47935346526 1.4800130705300001 0.0009765625
28.444047618999999 28.463988095200001 1.47929392122 1.4799534652599999 0.0009765625
28.463988095200001 28.4839285714 1.4792344383 1.47989392122 0.0009765625
28.4839285714 28.503869047599999 1.4791750163999999 1.4798344382999999 0.0009765625
28.503869047599999 28.523809523800001 1.47911565541 1.4797750164000001 0.0009765625
28.523809523800001 28.543749999999999 1.47905635522 1.4797156553999999 0.0009765625
28.543749999999999 28.563690476200001 1.4789971157499999 1.4796563552199999 0.0009765625
28.563690476200001 28.5836309524 1.47893793687 1.4795971157500001 0.0009765625
28.5836309524 28.603571428599999 1.4788788184899999 1.4795379368699999 0.0009765625
28.603571428599999 28.623511904800001 1.47881976051 1.4794788184900001 0.0009765625
28.623511904800001 28.643452380999999 1.4787607628299999 1.4794197605099999 0.0009765625
28.643452380999999 28.6633928571 1.4787018253299999 1.4793607628300001 0.0009765625
28.6633928571 28.683333333299998 1.4786429479300001 1.4793018253300001 0.0009765625
28.683333333299998 28.703273809500001 1.47858413051 1.47924294793 0.0009765625
28.703273809500001 28.723214285699999 1.4785253729800001 1.47918413051 0.0009765625
28.723214285699999 28.743154761900001 1.47846667524 1.47912537298 0.0009765625
28.743154761900001 28.7630952381 1.4784080371799999 1.4790666752399999 0.0009765625
28.7630952381 28.783035714299999 1.4783494586999999 1.4790080371800001 0.0009765625
28.783035714299999 28.802976190500001 1.4782909397099999 1.4789494587000001 0.0009765625
28.802976190500001 28.822916666699999 1.4782324801 1.4788909397100001 0.0009765625
28.822916666699999 28.842857142900002 1.47817407977 1.4788324800999999 0.0009765625
28.842857142900002 28.862797618999998 1.4781157386199999 1.47877407977 0.0009765625
28.862797618999998 28.882738095200001 1.47805745656 1.4787157386200001 0.0009765625
28.882738095200001 28.902678571399999 1.4779992334800001 1.4786574565599999 0.0009765625
28.902678571399999 28.922619047600001 1.4779410692799999 1.47859923348 0.0009765625
28.922619047600001 28.9425595238 1.47788296387 1.4785410692800001 0.0009765625
28.9425595238 28.962499999999999 1.47782491715 1.4784829638700001 0.0009765625
28.962499999999999 28.982440476200001 1.47776692901 1.4784249171499999 0.0009765625
28.982440476200001 29.002380952399999 1.4777089993700001 1.4783669290100001 0.0009765625
29.002380952399999 29.022321428600002 1.47765112812 1.47830899937 0.0009765625
29.022321428600002 29.0422619048 1.47759331516 1.4782511281199999 0.0009765625
29.0422619048 29.062202380999999 1.4775355604 1.47819331516 0.0009765625
29.062202380999999 29.082142857099999 1.4774778637499999 1.4781355603999999 0.0009765625
29.082142857099999 29.102083333300001 1.4774202250899999 1.4780778637500001 0.0009765625
29.102083333300001 29.1220238095 1.4773626443400001 1.4780202250900001 0.0009765625
29.1220238095 29.141964285699999 1.4773051213999999 1.47796264434 0.0009765625
29.141964285699999 29.161904761900001 1.4772476561700001 1.4779051214000001 0.0009765625
29.161904761900001 29.181845238099999 1.4771902485599999 1.47784765617 0.0009765625
29.181845238099999 29.201785714300001 1.4771328984700001 1.4777902485600001 0.0009765625
29.201785714300001 29.2217261905 1.4770756058100001 1.47773289847 0.0009765625
29.2217261905 29.241666666699999 1.47701837048 1.47767560581 0.0009765625
29.241666666699999 29.261607142900001 1.4769611923799999 1.4776183704800001 0.0009765625
29.261607142900001 29.281547619000001 1.4769040714199999 1.4775611923800001 0.0009765625
29.281547619000001 29.3014880952 1.47684700751 1.4775040714200001 0.0009765625
29.3014880952 29.321428571399998 1.4767900005500001 1.4774470075099999 0.0009765625
29.321428571399998 29.341369047600001 1.47673305044 1.47739000055 0.0009765625
29.341369047600001 29.361309523799999 1.4766761571 1.47733305044 0.0009765625
29.361309523799999 29.381250000000001 1.47661932042 1.4772761570999999 0.0009765625
29.381250000000001 29.4011904762 1.47656254032 1.4772193204199999 0.0009765625
29.4011904762 29.421130952399999 1.4765058167 1.4771625403199999 0.0009765625
29.421130952399999 29.441071428600001 1.4764491494700001 1.4771058167 0.0009765625
29.441071428600001 29.461011904799999 1.4763925385300001 1.47704914947 0.0009765625
29.461011904799999 29.480952381000002 1.4763359838000001 1.47699253853 0.0009765625
29.480952381000002 29.500892857099998 1.4762794851700001 1.4769359838 0.0009765625
29.500892857099998 29.520833333300001 1.47622304256 1.47687948517 0.0009765625
29.520833333300001 29.540773809499999 1.47616665588 1.47682304256 0.0009765625
29.540773809499999 29.560714285700001 1.4761103250300001 1.4767666558799999 0.0009765625
29.560714285700001 29.5806547619 1.4760540499200001 1.47671032503 0.0009765625
29.5806547619 29.600595238099999 1.4759978304600001 1.47665404992 0.0009765625
29.600595238099999 29.620535714300001 1.47594166656 1.47659783046 0.0009765625
29.620535714300001 29.640476190499999 1.4758855581200001 1.47654166656 0.0009765625
29.640476190499999 29.660416666700002 1.4758295050700001 1.47648555812 0.0009765625
29.660416666700002 29.6803571429 1.4757735073 1.47642950507 0.0009765625
29.6803571429 29.700297619000001 1.47571756472 1.4763735072999999 0.0009765625
29.700297619000001 29.720238095199999 1.47566167725 1.47631756472 0.0009765625
29.720238095199999 29.740178571400001 1.47560584479 1.4762616772499999 0.0009765625
29.740178571400001 29.7601190476 1.4755500672599999 1.4762058447899999 0.0009765625
29.7601190476 29.780059523799999 1.4754943445699999 1.4761500672600001 0.0009765625
29.780059523799999 29.800000000000001 1.4754386766200001 1.4760943445700001 0.0009765625
29.800000000000001 29.819940476199999 1.47538306333 1.47603867662 0.0009765625
29.819940476199999 29.839880952400001 1.4753275046000001 1.47598306333 0.0009765625
29.839880952400001 29.8598214286 1.4752720003599999 1.4759275046 0.0009765625
29.8598214286 29.879761904799999 1.4752165504999999 1.4758720003600001 0.0009765625
29.879761904799999 29.899702381000001 1.4751611549500001 1.4758165505 0.0009765625
29.899702381000001 29.919642857100001 1.4751058136099999 1.47576115495 0.0009765625
29.919642857100001 29.9395833333 1.4750505264 1.4757058136100001 0.0009765625
29.9395833333 29.959523809499998 1.4749952932199999 1.4756505263999999 0.0009765625
29.959523809499998 29.979464285700001 1.474940114 1.47559529322 0.0009765625
29.979464285700001 29.999404761899999 1.4748849886299999 1.475540114 0.0009765625
29.999404761899999 30.019345238100001 1.4748299170500001 1.4754849886300001 0.0009765625
30.019345238100001 30.0392857143 1.47477489915 1.47542991705 0.0009765625
30.0392857143 30.059226190499999 1.47471993486 1.47537489915 0.0009765625
30.059226190499999 30.079166666700001 1.4746650240800001 1.4753199348599999 0.0009765625
30.079166666700001 30.099107142899999 1.47461016673 1.47526502408 0.0009765625
30.099107142899999 30.119047619 1.4745553627200001 1.4752101667299999 0.0009765625
30.119047619 30.138988095199998 1.4745006119699999 1.47515536272 0.0009765625
30.138988095199998 30.158928571400001 1.4744459143899999 1.4751006119700001 0.0009765625
30.158928571400001 30.178869047599999 1.4743912698999999 1.4750459143900001 0.0009765625
30.178869047599999 30.198809523800001 1.4743366784 1.4749912699000001 0.0009765625
30.198809523800001 30.21875 1.4742821398199999 1.4749366784 0.0009765625
30.21875 30.238690476199999 1.4742276540699999 1.47488213982 0.0009765625
30.238690476199999 30.258630952400001 1.47417322107 1.47482765407 0.0009765625
30.258630952400001 30.278571428599999 1.4741188407200001 1.47477322107 0.0009765625
30.278571428599999 30.298511904800002 1.4740645129500001 1.47471884072 0.0009765625
30.298511904800002 30.318452381 1.4740102376799999 1.47466451295 0.0009765625
30.318452381 30.338392857100001 1.4739560148099999 1.4746102376800001 0.0009765625
30.338392857100001 30.358333333299999 1.47390184426 1.4745560148100001 0.0009765625
30.358333333299999 30.378273809500001 1.47384772595 1.47450184426 0.0009765625
30.378273809500001 30.3982142857 1.4737936598000001 1.47444772595 0.0009765625
30.3982142857 30.418154761899999 1.47373964572 1.4743936598 0.0009765625
30.418154761899999 30.438095238100001 1.4736856836400001 1.47433964572 0.0009765625
30.438095238100001 30.458035714299999 1.47363177346 1.47428568364 0.0009765625
30.458035714299999 30.477976190500002 1.4735779150999999 1.4742317734599999 0.0009765625
30.477976190500002 30.4979166667 1.4735241084799999 1.4741779151000001 0.0009765625
30.4979166667 30.517857142899999 1.47347035353 1.4741241084800001 0.0009765625
30.517857142899999 30.537797618999999 1.4734166501499999 1.4740703535299999 0.0009765625
30.537797618999999 30.557738095200001 1.4733629982600001 1.4740166501500001 0.0009765625
30.557738095200001 30.5776785714 1.47330939779 1.47396299826 0.0009765625
30.5776785714 30.597619047599999 1.47325584865 1.47390939779 0.0009765625
30.597619047599999 30.617559523800001 1.4732023507600001 1.47385584865 0.0009765625
30.617559523800001 30.637499999999999 1.4731489040400001 1.47380235076 0.0009765625
30.637499999999999 30.657440476200001 1.4730955083999999 1.47374890404 0.0009765625
30.657440476200001 30.6773809524 1.47304216377 1.4736955084000001 0.0009765625
30.6773809524 30.697321428599999 1.47298887007 1.4736421637699999 0.0009765625
30.697321428599999 30.717261904800001 1.47293562721 1.4735888700699999 0.0009765625
30.717261904800001 30.737202380999999 1.4728824351200001 1.47353562721 0.0009765625
30.737202380999999 30.7571428571 1.47282929372 1.47348243512 0.0009765625
30.7571428571 30.777083333299998 1.47277620291 1.47342929372 0.0009765625
30.777083333299998 30.797023809500001 1.4727231626299999 1.4733762029099999 0.0009765625
30.797023809500001 30.816964285699999 1.4726701728 1.4733231626300001 0.0009765625
30.816964285699999 30.836904761900001 1.4726172333300001 1.4732701727999999 0.0009765625
30.836904761900001 30.8568452381 1.47256434415 1.47321723333 0.0009765625
30.8568452381 30.876785714299999 1.47251150518 1.47316434415 0.0009765625
30.876785714299999 30.896726190500001 1.47245871633 1.4731115051799999 0.0009765625
30.896726190500001 30.916666666699999 1.47240597754 1.47305871633 0.0009765625
30.916666666699999 30.936607142900002 1.4723532887099999 1.47300597754 0.0009765625
30.936607142900002 30.956547618999998 1.47230064978 1.4729532887100001 0.0009765625
30.956547618999998 30.976488095200001 1.4722480606599999 1.4729006497799999 0.0009765625
30.976488095200001 30.996428571399999 1.47219552127 1.4728480606600001 0.0009765625
30.996428571399999 31.016369047600001 1.4721430315499999 1.4727955212699999 0.0009765625
31.016369047600001 31.0363095238 1.4720905914 1.4727430315500001 0.0009765625
31.0363095238 31.056249999999999 1.4720382007599999 1.4726905913999999 0.0009765625
31.056249999999999 31.076190476200001 1.4719858595399999 1.4726382007600001 0.0009765625
31.076190476200001 31.096130952399999 1.4719335676700001 1.4725858595400001 0.0009765625
31.096130952399999 31.116071428600002 1.47188132508 1.47253356767 0.0009765625
31.116071428600002 31.1360119048 1.4718291316700001 1.47248132508 0.0009765625
31.1360119048 31.155952380999999 1.47177698738 1.47242913167 0.0009765625
31.155952380999999 31.175892857099999 1.4717248921399999 1.4723769873799999 0.0009765625
31.175892857099999 31.195833333300001 1.4716728458599999 1.4723248921400001 0.0009765625
31.195833333300001 31.2157738095 1.47162084846 1.4722728458600001 0.0009765625
31.2157738095 31.235714285699999 1.4715688998800001 1.4722208484599999 0.0009765625
31.235714285699999 31.255654761900001 1.47151700003 1.47216889988 0.0009765625
31.255654761900001 31.275595238099999 1.4714651488499999 1.4721170000299999 0.0009765625
31.275595238099999 31.295535714300001 1.4714133462500001 1.4720651488500001 0.0009765625
31.295535714300001 31.3154761905 1.4713615921600001 1.47201334625 0.0009765625
31.3154761905 31.335416666699999 1.4713098865000001 1.47196159216 0.0009765625
31.335416666699999 31.355357142900001 1.4712582292 1.4719098865 0.0009765625
31.355357142900001 31.375297619000001 1.47120662019 1.4718582292 0.0009765625
31.375297619000001 31.3952380952 1.47115505938 1.47180662019 0.0009765625
31.3952380952 31.415178571399998 1.47110354671 1.47175505938 0.0009765625
31.415178571399998 31.435119047600001 1.4710520821099999 1.4717035467099999 0.0009765625
31.435119047600001 31.455059523799999 1.4710006654800001 1.4716520821100001 0.0009765625
31.455059523799999 31.475000000000001 1.47094929677 1.47160066548 0.0009765625
31.475000000000001 31.4949404762 1.4708979759 1.4715492967699999 0.0009765625
31.4949404762 31.514880952399999 1.4708467027900001 1.4714979759 0.0009765625
31.514880952399999 31.534821428600001 1.47079547738 1.47144670279 0.0009765625
31.534821428600001 31.554761904799999 1.47074429958 1.47139547738 0.0009765625
31.554761904799999 31.574702381000002 1.47069316932 1.4713442995799999 0.0009765625
31.574702381000002 31.594642857099998 1.4706420865400001 1.47129316932 0.0009765625
31.594642857099998 31.614583333300001 1.47059105115 1.47124208654 0.0009765625
31.614583333300001 31.634523809499999 1.4705400630900001 1.4711910511499999 0.0009765625
31.634523809499999 31.654464285700001 1.4704891222900001 1.47114006309 0.0009765625
31.654464285700001 31.6744047619 1.47043822866 1.47108912229 0.0009765625
31.6744047619 31.694345238099999 1.47038738214 1.4710382286599999 0.0009765625
31.694345238099999 31.714285714300001 1.4703365826499999 1.4709873821399999 0.0009765625
31.714285714300001 31.734226190499999 1.4702858301299999 1.47093658265 0.0009765625
31.734226190499999 31.754166666700002 1.4702351245 1.4708858301300001 0.0009765625
31.754166666700002 31.7741071429 1.4701844656900001 1.4708351245 0.0009765625
31.7741071429 31.794047619000001 1.4701338536299999 1.47078446569 0.0009765625
31.794047619000001 31.813988095199999 1.4700832882499999 1.4707338536300001 0.0009765625
31.813988095199999 31.833928571400001 1.4700327694699999 1.4706832882500001 0.0009765625
31.833928571400001 31.8538690476 1.4699822972200001 1.4706327694700001 0.0009765625
31.8538690476 31.873809523799999 1.46993187144 1.47058229722 0.0009765625
31.873809523799999 31.893750000000001 1.4698814920600001 1.47053187144 0.0009765625
31.893750000000001 31.913690476199999 1.4698311589899999 1.47048149206 0.0009765625
31.913690476199999 31.933630952400001 1.4697808721800001 1.4704311589900001 0.0009765625
31.933630952400001 31.9535714286 1.4697306315500001 1.47038087218 0.0009765625
31.9535714286 31.973511904799999 1.4696804370200001 1.47033063155 0.0009765625
31.973511904799999 31.993452381000001 1.4696302885400001 1.47028043702 0.0009765625
31.993452381000001 32.013392857100001 1.46958018603 1.47023028854 0.0009765625
32.013392857100001 32.0333333333 1.4695301294300001 1.4701801860299999 0.0009765625
32.0333333333 32.053273809499998 1.4694801186499999 1.47013012943 0.0009765625
32.053273809499998 32.073214285699997 1.4694301536400001 1.4700801186500001 0.0009765625
32.073214285699997 32.093154761900003 1.46938023432 1.47003015364 0.0009765625
32.093154761900003 32.113095238100001 1.4693303606200001 1.4699802343199999 0.0009765625
32.113095238100001 32.1330357143 1.46928053248 1.46993036062 0.0009765625
32.1330357143 32.152976190499999 1.4692307498299999 1.4698805324799999 0.0009765625
32.152976190499999 32.172916666699997 1.46918101259 1.4698307498300001 0.0009765625
32.172916666699997 32.192857142900003 1.4691313207000001 1.4697810125899999 0.0009765625
32.192857142900003 32.212797619 1.4690816740899999 1.4697313207 0.0009765625
32.212797619 32.232738095199998 1.4690320726999999 1.4696816740900001 0.0009765625
32.232738095199998 32.252678571399997 1.4689825164400001 1.4696320727000001 0.0009765625
32.252678571399997 32.272619047600003 1.46893300527 1.46958251644 0.0009765625
32.272619047600003 32.292559523800001 1.4688835390999999 1.46953300527 0.0009765625
32.292559523800001 32.3125 1.46883411787 1.4694835391000001 0.0009765625
32.3125 32.332440476199999 1.4687847415199999 1.4694341178699999 0.0009765625
32.332440476199999 32.352380952399997 1.4687354099700001 1.4693847415200001 0.0009765625
32.352380952399997 32.372321428600003 1.4686861231599999 1.46933540997 0.0009765625
32.372321428600003 32.392261904800002 1.4686368810199999 1.4692861231600001 0.0009765625
32.392261904800002 32.412202381 1.46858768348 1.4692368810200001 0.0009765625
32.412202381 32.432142857099997 1.46853853049 1.46918768348 0.0009765625
32.432142857099997 32.452083333300003 1.46848942196 1.46913853049 0.0009765625
32.452083333300003 32.472023809500001 1.46844035784 1.4690894219599999 0.0009765625
32.472023809500001 32.4919642857 1.46839133805 1.46904035784 0.0009765625
32.4919642857 32.511904761899999 1.4683423625400001 1.4689913380499999 0.0009765625
32.511904761899999 32.531845238099997 1.46829343123 1.46894236254 0.0009765625
32.531845238099997 32.551785714300003 1.46824454406 1.4688934312299999 0.0009765625
32.551785714300003 32.571726190500002 1.46819570096 1.46884454406 0.0009765625
32.571726190500002 32.5916666667 1.46814690188 1.4687957009599999 0.0009765625
32.5916666667 32.611607142899999 1.4680981467300001 1.4687469018799999 0.0009765625
32.611607142899999 32.631547619000003 1.46804943546 1.46869814673 0.0009765625
32.631547619000003 32.651488095200001 1.468000768 1.4686494354599999 0.0009765625
32.651488095200001 32.6714285714 1.4679521442900001 1.4686007679999999 0.0009765625
32.6714285714 32.691369047599999 1.46790356426 1.46855214429 0.0009765625
32.691369047599999 32.711309523799997 1.46785502784 1.4685035642599999 0.0009765625
32.711309523799997 32.731250000000003 1.46780653498 1.4684550278399999 0.0009765625
32.731250000000003 32.751190476200001 1.4677580856000001 1.46840653498 0.0009765625
32.751190476200001 32.7711309524 1.46770967965 1.4683580856 0.0009765625
32.7711309524 32.791071428599999 1.4676613170499999 1.4683096796499999 0.0009765625
32.791071428599999 32.811011904799997 1.4676129977500001 1.4682613170500001 0.0009765625
32.811011904799997 32.830952381000003 1.4675647216800001 1.46821299775 0.0009765625
32.830952381000003 32.8508928571 1.4675164887700001 1.46816472168 0.0009765625
32.8508928571 32.870833333299998 1.4674682989700001 1.46811648877 0.0009765625
32.870833333299998 32.890773809499997 1.4674201522000001 1.46806829897 0.0009765625
32.890773809499997 32.910714285700003 1.4673720484099999 1.4680201522 0.0009765625
32.910714285700003 32.930654761900001 1.4673239875299999 1.4679720484100001 0.0009765625
32.930654761900001 32.9505952381 1.4672759694999999 1.4679239875300001 0.0009765625
32.9505952381 32.970535714299999 1.4672279942499999 1.4678759695000001 0.0009765625
32.970535714299999 32.990476190499997 1.4671800617199999 1.4678279942500001 0.0009765625
32.990476190499997 33.010416666700003 1.4671321718500001 1.4677800617200001 0.0009765625
33.010416666700003 33.030357142900002 1.46708432458 1.46773217185 0.0009765625
33.030357142900002 33.050297618999998 1.4670365198399999 1.46768432458 0.0009765625
33.050297618999998 33.070238095199997 1.46698875758 1.4676365198400001 0.0009765625
33.070238095199997 33.090178571400003 1.4669410377200001 1.46758875758 0.0009765625
33.090178571400003 33.110119047600001 1.4668933602100001 1.46754103772 0.0009765625
33.110119047600001 33.1300595238 1.46684572498 1.46749336021 0.0009765625
33.1300595238 33.149999999999999 1.4667981319700001 1.4674457249799999 0.0009765625
33.149999999999999 33.169940476199997 1.4667505811299999 1.46739813197 0.0009765625
33.169940476199997 33.189880952400003 1.4667030723800001 1.4673505811300001 0.0009765625
33.189880952400003 33.209821428600002 1.46665560567 1.46730307238 0.0009765625
33.209821428600002 33.2297619048 1.46660818093 1.4672556056699999 0.0009765625
33.2297619048 33.249702380999999 1.46656079811 1.4672081809299999 0.0009765625
33.249702380999999 33.269642857100003 1.46651345714 1.4671607981100001 0.0009765625
33.269642857100003 33.289583333300001 1.46646615797 1.46711345714 0.0009765625
33.289583333300001 33.3095238095 1.4664189005199999 1.46706615797 0.0009765625
33.3095238095 33.329464285699999 1.4663716847499999 1.4670189005200001 0.0009765625
33.329464285699999 33.349404761899997 1.46632451058 1.4669716847500001 0.0009765625
33.349404761899997 33.369345238100003 1.46627737796 1.46692451058 0.0009765625
33.369345238100003 33.389285714300001 1.4662302868299999 1.46687737796 0.0009765625
33.389285714300001 33.4092261905 1.4661832371300001 1.4668302868300001 0.0009765625
33.4092261905 33.429166666699999 1.4661362287999999 1.46678323713 0.0009765625
33.429166666699999 33.449107142899997 1.4660892617700001 1.4667362288000001 0.0009765625
33.449107142899997 33.469047619000001 1.4660423359899999 1.46668926177 0.0009765625
33.469047619000001 33.4889880952 1.4659954514 1.46664233599 0.0009765625
33.4889880952 33.508928571399998 1.4659486079399999 1.4665954513999999 0.0009765625
33.508928571399998 33.528869047599997 1.4659018055399999 1.4665486079400001 0.0009765625
33.528869047599997 33.548809523800003 1.46585504415 1.4665018055400001 0.0009765625
33.548809523800003 33.568750000000001 1.4658083237199999 1.4664550441499999 0.0009765625
33.568750000000001 33.5886904762 1.4657616441700001 1.4664083237200001 0.0009765625
33.5886904762 33.608630952399999 1.4657150054500001 1.46636164417 0.0009765625
33.608630952399999 33.628571428599997 1.4656684075099999 1.46631500545 0.0009765625
33.628571428599997 33.648511904800003 1.46562185027 1.4662684075100001 0.0009765625
33.648511904800003 33.668452381000002 1.4655753336999999 1.46622185027 0.0009765625
33.668452381000002 33.688392857099998 1.4655288577100001 1.4661753337000001 0.0009765625
33.688392857099998 33.708333333299997 1.46548242227 1.46612885771 0.0009765625
33.708333333299997 33.728273809500003 1.4654360273 1.46608242227 0.0009765625
33.728273809500003 33.748214285700001 1.46538967276 1.4660360272999999 0.0009765625
33.748214285700001 33.7681547619 1.46534335857 1.4659896727599999 0.0009765625
33.7681547619 33.788095238099999 1.46529708469 1.4659433585699999 0.0009765625
33.788095238099999 33.808035714299997 1.46525085106 1.4658970846899999 0.0009765625
33.808035714299997 33.827976190500003 1.46520465761 1.4658508510599999 0.0009765625
33.827976190500003 33.847916666700002 1.4651585042999999 1.4658046576099999 0.0009765625
33.847916666700002 33.8678571429 1.4651123910499999 1.4657585043000001 0.0009765625
33.8678571429 33.887797618999997 1.4650663178300001 1.4657123910500001 0.0009765625
33.887797618999997 33.907738095200003 1.46502028456 1.46566631783 0.0009765625
33.907738095200003 33.927678571400001 1.4649742911900001 1.4656202845599999 0.0009765625
33.927678571400001 33.9476190476 1.46492833767 1.46557429119 0.0009765625
33.9476190476 33.967559523799999 1.46488242393 1.4655283376699999 0.0009765625
33.967559523799999 33.987499999999997 1.46483654992 1.4654824239299999 0.0009765625
33.987499999999997 34.007440476200003 1.46479071559 1.4654365499199999 0.0009765625
34.007440476200003 34.027380952400001 1.4647449208700001 1.4653907155899999 0.0009765625
34.027380952400001 34.0473214286 1.4646991657099999 1.46534492087 0.0009765625
34.0473214286 34.067261904799999 1.4646534500599999 1.4652991657100001 0.0009765625
34.067261904799999 34.087202380999997 1.4646077738500001 1.4652534500600001 0.0009765625
34.087202380999997 34.107142857100001 1.4645621370299999 1.46520777385 0.0009765625
34.107142857100001 34.1270833333 1.4645165395499999 1.4651621370300001 0.0009765625
34.1270833333 34.147023809499998 1.4644709813500001 1.4651165395500001 0.0009765625
34.147023809499998 34.166964285699997 1.4644254623699999 1.46507098135 0.0009765625
34.166964285699997 34.186904761900003 1.4643799825599999 1.4650254623700001 0.0009765625
34.186904761900003 34.206845238100001 1.46433454185 1.4649799825600001 0.0009765625
34.206845238100001 34.2267857143 1.46428914021 1.4649345418499999 0.0009765625
34.2267857143 34.246726190499999 1.4642437775599999 1.4648891402099999 0.0009765625
34.246726190499999 34.266666666699997 1.4641984538599999 1.4648437775600001 0.0009765625
34.266666666699997 34.286607142900003 1.46415316905 1.4647984538600001 0.0009765625
34.286607142900003 34.306547619 1.46410792307 1.46475316905 0.0009765625
34.306547619 34.326488095199998 1.4640627158799999 1.46470792307 0.0009765625
34.326488095199998 34.346428571399997 1.4640175474099999 1.4646627158800001 0.0009765625
34.346428571399997 34.366369047600003 1.46397241761 1.4646175474100001 0.0009765625
34.366369047600003 34.386309523800001 1.4639273264199999 1.4645724176099999 0.0009765625
34.386309523800001 34.40625 1.4638822737899999 1.4645273264200001 0.0009765625
34.40625 34.426190476199999 1.46383725968 1.4644822737900001 0.0009765625
34.426190476199999 34.446130952399997 1.4637922840099999 1.4644372596799999 0.0009765625
34.446130952399997 34.466071428600003 1.46374734674 1.4643922840100001 0.0009765625
34.466071428600003 34.486011904800002 1.46370244782 1.4643473467400001 0.0009765625
34.486011904800002 34.505952381 1.4636575871799999 1.46430244782 0.0009765625
34.505952381 34.525892857099997 1.4636127647799999 1.4642575871800001 0.0009765625
34.525892857099997 34.545833333300003 1.4635679805699999 1.4642127647800001 0.0009765625
34.545833333300003 34.565773809500001 1.46352323448 1.4641679805700001 0.0009765625
34.565773809500001 34.5857142857 1.4634785264600001 1.4641232344799999 0.0009765625
34.5857142857 34.605654761899999 1.46343385647 1.46407852646 0.0009765625
34.605654761899999 34.625595238099997 1.46338922445 1.46403385647 0.0009765625
34.625595238099997 34.645535714300003 1.46334463034 1.4639892244499999 0.0009765625
34.645535714300003 34.665476190500002 1.46330007409 1.4639446303400001 0.0009765625
34.665476190500002 34.6854166667 1.46325555565 1.4639000740899999 0.0009765625
34.6854166667 34.705357142899999 1.46321107496 1.4638555556499999 0.0009765625
34.705357142899999 34.725297619000003 1.4631666319800001 1.46381107496 0.0009765625
34.725297619000003 34.745238095200001 1.4631222266399999 1.46376663198 0.0009765625
34.745238095200001 34.7651785714 1.46307785891 1.4637222266400001 0.0009765625
34.7651785714 34.785119047599999 1.46303352872 1.4636778589099999 0.0009765625
34.785119047599999 34.805059523799997 1.4629892360200001 1.46363352872 0.0009765625
34.805059523799997 34.825000000000003 1.4629449807599999 1.46358923602 0.0009765625
34.825000000000003 34.844940476200001 1.4629007628899999 1.4635449807600001 0.0009765625
34.844940476200001 34.8648809524 1.4628565823499999 1.4635007628900001 0.0009765625
34.8648809524 34.884821428599999 1.4628124390999999 1.4634565823500001 0.0009765625
34.884821428599999 34.904761904799997 1.4627683330800001 1.4634124391000001 0.0009765625
34.904761904799997 34.924702381000003 1.46272426423 1.46336833308 0.0009765625
34.924702381000003 34.9446428571 1.4626802325199999 1.4633242642299999 0.0009765625
34.9446428571 34.964583333299998 1.46263623788 1.4632802325200001 0.0009765625
34.964583333299998 34.984523809499997 1.46259228027 1.4632362378799999 0.0009765625
34.984523809499997 35.004464285700003 1.46254835963 1.4631922802699999 0.0009765625
35.004464285700003 35.024404761900001 1.4625044759100001 1.4631483596299999 0.0009765625
35.024404761900001 35.0443452381 1.46246062907 1.46310447591 0.0009765625
35.0443452381 35.064285714299999 1.46241681904 1.4630606290699999 0.0009765625
35.064285714299999 35.084226190499997 1.4623730457799999 1.4630168190399999 0.0009765625
35.084226190499997 35.104166666700003 1.46232930924 1.4629730457800001 0.0009765625
35.104166666700003 35.124107142900002 1.4622856093700001 1.46292930924 0.0009765625
35.124107142900002 35.144047618999998 1.46224194611 1.46288560937 0.0009765625
35.144047618999998 35.163988095199997 1.4621983194199999 1.46284194611 0.0009765625
35.163988095199997 35.183928571400003 1.4621547292399999 1.46279831942 0.0009765625
35.183928571400003 35.203869047600001 1.46211117553 1.4627547292400001 0.0009765625
35.203869047600001 35.2238095238 1.4620676582300001 1.46271117553 0.0009765625
35.2238095238 35.243749999999999 1.4620241773 1.46266765823 0.0009765625
35.243749999999999 35.263690476199997 1.4619807326800001 1.4626241772999999 0.0009765625
35.263690476199997 35.283630952400003 1.46193732432 1.46258073268 0.0009765625
35.283630952400003 35.303571428600002 1.4618939521800001 1.4625373243199999 0.0009765625
35.303571428600002 35.3235119048 1.4618506162 1.46249395218 0.0009765625
35.3235119048 35.343452380999999 1.4618073163400001 1.4624506161999999 0.0009765625
35.343452380999999 35.363392857100003 1.46176405254 1.46240731634 0.0009765625
35.363392857100003 35.383333333300001 1.46172082475 1.4623640525399999 0.0009765625
35.383333333300001 35.4032738095 1.4616776329400001 1.4623208247499999 0.0009765625
35.4032738095 35.423214285699999 1.46163447703 1.46227763294 0.0009765625
35.423214285699999 35.443154761899997 1.4615913570000001 1.46223447703 0.0009765625
35.443154761899997 35.463095238100003 1.46154827278 1.462191357 0.0009765625
35.463095238100003 35.483035714300001 1.46150522433 1.4621482727799999 0.0009765625
35.483035714300001 35.5029761905 1.46146221161 1.4621052243299999 0.0009765625
35.5029761905 35.522916666699999 1.4614192345499999 1.4620622116099999 0.0009765625
35.522916666699999 35.542857142899997 1.4613762931100001 1.46201923455 0.0009765625
35.542857142899997 35.562797619000001 1.4613333872500001 1.46197629311 0.0009765625
35.562797619000001 35.5827380952 1.4612905169099999 1.46193338725 0.0009765625
35.5827380952 35.602678571399998 1.46124768205 1.46189051691 0.0009765625
35.602678571399998 35.622619047599997 1.4612048826199999 1.4618476820499999 0.0009765625
35.622619047599997 35.642559523800003 1.4611621185699999 1.4618048826200001 0.0009765625
35.642559523800003 35.662500000000001 1.4611193898399999 1.46176211857 0.0009765625
35.662500000000001 35.6824404762 1.4610766963999999 1.46171938984 0.0009765625
35.6824404762 35.702380952399999 1.4610340382 1.4616766964000001 0.0009765625
35.702380952399999 35.722321428599997 1.4609914151800001 1.4616340381999999 0.0009765625
35.722321428599997 35.742261904800003 1.46094882731 1.46159141518 0.0009765625
35.742261904800003 35.762202381000002 1.4609062745200001 1.4615488273099999 0.0009765625
35.762202381000002 35.782142857099998 1.46086375678 1.46150627452 0.0009765625
35.782142857099998 35.802083333299997 1.4608212740299999 1.46146375678 0.0009765625
35.802083333299997 35.822023809500003 1.4607788262300001 1.4614212740300001 0.0009765625
35.822023809500003 35.841964285700001 1.46073641334 1.46137882623 0.0009765625
35.841964285700001 35.8619047619 1.4606940353 1.46133641334 0.0009765625
35.8619047619 35.881845238099999 1.4606516920599999 1.4612940352999999 0.0009765625
35.881845238099999 35.901785714299997 1.46060938358 1.4612516920600001 0.0009765625
35.901785714299997 35.921726190500003 1.4605671098199999 1.46120938358 0.0009765625
35.921726190500003 35.941666666700002 1.46052487072 1.4611671098200001 0.0009765625
35.941666666700002 35.9616071429 1.4604826662399999 1.46112487072 0.0009765625
35.9616071429 35.981547618999997 1.4604404963399999 1.46108266624 0.0009765625
35.981547618999997 36.001488095200003 1.46039836096 1.4610404963400001 0.0009765625
36.001488095200003 36.021428571400001 1.46035626005 1.4609983609599999 0.0009765625
36.021428571400001 36.0413690476 1.4603141935799999 1.4609562600499999 0.0009765625
36.0413690476 36.061309523799999 1.4602721615000001 1.4609141935800001 0.0009765625
36.061309523799999 36.081249999999997 1.4602301637499999 1.4608721615 0.0009765625
36.081249999999997 36.101190476200003 1.4601882003 1.4608301637500001 0.0009765625
36.101190476200003 36.121130952400001 1.4601462710899999 1.4607882002999999 0.0009765625
36.121130952400001 36.1410714286 1.4601043760900001 1.4607462710900001 0.0009765625
36.1410714286 36.161011904799999 1.46006251524 1.46070437609 0.0009765625
36.161011904799999 36.180952380999997 1.46002068849 1.4606625152399999 0.0009765625
36.180952380999997 36.200892857100001 1.45997889582 1.4606206884899999 0.0009765625
36.200892857100001 36.2208333333 1.4599371371500001 1.4605788958199999 0.0009765625
36.2208333333 36.240773809499998 1.4598954124700001 1.46053713715 0.0009765625
36.240773809499998 36.260714285699997 1.4598537217000001 1.46049541247 0.0009765625
36.260714285699997 36.280654761900003 1.4598120648199999 1.4604537217 0.0009765625
36.280654761900003 36.300595238100001 1.4597704417699999 1.4604120648200001 0.0009765625
36.300595238100001 36.3205357143 1.4597288525200001 1.4603704417700001 0.0009765625
36.3205357143 36.340476190499999 1.4596872970000001 1.46032885252 0.0009765625
36.340476190499999 36.360416666699997 1.45964577519 1.460287297 0.0009765625
36.360416666699997 36.380357142900003 1.4596042870299999 1.46024577519 0.0009765625
36.380357142900003 36.400297619 1.4595628324900001 1.46020428703 0.0009765625
36.400297619 36.420238095199998 1.4595214114999999 1.46016283249 0.0009765625
36.420238095199998 36.440178571399997 1.4594800240400001 1.4601214115000001 0.0009765625
36.440178571399997 36.460119047600003 1.4594386700499999 1.46008002404 0.0009765625
36.460119047600003 36.480059523800001 1.4593973494900001 1.4600386700500001 0.0009765625
36.480059523800001 36.5 1.4593560623199999 1.45999734949 0.0009765625
36.5 36.519940476199999 1.4593148084900001 1.4599560623200001 0.0009765625
36.519940476199999 36.539880952399997 1.4592735879600001 1.45991480849 0.0009765625
36.539880952399997 36.559821428600003 1.4592324006799999 1.45987358796 0.0009765625
36.559821428600003 36.579761904800002 1.4591912466100001 1.4598324006800001 0.0009765625
36.579761904800002 36.599702381 1.4591501256999999 1.45979124661 0.0009765625
36.599702381 36.619642857099997 1.45910903792 1.4597501257000001 0.0009765625
36.619642857099997 36.639583333300003 1.45906798321 1.45970903792 0.0009765625
36.639583333300003 36.659523809500001 1.45902696153 1.4596679832099999 0.0009765625
36.659523809500001 36.6794642857 1.4589859728500001 1.4596269615299999 0.0009765625
36.6794642857 36.699404761899999 1.45894501711 1.45958597285 0.0009765625
36.699404761899999 36.719345238099997 1.45890409427 1.45954501711 0.0009765625
36.719345238099997 36.739285714300003 1.45886320428 1.4595040942699999 0.0009765625
36.739285714300003 36.759226190500002 1.4588223471199999 1.45946320428 0.0009765625
36.759226190500002 36.7791666667 1.4587815227200001 1.4594223471200001 0.0009765625
36.7791666667 36.799107142899999 1.45874073105 1.45938152272 0.0009765625
36.799107142899999 36.819047619000003 1.45869997207 1.45934073105 0.0009765625
36.819047619000003 36.838988095200001 1.4586592457300001 1.45929997207 0.0009765625
36.838988095200001 36.8589285714 1.4586185519799999 1.45925924573 0.0009765625
36.8589285714 36.878869047599999 1.45857789079 1.4592185519800001 0.0009765625
36.878869047599999 36.898809523799997 1.4585372621199999 1.4591778907899999 0.0009765625
36.898809523799997 36.918750000000003 1.45849666591 1.4591372621200001 0.0009765625
36.918750000000003 36.938690476200001 1.45845610213 1.45909666591 0.0009765625
36.938690476200001 36.9586309524 1.4584155707399999 1.4590561021299999 0.0009765625
36.9586309524 36.978571428599999 1.4583750716799999 1.4590155707400001 0.0009765625
36.978571428599999 36.998511904799997 1.4583346049299999 1.4589750716800001 0.0009765625
36.998511904799997 37.018452381000003 1.4582941704300001 1.45893460493 0.0009765625
37.018452381000003 37.0383928571 1.4582537681500001 1.45889417043 0.0009765625
37.0383928571 37.058333333299998 1.4582133980400001 1.45885376815 0.0009765625
37.058333333299998 37.078273809499997 1.45817306006 1.45881339804 0.0009765625
37.078273809499997 37.098214285700003 1.45813275416 1.45877306006 0.0009765625
37.098214285700003 37.118154761900001 1.4580924803199999 1.4587327541599999 0.0009765625
37.118154761900001 37.1380952381 1.4580522384700001 1.4586924803200001 0.0009765625
37.1380952381 37.158035714299999 1.45801202859 1.45865223847 0.0009765625
37.158035714299999 37.177976190499997 1.4579718506299999 1.4586120285899999 0.0009765625
37.177976190499997 37.197916666700003 1.45793170455 1.4585718506300001 0.0009765625
37.197916666700003 37.217857142900002 1.4578915903 1.4585317045499999 0.0009765625
37.217857142900002 37.237797618999998 1.4578515078500001 1.4584915903 0.0009765625
37.237797618999998 37.257738095199997 1.45781145715 1.45845150785 0.0009765625
37.257738095199997 37.277678571400003 1.45777143816 1.45841145715 0.0009765625
37.277678571400003 37.297619047600001 1.4577314508500001 1.4583714381599999 0.0009765625
37.297619047600001 37.3175595238 1.45769149516 1.45833145085 0.0009765625
37.3175595238 37.337499999999999 1.45765157106 1.4582914951599999 0.0009765625
37.337499999999999 37.357440476199997 1.45761167851 1.4582515710599999 0.0009765625
37.357440476199997 37.377380952400003 1.4575718174700001 1.4582116785100001 0.0009765625
37.377380952400003 37.397321428600002 1.4575319878899999 1.45817181747 0.0009765625
37.397321428600002 37.4172619048 1.4574921897299999 1.4581319878900001 0.0009765625
37.4172619048 37.437202380999999 1.4574524229600001 1.4580921897300001 0.0009765625
37.437202380999999 37.457142857100003 1.45741268753 1.45805242296 0.0009765625
37.457142857100003 37.477083333300001 1.45737298341 1.4580126875299999 0.0009765625
37.477083333300001 37.4970238095 1.4573333105399999 1.4579729834099999 0.0009765625
37.4970238095 37.516964285699999 1.4572936689 1.4579333105400001 0.0009765625
37.516964285699999 37.536904761899997 1.45725405843 1.4578936688999999 0.0009765625
37.536904761899997 37.556845238100003 1.4572144791099999 1.4578540584299999 0.0009765625
37.556845238100003 37.576785714300001 1.4571749308799999 1.4578144791100001 0.0009765625
37.576785714300001 37.5967261905 1.4571354137200001 1.4577749308800001 0.0009765625
37.5967261905 37.616666666699999 1.4570959275699999 1.45773541372 0.0009765625
37.616666666699999 37.636607142899997 1.4570564723999999 1.4576959275700001 0.0009765625
37.636607142899997 37.656547619000001 1.45701704817 1.4576564724000001 0.0009765625
37.656547619000001 37.6764880952 1.45697765484 1.4576170481699999 0.0009765625
37.6764880952 37.696428571399998 1.4569382923700001 1.4575776548399999 0.0009765625
37.696428571399998 37.716369047599997 1.45689896072 1.45753829237 0.0009765625
37.716369047599997 37.736309523800003 1.4568596598500001 1.45749896072 0.0009765625
37.736309523800003 37.756250000000001 1.4568203897200001 1.45745965985 0.0009765625
37.756250000000001 37.7761904762 1.4567811502900001 1.45742038972 0.0009765625
37.7761904762 37.796130952399999 1.45674194152 1.45738115029 0.0009765625
37.796130952399999 37.816071428599997 1.45670276338 1.45734194152 0.0009765625
37.816071428599997 37.836011904800003 1.4566636158099999 1.45730276338 0.0009765625
37.836011904800003 37.855952381000002 1.4566244987900001 1.4572636158100001 0.0009765625
37.855952381000002 37.875892857099998 1.4565854122699999 1.45722449879 0.0009765625
37.875892857099998 37.895833333299997 1.4565463562200001 1.4571854122700001 0.0009765625
37.895833333299997 37.915773809500003 1.45650733059 1.45714635622 0.0009765625
37.915773809500003 37.935714285700001 1.4564683353500001 1.45710733059 0.0009765625
37.935714285700001 37.9556547619 1.45642937045 1.45706833535 0.0009765625
37.9556547619 37.975595238099999 1.4563904358699999 1.4570293704499999 0.0009765625
37.975595238099999 37.995535714299997 1.45635153155 1.4569904358700001 0.0009765625
37.995535714299997 38.015476190500003 1.45631265746 1.4569515315499999 0.0009765625
38.015476190500003 38.035416666700002 1.45627381357 1.45691265746 0.0009765625
38.035416666700002 38.0553571429 1.4562349998299999 1.4568738135699999 0.0009765625
38.0553571429 38.075297618999997 1.4561962162099999 1.4568349998300001 0.0009765625
38.075297618999997 38.095238095200003 1.45615746266 1.4567962162100001 0.0009765625
38.095238095200003 38.115178571400001 1.4561187391499999 1.4567574626599999 0.0009765625
38.115178571400001 38.1351190476 1.45608004564 1.4567187391500001 0.0009765625
38.1351190476 38.155059523799999 1.4560413821 1.45668004564 0.0009765625
38.155059523799999 38.174999999999997 1.45600274847 1.4566413820999999 0.0009765625
38.174999999999997 38.194940476200003 1.45596414474 1.4566027484699999 0.0009765625
38.194940476200003 38.214880952400001 1.4559255708500001 1.45656414474 0.0009765625
38.214880952400001 38.2348214286 1.4558870267699999 1.45652557085 0.0009765625
38.2348214286 38.254761904799999 1.45584851246 1.4564870267700001 0.0009765625
38.254761904799999 38.274702380999997 1.4558100278799999 1.45644851246 0.0009765625
38.274702380999997 38.294642857100001 1.455771573 1.4564100278800001 0.0009765625
38.294642857100001 38.3145833333 1.45573314778 1.456371573 0.0009765625
38.3145833333 38.334523809499998 1.4556947521800001 1.4563331477799999 0.0009765625
38.334523809499998 38.354464285699997 1.45565638616 1.45629475218 0.0009765625
38.354464285699997 38.374404761900003 1.45561804969 1.45625638616 0.0009765625
38.374404761900003 38.394345238100001 1.4555797427299999 1.4562180496899999 0.0009765625
38.394345238100001 38.4142857143 1.4555414652300001 1.4561797427300001 0.0009765625
38.4142857143 38.434226190499999 1.45550321717 1.45614146523 0.0009765625
38.434226190499999 38.454166666699997 1.4554649985100001 1.4561032171699999 0.0009765625
38.454166666699997 38.474107142900003 1.4554268092 1.45606499851 0.0009765625
38.474107142900003 38.494047619 1.4553886492200001 1.4560268091999999 0.0009765625
38.494047619 38.513988095199998 1.45535051852 1.45598864922 0.0009765625
38.513988095199998 38.533928571399997 1.45531241707 1.4559505185199999 0.0009765625
38.533928571399997 38.553869047600003 1.4552743448300001 1.45591241707 0.0009765625
38.553869047600003 38.573809523800001 1.4552363017700001 1.45587434483 0.0009765625
38.573809523800001 38.59375 1.45519828784 1.45583630177 0.0009765625
38.59375 38.613690476199999 1.45516030301 1.45579828784 0.0009765625
38.613690476199999 38.633630952399997 1.4551223472499999 1.4557603030099999 0.0009765625
38.633630952399997 38.653571428600003 1.45508442051 1.45572234725 0.0009765625
38.653571428600003 38.673511904800002 1.45504652277 1.4556844205099999 0.0009765625
38.673511904800002 38.693452381 1.45500865398 1.45564652277 0.0009765625
38.693452381 38.713392857099997 1.4549708141 1.4556086539799999 0.0009765625
38.713392857099997 38.733333333300003 1.4549330031100001 1.4555708141000001 0.0009765625
38.733333333300003 38.753273809500001 1.4548952209699999 1.45553300311 0.0009765625
38.753273809500001 38.7732142857 1.4548574676299999 1.4554952209700001 0.0009765625
38.7732142857 38.793154761899999 1.4548197430700001 1.4554574676300001 0.0009765625
38.793154761899999 38.813095238099997 1.4547820472399999 1.45541974307 0.0009765625
38.813095238099997 38.833035714300003 1.45474438011 1.4553820472400001 0.0009765625
38.833035714300003 38.852976190500002 1.4547067416499999 1.4553443801099999 0.0009765625
38.852976190500002 38.8729166667 1.45466913182 1.4553067416500001 0.0009765625
38.8729166667 38.892857142899999 1.45463155058 1.45526913182 0.0009765625
38.892857142899999 38.912797619000003 1.4545939979 1.45523155058 0.0009765625
38.912797619000003 38.932738095200001 1.4545564737400001 1.4551939978999999 0.0009765625
38.932738095200001 38.9526785714 1.4545189780700001 1.45515647374 0.0009765625
38.9526785714 38.972619047599999 1.45448151085 1.45511897807 0.0009765625
38.972619047599999 38.992559523799997 1.45444407204 1.4550815108499999 0.0009765625
38.992559523799997 39.012500000000003 1.45440666162 1.45504407204 0.0009765625
39.012500000000003 39.032440476200001 1.4543692795300001 1.4550066616199999 0.0009765625
39.032440476200001 39.0523809524 1.45433192576 1.45496927953 0.0009765625
39.0523809524 39.072321428599999 1.4542946002599999 1.45493192576 0.0009765625
39.072321428599999 39.092261904799997 1.4542573029999999 1.4548946002600001 0.0009765625
39.092261904799997 39.112202381000003 1.45422003394 1.454857303 0.0009765625
39.112202381000003 39.1321428571 1.45418279305 1.4548200339399999 0.0009765625
39.1321428571 39.152083333299998 1.4541455802900001 1.4547827930499999 0.0009765625
39.152083333299998 39.172023809499997 1.4541083956400001 1.45474558029 0.0009765625
39.172023809499997 39.191964285700003 1.4540712390399999 1.45470839564 0.0009765625
39.191964285700003 39.211904761900001 1.4540341104800001 1.4546712390400001 0.0009765625
39.211904761900001 39.2318452381 1.4539970098999999 1.45463411048 0.0009765625
39.2318452381 39.251785714299999 1.4539599372900001 1.4545970099000001 0.0009765625
39.251785714299999 39.271726190499997 1.4539228926000001 1.45455993729 0.0009765625
39.271726190499997 39.291666666700003 1.4538858757999999 1.4545228926 0.0009765625
39.291666666700003 39.311607142900002 1.4538488868599999 1.4544858758000001 0.0009765625
39.311607142900002 39.331547618999998 1.45381192574 1.4544488868600001 0.0009765625
39.331547618999998 39.351488095199997 1.4537749924000001 1.4544119257399999 0.0009765625
39.351488095199997 39.371428571400003 1.4537380868200001 1.4543749924 0.0009765625
39.371428571400003 39.391369047600001 1.4537012089600001 1.45433808682 0.0009765625
39.391369047600001 39.4113095238 1.45366435877 1.45430120896 0.0009765625
39.4113095238 39.431249999999999 1.45362753624 1.4542643587699999 0.0009765625
39.431249999999999 39.451190476199997 1.45359074133 1.4542275362399999 0.0009765625
39.451190476199997 39.471130952400003 1.4535539739900001 1.4541907413299999 0.0009765625
39.471130952400003 39.491071428600002 1.4535172342 1.45415397399 0.0009765625
39.491071428600002 39.5110119048 1.45348052193 1.4541172341999999 0.0009765625
39.5110119048 39.530952380999999 1.45344383713 1.4540805219299999 0.0009765625
39.530952380999999 39.550892857100003 1.4534071797799999 1.45404383713 0.0009765625
39.550892857100003 39.570833333300001 1.45337054984 1.45400717978 0.0009765625
39.570833333300001 39.5907738095 1.45333394729 1.45397054984 0.0009765625
39.5907738095 39.610714285699999 1.45329737207 1.4539339472899999 0.0009765625
39.610714285699999 39.630654761899997 1.45326082417 1.4538973720699999 0.0009765625
39.630654761899997 39.650595238100003 1.4532243035400001 1.45386082417 0.0009765625
39.650595238100003 39.670535714300001 1.45318781016 1.45382430354 0.0009765625
39.670535714300001 39.6904761905 1.4531513439899999 1.4537878101599999 0.0009765625
39.6904761905 39.710416666699999 1.4531149049900001 1.4537513439900001 0.0009765625
39.710416666699999 39.730357142899997 1.45307849314 1.45371490499 0.0009765625
39.730357142899997 39.750297619000001 1.45304210841 1.45367849314 0.0009765625
39.750297619000001 39.7702380952 1.45300575074 1.45364210841 0.0009765625
39.7702380952 39.790178571399998 1.4529694201300001 1.45360575074 0.0009765625
39.790178571399998 39.810119047599997 1.4529331165199999 1.45356942013 0.0009765625
39.810119047599997 39.830059523800003 1.45289683989 1.4535331165200001 0.0009765625
39.830059523800003 39.850000000000001 1.45286059021 1.4534968398899999 0.0009765625
39.850000000000001 39.8699404762 1.4528243674400001 1.45346059021 0.0009765625
39.8699404762 39.889880952399999 1.45278817155 1.45342436744 0.0009765625
39.889880952399999 39.909821428599997 1.45275200251 1.4533881715500001 0.0009765625
39.909821428599997 39.929761904800003 1.4527158602800001 1.45335200251 0.0009765625
39.929761904800003 39.949702381000002 1.45267974483 1.45331586028 0.0009765625
39.949702381000002 39.969642857099998 1.45264365613 1.4532797448300001 0.0009765625
39.969642857099998 39.989583333299997 1.4526075941500001 1.45324365613 0.0009765625
39.989583333299997 40.009523809500003 1.4525715588500001 1.45320759415 0.0009765625
40.009523809500003 40.029464285700001 1.4525355502099999 1.45317155885 0.0009765625
40.029464285700001 40.0494047619 1.4524995681799999 1.4531355502100001 0.0009765625
40.0494047619 40.069345238099999 1.4524636127399999 1.4530995681800001 0.0009765625
40.069345238099999 40.089285714299997 1.4524276838500001 1.4530636127400001 0.0009765625
40.089285714299997 40.109226190500003 1.45239178149 1.45302768385 0.0009765625
40.109226190500003 40.129166666700002 1.4523559056099999 1.45299178149 0.0009765625
40.129166666700002 40.1491071429 1.45232005619 1.4529559056100001 0.0009765625
40.1491071429 40.169047618999997 1.4522842332000001 1.45292005619 0.0009765625
40.169047618999997 40.188988095200003 1.4522484365999999 1.4528842332 0.0009765625
40.188988095200003 40.208928571400001 1.4522126663699999 1.4528484366000001 0.0009765625
40.208928571400001 40.2288690476 1.4521769224600001 1.4528126663700001 0.0009765625
40.2288690476 40.248809523799999 1.45214120485 1.45277692246 0.0009765625
40.248809523799999 40.268749999999997 1.4521055135100001 1.4527412048499999 0.0009765625
40.268749999999997 40.288690476200003 1.4520698484100001 1.45270551351 0.0009765625
40.288690476200003 40.308630952400001 1.4520342095000001 1.45266984841 0.0009765625
40.308630952400001 40.3285714286 1.45199859677 1.4526342095 0.0009765625
40.3285714286 40.348511904799999 1.4519630101800001 1.4525985967699999 0.0009765625
40.348511904799999 40.368452380999997 1.4519274496900001 1.45256301018 0.0009765625
40.368452380999997 40.388392857100001 1.4518919152800001 1.45252744969 0.0009765625
40.388392857100001 40.4083333333 1.45185640692 1.45249191528 0.0009765625
40.4083333333 40.428273809499998 1.45182092457 1.4524564069200001 0.0009765625
40.428273809499998 40.448214285699997 1.4517854682 1.4524209245699999 0.0009765625
40.448214285699997 40.468154761900003 1.4517500377899999 1.4523854681999999 0.0009765625
40.468154761900003 40.488095238100001 1.4517146332899999 1.45235003779 0.0009765625
40.488095238100001 40.5080357143 1.4516792546799999 1.4523146332900001 0.0009765625
40.5080357143 40.527976190499999 1.45164390194 1.4522792546800001 0.0009765625
40.527976190499999 40.547916666699997 1.4516085750100001 1.45224390194 0.0009765625
40.547916666699997 40.567857142900003 1.45157327389 1.45220857501 0.0009765625
40.567857142900003 40.587797619 1.4515379985300001 1.4521732738899999 0.0009765625
40.587797619 40.607738095199998 1.4515027489000001 1.45213799853 0.0009765625
40.607738095199998 40.627678571399997 1.45146752497 1.4521027489 0.0009765625
40.627678571399997 40.647619047600003 1.45143232672 1.4520675249699999 0.0009765625
40.647619047600003 40.667559523800001 1.4513971541099999 1.4520323267199999 0.0009765625
40.667559523800001 40.6875 1.45136200711 1.4519971541100001 0.0009765625
40.6875 40.707440476199999 1.4513268856899999 1.4519620071099999 0.0009765625
40.707440476199999 40.727380952399997 1.45129178982 1.4519268856900001 0.0009765625
40.727380952399997 40.747321428600003 1.4512567194699999 1.4518917898199999 0.0009765625
40.747321428600003 40.767261904800002 1.45122167461 1.4518567194700001 0.0009765625
40.767261904800002 40.787202381 1.4511866552099999 1.4518216746099999 0.0009765625
40.787202381 40.807142857099997 1.4511516612299999 1.4517866552100001 0.0009765625
40.807142857099997 40.827083333300003 1.4511166926500001 1.4517516612300001 0.0009765625
40.827083333300003 40.847023809500001 1.4510817494399999 1.45171669265 0.0009765625
40.847023809500001 40.8669642857 1.45104683157 1.4516817494400001 0.0009765625
40.8669642857 40.886904761899999 1.451011939 1.45164683157 0.0009765625
40.886904761899999 40.906845238099997 1.4509770717099999 1.451611939 0.0009765625
40.906845238099997 40.926785714300003 1.4509422296700001 1.4515770717100001 0.0009765625
40.926785714300003 40.946726190500002 1.4509074128399999 1.45154222967 0.0009765625
40.946726190500002 40.9666666667 1.4508726212 1.4515074128400001 0.0009765625
40.9666666667 40.986607142899999 1.45083785472 1.4514726212 0.0009765625
40.986607142899999 41.006547619000003 1.4508031133599999 1.45143785472 0.0009765625
41.006547619000003 41.026488095200001 1.4507683971000001 1.4514031133600001 0.0009765625
41.026488095200001 41.0464285714 1.4507337059100001 1.4513683971 0.0009765625
41.0464285714 41.066369047599999 1.4506990397499999 1.45133370591 0.0009765625
41.066369047599999 41.086309523799997 1.4506643986100001 1.4512990397500001 0.0009765625
41.086309523799997 41.106250000000003 1.4506297824400001 1.45126439861 0.0009765625
41.106250000000003 41.126190476200001 1.4505951912199999 1.45122978244 0.0009765625
41.126190476200001 41.1461309524 1.45056062492 1.4511951912200001 0.0009765625
41.1461309524 41.166071428599999 1.45052608351 1.45116062492 0.0009765625
41.166071428599999 41.186011904799997 1.45049156696 1.4511260835099999 0.0009765625
41.186011904799997 41.205952381000003 1.4504570752399999 1.45109156696 0.0009765625
41.205952381000003 41.2258928571 1.45042260832 1.45105707524 0.0009765625
41.2258928571 41.245833333299998 1.45038816617 1.45102260832 0.0009765625
41.245833333299998 41.265773809499997 1.45035374877 1.4509881661699999 0.0009765625
41.265773809499997 41.285714285700003 1.4503193560800001 1.4509537487699999 0.0009765625
41.285714285700003 41.305654761900001 1.4502849880799999 1.45091935608 0.0009765625
41.305654761900001 41.3255952381 1.4502506447300001 1.4508849880800001 0.0009765625
41.3255952381 41.345535714299999 1.4502163260100001 1.45085064473 0.0009765625
41.345535714299999 41.365476190499997 1.4501820318800001 1.45081632601 0.0009765625
41.365476190499997 41.385416666700003 1.4501477623300001 1.45078203188 0.0009765625
41.385416666700003 41.405357142900002 1.4501135173099999 1.45074776233 0.0009765625
41.405357142900002 41.425297618999998 1.45007929681 1.4507135173100001 0.0009765625
41.425297618999998 41.445238095199997 1.4500451007799999 1.45067929681 0.0009765625
41.445238095199997 41.465178571400003 1.4500109292100001 1.4506451007800001 0.0009765625
41.465178571400003 41.485119047600001 1.44997678207 1.45061092921 0.0009765625
41.485119047600001 41.5050595238 1.44994265932 1.45057678207 0.0009765625
41.5050595238 41.524999999999999 1.44990856094 1.4505426593199999 0.0009765625
41.524999999999999 41.544940476199997 1.44987448689 1.4505085609399999 0.0009765625
41.544940476199997 41.564880952400003 1.44984043716 1.4504744868899999 0.0009765625
41.564880952400003 41.584821428600002 1.44980641171 1.4504404371599999 0.0009765625
41.584821428600002 41.6047619048 1.4497724105100001 1.45040641171 0.0009765625
41.6047619048 41.624702380999999 1.4497384335400001 1.45037241051 0.0009765625
41.624702380999999 41.644642857100003 1.4497044807599999 1.45033843354 0.0009765625
41.644642857100003 41.664583333300001 1.44967055216 1.4503044807600001 0.0009765625
41.664583333300001 41.6845238095 1.44963664769 1.4502705521599999 0.0009765625
41.6845238095 41.704464285699999 1.44960276733 1.4502366476899999 0.0009765625
41.704464285699999 41.724404761899997 1.4495689110600001 1.45020276733 0.0009765625
41.724404761899997 41.744345238100003 1.4495350788500001 1.45016891106 0.0009765625
41.744345238100003 41.764285714300001 1.4495012706599999 1.45013507885 0.0009765625
41.764285714300001 41.7842261905 1.4494674864699999 1.4501012706600001 0.0009765625
41.7842261905 41.804166666699999 1.4494337262500001 1.4500674864700001 0.0009765625
41.804166666699999 41.824107142899997 1.4493999899800001 1.45003372625 0.0009765625
41.824107142899997 41.844047619000001 1.44936627762 1.44999998998 0.0009765625
41.844047619000001 41.8639880952 1.44933258916 1.44996627762 0.0009765625
41.8639880952 41.883928571399998 1.4492989245500001 1.4499325891599999 0.0009765625
41.883928571399998 41.903869047599997 1.44926528377 1.44989892455 0.0009765625
41.903869047599997 41.923809523800003 1.4492316668 1.4498652837699999 0.0009765625
41.923809523800003 41.943750000000001 1.4491980736100001 1.4498316668 0.0009765625
41.943750000000001 41.9636904762 1.4491645041600001 1.44979807361 0.0009765625
41.9636904762 41.983630952399999 1.4491309584400001 1.44976450416 0.0009765625
41.983630952399999 42.003571428599997 1.44909743641 1.44973095844 0.0009765625
42.003571428599997 42.023511904800003 1.4490639380500001 1.4496974364099999 0.0009765625
42.023511904800003 42.043452381000002 1.44903046333 1.44966393805 0.0009765625
42.043452381000002 42.063392857099998 1.44899701222 1.4496304633299999 0.0009765625
42.063392857099998 42.083333333299997 1.4489635847 1.4495970122199999 0.0009765625
42.083333333299997 42.103273809500003 1.4489301807299999 1.4495635846999999 0.0009765625
42.103273809500003 42.123214285700001 1.4488968003 1.4495301807300001 0.0009765625
42.123214285700001 42.1431547619 1.4488634433600001 1.4494968002999999 0.0009765625
42.1431547619 42.163095238099999 1.4488301099100001 1.44946344336 0.0009765625
42.163095238099999 42.183035714299997 1.4487967999 1.44943010991 0.0009765625
42.183035714299997 42.202976190500003 1.4487635133200001 1.4493967998999999 0.0009765625
42.202976190500003 42.222916666700002 1.4487302501199999 1.44936351332 0.0009765625
42.222916666700002 42.2428571429 1.4486970103000001 1.4493302501200001 0.0009765625
42.2428571429 42.262797618999997 1.44866379382 1.4492970103 0.0009765625
42.262797618999997 42.282738095200003 1.44863060065 1.4492637938199999 0.0009765625
42.282738095200003 42.302678571400001 1.44859743077 1.44923060065 0.0009765625
42.302678571400001 42.3226190476 1.4485642841499999 1.44919743077 0.0009765625
42.3226190476 42.342559523799999 1.44853116077 1.4491642841500001 0.0009765625
42.342559523799999 42.362499999999997 1.44849806059 1.4491311607699999 0.0009765625
42.362499999999997 42.382440476200003 1.4484649835900001 1.4490980605899999 0.0009765625
42.382440476200003 42.402380952400001 1.4484319297399999 1.44906498359 0.0009765625
42.402380952400001 42.4223214286 1.4483988990300001 1.4490319297400001 0.0009765625
42.4223214286 42.442261904799999 1.4483658914099999 1.44899889903 0.0009765625
42.442261904799999 42.462202380999997 1.4483329068599999 1.4489658914100001 0.0009765625
42.462202380999997 42.482142857100001 1.4482999453700001 1.4489329068600001 0.0009765625
42.482142857100001 42.5020833333 1.4482670068900001 1.44889994537 0.0009765625
42.5020833333 42.522023809499998 1.44823409141 1.44886700689 0.0009765625
42.522023809499998 42.541964285699997 1.4482011989000001 1.44883409141 0.0009765625
42.541964285699997 42.561904761900003 1.4481683293300001 1.4488011989 0.0009765625
42.561904761900003 42.581845238100001 1.4481354826799999 1.44876832933 0.0009765625
42.581845238100001 42.6017857143 1.4481026589099999 1.4487354826800001 0.0009765625
42.6017857143 42.621726190499999 1.44806985801 1.4487026589100001 0.0009765625
42.621726190499999 42.641666666699997 1.44803707995 1.4486698580099999 0.0009765625
42.641666666699997 42.661607142900003 1.4480043247000001 1.4486370799499999 0.0009765625
42.661607142900003 42.681547619 1.44797159223 1.4486043247 0.0009765625
42.681547619 42.701488095199998 1.4479388825199999 1.44857159223 0.0009765625
42.701488095199998 42.721428571399997 1.4479061955500001 1.4485388825200001 0.0009765625
42.721428571399997 42.741369047600003 1.44787353128 1.44850619555 0.0009765625
42.741369047600003 42.761309523800001 1.4478408896999999 1.4484735312799999 0.0009765625
42.761309523800001 42.78125 1.44780827077 1.4484408897000001 0.0009765625
42.78125 42.801190476199999 1.4477756744700001 1.4484082707699999 0.0009765625
42.801190476199999 42.821130952399997 1.4477431007699999 1.44837567447 0.0009765625
42.821130952399997 42.841071428600003 1.44771054966 1.4483431007700001 0.0009765625
42.841071428600003 42.861011904800002 1.44767802109 1.4483105496599999 0.0009765625
42.861011904800002 42.880952381 1.4476455150600001 1.4482780210899999 0.0009765625
42.880952381 42.900892857099997 1.44761303152 1.44824551506 0.0009765625
42.900892857099997 42.920833333300003 1.44758057046 1.4482130315199999 0.0009765625
42.920833333300003 42.940773809500001 1.4475481318500001 1.4481805704599999 0.0009765625
42.940773809500001 42.9607142857 1.44751571567 1.44814813185 0.0009765625
42.9607142857 42.980654761899999 1.4474833218800001 1.44811571567 0.0009765625
42.980654761899999 43.000595238099997 1.4474509504699999 1.44808332188 0.0009765625
43.000595238099997 43.020535714300003 1.4474186014099999 1.4480509504700001 0.0009765625
43.020535714300003 43.040476190500002 1.4473862746799999 1.4480186014100001 0.0009765625
43.040476190500002 43.0604166667 1.44735397024 1.4479862746800001 0.0009765625
43.0604166667 43.080357142899999 1.4473216880699999 1.4479539702399999 0.0009765625
43.080357142899999 43.100297619000003 1.4472894281499999 1.4479216880700001 0.0009765625
43.100297619000003 43.120238095200001 1.44725719046 1.4478894281500001 0.0009765625
43.120238095200001 43.1401785714 1.4472249749599999 1.4478571904599999 0.0009765625
43.1401785714 43.160119047599999 1.4471927816300001 1.4478249749600001 0.0009765625
43.160119047599999 43.180059523799997 1.4471606104600001 1.44779278163 0.0009765625
43.180059523799997 43.200000000000003 1.4471284614 1.44776061046 0.0009765625
43.200000000000003 43.219940476200001 1.4470963344400001 1.4477284614000001 0.0009765625
43.219940476200001 43.2398809524 1.44706422956 1.44769633444 0.0009765625
43.2398809524 43.259821428599999 1.44703214672 1.44766422956 0.0009765625
43.259821428599999 43.279761904799997 1.4470000859100001 1.44763214672 0.0009765625
43.279761904799997 43.299702381000003 1.4469680470999999 1.44760008591 0.0009765625
43.299702381000003 43.3196428571 1.4469360302500001 1.4475680471000001 0.0009765625
43.3196428571 43.339583333299998 1.44690403536 1.44753603025 0.0009765625
43.339583333299998 43.359523809499997 1.44687206239 1.4475040353599999 0.0009765625
43.359523809499997 43.379464285700003 1.44684011132 1.4474720623899999 0.0009765625
43.379464285700003 43.399404761900001 1.4468081821300001 1.4474401113199999 0.0009765625
43.399404761900001 43.4193452381 1.4467762747899999 1.44740818213 0.0009765625
43.4193452381 43.439285714299999 1.44674438927 1.4473762747900001 0.0009765625
43.439285714299999 43.459226190499997 1.44671252555 1.44734438927 0.0009765625
43.459226190499997 43.479166666700003 1.4466806836099999 1.4473125255499999 0.0009765625
43.479166666700003 43.499107142900002 1.4466488634300001 1.4472806836100001 0.0009765625
43.499107142900002 43.519047618999998 1.4466170649700001 1.44724886343 0.0009765625
43.519047618999998 43.538988095199997 1.4465852882100001 1.44721706497 0.0009765625
43.538988095199997 43.558928571400003 1.4465535331399999 1.44718528821 0.0009765625
43.558928571400003 43.578869047600001 1.4465217997199999 1.4471535331400001 0.0009765625
43.578869047600001 43.5988095238 1.44649008793 1.4471217997200001 0.0009765625
43.5988095238 43.618749999999999 1.4464583977500001 1.4470900879299999 0.0009765625
43.618749999999999 43.638690476199997 1.4464267291499999 1.44705839775 0.0009765625
43.638690476199997 43.658630952400003 1.44639508211 1.4470267291500001 0.0009765625
43.658630952400003 43.678571428600002 1.4463634566100001 1.4469950821099999 0.0009765625
43.678571428600002 43.6985119048 1.44633185261 1.44696345661 0.0009765625
43.6985119048 43.718452380999999 1.4463002701000001 1.4469318526099999 0.0009765625
43.718452380999999 43.738392857100003 1.4462687090599999 1.4469002701 0.0009765625
43.738392857100003 43.758333333300001 1.44623716945 1.4468687090600001 0.0009765625
43.758333333300001 43.7782738095 1.4462056512599999 1.44683716945 0.0009765625
43.7782738095 43.798214285699999 1.44617415446 1.44680565126 0.0009765625
43.798214285699999 43.818154761899997 1.44614267903 1.4467741544599999 0.0009765625
43.818154761899997 43.838095238100003 1.4461112249400001 1.44674267903 0.0009765625
43.838095238100003 43.858035714300001 1.4460797921699999 1.44671122494 0.0009765625
43.858035714300001 43.8779761905 1.4460483807 1.4466797921700001 0.0009765625
43.8779761905 43.897916666699999 1.4460169905 1.4466483806999999 0.0009765625
43.897916666699999 43.917857142899997 1.44598562155 1.4466169904999999 0.0009765625
43.917857142899997 43.937797619000001 1.44595427382 1.4465856215499999 0.0009765625
43.937797619000001 43.9577380952 1.4459229472999999 1.4465542738199999 0.0009765625
43.9577380952 43.977678571399998 1.4458916419500001 1.4465229473000001 0.0009765625
43.977678571399998 43.997619047599997 1.44586035776 1.44649164195 0.0009765625
43.997619047599997 44.017559523800003 1.4458290947000001 1.4464603577599999 0.0009765625
44.017559523800003 44.037500000000001 1.4457978527499999 1.4464290947 0.0009765625
44.037500000000001 44.0574404762 1.44576663188 1.4463978527500001 0.0009765625
44.0574404762 44.077380952399999 1.44573543208 1.4463666318799999 0.0009765625
44.077380952399999 44.097321428599997 1.44570425331 1.4463354320799999 0.0009765625
44.097321428599997 44.117261904800003 1.4456730955599999 1.4463042533099999 0.0009765625
44.117261904800003 44.137202381000002 1.4456419588 1.4462730955600001 0.0009765625
44.137202381000002 44.157142857099998 1.4456108430000001 1.4462419587999999 0.0009765625
44.157142857099998 44.177083333299997 1.4455797481599999 1.446210843 0.0009765625
44.177083333299997 44.197023809500003 1.4455486742300001 1.4461797481600001 0.0009765625
44.197023809500003 44.216964285700001 1.44551762121 1.44614867423 0.0009765625
44.216964285700001 44.2369047619 1.4454865890599999 1.44611762121 0.0009765625
44.2369047619 44.256845238099999 1.44545557776 1.4460865890600001 0.0009765625
44.256845238099999 44.276785714299997 1.44542458729 1.4460555777599999 0.0009765625
44.276785714299997 44.296726190500003 1.44539361763 1.4460245872899999 0.0009765625
44.296726190500003 44.316666666700002 1.4453626687600001 1.4459936176299999 0.0009765625
44.316666666700002 44.3366071429 1.4453317406499999 1.44596266876 0.0009765625
44.3366071429 44.356547618999997 1.4453008332699999 1.4459317406500001 0.0009765625
44.356547618999997 44.376488095200003 1.4452699466100001 1.4459008332700001 0.0009765625
44.376488095200003 44.396428571400001 1.44523908065 1.44586994661 0.0009765625
44.396428571400001 44.4163690476 1.44520823535 1.4458390806500001 0.0009765625
44.4163690476 44.436309523799999 1.4451774107099999 1.4458082353499999 0.0009765625
44.436309523799999 44.456249999999997 1.4451466066800001 1.4457774107100001 0.0009765625
44.456249999999997 44.476190476200003 1.4451158232700001 1.44574660668 0.0009765625
44.476190476200003 44.496130952400001 1.4450850604300001 1.44571582326 0.0009765625
44.496130952400001 44.5160714286 1.44505431814 1.44568506043 0.0009765625
44.5160714286 44.536011904799999 1.4450235964 1.4456543181399999 0.0009765625
44.536011904799999 44.555952380999997 1.44499289516 1.4456235963999999 0.0009765625
44.555952380999997 44.575892857100001 1.4449622144200001 1.4455928951599999 0.0009765625
44.575892857100001 44.5958333333 1.4449315541400001 1.44556221442 0.0009765625
44.5958333333 44.615773809499998 1.44490091431 1.44553155414 0.0009765625
44.615773809499998 44.635714285699997 1.4448702949000001 1.4455009143099999 0.0009765625
44.635714285699997 44.655654761900003 1.4448396958900001 1.4454702949 0.0009765625
44.655654761900003 44.675595238100001 1.4448091172599999 1.44543969589 0.0009765625
44.675595238100001 44.6955357143 1.44477855899 1.4454091172600001 0.0009765625
44.6955357143 44.715476190499999 1.4447480210500001 1.4453785589899999 0.0009765625
44.715476190499999 44.735416666699997 1.4447175034199999 1.44534802105 0.0009765625
44.735416666699997 44.755357142900003 1.4446870060799999 1.4453175034200001 0.0009765625
44.755357142900003 44.775297619 1.44465652901 1.44528700608 0.0009765625
44.775297619 44.795238095199998 1.4446260721799999 1.4452565290099999 0.0009765625
44.795238095199998 44.815178571399997 1.44459563558 1.4452260721800001 0.0009765625
44.815178571399997 44.835119047600003 1.44456521918 1.44519563558 0.0009765625
44.835119047600003 44.855059523800001 1.4445348229599999 1.44516521918 0.0009765625
44.855059523800001 44.875 1.4445044468899999 1.4451348229600001 0.0009765625
44.875 44.894940476199999 1.44447409097 1.4451044468900001 0.0009765625
44.894940476199999 44.914880952399997 1.44444375515 1.4450740909699999 0.0009765625
44.914880952399997 44.934821428600003 1.4444134394299999 1.4450437551499999 0.0009765625
44.934821428600003 44.954761904800002 1.4443831437800001 1.44501343943 0.0009765625
44.954761904800002 44.974702381 1.44435286817 1.44498314378 0.0009765625
44.974702381 44.994642857099997 1.4443226125899999 1.4449528681699999 0.0009765625
44.994642857099997 45.014583333300003 1.44429237702 1.4449226125900001 0.0009765625
45.014583333300003 45.034523809500001 1.44426216143 1.44489237702 0.0009765625
45.034523809500001 45.0544642857 1.44423196581 1.4448621614299999 0.0009765625
45.0544642857 45.074404761899999 1.4442017901199999 1.44483196581 0.0009765625
45.074404761899999 45.094345238099997 1.44417163435 1.4448017901200001 0.0009765625
45.094345238099997 45.114285714300003 1.4441414984800001 1.4447716343499999 0.0009765625
45.114285714300003 45.134226190500002 1.44411138248 1.44474149848 0.0009765625
45.134226190500002 45.1541666667 1.4440812863400001 1.44471138248 0.0009765625
45.1541666667 45.174107142899999 1.44405121003 1.44468128634 0.0009765625
45.174107142899999 45.194047619000003 1.44402115353 1.44465121003 0.0009765625
45.194047619000003 45.213988095200001 1.4439911168299999 1.44462115353 0.0009765625
45.213988095200001 45.2339285714 1.4439610998900001 1.4445911168300001 0.0009765625
45.2339285714 45.253869047599999 1.4439311026899999 1.44456109989 0.0009765625
45.253869047599999 45.273809523799997 1.44390112523 1.4445311026900001 0.0009765625
45.273809523799997 45.293750000000003 1.44387116747 1.44450112523 0.0009765625
45.293750000000003 45.313690476200001 1.44384122939 1.4444711674699999 0.0009765625
45.313690476200001 45.3336309524 1.4438113109699999 1.44444122939 0.0009765625
45.3336309524 45.353571428599999 1.4437814121999999 1.4444113109700001 0.0009765625
45.353571428599999 45.373511904799997 1.4437515330399999 1.4443814122 0.0009765625
45.373511904799997 45.393452381000003 1.44372167349 1.4443515330400001 0.0009765625
45.393452381000003 45.4133928571 1.44369183351 1.44432167349 0.0009765625
45.4133928571 45.433333333299998 1.44366201309 1.4442918335099999 0.0009765625
45.433333333299998 45.453273809499997 1.4436322122 1.4442620130899999 0.0009765625
45.453273809499997 45.473214285700003 1.4436024308299999 1.4442322122 0.0009765625
45.473214285700003 45.493154761900001 1.4435726689599999 1.4442024308300001 0.0009765625
45.493154761900001 45.5130952381 1.4435429265499999 1.4441726689600001 0.0009765625
45.5130952381 45.533035714299999 1.4435132036 1.4441429265500001 0.0009765625
45.533035714299999 45.552976190499997 1.4434835000799999 1.4441132036 0.0009765625
45.552976190499997 45.572916666700003 1.4434538159800001 1.4440835000800001 0.0009765625
45.572916666700003 45.592857142900002 1.4434241512599999 1.44405381598 0.0009765625
45.592857142900002 45.612797618999998 1.44339450591 1.4440241512600001 0.0009765625
45.612797618999998 45.632738095199997 1.4433648799100001 1.4439945059099999 0.0009765625
45.632738095199997 45.652678571400003 1.44333527324 1.44396487991 0.0009765625
45.652678571400003 45.672619047600001 1.44330568587 1.4439352732399999 0.0009765625
45.672619047600001 45.6925595238 1.44327611779 1.4439056858699999 0.0009765625
45.6925595238 45.712499999999999 1.44324656898 1.4438761177899999 0.0009765625
45.712499999999999 45.732440476199997 1.4432170394099999 1.44384656898 0.0009765625
45.732440476199997 45.752380952400003 1.44318752907 1.4438170394100001 0.0009765625
45.752380952400003 45.772321428600002 1.44315803793 1.44378752907 0.0009765625
45.772321428600002 45.7922619048 1.4431285659699999 1.4437580379299999 0.0009765625
45.7922619048 45.812202380999999 1.4430991131799999 1.4437285659700001 0.0009765625
45.812202380999999 45.832142857100003 1.44306967954 1.4436991131800001 0.0009765625
45.832142857100003 45.852083333300001 1.44304026501 1.4436696795399999 0.0009765625
45.852083333300001 45.8720238095 1.4430108695899999 1.44364026501 0.0009765625
45.8720238095 45.891964285699999 1.44298149325 1.4436108695900001 0.0009765625
45.891964285699999 45.911904761899997 1.4429521359699999 1.44358149325 0.0009765625
45.911904761899997 45.931845238100003 1.4429227977300001 1.4435521359700001 0.0009765625
45.931845238100003 45.951785714300001 1.4428934785200001 1.44352279773 0.0009765625
45.951785714300001 45.9717261905 1.4428641783 1.44349347852 0.0009765625
45.9717261905 45.991666666699999 1.44283489707 1.4434641783 0.0009765625
45.991666666699999 46.011607142899997 1.4428056348 1.4434348970699999 0.0009765625
46.011607142899997 46.031547619000001 1.44277639147 1.4434056347999999 0.0009765625
46.031547619000001 46.0514880952 1.4427471670600001 1.44337639147 0.0009765625
46.0514880952 46.071428571399998 1.4427179615500001 1.44334716706 0.0009765625
46.071428571399998 46.091369047599997 1.4426887749199999 1.44331796155 0.0009765625
46.091369047599997 46.111309523800003 1.44265960715 1.4432887749200001 0.0009765625
46.111309523800003 46.131250000000001 1.44263045822 1.4432596071499999 0.0009765625
46.131250000000001 46.1511904762 1.4426013281200001 1.44323045822 0.0009765625
46.1511904762 46.171130952399999 1.4425722168099999 1.44320132812 0.0009765625
46.171130952399999 46.191071428599997 1.44254312429 1.4431722168100001 0.0009765625
46.191071428599997 46.211011904800003 1.44251405053 1.4431431242899999 0.0009765625
46.211011904800003 46.230952381000002 1.4424849955000001 1.44311405053 0.0009765625
46.230952381000002 46.250892857099998 1.4424559592099999 1.4430849955 0.0009765625
46.250892857099998 46.270833333299997 1.44242694161 1.4430559592100001 0.0009765625
46.270833333299997 46.290773809500003 1.44239794269 1.4430269416099999 0.0009765625
46.290773809500003 46.310714285700001 1.44236896244 1.4429979426899999 0.0009765625
46.310714285700001 46.3306547619 1.44234000083 1.4429689624399999 0.0009765625
46.3306547619 46.350595238099999 1.44231105785 1.44294000083 0.0009765625
46.350595238099999 46.370535714299997 1.44228213346 1.44291105785 0.0009765625
46.370535714299997 46.390476190500003 1.44225322767 1.4428821334599999 0.0009765625
46.390476190500003 46.410416666700002 1.4422243404299999 1.4428532276699999 0.0009765625
46.410416666700002 46.4303571429 1.4421954717400001 1.4428243404300001 0.0009765625
46.4303571429 46.450297618999997 1.44216662158 1.44279547174 0.0009765625
46.450297618999997 46.470238095200003 1.4421377899300001 1.4427666215799999 0.0009765625
46.470238095200003 46.490178571400001 1.4421089767599999 1.44273778993 0.0009765625
46.490178571400001 46.5101190476 1.44208018205 1.4427089767600001 0.0009765625
46.5101190476 46.530059523799999 1.4420514058 1.4426801820499999 0.0009765625
46.530059523799999 46.549999999999997 1.44202264798 1.4426514058 0.0009765625
46.549999999999997 46.569940476200003 1.44199390856 1.44262264798 0.0009765625
46.569940476200003 46.589880952400001 1.4419651875299999 1.4425939085599999 0.0009765625
46.589880952400001 46.6098214286 1.44193648488 1.4425651875300001 0.0009765625
46.6098214286 46.629761904799999 1.4419078005799999 1.44253648488 0.0009765625
46.629761904799999 46.649702380999997 1.4418791346099999 1.4425078005800001 0.0009765625
46.649702380999997 46.669642857100001 1.44185048695 1.4424791346100001 0.0009765625
46.669642857100001 46.6895833333 1.4418218575899999 1.4424504869500001 0.0009765625
46.6895833333 46.709523809499998 1.4417932465000001 1.4424218575900001 0.0009765625
46.709523809499998 46.729464285699997 1.44176465367 1.4423932465 0.0009765625
46.729464285699997 46.749404761900003 1.44173607907 1.4423646536700001 0.0009765625
46.749404761900003 46.769345238100001 1.44170752269 1.4423360790699999 0.0009765625
46.769345238100001 46.7892857143 1.44167898452 1.44230752269 0.0009765625
46.7892857143 46.809226190499999 1.4416504645199999 1.4422789845199999 0.0009765625
46.809226190499999 46.829166666699997 1.44162196268 1.4422504645200001 0.0009765625
46.829166666699997 46.849107142900003 1.44159347899 1.4422219626799999 0.0009765625
46.849107142900003 46.869047619 1.44156501341 1.4421934789899999 0.0009765625
46.869047619 46.888988095199998 1.4415365659399999 1.4421650134099999 0.0009765625
46.888988095199998 46.908928571399997 1.44150813656 1.4421365659500001 0.0009765625
46.908928571399997 46.928869047600003 1.44147972525 1.4421081365599999 0.0009765625
46.928869047600003 46.948809523800001 1.44145133198 1.4420797252499999 0.0009765625
46.948809523800001 46.96875 1.4414229567400001 1.4420513319799999 0.0009765625
46.96875 46.988690476199999 1.4413945995099999 1.44202295674 0.0009765625
46.988690476199999 47.008630952399997 1.4413662602799999 1.4419945995100001 0.0009765625
47.008630952399997 47.028571428600003 1.4413379390100001 1.4419662602800001 0.0009765625
47.028571428600003 47.048511904800002 1.4413096356999999 1.44193793901 0.0009765625
47.048511904800002 47.068452381 1.4412813503299999 1.4419096357000001 0.0009765625
47.068452381 47.088392857099997 1.4412530828700001 1.4418813503300001 0.0009765625
47.088392857099997 47.108333333300003 1.44122483332 1.44185308287 0.0009765625
47.108333333300003 47.128273809500001 1.44119660164 1.4418248333200001 0.0009765625
47.128273809500001 47.1482142857 1.4411683878199999 1.4417966016399999 0.0009765625
47.1482142857 47.168154761899999 1.44114019185 1.4417683878200001 0.0009765625
47.168154761899999 47.188095238099997 1.4411120137 1.4417401918499999 0.0009765625
47.188095238099997 47.208035714300003 1.4410838533600001 1.4417120136999999 0.0009765625
47.208035714300003 47.227976190500002 1.4410557108099999 1.44168385336 0.0009765625
47.227976190500002 47.2479166667 1.4410275860199999 1.4416557108100001 0.0009765625
47.2479166667 47.267857142899999 1.44099947899 1.4416275860200001 0.0009765625
47.267857142899999 47.287797619000003 1.44097138969 1.44159947899 0.0009765625
47.287797619000003 47.307738095200001 1.4409433181 1.44157138969 0.0009765625
47.307738095200001 47.3276785714 1.44091526421 1.4415433180999999 0.0009765625
47.3276785714 47.347619047599999 1.440887228 1.44151526421 0.0009765625
47.347619047599999 47.367559523799997 1.4408592094499999 1.441487228 0.0009765625
47.367559523799997 47.387500000000003 1.4408312085399999 1.4414592094500001 0.0009765625
47.387500000000003 47.407440476200001 1.44080322525 1.4414312085400001 0.0009765625
47.407440476200001 47.4273809524 1.4407752595700001 1.44140322525 0.0009765625
47.4273809524 47.447321428599999 1.44074731147 1.44137525957 0.0009765625
47.447321428599999 47.467261904799997 1.4407193809500001 1.4413473114699999 0.0009765625
47.467261904799997 47.487202381000003 1.44069146797 1.44131938095 0.0009765625
47.487202381000003 47.5071428571 1.4406635725300001 1.44129146797 0.0009765625
47.5071428571 47.527083333299998 1.4406356946000001 1.44126357253 0.0009765625
47.527083333299998 47.547023809499997 1.4406078341799999 1.4412356946 0.0009765625
47.547023809499997 47.566964285700003 1.4405799912199999 1.4412078341800001 0.0009765625
47.566964285700003 47.586904761900001 1.44055216574 1.4411799912200001 0.0009765625
47.586904761900001 47.6068452381 1.44052435769 1.4411521657399999 0.0009765625
47.6068452381 47.626785714299999 1.4404965670700001 1.4411243576899999 0.0009765625
47.626785714299999 47.646726190499997 1.44046879385 1.44109656707 0.0009765625
47.646726190499997 47.666666666700003 1.4404410380299999 1.44106879385 0.0009765625
47.666666666700003 47.686607142900002 1.4404132995800001 1.4410410380300001 0.0009765625
47.686607142900002 47.706547618999998 1.4403855784799999 1.44101329958 0.0009765625
47.706547618999998 47.726488095199997 1.4403578747200001 1.4409855784800001 0.0009765625
47.726488095199997 47.746428571400003 1.4403301882799999 1.44095787472 0.0009765625
47.746428571400003 47.766369047600001 1.4403025191400001 1.4409301882800001 0.0009765625
47.766369047600001 47.7863095238 1.4402748672800001 1.44090251914 0.0009765625
47.7863095238 47.806249999999999 1.44024723268 1.44087486728 0.0009765625
47.806249999999999 47.826190476199997 1.44021961534 1.4408472326799999 0.0009765625
47.826190476199997 47.846130952400003 1.4401920152200001 1.4408196153399999 0.0009765625
47.846130952400003 47.866071428600002 1.44016443232 1.44079201522 0.0009765625
47.866071428600002 47.8860119048 1.4401368666100001 1.44076443232 0.0009765625
47.8860119048 47.905952380999999 1.44010931809 1.44073686661 0.0009765625
47.905952380999999 47.925892857100003 1.44008178672 1.4407093180899999 0.0009765625
47.925892857100003 47.945833333300001 1.4400542724900001 1.4406817867199999 0.0009765625
47.945833333300001 47.9657738095 1.44002677539 1.44065427249 0.0009765625
47.9657738095 47.985714285699999 1.4399992954 1.4406267753899999 0.0009765625
47.985714285699999 48.005654761899997 1.4399718324999999 1.4405992954 0.0009765625
48.005654761899997 48.025595238100003 1.4399443866699999 1.4405718325000001 0.0009765625
48.025595238100003 48.045535714300001 1.43991695789 1.4405443866700001 0.0009765625
48.045535714300001 48.0654761905 1.4398895461600001 1.4405169578899999 0.0009765625
48.0654761905 48.085416666699999 1.4398621514400001 1.44048954616 0.0009765625
48.085416666699999 48.105357142899997 1.4398347737299999 1.44046215144 0.0009765625
48.105357142899997 48.125297619000001 1.43980741301 1.4404347737300001 0.0009765625
48.125297619000001 48.1452380952 1.43978006926 1.44040741301 0.0009765625
48.1452380952 48.165178571399998 1.4397527424500001 1.44038006926 0.0009765625
48.165178571399998 48.185119047599997 1.43972543259 1.44035274245 0.0009765625
48.185119047599997 48.205059523800003 1.4396981396399999 1.4403254325899999 0.0009765625
48.205059523800003 48.225000000000001 1.43967086359 1.4402981396400001 0.0009765625
48.225000000000001 48.2449404762 1.4396436044300001 1.4402708635899999 0.0009765625
48.2449404762 48.264880952399999 1.43961636213 1.44024360443 0.0009765625
48.264880952399999 48.284821428599997 1.43958913668 1.4402163621299999 0.0009765625
48.284821428599997 48.304761904800003 1.4395619280600001 1.4401891366799999 0.0009765625
48.304761904800003 48.324702381000002 1.4395347362599999 1.44016192806 0.0009765625
48.324702381000002 48.344642857099998 1.4395075612599999 1.4401347362600001 0.0009765625
48.344642857099998 48.364583333299997 1.4394804030399999 1.4401075612600001 0.0009765625
48.364583333299997 48.384523809500003 1.43945326158 1.4400804030400001 0.0009765625
48.384523809500003 48.404464285700001 1.4394261368800001 1.4400532615799999 0.0009765625
48.404464285700001 48.4244047619 1.4393990289 1.44002613688 0.0009765625
48.4244047619 48.444345238099999 1.43937193763 1.4399990289 0.0009765625
48.444345238099999 48.464285714299997 1.4393448630700001 1.43997193763 0.0009765625
48.464285714299997 48.484226190500003 1.43931780518 1.43994486307 0.0009765625
48.484226190500003 48.504166666700002 1.4392907639600001 1.4399178051799999 0.0009765625
48.504166666700002 48.5241071429 1.4392637393800001 1.43989076396 0.0009765625
48.5241071429 48.544047618999997 1.4392367314400001 1.43986373938 0.0009765625
48.544047618999997 48.563988095200003 1.4392097400999999 1.43983673144 0.0009765625
48.563988095200003 48.583928571400001 1.43918276537 1.4398097401000001 0.0009765625
48.583928571400001 48.6038690476 1.4391558072099999 1.4397827653699999 0.0009765625
48.6038690476 48.623809523799999 1.4391288656200001 1.4397558072100001 0.0009765625
48.623809523799999 48.643749999999997 1.4391019405700001 1.43972886562 0.0009765625
48.643749999999997 48.663690476200003 1.4390750320500001 1.43970194057 0.0009765625
48.663690476200003 48.683630952400001 1.4390481400499999 1.43967503205 0.0009765625
48.683630952400001 48.7035714286 1.43902126454 1.4396481400500001 0.0009765625
48.7035714286 48.723511904799999 1.4389944055199999 1.4396212645399999 0.0009765625
48.723511904799999 48.743452380999997 1.4389675629500001 1.4395944055200001 0.0009765625
48.743452380999997 48.763392857100001 1.43894073684 1.43956756295 0.0009765625
48.763392857100001 48.7833333333 1.43891392715 1.4395407368399999 0.0009765625
48.7833333333 48.803273809499998 1.43888713388 1.4395139271499999 0.0009765625
48.803273809499998 48.823214285699997 1.43886035701 1.4394871338799999 0.0009765625
48.823214285699997 48.843154761900003 1.4388335965200001 1.43946035701 0.0009765625
48.843154761900003 48.863095238100001 1.4388068523999999 1.43943359652 0.0009765625
48.863095238100001 48.8830357143 1.43878012462 1.4394068524000001 0.0009765625
48.8830357143 48.902976190499999 1.4387534131799999 1.43938012462 0.0009765625
48.902976190499999 48.922916666699997 1.4387267180500001 1.4393534131800001 0.0009765625
48.922916666699997 48.942857142900003 1.43870003922 1.43932671805 0.0009765625
48.942857142900003 48.962797619 1.4386733766799999 1.4393000392199999 0.0009765625
48.962797619 48.982738095199998 1.4386467303999999 1.4392733766800001 0.0009765625
48.982738095199998 49.002678571399997 1.4386201003700001 1.4392467304000001 0.0009765625
49.002678571399997 49.022619047600003 1.4385934865800001 1.43922010037 0.0009765625
49.022619047600003 49.042559523800001 1.4385668890100001 1.43919348658 0.0009765625
49.042559523800001 49.0625 1.4385403076400001 1.43916688901 0.0009765625
49.0625 49.082440476199999 1.4385137424600001 1.43914030764 0.0009765625
49.082440476199999 49.102380952399997 1.4384871934500001 1.43911374246 0.0009765625
49.102380952399997 49.122321428600003 1.4384606605900001 1.43908719345 0.0009765625
49.122321428600003 49.142261904800002 1.4384341438699999 1.43906066059 0.0009765625
49.142261904800002 49.162202381 1.4384076432799999 1.4390341438700001 0.0009765625
49.162202381 49.182142857099997 1.4383811587899999 1.4390076432800001 0.0009765625
49.182142857099997 49.202083333300003 1.43835469039 1.4389811587900001 0.0009765625
49.202083333300003 49.222023809500001 1.43832823806 1.4389546903899999 0.0009765625
49.222023809500001 49.2419642857 1.4383018018 1.4389282380599999 0.0009765625
49.2419642857 49.261904761899999 1.43827538157 1.4389018017999999 0.0009765625
49.261904761899999 49.281845238099997 1.43824897737 1.4388753815699999 0.0009765625
49.281845238099997 49.301785714300003 1.43822258919 1.4388489773699999 0.0009765625
49.301785714300003 49.321726190500002 1.43819621699 1.4388225891899999 0.0009765625
49.321726190500002 49.3416666667 1.43816986078 1.4387962169899999 0.0009765625
49.3416666667 49.361607142899999 1.4381435205299999 1.4387698607799999 0.0009765625
49.361607142899999 49.381547619000003 1.4381171962299999 1.4387435205300001 0.0009765625
49.381547619000003 49.401488095200001 1.4380908878600001 1.4387171962300001 0.0009765625
49.401488095200001 49.4214285714 1.4380645954 1.43869088786 0.0009765625
49.4214285714 49.441369047599999 1.4380383188500001 1.4386645953999999 0.0009765625
49.441369047599999 49.461309523799997 1.43801205818 1.43863831885 0.0009765625
49.461309523799997 49.481250000000003 1.4379858133800001 1.4386120581799999 0.0009765625
49.481250000000003 49.501190476200001 1.4379595844299999 1.43858581338 0.0009765625
49.501190476200001 49.5211309524 1.43793337132 1.4385595844300001 0.0009765625
49.5211309524 49.541071428599999 1.43790717403 1.4385333713199999 0.0009765625
49.541071428599999 49.561011904799997 1.43788099255 1.4385071740299999 0.0009765625
49.561011904799997 49.580952381000003 1.43785482685 1.4384809925499999 0.0009765625
49.580952381000003 49.6008928571 1.4378286769399999 1.4384548268499999 0.0009765625
49.6008928571 49.620833333299998 1.4378025427800001 1.4384286769400001 0.0009765625
49.620833333299998 49.640773809499997 1.43777642437 1.43840254278 0.0009765625
49.640773809499997 49.660714285700003 1.4377503216800001 1.4383764243699999 0.0009765625
49.660714285700003 49.680654761900001 1.4377242347100001 1.43835032168 0.0009765625
49.680654761900001 49.7005952381 1.4376981634399999 1.43832423471 0.0009765625
49.7005952381 49.720535714299999 1.4376721078500001 1.4382981634400001 0.0009765625
49.720535714299999 49.740476190499997 1.43764606792 1.43827210785 0.0009765625
49.740476190499997 49.760416666700003 1.43762004365 1.43824606792 0.0009765625
49.760416666700003 49.780357142900002 1.43759403502 1.4382200436499999 0.0009765625
49.780357142900002 49.800297618999998 1.4375680420000001 1.43819403502 0.0009765625
49.800297618999998 49.820238095199997 1.4375420645899999 1.438168042 0.0009765625
49.820238095199997 49.840178571400003 1.4375161027700001 1.43814206459 0.0009765625
49.840178571400003 49.860119047600001 1.43749015652 1.43811610277 0.0009765625
49.860119047600001 49.8800595238 1.4374642258400001 1.4380901565199999 0.0009765625
49.8800595238 49.899999999999999 1.4374383106999999 1.43806422584 0.0009765625
49.899999999999999 49.919940476199997 1.43741241109 1.4380383107000001 0.0009765625
49.919940476199997 49.939880952400003 1.4373865269899999 1.4380124110900001 0.0009765625
49.939880952400003 49.959821428600002 1.43736065839 1.4379865269900001 0.0009765625
49.959821428600002 49.9797619048 1.4373348052699999 1.43796065839 0.0009765625
49.9797619048 49.999702380999999 1.4373089676299999 1.4379348052700001 0.0009765625
49.999702380999999 50.019642857100003 1.4372831454399999 1.4379089676300001 0.0009765625
50.019642857100003 50.039583333300001 1.4372573386800001 1.4378831454400001 0.0009765625
50.039583333300001 50.0595238095 1.4372315473499999 1.43785733868 0.0009765625
50.0595238095 50.079464285699999 1.4372057714299999 1.4378315473500001 0.0009765625
50.079464285699999 50.099404761899997 1.4371800108999999 1.4378057714300001 0.0009765625
50.099404761899997 50.119345238100003 1.43715426574 1.4377800109000001 0.0009765625
50.119345238100003 50.139285714300001 1.4371285359599999 1.43775426574 0.0009765625
50.139285714300001 50.1592261905 1.4371028215199999 1.4377285359600001 0.0009765625
50.1592261905 50.179166666699999 1.4370771224100001 1.4377028215200001 0.0009765625
50.179166666699999 50.199107142899997 1.43705143862 1.43767712241 0.0009765625
50.199107142899997 50.219047619000001 1.43702577014 1.4376514386200001 0.0009765625
50.219047619000001 50.2389880952 1.43700011694 1.4376257701399999 0.0009765625
50.2389880952 50.258928571399998 1.4369744790200001 1.4376001169399999 0.0009765625
50.258928571399998 50.278869047599997 1.4369488563499999 1.43757447902 0.0009765625
50.278869047599997 50.298809523800003 1.4369232489299999 1.4375488563500001 0.0009765625
50.298809523800003 50.318750000000001 1.43689765674 1.4375232489300001 0.0009765625
50.318750000000001 50.3386904762 1.4368720797700001 1.43749765674 0.0009765625
50.3386904762 50.358630952399999 1.4368465179900001 1.43747207977 0.0009765625
50.358630952399999 50.378571428599997 1.4368209714 1.43744651799 0.0009765625
50.378571428599997 50.398511904800003 1.43679543998 1.4374209713999999 0.0009765625
50.398511904800003 50.418452381000002 1.43676992371 1.43739543998 0.0009765625
50.418452381000002 50.438392857099998 1.4367444225899999 1.4373699237099999 0.0009765625
50.438392857099998 50.458333333299997 1.4367189365899999 1.4373444225900001 0.0009765625
50.458333333299997 50.478273809500003 1.4366934657099999 1.4373189365900001 0.0009765625
50.478273809500003 50.498214285700001 1.43666800992 1.4372934657100001 0.0009765625
50.498214285700001 50.5181547619 1.43664256921 1.4372680099199999 0.0009765625
50.5181547619 50.538095238099999 1.4366171435699999 1.4372425692099999 0.0009765625
50.538095238099999 50.558035714299997 1.43659173298 1.4372171435700001 0.0009765625
50.558035714299997 50.577976190500003 1.43656633743 1.4371917329799999 0.0009765625
50.577976190500003 50.597916666700002 1.4365409569100001 1.4371663374300001 0.0009765625
50.597916666700002 50.6178571429 1.4365155914000001 1.43714095691 0.0009765625
50.6178571429 50.637797618999997 1.43649024088 1.4371155914 0.0009765625
50.637797618999997 50.657738095200003 1.43646490534 1.4370902408799999 0.0009765625
50.657738095200003 50.677678571400001 1.43643958477 1.43706490534 0.0009765625
50.677678571400001 50.6976190476 1.4364142791500001 1.4370395847699999 0.0009765625
50.6976190476 50.717559523799999 1.4363889884600001 1.43701427915 0.0009765625
50.717559523799999 50.737499999999997 1.4363637127 1.43698898846 0.0009765625
50.737499999999997 50.757440476200003 1.43633845185 1.4369637126999999 0.0009765625
50.757440476200003 50.777380952400001 1.4363132058999999 1.4369384518499999 0.0009765625
50.777380952400001 50.7973214286 1.4362879748199999 1.4369132059 0.0009765625
50.7973214286 50.817261904799999 1.4362627586100001 1.4368879748200001 0.0009765625
50.817261904799999 50.837202380999997 1.4362375572499999 1.43686275861 0.0009765625
50.837202380999997 50.857142857100001 1.4362123707200001 1.4368375572500001 0.0009765625
50.857142857100001 50.8770833333 1.4361871990199999 1.43681237072 0.0009765625
50.8770833333 50.897023809499998 1.4361620421300001 1.4367871990200001 0.0009765625
50.897023809499998 50.916964285699997 1.4361369000299999 1.43676204213 0.0009765625
50.916964285699997 50.936904761900003 1.4361117727199999 1.4367369000300001 0.0009765625
50.936904761900003 50.956845238100001 1.43608666016 1.4367117727200001 0.0009765625
50.956845238100001 50.9767857143 1.4360615623699999 1.4366866601599999 0.0009765625
50.9767857143 50.996726190499999 1.4360364793 1.4366615623700001 0.0009765625
50.996726190499999 51.016666666699997 1.43601141097 1.4366364792999999 0.0009765625
51.016666666699997 51.036607142900003 1.43598635734 1.4366114109699999 0.0009765625
51.036607142900003 51.056547619 1.4359613184 1.43658635734 0.0009765625
51.056547619 51.076488095199998 1.43593629415 1.4365613183999999 0.0009765625
51.076488095199998 51.096428571399997 1.4359112845699999 1.4365362941499999 0.0009765625
51.096428571399997 51.116369047600003 1.43588628963 1.4365112845700001 0.0009765625
51.116369047600003 51.136309523800001 1.4358613093399999 1.4364862896299999 0.0009765625
51.136309523800001 51.15625 1.4358363436699999 1.43646130934 0.0009765625
51.15625 51.176190476199999 1.43581139262 1.4364363436700001 0.0009765625
51.176190476199999 51.196130952399997 1.43578645616 1.4364113926199999 0.0009765625
51.196130952399997 51.216071428600003 1.4357615342800001 1.4363864561599999 0.0009765625
51.216071428600003 51.236011904800002 1.43573662698 1.43636153428 0.0009765625
51.236011904800002 51.255952381 1.4357117342300001 1.43633662698 0.0009765625
51.255952381 51.275892857099997 1.43568685602 1.43631173423 0.0009765625
51.275892857099997 51.295833333300003 1.43566199234 1.4362868560199999 0.0009765625
51.295833333300003 51.315773809500001 1.4356371431699999 1.43626199234 0.0009765625
51.315773809500001 51.3357142857 1.4356123085100001 1.4362371431700001 0.0009765625
51.3357142857 51.355654761899999 1.4355874883299999 1.43621230851 0.0009765625
51.355654761899999 51.375595238099997 1.4355626826200001 1.4361874883300001 0.0009765625
51.375595238099997 51.395535714300003 1.4355378913700001 1.43616268262 0.0009765625
51.395535714300003 51.415476190500002 1.43551311457 1.43613789137 0.0009765625
51.415476190500002 51.4354166667 1.4354883521899999 1.4361131145699999 0.0009765625
51.4354166667 51.455357142899999 1.43546360424 1.4360883521900001 0.0009765625
51.455357142899999 51.475297619000003 1.4354388706900001 1.4360636042399999 0.0009765625
51.475297619000003 51.495238095200001 1.4354141515300001 1.43603887069 0.0009765625
51.495238095200001 51.5151785714 1.4353894467399999 1.43601415153 0.0009765625
51.5151785714 51.535119047599999 1.43536475632 1.4359894467400001 0.0009765625
51.535119047599999 51.555059523799997 1.43534008025 1.43596475632 0.0009765625
51.555059523799997 51.575000000000003 1.4353154185200001 1.43594008025 0.0009765625
51.575000000000003 51.594940476200001 1.4352907711 1.43591541852 0.0009765625
51.594940476200001 51.6148809524 1.435266138 1.4358907711 0.0009765625
51.6148809524 51.634821428599999 1.4352415191900001 1.435866138 0.0009765625
51.634821428599999 51.654761904799997 1.43521691466 1.43584151919 0.0009765625
51.654761904799997 51.674702381000003 1.4351923244 1.4358169146599999 0.0009765625
51.674702381000003 51.6946428571 1.4351677483900001 1.4357923243999999 0.0009765625
51.6946428571 51.714583333299998 1.43514318663 1.43576774839 0.0009765625
51.714583333299998 51.734523809499997 1.4351186390899999 1.4357431866299999 0.0009765625
51.734523809499997 51.754464285700003 1.43509410577 1.4357186390900001 0.0009765625
51.754464285700003 51.774404761900001 1.4350695866400001 1.4356941057699999 0.0009765625
51.774404761900001 51.7943452381 1.43504508171 1.43566958664 0.0009765625
51.7943452381 51.814285714299999 1.43502059095 1.4356450817099999 0.0009765625
51.814285714299999 51.834226190499997 1.4349961143500001 1.4356205909499999 0.0009765625
51.834226190499997 51.854166666700003 1.43497165189 1.43559611435 0.0009765625
51.854166666700003 51.874107142900002 1.4349472035699999 1.4355716518899999 0.0009765625
51.874107142900002 51.894047618999998 1.43492276937 1.4355472035700001 0.0009765625
51.894047618999998 51.913988095199997 1.43489834928 1.4355227693699999 0.0009765625
51.913988095199997 51.933928571400003 1.43487394328 1.43549834928 0.0009765625
51.933928571400003 51.953869047600001 1.4348495513599999 1.4354739432800001 0.0009765625
51.953869047600001 51.9738095238 1.4348251735099999 1.4354495513600001 0.0009765625
51.9738095238 51.993749999999999 1.43480080972 1.4354251735100001 0.0009765625
51.993749999999999 52.013690476199997 1.4347764599599999 1.4354008097199999 0.0009765625
52.013690476199997 52.033630952400003 1.4347521242400001 1.4353764599600001 0.0009765625
52.033630952400003 52.053571428600002 1.4347278025200001 1.43535212424 0.0009765625
52.053571428600002 52.0735119048 1.4347034948099999 1.43532780252 0.0009765625
52.0735119048 52.093452380999999 1.43467920109 1.4353034948100001 0.0009765625
52.093452380999999 52.113392857100003 1.4346549213399999 1.43527920109 0.0009765625
52.113392857100003 52.133333333300001 1.4346306555599999 1.4352549213400001 0.0009765625
52.133333333300001 52.1532738095 1.4346064037199999 1.4352306555600001 0.0009765625
52.1532738095 52.173214285699999 1.43458216582 1.4352064037200001 0.0009765625
52.173214285699999 52.193154761899997 1.4345579418400001 1.4351821658199999 0.0009765625
52.193154761899997 52.213095238100003 1.43453373178 1.43515794184 0.0009765625
52.213095238100003 52.233035714300001 1.4345095355999999 1.4351337317799999 0.0009765625
52.233035714300001 52.2529761905 1.4344853533199999 1.4351095356000001 0.0009765625
52.2529761905 52.272916666699999 1.4344611849 1.4350853533200001 0.0009765625
52.272916666699999 52.292857142899997 1.43443703034 1.4350611848999999 0.0009765625
52.292857142899997 52.312797619000001 1.4344128896299999 1.43503703034 0.0009765625
52.312797619000001 52.3327380952 1.43438876275 1.4350128896300001 0.0009765625
52.3327380952 52.352678571399998 1.43436464968 1.43498876275 0.0009765625
52.352678571399998 52.372619047599997 1.43434055043 1.4349646496799999 0.0009765625
52.372619047599997 52.392559523800003 1.43431646496 1.4349405504299999 0.0009765625
52.392559523800003 52.412500000000001 1.43429239328 1.4349164649599999 0.0009765625
52.412500000000001 52.4324404762 1.4342683353600001 1.43489239328 0.0009765625
52.4324404762 52.452380952399999 1.4342442912 1.43486833536 0.0009765625
52.452380952399999 52.472321428599997 1.4342202607800001 1.4348442911999999 0.0009765625
52.472321428599997 52.492261904800003 1.43419624409 1.43482026078 0.0009765625
52.492261904800003 52.512202381000002 1.43417224112 1.43479624409 0.0009765625
52.512202381000002 52.532142857099998 1.4341482518499999 1.4347722411199999 0.0009765625
52.532142857099998 52.552083333299997 1.4341242762699999 1.4347482518500001 0.0009765625
52.552083333299997 52.572023809500003 1.43410031436 1.4347242762700001 0.0009765625
52.572023809500003 52.591964285700001 1.43407636613 1.4347003143599999 0.0009765625
52.591964285700001 52.6119047619 1.4340524315400001 1.4346763661299999 0.0009765625
52.6119047619 52.631845238099999 1.4340285105999999 1.43465243154 0.0009765625
52.631845238099999 52.651785714299997 1.43400460328 1.4346285106000001 0.0009765625
52.651785714299997 52.671726190500003 1.4339807095799999 1.4346046032799999 0.0009765625
52.671726190500003 52.691666666700002 1.43395682948 1.4345807095800001 0.0009765625
52.691666666700002 52.7116071429 1.4339329629699999 1.43455682948 0.0009765625
52.7116071429 52.731547618999997 1.4339091100300001 1.4345329629700001 0.0009765625
52.731547618999997 52.751488095200003 1.43388527066 1.43450911003 0.0009765625
52.751488095200003 52.771428571400001 1.43386144484 1.43448527066 0.0009765625
52.771428571400001 52.7913690476 1.43383763256 1.4344614448399999 0.0009765625
52.7913690476 52.811309523799999 1.4338138338099999 1.4344376325599999 0.0009765625
52.811309523799999 52.831249999999997 1.4337900485699999 1.4344138338100001 0.0009765625
52.831249999999997 52.851190476200003 1.4337662768299999 1.4343900485700001 0.0009765625
52.851190476200003 52.871130952400001 1.4337425185799999 1.4343662768300001 0.0009765625
52.871130952400001 52.8910714286 1.4337187738099999 1.4343425185800001 0.0009765625
52.8910714286 52.911011904799999 1.4336950424999999 1.4343187738100001 0.0009765625
52.911011904799999 52.930952380999997 1.4336713246399999 1.4342950425000001 0.0009765625
52.930952380999997 52.950892857100001 1.4336476202199999 1.4342713246400001 0.0009765625
52.950892857100001 52.9708333333 1.4336239292299999 1.4342476202200001 0.0009765625
52.9708333333 52.990773809499998 1.4336002516499999 1.4342239292300001 0.0009765625
52.990773809499998 53.010714285699997 1.4335765874699999 1.4342002516500001 0.0009765625
53.010714285699997 53.030654761900003 1.4335529366899999 1.4341765874700001 0.0009765625
53.030654761900003 53.050595238100001 1.4335292992799999 1.4341529366900001 0.0009765625
53.050595238100001 53.0705357143 1.4335056752299999 1.4341292992800001 0.0009765625
53.0705357143 53.090476190499999 1.4334820645399999 1.4341056752300001 0.0009765625
53.090476190499999 53.110416666699997 1.4334584671899999 1.4340820645400001 0.0009765625
53.110416666699997 53.130357142900003 1.4334348831599999 1.4340584671900001 0.0009765625
53.130357142900003 53.150297619 1.4334113124500001 1.4340348831600001 0.0009765625
53.150297619 53.170238095199998 1.43338775505 1.43401131245 0.0009765625
53.170238095199998 53.190178571399997 1.43336421094 1.43398775505 0.0009765625
53.190178571399997 53.210119047600003 1.4333406800999999 1.4339642109399999 0.0009765625
53.210119047600003 53.230059523800001 1.4333171625300001 1.4339406801000001 0.0009765625
53.230059523800001 53.25 1.43329365822 1.43391716253 0.0009765625
53.25 53.269940476199999 1.4332701671500001 1.4338936582199999 0.0009765625
53.269940476199999 53.289880952399997 1.43324668931 1.43387016715 0.0009765625
53.289880952399997 53.309821428600003 1.4332232246800001 1.4338466893099999 0.0009765625
53.309821428600003 53.329761904800002 1.4331997732699999 1.43382322468 0.0009765625
53.329761904800002 53.349702381 1.43317633505 1.4337997732700001 0.0009765625
53.349702381 53.369642857099997 1.43315291 1.4337763350499999 0.0009765625
53.369642857099997 53.389583333300003 1.43312949813 1.4337529099999999 0.0009765625
53.389583333300003 53.409523809500001 1.43310609942 1.4337294981299999 0.0009765625
53.409523809500001 53.4294642857 1.43308271385 1.4337060994199999 0.0009765625
53.4294642857 53.449404761899999 1.4330593414199999 1.4336827138499999 0.0009765625
53.449404761899999 53.469345238099997 1.4330359821 1.4336593414200001 0.0009765625
53.469345238099997 53.489285714300003 1.4330126358999999 1.4336359821 0.0009765625
53.489285714300003 53.509226190500002 1.43298930279 1.4336126359000001 0.0009765625
53.509226190500002 53.5291666667 1.4329659827700001 1.43358930279 0.0009765625
53.5291666667 53.549107142899999 1.4329426758199999 1.43356598277 0.0009765625
53.549107142899999 53.569047619000003 1.4329193819399999 1.4335426758200001 0.0009765625
53.569047619000003 53.588988095200001 1.4328961011000001 1.4335193819400001 0.0009765625
53.588988095200001 53.6089285714 1.4328728333 1.4334961011 0.0009765625
53.6089285714 53.628869047599999 1.4328495785299999 1.4334728333 0.0009765625
53.628869047599999 53.648809523799997 1.43282633677 1.4334495785300001 0.0009765625
53.648809523799997 53.668750000000003 1.4328031080200001 1.43342633677 0.0009765625
53.668750000000003 53.688690476200001 1.4327798922499999 1.43340310802 0.0009765625
53.688690476200001 53.7086309524 1.4327566894599999 1.4333798922500001 0.0009765625
53.7086309524 53.728571428599999 1.4327334996400001 1.4333566894600001 0.0009765625
53.728571428599999 53.748511904799997 1.43271032278 1.43333349964 0.0009765625
53.748511904799997 53.768452381000003 1.4326871588600001 1.4333103227799999 0.0009765625
53.768452381000003 53.7883928571 1.4326640078599999 1.43328715886 0.0009765625
53.7883928571 53.808333333299998 1.4326408697899999 1.4332640078600001 0.0009765625
53.808333333299998 53.828273809499997 1.4326177446299999 1.4332408697900001 0.0009765625
53.828273809499997 53.848214285700003 1.4325946323600001 1.4332177446300001 0.0009765625
53.848214285700003 53.868154761900001 1.43257153298 1.43319463236 0.0009765625
53.868154761900001 53.8880952381 1.43254844647 1.4331715329800001 0.0009765625
53.8880952381 53.908035714299999 1.43252537282 1.4331484464699999 0.0009765625
53.908035714299999 53.927976190499997 1.43250231201 1.43312537282 0.0009765625
53.927976190499997 53.947916666700003 1.4324792640499999 1.4331023120099999 0.0009765625
53.947916666700003 53.967857142900002 1.43245622891 1.4330792640500001 0.0009765625
53.967857142900002 53.987797618999998 1.4324332065900001 1.43305622891 0.0009765625
53.987797618999998 54.007738095199997 1.4324101970700001 1.43303320659 0.0009765625
54.007738095199997 54.027678571400003 1.43238720034 1.43301019707 0.0009765625
54.027678571400003 54.047619047600001 1.4323642163899999 1.4329872003399999 0.0009765625
54.047619047600001 54.0675595238 1.4323412452099999 1.43296421639 0.0009765625
54.0675595238 54.087499999999999 1.43231828679 1.4329412452100001 0.0009765625
54.087499999999999 54.107440476199997 1.4322953410999999 1.4329182867900001 0.0009765625
54.107440476199997 54.127380952400003 1.43227240816 1.4328953411000001 0.0009765625
54.127380952400003 54.147321428600002 1.4322494879300001 1.4328724081599999 0.0009765625
54.147321428600002 54.1672619048 1.4322265804200001 1.43284948793 0.0009765625
54.1672619048 54.187202380999999 1.4322036856 1.43282658042 0.0009765625
54.187202380999999 54.207142857100003 1.4321808034700001 1.4328036855999999 0.0009765625
54.207142857100003 54.227083333300001 1.4321579340199999 1.43278080347 0.0009765625
54.227083333300001 54.2470238095 1.4321350772300001 1.4327579340200001 0.0009765625
54.2470238095 54.266964285699999 1.4321122331 1.43273507723 0.0009765625
54.266964285699999 54.286904761899997 1.4320894016000001 1.4327122331 0.0009765625
54.286904761899997 54.306845238100003 1.4320665827400001 1.4326894016 0.0009765625
54.306845238100003 54.326785714300001 1.4320437765 1.43266658274 0.0009765625
54.326785714300001 54.3467261905 1.4320209828599999 1.4326437765 0.0009765625
54.3467261905 54.366666666699999 1.4319982018199999 1.4326209828600001 0.0009765625
54.366666666699999 54.386607142899997 1.4319754333700001 1.4325982018200001 0.0009765625
54.386607142899997 54.406547619000001 1.43195267748 1.43257543337 0.0009765625
54.406547619000001 54.4264880952 1.43192993416 1.4325526774799999 0.0009765625
54.4264880952 54.446428571399998 1.43190720339 1.43252993416 0.0009765625
54.446428571399998 54.466369047599997 1.4318844851700001 1.4325072033899999 0.0009765625
54.466369047599997 54.486309523800003 1.4318617794599999 1.43248448517 0.0009765625
54.486309523800003 54.506250000000001 1.4318390862799999 1.4324617794600001 0.0009765625
54.506250000000001 54.5261904762 1.4318164056 1.4324390862800001 0.0009765625
54.5261904762 54.546130952399999 1.43179373742 1.4324164055999999 0.0009765625
54.546130952399999 54.566071428599997 1.43177108172 1.43239373742 0.0009765625
54.566071428599997 54.586011904800003 1.4317484384900001 1.4323710817199999 0.0009765625
54.586011904800003 54.605952381000002 1.4317258077299999 1.43234843849 0.0009765625
54.605952381000002 54.625892857099998 1.4317031894100001 1.4323258077300001 0.0009765625
54.625892857099998 54.645833333299997 1.4316805835299999 1.43230318941 0.0009765625
54.645833333299997 54.665773809500003 1.4316579900799999 1.4322805835300001 0.0009765625
54.665773809500003 54.685714285700001 1.4316354090500001 1.4322579900800001 0.0009765625
54.685714285700001 54.7056547619 1.4316128404199999 1.43223540905 0.0009765625
54.7056547619 54.725595238099999 1.4315902841899999 1.4322128404200001 0.0009765625
54.725595238099999 54.745535714299997 1.43156774034 1.4321902841900001 0.0009765625
54.745535714299997 54.765476190500003 1.43154520886 1.4321677403399999 0.0009765625
54.765476190500003 54.785416666700002 1.43152268974 1.43214520886 0.0009765625
54.785416666700002 54.8053571429 1.43150018297 1.4321226897399999 0.0009765625
54.8053571429 54.825297618999997 1.43147768855 1.43210018297 0.0009765625
54.825297618999997 54.845238095200003 1.4314552064499999 1.4320776885499999 0.0009765625
54.845238095200003 54.865178571400001 1.4314327366599999 1.4320552064400001 0.0009765625
54.865178571400001 54.8851190476 1.4314102791800001 1.4320327366600001 0.0009765625
54.8851190476 54.905059523799999 1.4313878339999999 1.43201027918 0.0009765625
54.905059523799999 54.924999999999997 1.4313654011000001 1.4319878340000001 0.0009765625
54.924999999999997 54.944940476200003 1.43134298048 1.4319654011 0.0009765625
54.944940476200003 54.964880952400001 1.43132057212 1.4319429804799999 0.0009765625
54.964880952400001 54.9848214286 1.4312981760000001 1.4319205721199999 0.0009765625
54.9848214286 55.004761904799999 1.4312757921299999 1.431898176 0.0009765625
55.004761904799999 55.024702380999997 1.43125342049 1.43187579213 0.0009765625
55.024702380999997 55.044642857100001 1.4312310610700001 1.43185342049 0.0009765625
55.044642857100001 55.0645833333 1.43120871385 1.43183106107 0.0009765625
55.0645833333 55.084523809499998 1.4311863788300001 1.43180871385 0.0009765625
55.084523809499998 55.104464285699997 1.4311640560000001 1.43178637883 0.0009765625
55.104464285699997 55.124404761900003 1.4311417453399999 1.431764056 0.0009765625
55.124404761900003 55.144345238100001 1.4311194468499999 1.4317417453400001 0.0009765625
55.144345238100001 55.1642857143 1.43109716051 1.4317194468500001 0.0009765625
55.1642857143 55.184226190499999 1.43107488631 1.43169716051 0.0009765625
55.184226190499999 55.204166666699997 1.4310526242499999 1.43167488631 0.0009765625
55.204166666699997 55.224107142900003 1.4310303743099999 1.4316526242500001 0.0009765625
55.224107142900003 55.244047619 1.43100813647 1.4316303743100001 0.0009765625
55.244047619 55.263988095199998 1.43098591074 1.43160813647 0.0009765625
55.263988095199998 55.283928571399997 1.4309636970999999 1.43158591074 0.0009765625
55.283928571399997 55.303869047600003 1.4309414955299999 1.4315636971000001 0.0009765625
55.303869047600003 55.323809523800001 1.4309193060300001 1.4315414955300001 0.0009765625
55.323809523800001 55.34375 1.4308971285900001 1.43151930603 0.0009765625
55.34375 55.363690476199999 1.4308749632 1.43149712859 0.0009765625
55.363690476199999 55.383630952399997 1.43085280984 1.4314749631999999 0.0009765625
55.383630952399997 55.403571428600003 1.4308306685100001 1.4314528098399999 0.0009765625
55.403571428600003 55.423511904800002 1.4308085391900001 1.43143066851 0.0009765625
55.423511904800002 55.443452381 1.4307864218699999 1.43140853919 0.0009765625
55.443452381 55.463392857099997 1.4307643165499999 1.4313864218700001 0.0009765625
55.463392857099997 55.483333333300003 1.43074222321 1.4313643165500001 0.0009765625
55.483333333300003 55.503273809500001 1.43072014184 1.4313422232099999 0.0009765625
55.503273809500001 55.5232142857 1.43069807244 1.4313201418399999 0.0009765625
55.5232142857 55.543154761899999 1.43067601498 1.43129807244 0.0009765625
55.543154761899999 55.563095238099997 1.43065396947 1.4312760149799999 0.0009765625
55.563095238099997 55.583035714300003 1.4306319358799999 1.4312539694699999 0.0009765625
55.583035714300003 55.602976190500002 1.4306099142199999 1.4312319358800001 0.0009765625
55.602976190500002 55.6229166667 1.4305879044600001 1.4312099142200001 0.0009765625
55.6229166667 55.642857142899999 1.4305659066 1.43118790446 0.0009765625
55.642857142899999 55.662797619000003 1.4305439206299999 1.4311659066 0.0009765625
55.662797619000003 55.682738095200001 1.4305219465400001 1.4311439206400001 0.0009765625
55.682738095200001 55.7026785714 1.4304999843199999 1.43112194654 0.0009765625
55.7026785714 55.722619047599999 1.4304780339500001 1.4310999843200001 0.0009765625
55.722619047599999 55.742559523799997 1.4304560954300001 1.43107803395 0.0009765625
55.742559523799997 55.762500000000003 1.43043416874 1.43105609543 0.0009765625
55.762500000000003 55.782440476200001 1.4304122538799999 1.4310341687399999 0.0009765625
55.782440476200001 55.8023809524 1.43039035083 1.4310122538800001 0.0009765625
55.8023809524 55.822321428599999 1.4303684595899999 1.4309903508299999 0.0009765625
55.822321428599999 55.842261904799997 1.4303465801399999 1.4309684595900001 0.0009765625
55.842261904799997 55.862202381000003 1.43032471248 1.4309465801400001 0.0009765625
55.862202381000003 55.8821428571 1.43030285659 1.43092471248 0.0009765625
55.8821428571 55.902083333299998 1.4302810124600001 1.4309028565899999 0.0009765625
55.902083333299998 55.922023809499997 1.43025918009 1.43088101246 0.0009765625
55.922023809499997 55.941964285700003 1.43023735946 1.4308591800899999 0.0009765625
55.941964285700003 55.961904761900001 1.43021555056 1.4308373594599999 0.0009765625
55.961904761900001 55.9818452381 1.43019375339 1.43081555056 0.0009765625
55.9818452381 56.001785714299999 1.43017196792 1.4307937533899999 0.0009765625
56.001785714299999 56.021726190499997 1.4301501941600001 1.4307719679199999 0.0009765625
56.021726190499997 56.041666666700003 1.4301284320900001 1.43075019416 0.0009765625
56.041666666700003 56.061607142900002 1.4301066817000001 1.43072843209 0.0009765625
56.061607142900002 56.081547618999998 1.43008494298 1.4307066817 0.0009765625
56.081547618999998 56.101488095199997 1.43006321592 1.4306849429799999 0.0009765625
56.101488095199997 56.121428571400003 1.43004150052 1.4306632159199999 0.0009765625
56.121428571400003 56.141369047600001 1.4300197967499999 1.4306415005199999 0.0009765625
56.141369047600001 56.1613095238 1.4299981046200001 1.4306197967500001 0.0009765625
56.1613095238 56.181249999999999 1.4299764240999999 1.43059810462 0.0009765625
56.181249999999999 56.201190476199997 1.42995475519 1.4305764241000001 0.0009765625
56.201190476199997 56.221130952400003 1.42993309789 1.43055475519 0.0009765625
56.221130952400003 56.241071428600002 1.42991145217 1.4305330978899999 0.0009765625
56.241071428600002 56.2610119048 1.4298898180399999 1.43051145217 0.0009765625
56.2610119048 56.280952380999999 1.4298681954700001 1.4304898180400001 0.0009765625
56.280952380999999 56.300892857100003 1.4298465844599999 1.43046819547 0.0009765625
56.300892857100003 56.320833333300001 1.429824985 1.4304465844600001 0.0009765625
56.320833333300001 56.3407738095 1.4298033970899999 1.4304249849999999 0.0009765625
56.3407738095 56.360714285699999 1.4297818206999999 1.4304033970900001 0.0009765625
56.360714285699999 56.380654761899997 1.42976025583 1.4303818207000001 0.0009765625
56.380654761899997 56.400595238100003 1.4297387024699999 1.4303602558299999 0.0009765625
56.400595238100003 56.420535714300001 1.4297171606100001 1.4303387024700001 0.0009765625
56.420535714300001 56.4404761905 1.4296956302399999 1.43031716061 0.0009765625
56.4404761905 56.460416666699999 1.42967411135 1.4302956302400001 0.0009765625
56.460416666699999 56.480357142899997 1.4296526039299999 1.4302741113499999 0.0009765625
56.480357142899997 56.500297619000001 1.4296311079699999 1.4302526039300001 0.0009765625
56.500297619000001 56.5202380952 1.42960962345 1.4302311079700001 0.0009765625
56.5202380952 56.540178571399998 1.4295881503800001 1.4302096234499999 0.0009765625
56.540178571399998 56.560119047599997 1.42956668874 1.43018815038 0.0009765625
56.560119047599997 56.580059523800003 1.42954523852 1.43016668874 0.0009765625
56.580059523800003 56.600000000000001 1.4295237997100001 1.43014523852 0.0009765625
56.600000000000001 56.6199404762 1.42950237229 1.43012379971 0.0009765625
56.6199404762 56.639880952399999 1.4294809562699999 1.4301023722899999 0.0009765625
56.639880952399999 56.659821428599997 1.4294595516299999 1.4300809562700001 0.0009765625
56.659821428599997 56.679761904800003 1.42943815836 1.4300595516300001 0.0009765625
56.679761904800003 56.699702381000002 1.4294167764500001 1.4300381583599999 0.0009765625
56.699702381000002 56.719642857099998 1.42939540589 1.43001677645 0.0009765625
56.719642857099998 56.739583333299997 1.42937404667 1.42999540589 0.0009765625
56.739583333299997 56.759523809500003 1.42935269879 1.4299740466699999 0.0009765625
56.759523809500003 56.779464285700001 1.4293313622199999 1.42995269879 0.0009765625
56.779464285700001 56.7994047619 1.42931003697 1.4299313622200001 0.0009765625
56.7994047619 56.819345238099999 1.42928872302 1.42991003697 0.0009765625
56.819345238099999 56.839285714299997 1.42926742036 1.4298887230199999 0.0009765625
56.839285714299997 56.859226190500003 1.42924612899 1.4298674203599999 0.0009765625
56.859226190500003 56.879166666700002 1.4292248488799999 1.42984612899 0.0009765625
56.879166666700002 56.8991071429 1.42920358004 1.4298248488800001 0.0009765625
56.8991071429 56.919047618999997 1.42918232246 1.42980358004 0.0009765625
56.919047618999997 56.938988095200003 1.42916107611 1.4297823224599999 0.0009765625
56.938988095200003 56.958928571400001 1.42913984101 1.4297610761099999 0.0009765625
56.958928571400001 56.9788690476 1.4291186171200001 1.42973984101 0.0009765625
56.9788690476 56.998809523799999 1.42909740445 1.42971861712 0.0009765625
56.998809523799999 57.018749999999997 1.4290762029899999 1.4296974044499999 0.0009765625
57.018749999999997 57.038690476200003 1.4290550127199999 1.4296762029900001 0.0009765625
57.038690476200003 57.058630952400001 1.4290338336399999 1.4296550127200001 0.0009765625
57.058630952400001 57.0785714286 1.42901266574 1.4296338336400001 0.0009765625
57.0785714286 57.098511904799999 1.428991509 1.4296126657399999 0.0009765625
57.098511904799999 57.118452380999997 1.4289703634199999 1.429591509 0.0009765625
57.118452380999997 57.138392857100001 1.4289492289800001 1.4295703634200001 0.0009765625
57.138392857100001 57.1583333333 1.4289281056900001 1.42954922898 0.0009765625
57.1583333333 57.178273809499998 1.4289069935200001 1.42952810569 0.0009765625
57.178273809499998 57.198214285699997 1.4288858924700001 1.42950699352 0.0009765625
57.198214285699997 57.218154761900003 1.4288648025299999 1.42948589247 0.0009765625
57.218154761900003 57.238095238100001 1.42884372369 1.4294648025300001 0.0009765625
57.238095238100001 57.2580357143 1.4288226559399999 1.4294437236899999 0.0009765625
57.2580357143 57.277976190499999 1.4288015992700001 1.4294226559400001 0.0009765625
57.277976190499999 57.297916666699997 1.42878055368 1.42940159927 0.0009765625
57.297916666699997 57.317857142900003 1.42875951914 1.4293805536799999 0.0009765625
57.317857142900003 57.337797619 1.42873849566 1.4293595191399999 0.0009765625
57.337797619 57.357738095199998 1.42871748322 1.4293384956599999 0.0009765625
57.357738095199998 57.377678571399997 1.4286964818200001 1.42931748322 0.0009765625
57.377678571399997 57.397619047600003 1.4286754914399999 1.42929648182 0.0009765625
57.397619047600003 57.417559523800001 1.42865451207 1.4292754914400001 0.0009765625
57.417559523800001 57.4375 1.42863354371 1.42925451207 0.0009765625
57.4375 57.457440476199999 1.4286125863500001 1.4292335437100001 0.0009765625
57.457440476199999 57.477380952399997 1.42859163997 1.42921258635 0.0009765625
57.477380952399997 57.497321428600003 1.42857070457 1.42919163997 0.0009765625
57.497321428600003 57.517261904800002 1.42854978014 1.42917070457 0.0009765625
57.517261904800002 57.537202381 1.42852886666 1.4291497801399999 0.0009765625
57.537202381 57.557142857099997 1.42850796414 1.4291288666599999 0.0009765625
57.557142857099997 57.577083333300003 1.4284870725500001 1.42910796414 0.0009765625
57.577083333300003 57.597023809500001 1.4284661918999999 1.42908707255 0.0009765625
57.597023809500001 57.6169642857 1.42844532217 1.4290661919000001 0.0009765625
57.6169642857 57.636904761899999 1.4284244633400001 1.4290453221699999 0.0009765625
57.636904761899999 57.656845238099997 1.4284036154299999 1.42902446334 0.0009765625
57.656845238099997 57.676785714300003 1.4283827784000001 1.4290036154300001 0.0009765625
57.676785714300003 57.696726190500002 1.42836195226 1.4289827784 0.0009765625
57.696726190500002 57.7166666667 1.4283411370000001 1.4289619522599999 0.0009765625
57.7166666667 57.736607142899999 1.4283203326 1.428941137 0.0009765625
57.736607142899999 57.756547619000003 1.42829953905 1.4289203326 0.0009765625
57.756547619000003 57.776488095200001 1.4282787563599999 1.4288995390499999 0.0009765625
57.776488095200001 57.7964285714 1.4282579845000001 1.4288787563600001 0.0009765625
57.7964285714 57.816369047599999 1.42823722347 1.4288579845 0.0009765625
57.816369047599999 57.836309523799997 1.42821647326 1.42883722347 0.0009765625
57.836309523799997 57.856250000000003 1.42819573387 1.4288164732599999 0.0009765625
57.856250000000003 57.876190476200001 1.42817500527 1.4287957338699999 0.0009765625
57.876190476200001 57.8961309524 1.42815428747 1.4287750052699999 0.0009765625
57.8961309524 57.916071428599999 1.4281335804399999 1.4287542874700001 0.0009765625
57.916071428599999 57.936011904799997 1.4281128841999999 1.4287335804400001 0.0009765625
57.936011904799997 57.955952381000003 1.4280921987099999 1.4287128842000001 0.0009765625
57.955952381000003 57.9758928571 1.4280715239899999 1.4286921987100001 0.0009765625
57.9758928571 57.995833333299998 1.4280508600099999 1.4286715239900001 0.0009765625
57.995833333299998 58.015773809499997 1.4280302067699999 1.4286508600100001 0.0009765625
58.015773809499997 58.035714285700003 1.4280095642499999 1.4286302067700001 0.0009765625
58.035714285700003 58.055654761900001 1.4279889324599999 1.4286095642500001 0.0009765625
58.055654761900001 58.0755952381 1.4279683113799999 1.4285889324600001 0.0009765625
58.0755952381 58.095535714299999 1.4279477009899999 1.4285683113800001 0.0009765625
58.095535714299999 58.115476190499997 1.4279271012999999 1.4285477009900001 0.0009765625
58.115476190499997 58.135416666700003 1.4279065123000001 1.4285271013 0.0009765625
58.135416666700003 58.155357142900002 1.4278859339700001 1.4285065123 0.0009765625
58.155357142900002 58.175297618999998 1.4278653663 1.42848593397 0.0009765625
58.175297618999998 58.195238095199997 1.42784480929 1.4284653663 0.0009765625
58.195238095199997 58.215178571400003 1.42782426293 1.42844480929 0.0009765625
58.215178571400003 58.235119047600001 1.4278037271999999 1.4284242629299999 0.0009765625
58.235119047600001 58.2550595238 1.4277832021100001 1.4284037272000001 0.0009765625
58.2550595238 58.274999999999999 1.42776268763 1.42838320211 0.0009765625
58.274999999999999 58.294940476199997 1.42774218377 1.42836268763 0.0009765625
58.294940476199997 58.314880952400003 1.4277216905100001 1.4283421837700001 0.0009765625
58.314880952400003 58.334821428600002 1.42770120784 1.42832169051 0.0009765625
58.334821428600002 58.3547619048 1.4276807357600001 1.4283012078399999 0.0009765625
58.3547619048 58.374702380999999 1.42766027426 1.42828073576 0.0009765625
58.374702380999999 58.394642857100003 1.4276398233200001 1.4282602742599999 0.0009765625
58.394642857100003 58.414583333300001 1.4276193829399999 1.42823982332 0.0009765625
58.414583333300001 58.4345238095 1.42759895311 1.4282193829400001 0.0009765625
58.4345238095 58.454464285699999 1.42757853382 1.4281989531099999 0.0009765625
58.454464285699999 58.474404761899997 1.42755812506 1.4281785338199999 0.0009765625
58.474404761899997 58.494345238100003 1.42753772683 1.4281581250599999 0.0009765625
58.494345238100003 58.514285714300001 1.4275173391 1.42813772683 0.0009765625
58.514285714300001 58.5342261905 1.42749696189 1.4281173390999999 0.0009765625
58.5342261905 58.554166666699999 1.4274765951699999 1.4280969618899999 0.0009765625
58.554166666699999 58.574107142899997 1.4274562389400001 1.4280765951700001 0.0009765625
58.574107142899997 58.594047619000001 1.42743589318 1.42805623894 0.0009765625
58.594047619000001 58.6139880952 1.4274155579000001 1.4280358931799999 0.0009765625
58.6139880952 58.633928571399998 1.4273952330799999 1.4280155579 0.0009765625
58.633928571399998 58.653869047599997 1.42737491871 1.4279952330800001 0.0009765625
58.653869047599997 58.673809523800003 1.42735461478 1.4279749187099999 0.0009765625
58.673809523800003 58.693750000000001 1.42733432129 1.42795461478 0.0009765625
58.693750000000001 58.7136904762 1.42731403823 1.42793432129 0.0009765625
58.7136904762 58.733630952399999 1.42729376558 1.42791403823 0.0009765625
58.733630952399999 58.753571428599997 1.4272735033499999 1.4278937655799999 0.0009765625
58.753571428599997 58.773511904800003 1.42725325151 1.4278735033500001 0.0009765625
58.773511904800003 58.793452381000002 1.4272330100699999 1.42785325151 0.0009765625
58.793452381000002 58.813392857099998 1.427212779 1.4278330100700001 0.0009765625
58.813392857099998 58.833333333299997 1.42719255832 1.4278127789999999 0.0009765625
58.833333333299997 58.853273809500003 1.42717234799 1.42779255832 0.0009765625
58.853273809500003 58.873214285700001 1.42715214803 1.42777234799 0.0009765625
58.873214285700001 58.8931547619 1.42713195841 1.4277521480299999 0.0009765625
58.8931547619 58.913095238099999 1.4271117791400001 1.4277319584099999 0.0009765625
58.913095238099999 58.933035714299997 1.42709161019 1.42771177914 0.0009765625
58.933035714299997 58.952976190500003 1.42707145157 1.4276916101899999 0.0009765625
58.952976190500003 58.972916666700002 1.4270513032600001 1.42767145157 0.0009765625
58.972916666700002 58.9928571429 1.4270311652600001 1.42765130326 0.0009765625
58.9928571429 59.012797618999997 1.42701103755 1.42763116526 0.0009765625
59.012797618999997 59.032738095200003 1.42699092013 1.42761103755 0.0009765625
59.032738095200003 59.052678571400001 1.4269708129900001 1.4275909201300001 0.0009765625
59.052678571400001 59.0726190476 1.4269507161299999 1.42757081299 0.0009765625
59.0726190476 59.092559523799999 1.4269306295199999 1.4275507161300001 0.0009765625
59.092559523799999 59.112499999999997 1.4269105531699999 1.4275306295200001 0.0009765625
59.112499999999997 59.132440476200003 1.4268904870700001 1.4275105531700001 0.0009765625
59.132440476200003 59.152380952400001 1.4268704312 1.42749048707 0.0009765625
59.152380952400001 59.1723214286 1.4268503855600001 1.4274704311999999 0.0009765625
59.1723214286 59.192261904799999 1.4268303501499999 1.42745038556 0.0009765625
59.192261904799999 59.212202380999997 1.4268103249399999 1.4274303501500001 0.0009765625
59.212202380999997 59.232142857100001 1.4267903099399999 1.4274103249400001 0.0009765625
59.232142857100001 59.2520833333 1.42677030513 1.42739030994 0.0009765625
59.2520833333 59.272023809499998 1.4267503105099999 1.42737030513 0.0009765625
59.272023809499998 59.291964285699997 1.4267303260599999 1.4273503105100001 0.0009765625
59.291964285699997 59.311904761900003 1.4267103517899999 1.4273303260600001 0.0009765625
59.311904761900003 59.331845238100001 1.4266903876799999 1.4273103517900001 0.0009765625
59.331845238100001 59.3517857143 1.42667043372 1.42729038768 0.0009765625
59.3517857143 59.371726190499999 1.4266504899000001 1.42727043372 0.0009765625
59.371726190499999 59.391666666699997 1.4266305562199999 1.4272504899 0.0009765625
59.391666666699997 59.411607142900003 1.4266106326700001 1.4272305562200001 0.0009765625
59.411607142900003 59.431547619 1.42659071924 1.42721063267 0.0009765625
59.431547619 59.451488095199998 1.4265708159099999 1.42719071924 0.0009765625
59.451488095199998 59.471428571399997 1.4265509226899999 1.4271708159100001 0.0009765625
59.471428571399997 59.491369047600003 1.4265310395699999 1.4271509226900001 0.0009765625
59.491369047600003 59.511309523800001 1.4265111665300001 1.4271310395700001 0.0009765625
59.511309523800001 59.53125 1.42649130357 1.42711116653 0.0009765625
59.53125 59.551190476199999 1.42647145068 1.4270913035699999 0.0009765625
59.551190476199999 59.571130952399997 1.42645160785 1.42707145068 0.0009765625
59.571130952399997 59.591071428600003 1.42643177507 1.42705160785 0.0009765625
59.591071428600003 59.611011904800002 1.4264119523400001 1.4270317750699999 0.0009765625
59.611011904800002 59.630952381 1.4263921396399999 1.42701195234 0.0009765625
59.630952381 59.650892857099997 1.4263723369700001 1.42699213964 0.0009765625
59.650892857099997 59.670833333300003 1.42635254432 1.42697233697 0.0009765625
59.670833333300003 59.690773809500001 1.4263327616799999 1.42695254432 0.0009765625
59.690773809500001 59.7107142857 1.4263129890499999 1.4269327616800001 0.0009765625
59.7107142857 59.730654761899999 1.4262932264099999 1.4269129890500001 0.0009765625
59.730654761899999 59.750595238099997 1.42627347375 1.42689322641 0.0009765625
59.750595238099997 59.770535714300003 1.4262537310800001 1.42687347375 0.0009765625
59.770535714300003 59.790476190500002 1.4262339983700001 1.42685373108 0.0009765625
59.790476190500002 59.8104166667 1.42621427563 1.42683399837 0.0009765625
59.8104166667 59.830357142899999 1.4261945628399999 1.42681427563 0.0009765625
59.830357142899999 59.850297619000003 1.4261748599999999 1.4267945628400001 0.0009765625
59.850297619000003 59.870238095200001 1.4261551670999999 1.4267748600000001 0.0009765625
59.870238095200001 59.8901785714 1.42613548413 1.4267551671000001 0.0009765625
59.8901785714 59.910119047599999 1.4261158110700001 1.42673548413 0.0009765625
59.910119047599999 59.930059523799997 1.4260961479300001 1.42671581107 0.0009765625
59.930059523799997 59.950000000000003 1.4260764947 1.42669614793 0.0009765625
59.950000000000003 59.969940476200001 1.42605685136 1.4266764946999999 0.0009765625
59.969940476200001 59.9898809524 1.42603721791 1.42665685136 0.0009765625
59.9898809524 60.009821428599999 1.42601759435 1.42663721791 0.0009765625
60.009821428599999 60.029761904799997 1.4259979806500001 1.4266175943499999 0.0009765625
60.029761904799997 60.049702381000003 1.4259783768300001 1.42659798065 0.0009765625
60.049702381000003 60.0696428571 1.42595878285 1.42657837683 0.0009765625
60.0696428571 60.089583333299998 1.4259391987300001 1.4265587828499999 0.0009765625
60.089583333299998 60.109523809499997 1.4259196244500001 1.42653919873 0.0009765625
60.109523809499997 60.129464285700003 1.42590006 1.42651962445 0.0009765625
60.129464285700003 60.149404761900001 1.4258805053700001 1.42650006 0.0009765625
60.149404761900001 60.1693452381 1.4258609605599999 1.42648050537 0.0009765625
60.1693452381 60.189285714299999 1.42584142556 1.42646096056 0.0009765625
60.189285714299999 60.209226190499997 1.4258219003599999 1.42644142556 0.0009765625
60.209226190499997 60.229166666700003 1.4258023849599999 1.4264219003600001 0.0009765625
60.229166666700003 60.249107142900002 1.42578287933 1.42640238496 0.0009765625
60.249107142900002 60.269047618999998 1.4257633834900001 1.42638287933 0.0009765625
60.269047618999998 60.288988095199997 1.4257438974100001 1.42636338349 0.0009765625
60.288988095199997 60.308928571400003 1.4257244211 1.42634389741 0.0009765625
60.308928571400003 60.328869047600001 1.42570495453 1.4263244210999999 0.0009765625
60.328869047600001 60.3488095238 1.42568549771 1.4263049545299999 0.0009765625
60.3488095238 60.368749999999999 1.4256660506300001 1.4262854977099999 0.0009765625
60.368749999999999 60.388690476199997 1.4256466132800001 1.42626605063 0.0009765625
60.388690476199997 60.408630952400003 1.42562718565 1.42624661328 0.0009765625
60.408630952400003 60.428571428600002 1.4256077677300001 1.42622718565 0.0009765625
60.428571428600002 60.4485119048 1.4255883595200001 1.42620776773 0.0009765625
60.4485119048 60.468452380999999 1.42556896101 1.42618835952 0.0009765625
60.468452380999999 60.488392857100003 1.42554957218 1.4261689610099999 0.0009765625
60.488392857100003 60.508333333300001 1.4255301930399999 1.4261495721799999 0.0009765625
60.508333333300001 60.5282738095 1.42551082357 1.4261301930400001 0.0009765625
60.5282738095 60.548214285699999 1.42549146377 1.42611082357 0.0009765625
60.548214285699999 60.568154761899997 1.4254721136199999 1.42609146377 0.0009765625
60.568154761899997 60.588095238100003 1.42545277313 1.4260721136200001 0.0009765625
60.588095238100003 60.608035714300001 1.4254334422799999 1.4260527731299999 0.0009765625
60.608035714300001 60.6279761905 1.42541412106 1.4260334422800001 0.0009765625
60.6279761905 60.647916666699999 1.42539480947 1.4260141210599999 0.0009765625
60.647916666699999 60.667857142899997 1.4253755075000001 1.4259948094699999 0.0009765625
60.667857142899997 60.687797619000001 1.4253562151400001 1.4259755075 0.0009765625
60.687797619000001 60.7077380952 1.42533693238 1.42595621514 0.0009765625
60.7077380952 60.727678571399998 1.4253176592300001 1.42593693238 0.0009765625
60.727678571399998 60.747619047599997 1.42529839565 1.42591765923 0.0009765625
60.747619047599997 60.767559523800003 1.4252791416599999 1.42589839565 0.0009765625
60.767559523800003 60.787500000000001 1.4252598972499999 1.4258791416600001 0.0009765625
60.787500000000001 60.8074404762 1.42524066239 1.4258598972500001 0.0009765625
60.8074404762 60.827380952399999 1.4252214371 1.42584066239 0.0009765625
60.827380952399999 60.847321428599997 1.42520222135 1.4258214371 0.0009765625
60.847321428599997 60.867261904800003 1.42518301515 1.4258022213499999 0.0009765625
60.867261904800003 60.887202381000002 1.42516381848 1.4257830151499999 0.0009765625
60.887202381000002 60.907142857099998 1.42514463133 1.4257638184799999 0.0009765625
60.907142857099998 60.927083333299997 1.42512545371 1.42574463133 0.0009765625
60.927083333299997 60.947023809500003 1.4251062855900001 1.4257254537099999 0.0009765625
60.947023809500003 60.966964285700001 1.4250871269800001 1.42570628559 0.0009765625
60.966964285700001 60.9869047619 1.4250679778699999 1.42568712698 0.0009765625
60.9869047619 61.006845238099999 1.4250488382399999 1.4256679778700001 0.0009765625
61.006845238099999 61.026785714299997 1.4250297080900001 1.4256488382400001 0.0009765625
61.026785714299997 61.046726190500003 1.4250105874200001 1.42562970809 0.0009765625
61.046726190500003 61.066666666700002 1.42499147621 1.42561058742 0.0009765625
61.066666666700002 61.0866071429 1.42497237446 1.4255914762099999 0.0009765625
61.0866071429 61.106547618999997 1.4249532821599999 1.42557237446 0.0009765625
61.106547618999997 61.126488095200003 1.42493419931 1.4255532821600001 0.0009765625
61.126488095200003 61.146428571400001 1.4249151258799999 1.4255341993099999 0.0009765625
61.146428571400001 61.1663690476 1.42489606189 1.4255151258800001 0.0009765625
61.1663690476 61.186309523799999 1.4248770073100001 1.4254960618900001 0.0009765625
61.186309523799999 61.206249999999997 1.4248579621499999 1.42547700731 0.0009765625
61.206249999999997 61.226190476200003 1.4248389263900001 1.4254579621500001 0.0009765625
61.226190476200003 61.246130952400001 1.4248199000299999 1.42543892639 0.0009765625
61.246130952400001 61.2660714286 1.4248008830600001 1.4254199000300001 0.0009765625
61.2660714286 61.286011904799999 1.4247818754699999 1.42540088306 0.0009765625
61.286011904799999 61.305952380999997 1.4247628772600001 1.4253818754700001 0.0009765625
61.305952380999997 61.325892857100001 1.4247438884100001 1.42536287726 0.0009765625
61.325892857100001 61.3458333333 1.42472490892 1.42534388841 0.0009765625
61.3458333333 61.365773809499998 1.4247059387800001 1.42532490892 0.0009765625
61.365773809499998 61.385714285699997 1.42468697799 1.42530593878 0.0009765625
61.385714285699997 61.405654761900003 1.42466802654 1.4252869779899999 0.0009765625
61.405654761900003 61.425595238100001 1.4246490844099999 1.42526802654 0.0009765625
61.425595238100001 61.4455357143 1.42463015161 1.4252490844100001 0.0009765625
61.4455357143 61.465476190499999 1.4246112281200001 1.4252301516100001 0.0009765625
61.465476190499999 61.485416666699997 1.4245923139400001 1.42521122812 0.0009765625
61.485416666699997 61.505357142900003 1.42457340906 1.42519231394 0.0009765625
61.505357142900003 61.525297619 1.42455451347 1.4251734090599999 0.0009765625
61.525297619 61.545238095199998 1.42453562717 1.4251545134700001 0.0009765625
61.545238095199998 61.565178571399997 1.42451675015 1.42513562717 0.0009765625
61.565178571399997 61.585119047600003 1.4244978823900001 1.4251167501499999 0.0009765625
61.585119047600003 61.605059523800001 1.4244790239 1.42509788239 0.0009765625
61.605059523800001 61.625 1.4244601746600001 1.4250790239 0.0009765625
61.625 61.644940476199999 1.42444133467 1.42506017466 0.0009765625
61.644940476199999 61.664880952399997 1.42442250393 1.4250413346699999 0.0009765625
61.664880952399997 61.684821428600003 1.4244036824099999 1.42502250393 0.0009765625
61.684821428600003 61.704761904800002 1.4243848701199999 1.4250036824100001 0.0009765625
61.704761904800002 61.724702381 1.42436606705 1.4249848701200001 0.0009765625
61.724702381 61.744642857099997 1.4243472732 1.42496606705 0.0009765625
61.744642857099997 61.764583333300003 1.42432848854 1.4249472731999999 0.0009765625
61.764583333300003 61.784523809500001 1.42430971308 1.42492848854 0.0009765625
61.784523809500001 61.8044642857 1.42429094682 1.4249097130799999 0.0009765625
61.8044642857 61.824404761899999 1.4242721897299999 1.4248909468199999 0.0009765625
61.824404761899999 61.844345238099997 1.4242534418199999 1.4248721897300001 0.0009765625
61.844345238099997 61.864285714300003 1.42423470308 1.4248534418200001 0.0009765625
61.864285714300003 61.884226190500002 1.42421597349 1.4248347030799999 0.0009765625
61.884226190500002 61.9041666667 1.42419725306 1.4248159734900001 0.0009765625
61.9041666667 61.924107142899999 1.4241785417799999 1.4247972530599999 0.0009765625
61.924107142899999 61.944047619000003 1.4241598396299999 1.4247785417800001 0.0009765625
61.944047619000003 61.963988095200001 1.42414114662 1.4247598396300001 0.0009765625
61.963988095200001 61.9839285714 1.42412246273 1.42474114662 0.0009765625
61.9839285714 62.003869047599999 1.42410378795 1.4247224627299999 0.0009765625
62.003869047599999 62.023809523799997 1.4240851222899999 1.42470378795 0.0009765625
62.023809523799997 62.043750000000003 1.42406646573 1.4246851222900001 0.0009765625
62.043750000000003 62.063690476200001 1.42404781826 1.4246664657300001 0.0009765625
62.063690476200001 62.0836309524 1.42402917988 1.42464781826 0.0009765625
62.0836309524 62.103571428599999 1.42401055059 1.4246291798799999 0.0009765625
62.103571428599999 62.123511904799997 1.4239919303599999 1.42461055059 0.0009765625
62.123511904799997 62.143452381000003 1.4239733191999999 1.4245919303600001 0.0009765625
62.143452381000003 62.1633928571 1.42395471711 1.4245733192000001 0.0009765625
62.1633928571 62.183333333299998 1.4239361240599999 1.4245547171099999 0.0009765625
62.183333333299998 62.203273809499997 1.4239175400599999 1.4245361240600001 0.0009765625
62.203273809499997 62.223214285700003 1.4238989651 1.4245175400600001 0.0009765625
62.223214285700003 62.243154761900001 1.42388039916 1.4244989651 0.0009765625
62.243154761900001 62.2630952381 1.42386184225 1.4244803991599999 0.0009765625
62.2630952381 62.283035714299999 1.4238432943599999 1.4244618422499999 0.0009765625
62.283035714299999 62.302976190499997 1.4238247554800001 1.4244432943600001 0.0009765625
62.302976190499997 62.322916666700003 1.4238062255999999 1.42442475548 0.0009765625
62.322916666700003 62.342857142900002 1.42378770471 1.4244062256000001 0.0009765625
62.342857142900002 62.362797618999998 1.42376919281 1.42438770471 0.0009765625
62.362797618999998 62.382738095199997 1.4237506899000001 1.42436919281 0.0009765625
62.382738095199997 62.402678571400003 1.42373219595 1.4243506899 0.0009765625
62.402678571400003 62.422619047600001 1.42371371098 1.4243321959499999 0.0009765625
62.422619047600001 62.4425595238 1.4236952349600001 1.4243137109799999 0.0009765625
62.4425595238 62.462499999999999 1.4236767679 1.42429523496 0.0009765625
62.462499999999999 62.482440476199997 1.42365830978 1.4242767678999999 0.0009765625
62.482440476199997 62.502380952400003 1.4236398606 1.4242583097799999 0.0009765625
62.502380952400003 62.522321428600002 1.4236214203599999 1.4242398606 0.0009765625
62.522321428600002 62.5422619048 1.4236029890299999 1.4242214203600001 0.0009765625
62.5422619048 62.562202380999999 1.42358456663 1.4242029890300001 0.0009765625
62.562202380999999 62.582142857100003 1.4235661531299999 1.4241845666299999 0.0009765625
62.582142857100003 62.602083333300001 1.4235477485400001 1.4241661531300001 0.0009765625
62.602083333300001 62.6220238095 1.4235293528499999 1.42414774854 0.0009765625
62.6220238095 62.641964285699999 1.42351096605 1.4241293528500001 0.0009765625
62.641964285699999 62.661904761899997 1.42349258812 1.42411096605 0.0009765625
62.661904761899997 62.681845238100003 1.42347421908 1.4240925881199999 0.0009765625
62.681845238100003 62.701785714300001 1.4234558588999999 1.42407421908 0.0009765625
62.701785714300001 62.7217261905 1.4234375075900001 1.4240558589000001 0.0009765625
62.7217261905 62.741666666699999 1.4234191651300001 1.42403750759 0.0009765625
62.741666666699999 62.761607142899997 1.42340083151 1.42401916513 0.0009765625
62.761607142899997 62.781547619000001 1.4233825067400001 1.4240008315099999 0.0009765625
62.781547619000001 62.8014880952 1.4233641908100001 1.42398250674 0.0009765625
62.8014880952 62.821428571399998 1.4233458836999999 1.42396419081 0.0009765625
62.821428571399998 62.841369047599997 1.42332758541 1.4239458837000001 0.0009765625
62.841369047599997 62.861309523800003 1.42330929593 1.42392758541 0.0009765625
62.861309523800003 62.881250000000001 1.42329101526 1.4239092959299999 0.0009765625
62.881250000000001 62.9011904762 1.4232727433900001 1.4238910152599999 0.0009765625
62.9011904762 62.921130952399999 1.42325448032 1.42387274339 0.0009765625
62.921130952399999 62.941071428599997 1.42323622603 1.4238544803199999 0.0009765625
62.941071428599997 62.961011904800003 1.42321798052 1.4238362260299999 0.0009765625
62.961011904800003 62.980952381000002 1.4231997437799999 1.42381798052 0.0009765625
62.980952381000002 63.000892857099998 1.4231815158000001 1.4237997437800001 0.0009765625
63.000892857099998 63.020833333299997 1.4231632965900001 1.4237815158 0.0009765625
63.020833333299997 63.040773809500003 1.4231450861199999 1.42376329659 0.0009765625
63.040773809500003 63.060714285700001 1.42312688441 1.4237450861200001 0.0009765625
63.060714285700001 63.0806547619 1.42310869142 1.4237268844099999 0.0009765625
63.0806547619 63.100595238099999 1.42309050718 1.4237086914199999 0.0009765625
63.100595238099999 63.120535714299997 1.42307233165 1.4236905071799999 0.0009765625
63.120535714299997 63.140476190500003 1.4230541648399999 1.42367233165 0.0009765625
63.140476190500003 63.160416666700002 1.4230360067500001 1.4236541648400001 0.0009765625
63.160416666700002 63.1803571429 1.4230178573600001 1.42363600675 0.0009765625
63.1803571429 63.200297618999997 1.4229997166599999 1.42361785736 0.0009765625
63.200297618999997 63.220238095200003 1.42298158466 1.4235997166600001 0.0009765625
63.220238095200003 63.240178571400001 1.42296346134 1.42358158466 0.0009765625
63.240178571400001 63.2601190476 1.4229453466999999 1.4235634613399999 0.0009765625
63.2601190476 63.280059523799999 1.42292724072 1.4235453467000001 0.0009765625
63.280059523799999 63.299999999999997 1.4229091434200001 1.4235272407199999 0.0009765625
63.299999999999997 63.319940476200003 1.42289105476 1.42350914342 0.0009765625
63.319940476200003 63.339880952400001 1.42287297476 1.4234910547599999 0.0009765625
63.339880952400001 63.3598214286 1.42285490341 1.4234729747599999 0.0009765625
63.3598214286 63.379761904799999 1.42283684068 1.4234549034099999 0.0009765625
63.379761904799999 63.399702380999997 1.4228187865899999 1.42343684068 0.0009765625
63.399702380999997 63.419642857100001 1.4228007411300001 1.4234187865900001 0.0009765625
63.419642857100001 63.4395833333 1.4227827042800001 1.42340074113 0.0009765625
63.4395833333 63.459523809499998 1.4227646760399999 1.42338270428 0.0009765625
63.459523809499998 63.479464285699997 1.4227466564 1.4233646760400001 0.0009765625
63.479464285699997 63.499404761900003 1.4227286453600001 1.4233466563999999 0.0009765625
63.499404761900003 63.519345238100001 1.42271064291 1.42332864536 0.0009765625
63.519345238100001 63.5392857143 1.42269264904 1.42331064291 0.0009765625
63.5392857143 63.559226190499999 1.4226746637500001 1.42329264904 0.0009765625
63.559226190499999 63.579166666699997 1.4226566870299999 1.42327466375 0.0009765625
63.579166666699997 63.599107142900003 1.42263871888 1.4232566870300001 0.0009765625
63.599107142900003 63.619047619 1.42262075928 1.42323871888 0.0009765625
63.619047619 63.638988095199998 1.42260280823 1.4232207592799999 0.0009765625
63.638988095199998 63.658928571399997 1.42258486572 1.4232028082299999 0.0009765625
63.658928571399997 63.678869047600003 1.42256693176 1.4231848657199999 0.0009765625
63.678869047600003 63.698809523800001 1.4225490063199999 1.42316693176 0.0009765625
63.698809523800001 63.71875 1.4225310894100001 1.4231490063200001 0.0009765625
63.71875 63.738690476199999 1.42251318101 1.42313108941 0.0009765625
63.738690476199999 63.758630952399997 1.42249528113 1.42311318101 0.0009765625
63.758630952399997 63.778571428600003 1.42247738975 1.4230952811299999 0.0009765625
63.778571428600003 63.798511904800002 1.4224595068599999 1.42307738975 0.0009765625
63.798511904800002 63.818452381 1.42244163247 1.42305950686 0.0009765625
63.818452381 63.838392857099997 1.4224237665599999 1.4230416324699999 0.0009765625
63.838392857099997 63.858333333300003 1.4224059091400001 1.4230237665600001 0.0009765625
63.858333333300003 63.878273809500001 1.4223880601800001 1.42300590914 0.0009765625
63.878273809500001 63.8982142857 1.4223702196900001 1.42298806018 0.0009765625
63.8982142857 63.918154761899999 1.4223523876499999 1.42297021969 0.0009765625
63.918154761899999 63.938095238099997 1.42233456407 1.4229523876500001 0.0009765625
63.938095238099997 63.958035714300003 1.4223167489399999 1.42293456407 0.0009765625
63.958035714300003 63.977976190500002 1.4222989422400001 1.4229167489400001 0.0009765625
63.977976190500002 63.9979166667 1.4222811439800001 1.42289894224 0.0009765625
63.9979166667 64.017857142899999 1.42226335414 1.42288114398 0.0009765625
64.017857142899999 64.037797619000003 1.4222455727200001 1.42286335414 0.0009765625
64.037797619000003 64.057738095199994 1.4222277997199999 1.42284557272 0.0009765625
64.057738095199994 64.0776785714 1.42221003512 1.4228277997200001 0.0009765625
64.0776785714 64.097619047600006 1.4221922789200001 1.4228100351199999 0.0009765625
64.097619047600006 64.117559523799997 1.42217453112 1.42279227892 0.0009765625
64.117559523799997 64.137500000000003 1.4221567917 1.42277453112 0.0009765625
64.137500000000003 64.157440476199994 1.42213906066 1.4227567916999999 0.0009765625
64.157440476199994 64.1773809524 1.422121338 1.4227390606600001 0.0009765625
64.1773809524 64.197321428600006 1.42210362371 1.4227213379999999 0.0009765625
64.197321428600006 64.217261904799997 1.42208591778 1.4227036237099999 0.0009765625
64.217261904799997 64.237202381000003 1.4220682202099999 1.42268591778 0.0009765625
64.237202381000003 64.257142857100007 1.42205053098 1.4226682202100001 0.0009765625
64.257142857100007 64.277083333299998 1.4220328500999999 1.4226505309799999 0.0009765625
64.277083333299998 64.297023809500004 1.4220151775500001 1.4226328501000001 0.0009765625
64.297023809500004 64.316964285699996 1.42199751333 1.42261517755 0.0009765625
64.316964285699996 64.336904761900001 1.42197985744 1.42259751333 0.0009765625
64.336904761900001 64.356845238099993 1.42196220986 1.4225798574399999 0.0009765625
64.356845238099993 64.376785714299999 1.42194457059 1.4225622098599999 0.0009765625
64.376785714299999 64.396726190500004 1.4219269396300001 1.4225445705899999 0.0009765625
64.396726190500004 64.416666666699996 1.4219093169699999 1.42252693963 0.0009765625
64.416666666699996 64.436607142900002 1.42189170259 1.42250931697 0.0009765625
64.436607142900002 64.456547619000006 1.4218740965100001 1.4224917025999999 0.0009765625
64.456547619000006 64.476488095199997 1.4218564987 1.42247409651 0.0009765625
64.476488095199997 64.496428571400003 1.4218389091700001 1.4224564986999999 0.0009765625
64.496428571400003 64.516369047599994 1.4218213279 1.42243890917 0.0009765625
64.516369047599994 64.5363095238 1.42180375489 1.4224213279 0.0009765625
64.5363095238 64.556250000000006 1.42178619014 1.4224037548899999 0.0009765625
64.556250000000006 64.576190476199997 1.4217686336299999 1.4223861901399999 0.0009765625
64.576190476199997 64.596130952400003 1.4217510853699999 1.4223686336300001 0.0009765625
64.596130952400003 64.616071428599994 1.42173354534 1.4223510853700001 0.0009765625
64.616071428599994 64.6360119048 1.42171601354 1.4223335453399999 0.0009765625
64.6360119048 64.655952381000006 1.42169848996 1.4223160135399999 0.0009765625
64.655952381000006 64.675892857099996 1.4216809746000001 1.42229848996 0.0009765625
64.675892857099996 64.695833333300001 1.4216634674399999 1.4222809746 0.0009765625
64.695833333300001 64.715773809500007 1.4216459685 1.4222634674400001 0.0009765625
64.715773809500007 64.735714285699999 1.4216284777399999 1.4222459685 0.0009765625
64.735714285699999 64.755654761900004 1.42161099519 1.4222284777400001 0.0009765625
64.755654761900004 64.775595238099996 1.4215935208099999 1.4222109951899999 0.0009765625
64.775595238099996 64.795535714300001 1.42157605462 1.4221935208100001 0.0009765625
64.795535714300001 64.815476190499993 1.4215585965899999 1.42217605462 0.0009765625
64.815476190499993 64.835416666699999 1.4215411467400001 1.4221585965900001 0.0009765625
64.835416666699999 64.855357142900004 1.42152370504 1.42214114674 0.0009765625
64.855357142900004 64.875297618999994 1.4215062715 1.42212370504 0.0009765625
64.875297618999994 64.8952380952 1.4214888461099999 1.4221062714999999 0.0009765625
64.8952380952 64.915178571400006 1.4214714288600001 1.4220888461100001 0.0009765625
64.915178571400006 64.935119047599997 1.4214540197400001 1.42207142886 0.0009765625
64.935119047599997 64.955059523800003 1.42143661876 1.42205401974 0.0009765625
64.955059523800003 64.974999999999994 1.42141922589 1.42203661876 0.0009765625
64.974999999999994 64.9949404762 1.42140184115 1.42201922589 0.0009765625
64.9949404762 65.014880952400006 1.42138446451 1.4220018411499999 0.0009765625
65.014880952400006 65.034821428599997 1.42136709598 1.4219844645099999 0.0009765625
65.034821428599997 65.054761904800003 1.42134973555 1.4219670959799999 0.0009765625
65.054761904800003 65.074702380999994 1.42133238321 1.4219497355499999 0.0009765625
65.074702380999994 65.094642857099998 1.42131503896 1.4219323832099999 0.0009765625
65.094642857099998 65.114583333300004 1.42129770279 1.4219150389599999 0.0009765625
65.114583333300004 65.134523809499996 1.42128037469 1.4218977027899999 0.0009765625
65.134523809499996 65.154464285700001 1.42126305467 1.4218803746899999 0.0009765625
65.154464285700001 65.174404761900007 1.4212457427 1.42186305467 0.0009765625
65.174404761900007 65.194345238099999 1.42122843879 1.4218457427 0.0009765625
65.194345238099999 65.214285714300004 1.4212111429300001 1.42182843879 0.0009765625
65.214285714300004 65.234226190499996 1.4211938551100001 1.42181114293 0.0009765625
65.234226190499996 65.254166666700002 1.4211765753300001 1.42179385511 0.0009765625
65.254166666700002 65.274107142899993 1.4211593035900001 1.42177657533 0.0009765625
65.274107142899993 65.294047618999997 1.4211420398700001 1.42175930359 0.0009765625
65.294047618999997 65.313988095200003 1.4211247841700001 1.42174203987 0.0009765625
65.313988095200003 65.333928571399994 1.4211075364800001 1.42172478417 0.0009765625
65.333928571399994 65.3538690476 1.4210902968000001 1.42170753648 0.0009765625
65.3538690476 65.373809523800006 1.4210730651200001 1.4216902968 0.0009765625
65.373809523800006 65.393749999999997 1.4210558414400001 1.42167306512 0.0009765625
65.393749999999997 65.413690476200003 1.4210386257500001 1.42165584144 0.0009765625
65.413690476200003 65.433630952399994 1.42102141804 1.42163862575 0.0009765625
65.433630952399994 65.4535714286 1.42100421831 1.42162141804 0.0009765625
65.4535714286 65.473511904800006 1.42098702655 1.4216042183099999 0.0009765625
65.473511904800006 65.493452380999997 1.4209698427499999 1.4215870265499999 0.0009765625
65.493452380999997 65.513392857100001 1.4209526669200001 1.4215698427500001 0.0009765625
65.513392857100001 65.533333333300007 1.42093549904 1.42155266692 0.0009765625
65.533333333300007 65.553273809499998 1.4209183391 1.42153549904 0.0009765625
65.553273809499998 65.573214285700004 1.4209011871099999 1.4215183390999999 0.0009765625
65.573214285700004 65.593154761899996 1.42088404306 1.4215011871100001 0.0009765625
65.593154761899996 65.613095238100001 1.42086690693 1.42148404306 0.0009765625
65.613095238100001 65.633035714299993 1.4208497787300001 1.4214669069300001 0.0009765625
65.633035714299993 65.652976190499999 1.42083265844 1.42144977873 0.0009765625
65.652976190499999 65.672916666700004 1.42081554607 1.4214326584400001 0.0009765625
65.672916666700004 65.692857142899996 1.4207984416099999 1.42141554607 0.0009765625
65.692857142899996 65.712797619 1.42078134504 1.4213984416100001 0.0009765625
65.712797619 65.732738095200006 1.42076425637 1.4213813450399999 0.0009765625
65.732738095200006 65.752678571399997 1.4207471755900001 1.42136425637 0.0009765625
65.752678571399997 65.772619047600003 1.4207301026900001 1.42134717559 0.0009765625
65.772619047600003 65.792559523799994 1.4207130376599999 1.42133010269 0.0009765625
65.792559523799994 65.8125 1.4206959805099999 1.4213130376600001 0.0009765625
65.8125 65.832440476200006 1.4206789312200001 1.4212959805100001 0.0009765625
65.832440476200006 65.852380952399997 1.4206618897900001 1.42127893122 0.0009765625
65.852380952399997 65.872321428600003 1.42064485621 1.42126188979 0.0009765625
65.872321428600003 65.892261904799994 1.42062783048 1.42124485621 0.0009765625
65.892261904799994 65.912202381 1.4206108126000001 1.4212278304799999 0.0009765625
65.912202381 65.932142857100004 1.42059380254 1.4212108126 0.0009765625
65.932142857100004 65.952083333299996 1.4205768003200001 1.4211938025399999 0.0009765625
65.952083333299996 65.972023809500001 1.42055980592 1.42117680032 0.0009765625
65.972023809500001 65.991964285700007 1.42054281934 1.4211598059199999 0.0009765625
65.991964285700007 66.011904761899999 1.4205258405700001 1.42114281934 0.0009765625
66.011904761899999 66.031845238100004 1.4205088696099999 1.42112584057 0.0009765625
66.031845238100004 66.051785714299996 1.4204919064499999 1.42110886961 0.0009765625
66.051785714299996 66.071726190500002 1.4204749510800001 1.4210919064500001 0.0009765625
66.071726190500002 66.091666666699993 1.4204580035000001 1.42107495108 0.0009765625
66.091666666699993 66.111607142899999 1.42044106371 1.4210580035 0.0009765625
66.111607142899999 66.131547619000003 1.4204241316899999 1.4210410637099999 0.0009765625
66.131547619000003 66.151488095199994 1.42040720744 1.4210241316900001 0.0009765625
66.151488095199994 66.1714285714 1.4203902909599999 1.42100720744 0.0009765625
66.1714285714 66.191369047600006 1.42037338224 1.4209902909600001 0.0009765625
66.191369047600006 66.211309523799997 1.42035648128 1.4209733822399999 0.0009765625
66.211309523799997 66.231250000000003 1.42033958806 1.42095648128 0.0009765625
66.231250000000003 66.251190476199994 1.42032270258 1.42093958806 0.0009765625
66.251190476199994 66.2711309524 1.42030582485 1.42092270258 0.0009765625
66.2711309524 66.291071428600006 1.42028895484 1.4209058248499999 0.0009765625
66.291071428600006 66.311011904799997 1.4202720925600001 1.4208889548400001 0.0009765625
66.311011904799997 66.330952381000003 1.420255238 1.42087209256 0.0009765625
66.330952381000003 66.350892857100007 1.4202383911500001 1.4208552379999999 0.0009765625
66.350892857100007 66.370833333299998 1.4202215520100001 1.42083839115 0.0009765625
66.370833333299998 66.390773809500004 1.4202047205699999 1.42082155201 0.0009765625
66.390773809500004 66.410714285699996 1.4201878968299999 1.4208047205700001 0.0009765625
66.410714285699996 66.430654761900001 1.4201710807800001 1.4207878968300001 0.0009765625
66.430654761900001 66.450595238099993 1.42015427242 1.42077108078 0.0009765625
66.450595238099993 66.470535714299999 1.4201374717399999 1.42075427242 0.0009765625
66.470535714299999 66.490476190500004 1.42012067873 1.4207374717400001 0.0009765625
66.490476190500004 66.510416666699996 1.4201038933900001 1.42072067873 0.0009765625
66.510416666699996 66.530357142900002 1.4200871157099999 1.42070389339 0.0009765625
66.530357142900002 66.550297619000006 1.4200703456899999 1.4206871157100001 0.0009765625
66.550297619000006 66.570238095199997 1.4200535833200001 1.4206703456900001 0.0009765625
66.570238095199997 66.590178571400003 1.42003682859 1.42065358332 0.0009765625
66.590178571400003 66.610119047599994 1.4200200815099999 1.42063682859 0.0009765625
66.610119047599994 66.6300595238 1.42000334206 1.4206200815100001 0.0009765625
66.6300595238 66.650000000000006 1.4199866102400001 1.4206033420599999 0.0009765625
66.650000000000006 66.669940476199997 1.4199698860400001 1.42058661024 0.0009765625
66.669940476199997 66.689880952400003 1.4199531694700001 1.42056988604 0.0009765625
66.689880952400003 66.709821428599994 1.4199364605 1.42055316947 0.0009765625
66.709821428599994 66.7297619048 1.4199197591399999 1.4205364604999999 0.0009765625
66.7297619048 66.749702381000006 1.41990306538 1.4205197591400001 0.0009765625
66.749702381000006 66.769642857099996 1.41988637921 1.4205030653799999 0.0009765625
66.769642857099996 66.789583333300001 1.4198697006400001 1.42048637921 0.0009765625
66.789583333300001 66.809523809500007 1.41985302964 1.42046970064 0.0009765625
66.809523809500007 66.829464285699999 1.41983636623 1.42045302964 0.0009765625
66.829464285699999 66.849404761900004 1.4198197103900001 1.4204363662299999 0.0009765625
66.849404761900004 66.869345238099996 1.41980306212 1.42041971039 0.0009765625
66.869345238099996 66.889285714300001 1.41978642141 1.4204030621199999 0.0009765625
66.889285714300001 66.909226190499993 1.41976978825 1.4203864214099999 0.0009765625
66.909226190499993 66.929166666699999 1.41975316265 1.4203697882499999 0.0009765625
66.929166666699999 66.949107142900004 1.4197365445900001 1.4203531626499999 0.0009765625
66.949107142900004 66.969047618999994 1.41971993407 1.42033654459 0.0009765625
66.969047618999994 66.9889880952 1.41970333108 1.4203199340699999 0.0009765625
66.9889880952 67.008928571400006 1.41968673562 1.42030333108 0.0009765625
67.008928571400006 67.028869047599997 1.41967014769 1.42028673562 0.0009765625
67.028869047599997 67.048809523800003 1.4196535672699999 1.4202701476899999 0.0009765625
67.048809523800003 67.068749999999994 1.41963699436 1.4202535672700001 0.0009765625
67.068749999999994 67.0886904762 1.4196204289600001 1.4202369943599999 0.0009765625
67.0886904762 67.108630952400006 1.4196038710600001 1.42022042896 0.0009765625
67.108630952400006 67.128571428599997 1.41958732066 1.42020387106 0.0009765625
67.128571428599997 67.148511904800003 1.41957077775 1.42018732066 0.0009765625
67.148511904800003 67.168452380999994 1.41955424232 1.4201707777499999 0.0009765625
67.168452380999994 67.188392857099998 1.4195377143700001 1.42015424232 0.0009765625
67.188392857099998 67.208333333300004 1.4195211938900001 1.42013771437 0.0009765625
67.208333333300004 67.228273809499996 1.41950468088 1.42012119389 0.0009765625
67.228273809499996 67.248214285700001 1.4194881753299999 1.42010468088 0.0009765625
67.248214285700001 67.268154761900007 1.41947167724 1.4200881753300001 0.0009765625
67.268154761900007 67.288095238099999 1.41945518661 1.4200716772399999 0.0009765625
67.288095238099999 67.308035714300004 1.41943870341 1.42005518661 0.0009765625
67.308035714300004 67.327976190499996 1.4194222276599999 1.4200387034099999 0.0009765625
67.327976190499996 67.347916666700002 1.41940575934 1.4200222276600001 0.0009765625
67.347916666700002 67.367857142899993 1.4193892984600001 1.42000575934 0.0009765625
67.367857142899993 67.387797618999997 1.419372845 1.41998929846 0.0009765625
67.387797618999997 67.407738095200003 1.41935639895 1.419972845 0.0009765625
67.407738095200003 67.427678571399994 1.4193399603200001 1.4199563989499999 0.0009765625
67.427678571399994 67.4476190476 1.4193235290999999 1.41993996032 0.0009765625
67.4476190476 67.467559523800006 1.4193071052799999 1.4199235291000001 0.0009765625
67.467559523800006 67.487499999999997 1.4192906888600001 1.4199071052800001 0.0009765625
67.487499999999997 67.507440476200003 1.41927427983 1.41989068886 0.0009765625
67.507440476200003 67.527380952399994 1.41925787818 1.4198742798299999 0.0009765625
67.527380952399994 67.5473214286 1.41924148392 1.41985787818 0.0009765625
67.5473214286 67.567261904800006 1.41922509703 1.41984148392 0.0009765625
67.567261904800006 67.587202380999997 1.4192087175200001 1.4198250970299999 0.0009765625
67.587202380999997 67.607142857100001 1.4191923453699999 1.41980871752 0.0009765625
67.607142857100001 67.627083333300007 1.4191759805699999 1.4197923453600001 0.0009765625
67.627083333300007 67.647023809499998 1.4191596231400001 1.4197759805700001 0.0009765625
67.647023809499998 67.666964285700004 1.41914327305 1.41975962314 0.0009765625
67.666964285700004 67.686904761899996 1.4191269303 1.4197432730499999 0.0009765625
67.686904761899996 67.706845238100001 1.41911059489 1.4197269303 0.0009765625
67.706845238100001 67.726785714299993 1.4190942668199999 1.41971059489 0.0009765625
67.726785714299993 67.746726190499999 1.41907794607 1.4196942668200001 0.0009765625
67.746726190499999 67.766666666700004 1.4190616326500001 1.41967794607 0.0009765625
67.766666666700004 67.786607142899996 1.41904532654 1.41966163265 0.0009765625
67.786607142899996 67.806547619 1.4190290277499999 1.41964532654 0.0009765625
67.806547619 67.826488095200006 1.41901273626 1.4196290277500001 0.0009765625
67.826488095200006 67.846428571399997 1.41899645207 1.41961273626 0.0009765625
67.846428571399997 67.866369047600003 1.41898017517 1.41959645207 0.0009765625
67.866369047600003 67.886309523799994 1.4189639055700001 1.4195801751699999 0.0009765625
67.886309523799994 67.90625 1.4189476432499999 1.41956390557 0.0009765625
67.90625 67.926190476200006 1.4189313882200001 1.41954764325 0.0009765625
67.926190476200006 67.946130952399997 1.41891514045 1.41953138822 0.0009765625
67.946130952399997 67.966071428600003 1.4188988999600001 1.4195151404499999 0.0009765625
67.966071428600003 67.986011904799994 1.4188826667300001 1.41949889996 0.0009765625
67.986011904799994 68.005952381 1.41886644076 1.41948266673 0.0009765625
68.005952381 68.025892857100004 1.4188502220400001 1.4194664407599999 0.0009765625
68.025892857100004 68.045833333299996 1.4188340105699999 1.41945022204 0.0009765625
68.045833333299996 68.065773809500001 1.4188178063500001 1.4194340105700001 0.0009765625
68.065773809500001 68.085714285700007 1.41880160936 1.41941780635 0.0009765625
68.085714285700007 68.105654761899999 1.4187854196 1.4194016093599999 0.0009765625
68.105654761899999 68.125595238100004 1.41876923708 1.4193854196 0.0009765625
68.125595238100004 68.145535714299996 1.4187530617699999 1.41936923708 0.0009765625
68.145535714299996 68.165476190500002 1.41873689368 1.4193530617700001 0.0009765625
68.165476190500002 68.185416666699993 1.4187207328 1.4193368936799999 0.0009765625
68.185416666699993 68.205357142899999 1.4187045791299999 1.4193207327999999 0.0009765625
68.205357142899999 68.225297619000003 1.41868843266 1.4193045791300001 0.0009765625
68.225297619000003 68.245238095199994 1.41867229339 1.4192884326599999 0.0009765625
68.245238095199994 68.2651785714 1.4186561613099999 1.4192722933899999 0.0009765625
68.2651785714 68.285119047600006 1.41864003641 1.4192561613100001 0.0009765625
68.285119047600006 68.305059523799997 1.41862391869 1.41924003641 0.0009765625
68.305059523799997 68.325000000000003 1.41860780815 1.41922391869 0.0009765625
68.325000000000003 68.344940476199994 1.4185917047800001 1.4192078081499999 0.0009765625
68.344940476199994 68.3648809524 1.4185756085700001 1.41919170478 0.0009765625
68.3648809524 68.384821428600006 1.41855951953 1.41917560857 0.0009765625
68.384821428600006 68.404761904799997 1.4185434376299999 1.41915951953 0.0009765625
68.404761904799997 68.424702381000003 1.4185273628899999 1.4191434376300001 0.0009765625
68.424702381000003 68.444642857100007 1.4185112953000001 1.4191273628900001 0.0009765625
68.444642857100007 68.464583333299998 1.41849523484 1.4191112953 0.0009765625
68.464583333299998 68.484523809500004 1.41847918151 1.4190952348400001 0.0009765625
68.484523809500004 68.504464285699996 1.4184631353199999 1.4190791815099999 0.0009765625
68.504464285699996 68.524404761900001 1.41844709625 1.4190631353200001 0.0009765625
68.524404761900001 68.544345238099993 1.41843106429 1.4190470962499999 0.0009765625
68.544345238099993 68.564285714299999 1.4184150394499999 1.4190310642899999 0.0009765625
68.564285714299999 68.584226190500004 1.41839902172 1.4190150394500001 0.0009765625
68.584226190500004 68.604166666699996 1.4183830111 1.4189990217199999 0.0009765625
68.604166666699996 68.624107142900002 1.4183670075699999 1.4189830110999999 0.0009765625
68.624107142900002 68.644047619000006 1.41835101113 1.41896700757 0.0009765625
68.644047619000006 68.663988095199997 1.4183350217899999 1.4189510111300001 0.0009765625
68.663988095199997 68.683928571400003 1.41831903952 1.4189350217900001 0.0009765625
68.683928571400003 68.703869047599994 1.4183030643300001 1.41891903952 0.0009765625
68.703869047599994 68.7238095238 1.41828709622 1.41890306433 0.0009765625
68.7238095238 68.743750000000006 1.4182711351799999 1.41888709622 0.0009765625
68.743750000000006 68.763690476199997 1.4182551811899999 1.4188711351800001 0.0009765625
68.763690476199997 68.783630952400003 1.4182392342700001 1.4188551811900001 0.0009765625
68.783630952400003 68.803571428599994 1.4182232943999999 1.41883923427 0.0009765625
68.803571428599994 68.8235119048 1.4182073615699999 1.4188232944000001 0.0009765625
68.8235119048 68.843452381000006 1.4181914357900001 1.4188073615700001 0.0009765625
68.843452381000006 68.863392857099996 1.4181755170499999 1.41879143579 0.0009765625
68.863392857099996 68.883333333300001 1.4181596053300001 1.41877551705 0.0009765625
68.883333333300001 68.903273809500007 1.4181437006499999 1.41875960533 0.0009765625
68.903273809500007 68.923214285699999 1.41812780299 1.4187437006500001 0.0009765625
68.923214285699999 68.943154761900004 1.4181119123399999 1.4187278029899999 0.0009765625
68.943154761900004 68.963095238099996 1.41809602871 1.41871191234 0.0009765625
68.963095238099996 68.983035714300001 1.4180801520899999 1.4186960287099999 0.0009765625
68.983035714300001 69.002976190499993 1.41806428246 1.4186801520900001 0.0009765625
69.002976190499993 69.022916666699999 1.4180484198400001 1.41866428246 0.0009765625
69.022916666699999 69.042857142900004 1.41803256421 1.41864841984 0.0009765625
69.042857142900004 69.062797618999994 1.4180167155600001 1.4186325642099999 0.0009765625
69.062797618999994 69.0827380952 1.4180008739000001 1.41861671556 0.0009765625
69.0827380952 69.102678571400006 1.41798503921 1.4186008739 0.0009765625
69.102678571400006 69.122619047599997 1.4179692115 1.4185850392099999 0.0009765625
69.122619047599997 69.142559523800003 1.4179533907599999 1.4185692114999999 0.0009765625
69.142559523800003 69.162499999999994 1.41793757698 1.4185533907600001 0.0009765625
69.162499999999994 69.1824404762 1.41792177015 1.4185375769799999 0.0009765625
69.1824404762 69.202380952400006 1.4179059702800001 1.4185217701499999 0.0009765625
69.202380952400006 69.222321428599997 1.4178901773499999 1.41850597028 0.0009765625
69.222321428599997 69.242261904800003 1.41787439137 1.41849017735 0.0009765625
69.242261904800003 69.262202380999994 1.4178586123300001 1.41847439137 0.0009765625
69.262202380999994 69.282142857099998 1.4178428402200001 1.41845861233 0.0009765625
69.282142857099998 69.302083333300004 1.4178270750399999 1.41844284022 0.0009765625
69.302083333300004 69.322023809499996 1.4178113167799999 1.4184270750400001 0.0009765625
69.322023809499996 69.341964285700001 1.4177955654400001 1.4184113167800001 0.0009765625
69.341964285700001 69.361904761900007 1.4177798210100001 1.41839556544 0.0009765625
69.361904761900007 69.381845238099999 1.41776408349 1.41837982101 0.0009765625
69.381845238099999 69.401785714300004 1.4177483528699999 1.41836408349 0.0009765625
69.401785714300004 69.421726190499996 1.4177326291500001 1.4183483528700001 0.0009765625
69.421726190499996 69.441666666700002 1.41771691233 1.41833262915 0.0009765625
69.441666666700002 69.461607142899993 1.41770120239 1.4183169123299999 0.0009765625
69.461607142899993 69.481547618999997 1.4176854993400001 1.4183012023899999 0.0009765625
69.481547618999997 69.501488095200003 1.4176698031699999 1.41828549934 0.0009765625
69.501488095200003 69.521428571399994 1.4176541138700001 1.4182698031700001 0.0009765625
69.521428571399994 69.5413690476 1.4176384314399999 1.41825411387 0.0009765625
69.5413690476 69.561309523800006 1.4176227558800001 1.4182384314400001 0.0009765625
69.561309523800006 69.581249999999997 1.4176070871699999 1.41822275588 0.0009765625
69.581249999999997 69.601190476200003 1.4175914253199999 1.4182070871700001 0.0009765625
69.601190476200003 69.621130952399994 1.41757577032 1.4181914253200001 0.0009765625
69.621130952399994 69.6410714286 1.41756012216 1.41817577032 0.0009765625
69.6410714286 69.661011904800006 1.41754448085 1.41816012216 0.0009765625
69.661011904800006 69.680952380999997 1.41752884637 1.4181444808500001 0.0009765625
69.680952380999997 69.700892857100001 1.4175132187199999 1.4181288463699999 0.0009765625
69.700892857100001 69.720833333300007 1.41749759789 1.4181132187200001 0.0009765625
69.720833333300007 69.740773809499998 1.4174819838899999 1.4180975978899999 0.0009765625
69.740773809499998 69.760714285700004 1.4174663767 1.4180819838900001 0.0009765625
69.760714285700004 69.780654761899996 1.4174507763199999 1.4180663766999999 0.0009765625
69.780654761899996 69.800595238100001 1.41743518275 1.4180507763200001 0.0009765625
69.800595238100001 69.820535714299993 1.41741959598 1.41803518275 0.0009765625
69.820535714299993 69.840476190499999 1.4174040160100001 1.4180195959799999 0.0009765625
69.840476190499999 69.860416666700004 1.4173884428300001 1.41800401601 0.0009765625
69.860416666700004 69.880357142899996 1.41737287644 1.41798844283 0.0009765625
69.880357142899996 69.900297619 1.41735731683 1.4179728764399999 0.0009765625
69.900297619 69.920238095200006 1.4173417639899999 1.4179573168299999 0.0009765625
69.920238095200006 69.940178571399997 1.4173262179299999 1.41794176399 0.0009765625
69.940178571399997 69.960119047600003 1.41731067864 1.4179262179300001 0.0009765625
69.960119047600003 69.980059523799994 1.4172951461100001 1.41791067864 0.0009765625
69.980059523799994 70 1.41727962034 1.41789514611 0.0009765625
