# Direct counterexample,  d = 3:   C(p) < 0 for every p in [2.0000001, 15.94257]
claim 3 3 2.0000001 15.942570000000002 -
# p1 p2 lambda1 lambda2 tau0
2.0000000999999998 2.0000001009799999 1.99999995475 1.9999999611599999 0.0009765625
2.0000001009799999 2.00000010196 1.99999995434 1.9999999607500001 0.0009765625
2.00000010196 2.0000001029400001 1.99999995393 1.99999996034 0.0009765625
2.0000001029400001 2.0000001039200002 1.9999999535199999 1.99999995993 0.0009765625
2.0000001039200002 2.0000001048999998 1.9999999531099999 1.99999995952 0.0009765625
2.0000001048999998 2.0000001058799999 1.9999999527000001 1.9999999591099999 0.0009765625
2.0000001058799999 2.00000010686 1.99999995229 1.9999999586999999 0.0009765625
2.00000010686 2.00000010784 1.99999995188 1.9999999582900001 0.0009765625
2.00000010784 2.0000001088200001 1.99999995147 1.9999999578800001 0.0009765625
2.0000001088200001 2.0000001098000002 1.9999999510599999 1.99999995747 0.0009765625
2.0000001098000002 2.0000001107799998 1.9999999506499999 1.99999995706 0.0009765625
2.0000001107799998 2.0000001117599999 1.9999999502400001 1.99999995665 0.0009765625
2.0000001117599999 2.00000011275 1.9999999498300001 1.9999999562399999 0.0009765625
2.00000011275 2.0000001137300001 1.99999994942 1.9999999558299999 0.0009765625
2.0000001137300001 2.0000001147100002 1.99999994901 1.9999999554200001 0.0009765625
2.0000001147100002 2.0000001156899998 1.9999999486 1.9999999550100001 0.0009765625
2.0000001156899998 2.0000001166699999 1.9999999481899999 1.9999999546 0.0009765625
2.0000001166699999 2.00000011765 1.9999999477799999 1.99999995419 0.0009765625
2.00000011765 2.00000011863 1.9999999473700001 1.99999995378 0.0009765625
2.00000011863 2.0000001196100001 1.9999999469600001 1.9999999533699999 0.0009765625
2.0000001196100001 2.0000001205900002 1.99999994655 1.9999999529600001 0.0009765625
2.0000001205900002 2.0000001215699998 1.99999994613 1.9999999525500001 0.0009765625
2.0000001215699998 2.0000001225499999 1.9999999457199999 1.99999995213 0.0009765625
2.0000001225499999 2.00000012353 1.9999999453099999 1.99999995172 0.0009765625
2.00000012353 2.0000001245100001 1.9999999449000001 1.99999995131 0.0009765625
2.0000001245100001 2.0000001254900002 1.9999999444900001 1.9999999508999999 0.0009765625
2.0000001254900002 2.0000001264699998 1.99999994408 1.9999999504899999 0.0009765625
2.0000001264699998 2.0000001274499999 1.99999994367 1.9999999500800001 0.0009765625
2.0000001274499999 2.00000012843 1.99999994326 1.9999999496700001 0.0009765625
2.00000012843 2.00000012941 1.9999999428499999 1.99999994926 0.0009765625
2.00000012941 2.0000001303900001 1.9999999424399999 1.99999994885 0.0009765625
2.0000001303900001 2.0000001313700002 1.9999999420300001 1.99999994844 0.0009765625
2.0000001313700002 2.0000001323499998 1.9999999416200001 1.9999999480299999 0.0009765625
2.0000001323499998 2.0000001333299999 1.99999994121 1.9999999476200001 0.0009765625
2.0000001333299999 2.00000013431 1.9999999408 1.9999999472100001 0.0009765625
2.00000013431 2.0000001352900001 1.99999994039 1.9999999468 0.0009765625
2.0000001352900001 2.0000001362700002 1.9999999399799999 1.99999994639 0.0009765625
2.0000001362700002 2.0000001372499998 1.9999999395700001 1.99999994598 0.0009765625
2.0000001372499998 2.0000001382399999 1.9999999391600001 1.9999999455699999 0.0009765625
2.0000001382399999 2.00000013922 1.99999993875 1.9999999451599999 0.0009765625
2.00000013922 2.0000001402000001 1.99999993834 1.9999999447500001 0.0009765625
2.0000001402000001 2.0000001411800001 1.99999993793 1.9999999443400001 0.0009765625
2.0000001411800001 2.0000001421600002 1.9999999375199999 1.99999994393 0.0009765625
2.0000001421600002 2.0000001431399999 1.9999999371099999 1.99999994352 0.0009765625
2.0000001431399999 2.0000001441199999 1.9999999367000001 1.99999994311 0.0009765625
2.0000001441199999 2.0000001451 1.9999999362900001 1.9999999426999999 0.0009765625
2.0000001451 2.0000001460800001 1.99999993588 1.9999999422900001 0.0009765625
2.0000001460800001 2.0000001470600002 1.99999993547 1.9999999418800001 0.0009765625
2.0000001470600002 2.0000001480399998 1.99999993506 1.99999994147 0.0009765625
2.0000001480399998 2.0000001490199999 1.9999999346499999 1.99999994106 0.0009765625
2.0000001490199999 2.00000015 1.9999999342400001 1.99999994065 0.0009765625
2.00000015 2.0000001509800001 1.9999999338300001 1.9999999402399999 0.0009765625
2.0000001509800001 2.0000001519600001 1.99999993342 1.9999999398299999 0.0009765625
2.0000001519600001 2.0000001529400002 1.99999993301 1.9999999394200001 0.0009765625
2.0000001529400002 2.0000001539199999 1.9999999326 1.9999999390100001 0.0009765625
2.0000001539199999 2.0000001548999999 1.9999999321899999 1.9999999386 0.0009765625
2.0000001548999999 2.00000015588 1.9999999317799999 1.99999993819 0.0009765625
2.00000015588 2.0000001568600001 1.9999999313700001 1.99999993778 0.0009765625
2.0000001568600001 2.0000001578400002 1.9999999309600001 1.9999999373699999 0.0009765625
2.0000001578400002 2.0000001588199998 1.99999993055 1.9999999369599999 0.0009765625
2.0000001588199998 2.0000001597999999 1.99999993014 1.9999999365500001 0.0009765625
2.0000001597999999 2.00000016078 1.99999992973 1.99999993614 0.0009765625
2.00000016078 2.0000001617600001 1.9999999293199999 1.99999993573 0.0009765625
2.0000001617600001 2.0000001627500001 1.9999999289099999 1.99999993532 0.0009765625
2.0000001627500001 2.0000001637299998 1.9999999285000001 1.9999999349099999 0.0009765625
2.0000001637299998 2.0000001647099999 1.99999992809 1.9999999344999999 0.0009765625
2.0000001647099999 2.0000001656899999 1.99999992768 1.9999999340900001 0.0009765625
2.0000001656899999 2.00000016667 1.99999992727 1.9999999336800001 0.0009765625
2.00000016667 2.0000001676500001 1.9999999268499999 1.99999993326 0.0009765625
2.0000001676500001 2.0000001686300002 1.9999999264499999 1.99999993286 0.0009765625
2.0000001686300002 2.0000001696099998 1.9999999260400001 1.99999993245 0.0009765625
2.0000001696099998 2.0000001705899999 1.9999999256300001 1.9999999320399999 0.0009765625
2.0000001705899999 2.00000017157 1.99999992521 1.9999999316299999 0.0009765625
2.00000017157 2.0000001725500001 1.9999999248 1.9999999312100001 0.0009765625
2.0000001725500001 2.0000001735300001 1.99999992439 1.9999999308 0.0009765625
2.0000001735300001 2.0000001745099998 1.9999999239799999 1.99999993039 0.0009765625
2.0000001745099998 2.0000001754899999 1.9999999235699999 1.99999992998 0.0009765625
2.0000001754899999 2.0000001764699999 1.9999999231600001 1.9999999295699999 0.0009765625
2.0000001764699999 2.00000017745 1.99999992275 1.9999999291599999 0.0009765625
2.00000017745 2.0000001784300001 1.99999992234 1.9999999287500001 0.0009765625
2.0000001784300001 2.0000001794100002 1.99999992193 1.9999999283400001 0.0009765625
2.0000001794100002 2.0000001803899998 1.9999999215199999 1.99999992793 0.0009765625
2.0000001803899998 2.0000001813699999 1.9999999211099999 1.99999992752 0.0009765625
2.0000001813699999 2.00000018235 1.9999999207000001 1.99999992711 0.0009765625
2.00000018235 2.0000001833300001 1.9999999202900001 1.9999999266999999 0.0009765625
2.0000001833300001 2.0000001843100002 1.99999991988 1.9999999262899999 0.0009765625
2.0000001843100002 2.0000001852899998 1.99999991947 1.9999999258800001 0.0009765625
2.0000001852899998 2.0000001862699999 1.99999991906 1.9999999254700001 0.0009765625
2.0000001862699999 2.00000018725 1.9999999186499999 1.99999992506 0.0009765625
2.00000018725 2.00000018824 1.9999999182399999 1.99999992465 0.0009765625
2.00000018824 2.0000001892200001 1.9999999178300001 1.9999999242399999 0.0009765625
2.0000001892200001 2.0000001902000002 1.9999999174200001 1.9999999238299999 0.0009765625
2.0000001902000002 2.0000001911799998 1.99999991701 1.9999999234200001 0.0009765625
2.0000001911799998 2.0000001921599999 1.9999999166 1.9999999230100001 0.0009765625
2.0000001921599999 2.00000019314 1.9999999161899999 1.9999999226 0.0009765625
2.00000019314 2.0000001941200001 1.9999999157799999 1.99999992219 0.0009765625
2.0000001941200001 2.0000001951000002 1.9999999153700001 1.99999992178 0.0009765625
2.0000001951000002 2.0000001960799998 1.9999999149600001 1.9999999213699999 0.0009765625
2.0000001960799998 2.0000001970599999 1.99999991455 1.9999999209599999 0.0009765625
2.0000001970599999 2.00000019804 1.99999991414 1.9999999205500001 0.0009765625
2.00000019804 2.00000019902 1.99999991373 1.9999999201400001 0.0009765625
2.00000019902 2.0000002000000001 1.9999999133199999 1.99999991973 0.0009765625
2.0000002000000001 2.0000002019599998 1.9999999125000001 1.99999991932 0.0009765625
2.0000002019599998 2.00000020392 1.99999991168 1.9999999184999999 0.0009765625
2.00000020392 2.0000002058800002 1.99999991086 1.9999999176800001 0.0009765625
2.0000002058800002 2.0000002078399999 1.9999999100400001 1.99999991686 0.0009765625
2.0000002078399999 2.0000002098 1.99999990922 1.9999999160399999 0.0009765625
2.0000002098 2.0000002117600002 1.9999999084 1.9999999152200001 0.0009765625
2.0000002117600002 2.0000002137299999 1.9999999075799999 1.9999999144 0.0009765625
2.0000002137299999 2.0000002156900001 1.9999999067600001 1.99999991358 0.0009765625
2.0000002156900001 2.0000002176499998 1.99999990594 1.9999999127600001 0.0009765625
2.0000002176499998 2.00000021961 1.9999999051199999 1.99999991194 0.0009765625
2.00000021961 2.0000002215700001 1.9999999042900001 1.99999991112 0.0009765625
2.0000002215700001 2.0000002235299998 1.99999990347 1.9999999102899999 0.0009765625
2.0000002235299998 2.00000022549 1.9999999026499999 1.9999999094700001 0.0009765625
2.00000022549 2.0000002274500002 1.9999999018300001 1.99999990865 0.0009765625
2.0000002274500002 2.0000002294099999 1.99999990101 1.9999999078299999 0.0009765625
2.0000002294099999 2.00000023137 1.99999990019 1.9999999070100001 0.0009765625
2.00000023137 2.0000002333300002 1.9999998993699999 1.99999990619 0.0009765625
2.0000002333300002 2.0000002352899999 1.99999989855 1.9999999053699999 0.0009765625
2.0000002352899999 2.0000002372500001 1.99999989773 1.9999999045500001 0.0009765625
2.0000002372500001 2.0000002392199998 1.9999998969099999 1.99999990373 0.0009765625
2.0000002392199998 2.00000024118 1.9999998960900001 1.99999990291 0.0009765625
2.00000024118 2.0000002431400001 1.99999989527 1.9999999020899999 0.0009765625
2.0000002431400001 2.0000002450999999 1.9999998944499999 1.99999990127 0.0009765625
2.0000002450999999 2.00000024706 1.9999998936300001 1.99999990045 0.0009765625
2.00000024706 2.0000002490200002 1.99999989281 1.9999998996299999 0.0009765625
2.0000002490200002 2.0000002509799999 1.9999998919899999 1.9999998988100001 0.0009765625
2.0000002509799999 2.0000002529400001 1.9999998911700001 1.99999989799 0.0009765625
2.0000002529400001 2.0000002549000002 1.99999989035 1.9999998971699999 0.0009765625
2.0000002549000002 2.0000002568599999 1.99999988953 1.9999998963500001 0.0009765625
2.0000002568599999 2.0000002588200001 1.9999998887099999 1.99999989553 0.0009765625
2.0000002588200001 2.0000002607799998 1.99999988789 1.9999998947099999 0.0009765625
2.0000002607799998 2.00000026275 1.99999988707 1.9999998938900001 0.0009765625
2.00000026275 2.0000002647100001 1.9999998862499999 1.99999989307 0.0009765625
2.0000002647100001 2.0000002666699999 1.9999998854300001 1.99999989225 0.0009765625
2.0000002666699999 2.00000026863 1.9999998846 1.9999998914199999 0.0009765625
2.00000026863 2.0000002705900002 1.9999998837899999 1.9999998906100001 0.0009765625
2.0000002705900002 2.0000002725499999 1.9999998829600001 1.99999988979 0.0009765625
2.0000002725499999 2.0000002745100001 1.99999988214 1.9999998889599999 0.0009765625
2.0000002745100001 2.0000002764699998 1.99999988132 1.9999998881400001 0.0009765625
2.0000002764699998 2.0000002784299999 1.9999998805000001 1.99999988732 0.0009765625
2.0000002784299999 2.0000002803900001 1.99999987968 1.9999998864999999 0.0009765625
2.0000002803900001 2.0000002823499998 1.9999998718600001 1.99999989268 0.0009765625
2.0000002823499998 2.00000028431 1.99999987104 1.9999998918599999 0.0009765625
2.00000028431 2.0000002862700001 1.9999998702199999 1.9999998910400001 0.0009765625
2.0000002862700001 2.0000002882399999 1.9999998694000001 1.99999989022 0.0009765625
2.0000002882399999 2.0000002902 1.99999986858 1.9999998894 0.0009765625
2.0000002902 2.0000002921600002 1.9999998677599999 1.9999998885800001 0.0009765625
2.0000002921600002 2.0000002941199999 1.9999998669400001 1.99999988776 0.0009765625
2.0000002941199999 2.0000002960800001 1.99999986612 1.99999988694 0.0009765625
2.0000002960800001 2.0000002980399998 1.9999998653 1.9999998861199999 0.0009765625
2.0000002980399998 2.0000003 1.9999998644799999 1.9999998853000001 0.0009765625
2.0000003 2.0000003019600001 1.99999986366 1.99999988448 0.0009765625
2.0000003019600001 2.0000003039199998 1.99999986284 1.9999998836599999 0.0009765625
2.0000003039199998 2.00000030588 1.9999998620199999 1.9999998828400001 0.0009765625
2.00000030588 2.0000003078400002 1.9999998612000001 1.99999988202 0.0009765625
2.0000003078400002 2.0000003097999999 1.99999986038 1.9999998811999999 0.0009765625
2.0000003097999999 2.00000031176 1.9999998595599999 1.9999998803800001 0.0009765625
2.00000031176 2.0000003137300002 1.9999998587400001 1.99999987956 0.0009765625
2.0000003137300002 2.0000003156899999 1.99999985792 1.99999987874 0.0009765625
2.0000003156899999 2.0000003176500001 1.9999998570999999 1.9999998779199999 0.0009765625
2.0000003176500001 2.0000003196099998 1.9999998562800001 1.9999998771 0.0009765625
2.0000003196099998 2.00000032157 1.99999985546 1.99999987628 0.0009765625
2.00000032157 2.0000003235300001 1.99999985463 1.9999998754599999 0.0009765625
2.0000003235300001 2.0000003254899998 1.9999998538099999 1.9999998746300001 0.0009765625
2.0000003254899998 2.00000032745 1.99999985299 1.99999987381 0.0009765625
2.00000032745 2.0000003294100002 1.99999985217 1.9999998729899999 0.0009765625
2.0000003294100002 2.0000003313699999 1.9999998513499999 1.9999998721700001 0.0009765625
2.0000003313699999 2.00000033333 1.9999998505300001 1.99999987135 0.0009765625
2.00000033333 2.0000003352900002 1.99999984971 1.9999998705299999 0.0009765625
2.0000003352900002 2.0000003372499999 1.9999998488899999 1.9999998697100001 0.0009765625
2.0000003372499999 2.0000003392200001 1.9999998480700001 1.99999986889 0.0009765625
2.0000003392200001 2.0000003411799998 1.99999984725 1.99999986807 0.0009765625
2.0000003411799998 2.00000034314 1.99999984643 1.9999998672499999 0.0009765625
2.00000034314 2.0000003451000001 1.9999998456100001 1.9999998664300001 0.0009765625
2.0000003451000001 2.0000003470599999 1.99999984479 1.99999986561 0.0009765625
2.0000003470599999 2.00000034902 1.99999984397 1.9999998647899999 0.0009765625
2.00000034902 2.0000003509800002 1.9999998431499999 1.9999998639700001 0.0009765625
2.0000003509800002 2.0000003529399999 1.9999998423300001 1.99999986315 0.0009765625
2.0000003529399999 2.0000003549000001 1.99999984151 1.9999998623299999 0.0009765625
2.0000003549000001 2.0000003568600002 1.9999998406899999 1.9999998615100001 0.0009765625
2.0000003568600002 2.0000003588199999 1.9999998398700001 1.99999986069 0.0009765625
2.0000003588199999 2.0000003607800001 1.99999983905 1.99999985987 0.0009765625
2.0000003607800001 2.0000003627499998 1.9999998382299999 1.9999998590500001 0.0009765625
2.0000003627499998 2.00000036471 1.9999998374100001 1.99999985823 0.0009765625
2.00000036471 2.0000003666700001 1.99999983659 1.99999985741 0.0009765625
2.0000003666700001 2.0000003686299999 1.99999983577 1.9999998565899999 0.0009765625
2.0000003686299999 2.00000037059 1.9999998349500001 1.9999998557700001 0.0009765625
2.00000037059 2.0000003725500002 1.99999983412 1.99999985495 0.0009765625
2.0000003725500002 2.0000003745099999 1.9999998333 1.9999998541199999 0.0009765625
2.0000003745099999 2.0000003764700001 1.9999998324799999 1.9999998533000001 0.0009765625
2.0000003764700001 2.0000003784299998 1.9999998316600001 1.99999985248 0.0009765625
2.0000003784299998 2.0000003803899999 1.99999983084 1.9999998516599999 0.0009765625
2.0000003803899999 2.0000003823500001 1.9999998300199999 1.9999998508400001 0.0009765625
2.0000003823500001 2.0000003843099998 1.9999998292000001 1.99999985002 0.0009765625
2.0000003843099998 2.00000038627 1.99999982838 1.9999998492 0.0009765625
2.00000038627 2.0000003882400001 1.9999998275599999 1.9999998483799999 0.0009765625
2.0000003882400001 2.0000003901999999 1.9999998267400001 1.99999984756 0.0009765625
2.0000003901999999 2.00000039216 1.99999982592 1.99999984674 0.0009765625
2.00000039216 2.0000003941200002 1.9999998251 1.9999998459199999 0.0009765625
2.0000003941200002 2.0000003960799999 1.9999998242799999 1.9999998451000001 0.0009765625
2.0000003960799999 2.0000003980400001 1.99999982346 1.99999984428 0.0009765625
2.0000003980400001 2.0000003999999998 1.99999982264 1.9999998434599999 0.0009765625
2.0000003999999998 2.0000004039200001 1.9999998210000001 1.9999998426400001 0.0009765625
2.0000004039200001 2.00000040784 1.9999998193599999 1.9999998409999999 0.0009765625
2.00000040784 2.0000004117599999 1.99999981772 1.99999983936 0.0009765625
2.0000004117599999 2.0000004156900002 1.9999998160800001 1.9999998377199999 0.0009765625
2.0000004156900002 2.0000004196100001 1.99999981444 1.99999983608 0.0009765625
2.0000004196100001 2.00000042353 1.9999998127900001 1.9999998344400001 0.0009765625
2.00000042353 2.0000004274499998 1.9999998111499999 1.9999998327899999 0.0009765625
2.0000004274499998 2.0000004313700002 1.99999980951 1.99999983115 0.0009765625
2.0000004313700002 2.00000043529 1.9999998078700001 1.9999998295100001 0.0009765625
2.00000043529 2.0000004392199999 1.99999980623 1.99999982787 0.0009765625
2.0000004392199999 2.0000004431399998 1.99999980459 1.9999998262300001 0.0009765625
2.0000004431399998 2.0000004470600001 1.9999998029499999 1.9999998245899999 0.0009765625
2.0000004470600001 2.00000045098 1.99999980131 1.99999982295 0.0009765625
2.00000045098 2.0000004548999999 1.9999997996700001 1.9999998213100001 0.0009765625
2.0000004548999999 2.0000004588200002 1.9999997980299999 1.99999981967 0.0009765625
2.0000004588200002 2.0000004627500001 1.99999979639 1.99999981803 0.0009765625
2.0000004627500001 2.00000046667 1.9999997947499999 1.9999998163899999 0.0009765625
2.00000046667 2.0000004705899999 1.99999979311 1.99999981475 0.0009765625
2.0000004705899999 2.0000004745100002 1.9999997914600001 1.9999998131100001 0.0009765625
2.0000004745100002 2.0000004784300001 1.9999997898199999 1.9999998114599999 0.0009765625
2.0000004784300001 2.0000004823499999 1.99999978818 1.99999980982 0.0009765625
2.0000004823499999 2.0000004862699998 1.9999997865400001 1.9999998081799999 0.0009765625
2.0000004862699998 2.0000004902000001 1.9999997849 1.99999980654 0.0009765625
2.0000004902000001 2.00000049412 1.9999997832600001 1.9999998049000001 0.0009765625
2.00000049412 2.0000004980399999 1.9999997816199999 1.9999998032599999 0.0009765625
2.0000004980399999 2.0000005019599998 1.99999977998 1.99999980162 0.0009765625
2.0000005019599998 2.0000005058800001 1.9999997783400001 1.9999997999800001 0.0009765625
2.0000005058800001 2.0000005098 1.9999997767 1.99999979834 0.0009765625
2.0000005098 2.0000005137299999 1.99999977506 1.9999997967000001 0.0009765625
2.0000005137299999 2.0000005176500002 1.9999997734199999 1.9999997950599999 0.0009765625
2.0000005176500002 2.0000005215700001 1.99999977178 1.99999979342 0.0009765625
2.0000005215700001 2.00000052549 1.9999997701300001 1.9999997917800001 0.0009765625
2.00000052549 2.0000005294099998 1.9999997684899999 1.99999979013 0.0009765625
2.0000005294099998 2.0000005333300002 1.99999976685 1.99999978849 0.0009765625
2.0000005333300002 2.00000053725 1.9999997652099999 1.9999997868499999 0.0009765625
2.00000053725 2.0000005411799999 1.99999976357 1.99999978521 0.0009765625
2.0000005411799999 2.0000005450999998 1.9999997619300001 1.9999997835700001 0.0009765625
2.0000005450999998 2.0000005490200001 1.9999997602899999 1.9999997819299999 0.0009765625
2.0000005490200001 2.00000055294 1.99999975865 1.99999978029 0.0009765625
2.00000055294 2.0000005568599999 1.9999997570100001 1.9999997786499999 0.0009765625
2.0000005568599999 2.0000005607800002 1.99999975537 1.99999977701 0.0009765625
2.0000005607800002 2.0000005647100001 1.9999997537300001 1.9999997753700001 0.0009765625
2.0000005647100001 2.00000056863 1.9999997520899999 1.9999997737299999 0.0009765625
2.00000056863 2.0000005725499999 1.99999975045 1.99999977209 0.0009765625
2.0000005725499999 2.0000005764700002 1.9999997488000001 1.9999997704500001 0.0009765625
2.0000005764700002 2.0000005803900001 1.99999974716 1.9999997688 0.0009765625
2.0000005803900001 2.0000005843099999 1.99999974552 1.9999997671600001 0.0009765625
2.0000005843099999 2.0000005882399998 1.9999997438799999 1.9999997655199999 0.0009765625
2.0000005882399998 2.0000005921600001 1.99999974224 1.99999976388 0.0009765625
2.0000005921600001 2.00000059608 1.9999997406000001 1.9999997622400001 0.0009765625
2.00000059608 2.0000005999999999 1.9999997389599999 1.9999997606 0.0009765625
2.0000005999999999 2.0000006039199998 1.99999973732 1.99999975896 0.0009765625
2.0000006039199998 2.0000006078400001 1.9999997356799999 1.9999997573199999 0.0009765625
2.0000006078400001 2.00000061176 1.99999973404 1.99999975568 0.0009765625
2.00000061176 2.0000006156899999 1.9999997324000001 1.9999997540400001 0.0009765625
2.0000006156899999 2.0000006196100002 1.9999997307599999 1.9999997523999999 0.0009765625
2.0000006196100002 2.0000006235300001 1.99999972911 1.99999975076 0.0009765625
2.0000006235300001 2.00000062745 1.9999997274700001 1.9999997491099999 0.0009765625
2.00000062745 2.0000006313699998 1.99999972583 1.99999974747 0.0009765625
2.0000006313699998 2.0000006352900002 1.99999972419 1.9999997458300001 0.0009765625
2.0000006352900002 2.00000063922 1.9999997225499999 1.9999997441899999 0.0009765625
2.00000063922 2.0000006431399999 1.99999972091 1.99999974255 0.0009765625
2.0000006431399999 2.0000006470599998 1.9999997192700001 1.9999997409100001 0.0009765625
2.0000006470599998 2.0000006509800001 1.99999971763 1.99999973927 0.0009765625
2.0000006509800001 2.0000006549 1.99999971599 1.9999997376300001 0.0009765625
2.0000006549 2.0000006588199999 1.9999997143499999 1.9999997359899999 0.0009765625
2.0000006588199999 2.0000006627500002 1.99999971271 1.99999973435 0.0009765625
2.0000006627500002 2.0000006666700001 1.9999997110700001 1.9999997327100001 0.0009765625
2.0000006666700001 2.00000067059 1.9999997094199999 1.99999973107 0.0009765625
2.00000067059 2.0000006745099999 1.99999970778 1.99999972943 0.0009765625
2.0000006745099999 2.0000006784300002 1.9999997061400001 1.9999997277799999 0.0009765625
2.0000006784300002 2.0000006823500001 1.9999997045 1.99999972614 0.0009765625
2.0000006823500001 2.0000006862699999 1.9999997028600001 1.9999997245000001 0.0009765625
2.0000006862699999 2.0000006901999998 1.9999997012199999 1.9999997228599999 0.0009765625
2.0000006901999998 2.0000006941200001 1.99999969958 1.99999972122 0.0009765625
2.0000006941200001 2.00000069804 1.9999996979400001 1.9999997195799999 0.0009765625
2.00000069804 2.0000007019599999 1.9999996963 1.99999971794 0.0009765625
2.0000007019599999 2.0000007058799998 1.99999969466 1.9999997163000001 0.0009765625
2.0000007058799998 2.0000007098000001 1.9999996930199999 1.9999997146599999 0.0009765625
2.0000007098000001 2.00000071373 1.99999969138 1.99999971302 0.0009765625
2.00000071373 2.0000007176499999 1.9999996897400001 1.9999997113800001 0.0009765625
2.0000007176499999 2.0000007215700002 1.9999996881 1.99999970974 0.0009765625
2.0000007215700002 2.0000007254900001 1.99999968645 1.9999997081000001 0.0009765625
2.0000007254900001 2.00000072941 1.9999996848099999 1.9999997064499999 0.0009765625
2.00000072941 2.0000007333299998 1.99999968317 1.99999970481 0.0009765625
2.0000007333299998 2.0000007372500002 1.9999996815300001 1.9999997031700001 0.0009765625
2.0000007372500002 2.00000074118 1.9999996798899999 1.99999970153 0.0009765625
2.00000074118 2.0000007450999999 1.99999967825 1.99999969989 0.0009765625
2.0000007450999999 2.0000007490199998 1.9999996766100001 1.9999996982499999 0.0009765625
2.0000007490199998 2.0000007529400001 1.99999967497 1.99999969661 0.0009765625
2.0000007529400001 2.00000075686 1.9999996733300001 1.9999996949700001 0.0009765625
2.00000075686 2.0000007607799999 1.9999996716899999 1.9999996933299999 0.0009765625
2.0000007607799999 2.0000007647100002 1.99999967005 1.99999969169 0.0009765625
2.0000007647100002 2.0000007686300001 1.9999996684100001 1.9999996900499999 0.0009765625
2.0000007686300001 2.00000077255 1.99999966677 1.99999968841 0.0009765625
2.00000077255 2.0000007764699999 1.99999966512 1.9999996867700001 0.0009765625
2.0000007764699999 2.0000007803900002 1.9999996634799999 1.9999996851199999 0.0009765625
2.0000007803900002 2.0000007843100001 1.99999966184 1.99999968348 0.0009765625
2.0000007843100001 2.0000007882399999 1.9999996602000001 1.9999996818400001 0.0009765625
2.0000007882399999 2.0000007921599998 1.9999996585599999 1.9999996802 0.0009765625
2.0000007921599998 2.0000007960800001 1.99999965692 1.99999967856 0.0009765625
2.0000007960800001 2.0000008 1.9999996552799999 1.9999996769199999 0.0009765625
2.0000008 2.0000008078399998 1.9999996520000001 1.99999967528 0.0009765625
2.0000008078399998 2.00000081569 1.99999964872 1.999999672 0.0009765625
2.00000081569 2.0000008235300002 1.99999964544 1.9999996687199999 0.0009765625
2.0000008235300002 2.00000083137 1.9999996421499999 1.9999996654400001 0.0009765625
2.00000083137 2.0000008392200002 1.9999996388700001 1.99999966215 0.0009765625
2.0000008392200002 2.0000008470599999 1.99999963559 1.99999965887 0.0009765625
2.0000008470599999 2.0000008549000001 1.99999963231 1.9999996555899999 0.0009765625
2.0000008549000001 2.0000008627499999 1.9999996290299999 1.9999996523100001 0.0009765625
2.0000008627499999 2.0000008705900001 1.9999996257499999 1.99999964903 0.0009765625
2.0000008705900001 2.0000008784299999 1.9999996224600001 1.99999964575 0.0009765625
2.0000008784299999 2.0000008862700001 1.99999961918 1.9999996424599999 0.0009765625
2.0000008862700001 2.0000008941199998 1.9999996159 1.9999996391799999 0.0009765625
2.0000008941199998 2.00000090196 1.9999996126199999 1.9999996359000001 0.0009765625
2.00000090196 2.0000009097999998 1.9999996093400001 1.99999963262 0.0009765625
2.0000009097999998 2.00000091765 1.99999960606 1.99999962934 0.0009765625
2.00000091765 2.0000009254900002 1.99999960277 1.9999996260599999 0.0009765625
2.0000009254900002 2.00000093333 1.9999995994899999 1.9999996227700001 0.0009765625
2.00000093333 2.0000009411800002 1.9999995962099999 1.99999961949 0.0009765625
2.0000009411800002 2.0000009490199999 1.9999995929300001 1.99999961621 0.0009765625
2.0000009490199999 2.0000009568600001 1.99999958965 1.9999996129299999 0.0009765625
2.0000009568600001 2.0000009647099999 1.99999958637 1.9999996096499999 0.0009765625
2.0000009647099999 2.0000009725500001 1.9999995830899999 1.9999996063700001 0.0009765625
2.0000009725500001 2.0000009803899998 1.9999995798000001 1.99999960309 0.0009765625
2.0000009803899998 2.0000009882400001 1.99999957652 1.9999995998 0.0009765625
2.0000009882400001 2.0000009960799998 1.99999957324 1.9999995965199999 0.0009765625
2.0000009960799998 2.00000100392 1.9999995699599999 1.9999995932400001 0.0009765625
2.00000100392 2.0000010117599998 1.9999995666799999 1.99999958996 0.0009765625
2.0000010117599998 2.00000101961 1.9999995634000001 1.99999958668 0.0009765625
2.00000101961 2.0000010274500002 1.99999956011 1.9999995833999999 0.0009765625
2.0000010274500002 2.00000103529 1.99999955683 1.9999995801099999 0.0009765625
2.00000103529 2.0000010431400002 1.9999995535499999 1.9999995768300001 0.0009765625
2.0000010431400002 2.0000010509799999 1.9999995502700001 1.99999957355 0.0009765625
2.0000010509799999 2.0000010588200001 1.99999954699 1.99999957027 0.0009765625
2.0000010588200001 2.0000010666699999 1.99999954371 1.9999995669899999 0.0009765625
2.0000010666699999 2.0000010745100001 1.9999995404199999 1.9999995637100001 0.0009765625
2.0000010745100001 2.0000010823499998 1.9999995371399999 1.99999956043 0.0009765625
2.0000010823499998 2.0000010902000001 1.9999995338600001 1.99999955714 0.0009765625
2.0000010902000001 2.0000010980399998 1.99999953058 1.9999995538599999 0.0009765625
2.0000010980399998 2.00000110588 1.9999995273 1.9999995505799999 0.0009765625
2.00000110588 2.0000011137299998 1.9999995240199999 1.9999995473000001 0.0009765625
2.0000011137299998 2.00000112157 1.9999995207400001 1.99999954402 0.0009765625
2.00000112157 2.0000011294100002 1.99999951745 1.99999954074 0.0009765625
2.0000011294100002 2.0000011372499999 1.99999951417 1.9999995374499999 0.0009765625
2.0000011372499999 2.0000011451000002 1.9999995108899999 1.9999995341700001 0.0009765625
2.0000011451000002 2.0000011529399999 1.9999995076099999 1.99999953089 0.0009765625
2.0000011529399999 2.0000011607800001 1.9999995043300001 1.99999952761 0.0009765625
2.0000011607800001 2.0000011686299999 1.99999950105 1.9999995243299999 0.0009765625
2.0000011686299999 2.0000011764700001 1.99999949777 1.9999995210499999 0.0009765625
2.0000011764700001 2.0000011843099998 1.9999994944799999 1.9999995177700001 0.0009765625
2.0000011843099998 2.0000011921600001 1.9999994912000001 1.99999951448 0.0009765625
2.0000011921600001 2.0000011999999998 1.99999948792 1.9999995112 0.0009765625
2.0000011999999998 2.00000120784 1.99999948464 1.9999995079199999 0.0009765625
2.00000120784 2.0000012156899998 1.9999994813599999 1.9999995046400001 0.0009765625
2.0000012156899998 2.00000122353 1.9999994780799999 1.99999950136 0.0009765625
2.00000122353 2.0000012313700002 1.9999994747900001 1.99999949808 0.0009765625
2.0000012313700002 2.0000012392199999 1.99999947151 1.9999994947899999 0.0009765625
2.0000012392199999 2.0000012470600002 1.99999946823 1.9999994915099999 0.0009765625
2.0000012470600002 2.0000012548999999 1.9999994649499999 1.9999994882300001 0.0009765625
2.0000012548999999 2.0000012627500001 1.9999994616700001 1.99999948495 0.0009765625
2.0000012627500001 2.0000012705899999 1.99999945839 1.99999948167 0.0009765625
2.0000012705899999 2.0000012784300001 1.9999994551 1.9999994783899999 0.0009765625
2.0000012784300001 2.0000012862699998 1.9999994518199999 1.9999994751000001 0.0009765625
2.0000012862699998 2.0000012941200001 1.9999994485399999 1.99999947182 0.0009765625
2.0000012941200001 2.0000013019599998 1.9999994452600001 1.99999946854 0.0009765625
2.0000013019599998 2.0000013098 1.99999944198 1.9999994652599999 0.0009765625
2.0000013098 2.0000013176500002 1.9999994387 1.9999994619799999 0.0009765625
2.0000013176500002 2.00000132549 1.9999994354199999 1.9999994587000001 0.0009765625
2.00000132549 2.0000013333300002 1.9999994321300001 1.99999945542 0.0009765625
2.0000013333300002 2.0000013411799999 1.99999942885 1.99999945213 0.0009765625
2.0000013411799999 2.0000013490200002 1.99999942557 1.9999994488499999 0.0009765625
2.0000013490200002 2.0000013568599999 1.9999994222899999 1.9999994455700001 0.0009765625
2.0000013568599999 2.0000013647100001 1.9999994190099999 1.99999944229 0.0009765625
2.0000013647100001 2.0000013725499999 1.9999994157300001 1.99999943901 0.0009765625
2.0000013725499999 2.0000013803900001 1.99999941244 1.9999994357299999 0.0009765625
2.0000013803900001 2.0000013882399998 1.99999940916 1.9999994324399999 0.0009765625
2.0000013882399998 2.00000139608 1.9999994058799999 1.9999994291600001 0.0009765625
2.00000139608 2.0000014039199998 1.9999994026000001 1.99999942588 0.0009765625
2.0000014039199998 2.00000141176 1.99999939932 1.9999994226 0.0009765625
2.00000141176 2.0000014196100002 1.99999939604 1.9999994193199999 0.0009765625
2.0000014196100002 2.00000142745 1.9999993927599999 1.9999994160400001 0.0009765625
2.00000142745 2.0000014352900002 1.9999993894700001 1.99999941276 0.0009765625
2.0000014352900002 2.0000014431399999 1.9999993861900001 1.99999940947 0.0009765625
2.0000014431399999 2.0000014509800002 1.99999938291 1.9999994061899999 0.0009765625
2.0000014509800002 2.0000014588199999 1.99999937963 1.9999994029099999 0.0009765625
2.0000014588199999 2.0000014666700001 1.9999993763499999 1.9999993996300001 0.0009765625
2.0000014666700001 2.0000014745099999 1.9999993730700001 1.99999939635 0.0009765625
2.0000014745099999 2.0000014823500001 1.99999936978 1.99999939307 0.0009765625
2.0000014823500001 2.0000014901999998 1.9999993665 1.9999993897799999 0.0009765625
2.0000014901999998 2.00000149804 1.9999993632199999 1.9999993865000001 0.0009765625
2.00000149804 2.0000015058799998 1.9999993599400001 1.99999938322 0.0009765625
2.0000015058799998 2.00000151373 1.9999993566600001 1.99999937994 0.0009765625
2.00000151373 2.0000015215700002 1.99999935338 1.9999993766599999 0.0009765625
2.0000015215700002 2.00000152941 1.9999993501 1.9999993733799999 0.0009765625
2.00000152941 2.0000015372500002 1.9999993468099999 1.9999993701000001 0.0009765625
2.0000015372500002 2.0000015450999999 1.9999993435300001 1.99999936681 0.0009765625
2.0000015450999999 2.0000015529400001 1.99999934025 1.99999936353 0.0009765625
2.0000015529400001 2.0000015607799999 1.99999933697 1.9999993602499999 0.0009765625
2.0000015607799999 2.0000015686300001 1.9999993336899999 1.9999993569700001 0.0009765625
2.0000015686300001 2.0000015764699999 1.9999993304100001 1.99999935369 0.0009765625
2.0000015764699999 2.0000015843100001 1.9999993271200001 1.99999935041 0.0009765625
2.0000015843100001 2.0000015921599998 1.99999932384 1.9999993471199999 0.0009765625
2.0000015921599998 2.0000016 1.99999932056 1.9999993438400001 0.0009765625
2.0000016 2.00000161569 1.9999993140000001 1.9999993405600001 0.0009765625
2.00000161569 2.00000163137 1.99999930744 1.999999334 0.0009765625
2.00000163137 2.0000016470599999 1.9999993008700001 1.9999993274400001 0.0009765625
2.0000016470599999 2.0000016627499999 1.99999929431 1.99999932087 0.0009765625
2.0000016627499999 2.0000016784299999 1.9999992877499999 1.9999993143100001 0.0009765625
2.0000016784299999 2.0000016941199998 1.99999928118 1.99999930775 0.0009765625
2.0000016941199998 2.0000017097999998 1.9999992746199999 1.9999993011799999 0.0009765625
2.0000017097999998 2.0000017254900002 1.9999992680600001 1.99999929462 0.0009765625
2.0000017254900002 2.0000017411800002 1.99999926149 1.9999992880599999 0.0009765625
2.0000017411800002 2.0000017568600001 1.9999992549300001 1.9999992814900001 0.0009765625
2.0000017568600001 2.0000017725500001 1.99999924837 1.99999927493 0.0009765625
2.0000017725500001 2.0000017882400001 1.9999992418000001 1.9999992683700001 0.0009765625
2.0000017882400001 2.00000180392 1.99999923524 1.9999992618 0.0009765625
2.00000180392 2.00000181961 1.9999992286799999 1.9999992552400001 0.0009765625
2.00000181961 2.00000183529 1.99999922211 1.99999924868 0.0009765625
2.00000183529 2.0000018509799999 1.9999992155499999 1.9999992421099999 0.0009765625
2.0000018509799999 2.0000018666699999 1.9999992089900001 1.99999923555 0.0009765625
2.0000018666699999 2.0000018823499999 1.99999920243 1.9999992289899999 0.0009765625
2.0000018823499999 2.0000018980399998 1.9999991958600001 1.9999992224300001 0.0009765625
2.0000018980399998 2.0000019137299998 1.9999991893 1.99999921586 0.0009765625
2.0000019137299998 2.0000019294100002 1.9999991827400001 1.9999992093000001 0.0009765625
2.0000019294100002 2.0000019451000002 1.99999917617 1.99999920274 0.0009765625
2.0000019451000002 2.0000019607800001 1.9999991696099999 1.9999991961700001 0.0009765625
2.0000019607800001 2.0000019764700001 1.99999916305 1.99999918961 0.0009765625
2.0000019764700001 2.0000019921600001 1.9999991564799999 1.9999991830499999 0.0009765625
2.0000019921600001 2.00000200784 1.9999991499200001 1.99999917648 0.0009765625
2.00000200784 2.00000202353 1.99999914336 1.9999991699199999 0.0009765625
2.00000202353 2.00000203922 1.9999991367900001 1.9999991633600001 0.0009765625
2.00000203922 2.0000020548999999 1.99999913023 1.99999915679 0.0009765625
2.0000020548999999 2.0000020705899999 1.9999991236700001 1.9999991502300001 0.0009765625
2.0000020705899999 2.0000020862699999 1.99999911711 1.99999914367 0.0009765625
2.0000020862699999 2.0000021019599998 1.9999991105399999 1.9999991371100001 0.0009765625
2.0000021019599998 2.0000021176499998 1.99999910398 1.99999913054 0.0009765625
2.0000021176499998 2.0000021333300002 1.9999990974199999 1.9999991239799999 0.0009765625
2.0000021333300002 2.0000021490200002 1.99999909085 1.99999911741 0.0009765625
2.0000021490200002 2.0000021647100001 1.99999908429 1.9999991108499999 0.0009765625
2.0000021647100001 2.0000021803900001 1.9999990777300001 1.9999991042900001 0.0009765625
2.0000021803900001 2.0000021960800001 1.99999907116 1.99999909773 0.0009765625
2.0000021960800001 2.00000221176 1.9999990646000001 1.9999990911600001 0.0009765625
2.00000221176 2.00000222745 1.99999905804 1.9999990846 0.0009765625
2.00000222745 2.00000224314 1.9999990514699999 1.9999990780400001 0.0009765625
2.00000224314 2.0000022588199999 1.99999904491 1.99999907147 0.0009765625
2.0000022588199999 2.0000022745099999 1.9999990383499999 1.9999990649099999 0.0009765625
2.0000022745099999 2.0000022901999999 1.99999903178 1.99999905835 0.0009765625
2.0000022901999999 2.0000023058799998 1.9999990252199999 1.9999990517799999 0.0009765625
2.0000023058799998 2.0000023215699998 1.9999990186600001 1.99999904522 0.0009765625
2.0000023215699998 2.0000023372500002 1.9999990121 1.99999903866 0.0009765625
2.0000023372500002 2.0000023529400002 1.9999990055300001 1.9999990321000001 0.0009765625
2.0000023529400002 2.0000023686300001 1.99999899897 1.99999902553 0.0009765625
2.0000023686300001 2.0000023843100001 1.9999989924099999 1.9999990189700001 0.0009765625
2.0000023843100001 2.0000024000000001 1.99999898584 1.99999901241 0.0009765625
2.0000024000000001 2.00000241569 1.9999989792799999 1.9999990058399999 0.0009765625
2.00000241569 2.00000243137 1.99999897272 1.99999899928 0.0009765625
2.00000243137 2.00000244706 1.9999989661499999 1.9999989927199999 0.0009765625
2.00000244706 2.0000024627499999 1.9999989595900001 1.99999898615 0.0009765625
2.0000024627499999 2.0000024784299999 1.99999895303 1.9999989795899999 0.0009765625
2.0000024784299999 2.0000024941199999 1.9999989464600001 1.9999989730300001 0.0009765625
2.0000024941199999 2.0000025097999998 1.9999989399 1.99999896646 0.0009765625
2.0000025097999998 2.0000025254899998 1.9999989333399999 1.9999989599000001 0.0009765625
2.0000025254899998 2.0000025411800002 1.99999892678 1.99999895334 0.0009765625
2.0000025411800002 2.0000025568600002 1.9999989202099999 1.9999989467799999 0.0009765625
2.0000025568600002 2.0000025725500001 1.99999891365 1.99999894021 0.0009765625
2.0000025725500001 2.0000025882400001 1.9999989070899999 1.9999989336499999 0.0009765625
2.0000025882400001 2.0000026039200001 1.9999989005200001 1.99999892709 0.0009765625
2.0000026039200001 2.00000261961 1.99999889396 1.9999989205199999 0.0009765625
2.00000261961 2.00000263529 1.9999988874000001 1.9999989139600001 0.0009765625
2.00000263529 2.00000265098 1.99999888083 1.9999989074 0.0009765625
2.00000265098 2.0000026666699999 1.9999988742699999 1.9999989008300001 0.0009765625
2.0000026666699999 2.0000026823499999 1.99999886771 1.99999889427 0.0009765625
2.0000026823499999 2.0000026980399999 1.9999988611399999 1.9999988877099999 0.0009765625
2.0000026980399999 2.0000027137299998 1.99999885458 1.99999888114 0.0009765625
2.0000027137299998 2.0000027294099998 1.99999875802 1.99999896458 0.0009765625
2.0000027294099998 2.0000027451000002 1.9999987514499999 1.9999989580199999 0.0009765625
2.0000027451000002 2.0000027607800002 1.9999987448900001 1.9999989514500001 0.0009765625
2.0000027607800002 2.0000027764700001 1.99999873833 1.99999894489 0.0009765625
2.0000027764700001 2.0000027921600001 1.9999987317700001 1.9999989383300001 0.0009765625
2.0000027921600001 2.0000028078400001 1.9999987252 1.99999893177 0.0009765625
2.0000028078400001 2.00000282353 1.9999987186399999 1.9999989252000001 0.0009765625
2.00000282353 2.00000283922 1.99999871208 1.99999891864 0.0009765625
2.00000283922 2.0000028549 1.9999987055099999 1.9999989120799999 0.0009765625
2.0000028549 2.0000028705899999 1.99999869895 1.99999890551 0.0009765625
2.0000028705899999 2.0000028862699999 1.9999986923899999 1.9999988989499999 0.0009765625
2.0000028862699999 2.0000029019599999 1.9999986858200001 1.9999988923900001 0.0009765625
2.0000029019599999 2.0000029176499998 1.99999867926 1.99999888582 0.0009765625
2.0000029176499998 2.0000029333299998 1.9999986727000001 1.9999988792600001 0.0009765625
2.0000029333299998 2.0000029490200002 1.99999866613 1.9999988727 0.0009765625
2.0000029490200002 2.0000029647100002 1.9999986595699999 1.9999988661300001 0.0009765625
2.0000029647100002 2.0000029803900001 1.99999865301 1.99999885957 0.0009765625
2.0000029803900001 2.0000029960800001 1.9999986464499999 1.9999988530099999 0.0009765625
2.0000029960800001 2.0000030117600001 1.99999863988 1.99999884645 0.0009765625
2.0000030117600001 2.00000302745 1.9999986333199999 1.9999988398799999 0.0009765625
2.00000302745 2.00000304314 1.9999986267600001 1.9999988333200001 0.0009765625
2.00000304314 2.00000305882 1.99999862019 1.99999882676 0.0009765625
2.00000305882 2.0000030745099999 1.9999986136300001 1.9999988201900001 0.0009765625
2.0000030745099999 2.0000030901999999 1.99999860707 1.99999881363 0.0009765625
2.0000030901999999 2.0000031058799999 1.9999986004999999 1.9999988070700001 0.0009765625
2.0000031058799999 2.0000031215699998 1.99999859394 1.9999988005 0.0009765625
2.0000031215699998 2.0000031372499998 1.9999985873799999 1.9999987939399999 0.0009765625
2.0000031372499998 2.0000031529400002 1.99999858081 1.99999878738 0.0009765625
2.0000031529400002 2.0000031686300002 1.9999985742499999 1.9999987808099999 0.0009765625
2.0000031686300002 2.0000031843100001 1.9999985676900001 1.9999987742500001 0.0009765625
2.0000031843100001 2.0000032000000001 1.99999856113 1.99999876769 0.0009765625
2.0000032000000001 2.00000323137 1.999998548 1.9999987611200001 0.0009765625
2.00000323137 2.00000326275 1.99999853487 1.9999987480000001 0.0009765625
2.00000326275 2.0000032941199999 1.99999852175 1.9999987348699999 0.0009765625
2.0000032941199999 2.0000033254899998 1.9999985086200001 1.9999987217499999 0.0009765625
2.0000033254899998 2.0000033568600002 1.9999984954900001 1.99999870862 0.0009765625
2.0000033568600002 2.0000033882400001 1.9999984823700001 1.99999869549 0.0009765625
2.0000033882400001 2.0000034196100001 1.9999984692399999 1.99999868237 0.0009765625
2.0000034196100001 2.00000345098 1.9999984561199999 1.99999866924 0.0009765625
2.00000345098 2.0000034823499999 1.99999844299 1.9999986561200001 0.0009765625
2.0000034823499999 2.0000035137299998 1.99999842986 1.9999986429900001 0.0009765625
2.0000035137299998 2.0000035450999998 1.99999841674 1.9999986298600001 0.0009765625
2.0000035450999998 2.0000035764700002 1.99999840361 1.9999986167399999 0.0009765625
2.0000035764700002 2.0000036078400001 1.9999983904800001 1.9999986036099999 0.0009765625
2.0000036078400001 2.00000363922 1.9999983773600001 1.9999985904799999 0.0009765625
2.00000363922 2.0000036705899999 1.9999983642300001 1.99999857736 0.0009765625
2.0000036705899999 2.0000037019599999 1.9999983511099999 1.99999856423 0.0009765625
2.0000037019599999 2.0000037333299998 1.9999983379799999 1.99999855111 0.0009765625
2.0000037333299998 2.0000037647100002 1.99999832485 1.99999853798 0.0009765625
2.0000037647100002 2.0000037960800001 1.99999831173 1.9999985248500001 0.0009765625
2.0000037960800001 2.00000382745 1.9999982986 1.9999985117300001 0.0009765625
2.00000382745 2.00000385882 1.99999828548 1.9999984985999999 0.0009765625
2.00000385882 2.0000038901999999 1.9999982723500001 1.9999984854799999 0.0009765625
2.0000038901999999 2.0000039215699998 1.9999982592200001 1.9999984723499999 0.0009765625
2.0000039215699998 2.0000039529400002 1.9999982461000001 1.99999845922 0.0009765625
2.0000039529400002 2.0000039843100001 1.9999982329699999 1.9999984461 0.0009765625
2.0000039843100001 2.0000040156900001 1.9999982198399999 1.99999843297 0.0009765625
2.0000040156900001 2.00000404706 1.9999982067199999 1.99999841984 0.0009765625
2.00000404706 2.0000040784299999 1.99999819359 1.9999984067200001 0.0009765625
2.0000040784299999 2.0000041097999999 1.99999818047 1.9999983935900001 0.0009765625
2.0000041097999999 2.0000041411799998 1.99999816734 1.9999983804699999 0.0009765625
2.0000041411799998 2.0000041725500002 1.99999815421 1.9999983673399999 0.0009765625
2.0000041725500002 2.0000042039200001 1.9999981410900001 1.9999983542099999 0.0009765625
2.0000042039200001 2.00000423529 1.9999981279600001 1.99999834109 0.0009765625
2.00000423529 2.00000426667 1.9999981148399999 1.99999832796 0.0009765625
2.00000426667 2.0000042980399999 1.9999981017099999 1.99999831483 0.0009765625
2.0000042980399999 2.0000043294099998 1.9999980885799999 1.99999830171 0.0009765625
2.0000043294099998 2.0000043607800002 1.99999807546 1.9999982885800001 0.0009765625
2.0000043607800002 2.0000043921600001 1.99999806233 1.9999982754600001 0.0009765625
2.0000043921600001 2.0000044235300001 1.9999980492 1.9999982623300001 0.0009765625
2.0000044235300001 2.0000044549 1.99999803608 1.9999982491999999 0.0009765625
2.0000044549 2.0000044862699999 1.9999980229500001 1.9999982360799999 0.0009765625
2.0000044862699999 2.0000045176499999 1.9999980098300001 1.99999822295 0.0009765625
2.0000045176499999 2.0000045490199998 1.9999979966999999 1.99999820983 0.0009765625
2.0000045490199998 2.0000045803900002 1.9999979835699999 1.9999981967 0.0009765625
2.0000045803900002 2.0000046117600001 1.9999979704499999 1.99999818357 0.0009765625
2.0000046117600001 2.00000464314 1.99999795732 1.9999981704500001 0.0009765625
2.00000464314 2.00000467451 1.9999979442 1.9999981573200001 0.0009765625
2.00000467451 2.0000047058799999 1.99999793107 1.9999981442000001 0.0009765625
2.0000047058799999 2.0000047372499998 1.99999791794 1.9999981310699999 0.0009765625
2.0000047372499998 2.0000047686300002 1.9999979048200001 1.9999981179399999 0.0009765625
2.0000047686300002 2.0000048000000001 1.9999978916900001 1.99999810482 0.0009765625
2.0000048000000001 2.0000048313700001 1.9999978785600001 1.99999809169 0.0009765625
2.0000048313700001 2.00000486275 1.9999978654399999 1.99999807856 0.0009765625
2.00000486275 2.0000048941199999 1.9999978523099999 1.99999806544 0.0009765625
2.0000048941199999 2.0000049254899999 1.99999783919 1.9999980523100001 0.0009765625
2.0000049254899999 2.0000049568599998 1.99999782606 1.9999980391900001 0.0009765625
2.0000049568599998 2.0000049882400002 1.99999781293 1.9999980260600001 0.0009765625
2.0000049882400002 2.0000050196100001 1.99999779981 1.9999980129299999 0.0009765625
2.0000050196100001 2.00000505098 1.9999977866800001 1.9999979998099999 0.0009765625
2.00000505098 2.00000508235 1.9999977735600001 1.99999798668 0.0009765625
2.00000508235 2.0000051137299999 1.9999977604300001 1.99999797356 0.0009765625
2.0000051137299999 2.0000051450999998 1.9999977472999999 1.99999796043 0.0009765625
2.0000051450999998 2.0000051764700002 1.9999977341799999 1.9999979473 0.0009765625
2.0000051764700002 2.0000052078400001 1.99999772105 1.99999793418 0.0009765625
2.0000052078400001 2.0000052392200001 1.99999770792 1.9999979210500001 0.0009765625
2.0000052392200001 2.00000527059 1.9999976948 1.9999979079200001 0.0009765625
2.00000527059 2.0000053019599999 1.99999768167 1.9999978947999999 0.0009765625
2.0000053019599999 2.0000053333299999 1.9999976685500001 1.9999978816699999 0.0009765625
2.0000053333299999 2.0000053647099998 1.9999976554200001 1.9999978685499999 0.0009765625
2.0000053647099998 2.0000053960800002 1.9999976422900001 1.99999785542 0.0009765625
2.0000053960800002 2.0000054274500001 1.9999976291699999 1.99999784229 0.0009765625
2.0000054274500001 2.00000545882 1.9999976160399999 1.99999782917 0.0009765625
2.00000545882 2.0000054902 1.99999760292 1.99999781604 0.0009765625
2.0000054902 2.0000055215699999 1.99999758979 1.9999978029200001 0.0009765625
2.0000055215699999 2.0000055529399998 1.99999757666 1.9999977897900001 0.0009765625
2.0000055529399998 2.0000055843100002 1.99999756354 1.9999977766599999 0.0009765625
2.0000055843100002 2.0000056156900001 1.99999755041 1.9999977635399999 0.0009765625
2.0000056156900001 2.0000056470600001 1.9999975372900001 1.9999977504099999 0.0009765625
2.0000056470600001 2.00000567843 1.9999975241600001 1.99999773729 0.0009765625
2.00000567843 2.0000057097999999 1.9999975110299999 1.99999772416 0.0009765625
2.0000057097999999 2.0000057411799999 1.9999974979099999 1.99999771103 0.0009765625
2.0000057411799999 2.0000057725499998 1.9999974847799999 1.99999769791 0.0009765625
2.0000057725499998 2.0000058039200002 1.99999747165 1.9999976847800001 0.0009765625
2.0000058039200002 2.0000058352900001 1.99999745853 1.9999976716500001 0.0009765625
2.0000058352900001 2.00000586667 1.9999974454 1.9999976585300001 0.0009765625
2.00000586667 2.00000589804 1.99999743228 1.9999976453999999 0.0009765625
2.00000589804 2.0000059294099999 1.9999974191500001 1.9999976322799999 0.0009765625
2.0000059294099999 2.0000059607799998 1.9999974060200001 1.99999761915 0.0009765625
2.0000059607799998 2.0000059921600002 1.9999973928999999 1.99999760602 0.0009765625
2.0000059921600002 2.0000060235300001 1.9999973797699999 1.9999975929 0.0009765625
2.0000060235300001 2.0000060549000001 1.9999973666499999 1.99999757977 0.0009765625
2.0000060549000001 2.00000608627 1.99999735352 1.9999975666500001 0.0009765625
2.00000608627 2.0000061176499999 1.99999734039 1.9999975535200001 0.0009765625
2.0000061176499999 2.0000061490199998 1.99999732727 1.9999975403900001 0.0009765625
2.0000061490199998 2.0000061803900002 1.99999731414 1.9999975272699999 0.0009765625
2.0000061803900002 2.0000062117600002 1.9999973010200001 1.9999975141399999 0.0009765625
2.0000062117600002 2.0000062431400001 1.9999972878900001 1.99999750102 0.0009765625
2.0000062431400001 2.00000627451 1.9999972747600001 1.99999748789 0.0009765625
2.00000627451 2.0000063058799999 1.9999972616399999 1.99999747476 0.0009765625
2.0000063058799999 2.0000063372499999 1.9999972485099999 1.99999746164 0.0009765625
2.0000063372499999 2.0000063686299998 1.99999723538 1.9999974485100001 0.0009765625
2.0000063686299998 2.0000064000000002 1.99999722226 1.9999974353800001 0.0009765625
2.0000064000000002 2.00000646275 1.99999719601 1.9999974222600001 0.0009765625
2.00000646275 2.0000065254899999 1.9999971697500001 1.9999973960099999 0.0009765625
2.0000065254899999 2.0000065882400002 1.9999971434999999 1.99999736975 0.0009765625
2.0000065882400002 2.0000066509800001 1.99999711725 1.9999973435 0.0009765625
2.0000066509800001 2.0000067137299999 1.999997091 1.9999973172500001 0.0009765625
2.0000067137299999 2.0000067764699998 1.9999970647500001 1.9999972909999999 0.0009765625
2.0000067764699998 2.0000068392200001 1.9999970384900001 1.9999972647499999 0.0009765625
2.0000068392200001 2.00000690196 1.9999970122399999 1.99999723849 0.0009765625
2.00000690196 2.0000069647099998 1.99999698599 1.99999721224 0.0009765625
2.0000069647099998 2.0000070274500001 1.99999695974 1.9999971859900001 0.0009765625
2.0000070274500001 2.0000070902 1.9999969334800001 1.9999971597399999 0.0009765625
2.0000070902 2.0000071529399999 1.9999969072299999 1.99999713348 0.0009765625
2.0000071529399999 2.0000072156900002 1.9999968809799999 1.99999710723 0.0009765625
2.0000072156900002 2.00000727843 1.99999685473 1.9999970809800001 0.0009765625
2.00000727843 2.0000073411799999 1.99999682848 1.9999970547299999 0.0009765625
2.0000073411799999 2.0000074039200002 1.9999968022200001 1.9999970284799999 0.0009765625
2.0000074039200002 2.0000074666700001 1.9999967759699999 1.99999700222 0.0009765625
2.0000074666700001 2.0000075294099999 1.99999674972 1.99999697597 0.0009765625
2.0000075294099999 2.0000075921599998 1.99999672347 1.9999969497200001 0.0009765625
2.0000075921599998 2.0000076549000001 1.9999966972100001 1.9999969234699999 0.0009765625
2.0000076549000001 2.00000771765 1.9999966709599999 1.99999689721 0.0009765625
2.00000771765 2.0000077803899998 1.9999966447099999 1.99999687096 0.0009765625
2.0000077803899998 2.0000078431400001 1.99999661846 1.9999968447100001 0.0009765625
2.0000078431400001 2.00000790588 1.99999659221 1.9999968184600001 0.0009765625
2.00000790588 2.0000079686299999 1.9999965659500001 1.9999967922099999 0.0009765625
2.0000079686299999 2.0000080313700002 1.9999965396999999 1.99999676595 0.0009765625
2.0000080313700002 2.00000809412 1.99999651345 1.9999967397 0.0009765625
2.00000809412 2.0000081568599999 1.9999964872 1.9999967134500001 0.0009765625
2.0000081568599999 2.0000082196100002 1.9999964609500001 1.9999966871999999 0.0009765625
2.0000082196100002 2.0000082823500001 1.9999964346900001 1.9999966609499999 0.0009765625
2.0000082823500001 2.0000083450999999 1.9999964084399999 1.99999663469 0.0009765625
2.0000083450999999 2.0000084078399998 1.99999638219 1.99999660844 0.0009765625
2.0000084078399998 2.0000084705900001 1.99999635594 1.9999965821900001 0.0009765625
2.0000084705900001 2.0000085333299999 1.9999963296800001 1.9999965559399999 0.0009765625
2.0000085333299999 2.0000085960799998 1.9999963034299999 1.99999652968 0.0009765625
2.0000085960799998 2.0000086588200001 1.9999962771799999 1.99999650343 0.0009765625
2.0000086588200001 2.00000872157 1.99999625093 1.9999964771800001 0.0009765625
2.00000872157 2.0000087843099998 1.99999622468 1.9999964509299999 0.0009765625
2.0000087843099998 2.0000088470600002 1.9999961984200001 1.9999964246799999 0.0009765625
2.0000088470600002 2.0000089098 1.9999961721699999 1.99999639842 0.0009765625
2.0000089098 2.0000089725499999 1.99999614592 1.99999637217 0.0009765625
2.0000089725499999 2.0000090352900002 1.99999611967 1.9999963459200001 0.0009765625
2.0000090352900002 2.00000909804 1.9999960934200001 1.9999963196699999 0.0009765625
2.00000909804 2.0000091607799999 1.9999960671599999 1.99999629342 0.0009765625
2.0000091607799999 2.0000092235300002 1.9999960409099999 1.99999626716 0.0009765625
2.0000092235300002 2.0000092862700001 1.99999601466 1.9999962409100001 0.0009765625
2.0000092862700001 2.0000093490199999 1.99999598841 1.9999962146600001 0.0009765625
2.0000093490199999 2.0000094117599998 1.9999959621500001 1.9999961884099999 0.0009765625
2.0000094117599998 2.0000094745100001 1.9999959358999999 1.99999616215 0.0009765625
2.0000094745100001 2.00000953725 1.99999590965 1.9999961359 0.0009765625
2.00000953725 2.0000095999999998 1.9999958834 1.9999961096500001 0.0009765625
2.0000095999999998 2.0000096627500001 1.9999958571500001 1.9999960833999999 0.0009765625
2.0000096627500001 2.00000972549 1.9999958308900001 1.99999605715 0.0009765625
2.00000972549 2.0000097882399999 1.9999958046399999 1.99999603089 0.0009765625
2.0000097882399999 2.0000098509800002 1.99999577839 1.99999600464 0.0009765625
2.0000098509800002 2.00000991373 1.99999575214 1.9999959783900001 0.0009765625
2.00000991373 2.0000099764699999 1.9999957258900001 1.9999959521399999 0.0009765625
2.0000099764699999 2.0000100392200002 1.9999956996299999 1.99999592589 0.0009765625
2.0000100392200002 2.0000101019600001 1.9999956733799999 1.99999589963 0.0009765625
2.0000101019600001 2.0000101647099999 1.99999564713 1.9999958733800001 0.0009765625
2.0000101647099999 2.0000102274499998 1.99999562088 1.9999958471299999 0.0009765625
2.0000102274499998 2.0000102902000001 1.9999955946300001 1.9999958208799999 0.0009765625
2.0000102902000001 2.00001035294 1.9999955683699999 1.99999579463 0.0009765625
2.00001035294 2.0000104156899998 1.99999554212 1.99999576837 0.0009765625
2.0000104156899998 2.0000104784300001 1.99999551587 1.9999957421200001 0.0009765625
2.0000104784300001 2.00001054118 1.9999954896200001 1.9999957158699999 0.0009765625
2.00001054118 2.0000106039199999 1.9999954633699999 1.99999568962 0.0009765625
2.0000106039199999 2.0000106666700002 1.9999954371099999 1.99999566337 0.0009765625
2.0000106666700002 2.00001072941 1.99999541086 1.9999956371100001 0.0009765625
2.00001072941 2.0000107921599999 1.99999538461 1.9999956108600001 0.0009765625
2.0000107921599999 2.0000108549000002 1.9999953583600001 1.9999955846099999 0.0009765625
2.0000108549000002 2.0000109176500001 1.9999953321099999 1.99999555836 0.0009765625
2.0000109176500001 2.0000109803899999 1.99999530585 1.99999553211 0.0009765625
2.0000109803899999 2.0000110431400002 1.9999952796 1.9999955058500001 0.0009765625
2.0000110431400002 2.0000111058800001 1.9999952533500001 1.9999954795999999 0.0009765625
2.0000111058800001 2.0000111686299999 1.9999952271000001 1.99999545335 0.0009765625
2.0000111686299999 2.0000112313699998 1.9999952008499999 1.9999954271 0.0009765625
2.0000112313699998 2.0000112941200001 1.99999517459 1.99999540085 0.0009765625
2.0000112941200001 2.00001135686 1.99999514834 1.9999953745900001 0.0009765625
2.00001135686 2.0000114196099998 1.9999951220900001 1.9999953483399999 0.0009765625
2.0000114196099998 2.0000114823500001 1.9999950958399999 1.99999532209 0.0009765625
2.0000114823500001 2.0000115451 1.99999506959 1.99999529584 0.0009765625
2.0000115451 2.0000116078399999 1.99999504333 1.9999952695900001 0.0009765625
2.0000116078399999 2.0000116705900002 1.99999501708 1.9999952433299999 0.0009765625
2.0000116705900002 2.00001173333 1.9999949908300001 1.9999952170799999 0.0009765625
2.00001173333 2.0000117960799999 1.9999949645799999 1.99999519083 0.0009765625
2.0000117960799999 2.0000118588200002 1.99999493833 1.99999516458 0.0009765625
2.0000118588200002 2.0000119215700001 1.99999491207 1.9999951383300001 0.0009765625
2.0000119215700001 2.0000119843099999 1.9999948858200001 1.9999951120699999 0.0009765625
2.0000119843099999 2.0000120470599998 1.9999948595699999 1.99999508582 0.0009765625
2.0000120470599998 2.0000121098000001 1.9999948333199999 1.99999505957 0.0009765625
2.0000121098000001 2.00001217255 1.99999480707 1.9999950333200001 0.0009765625
2.00001217255 2.0000122352899998 1.99999478081 1.9999950070700001 0.0009765625
2.0000122352899998 2.0000122980400001 1.9999947545600001 1.9999949808099999 0.0009765625
2.0000122980400001 2.00001236078 1.9999947283099999 1.99999495456 0.0009765625
2.00001236078 2.0000124235299999 1.99999470206 1.99999492831 0.0009765625
2.0000124235299999 2.0000124862700002 1.99999467581 1.9999949020600001 0.0009765625
2.0000124862700002 2.00001254902 1.9999946495500001 1.9999948758099999 0.0009765625
2.00001254902 2.0000126117599999 1.9999946233000001 1.99999484955 0.0009765625
2.0000126117599999 2.0000126745100002 1.9999945970499999 1.9999948233 0.0009765625
2.0000126745100002 2.0000127372500001 1.9999945708 1.9999947970500001 0.0009765625
2.0000127372500001 2.0000127999999999 1.99999454455 1.9999947708000001 0.0009765625
2.0000127999999999 2.0000129254900001 1.9999944920399999 1.9999947445399999 0.0009765625
2.0000129254900001 2.0000130509799998 1.99999443954 1.99999469204 0.0009765625
2.0000130509799998 2.00001317647 1.9999943870300001 1.9999946395399999 0.0009765625
2.00001317647 2.0000133019600002 1.99999433453 1.99999458703 0.0009765625
2.0000133019600002 2.0000134274499999 1.9999942820300001 1.9999945345300001 0.0009765625
2.0000134274499999 2.0000135529400001 1.9999942295199999 1.99999448203 0.0009765625
2.0000135529400001 2.0000136784300002 1.99999417702 1.9999944295200001 0.0009765625
2.0000136784300002 2.0000138039199999 1.9999941245099999 1.9999943770199999 0.0009765625
2.0000138039199999 2.0000139294100001 1.99999407201 1.99999432451 0.0009765625
2.0000139294100001 2.0000140548999998 1.9999940195100001 1.9999942720099999 0.0009765625
2.0000140548999998 2.00001418039 1.999993967 1.99999421951 0.0009765625
2.00001418039 2.0000143058800002 1.9999939145000001 1.9999941670000001 0.0009765625
2.0000143058800002 2.0000144313699999 1.999993862 1.9999941145 0.0009765625
2.0000144313699999 2.0000145568600001 1.9999938094900001 1.9999940620000001 0.0009765625
2.0000145568600001 2.0000146823499998 1.9999937569899999 1.9999940094899999 0.0009765625
2.0000146823499998 2.00001480784 1.99999370448 1.99999395699 0.0009765625
2.00001480784 2.0000149333300001 1.9999936519799999 1.9999939044799999 0.0009765625
2.0000149333300001 2.0000150588199999 1.99999359948 1.99999385198 0.0009765625
2.0000150588199999 2.00001518431 1.9999935469700001 1.9999937994799999 0.0009765625
2.00001518431 2.0000153098000002 1.99999349447 1.99999374697 0.0009765625
2.0000153098000002 2.0000154352899999 1.9999934419700001 1.9999936944700001 0.0009765625
2.0000154352899999 2.0000155607800001 1.9999933894599999 1.99999364197 0.0009765625
2.0000155607800001 2.0000156862699998 1.99999333696 1.9999935894600001 0.0009765625
2.0000156862699998 2.00001581176 1.9999932844599999 1.9999935369599999 0.0009765625
2.00001581176 2.0000159372500002 1.99999323195 1.99999348446 0.0009765625
2.0000159372500002 2.0000160627499999 1.9999931794500001 1.9999934319499999 0.0009765625
2.0000160627499999 2.00001618824 1.99999312694 1.99999337945 0.0009765625
2.00001618824 2.0000163137300002 1.9999930744400001 1.9999933269400001 0.0009765625
2.0000163137300002 2.0000164392199999 1.9999930219399999 1.99999327444 0.0009765625
2.0000164392199999 2.0000165647100001 1.99999296943 1.9999932219400001 0.0009765625
2.0000165647100001 2.0000166901999998 1.9999929169299999 1.9999931694299999 0.0009765625
2.0000166901999998 2.00001681569 1.99999286443 1.99999311693 0.0009765625
2.00001681569 2.0000169411800002 1.9999928119199999 1.9999930644299999 0.0009765625
2.0000169411800002 2.0000170666699999 1.99999275942 1.99999301192 0.0009765625
2.0000170666699999 2.0000171921600001 1.9999927069100001 1.9999929594200001 0.0009765625
2.0000171921600001 2.0000173176499998 1.99999265441 1.99999290692 0.0009765625
2.0000173176499998 2.00001744314 1.9999926019100001 1.9999928544100001 0.0009765625
2.00001744314 2.0000175686300001 1.9999925494099999 1.99999280191 0.0009765625
2.0000175686300001 2.0000176941199999 1.9999924969 1.99999274941 0.0009765625
2.0000176941199999 2.00001781961 1.9999924443999999 1.9999926968999999 0.0009765625
2.00001781961 2.0000179451000002 1.9999923919 1.9999926444 0.0009765625
2.0000179451000002 2.0000180705899999 1.9999923393900001 1.9999925918999999 0.0009765625
2.0000180705899999 2.0000181960800001 1.99999228689 1.99999253939 0.0009765625
2.0000181960800001 2.0000183215699998 1.9999922343800001 1.9999924868900001 0.0009765625
2.0000183215699998 2.00001844706 1.9999921818799999 1.99999243438 0.0009765625
2.00001844706 2.0000185725500002 1.99999212938 1.9999923818800001 0.0009765625
2.0000185725500002 2.0000186980399999 1.9999920768699999 1.9999923293799999 0.0009765625
2.0000186980399999 2.00001882353 1.99999202437 1.99999227687 0.0009765625
2.00001882353 2.0000189490200002 1.9999919718700001 1.9999922243699999 0.0009765625
2.0000189490200002 2.0000190745099999 1.99999191936 1.99999217187 0.0009765625
2.0000190745099999 2.0000192000000001 1.9999918668600001 1.9999921193600001 0.0009765625
2.0000192000000001 2.0000193254899998 1.99999181436 1.99999206686 0.0009765625
2.0000193254899998 2.00001945098 1.99999176185 1.9999920143600001 0.0009765625
2.00001945098 2.0000195764700002 1.9999917093499999 1.9999919618499999 0.0009765625
2.0000195764700002 2.0000197019599999 1.99999165685 1.99999190935 0.0009765625
2.0000197019599999 2.0000198274500001 1.9999916043399999 1.9999918568499999 0.0009765625
2.0000198274500001 2.0000199529399998 1.99999155184 1.99999180434 0.0009765625
2.0000199529399998 2.00002007843 1.9999914993400001 1.9999917518400001 0.0009765625
2.00002007843 2.0000202039200001 1.99999144683 1.99999169934 0.0009765625
2.0000202039200001 2.0000203294099999 1.9999913943300001 1.9999916468300001 0.0009765625
2.0000203294099999 2.0000204549 1.9999913418299999 1.99999159433 0.0009765625
2.0000204549 2.0000205803900002 1.99999128932 1.9999915418300001 0.0009765625
2.0000205803900002 2.0000207058799999 1.9999912368199999 1.9999914893199999 0.0009765625
2.0000207058799999 2.0000208313700001 1.99999118432 1.99999143682 0.0009765625
2.0000208313700001 2.0000209568599998 1.9999911318200001 1.9999913843199999 0.0009765625
2.0000209568599998 2.00002108235 1.99999107931 1.99999133182 0.0009765625
2.00002108235 2.0000212078400001 1.9999910268100001 1.9999912793100001 0.0009765625
2.0000212078400001 2.0000213333299999 1.9999909743099999 1.99999122681 0.0009765625
2.0000213333299999 2.00002145882 1.9999909218 1.9999911743000001 0.0009765625
2.00002145882 2.0000215843100002 1.9999908692999999 1.9999911217999999 0.0009765625
2.0000215843100002 2.0000217097999999 1.9999908168 1.9999910693 0.0009765625
2.0000217097999999 2.0000218352900001 1.9999907642899999 1.9999910167999999 0.0009765625
2.0000218352900001 2.0000219607799998 1.99999071179 1.99999096429 0.0009765625
2.0000219607799998 2.00002208627 1.9999906592900001 1.9999909117900001 0.0009765625
2.00002208627 2.0000222117600002 1.99999060678 1.99999085929 0.0009765625
2.0000222117600002 2.0000223372499999 1.9999905542800001 1.9999908067800001 0.0009765625
2.0000223372499999 2.0000224627500001 1.9999905017799999 1.9999907542799999 0.0009765625
2.0000224627500001 2.0000225882399998 1.99999044927 1.99999070178 0.0009765625
2.0000225882399998 2.00002271373 1.9999903967699999 1.9999906492699999 0.0009765625
2.00002271373 2.0000228392200001 1.99999034427 1.99999059677 0.0009765625
2.0000228392200001 2.0000229647099999 1.9999902917700001 1.9999905442699999 0.0009765625
2.0000229647099999 2.0000230902 1.99999023926 1.99999049177 0.0009765625
2.0000230902 2.0000232156900002 1.9999901867600001 1.9999904392600001 0.0009765625
2.0000232156900002 2.0000233411799999 1.9999901342599999 1.99999038676 0.0009765625
2.0000233411799999 2.0000234666700001 1.99999008175 1.9999903342600001 0.0009765625
2.0000234666700001 2.0000235921599998 1.9999900292499999 1.9999902817499999 0.0009765625
2.0000235921599998 2.00002371765 1.99998997675 1.99999022925 0.0009765625
2.00002371765 2.0000238431400001 1.9999899242400001 1.9999901767499999 0.0009765625
2.0000238431400001 2.0000239686299999 1.99998987174 1.99999012424 0.0009765625
2.0000239686299999 2.00002409412 1.9999898192400001 1.9999900717400001 0.0009765625
2.00002409412 2.0000242196100002 1.99998976674 1.99999001924 0.0009765625
2.0000242196100002 2.0000243450999999 1.99998971423 1.9999899667400001 0.0009765625
2.0000243450999999 2.0000244705900001 1.9999896617299999 1.9999899142299999 0.0009765625
2.0000244705900001 2.0000245960799998 1.99998960923 1.99998986173 0.0009765625
2.0000245960799998 2.00002472157 1.9999895567199999 1.9999898092299999 0.0009765625
2.00002472157 2.0000248470600002 1.99998950422 1.99998975672 0.0009765625
2.0000248470600002 2.0000249725499999 1.9999894517200001 1.9999897042200001 0.0009765625
2.0000249725499999 2.0000250980400001 1.99998939922 1.99998965172 0.0009765625
2.0000250980400001 2.0000252235299998 1.9999893467100001 1.9999895992200001 0.0009765625
2.0000252235299998 2.00002534902 1.9999892942099999 1.99998954671 0.0009765625
2.00002534902 2.0000254745100001 1.99998924171 1.9999894942100001 0.0009765625
2.0000254745100001 2.0000255999999998 1.9999891891999999 1.9999894417099999 0.0009765625
2.0000255999999998 2.0000258509800002 1.9999890842000001 1.9999893892 0.0009765625
2.0000258509800002 2.0000261019600001 1.9999889791900001 1.9999892842 0.0009765625
2.0000261019600001 2.00002635294 1.99998887419 1.99998917919 0.0009765625
2.00002635294 2.0000266039199999 1.99998876918 1.9999890741899999 0.0009765625
2.0000266039199999 2.0000268549000002 1.99998866418 1.9999889691799999 0.0009765625
2.0000268549000002 2.0000271058800001 1.99998855917 1.9999888641800001 0.0009765625
2.0000271058800001 2.00002735686 1.9999884541699999 1.9999887591700001 0.0009765625
2.00002735686 2.0000276078399999 1.9999883491599999 1.99998865417 0.0009765625
2.0000276078399999 2.0000278588199998 1.9999882441600001 1.99998854916 0.0009765625
2.0000278588199998 2.0000281098000001 1.9999881391500001 1.99998844416 0.0009765625
2.0000281098000001 2.00002836078 1.99998803415 1.99998833915 0.0009765625
2.00002836078 2.0000286117599999 1.99998792914 1.9999882341499999 0.0009765625
2.0000286117599999 2.0000288627499998 1.99998782413 1.9999881291399999 0.0009765625
2.0000288627499998 2.0000291137300001 1.9999868191300001 1.99998892413 0.0009765625
2.0000291137300001 2.00002936471 1.9999867141200001 1.9999888191299999 0.0009765625
2.00002936471 2.0000296156899999 1.99998660912 1.9999887141199999 0.0009765625
2.0000296156899999 2.0000298666699998 1.99998650412 1.9999886091200001 0.0009765625
2.0000298666699998 2.0000301176500002 1.99998639911 1.9999885041200001 0.0009765625
2.0000301176500002 2.0000303686300001 1.99998629411 1.99998839911 0.0009765625
2.0000303686300001 2.0000306196099999 1.9999861890999999 1.99998829411 0.0009765625
2.0000306196099999 2.0000308705899998 1.9999860840999999 1.9999881891 0.0009765625
2.0000308705899998 2.0000311215700002 1.9999859790900001 1.9999880841 0.0009765625
2.0000311215700002 2.0000313725500001 1.9999858740900001 1.9999879790899999 0.0009765625
2.0000313725500001 2.00003162353 1.99998576908 1.9999878740899999 0.0009765625
2.00003162353 2.0000318745099999 1.99998566408 1.9999877690800001 0.0009765625
2.0000318745099999 2.0000321254900002 1.99998555907 1.9999876640800001 0.0009765625
2.0000321254900002 2.0000323764700001 1.9999854540699999 1.99998755907 0.0009765625
2.0000323764700001 2.00003262745 1.9999853490599999 1.99998745407 0.0009765625
2.00003262745 2.0000328784299999 1.9999852440599999 1.99998734906 0.0009765625
2.0000328784299999 2.0000331294100002 1.9999851390600001 1.9999872440599999 0.0009765625
2.0000331294100002 2.0000333803900001 1.9999850340500001 1.9999871390599999 0.0009765625
2.0000333803900001 2.00003363137 1.99998492905 1.9999870340499999 0.0009765625
2.00003363137 2.0000338823499999 1.99998482404 1.9999869290500001 0.0009765625
2.0000338823499999 2.0000341333299998 1.99998471904 1.9999868240400001 0.0009765625
2.0000341333299998 2.0000343843100001 1.9999846140299999 1.99998671904 0.0009765625
2.0000343843100001 2.00003463529 1.9999845090299999 1.99998661403 0.0009765625
2.00003463529 2.0000348862699999 1.9999844040300001 1.99998650903 0.0009765625
2.0000348862699999 2.0000351372499998 1.9999842990200001 1.9999864040299999 0.0009765625
2.0000351372499998 2.0000353882400002 1.9999841940200001 1.9999862990199999 0.0009765625
2.0000353882400002 2.00003563922 1.99998408901 1.9999861940200001 0.0009765625
2.00003563922 2.0000358901999999 1.99998398401 1.9999860890100001 0.0009765625
2.0000358901999999 2.0000361411799998 1.99998387901 1.9999859840100001 0.0009765625
2.0000361411799998 2.0000363921600002 1.9999837739999999 1.99998587901 0.0009765625
2.0000363921600002 2.0000366431400001 1.9999836689999999 1.999985774 0.0009765625
2.0000366431400001 2.00003689412 1.9999835640000001 1.999985669 0.0009765625
2.00003689412 2.0000371450999999 1.9999834589900001 1.9999855639999999 0.0009765625
2.0000371450999999 2.0000373960800002 1.99998335399 1.9999854589899999 0.0009765625
2.0000373960800002 2.0000376470600001 1.99998324898 1.9999853539900001 0.0009765625
2.0000376470600001 2.00003789804 1.99998314398 1.9999852489800001 0.0009765625
2.00003789804 2.0000381490199999 1.99998303898 1.99998514398 0.0009765625
2.0000381490199999 2.0000384000000002 1.9999829339699999 1.99998503898 0.0009765625
2.0000384000000002 2.0000386509800001 1.9999828289699999 1.99998493397 0.0009765625
2.0000386509800001 2.00003890196 1.9999827239700001 1.99998482897 0.0009765625
2.00003890196 2.0000391529399999 1.9999826189600001 1.9999847239699999 0.0009765625
2.0000391529399999 2.0000394039199998 1.99998251396 1.9999846189599999 0.0009765625
2.0000394039199998 2.0000396549000001 1.99998240896 1.9999845139600001 0.0009765625
2.0000396549000001 2.00003990588 1.99998230395 1.9999844089600001 0.0009765625
2.00003990588 2.0000401568599999 1.99998219895 1.99998430395 0.0009765625
2.0000401568599999 2.0000404078399998 1.9999820939499999 1.99998419895 0.0009765625
2.0000404078399998 2.0000406588200002 1.9999819889499999 1.99998409395 0.0009765625
2.0000406588200002 2.0000409098 1.9999818839400001 1.99998398895 0.0009765625
2.0000409098 2.0000411607799999 1.9999817789400001 1.9999838839399999 0.0009765625
2.0000411607799999 2.0000414117599998 1.99998167394 1.9999837789399999 0.0009765625
2.0000414117599998 2.0000416627500002 1.99998156893 1.9999836739400001 0.0009765625
2.0000416627500002 2.0000419137300001 1.99998146393 1.9999835689300001 0.0009765625
2.0000419137300001 2.00004216471 1.99998135893 1.99998346393 0.0009765625
2.00004216471 2.0000424156899999 1.9999812539299999 1.99998335893 0.0009765625
2.0000424156899999 2.0000426666700002 1.9999811489199999 1.99998325393 0.0009765625
2.0000426666700002 2.0000429176500001 1.9999810439200001 1.99998314892 0.0009765625
2.0000429176500001 2.00004316863 1.9999809389200001 1.9999830439199999 0.0009765625
2.00004316863 2.0000434196099999 1.99998083391 1.9999829389199999 0.0009765625
2.0000434196099999 2.0000436705900002 1.99998072891 1.9999828339100001 0.0009765625
2.0000436705900002 2.0000439215700001 1.99998062391 1.9999827289100001 0.0009765625
2.0000439215700001 2.00004417255 1.9999805189099999 1.99998262391 0.0009765625
2.00004417255 2.0000444235299999 1.9999804138999999 1.99998251891 0.0009765625
2.0000444235299999 2.0000446745099998 1.9999803088999999 1.9999824139 0.0009765625
2.0000446745099998 2.0000449254900001 1.9999802039000001 1.9999823088999999 0.0009765625
2.0000449254900001 2.00004517647 1.9999800989000001 1.9999822038999999 0.0009765625
2.00004517647 2.0000454274499999 1.9999799939 1.9999820988999999 0.0009765625
2.0000454274499999 2.0000456784299998 1.99997988889 1.9999819939000001 0.0009765625
2.0000456784299998 2.0000459294100001 1.99997978389 1.9999818888900001 0.0009765625
2.0000459294100001 2.00004618039 1.9999796788899999 1.99998178389 0.0009765625
2.00004618039 2.0000464313699999 1.9999795738899999 1.99998167889 0.0009765625
2.0000464313699999 2.0000466823499998 1.9999794688899999 1.99998157389 0.0009765625
2.0000466823499998 2.0000469333300002 1.9999793638800001 1.9999814688899999 0.0009765625
2.0000469333300002 2.0000471843100001 1.9999792588800001 1.9999813638799999 0.0009765625
2.0000471843100001 2.00004743529 1.99997915388 1.9999812588799999 0.0009765625
2.00004743529 2.0000476862699998 1.99997904888 1.9999811538800001 0.0009765625
2.0000476862699998 2.0000479372500002 1.99997894388 1.9999810488800001 0.0009765625
2.0000479372500002 2.0000481882400001 1.9999788388699999 1.99998094388 0.0009765625
2.0000481882400001 2.00004843922 1.9999787338699999 1.99998083887 0.0009765625
2.00004843922 2.0000486901999999 1.9999786288700001 1.99998073387 0.0009765625
2.0000486901999999 2.0000489411800002 1.9999785238700001 1.9999806288699999 0.0009765625
2.0000489411800002 2.0000491921600001 1.9999784188700001 1.9999805238699999 0.0009765625
2.0000491921600001 2.00004944314 1.99997831387 1.9999804188700001 0.0009765625
2.00004944314 2.0000496941199999 1.99997820886 1.9999803138700001 0.0009765625
2.0000496941199999 2.0000499450999998 1.99997810386 1.9999802088600001 0.0009765625
2.0000499450999998 2.0000501960800001 1.9999779988599999 1.99998010386 0.0009765625
2.0000501960800001 2.00005044706 1.9999778938599999 1.99997999886 0.0009765625
2.00005044706 2.0000506980399999 1.9999777888600001 1.99997989386 0.0009765625
2.0000506980399999 2.0000509490199998 1.9999776838600001 1.9999797888599999 0.0009765625
2.0000509490199998 2.0000512000000001 1.99997757886 1.9999796838599999 0.0009765625
2.0000512000000001 2.0000517019599999 1.99997736885 1.9999795788600001 0.0009765625
2.0000517019599999 2.0000522039200002 1.9999771588499999 1.99997936885 0.0009765625
2.0000522039200002 2.0000527058799999 1.9999769488500001 1.99997915885 0.0009765625
2.0000527058799999 2.0000532078400002 1.99997673885 1.9999789488499999 0.0009765625
2.0000532078400002 2.0000537098 1.99997652885 1.9999787388500001 0.0009765625
2.0000537098 2.0000542117600002 1.9999763188399999 1.99997852885 0.0009765625
2.0000542117600002 2.00005471373 1.9999761088400001 1.99997831884 0.0009765625
2.00005471373 2.0000552156900002 1.99997589884 1.9999781088399999 0.0009765625
2.0000552156900002 2.00005571765 1.99997568884 1.9999778988400001 0.0009765625
2.00005571765 2.0000562196099998 1.9999754788399999 1.99997768884 0.0009765625
2.0000562196099998 2.00005672157 1.9999752688400001 1.99997747884 0.0009765625
2.00005672157 2.0000572235299998 1.99997505884 1.9999772688399999 0.0009765625
2.0000572235299998 2.00005772549 1.99997484884 1.9999770588400001 0.0009765625
2.00005772549 2.0000582274499998 1.9999746388399999 1.99997684884 0.0009765625
2.0000582274499998 2.0000587294100001 1.9999744288400001 1.99997663884 0.0009765625
2.0000587294100001 2.0000592313699999 1.99997421884 1.9999764288399999 0.0009765625
2.0000592313699999 2.0000597333300001 1.99997400884 1.9999762188400001 0.0009765625
2.0000597333300001 2.0000602352899999 1.9999737988399999 1.99997600884 0.0009765625
2.0000602352899999 2.0000607372500001 1.9999735888400001 1.99997579884 0.0009765625
2.0000607372500001 2.0000612392199999 1.99997337884 1.9999755888399999 0.0009765625
2.0000612392199999 2.0000617411800001 1.99997316884 1.9999753788400001 0.0009765625
2.0000617411800001 2.0000622431399999 1.9999729588399999 1.99997516884 0.0009765625
2.0000622431399999 2.0000627451000001 1.9999727488500001 1.99997495884 0.0009765625
2.0000627451000001 2.0000632470599999 1.99997253885 1.9999747488499999 0.0009765625
2.0000632470599999 2.0000637490200002 1.99997232885 1.9999745388500001 0.0009765625
2.0000637490200002 2.00006425098 1.9999721188499999 1.99997432885 0.0009765625
2.00006425098 2.0000647529400002 1.9999719088500001 1.99997411885 0.0009765625
2.0000647529400002 2.0000652549 1.99997169886 1.9999739088499999 0.0009765625
2.0000652549 2.0000657568600002 1.99997148886 1.9999736988600001 0.0009765625
2.0000657568600002 2.00006625882 1.9999712788599999 1.99997348886 0.0009765625
2.00006625882 2.0000667607799998 1.9999710688600001 1.99997327886 0.0009765625
2.0000667607799998 2.00006726274 1.99997085887 1.9999730688599999 0.0009765625
2.00006726274 2.0000677647099998 1.99997064887 1.9999728588700001 0.0009765625
2.0000677647099998 2.00006826667 1.9999704388699999 1.99997264887 0.0009765625
2.00006826667 2.0000687686299998 1.9999702288700001 1.99997243887 0.0009765625
2.0000687686299998 2.0000692705900001 1.99997001888 1.9999722288799999 0.0009765625
2.0000692705900001 2.0000697725499998 1.99996980888 1.9999720188800001 0.0009765625
2.0000697725499998 2.0000702745100001 1.9999695988899999 1.99997180888 0.0009765625
2.0000702745100001 2.0000707764699999 1.9999693888900001 1.99997159889 0.0009765625
2.0000707764699999 2.0000712784300001 1.9999691789 1.9999713888899999 0.0009765625
2.0000712784300001 2.0000717803899999 1.9999689689 1.9999711789000001 0.0009765625
2.0000717803899999 2.0000722823500001 1.9999687589099999 1.9999709689 0.0009765625
2.0000722823500001 2.0000727843099999 1.9999685489100001 1.99997075891 0.0009765625
2.0000727843099999 2.0000732862700001 1.99996833891 1.9999705489099999 0.0009765625
2.0000732862700001 2.0000737882399999 1.99996812892 1.9999703389100001 0.0009765625
2.0000737882399999 2.0000742902000002 1.9999679189299999 1.99997012892 0.0009765625
2.0000742902000002 2.0000747921599999 1.9999677089300001 1.99996991893 0.0009765625
2.0000747921599999 2.0000752941200002 1.99996749894 1.9999697089299999 0.0009765625
2.0000752941200002 2.00007579608 1.99996728894 1.9999694989400001 0.0009765625
2.00007579608 2.0000762980400002 1.9999670789499999 1.99996928894 0.0009765625
2.0000762980400002 2.0000768 1.9999668689500001 1.99996907895 0.0009765625
2.0000768 2.0000773019600002 1.99996665896 1.9999688689499999 0.0009765625
2.0000773019600002 2.00007780392 1.99996644897 1.9999686589600001 0.0009765625
2.00007780392 2.0000783058799998 1.9999662389699999 1.99996844897 0.0009765625
2.0000783058799998 2.00007880784 1.9999660289800001 1.99996823897 0.0009765625
2.00007880784 2.0000793097999998 1.99996581899 1.9999680289799999 0.0009765625
2.0000793097999998 2.00007981176 1.999965609 1.9999678189900001 0.0009765625
2.00007981176 2.0000803137299998 1.9999653989999999 1.999967609 0.0009765625
2.0000803137299998 2.0000808156900001 1.9999651890100001 1.999967399 0.0009765625
2.0000808156900001 2.0000813176499999 1.99996497902 1.9999671890099999 0.0009765625
2.0000813176499999 2.0000818196100001 1.99996476903 1.9999669790200001 0.0009765625
2.0000818196100001 2.0000823215699999 1.9999645590299999 1.99996676903 0.0009765625
2.0000823215699999 2.0000828235300001 1.9999643490400001 1.99996655903 0.0009765625
2.0000828235300001 2.0000833254899999 1.99996413905 1.9999663490399999 0.0009765625
2.0000833254899999 2.0000838274500001 1.99996392906 1.9999661390500001 0.0009765625
2.0000838274500001 2.0000843294099999 1.9999637190699999 1.99996592906 0.0009765625
2.0000843294099999 2.0000848313700001 1.9999635090800001 1.99996571907 0.0009765625
2.0000848313700001 2.0000853333299999 1.99996329909 1.9999655090799999 0.0009765625
2.0000853333299999 2.0000858352900002 1.9999630891 1.9999652990900001 0.0009765625
2.0000858352900002 2.00008633725 1.9999628791099999 1.9999650891 0.0009765625
2.00008633725 2.0000868392200002 1.9999626691200001 1.99996487911 0.0009765625
2.0000868392200002 2.00008734118 1.99996245913 1.9999646691199999 0.0009765625
2.00008734118 2.0000878431400002 1.99996224914 1.9999644591300001 0.0009765625
2.0000878431400002 2.0000883451 1.9999620391499999 1.99996424914 0.0009765625
2.0000883451 2.0000888470599998 1.9999618291600001 1.99996403915 0.0009765625
2.0000888470599998 2.00008934902 1.99996161917 1.9999638291599999 0.0009765625
2.00008934902 2.0000898509799998 1.99996140918 1.9999636191700001 0.0009765625
2.0000898509799998 2.00009035294 1.9999611991899999 1.99996340918 0.0009765625
2.00009035294 2.0000908548999998 1.9999609892000001 1.99996319919 0.0009765625
2.0000908548999998 2.0000913568600001 1.99996077921 1.9999629891999999 0.0009765625
2.0000913568600001 2.0000918588199998 1.99996056922 1.9999627792100001 0.0009765625
2.0000918588199998 2.0000923607800001 1.9999603592299999 1.99996256922 0.0009765625
2.0000923607800001 2.0000928627399999 1.9999601492400001 1.99996235923 0.0009765625
2.0000928627399999 2.0000933647100001 1.99995993926 1.9999621492399999 0.0009765625
2.0000933647100001 2.0000938666699999 1.99995972927 1.9999619392600001 0.0009765625
2.0000938666699999 2.0000943686300001 1.9999595192799999 1.99996172927 0.0009765625
2.0000943686300001 2.0000948705899999 1.9999593092900001 1.99996151928 0.0009765625
2.0000948705899999 2.0000953725500001 1.99995909931 1.9999613092899999 0.0009765625
2.0000953725500001 2.0000958745099999 1.99995888932 1.9999610993100001 0.0009765625
2.0000958745099999 2.0000963764700002 1.9999586793299999 1.99996088932 0.0009765625
2.0000963764700002 2.0000968784299999 1.9999584693400001 1.99996067933 0.0009765625
2.0000968784299999 2.0000973803900002 1.99995825936 1.9999604693399999 0.0009765625
2.0000973803900002 2.00009788235 1.99995804937 1.9999602593600001 0.0009765625
2.00009788235 2.0000983843100002 1.9999578393899999 1.99996004937 0.0009765625
2.0000983843100002 2.00009888627 1.9999576294000001 1.99995983939 0.0009765625
2.00009888627 2.0000993882400002 1.99995741941 1.9999596293999999 0.0009765625
2.0000993882400002 2.0000998902 1.99995720943 1.9999594194100001 0.0009765625
2.0000998902 2.0001003921599998 1.9999569994399999 1.9999592094300001 0.0009765625
2.0001003921599998 2.00010089412 1.9999567894600001 1.99995899944 0.0009765625
2.00010089412 2.0001013960799998 1.9999565794700001 1.9999587894599999 0.0009765625
2.0001013960799998 2.00010189804 1.99995636949 1.9999585794700001 0.0009765625
2.00010189804 2.0001023999999998 1.9999561594999999 1.9999583694900001 0.0009765625
2.0001023999999998 2.0001034039199999 1.9999557395300001 1.9999581595 0.0009765625
2.0001034039199999 2.0001044078399999 1.9999553195599999 1.9999577395299999 0.0009765625
2.0001044078399999 2.0001054117599999 1.9999548995900001 1.99995731956 0.0009765625
2.0001054117599999 2.0001064156899999 1.9999544796299999 1.9999568995899999 0.0009765625
2.0001064156899999 2.0001074196099999 1.9999540596600001 1.99995647963 0.0009765625
2.0001074196099999 2.00010842353 1.99995363969 1.9999560596599999 0.0009765625
2.00010842353 2.00010942745 1.9999532197300001 1.99995563969 0.0009765625
2.00010942745 2.00011043137 1.99995279976 1.9999552197299999 0.0009765625
2.00011043137 2.00011143529 1.9999523798000001 1.99995479976 0.0009765625
2.00011143529 2.00011243922 1.99995195984 1.9999543797999999 0.0009765625
2.00011243922 2.0001134431400001 1.9999515398700001 1.99995395984 0.0009765625
2.0001134431400001 2.0001144470600001 1.99995111991 1.9999535398699999 0.0009765625
2.0001144470600001 2.0001154509800001 1.9999506999500001 1.99995311991 0.0009765625
2.0001154509800001 2.0001164549000001 1.99995027999 1.9999526999499999 0.0009765625
2.0001164549000001 2.0001174588200001 1.9999498600300001 1.99995227999 0.0009765625
2.0001174588200001 2.0001184627400002 1.99994944007 1.9999518600299999 0.0009765625
2.0001184627400002 2.0001194666700002 1.9999490201100001 1.99995144007 0.0009765625
2.0001194666700002 2.0001204705900002 1.99994860015 1.9999510201099999 0.0009765625
2.0001204705900002 2.0001214745100002 1.9999481802000001 1.99995060015 0.0009765625
2.0001214745100002 2.0001224784299998 1.99994776024 1.9999501801999999 0.0009765625
2.0001224784299998 2.0001234823499998 1.9999473402900001 1.99994976024 0.0009765625
2.0001234823499998 2.0001244862699998 1.99994692033 1.9999493402899999 0.0009765625
2.0001244862699998 2.0001254901999999 1.9999465003800001 1.99994892033 0.0009765625
2.0001254901999999 2.0001264941199999 1.99994608042 1.9999485003799999 0.0009765625
2.0001264941199999 2.0001274980399999 1.9999456604700001 1.9999480804200001 0.0009765625
2.0001274980399999 2.0001285019599999 1.99994524052 1.9999476604699999 0.0009765625
2.0001285019599999 2.0001295058799999 1.9999448205699999 1.9999472405200001 0.0009765625
2.0001295058799999 2.0001305098 1.99994440061 1.99994682057 0.0009765625
2.0001305098 2.00013151373 1.9999439806599999 1.9999464006100001 0.0009765625
2.00013151373 2.00013251765 1.99994356071 1.99994598066 0.0009765625
2.00013251765 2.00013352157 1.9999431407699999 1.9999455607100001 0.0009765625
2.00013352157 2.00013452549 1.99994272082 1.99994514077 0.0009765625
2.00013452549 2.0001355294100001 1.9999423008699999 1.9999447208200001 0.0009765625
2.0001355294100001 2.0001365333300001 1.99994188092 1.99994430087 0.0009765625
2.0001365333300001 2.0001375372500001 1.9999414609799999 1.9999438809200001 0.0009765625
2.0001375372500001 2.0001385411800001 1.99994104103 1.99994346098 0.0009765625
2.0001385411800001 2.0001395451000001 1.9999406210899999 1.9999430410300001 0.0009765625
2.0001395451000001 2.0001405490200002 1.99994020114 1.99994262109 0.0009765625
2.0001405490200002 2.0001415529400002 1.9999397811999999 1.9999422011400001 0.0009765625
2.0001415529400002 2.0001425568600002 1.99993936126 1.9999417812 0.0009765625
2.0001425568600002 2.0001435607800002 1.9999389413099999 1.9999413612600001 0.0009765625
2.0001435607800002 2.0001445647099998 1.9999385213700001 1.99994094131 0.0009765625
2.0001445647099998 2.0001455686299998 1.9999381014299999 1.9999405213699999 0.0009765625
2.0001455686299998 2.0001465725499998 1.9999376814900001 1.99994010143 0.0009765625
2.0001465725499998 2.0001475764699999 1.99993726155 1.9999396814899999 0.0009765625
2.0001475764699999 2.0001485803899999 1.9999368416100001 1.99993926155 0.0009765625
2.0001485803899999 2.0001495843099999 1.99993642168 1.9999388416099999 0.0009765625
2.0001495843099999 2.0001505882399999 1.9999360017400001 1.99993842168 0.0009765625
2.0001505882399999 2.0001515921599999 1.9999355818 1.9999380017399999 0.0009765625
2.0001515921599999 2.00015259608 1.9999351618700001 1.9999375818 0.0009765625
2.00015259608 2.0001536 1.99993474193 1.9999371618699999 0.0009765625
2.0001536 2.00015460392 1.9999343220000001 1.99993674193 0.0009765625
2.00015460392 2.00015560784 1.99993390206 1.9999363219999999 0.0009765625
2.00015560784 2.00015661176 1.9999334821300001 1.99993590206 0.0009765625
2.00015661176 2.0001576156900001 1.9999330622 1.9999354821299999 0.0009765625
2.0001576156900001 2.0001586196100001 1.9999326422699999 1.9999350622000001 0.0009765625
2.0001586196100001 2.0001596235300001 1.99993222234 1.99993464227 0.0009765625
2.0001596235300001 2.0001606274500001 1.9999318023999999 1.9999342223400001 0.0009765625
2.0001606274500001 2.0001616313700001 1.99993138248 1.9999338024 0.0009765625
2.0001616313700001 2.0001626352900002 1.9999309625499999 1.9999333824800001 0.0009765625
2.0001626352900002 2.0001636392200002 1.99993054262 1.99993296255 0.0009765625
2.0001636392200002 2.0001646431400002 1.9999301226899999 1.9999325426200001 0.0009765625
2.0001646431400002 2.0001656470600002 1.99992970276 1.99993212269 0.0009765625
2.0001656470600002 2.0001666509799998 1.9999292828399999 1.9999317027600001 0.0009765625
2.0001666509799998 2.0001676548999998 1.99992886291 1.99993128284 0.0009765625
2.0001676548999998 2.0001686588199998 1.9999284429899999 1.9999308629100001 0.0009765625
2.0001686588199998 2.0001696627399999 1.9999280230600001 1.99993044299 0.0009765625
2.0001696627399999 2.0001706666699999 1.99992760314 1.9999300230599999 0.0009765625
2.0001706666699999 2.0001716705899999 1.9999271832200001 1.99992960314 0.0009765625
2.0001716705899999 2.0001726745099999 1.99992676329 1.9999291832199999 0.0009765625
2.0001726745099999 2.0001736784299999 1.9999263433700001 1.99992876329 0.0009765625
2.0001736784299999 2.00017468235 1.99992592345 1.9999283433699999 0.0009765625
2.00017468235 2.00017568627 1.9999255035300001 1.99992792345 0.0009765625
2.00017568627 2.0001766902 1.99992508361 1.9999275035299999 0.0009765625
2.0001766902 2.00017769412 1.9999246636900001 1.99992708361 0.0009765625
2.00017769412 2.00017869804 1.99992424378 1.9999266636899999 0.0009765625
2.00017869804 2.0001797019600001 1.9999238238599999 1.9999262437800001 0.0009765625
2.0001797019600001 2.0001807058800001 1.99992340394 1.99992582386 0.0009765625
2.0001807058800001 2.0001817098000001 1.9999229840299999 1.9999254039400001 0.0009765625
2.0001817098000001 2.0001827137300001 1.99992256411 1.99992498403 0.0009765625
2.0001827137300001 2.0001837176500001 1.9999221441999999 1.9999245641100001 0.0009765625
2.0001837176500001 2.0001847215700002 1.99992172428 1.9999241442 0.0009765625
2.0001847215700002 2.0001857254900002 1.9999213043699999 1.9999237242800001 0.0009765625
2.0001857254900002 2.0001867294100002 1.99992088446 1.99992330437 0.0009765625
2.0001867294100002 2.0001877333300002 1.9999204645499999 1.9999228844600001 0.0009765625
2.0001877333300002 2.0001887372499998 1.9999200446300001 1.99992246455 0.0009765625
2.0001887372499998 2.0001897411799998 1.99991962472 1.9999220446299999 0.0009765625
2.0001897411799998 2.0001907450999998 1.9999192048100001 1.99992162472 0.0009765625
2.0001907450999998 2.0001917490199999 1.9999187849 1.9999212048099999 0.0009765625
2.0001917490199999 2.0001927529399999 1.9999183650000001 1.9999207849 0.0009765625
2.0001927529399999 2.0001937568599999 1.99991794509 1.9999203649999999 0.0009765625
2.0001937568599999 2.0001947607799999 1.9999175251800001 1.99991994509 0.0009765625
2.0001947607799999 2.0001957647099999 1.99991710528 1.9999195251799999 0.0009765625
2.0001957647099999 2.00019676863 1.9999166853699999 1.9999191052800001 0.0009765625
2.00019676863 2.00019777255 1.99991626546 1.9999186853699999 0.0009765625
2.00019777255 2.00019877647 1.9999158455599999 1.9999182654600001 0.0009765625
2.00019877647 2.00019978039 1.99991542566 1.99991784556 0.0009765625
2.00019978039 2.00020078431 1.9999150057499999 1.9999174256600001 0.0009765625
2.00020078431 2.0002017882300001 1.99991458585 1.99991700575 0.0009765625
2.0002017882300001 2.0002027921600001 1.9999141659499999 1.9999165858500001 0.0009765625
2.0002027921600001 2.0002037960800001 1.9999137460500001 1.99991616595 0.0009765625
2.0002037960800001 2.0002048000000001 1.9999133261499999 1.9999157460500001 0.0009765625
2.0002048000000001 2.0002068078400002 1.99991248635 1.99991532615 0.0009765625
2.0002068078400002 2.0002088156900002 1.99991164656 1.99991448635 0.0009765625
2.0002088156900002 2.0002108235299998 1.99991080676 1.99991364656 0.0009765625
2.0002108235299998 2.0002128313699998 1.99990996697 1.9999128067600001 0.0009765625
2.0002128313699998 2.0002148392199999 1.99990912719 1.9999119669700001 0.0009765625
2.0002148392199999 2.0002168470599999 1.9999082874 1.9999111271900001 0.0009765625
2.0002168470599999 2.0002188549 1.9999074476200001 1.9999102874000001 0.0009765625
2.0002188549 2.00022086274 1.9999066078400001 1.9999094476199999 0.0009765625
2.00022086274 2.00022287059 1.9999057680600001 1.9999086078399999 0.0009765625
2.00022287059 2.0002248784300001 1.9999049282900001 1.9999077680599999 0.0009765625
2.0002248784300001 2.0002268862700001 1.9999040885199999 1.9999069282899999 0.0009765625
2.0002268862700001 2.0002288941200002 1.9999032487499999 1.99990608852 0.0009765625
2.0002288941200002 2.0002309019600002 1.9999024089899999 1.99990524875 0.0009765625
2.0002309019600002 2.0002329097999998 1.99990156923 1.99990440899 0.0009765625
2.0002329097999998 2.0002349176499998 1.99990072947 1.99990356923 0.0009765625
2.0002349176499998 2.0002369254899999 1.99989988971 1.99990272947 0.0009765625
2.0002369254899999 2.0002389333299999 1.99989904995 1.99990188971 0.0009765625
2.0002389333299999 2.00024094118 1.9998982102 1.9999010499500001 0.0009765625
2.00024094118 2.00024294902 1.99989737045 1.9999002102000001 0.0009765625
2.00024294902 2.00024495686 1.9998965307100001 1.9998993704500001 0.0009765625
2.00024495686 2.0002469647100001 1.9998956909600001 1.9998985307099999 0.0009765625
2.0002469647100001 2.0002489725500001 1.9998948512200001 1.9998976909599999 0.0009765625
2.0002489725500001 2.0002509803900002 1.9998940114899999 1.9998968512199999 0.0009765625
2.0002509803900002 2.0002529882300002 1.9998931717499999 1.99989601149 0.0009765625
2.0002529882300002 2.0002549960799998 1.9998923320199999 1.99989517175 0.0009765625
2.0002549960799998 2.0002570039199998 1.99989149229 1.99989433202 0.0009765625
2.0002570039199998 2.0002590117599999 1.99989065256 1.99989349229 0.0009765625
2.0002590117599999 2.0002610196099999 1.99988981284 1.99989265256 0.0009765625
2.0002610196099999 2.00026302745 1.99988897312 1.9998918128400001 0.0009765625
2.00026302745 2.00026503529 1.9998881334 1.9998909731200001 0.0009765625
2.00026503529 2.00026704314 1.9998872936800001 1.9998901334000001 0.0009765625
2.00026704314 2.0002690509800001 1.9998864539700001 1.9998892936799999 0.0009765625
2.0002690509800001 2.0002710588200001 1.9998856142600001 1.9998884539699999 0.0009765625
2.0002710588200001 2.0002730666700002 1.9998847745499999 1.9998876142599999 0.0009765625
2.0002730666700002 2.0002750745100002 1.9998839348499999 1.99988677455 0.0009765625
2.0002750745100002 2.0002770823499998 1.99988309515 1.99988593485 0.0009765625
2.0002770823499998 2.0002790901999998 1.99988225545 1.99988509515 0.0009765625
2.0002790901999998 2.0002810980399999 1.9998724157500001 1.99989325545 0.0009765625
2.0002810980399999 2.0002831058799999 1.9998715760600001 1.99989241575 0.0009765625
2.0002831058799999 2.00028511373 1.9998707363699999 1.99989157606 0.0009765625
2.00028511373 2.00028712157 1.9998698966799999 1.99989073637 0.0009765625
2.00028712157 2.00028912941 1.9998690569899999 1.9998898966800001 0.0009765625
2.00028912941 2.0002911372500001 1.99986821731 1.9998890569900001 0.0009765625
2.0002911372500001 2.0002931451000001 1.99986737763 1.9998882173100001 0.0009765625
2.0002931451000001 2.0002951529400002 1.99986653795 1.9998873776299999 0.0009765625
2.0002951529400002 2.0002971607800002 1.99986569828 1.9998865379499999 0.0009765625
2.0002971607800002 2.0002991686299998 1.9998648586000001 1.99988569828 0.0009765625
2.0002991686299998 2.0003011764699998 1.9998640189400001 1.9998848586 0.0009765625
2.0003011764699998 2.0003031843099999 1.9998631792699999 1.99988401894 0.0009765625
2.0003031843099999 2.0003051921599999 1.9998623396099999 1.99988317927 0.0009765625
2.0003051921599999 2.0003072 1.99986149994 1.9998823396100001 0.0009765625
2.0003072 2.00030920784 1.99986066029 1.9998814999400001 0.0009765625
2.00030920784 2.00031121569 1.99985982063 1.9998806602899999 0.0009765625
2.00031121569 2.0003132235300001 1.99985898098 1.9998798206299999 0.0009765625
2.0003132235300001 2.0003152313700001 1.9998581413300001 1.9998789809799999 0.0009765625
2.0003152313700001 2.0003172392200002 1.9998573016800001 1.99987814133 0.0009765625
2.0003172392200002 2.0003192470600002 1.9998564620399999 1.99987730168 0.0009765625
2.0003192470600002 2.0003212548999998 1.9998556223999999 1.99987646204 0.0009765625
2.0003212548999998 2.0003232627399998 1.9998547827599999 1.9998756224000001 0.0009765625
2.0003232627399998 2.0003252705899999 1.99985394312 1.9998747827600001 0.0009765625
2.0003252705899999 2.0003272784299999 1.99985310349 1.9998739431200001 0.0009765625
2.0003272784299999 2.00032928627 1.99985226386 1.9998731034899999 0.0009765625
2.00032928627 2.00033129412 1.9998514242300001 1.9998722638599999 0.0009765625
2.00033129412 2.00033330196 1.9998505846000001 1.99987142423 0.0009765625
2.00033330196 2.0003353098000001 1.9998497449799999 1.9998705846 0.0009765625
2.0003353098000001 2.0003373176500001 1.9998489053599999 1.99986974498 0.0009765625
2.0003373176500001 2.0003393254900002 1.99984806574 1.9998689053600001 0.0009765625
2.0003393254900002 2.0003413333300002 1.99984722613 1.9998680657400001 0.0009765625
2.0003413333300002 2.0003433411799998 1.99984638652 1.9998672261299999 0.0009765625
2.0003433411799998 2.0003453490199998 1.99984554691 1.9998663865199999 0.0009765625
2.0003453490199998 2.0003473568599999 1.9998447073000001 1.99986554691 0.0009765625
2.0003473568599999 2.0003493647099999 1.9998438677000001 1.9998647073 0.0009765625
2.0003493647099999 2.00035137255 1.9998430280999999 1.9998638677 0.0009765625
2.00035137255 2.00035338039 1.9998421885 1.9998630281000001 0.0009765625
2.00035338039 2.00035538823 1.99984134891 1.9998621885000001 0.0009765625
2.00035538823 2.0003573960800001 1.99984050932 1.9998613489099999 0.0009765625
2.0003573960800001 2.0003594039200001 1.99983966973 1.9998605093199999 0.0009765625
2.0003594039200001 2.0003614117600002 1.9998388301400001 1.99985966973 0.0009765625
2.0003614117600002 2.0003634196100002 1.9998379905599999 1.99985883014 0.0009765625
2.0003634196100002 2.0003654274499998 1.9998371509799999 1.99985799056 0.0009765625
2.0003654274499998 2.0003674352899998 1.9998363114 1.9998571509800001 0.0009765625
2.0003674352899998 2.0003694431399999 1.99983547182 1.9998563114000001 0.0009765625
2.0003694431399999 2.0003714509799999 1.99983463225 1.9998554718199999 0.0009765625
2.0003714509799999 2.00037345882 1.9998337926800001 1.9998546322499999 0.0009765625
2.00037345882 2.00037546667 1.9998329531100001 1.99985379268 0.0009765625
2.00037546667 2.00037747451 1.9998321135499999 1.99985295311 0.0009765625
2.00037747451 2.0003794823500001 1.9998312739799999 1.99985211355 0.0009765625
2.0003794823500001 2.0003814902000001 1.99983043442 1.9998512739800001 0.0009765625
2.0003814902000001 2.0003834980400002 1.99982959487 1.9998504344200001 0.0009765625
2.0003834980400002 2.0003855058800002 1.99982875531 1.9998495948699999 0.0009765625
2.0003855058800002 2.0003875137199998 1.9998279157600001 1.9998487553099999 0.0009765625
2.0003875137199998 2.0003895215699998 1.9998270762200001 1.99984791576 0.0009765625
2.0003895215699998 2.0003915294099999 1.9998262366699999 1.99984707622 0.0009765625
2.0003915294099999 2.0003935372499999 1.99982539713 1.9998462366700001 0.0009765625
2.0003935372499999 2.0003955450999999 1.99982455759 1.9998453971300001 0.0009765625
2.0003955450999999 2.00039755294 1.99982371805 1.9998445575899999 0.0009765625
2.00039755294 2.00039956078 1.9998228785200001 1.9998437180499999 0.0009765625
2.00039956078 2.0004015686300001 1.9998220389800001 1.99984287852 0.0009765625
2.0004015686300001 2.0004035764700001 1.9998211994499999 1.99984203898 0.0009765625
2.0004035764700001 2.0004055843100002 1.99982035993 1.9998411994500001 0.0009765625
2.0004055843100002 2.0004075921600002 1.9998195204 1.9998403599300001 0.0009765625
2.0004075921600002 2.0004095999999998 1.99981868088 1.9998395203999999 0.0009765625
2.0004095999999998 2.0004136156899999 1.9998170018500001 1.9998386808799999 0.0009765625
2.0004136156899999 2.0004176313699999 1.99981532283 1.99983700185 0.0009765625
2.0004176313699999 2.00042164706 1.99981364382 1.9998353228300001 0.0009765625
2.00042164706 2.0004256627400001 1.9998119648199999 1.99983364382 0.0009765625
2.0004256627400001 2.0004296784300002 1.99981028583 1.99983196482 0.0009765625
2.0004296784300002 2.0004336941199998 1.9998086068500001 1.9998302858300001 0.0009765625
2.0004336941199998 2.0004377097999999 1.9998069278799999 1.99982860685 0.0009765625
2.0004377097999999 2.00044172549 1.99980524892 1.99982692788 0.0009765625
2.00044172549 2.0004457411800001 1.9998035699800001 1.9998252489199999 0.0009765625
2.0004457411800001 2.0004497568600002 1.9998018910399999 1.99982356998 0.0009765625
2.0004497568600002 2.0004537725499998 1.99980021212 1.9998218910400001 0.0009765625
2.0004537725499998 2.0004577882299999 1.9997985332099999 1.9998202121199999 0.0009765625
2.0004577882299999 2.0004618039199999 1.99979685431 1.99981853321 0.0009765625
2.0004618039199999 2.00046581961 1.9997951754200001 1.9998168543099999 0.0009765625
2.00046581961 2.0004698352900001 1.9997934965399999 1.99981517542 0.0009765625
2.0004698352900001 2.0004738509800002 1.99979181767 1.9998134965400001 0.0009765625
2.0004738509800002 2.0004778666699998 1.9997901388099999 1.9998118176699999 0.0009765625
2.0004778666699998 2.0004818823499999 1.99978845996 1.99981013881 0.0009765625
2.0004818823499999 2.00048589804 1.9997867811300001 1.9998084599599999 0.0009765625
2.00048589804 2.0004899137200001 1.9997851023 1.99980678113 0.0009765625
2.0004899137200001 2.0004939294100001 1.99978342349 1.9998051023000001 0.0009765625
2.0004939294100001 2.0004979450999998 1.9997817446899999 1.99980342349 0.0009765625
2.0004979450999998 2.0005019607799999 1.9997800659 1.99980174469 0.0009765625
2.0005019607799999 2.0005059764699999 1.9997783871199999 1.9998000658999999 0.0009765625
2.0005059764699999 2.00050999216 1.99977670835 1.99979838712 0.0009765625
2.00050999216 2.0005140078400001 1.9997750295900001 1.9997967083499999 0.0009765625
2.0005140078400001 2.0005180235300002 1.99977335084 1.99979502959 0.0009765625
2.0005180235300002 2.0005220392099998 1.9997716721000001 1.9997933508400001 0.0009765625
2.0005220392099998 2.0005260548999999 1.9997699933799999 1.9997916721 0.0009765625
2.0005260548999999 2.00053007059 1.99976831466 1.9997899933800001 0.0009765625
2.00053007059 2.0005340862700001 1.9997666359599999 1.99978831466 0.0009765625
2.0005340862700001 2.0005381019600001 1.99976495726 1.9997866359600001 0.0009765625
2.0005381019600001 2.0005421176499998 1.9997632785799999 1.9997849572599999 0.0009765625
2.0005421176499998 2.0005461333299999 1.99976159991 1.99978327858 0.0009765625
2.0005461333299999 2.0005501490199999 1.9997599212499999 1.9997815999099999 0.0009765625
2.0005501490199999 2.0005541647 1.9997582426 1.99977992125 0.0009765625
2.0005541647 2.0005581803900001 1.9997565639599999 1.9997782425999999 0.0009765625
2.0005581803900001 2.0005621960800002 1.99975488534 1.99977656396 0.0009765625
2.0005621960800002 2.0005662117599998 1.9997532067199999 1.9997748853399999 0.0009765625
2.0005662117599998 2.0005702274499999 1.99975152812 1.99977320672 0.0009765625
2.0005702274499999 2.00057424314 1.9997498495199999 1.9997715281199999 0.0009765625
2.00057424314 2.0005782588200001 1.99974817094 1.99976984952 0.0009765625
2.0005782588200001 2.0005822745100001 1.9997464923699999 1.9997681709399999 0.0009765625
2.0005822745100001 2.0005862901999998 1.99974481381 1.99976649237 0.0009765625
2.0005862901999998 2.0005903058799999 1.9997431352599999 1.9997648138099999 0.0009765625
2.0005903058799999 2.0005943215699999 1.99974145672 1.99976313526 0.0009765625
2.0005943215699999 2.00059833725 1.9997397781899999 1.9997614567199999 0.0009765625
2.00059833725 2.0006023529400001 1.99973809967 1.9997597781900001 0.0009765625
2.0006023529400001 2.0006063686300002 1.9997364211699999 1.99975809967 0.0009765625
2.0006063686300002 2.0006103843099998 1.9997347426700001 1.9997564211700001 0.0009765625
2.0006103843099998 2.0006143999999999 1.99973306419 1.99975474267 0.0009765625
2.0006143999999999 2.00061841569 1.9997313857100001 1.9997530641900001 0.0009765625
2.00061841569 2.0006224313700001 1.99972970725 1.99975138571 0.0009765625
2.0006224313700001 2.0006264470600001 1.9997280287999999 1.9997497072499999 0.0009765625
2.0006264470600001 2.0006304627399998 1.99972635036 1.9997480288 0.0009765625
2.0006304627399998 2.0006344784299999 1.9997246719299999 1.9997463503599999 0.0009765625
2.0006344784299999 2.0006384941199999 1.99972299351 1.9997446719300001 0.0009765625
2.0006384941199999 2.0006425098 1.9997213151 1.99974299351 0.0009765625
2.0006425098 2.0006465254900001 1.9997196367100001 1.9997413151000001 0.0009765625
2.0006465254900001 2.0006505411800002 1.99971795832 1.99973963671 0.0009765625
2.0006505411800002 2.0006545568599998 1.9997162799499999 1.9997379583199999 0.0009765625
2.0006545568599998 2.0006585725499999 1.99971460158 1.99973627995 0.0009765625
2.0006585725499999 2.00066258823 1.9997129232299999 1.9997346015799999 0.0009765625
2.00066258823 2.0006666039200001 1.9997112448900001 1.9997329232300001 0.0009765625
2.0006666039200001 2.0006706196100001 1.99970956656 1.99973124489 0.0009765625
2.0006706196100001 2.0006746352899998 1.9997078882399999 1.9997295665599999 0.0009765625
2.0006746352899998 2.0006786509799999 1.99970620993 1.99972788824 0.0009765625
2.0006786509799999 2.0006826666699999 1.9997045316299999 1.9997262099299999 0.0009765625
2.0006826666699999 2.00068668235 1.9997028533400001 1.9997245316300001 0.0009765625
2.00068668235 2.0006906980400001 1.99970117507 1.99972285335 0.0009765625
2.0006906980400001 2.0006947137200002 1.9996994967999999 1.9997211750699999 0.0009765625
2.0006947137200002 2.0006987294099998 1.9996978185500001 1.9997194968000001 0.0009765625
2.0006987294099998 2.0007027450999999 1.99969614031 1.99971781855 0.0009765625
2.0007027450999999 2.00070676078 1.9996944620799999 1.9997161403099999 0.0009765625
2.00070676078 2.0007107764700001 1.99969278386 1.99971446208 0.0009765625
2.0007107764700001 2.0007147921600001 1.99969110565 1.99971278386 0.0009765625
2.0007147921600001 2.0007188078399998 1.9996894274499999 1.9997111056500001 0.0009765625
2.0007188078399998 2.0007228235299999 1.99968774926 1.99970942745 0.0009765625
2.0007228235299999 2.0007268392099999 1.99968607108 1.9997077492599999 0.0009765625
2.0007268392099999 2.0007308549 1.9996843929200001 1.9997060710800001 0.0009765625
2.0007308549 2.0007348705900001 1.99968271476 1.99970439292 0.0009765625
2.0007348705900001 2.0007388862700002 1.99968103662 1.9997027147599999 0.0009765625
2.0007388862700002 2.0007429019599998 1.9996793584799999 1.9997010366200001 0.0009765625
2.0007429019599998 2.0007469176499999 1.99967768036 1.99969935848 0.0009765625
2.0007469176499999 2.00075093333 1.99967600225 1.99969768036 0.0009765625
2.00075093333 2.0007549490200001 1.9996743241499999 1.9996960022500001 0.0009765625
2.0007549490200001 2.0007589647000001 1.9996726460600001 1.99969432415 0.0009765625
2.0007589647000001 2.0007629803899998 1.99967096798 1.99969264606 0.0009765625
2.0007629803899998 2.0007669960799999 1.9996692899199999 1.9996909679799999 0.0009765625
2.0007669960799999 2.0007710117599999 1.9996676118600001 1.9996892899200001 0.0009765625
2.0007710117599999 2.00077502745 1.99966593381 1.99968761186 0.0009765625
2.00077502745 2.0007790431400001 1.99966425578 1.9996859338099999 0.0009765625
2.0007790431400001 2.0007830588200002 1.9996625777599999 1.9996842557800001 0.0009765625
2.0007830588200002 2.0007870745099998 1.9996608997400001 1.99968257776 0.0009765625
2.0007870745099998 2.0007910901899999 1.99965922174 1.99968089974 0.0009765625
2.0007910901899999 2.00079510588 1.9996575437499999 1.9996792217399999 0.0009765625
2.00079510588 2.0007991215700001 1.9996558657700001 1.9996775437500001 0.0009765625
2.0007991215700001 2.0008031372500001 1.9996541878 1.99967586577 0.0009765625
2.0008031372500001 2.0008071529400002 1.99965250985 1.9996741877999999 0.0009765625
2.0008071529400002 2.0008111686299999 1.9996308319 1.99969250985 0.0009765625
2.0008111686299999 2.0008151843099999 1.99962915396 1.9996908319 0.0009765625
2.0008151843099999 2.0008192 1.9996274760399999 1.9996891539599999 0.0009765625
2.0008192 2.0008272313700002 1.9996441202199999 1.9996674760399999 0.0009765625
2.0008272313700002 2.0008352627399999 1.9996407644500001 1.9996641202200001 0.0009765625
2.0008352627399999 2.0008432941200001 1.99963740872 1.99966076445 0.0009765625
2.0008432941200001 2.0008513254900002 1.9996340530400001 1.9996574087200001 0.0009765625
2.0008513254900002 2.0008593568599999 1.9996306974 1.99965405304 0.0009765625
2.0008593568599999 2.0008673882300001 1.9996273417999999 1.9996506973999999 0.0009765625
2.0008673882300001 2.0008754196099998 1.99962398625 1.9996473418 0.0009765625
2.0008754196099998 2.00088345098 1.9996006307400001 1.9996639862500001 0.0009765625
2.00088345098 2.0008914823500001 1.99959727527 1.99966063074 0.0009765625
2.0008914823500001 2.0008995137199999 1.9995939198499999 1.9996572752699999 0.0009765625
2.0008995137199999 2.0009075451 1.9995905644700001 1.9996539198500001 0.0009765625
2.0009075451 2.0009155764700002 1.99958720914 1.99965056447 0.0009765625
2.0009155764700002 2.0009236078399999 1.9995838538499999 1.9996472091399999 0.0009765625
2.0009236078399999 2.0009316392100001 1.9995804986100001 1.9996438538500001 0.0009765625
2.0009316392100001 2.0009396705900002 1.9995771434 1.99964049861 0.0009765625
2.0009396705900002 2.0009477019599999 1.99957378824 1.9996371434 0.0009765625
2.0009477019599999 2.0009557333300001 1.9995704331299999 1.9996337882399999 0.0009765625
2.0009557333300001 2.0009637646999998 1.9995670780599999 1.9996304331300001 0.0009765625
2.0009637646999998 2.00097179608 1.9995637230300001 1.9996270780600001 0.0009765625
2.00097179608 2.0009798274500001 1.99956036805 1.99962372303 0.0009765625
2.0009798274500001 2.0009878588199999 1.99955701311 1.99962036805 0.0009765625
2.0009878588199999 2.00099589019 1.99955365822 1.99961701311 0.0009765625
2.00099589019 2.0010039215700002 1.9995503033699999 1.9996136582199999 0.0009765625
2.0010039215700002 2.0010119529399999 1.9995469485599999 1.9996103033699999 0.0009765625
2.0010119529399999 2.0010199843100001 1.9995435937999999 1.9996069485600001 0.0009765625
2.0010199843100001 2.0010280156800002 1.9995402390799999 1.9996035938000001 0.0009765625
2.0010280156800002 2.0010360470599999 1.9995368844000001 1.9996002390800001 0.0009765625
2.0010360470599999 2.0010440784300001 1.9995335297700001 1.9995968844000001 0.0009765625
2.0010440784300001 2.0010521097999998 1.9995301751800001 1.99959352977 0.0009765625
2.0010521097999998 2.00106014117 1.9995268206400001 1.99959017518 0.0009765625
2.00106014117 2.0010681725500001 1.9995234661400001 1.99958682064 0.0009765625
2.0010681725500001 2.0010762039199999 1.9995201116800001 1.99958346614 0.0009765625
2.0010762039199999 2.00108423529 1.9995167572699999 1.99958011168 0.0009765625
2.00108423529 2.0010922666600002 1.9995134028999999 1.9995767572700001 0.0009765625
2.0010922666600002 2.0011002980399999 1.9995100485699999 1.9995734029000001 0.0009765625
2.0011002980399999 2.0011083294100001 1.9995066942899999 1.9995700485700001 0.0009765625
2.0011083294100001 2.0011163607800002 1.99950334006 1.9995666942899999 0.0009765625
2.0011163607800002 2.0011243921599999 1.99949998586 1.9995633400599999 0.0009765625
2.0011243921599999 2.0011324235300001 1.99949663171 1.9995599858599999 0.0009765625
2.0011324235300001 2.0011404548999998 1.9994932776100001 1.99955663171 0.0009765625
2.0011404548999998 2.00114848627 1.9994899235500001 1.99955327761 0.0009765625
2.00114848627 2.0011565176500001 1.9994865695299999 1.9995499235500001 0.0009765625
2.0011565176500001 2.0011645490199998 1.99948321556 1.9995465695300001 0.0009765625
2.0011645490199998 2.00117258039 1.99947986163 1.9995432155599999 0.0009765625
2.00117258039 2.0011806117600002 1.9994765077400001 1.99953986163 0.0009765625
2.0011806117600002 2.0011886431399999 1.9994731538999999 1.99953650774 0.0009765625
2.0011886431399999 2.0011966745100001 1.9994698001 1.9995331539000001 0.0009765625
2.0011966745100001 2.0012047058800002 1.99946644634 1.9995298000999999 0.0009765625
2.0012047058800002 2.0012127372499999 1.9994630926300001 1.99952644634 0.0009765625
2.0012127372499999 2.0012207686300001 1.99945973897 1.9995230926300001 0.0009765625
2.0012207686300001 2.0012287999999998 1.99945638534 1.9995197389699999 0.0009765625
2.0012287999999998 2.00123683137 1.9994530317600001 1.99951638534 0.0009765625
2.00123683137 2.0012448627400001 1.99944967823 1.9995130317600001 0.0009765625
2.0012448627400001 2.0012528941199998 1.9994463247400001 1.9995096782299999 0.0009765625
2.0012528941199998 2.00126092549 1.9994429712899999 1.99950632474 0.0009765625
2.00126092549 2.0012689568600002 1.99943961788 1.9995029712900001 0.0009765625
2.0012689568600002 2.0012769882299999 1.9994362645199999 1.99949961788 0.0009765625
2.0012769882299999 2.00128501961 1.99943291121 1.9994962645200001 0.0009765625
2.00128501961 2.0012930509800002 1.9994295579300001 1.9994929112099999 0.0009765625
2.0012930509800002 2.0013010823499999 1.99942620471 1.99948955793 0.0009765625
2.0013010823499999 2.0013091137200001 1.9994228515200001 1.9994862047099999 0.0009765625
2.0013091137200001 2.0013171450999998 1.99941949838 1.99948285152 0.0009765625
2.0013171450999998 2.00132517647 1.9994161452799999 1.9994794983799999 0.0009765625
2.00132517647 2.0013332078400001 1.99941279223 1.9994761452800001 0.0009765625
2.0013332078400001 2.0013412392099998 1.9994094392199999 1.99947279223 0.0009765625
2.0013412392099998 2.00134927059 1.99940608625 1.9994694392200001 0.0009765625
2.00134927059 2.0013573019600002 1.99940273333 1.99946608625 0.0009765625
2.0013573019600002 2.0013653333299999 1.9993993804500001 1.9994627333299999 0.0009765625
2.0013653333299999 2.0013733647 1.99939602762 1.99945938045 0.0009765625
2.0013733647 2.0013813960800002 1.9993926748299999 1.99945602762 0.0009765625
2.0013813960800002 2.0013894274499999 1.9993893220800001 1.9994526748300001 0.0009765625
2.0013894274499999 2.0013974588200001 1.99938596938 1.99944932208 0.0009765625
2.0013974588200001 2.0014054901899998 1.9993826167199999 1.99944596938 0.0009765625
2.0014054901899998 2.00141352157 1.9993792641100001 1.9994426167199999 0.0009765625
2.00141352157 2.0014215529400001 1.99937591153 1.9994392641100001 0.0009765625
2.0014215529400001 2.0014295843099998 1.99937255901 1.99943591153 0.0009765625
2.0014295843099998 2.00143761568 1.9993692065199999 1.9994325590099999 0.0009765625
2.00143761568 2.0014456470600002 1.9993658540799999 1.9994292065199999 0.0009765625
2.0014456470600002 2.0014536784299999 1.9993625016900001 1.9994258540800001 0.0009765625
2.0014536784299999 2.0014617098 1.99935914933 1.99942250169 0.0009765625
2.0014617098 2.0014697411700002 1.99935579703 1.99941914933 0.0009765625
2.0014697411700002 2.0014777725499999 1.99935244476 1.9994157970299999 0.0009765625
2.0014777725499999 2.0014858039200001 1.9993490925399999 1.9994124447599999 0.0009765625
2.0014858039200001 2.0014938352899998 1.9993457403599999 1.9994090925400001 0.0009765625
2.0014938352899998 2.00150186666 1.9993423882300001 1.9994057403600001 0.0009765625
2.00150186666 2.0015098980400001 1.9993390361400001 1.99940238823 0.0009765625
2.0015098980400001 2.0015179294099998 1.9993356841000001 1.99939903614 0.0009765625
2.0015179294099998 2.00152596078 1.9993323320900001 1.9993956841 0.0009765625
2.00152596078 2.0015339921500002 1.99932898014 1.99939233209 0.0009765625
2.0015339921500002 2.0015420235299999 1.99932562822 1.99938898014 0.0009765625
2.0015420235299999 2.0015500549 1.99932227635 1.99938562822 0.0009765625
2.0015500549 2.0015580862700002 1.99931892452 1.99938227635 0.0009765625
2.0015580862700002 2.0015661176399999 1.99931557274 1.99937892452 0.0009765625
2.0015661176399999 2.0015741490200001 1.9993122210000001 1.99937557274 0.0009765625
2.0015741490200001 2.0015821803899998 1.9993088693100001 1.999372221 0.0009765625
2.0015821803899998 2.00159021176 1.9993055176600001 1.99936886931 0.0009765625
2.00159021176 2.0015982431300001 1.9993021660500001 1.99936551766 0.0009765625
2.0015982431300001 2.0016062745099998 1.9992988144799999 1.9993621660500001 0.0009765625
2.0016062745099998 2.00161430588 1.9992954629599999 1.9993588144800001 0.0009765625
2.00161430588 2.0016223372500002 1.99929211149 1.9993554629600001 0.0009765625
2.0016223372500002 2.0016303686199999 1.99928876006 1.9993521114899999 0.0009765625
2.0016303686199999 2.0016384 1.99928540867 1.99934876006 0.0009765625
2.0016384 2.0016544627399999 1.9992787060199999 1.99934540867 0.0009765625
2.0016544627399999 2.0016705254899998 1.99927200355 1.9993387060200001 0.0009765625
2.0016705254899998 2.0016865882300001 1.9992653012499999 1.99933200355 0.0009765625
2.0016865882300001 2.00170265098 1.99925859913 1.9993253012500001 0.0009765625
2.00170265098 2.0017187137199999 1.99925189719 1.99931859913 0.0009765625
2.0017187137199999 2.0017347764700002 1.9992451954199999 1.9993118971899999 0.0009765625
2.0017347764700002 2.0017508392100001 1.9992384938200001 1.9993051954200001 0.0009765625
2.0017508392100001 2.00176690196 1.9992317924 1.99929849382 0.0009765625
2.00176690196 2.0017829646999998 1.99922509116 1.9992917924 0.0009765625
2.0017829646999998 2.0017990274500002 1.99921839009 1.99928509116 0.0009765625
2.0017990274500002 2.00181509019 1.99921168919 1.99927839009 0.0009765625
2.00181509019 2.0018311529399999 1.9992049884700001 1.99927168919 0.0009765625
2.0018311529399999 2.0018472156799998 1.9991982879300001 1.99926498847 0.0009765625
2.0018472156799998 2.0018632784300001 1.9991915875599999 1.99925828793 0.0009765625
2.0018632784300001 2.00187934117 1.99918488736 1.9992515875600001 0.0009765625
2.00187934117 2.0018954039199999 1.9991781873400001 1.9992448873599999 0.0009765625
2.0018954039199999 2.0019114666600002 1.9991714875 1.99923818734 0.0009765625
2.0019114666600002 2.0019275294100001 1.9991647878300001 1.9992314874999999 0.0009765625
2.0019275294100001 2.00194359215 1.99915808834 1.99922478783 0.0009765625
2.00194359215 2.0019596548999998 1.9991513890199999 1.9992180883399999 0.0009765625
2.0019596548999998 2.0019757176400002 1.99914468987 1.9992113890200001 0.0009765625
2.0019757176400002 2.00199178039 1.9991379909 1.99920468987 0.0009765625
2.00199178039 2.0020078431299999 1.99913129211 1.9991979908999999 0.0009765625
2.0020078431299999 2.0020239058799998 1.9991245934899999 1.9991912921099999 0.0009765625
2.0020239058799998 2.0020399686200001 1.9991178950399999 1.9991845934900001 0.0009765625
2.0020399686200001 2.00205603137 1.9991111967799999 1.9991778950400001 0.0009765625
2.00205603137 2.0020720941099999 1.99910449868 1.9991711967800001 0.0009765625
2.0020720941099999 2.0020881568600002 1.99909780076 1.9991644986799999 0.0009765625
2.0020881568600002 2.0021042196000001 1.99909110302 1.9991578007599999 0.0009765625
2.0021042196000001 2.0021202823499999 1.9990844054500001 1.99915110302 0.0009765625
2.0021202823499999 2.0021363450899998 1.99907770805 1.9991444054500001 0.0009765625
2.0021363450899998 2.0021524078400001 1.9990710108300001 1.9991377080499999 0.0009765625
2.0021524078400001 2.00216847058 1.9990643137899999 1.99913101083 0.0009765625
2.00216847058 2.0021845333299999 1.9990576169200001 1.9991243137900001 0.0009765625
2.0021845333299999 2.0022005960699998 1.99905092022 1.99911761692 0.0009765625
2.0022005960699998 2.0022166588200001 1.9990442236999999 1.9991109202199999 0.0009765625
2.0022166588200001 2.00223272156 1.9990375273600001 1.9991042237000001 0.0009765625
2.00223272156 2.0022487843099999 1.99903083119 1.99909752736 0.0009765625
2.0022487843099999 2.0022648470600002 1.99902413519 1.99909083119 0.0009765625
2.0022648470600002 2.0022809098000001 1.99901743937 1.9990841351899999 0.0009765625
2.0022809098000001 2.0022969725499999 1.99901074372 1.9990774393699999 0.0009765625
2.0022969725499999 2.0023130352899998 1.99900404825 1.9990707437199999 0.0009765625
2.0023130352899998 2.0023290980400001 1.99899735296 1.9990640482499999 0.0009765625
2.0023290980400001 2.00234516078 1.9989906578400001 1.99905735296 0.0009765625
2.00234516078 2.0023612235299999 1.9989839628899999 1.99905065784 0.0009765625
2.0023612235299999 2.0023772862699998 1.99897726812 1.9990439628900001 0.0009765625
2.0023772862699998 2.0023933490200001 1.9989705735200001 1.9990372681199999 0.0009765625
2.0023933490200001 2.00240941176 1.9989638791 1.99903057352 0.0009765625
2.00240941176 2.0024254745099999 1.9989571848500001 1.9990238790999999 0.0009765625
2.0024254745099999 2.0024415372500002 1.99895049078 1.99901718485 0.0009765625
2.0024415372500002 2.0024576000000001 1.9989437968799999 1.9990104907799999 0.0009765625
2.0024576000000001 2.0024736627399999 1.9989371031600001 1.9990037968800001 0.0009765625
2.0024736627399999 2.0024897254899998 1.99893040961 1.99899710316 0.0009765625
2.0024897254899998 2.0025057882300001 1.99892371624 1.99899040961 0.0009765625
2.0025057882300001 2.00252185098 1.99891702304 1.9989837162399999 0.0009765625
2.00252185098 2.0025379137199999 1.99891033002 1.9989770230399999 0.0009765625
2.0025379137199999 2.0025539764700002 1.99890363717 1.9989703300199999 0.0009765625
2.0025539764700002 2.0025700392100001 1.99889694449 1.9989636371699999 0.0009765625
2.0025700392100001 2.00258610196 1.99889025199 1.9989569444899999 0.0009765625
2.00258610196 2.0026021646999999 1.9988835596700001 1.99895025199 0.0009765625
2.0026021646999999 2.0026182274500002 1.9988768675199999 1.99894355967 0.0009765625
2.0026182274500002 2.0026342901900001 1.99887017554 1.9989368675200001 0.0009765625
2.0026342901900001 2.0026503529399999 1.9988634837399999 1.99893017554 0.0009765625
2.0026503529399999 2.0026664156799998 1.99885679212 1.9989234837400001 0.0009765625
2.0026664156799998 2.0026824784300001 1.9988501006599999 1.99891679212 0.0009765625
2.0026824784300001 2.00269854117 1.99884340939 1.9989101006600001 0.0009765625
2.00269854117 2.0027146039199999 1.99883671829 1.99890340939 0.0009765625
2.0027146039199999 2.0027306666600002 1.9988300273599999 1.9988967182899999 0.0009765625
2.0027306666600002 2.0027467294100001 1.9988233365999999 1.9988900273600001 0.0009765625
2.0027467294100001 2.00276279215 1.9988166460300001 1.9988833366100001 0.0009765625
2.00276279215 2.0027788548999998 1.9987399556200001 1.9989466460300001 0.0009765625
2.0027788548999998 2.0027949176400002 1.9987332653900001 1.99893995562 0.0009765625
2.0027949176400002 2.0028109803900001 1.9987265753400001 1.99893326539 0.0009765625
2.0028109803900001 2.0028270431299999 1.9987198854599999 1.9989265753400001 0.0009765625
2.0028270431299999 2.0028431058799998 1.9987131957599999 1.9989198854600001 0.0009765625
2.0028431058799998 2.0028591686200001 1.99870650623 1.9989131957599999 0.0009765625
2.0028591686200001 2.00287523137 1.9986998168700001 1.99890650623 0.0009765625
2.00287523137 2.0028912941099999 1.99869312769 1.9988998168700001 0.0009765625
2.0028912941099999 2.0029073568600002 1.9986864386800001 1.9988931276899999 0.0009765625
2.0029073568600002 2.0029234196000001 1.99867974985 1.99888643868 0.0009765625
2.0029234196000001 2.00293948235 1.9986730611900001 1.9988797498499999 0.0009765625
2.00293948235 2.0029555450899998 1.99866637271 1.9988730611900001 0.0009765625
2.0029555450899998 2.0029716078400002 1.9986596844 1.99886637271 0.0009765625
2.0029716078400002 2.00298767058 1.9986529962699999 1.9988596843999999 0.0009765625
2.00298767058 2.0030037333299999 1.9986463083099999 1.9988529962699999 0.0009765625
2.0030037333299999 2.0030197960699998 1.9986396205200001 1.9988463083100001 0.0009765625
2.0030197960699998 2.0030358588200001 1.9986329329100001 1.9988396205200001 0.0009765625
2.0030358588200001 2.00305192156 1.9986262454799999 1.9988329329100001 0.0009765625
2.00305192156 2.0030679843099999 1.9986195582099999 1.9988262454800001 0.0009765625
2.0030679843099999 2.0030840470500002 1.99861287113 1.9988195582099999 0.0009765625
2.0030840470500002 2.0031001098000001 1.99860618422 1.9988128711299999 0.0009765625
2.0031001098000001 2.00311617254 1.9985994974800001 1.99880618422 0.0009765625
2.00311617254 2.0031322352899998 1.99859281091 1.9987994974800001 0.0009765625
2.0031322352899998 2.0031482980300002 1.9985861245300001 1.9987928109099999 0.0009765625
2.0031482980300002 2.00316436078 1.99857943831 1.99878612453 0.0009765625
2.00316436078 2.0031804235199999 1.9985727522700001 1.9987794383099999 0.0009765625
2.0031804235199999 2.0031964862699998 1.99856606641 1.9987727522700001 0.0009765625
2.0031964862699998 2.0032125490100001 1.9985593807099999 1.99876606641 0.0009765625
2.0032125490100001 2.00322861176 1.9985526951999999 1.9987593807099999 0.0009765625
2.00322861176 2.0032446744999999 1.9985460098500001 1.9987526952000001 0.0009765625
2.0032446744999999 2.0032607372500002 1.9985393246900001 1.9987460098500001 0.0009765625
2.0032607372500002 2.0032767999900001 1.9985326396900001 1.99873932469 0.0009765625
2.0032767999900001 2.0033089254799998 1.9985192702300001 1.99873263969 0.0009765625
2.0033089254799998 2.00334105097 1.99850590146 1.9987192702300001 0.0009765625
2.00334105097 2.0033731764699998 1.9984925333900001 1.9987059014599999 0.0009765625
2.0033731764699998 2.00340530196 1.9984791660200001 1.9986925333900001 0.0009765625
2.00340530196 2.0034374274500002 1.9984657993499999 1.9986791660200001 0.0009765625
2.0034374274500002 2.00346955294 1.99845243337 1.9986657993500001 0.0009765625
2.00346955294 2.0035016784300002 1.9984390680899999 1.99865243337 0.0009765625
2.0035016784300002 2.0035338039199999 1.9984257035099999 1.9986390680899999 0.0009765625
2.0035338039199999 2.0035659294100001 1.99841233962 1.9986257035099999 0.0009765625
2.0035659294100001 2.0035980548999999 1.9983989764400001 1.99861233962 0.0009765625
2.0035980548999999 2.0036301803900001 1.99838561395 1.9985989764400001 0.0009765625
2.0036301803900001 2.0036623058799998 1.99837225215 1.99858561395 0.0009765625
2.0036623058799998 2.00369443137 1.9983588910500001 1.99857225215 0.0009765625
2.00369443137 2.0037265568599998 1.99834553065 1.9985588910500001 0.0009765625
2.0037265568599998 2.00375868235 1.9983321709499999 1.99854553065 0.0009765625
2.00375868235 2.0037908078400002 1.9983188119399999 1.9985321709499999 0.0009765625
2.0037908078400002 2.0038229333299999 1.99830545363 1.9985188119399999 0.0009765625
2.0038229333299999 2.0038550588200001 1.9982920960199999 1.99850545363 0.0009765625
2.0038550588200001 2.0038871843099999 1.9982787391000001 1.9984920960200001 0.0009765625
2.0038871843099999 2.0039193098000001 1.9982653828800001 1.9984787391000001 0.0009765625
2.0039193098000001 2.0039514352899999 1.99825202735 1.9984653828800001 0.0009765625
2.0039514352899999 2.0039835607800001 1.9982386725300001 1.9984520273499999 0.0009765625
2.0039835607800001 2.0040156862699998 1.9982253183900001 1.9984386725300001 0.0009765625
2.0040156862699998 2.00404781176 1.9982119649600001 1.99842531839 0.0009765625
2.00404781176 2.0040799372500002 1.9981986122199999 1.9984119649600001 0.0009765625
2.0040799372500002 2.00411206274 1.9981852601700001 1.9983986122199999 0.0009765625
2.00411206274 2.0041441882300002 1.9981719088300001 1.9983852601700001 0.0009765625
2.0041441882300002 2.0041763137199999 1.9981585581700001 1.99837190883 0.0009765625
2.0041763137199999 2.0042084392100001 1.99814520822 1.9983585581700001 0.0009765625
2.0042084392100001 2.0042405646999999 1.9981318589599999 1.9983452082199999 0.0009765625
2.0042405646999999 2.0042726901900001 1.9981185104000001 1.9983318589600001 0.0009765625
2.0042726901900001 2.0043048156799999 1.9981051625299999 1.9983185104000001 0.0009765625
2.0043048156799999 2.0043369411700001 1.99809181535 1.9983051625299999 0.0009765625
2.0043369411700001 2.0043690666599998 1.99807846888 1.99829181535 0.0009765625
2.0043690666599998 2.00440119215 1.9980651231 1.9982784688799999 0.0009765625
2.00440119215 2.0044333176400002 1.99805177801 1.9982651230999999 0.0009765625
2.0044333176400002 2.00446544313 1.9980384336200001 1.99825177801 0.0009765625
2.00446544313 2.0044975686200002 1.9980250899200001 1.9982384336200001 0.0009765625
2.0044975686200002 2.0045296941099999 1.9980117469200001 1.99822508992 0.0009765625
2.0045296941099999 2.0045618196000001 1.9979984046199999 1.99821174692 0.0009765625
2.0045618196000001 2.0045939450899999 1.99798506301 1.9981984046200001 0.0009765625
2.0045939450899999 2.0046260705800001 1.9979717221 1.99818506301 0.0009765625
2.0046260705800001 2.0046581960699998 1.99795838188 1.9981717220999999 0.0009765625
2.0046581960699998 2.00469032156 1.99794504235 1.9981583818799999 0.0009765625
2.00469032156 2.0047224470499998 1.9979317035199999 1.99814504235 0.0009765625
2.0047224470499998 2.00475457254 1.9979183653899999 1.9981317035199999 0.0009765625
2.00475457254 2.0047866980300002 1.9979050279499999 1.9981183653900001 0.0009765625
2.0047866980300002 2.00481882352 1.99789169121 1.9981050279499999 0.0009765625
2.00481882352 2.0048509490100002 1.9978783551599999 1.99809169121 0.0009765625
2.0048509490100002 2.0048830744999999 1.9978650198000001 1.9980783551600001 0.0009765625
2.0048830744999999 2.0049151999900001 1.9978516851400001 1.9980650198000001 0.0009765625
2.0049151999900001 2.0049473254799999 1.99783835118 1.9980516851400001 0.0009765625
2.0049473254799999 2.0049794509700001 1.9978250179000001 1.9980383511799999 0.0009765625
2.0049794509700001 2.0050115764599998 1.9978116853300001 1.9980250179000001 0.0009765625
2.0050115764599998 2.00504370195 1.9977983534399999 1.9980116853300001 0.0009765625
2.00504370195 2.0050758274399998 1.99778502226 1.9979983534400001 0.0009765625
2.0050758274399998 2.00510795293 1.9977716917599999 1.99798502226 0.0009765625
2.00510795293 2.0051400784200002 1.9977583619599999 1.9979716917599999 0.0009765625
2.0051400784200002 2.00517220391 1.9977450328599999 1.9979583619600001 0.0009765625
2.00517220391 2.0052043294000002 1.99773170444 1.9979450328599999 0.0009765625
2.0052043294000002 2.0052364548899999 1.99771837673 1.99793170444 0.0009765625
2.0052364548899999 2.0052685803800001 1.9977050497 1.9979183767299999 0.0009765625
2.0052685803800001 2.0053007058699999 1.99769172337 1.9979050496999999 0.0009765625
2.0053007058699999 2.0053328313600001 1.9976783977399999 1.99789172337 0.0009765625
2.0053328313600001 2.0053649568499998 1.9976650727900001 1.9978783977400001 0.0009765625
2.0053649568499998 2.00539708234 1.9976517485500001 1.99786507279 0.0009765625
2.00539708234 2.0054292078299998 1.9976384249900001 1.99785174855 0.0009765625
2.0054292078299998 2.00546133332 1.99762510213 1.9978384249900001 0.0009765625
2.00546133332 2.0054934588100002 1.9976117799599999 1.99782510213 0.0009765625
2.0054934588100002 2.0055255842999999 1.99759845849 1.9978117799599999 0.0009765625
2.0055255842999999 2.0055577097900001 1.99758513771 1.9977984584899999 0.0009765625
2.0055577097900001 2.0055898352799999 1.9975718176199999 1.99778513771 0.0009765625
2.0055898352799999 2.0056219607800001 1.9975584982300001 1.9977718176199999 0.0009765625
2.0056219607800001 2.0056540862699999 1.9975451795200001 1.9977584982300001 0.0009765625
2.0056540862699999 2.0056862117600001 1.99753186152 1.9977451795200001 0.0009765625
2.0056862117600001 2.0057183372499998 1.9975185442000001 1.9977318615199999 0.0009765625
2.0057183372499998 2.00575046274 1.99750522758 1.9977185442000001 0.0009765625
2.00575046274 2.0057825882300002 1.9974919116500001 1.99770522758 0.0009765625
2.0057825882300002 2.00581471372 1.9974785964199999 1.99769191165 0.0009765625
2.00581471372 2.0058468392100002 1.9974652818700001 1.9976785964199999 0.0009765625
2.0058468392100002 2.0058789646999999 1.99745196802 1.99766528187 0.0009765625
2.0058789646999999 2.0059110901900001 1.9974386548700001 1.99765196802 0.0009765625
2.0059110901900001 2.0059432156799999 1.9974253423999999 1.99763865487 0.0009765625
2.0059432156799999 2.0059753411700001 1.9974120306300001 1.9976253423999999 0.0009765625
2.0059753411700001 2.0060074666599998 1.99739871955 1.99761203063 0.0009765625
2.0060074666599998 2.0060395921500001 1.9973854091700001 1.99759871955 0.0009765625
2.0060395921500001 2.0060717176399998 1.9973720994699999 1.99758540917 0.0009765625
2.0060717176399998 2.00610384313 1.9973587904700001 1.9975720994699999 0.0009765625
2.00610384313 2.0061359686200002 1.9973454821600001 1.9975587904700001 0.0009765625
2.0061359686200002 2.00616809411 1.9973321745399999 1.9975454821600001 0.0009765625
2.00616809411 2.0062002196000002 1.99731886762 1.9975321745400001 0.0009765625
2.0062002196000002 2.0062323450899999 1.9973055613899999 1.99751886762 0.0009765625
2.0062323450899999 2.0062644705800001 1.9972922558499999 1.9975055613899999 0.0009765625
2.0062644705800001 2.0062965960699999 1.997278951 1.9974922558499999 0.0009765625
2.0062965960699999 2.0063287215600001 1.9972656468400001 1.9974789509999999 0.0009765625
2.0063287215600001 2.0063608470499998 1.99725234338 1.9974656468400001 0.0009765625
2.0063608470499998 2.00639297254 1.9972390406 1.99745234338 0.0009765625
2.00639297254 2.0064250980299998 1.9972257385200001 1.9974390406 0.0009765625
2.0064250980299998 2.00645722352 1.99721243714 1.99742573852 0.0009765625
2.00645722352 2.0064893490100002 1.9971991364399999 1.9974124371399999 0.0009765625
2.0064893490100002 2.0065214745 1.9971858364299999 1.9973991364399999 0.0009765625
2.0065214745 2.0065535999900002 1.99717253712 1.9973858364299999 0.0009765625
2.0065535999900002 2.0066178509700001 1.9971459405600001 1.99737253712 0.0009765625
2.0066178509700001 2.0066821019500001 1.9971193467799999 1.99734594057 0.0009765625
2.0066821019500001 2.00674635293 1.99709275576 1.9973193467799999 0.0009765625
2.00674635293 2.00681060391 1.9970661675000001 1.99729275576 0.0009765625
2.00681060391 2.0068748548899999 1.997039582 1.9972661675000001 0.0009765625
2.0068748548899999 2.0069391058699999 1.9970129992700001 1.997239582 0.0009765625
2.0069391058699999 2.0070033568499999 1.99698641931 1.9972129992700001 0.0009765625
2.0070033568499999 2.0070676078299998 1.9969598421000001 1.99718641931 0.0009765625
2.0070676078299998 2.0071318588099998 1.99693326766 1.9971598421000001 0.0009765625
2.0071318588099998 2.0071961097900002 1.9969066959799999 1.99713326766 0.0009765625
2.0071961097900002 2.0072603607700001 1.9968801270700001 1.9971066959799999 0.0009765625
2.0072603607700001 2.0073246117500001 1.99685356091 1.99708012707 0.0009765625
2.0073246117500001 2.0073888627300001 1.9968269975099999 1.99705356091 0.0009765625
2.0073888627300001 2.00745311371 1.9968004368800001 1.9970269975099999 0.0009765625
2.00745311371 2.00751736469 1.996773879 1.9970004368800001 0.0009765625
2.00751736469 2.0075816156699999 1.99674732388 1.996973879 0.0009765625
2.0075816156699999 2.0076458666499999 1.9967207715199999 1.99694732388 0.0009765625
2.0076458666499999 2.0077101176299998 1.9966942219199999 1.9969207715199999 0.0009765625
2.0077101176299998 2.0077743686099998 1.9966676750800001 1.9968942219200001 0.0009765625
2.0077743686099998 2.0078386196000002 1.9966411309900001 1.9968676750800001 0.0009765625
2.0078386196000002 2.0079028705800002 1.99661458966 1.99684113099 0.0009765625
2.0079028705800002 2.0079671215600001 1.99658805109 1.99681458966 0.0009765625
2.0079671215600001 2.0080313725400001 1.99656151527 1.99678805109 0.0009765625
2.0080313725400001 2.00809562352 1.99653498221 1.99676151527 0.0009765625
2.00809562352 2.0081598745 1.9965084519 1.99673498221 0.0009765625
2.0081598745 2.00822412548 1.99648192435 1.9967084519 0.0009765625
2.00822412548 2.0082883764599999 1.9964553995500001 1.99668192435 0.0009765625
2.0082883764599999 2.0083526274399999 1.9964288775100001 1.99665539955 0.0009765625
2.0083526274399999 2.0084168784199998 1.9964023582199999 1.9966288775100001 0.0009765625
2.0084168784199998 2.0084811293999998 1.9963758416799999 1.9966023582200001 0.0009765625
2.0084811293999998 2.0085453803800002 1.99634932789 1.9965758416799999 0.0009765625
2.0085453803800002 2.0086096313600001 1.99632281685 1.9965493278899999 0.0009765625
2.0086096313600001 2.0086738823400001 1.9962963085700001 1.99652281685 0.0009765625
2.0086738823400001 2.0087381333200001 1.9962698030299999 1.99649630857 0.0009765625
2.0087381333200001 2.0088023843 1.99624330025 1.9964698030300001 0.0009765625
2.0088023843 2.00886663528 1.9960168002100001 1.9966433002499999 0.0009765625
2.00886663528 2.0089308862599999 1.9959903029299999 1.99661680021 0.0009765625
2.0089308862599999 2.0089951372399999 1.99596380839 1.9965903029300001 0.0009765625
2.0089951372399999 2.0090593882199999 1.9959373166000001 1.9965638083899999 0.0009765625
2.0090593882199999 2.0091236391999998 1.9959108275599999 1.9965373166 0.0009765625
2.0091236391999998 2.0091878901800002 1.99588434127 1.9965108275600001 0.0009765625
2.0091878901800002 2.0092521411600002 1.9958578577199999 1.99648434127 0.0009765625
2.0092521411600002 2.0093163921400001 1.99583137692 1.9964578577200001 0.0009765625
2.0093163921400001 2.0093806431200001 1.9958048988699999 1.9964313769199999 0.0009765625
2.0093806431200001 2.0094448941 1.99577842356 1.9964048988700001 0.0009765625
2.0094448941 2.00950914508 1.9957519509999999 1.9963784235599999 0.0009765625
2.00950914508 2.00957339606 1.99572548118 1.9963519510000001 0.0009765625
2.00957339606 2.0096376470399999 1.9956990140999999 1.99632548118 0.0009765625
2.0096376470399999 2.0097018980199999 1.9956725497700001 1.9962990141000001 0.0009765625
2.0097018980199999 2.0097661489999998 1.99564608819 1.99627254977 0.0009765625
2.0097661489999998 2.0098303999799998 1.9956196293399999 1.9962460881899999 0.0009765625
2.0098303999799998 2.0098946509600002 1.9955931732400001 1.9962196293400001 0.0009765625
2.0098946509600002 2.0099589019400002 1.99556671988 1.99619317324 0.0009765625
2.0099589019400002 2.0100231529200001 1.9955402692599999 1.9961667198799999 0.0009765625
2.0100231529200001 2.0100874039100001 1.9955138213800001 1.9961402692600001 0.0009765625
2.0100874039100001 2.01015165489 1.9954873762400001 1.99611382138 0.0009765625
2.01015165489 2.01021590587 1.99546093384 1.99608737624 0.0009765625
2.01021590587 2.0102801568499999 1.99543449418 1.9960609338399999 0.0009765625
2.0102801568499999 2.0103444078299999 1.9954080572599999 1.9960344941799999 0.0009765625
2.0103444078299999 2.0104086588099999 1.9953816230800001 1.9960080572600001 0.0009765625
2.0104086588099999 2.0104729097899998 1.9953551916400001 1.99598162308 0.0009765625
2.0104729097899998 2.0105371607700002 1.9953287629300001 1.99595519164 0.0009765625
2.0105371607700002 2.0106014117500002 1.99530233696 1.99592876293 0.0009765625
2.0106014117500002 2.0106656627300001 1.99527591373 1.99590233696 0.0009765625
2.0106656627300001 2.0107299137100001 1.99524949323 1.99587591373 0.0009765625
2.0107299137100001 2.0107941646900001 1.99522307547 1.9958494932299999 0.0009765625
2.0107941646900001 2.01085841567 1.99519666045 1.9958230754699999 0.0009765625
2.01085841567 2.01092266665 1.99517024816 1.9957966604499999 0.0009765625
2.01092266665 2.0109869176299999 1.9951438386 1.9957702481599999 0.0009765625
2.0109869176299999 2.0110511686099999 1.99511743178 1.9957438385999999 0.0009765625
2.0110511686099999 2.0111154195899998 1.99509102769 1.9957174317799999 0.0009765625
2.0111154195899998 2.0111796705699998 1.99506462633 1.99569102769 0.0009765625
2.0111796705699998 2.0112439215500002 1.9950382277100001 1.99566462633 0.0009765625
2.0112439215500002 2.0113081725300002 1.9950118318200001 1.99563822771 0.0009765625
2.0113081725300002 2.0113724235100001 1.9949854386600001 1.99561183182 0.0009765625
2.0113724235100001 2.0114366744900001 1.9949590482299999 1.99558543866 0.0009765625
2.0114366744900001 2.01150092547 1.99493266053 1.9955590482300001 0.0009765625
2.01150092547 2.01156517645 1.99490627557 1.9955326605299999 0.0009765625
2.01156517645 2.01162942743 1.99487989333 1.9955062755699999 0.0009765625
2.01162942743 2.0116936784099999 1.9948535138200001 1.99547989333 0.0009765625
2.0116936784099999 2.0117579293899999 1.9948271370399999 1.99545351382 0.0009765625
2.0117579293899999 2.0118221803699998 1.99480076299 1.9954271370400001 0.0009765625
2.0118221803699998 2.0118864313499998 1.99477439166 1.9954007629899999 0.0009765625
2.0118864313499998 2.0119506823300002 1.9947480230700001 1.99537439166 0.0009765625
2.0119506823300002 2.0120149333100001 1.9947216571999999 1.99534802307 0.0009765625
2.0120149333100001 2.0120791842900001 1.99469529405 1.9953216572000001 0.0009765625
2.0120791842900001 2.0121434352700001 1.9946689336400001 1.9952952940499999 0.0009765625
2.0121434352700001 2.01220768625 1.9946425759399999 1.99526893364 0.0009765625
2.01220768625 2.01227193723 1.99461622098 1.9952425759400001 0.0009765625
2.01227193723 2.0123361882199999 1.9945898687300001 1.99521622098 0.0009765625
2.0123361882199999 2.0124004391999999 1.99456351922 1.99518986873 0.0009765625
2.0124004391999999 2.0124646901799998 1.9945371724200001 1.9951635192199999 0.0009765625
2.0124646901799998 2.0125289411599998 1.9945108283499999 1.99513717242 0.0009765625
2.0125289411599998 2.0125931921400002 1.994484487 1.9951108283500001 0.0009765625
2.0125931921400002 2.0126574431200002 1.9944581483799999 1.995084487 0.0009765625
2.0126574431200002 2.0127216941000001 1.99443181247 1.9950581483800001 0.0009765625
2.0127216941000001 2.0127859450800001 1.9944054792899999 1.9950318124699999 0.0009765625
2.0127859450800001 2.01285019606 1.99437914883 1.99500547929 0.0009765625
2.01285019606 2.01291444704 1.9943528210899999 1.9949791488299999 0.0009765625
2.01291444704 2.01297869802 1.99432649607 1.9949528210900001 0.0009765625
2.01297869802 2.0130429489999999 1.9943001737599999 1.9949264960699999 0.0009765625
2.0130429489999999 2.0131071999799999 1.99427385418 1.9949001737600001 0.0009765625
2.0131071999799999 2.01376255998 1.99427554964 1.99460385418 0.0009765625
2.01376255998 2.0144179199800001 1.99393752746 1.9944055496399999 0.0009765625
2.0144179199800001 2.0150732799800002 1.99366978715 1.9941375274599999 0.0009765625
2.0150732799800002 2.0157286399699998 1.99340232823 1.99386978715 0.0009765625
2.0157286399699998 2.01638399997 1.9931351502000001 1.9936023282299999 0.0009765625
2.01638399997 2.0170393599700001 1.9928682525999999 1.9933351502000001 0.0009765625
2.0170393599700001 2.0176947199700002 1.99260163492 1.9930682526000001 0.0009765625
2.0176947199700002 2.0183500799699998 1.9923352967000001 1.99280163492 0.0009765625
2.0183500799699998 2.0190054399699999 1.99206923746 1.9925352967000001 0.0009765625
2.0190054399699999 2.01966079997 1.9918034567 1.99226923746 0.0009765625
2.01966079997 2.0203161599700001 1.99133795397 1.9922034567 0.0009765625
2.0203161599700001 2.0209715199699998 1.9910727287800001 1.99193795397 0.0009765625
2.0209715199699998 2.0216268799599999 1.99080778065 1.99167272878 0.0009765625
2.0216268799599999 2.02228223996 1.9905431091200001 1.9914077806499999 0.0009765625
2.02228223996 2.0229375999600001 1.9902787137 1.99114310912 0.0009765625
2.0229375999600001 2.0235929599600002 1.99001459393 1.9908787136999999 0.0009765625
2.0235929599600002 2.0242483199599999 1.98975074934 1.99061459393 0.0009765625
2.0242483199599999 2.02490367996 1.98948717945 1.9903507493399999 0.0009765625
2.02490367996 2.0255590399600001 1.9892238838 1.9900871794499999 0.0009765625
2.0255590399600001 2.0262143999600002 1.9889608619200001 1.9898238838 0.0009765625
2.0262143999600002 2.02752511995 1.9886356376000001 1.9893608619200001 0.0009765625
2.02752511995 2.0288358399500002 1.98811150279 1.9888356376 0.0009765625
2.0288358399500002 2.0301465599499999 1.9875884537699999 1.98831150279 0.0009765625
2.0301465599499999 2.0314572799500001 1.9870664868700001 1.9877884537699999 0.0009765625
2.0314572799500001 2.0327679999499999 1.98654559842 1.9872664868700001 0.0009765625
2.0327679999499999 2.0340787199400001 1.98582578477 1.98694559842 0.0009765625
2.0340787199400001 2.0353894399399999 1.9853070422900001 1.98642578477 0.0009765625
2.0353894399399999 2.0367001599400001 1.9847893673699999 1.98590704229 0.0009765625
2.0367001599400001 2.0380108799399999 1.9842727564 1.98538936737 0.0009765625
2.0380108799399999 2.0393215999400001 1.9837572058199999 1.9848727563999999 0.0009765625
2.0393215999400001 2.0406323199299998 1.98324271205 1.9843572058200001 0.0009765625
2.0406323199299998 2.04194303993 1.98272927155 1.98384271205 0.0009765625
2.04194303993 2.0432537599299998 1.98221688079 1.9833292715499999 0.0009765625
2.0432537599299998 2.04456447993 1.98170553625 1.98281688079 0.0009765625
2.04456447993 2.0458751999200002 1.9811952344299999 1.9823055362499999 0.0009765625
2.0458751999200002 2.04718591992 1.9806859718600001 1.9817952344300001 0.0009765625
2.04718591992 2.0484966399200002 1.98017774507 1.98128597186 0.0009765625
2.0484966399200002 2.04980735992 1.9796705506100001 1.9807777450699999 0.0009765625
2.04980735992 2.0511180799200002 1.97916438504 1.98027055061 0.0009765625
2.0511180799200002 2.0524287999099999 1.97865924495 1.97976438504 0.0009765625
2.0524287999099999 2.0550502399099999 1.97785202761 1.97905924495 0.0009765625
2.0550502399099999 2.0576716799099999 1.9768488715600001 1.97805202761 0.0009765625
2.0576716799099999 2.0602931198999999 1.9756497500200001 1.9772488715600001 0.0009765625
2.0602931198999999 2.0629145598999998 1.9746546364399999 1.97624975002 0.0009765625
2.0629145598999998 2.0655359998899998 1.9736635045399999 1.9752546364400001 0.0009765625
2.0655359998899998 2.0681574398899998 1.9726763282599999 1.9742635045400001 0.0009765625
2.0681574398899998 2.0707788798800002 1.97169308178 1.9732763282600001 0.0009765625
2.0707788798800002 2.0734003198800002 1.9707137395200001 1.97229308178 0.0009765625
2.0734003198800002 2.0760217598800002 1.96973827611 1.97131373952 0.0009765625
2.0760217598800002 2.0786431998700001 1.9687666664300001 1.9703382761099999 0.0009765625
2.0786431998700001 2.0812646398700001 1.9677988855699999 1.96936666643 0.0009765625
2.0812646398700001 2.0838860798600001 1.9668349088599999 1.9683988855700001 0.0009765625
2.0838860798600001 2.08650751986 1.96587471184 1.9674349088600001 0.0009765625
2.08650751986 2.08912895985 1.9649182702700001 1.9664747118399999 0.0009765625
2.08912895985 2.09175039985 1.9639655601099999 1.96551827027 0.0009765625
2.09175039985 2.09437183985 1.96301655757 1.9645655601100001 0.0009765625
2.09437183985 2.0969932798399999 1.9620712390299999 1.96361655757 0.0009765625
2.0969932798399999 2.0996147198399999 1.9611295811 1.9626712390300001 0.0009765625
2.0996147198399999 2.1022361598299999 1.96019156059 1.9617295811 0.0009765625
2.1022361598299999 2.1048575998299999 1.9592571545199999 1.9607915605899999 0.0009765625
2.1048575998299999 2.1074790398199998 1.9583263401 1.9598571545200001 0.0009765625
2.1074790398199998 2.1101004798199998 1.95739909475 1.9589263401000001 0.0009765625
2.1101004798199998 2.1127219198199998 1.9564753960800001 1.9579990947499999 0.0009765625
2.1127219198199998 2.1153433598100002 1.9555552219000001 1.95707539608 0.0009765625
2.1153433598100002 2.1205862398000002 1.9537253591799999 1.9561552219 0.0009765625
2.1205862398000002 2.1258291197900001 1.9519093328499999 1.9543253591800001 0.0009765625
2.1258291197900001 2.1310719997900001 1.95010697216 1.9525093328500001 0.0009765625
2.1310719997900001 2.13631487978 1.9483181092499999 1.9507069721600001 0.0009765625
2.13631487978 2.14155775977 1.9465425791199999 1.9489181092500001 0.0009765625
2.14155775977 2.1468006397599999 1.9447802195799999 1.9471425791200001 0.0009765625
2.1468006397599999 2.1520435197499999 1.9430308711399999 1.9453802195800001 0.0009765625
2.1520435197499999 2.1572863997399998 1.94129437698 1.9436308711400001 0.0009765625
2.1572863997399998 2.1625292797300002 1.9395705829100001 1.9418943769799999 0.0009765625
2.1625292797300002 2.1677721597300001 1.9378593372899999 1.94017058291 0.0009765625
2.1677721597300001 2.1730150397200001 1.9361604909900001 1.9384593372900001 0.0009765625
2.1730150397200001 2.17825791971 1.93447389731 1.93676049099 0.0009765625
2.17825791971 2.1835007997 1.93279941197 1.9350738973099999 0.0009765625
2.1835007997 2.1887436796899999 1.9311368930399999 1.93339941197 0.0009765625
2.1887436796899999 2.1939865596799999 1.92948620088 1.9317368930400001 0.0009765625
2.1939865596799999 2.1992294396699998 1.92784719812 1.9300862008799999 0.0009765625
2.1992294396699998 2.2044723196699998 1.92621974957 1.92844719812 0.0009765625
2.2044723196699998 2.2097151996600002 1.9246037222300001 1.9268197495699999 0.0009765625
2.2097151996600002 2.2149580796500001 1.9229989852 1.92520372223 0.0009765625
2.2149580796500001 2.2202009596400001 1.92140540966 1.9235989851999999 0.0009765625
2.2202009596400001 2.22544383963 1.9198228688400001 1.9220054096600001 0.0009765625
2.22544383963 2.23068671962 1.9182512379300001 1.92042286884 0.0009765625
2.23068671962 2.2359295996099999 1.9166903941 1.91885123793 0.0009765625
2.2359295996099999 2.2411724796099999 1.91514021642 1.9172903940999999 0.0009765625
2.2411724796099999 2.2464153595999998 1.91360058585 1.9157402164199999 0.0009765625
2.2464153595999998 2.2516582395900002 1.91207138517 1.91420058585 0.0009765625
2.2516582395900002 2.2569011195800002 1.91055249897 1.9126713851699999 0.0009765625
2.2569011195800002 2.2621439995700001 1.9090438136000001 1.9111524989699999 0.0009765625
2.2621439995700001 2.2673868795600001 1.90754521717 1.9096438136 0.0009765625
2.2673868795600001 2.27262975955 1.9060565994600001 1.90814521717 0.0009765625
2.27262975955 2.27787263955 1.9045778519300001 1.90665659946 0.0009765625
2.27787263955 2.2831155195399999 1.9031088676600001 1.90517785193 0.0009765625
2.2831155195399999 2.2883583995299999 1.9016495413500001 1.90370886766 0.0009765625
2.2883583995299999 2.2936012795199998 1.9001997692799999 1.90224954135 0.0009765625
2.2936012795199998 2.2988441595100002 1.89875944923 1.9007997692800001 0.0009765625
2.2988441595100002 2.3040870395000002 1.8973284805399999 1.8993594492300001 0.0009765625
2.3040870395000002 2.3093299194900001 1.89590676401 1.8979284805400001 0.0009765625
2.3093299194900001 2.3145727994900001 1.8944942019 1.89650676401 0.0009765625
2.3145727994900001 2.31981567948 1.89309069791 1.8950942019000001 0.0009765625
2.31981567948 2.32505855947 1.8916961571299999 1.8936906979100001 0.0009765625
2.32505855947 2.3355443194499999 1.88823359242 1.89299615713 0.0009765625
2.3355443194499999 2.3460300794300002 1.88550577562 1.89023359242 0.0009765625
2.3460300794300002 2.3565158394200001 1.8828119954 1.88750577562 0.0009765625
2.3565158394200001 2.3670015994 1.8801515605200001 1.8848119954 0.0009765625
2.3670015994 2.3774873593799999 1.8775237991 1.8821515605200001 0.0009765625
2.3774873593799999 2.3879731193699998 1.8749280579500001 1.8795237991 0.0009765625
2.3879731193699998 2.3984588793500001 1.8723637018899999 1.8769280579500001 0.0009765625
2.3984588793500001 2.40894463933 1.8698301131199999 1.8743637018899999 0.0009765625
2.40894463933 2.4194303993099999 1.8673266906299999 1.8718301131199999 0.0009765625
2.4194303993099999 2.4294168373899998 1.8656699892299999 1.86862669063 0.0009765625
2.4294168373899998 2.4394032754700001 1.86333962702 1.8662699892300001 0.0009765625
2.4394032754700001 2.44938971355 1.8610351244800001 1.8639396270199999 0.0009765625
2.44938971355 2.4593761516299999 1.8587560141399999 1.86163512448 0.0009765625
2.4593761516299999 2.4693625897100002 1.85650184021 1.8593560141400001 0.0009765625
2.4693625897100002 2.4793490277900001 1.8542721582099999 1.8571018402099999 0.0009765625
2.4793490277900001 2.48933546587 1.85206653458 1.8548721582100001 0.0009765625
2.48933546587 2.4993219039399999 1.84988454638 1.85266653458 0.0009765625
2.4993219039399999 2.5093083420200002 1.8477257809500001 1.8504845463799999 0.0009765625
2.5093083420200002 2.5192947801000001 1.84558983555 1.84832578095 0.0009765625
2.5192947801000001 2.52928121818 1.8434763171299999 1.8461898355499999 0.0009765625
2.52928121818 2.5392676562599998 1.8413848419700001 1.8440763171300001 0.0009765625
2.5392676562599998 2.5492540943400002 1.8393150354400001 1.84198484197 0.0009765625
2.5492540943400002 2.55924053242 1.8372665316800001 1.83991503544 0.0009765625
2.55924053242 2.5692269704999999 1.8352389734000001 1.83786653168 0.0009765625
2.5692269704999999 2.5792134085799998 1.83323201159 1.8358389734 0.0009765625
2.5792134085799998 2.5891998466500001 1.83124530524 1.83383201159 0.0009765625
2.5891998466500001 2.59918628473 1.8292785212 1.8318453052400001 0.0009765625
2.59918628473 2.6091727228099999 1.8273313338599999 1.8298785211999999 0.0009765625
2.6091727228099999 2.6191591608899998 1.82540342498 1.8279313338600001 0.0009765625
2.6191591608899998 2.6291455989700001 1.82349448346 1.8260034249799999 0.0009765625
2.6291455989700001 2.63913203705 1.8216042051400001 1.8240944834599999 0.0009765625
2.63913203705 2.6491184751299999 1.8197322926099999 1.82220420514 0.0009765625
2.6491184751299999 2.6591049132100002 1.81787845502 1.8203322926100001 0.0009765625
2.6591049132100002 2.6690913512900001 1.8160424078799999 1.8184784550199999 0.0009765625
2.6690913512900001 2.67907778936 1.81422387289 1.8166424078800001 0.0009765625
2.67907778936 2.6890642274399998 1.81242257779 1.8148238728899999 0.0009765625
2.6890642274399998 2.6990506655200002 1.8106382561500001 1.81302257779 0.0009765625
2.6990506655200002 2.7090371036000001 1.80887064726 1.81123825615 0.0009765625
2.7090371036000001 2.7190235416799999 1.8071194959300001 1.80947064726 0.0009765625
2.7190235416799999 2.7290099797599998 1.8053845523700001 1.80771949593 0.0009765625
2.7290099797599998 2.7389964178400001 1.8036655720400001 1.80598455237 0.0009765625
2.7389964178400001 2.7589692939999999 1.7995745482700001 1.80496557204 0.000244140625
2.7589692939999999 2.7789421701500001 1.7962445679500001 1.8015745482700001 0.0009765625
2.7789421701500001 2.7989150463099999 1.7929738498000001 1.7982445679500001 0.0009765625
2.7989150463099999 2.8188879224700001 1.7897606841 1.7949738498000001 0.0009765625
2.8188879224700001 2.8388607986299998 1.7866034289999999 1.7917606841 0.0009765625
2.8388607986299998 2.8567651543400001 1.78381938864 1.7886034289999999 0.0009765625
2.8567651543400001 2.8746695100399999 1.78107791497 1.78581938864 0.0009765625
2.8746695100399999 2.8925738657500002 1.77837795147 1.78307791497 0.0009765625
2.8925738657500002 2.91047822146 1.7757184777899999 1.78037795147 0.0009765625
2.91047822146 2.9283825771699998 1.7730985081399999 1.7777184777899999 0.0009765625
2.9283825771699998 2.9462869328800001 1.77051708986 1.7750985081399999 0.0009765625
2.9462869328800001 2.9641912885799999 1.7679733019499999 1.77251708986 0.0009765625
2.9641912885799999 2.9820956442900002 1.7654662537500001 1.7699733019499999 0.0009765625
2.9820956442900002 3 1.7629950837099999 1.7674662537500001 0.0009765625
3 3.02 1.7602760713500001 1.7649950837099999 0.0009765625
3.02 3.04 1.7575996652200001 1.7622760713500001 0.0009765625
3.04 3.0600000000000001 1.7549647823600001 1.7595996652200001 0.0009765625
3.0600000000000001 3.0800000000000001 1.7523703777499999 1.7569647823600001 0.0009765625
3.0800000000000001 3.1000000000000001 1.7498154426400001 1.7543703777499999 0.0009765625
3.1000000000000001 3.1200000000000001 1.74729900295 1.7518154426400001 0.0009765625
3.1200000000000001 3.1400000000000001 1.74482011772 1.74929900295 0.0009765625
3.1400000000000001 3.1600000000000001 1.7423778777600001 1.74682011772 0.0009765625
3.1600000000000001 3.1800000000000002 1.7399714042000001 1.7443778777600001 0.0009765625
3.1800000000000002 3.2000000000000002 1.7375998472800001 1.7419714042000001 0.0009765625
3.2000000000000002 3.2200000000000002 1.73526238506 1.7395998472800001 0.0009765625
3.2200000000000002 3.2400000000000002 1.73295822232 1.73726238506 0.0009765625
3.2400000000000002 3.2599999999999998 1.7306865894400001 1.73495822232 0.0009765625
3.2599999999999998 3.2799999999999998 1.72844674131 1.7326865894400001 0.0009765625
3.2799999999999998 3.2999999999999998 1.7262379564300001 1.73044674131 0.0009765625
3.2999999999999998 3.3199999999999998 1.7240595358499999 1.7282379564300001 0.0009765625
3.3199999999999998 3.3399999999999999 1.72191080236 1.7260595358499999 0.0009765625
3.3399999999999999 3.3599999999999999 1.7197910996000001 1.72391080236 0.0009765625
3.3599999999999999 3.3799999999999999 1.7176997912400001 1.7217910996000001 0.0009765625
3.3799999999999999 3.3999999999999999 1.7156362601999999 1.7196997912400001 0.0009765625
3.3999999999999999 3.4199999999999999 1.7135999079199999 1.7176362601999999 0.0009765625
3.4199999999999999 3.4399999999999999 1.71159015367 1.7155999079199999 0.0009765625
3.4399999999999999 3.46 1.7096064338400001 1.71359015367 0.0009765625
3.46 3.48 1.7076482013000001 1.7116064338400001 0.0009765625
3.48 3.5 1.7057149248400001 1.7096482013000001 0.0009765625
3.5 3.52 1.7038060884999999 1.7077149248400001 0.0009765625
3.52 3.54 1.7019211910900001 1.7058060884999999 0.0009765625
3.54 3.5600000000000001 1.70005974561 1.7039211910900001 0.0009765625
3.5600000000000001 3.5800000000000001 1.69822127873 1.70205974561 0.0009765625
3.5800000000000001 3.6000000000000001 1.69640533033 1.70022127873 0.0009765625
3.6000000000000001 3.6200000000000001 1.69461145303 1.69840533033 0.0009765625
3.6200000000000001 3.6400000000000001 1.69283921173 1.69661145303 0.0009765625
3.6400000000000001 3.6600000000000001 1.69108818317 1.69483921173 0.0009765625
3.6600000000000001 3.6800000000000002 1.68935795554 1.69308818317 0.0009765625
3.6800000000000002 3.7000000000000002 1.68764812808 1.69135795554 0.0009765625
3.7000000000000002 3.7200000000000002 1.6859583107 1.68964812808 0.0009765625
3.7200000000000002 3.7400000000000002 1.68428812363 1.6879583107 0.0009765625
3.7400000000000002 3.7599999999999998 1.68263719704 1.68628812363 0.0009765625
3.7599999999999998 3.7799999999999998 1.68100517075 1.68463719704 0.0009765625
3.7799999999999998 3.7999999999999998 1.67939169389 1.68300517075 0.0009765625
3.7999999999999998 3.8199999999999998 1.6777964245899999 1.68139169389 0.0009765625
3.8199999999999998 3.8399999999999999 1.6762190296899999 1.6797964245899999 0.0009765625
3.8399999999999999 3.8599999999999999 1.6746591844600001 1.6782190296899999 0.0009765625
3.8599999999999999 3.8799999999999999 1.6731165723300001 1.6766591844600001 0.0009765625
3.8799999999999999 3.8999999999999999 1.6715908846200001 1.6751165723300001 0.0009765625
3.8999999999999999 3.9199999999999999 1.6700818202900001 1.6735908846200001 0.0009765625
3.9199999999999999 3.9399999999999999 1.6685890857300001 1.6720818202900001 0.0009765625
3.9399999999999999 3.96 1.6671123944799999 1.6705890857300001 0.0009765625
3.96 3.98 1.66565146703 1.6691123944799999 0.0009765625
3.98 4 1.6642060305999999 1.66765146703 0.0009765625
4 4.0199999999999996 1.6627758189699999 1.6662060305999999 0.0009765625
4.0199999999999996 4.04 1.6613605722 1.6647758189699999 0.0009765625
4.04 4.0599999999999996 1.65996003652 1.6633605722 0.0009765625
4.0599999999999996 4.0800000000000001 1.6585739640999999 1.66196003652 0.0009765625
4.0800000000000001 4.0999999999999996 1.6572021129000001 1.6605739640999999 0.0009765625
4.0999999999999996 4.1200000000000001 1.6558442464700001 1.6592021129000001 0.0009765625
4.1200000000000001 4.1399999999999997 1.6545001338000001 1.6578442464700001 0.0009765625
4.1399999999999997 4.1600000000000001 1.65316954916 1.6565001338000001 0.0009765625
4.1600000000000001 4.1799999999999997 1.6518522719299999 1.65516954916 0.0009765625
4.1799999999999997 4.2000000000000002 1.6512480865000001 1.65315227193 0.0009765625
4.2000000000000002 4.2199999999999998 1.6499567820700001 1.6518480865 0.0009765625
4.2199999999999998 4.2400000000000002 1.6486781525400001 1.65055678207 0.0009765625
4.2400000000000002 4.2599999999999998 1.64741199637 1.64927815254 0.0009765625
4.2599999999999998 4.2800000000000002 1.6461581164500001 1.64801199637 0.0009765625
4.2800000000000002 4.2999999999999998 1.6449163200000001 1.64675811645 0.0009765625
4.2999999999999998 4.3200000000000003 1.64368641841 1.64551632 0.0009765625
4.3200000000000003 4.3399999999999999 1.64246822714 1.6442864184099999 0.0009765625
4.3399999999999999 4.3600000000000003 1.64126156563 1.6430682271399999 0.0009765625
4.3600000000000003 4.3799999999999999 1.64006625716 1.64186156563 0.0009765625
4.3799999999999999 4.4000000000000004 1.6388821287599999 1.6406662571599999 0.0009765625
4.4000000000000004 4.4199999999999999 1.6377090110999999 1.6394821287600001 0.0009765625
4.4199999999999999 4.4400000000000004 1.6365467384100001 1.6383090111 0.0009765625
4.4400000000000004 4.46 1.63539514837 1.63714673841 0.0009765625
4.46 4.4800000000000004 1.63425408202 1.6359951483699999 0.0009765625
4.4800000000000004 4.5 1.6331233836800001 1.6348540820199999 0.0009765625
4.5 4.5199999999999996 1.6320029008400001 1.63372338368 0.0009765625
4.5199999999999996 4.54 1.6308924841200001 1.63260290084 0.0009765625
4.54 4.5599999999999996 1.62979198714 1.63149248412 0.0009765625
4.5599999999999996 4.5800000000000001 1.62870126647 1.6303919871400001 0.0009765625
4.5800000000000001 4.5999999999999996 1.62762018157 1.62930126647 0.0009765625
4.5999999999999996 4.6200000000000001 1.62654859467 1.6282201815699999 0.0009765625
4.6200000000000001 4.6399999999999997 1.62548637074 1.6271485946699999 0.0009765625
4.6399999999999997 4.6600000000000001 1.6244333773999999 1.62608637074 0.0009765625
4.6600000000000001 4.6799999999999997 1.6233894848799999 1.6250333774000001 0.0009765625
4.6799999999999997 4.7000000000000002 1.6223545659 1.6239894848800001 0.0009765625
4.7000000000000002 4.7199999999999998 1.62132849568 1.6229545659 0.0009765625
4.7199999999999998 4.7400000000000002 1.62031115182 1.62192849568 0.0009765625
4.7400000000000002 4.7599999999999998 1.6193024142600001 1.6209111518199999 0.0009765625
4.7599999999999998 4.7800000000000002 1.61830216525 1.61990241426 0.0009765625
4.7800000000000002 4.7999999999999998 1.61731028925 1.61890216525 0.0009765625
4.7999999999999998 4.8200000000000003 1.6163266728900001 1.6179102892499999 0.0009765625
4.8200000000000003 4.8399999999999999 1.6153512049500001 1.61692667289 0.0009765625
4.8399999999999999 4.8600000000000003 1.61438377627 1.61595120495 0.0009765625
4.8600000000000003 4.8799999999999999 1.6134242797 1.6149837762699999 0.0009765625
4.8799999999999999 4.9000000000000004 1.61247261009 1.6140242797 0.0009765625
4.9000000000000004 4.9199999999999999 1.61152866421 1.6130726100899999 0.0009765625
4.9199999999999999 4.9400000000000004 1.61059234071 1.6121286642099999 0.0009765625
4.9400000000000004 4.96 1.6096635400899999 1.6111923407099999 0.0009765625
4.96 4.9800000000000004 1.60874216464 1.6102635400900001 0.0009765625
4.9800000000000004 5 1.6078281184100001 1.6093421646399999 0.0009765625
5 5.0199999999999996 1.6069213071699999 1.60842811841 0.0009765625
5.0199999999999996 5.04 1.6060216383599999 1.6075213071700001 0.0009765625
5.04 5.0599999999999996 1.60512902105 1.60662163836 0.0009765625
5.0599999999999996 5.0800000000000001 1.6042433659499999 1.6057290210499999 0.0009765625
5.0800000000000001 5.0999999999999996 1.60336458528 1.6048433659500001 0.0009765625
5.0999999999999996 5.1200000000000001 1.60249259285 1.60396458528 0.0009765625
5.1200000000000001 5.1399999999999997 1.60162730392 1.6030925928499999 0.0009765625
5.1399999999999997 5.1600000000000001 1.6007686352399999 1.6022273039199999 0.0009765625
5.1600000000000001 5.1799999999999997 1.5999165049699999 1.6013686352400001 0.0009765625
5.1799999999999997 5.2000000000000002 1.5990708327000001 1.6005165049700001 0.0009765625
5.2000000000000002 5.2199999999999998 1.59823153937 1.5996708327 0.0009765625
5.2199999999999998 5.2400000000000002 1.5973985472500001 1.5988315393700001 0.0009765625
5.2400000000000002 5.2599999999999998 1.5965717799400001 1.59799854725 0.0009765625
5.2599999999999998 5.2800000000000002 1.59575116232 1.59717177994 0.0009765625
5.2800000000000002 5.2999999999999998 1.59493662052 1.59635116232 0.0009765625
5.2999999999999998 5.3200000000000003 1.5941280818900001 1.5955366205199999 0.0009765625
5.3200000000000003 5.3399999999999999 1.5933254750000001 1.59472808189 0.0009765625
5.3399999999999999 5.3600000000000003 1.5925287295899999 1.593925475 0.0009765625
5.3600000000000003 5.3799999999999999 1.59173777654 1.5931287295900001 0.0009765625
5.3799999999999999 5.4000000000000004 1.59095254787 1.59233777654 0.0009765625
5.4000000000000004 5.4199999999999999 1.5901729767099999 1.5915525478699999 0.0009765625
5.4199999999999999 5.4400000000000004 1.58939899725 1.5907729767100001 0.0009765625
5.4400000000000004 5.46 1.58863054477 1.5899989972499999 0.0009765625
5.46 5.4800000000000004 1.5878675555599999 1.5892305447699999 0.0009765625
5.4800000000000004 5.5 1.5871099669399999 1.5884675555600001 0.0009765625
5.5 5.5199999999999996 1.5863577172300001 1.5877099669400001 0.0009765625
5.5199999999999996 5.54 1.5856107456999999 1.58695771723 0.0009765625
5.54 5.5599999999999996 1.5848689926099999 1.5862107457000001 0.0009765625
5.5599999999999996 5.5800000000000001 1.58413239913 1.5854689926100001 0.0009765625
5.5800000000000001 5.5999999999999996 1.5834009073599999 1.58473239913 0.0009765625
5.5999999999999996 5.6200000000000001 1.5826744603 1.5840009073600001 0.0009765625
5.6200000000000001 5.6399999999999997 1.5819530018300001 1.5832744603 0.0009765625
5.6399999999999997 5.6600000000000001 1.58123647668 1.58255300183 0.0009765625
5.6600000000000001 5.6799999999999997 1.5805248304599999 1.5818364766799999 0.0009765625
5.6799999999999997 5.7000000000000002 1.5798180095700001 1.5811248304600001 0.0009765625
5.7000000000000002 5.7199999999999998 1.5791159612700001 1.58041800957 0.0009765625
5.7199999999999998 5.7400000000000002 1.5784186335699999 1.57971596127 0.0009765625
5.7400000000000002 5.7599999999999998 1.5777259752999999 1.5790186335700001 0.0009765625
5.7599999999999998 5.7800000000000002 1.57703793604 1.5783259753000001 0.0009765625
5.7800000000000002 5.7999999999999998 1.57635446613 1.5776379360399999 0.0009765625
5.7999999999999998 5.8200000000000003 1.5756755166500001 1.5769544661299999 0.0009765625
5.8200000000000003 5.8399999999999999 1.5750010394 1.57627551665 0.0009765625
5.8399999999999999 5.8600000000000003 1.5743309869 1.5756010394 0.0009765625
5.8600000000000003 5.8799999999999999 1.57366531235 1.5749309869000001 0.0009765625
5.8799999999999999 5.9000000000000004 1.57300396966 1.5742653123499999 0.0009765625
5.9000000000000004 5.9199999999999999 1.5723469133800001 1.5736039696599999 0.0009765625
5.9199999999999999 5.9400000000000004 1.5716940987600001 1.57294691338 0.0009765625
5.9400000000000004 5.96 1.5710454816599999 1.57229409876 0.0009765625
5.96 5.9800000000000004 1.5704010185999999 1.5716454816600001 0.0009765625
5.9800000000000004 6 1.5697606667099999 1.5710010186000001 0.0009765625
6 6.0199999999999996 1.56912438374 1.5703606667100001 0.0009765625
6.0199999999999996 6.04 1.5684921280199999 1.5697243837399999 0.0009765625
6.04 6.0599999999999996 1.56786385851 1.5690921280200001 0.0009765625
6.0599999999999996 6.0800000000000001 1.5672395347200001 1.5684638585099999 0.0009765625
6.0800000000000001 6.0999999999999996 1.5666191167400001 1.56783953472 0.0009765625
6.0999999999999996 6.1200000000000001 1.5660025652 1.56721911674 0.0009765625
6.1200000000000001 6.1399999999999997 1.5653898413 1.5666025652 0.0009765625
6.1399999999999997 6.1600000000000001 1.56478090678 1.5659898413 0.0009765625
6.1600000000000001 6.1799999999999997 1.5641757239 1.56538090678 0.0009765625
6.1799999999999997 6.2000000000000002 1.5635742554400001 1.5647757239 0.0009765625
6.2000000000000002 6.2199999999999998 1.56297646469 1.56417425544 0.0009765625
6.2199999999999998 6.2400000000000002 1.5623823154500001 1.5635764646899999 0.0009765625
6.2400000000000002 6.2599999999999998 1.5617917720100001 1.56298231545 0.0009765625
6.2599999999999998 6.2800000000000002 1.56120479913 1.56239177201 0.0009765625
6.2800000000000002 6.2999999999999998 1.56062136208 1.5618047991299999 0.0009765625
6.2999999999999998 6.3200000000000003 1.56004142656 1.56122136208 0.0009765625
6.3200000000000003 6.3399999999999999 1.55946495876 1.5606414265599999 0.0009765625
6.3399999999999999 6.3600000000000003 1.5588919253 1.56006495876 0.0009765625
6.3600000000000003 6.3799999999999999 1.55832229325 1.5594919252999999 0.0009765625
6.3799999999999999 6.4000000000000004 1.55775603014 1.55892229325 0.0009765625
6.4000000000000004 6.4199999999999999 1.55719310389 1.5583560301399999 0.0009765625
6.4199999999999999 6.4400000000000004 1.5566334828699999 1.5577931038899999 0.0009765625
6.4400000000000004 6.46 1.5560771358600001 1.5572334828700001 0.0009765625
6.46 6.4800000000000004 1.5555240320399999 1.55667713586 0.0009765625
6.4800000000000004 6.5 1.554974141 1.55612403204 0.0009765625
6.5 6.5199999999999996 1.5544274327200001 1.5555741409999999 0.0009765625
6.5199999999999996 6.54 1.5538838775699999 1.55502743272 0.0009765625
6.54 6.5599999999999996 1.55334344631 1.5544838775700001 0.0009765625
6.5599999999999996 6.5800000000000001 1.5528061100499999 1.5539434463099999 0.0009765625
6.5800000000000001 6.5999999999999996 1.55227184029 1.5534061100500001 0.0009765625
6.5999999999999996 6.6200000000000001 1.5517406088900001 1.5528718402899999 0.0009765625
6.6200000000000001 6.6399999999999997 1.5512123880799999 1.55234060889 0.0009765625
6.6399999999999997 6.6600000000000001 1.5506871504099999 1.5518123880800001 0.0009765625
6.6600000000000001 6.6799999999999997 1.5501648688 1.5512871504100001 0.0009765625
6.6799999999999997 6.7000000000000002 1.5496455165 1.5507648688 0.0009765625
6.7000000000000002 6.7199999999999998 1.54912906711 1.5502455165 0.0009765625
6.7199999999999998 6.7400000000000002 1.5486154945399999 1.5497290671099999 0.0009765625
6.7400000000000002 6.7599999999999998 1.5481047730299999 1.5492154945400001 0.0009765625
6.7599999999999998 6.7800000000000002 1.5475968771399999 1.5487047730300001 0.0009765625
6.7800000000000002 6.7999999999999998 1.5470917817600001 1.5481968771400001 0.0009765625
6.7999999999999998 6.8200000000000003 1.54658946205 1.54769178176 0.0009765625
6.8200000000000003 6.8399999999999999 1.54608989352 1.54718946205 0.0009765625
6.8399999999999999 6.8600000000000003 1.5455930519500001 1.54668989352 0.0009765625
6.8600000000000003 6.8799999999999999 1.5450989134299999 1.54619305195 0.0009765625
6.8799999999999999 6.9000000000000004 1.5446074543199999 1.5456989134300001 0.0009765625
6.9000000000000004 6.9199999999999999 1.54411865128 1.5452074543200001 0.0009765625
6.9199999999999999 6.9400000000000004 1.54363248126 1.54471865128 0.0009765625
6.9400000000000004 6.96 1.54314892148 1.5442324812599999 0.0009765625
6.96 6.9800000000000004 1.54266794941 1.54374892148 0.0009765625
6.9800000000000004 7 1.5421895428200001 1.5432679494099999 0.0009765625
7 7.0199999999999996 1.54171367974 1.54278954282 0.0009765625
7.0199999999999996 7.04 1.54124033844 1.5423136797400001 0.0009765625
7.04 7.0599999999999996 1.5407694974599999 1.5418403384399999 0.0009765625
7.0599999999999996 7.0800000000000001 1.54030113561 1.5413694974600001 0.0009765625
7.0800000000000001 7.0999999999999996 1.5398352318999999 1.54090113561 0.0009765625
7.0999999999999996 7.1200000000000001 1.5393717656499999 1.5404352319000001 0.0009765625
7.1200000000000001 7.1399999999999997 1.53891071636 1.53997176565 0.0009765625
7.1399999999999997 7.1600000000000001 1.5384520638100001 1.5395107163599999 0.0009765625
7.1600000000000001 7.1799999999999997 1.5379957879899999 1.53905206381 0.0009765625
7.1799999999999997 7.2000000000000002 1.53754186914 1.5385957879900001 0.0009765625
7.2000000000000002 7.2199999999999998 1.5370902877099999 1.53814186914 0.0009765625
7.2199999999999998 7.2400000000000002 1.5366410243899999 1.53769028771 0.0009765625
7.2400000000000002 7.2599999999999998 1.5361940600699999 1.5372410243900001 0.0009765625
7.2599999999999998 7.2800000000000002 1.53574937588 1.5367940600700001 0.0009765625
7.2800000000000002 7.2999999999999998 1.5353069531500001 1.53634937588 0.0009765625
7.2999999999999998 7.3200000000000003 1.5348667734400001 1.53590695315 0.0009765625
7.3200000000000003 7.3399999999999999 1.5344288184799999 1.53546677344 0.0009765625
7.3399999999999999 7.3600000000000003 1.53399307025 1.5350288184800001 0.0009765625
7.3600000000000003 7.3799999999999999 1.5335595109 1.5345930702499999 0.0009765625
7.3799999999999999 7.4000000000000004 1.53312812279 1.5341595108999999 0.0009765625
7.4000000000000004 7.4199999999999999 1.5326988884899999 1.5337281227899999 0.0009765625
7.4199999999999999 7.4400000000000004 1.5322717907400001 1.5332988884900001 0.0009765625
7.4400000000000004 7.46 1.53184681248 1.53287179074 0.0009765625
7.46 7.4800000000000004 1.53142393685 1.5324468124799999 0.0009765625
7.4800000000000004 7.5 1.5310031471700001 1.5320239368499999 0.0009765625
7.5 7.5199999999999996 1.53058442692 1.53160314717 0.0009765625
7.5199999999999996 7.54 1.5301677598000001 1.5311844269199999 0.0009765625
7.54 7.5599999999999996 1.52975312966 1.5307677598 0.0009765625
7.5599999999999996 7.5800000000000001 1.5293405205399999 1.5303531296599999 0.0009765625
7.5800000000000001 7.5999999999999996 1.5289299166300001 1.5299405205400001 0.0009765625
7.5999999999999996 7.6200000000000001 1.5285213023199999 1.52952991663 0.0009765625
7.6200000000000001 7.6399999999999997 1.5281146621499999 1.5291213023200001 0.0009765625
7.6399999999999997 7.6600000000000001 1.5277099808300001 1.5287146621500001 0.0009765625
7.6600000000000001 7.6799999999999997 1.5273072432399999 1.52830998083 0.0009765625
7.6799999999999997 7.7000000000000002 1.5269064344200001 1.52790724324 0.0009765625
7.7000000000000002 7.7199999999999998 1.5265075395500001 1.52750643442 0.0009765625
7.7199999999999998 7.7400000000000002 1.526110544 1.52710753955 0.0009765625
7.7400000000000002 7.7599999999999998 1.52571543327 1.5267105439999999 0.0009765625
7.7599999999999998 7.7800000000000002 1.5253221930200001 1.52631543327 0.0009765625
7.7800000000000002 7.7999999999999998 1.52493080906 1.52592219302 0.0009765625
7.7999999999999998 7.8200000000000003 1.5245412673600001 1.5255308090599999 0.0009765625
7.8200000000000003 7.8399999999999999 1.52415355401 1.52514126736 0.0009765625
7.8399999999999999 7.8600000000000003 1.5237676552699999 1.5247535540099999 0.0009765625
7.8600000000000003 7.8799999999999999 1.5233835575400001 1.5243676552700001 0.0009765625
7.8799999999999999 7.9000000000000004 1.5230012473500001 1.52398355754 0.0009765625
7.9000000000000004 7.9199999999999999 1.5226207113800001 1.52360124735 0.0009765625
7.9199999999999999 7.9400000000000004 1.5222419364299999 1.52322071138 0.0009765625
7.9400000000000004 7.96 1.5218649094600001 1.5228419364300001 0.0009765625
7.96 7.9800000000000004 1.5214896175499999 1.52246490946 0.0009765625
7.9800000000000004 8 1.5211160479000001 1.5220896175500001 0.0009765625
8 8.0199999999999996 1.5207441878700001 1.5217160479 0.0009765625
8.0199999999999996 8.0399999999999991 1.52037402493 1.52134418787 0.0009765625
8.0399999999999991 8.0600000000000005 1.52000554667 1.5209740249299999 0.0009765625
8.0600000000000005 8.0800000000000001 1.5196387408200001 1.5206055466699999 0.0009765625
8.0800000000000001 8.0999999999999996 1.5192735952200001 1.52023874082 0.0009765625
8.0999999999999996 8.1199999999999992 1.5189100978600001 1.51987359522 0.0009765625
8.1199999999999992 8.1400000000000006 1.5185482368000001 1.51951009786 0.0009765625
8.1400000000000006 8.1600000000000001 1.5181880002799999 1.5191482368 0.0009765625
8.1600000000000001 8.1799999999999997 1.5178293765999999 1.5187880002800001 0.0009765625
8.1799999999999997 8.1999999999999993 1.5174723542199999 1.5184293766000001 0.0009765625
8.1999999999999993 8.2200000000000006 1.51711692169 1.5180723542200001 0.0009765625
8.2200000000000006 8.2400000000000002 1.5167630676799999 1.5177169216899999 0.0009765625
8.2400000000000002 8.2599999999999998 1.51641078098 1.5173630676800001 0.0009765625
8.2599999999999998 8.2799999999999994 1.5160600504699999 1.51701078098 0.0009765625
8.2799999999999994 8.3000000000000007 1.51571086516 1.5166600504700001 0.0009765625
8.3000000000000007 8.3200000000000003 1.51536321414 1.5163108651599999 0.0009765625
8.3200000000000003 8.3399999999999999 1.5150170866499999 1.5159632141399999 0.0009765625
8.3399999999999999 8.3599999999999994 1.51467247199 1.5156170866500001 0.0009765625
8.3599999999999994 8.3800000000000008 1.51432935959 1.5152724719899999 0.0009765625
8.3800000000000008 8.4000000000000004 1.5139877389800001 1.51492935959 0.0009765625
8.4000000000000004 8.4199999999999999 1.5136475997700001 1.51458773898 0.0009765625
8.4199999999999999 8.4399999999999995 1.5133089316899999 1.51424759977 0.0009765625
8.4399999999999995 8.4600000000000009 1.5129717245700001 1.5139089316900001 0.0009765625
8.4600000000000009 8.4800000000000004 1.5126359683299999 1.51357172457 0.0009765625
8.4800000000000004 8.5 1.51230165298 1.5132359683300001 0.0009765625
8.5 8.5199999999999996 1.5119687686300001 1.5129016529799999 0.0009765625
8.5199999999999996 8.5399999999999991 1.5116373055000001 1.51256876863 0.0009765625
8.5399999999999991 8.5600000000000005 1.5113072538800001 1.5122373055 0.0009765625
8.5600000000000005 8.5800000000000001 1.51097860415 1.51190725388 0.0009765625
8.5800000000000001 8.5999999999999996 1.51065134681 1.5115786041499999 0.0009765625
8.5999999999999996 8.6199999999999992 1.5103254724099999 1.51125134681 0.0009765625
8.6199999999999992 8.6400000000000006 1.51000097161 1.5109254724100001 0.0009765625
8.6400000000000006 8.6600000000000001 1.50967783517 1.51060097161 0.0009765625
8.6600000000000001 8.6799999999999997 1.5093560539099999 1.5102778351699999 0.0009765625
8.6799999999999997 8.6999999999999993 1.50903561874 1.5099560539100001 0.0009765625
8.6999999999999993 8.7200000000000006 1.50871652068 1.50963561874 0.0009765625
8.7200000000000006 8.7400000000000002 1.5083987507900001 1.5093165206800001 0.0009765625
8.7400000000000002 8.7599999999999998 1.5080823002399999 1.50899875079 0.0009765625
8.7599999999999998 8.7799999999999994 1.50776716029 1.5086823002400001 0.0009765625
8.7799999999999994 8.8000000000000007 1.50745332226 1.50836716029 0.0009765625
8.8000000000000007 8.8200000000000003 1.5071407775500001 1.5080533222600001 0.0009765625
8.8200000000000003 8.8399999999999999 1.5068295176499999 1.50774077755 0.0009765625
8.8399999999999999 8.8599999999999994 1.5065195341199999 1.5074295176500001 0.0009765625
8.8599999999999994 8.8800000000000008 1.5062108186000001 1.5071195341200001 0.0009765625
8.8800000000000008 8.9000000000000004 1.5059033628 1.5068108186 0.0009765625
8.9000000000000004 8.9199999999999999 1.5055971585100001 1.5065033628 0.0009765625
8.9199999999999999 8.9399999999999995 1.5052921976 1.50619715851 0.0009765625
8.9399999999999995 8.9600000000000009 1.50498847199 1.5058921975999999 0.0009765625
8.9600000000000009 8.9800000000000004 1.5046859737 1.5055884719899999 0.0009765625
8.9800000000000004 9 1.5043846948099999 1.5052859736999999 0.0009765625
9 9.0199999999999996 1.5040846274699999 1.5049846948100001 0.0009765625
9.0199999999999996 9.0399999999999991 1.5037857638900001 1.5046846274700001 0.0009765625
9.0399999999999991 9.0600000000000005 1.5034880963699999 1.50438576389 0.0009765625
9.0600000000000005 9.0800000000000001 1.5031916172599999 1.5040880963700001 0.0009765625
9.0800000000000001 9.0999999999999996 1.50289631898 1.5037916172600001 0.0009765625
9.0999999999999996 9.1199999999999992 1.5026021940300001 1.5034963189799999 0.0009765625
9.1199999999999992 9.1400000000000006 1.50230923497 1.50320219403 0.0009765625
9.1400000000000006 9.1600000000000001 1.5020174344099999 1.50290923497 0.0009765625
9.1600000000000001 9.1799999999999997 1.50172678505 1.5026174344100001 0.0009765625
9.1799999999999997 9.1999999999999993 1.50143727962 1.5023267850499999 0.0009765625
9.1999999999999993 9.2200000000000006 1.50114891096 1.5020372796200001 0.0009765625
9.2200000000000006 9.2400000000000002 1.5008616719200001 1.50174891096 0.0009765625
9.2400000000000002 9.2599999999999998 1.50057555546 1.50146167192 0.0009765625
9.2599999999999998 9.2799999999999994 1.50029055456 1.5011755554599999 0.0009765625
9.2799999999999994 9.3000000000000007 1.5000066622899999 1.50089055456 0.0009765625
9.3000000000000007 9.3200000000000003 1.4997238717700001 1.5006066622900001 0.0009765625
9.3200000000000003 9.3399999999999999 1.4994421761600001 1.50032387177 0.0009765625
9.3399999999999999 9.3599999999999994 1.4991615687099999 1.50004217616 0.0009765625
9.3599999999999994 9.3800000000000008 1.49888204272 1.4997615687100001 0.0009765625
9.3800000000000008 9.4000000000000004 1.49860359152 1.49948204272 0.0009765625
9.4000000000000004 9.4199999999999999 1.49832620853 1.4992035915199999 0.0009765625
9.4199999999999999 9.4399999999999995 1.4980498872100001 1.4989262085299999 0.0009765625
9.4399999999999995 9.4600000000000009 1.49777462108 1.49864988721 0.0009765625
9.4600000000000009 9.4800000000000004 1.4975004037099999 1.49837462108 0.0009765625
9.4800000000000004 9.5 1.4972272287299999 1.4981004037100001 0.0009765625
9.5 9.5199999999999996 1.4969550898099999 1.4978272287300001 0.0009765625
9.5199999999999996 9.5399999999999991 1.4966839806900001 1.4975550898100001 0.0009765625
9.5399999999999991 9.5600000000000005 1.4964138951599999 1.49728398069 0.0009765625
9.5600000000000005 9.5800000000000001 1.49614482704 1.4970138951600001 0.0009765625
9.5800000000000001 9.5999999999999996 1.49587677024 1.4967448270399999 0.0009765625
9.5999999999999996 9.6199999999999992 1.4956097186799999 1.4964767702399999 0.0009765625
9.6199999999999992 9.6400000000000006 1.4953436663599999 1.4962097186800001 0.0009765625
9.6400000000000006 9.6600000000000001 1.49507860732 1.4959436663600001 0.0009765625
9.6600000000000001 9.6799999999999997 1.49481453564 1.4956786073199999 0.0009765625
9.6799999999999997 9.6999999999999993 1.49455144545 1.4954145356399999 0.0009765625
9.6999999999999993 9.7200000000000006 1.4942893309600001 1.4951514454499999 0.0009765625
9.7200000000000006 9.7400000000000002 1.49402818637 1.49488933096 0.0009765625
9.7400000000000002 9.7599999999999998 1.49376800598 1.4946281863699999 0.0009765625
9.7599999999999998 9.7799999999999994 1.4935087841100001 1.49436800598 0.0009765625
9.7799999999999994 9.8000000000000007 1.49325051513 1.49410878411 0.0009765625
9.8000000000000007 9.8200000000000003 1.49299319346 1.4938505151299999 0.0009765625
9.8200000000000003 9.8399999999999999 1.4927368135600001 1.49359319346 0.0009765625
9.8399999999999999 9.8599999999999994 1.4924813699399999 1.49333681356 0.0009765625
9.8599999999999994 9.8800000000000008 1.4922268571399999 1.4930813699400001 0.0009765625
9.8800000000000008 9.9000000000000004 1.4919732697700001 1.4928268571400001 0.0009765625
9.9000000000000004 9.9199999999999999 1.49172060246 1.49257326977 0.0009765625
9.9199999999999999 9.9399999999999995 1.4914688498899999 1.49232060246 0.0009765625
9.9399999999999995 9.9600000000000009 1.49121800678 1.4920688498900001 0.0009765625
9.9600000000000009 9.9800000000000004 1.4909680679099999 1.49181800678 0.0009765625
9.9800000000000004 10 1.49071902808 1.4915680679100001 0.0009765625
10 10.02 1.4904708821299999 1.4913190280799999 0.0009765625
10.02 10.039999999999999 1.49022362495 1.4910708821300001 0.0009765625
10.039999999999999 10.06 1.48997725148 1.49082362495 0.0009765625
10.06 10.08 1.4897317566899999 1.49057725148 0.0009765625
10.08 10.1 1.4894871355799999 1.4903317566900001 0.0009765625
10.1 10.119999999999999 1.48924338319 1.4900871355800001 0.0009765625
10.119999999999999 10.140000000000001 1.4890004946299999 1.48984338319 0.0009765625
10.140000000000001 10.16 1.4887584650000001 1.4896004946300001 0.0009765625
10.16 10.18 1.4885172894800001 1.489358465 0.0009765625
10.18 10.199999999999999 1.4882769632599999 1.48911728948 0.0009765625
10.199999999999999 10.220000000000001 1.4880374815799999 1.4888769632600001 0.0009765625
10.220000000000001 10.24 1.4877988397199999 1.4886374815800001 0.0009765625
10.24 10.26 1.48756103299 1.4883988397200001 0.0009765625
10.26 10.279999999999999 1.4873240567299999 1.4881610329899999 0.0009765625
10.279999999999999 10.300000000000001 1.48708790633 1.4879240567300001 0.0009765625
10.300000000000001 10.32 1.4868525772000001 1.4876879063299999 0.0009765625
10.32 10.34 1.4866180648 1.4874525772 0.0009765625
10.34 10.359999999999999 1.4863843646199999 1.4872180648 0.0009765625
10.359999999999999 10.380000000000001 1.48615147217 1.4869843646200001 0.0009765625
10.380000000000001 10.4 1.4859193830199999 1.4867514721699999 0.0009765625
10.4 10.42 1.48568809275 1.4865193830200001 0.0009765625
10.42 10.44 1.4854575969899999 1.48628809275 0.0009765625
10.44 10.460000000000001 1.4852278914000001 1.4860575969900001 0.0009765625
10.460000000000001 10.48 1.4849989716600001 1.4858278914 0.0009765625
10.48 10.5 1.4847708334900001 1.48559897166 0.0009765625
10.5 10.52 1.48454347265 1.48537083349 0.0009765625
10.52 10.539999999999999 1.4843168849299999 1.4851434726499999 0.0009765625
10.539999999999999 10.56 1.48409106614 1.4849168849300001 0.0009765625
10.56 10.58 1.48386601213 1.4846910661399999 0.0009765625
10.58 10.6 1.48364171878 1.48446601213 0.0009765625
10.6 10.619999999999999 1.4834181820000001 1.4842417187800001 0.0009765625
10.619999999999999 10.640000000000001 1.4831953977200001 1.484018182 0.0009765625
10.640000000000001 10.66 1.4829733619300001 1.48379539772 0.0009765625
10.66 10.68 1.4827520706199999 1.48357336193 0.0009765625
10.68 10.699999999999999 1.48253151981 1.4833520706200001 0.0009765625
10.699999999999999 10.720000000000001 1.4823117055799999 1.4831315198099999 0.0009765625
10.720000000000001 10.74 1.4820926239900001 1.4829117055800001 0.0009765625
10.74 10.76 1.4818742711799999 1.48269262399 0.0009765625
10.76 10.779999999999999 1.48165664329 1.4824742711800001 0.0009765625
10.779999999999999 10.800000000000001 1.48143973648 1.48225664329 0.0009765625
10.800000000000001 10.82 1.4812235469699999 1.48203973648 0.0009765625
10.82 10.84 1.48100807097 1.4818235469700001 0.0009765625
10.84 10.859999999999999 1.4807933047399999 1.4816080709699999 0.0009765625
10.859999999999999 10.880000000000001 1.4805792445699999 1.4813933047400001 0.0009765625
10.880000000000001 10.9 1.48036588676 1.4811792445700001 0.0009765625
10.9 10.92 1.48015322766 1.48096588676 0.0009765625
10.92 10.94 1.47994126362 1.4807532276599999 0.0009765625
10.94 10.960000000000001 1.4797299910299999 1.4805412636199999 0.0009765625
10.960000000000001 10.98 1.4795194062999999 1.4803299910300001 0.0009765625
10.98 11 1.4793095058900001 1.4801194063000001 0.0009765625
11 11.02 1.47910028624 1.47990950589 0.0009765625
11.02 11.039999999999999 1.47889174386 1.4797002862399999 0.0009765625
11.039999999999999 11.06 1.47868387525 1.4794917438599999 0.0009765625
11.06 11.08 1.47847667696 1.4792838752499999 0.0009765625
11.08 11.1 1.47827014555 1.4790766769599999 0.0009765625
11.1 11.119999999999999 1.4780642776199999 1.47887014555 0.0009765625
11.119999999999999 11.140000000000001 1.47785906977 1.4786642776200001 0.0009765625
11.140000000000001 11.16 1.4776545186400001 1.47845906977 0.0009765625
11.16 11.18 1.47745062089 1.47825451864 0.0009765625
11.18 11.199999999999999 1.47724737321 1.4780506208899999 0.0009765625
11.199999999999999 11.220000000000001 1.4770447723 1.4778473732099999 0.0009765625
11.220000000000001 11.24 1.4768428148899999 1.4776447722999999 0.0009765625
11.24 11.26 1.47664149774 1.4774428148900001 0.0009765625
11.26 11.279999999999999 1.4764408176199999 1.4772414977399999 0.0009765625
11.279999999999999 11.300000000000001 1.4762407713300001 1.4770408176200001 0.0009765625
11.300000000000001 11.32 1.4760413556800001 1.47684077133 0.0009765625
11.32 11.34 1.47584256753 1.47664135568 0.0009765625
11.34 11.359999999999999 1.4756444037300001 1.4764425675299999 0.0009765625
11.359999999999999 11.380000000000001 1.47544686117 1.47624440373 0.0009765625
11.380000000000001 11.4 1.47524993676 1.4760468611699999 0.0009765625
11.4 11.42 1.4750536274199999 1.47584993676 0.0009765625
11.42 11.44 1.4748579301 1.4756536274200001 0.0009765625
11.44 11.460000000000001 1.4746628417700001 1.4754579300999999 0.0009765625
11.460000000000001 11.48 1.4744683594300001 1.47526284177 0.0009765625
11.48 11.5 1.4742744800900001 1.47506835943 0.0009765625
11.5 11.52 1.4740812007699999 1.47487448009 0.0009765625
11.52 11.539999999999999 1.4738885185199999 1.4746812007700001 0.0009765625
11.539999999999999 11.56 1.47369643043 1.4744885185200001 0.0009765625
11.56 11.58 1.4735049335799999 1.4742964304299999 0.0009765625
11.58 11.6 1.4733140250700001 1.4741049335800001 0.0009765625
11.6 11.619999999999999 1.4731237020500001 1.47391402507 0.0009765625
11.619999999999999 11.640000000000001 1.4729339616599999 1.47372370205 0.0009765625
11.640000000000001 11.66 1.4727448010599999 1.4735339616600001 0.0009765625
11.66 11.68 1.47255621746 1.4733448010600001 0.0009765625
11.68 11.699999999999999 1.47236820805 1.4731562174599999 0.0009765625
11.699999999999999 11.720000000000001 1.47218077005 1.4729682080499999 0.0009765625
11.720000000000001 11.74 1.47199390072 1.47278077005 0.0009765625
11.74 11.76 1.47180759731 1.47259390072 0.0009765625
11.76 11.779999999999999 1.4716218571099999 1.4724075973099999 0.0009765625
11.779999999999999 11.800000000000001 1.4714366774000001 1.4722218571100001 0.0009765625
11.800000000000001 11.82 1.4712520555199999 1.4720366774 0.0009765625
11.82 11.84 1.47106798878 1.4718520555200001 0.0009765625
11.84 11.859999999999999 1.47088447455 1.4716679887799999 0.0009765625
11.859999999999999 11.880000000000001 1.4707015101900001 1.47148447455 0.0009765625
11.880000000000001 11.9 1.4705190930900001 1.47130151019 0.0009765625
11.9 11.92 1.4703372206400001 1.47111909309 0.0009765625
11.92 11.94 1.47015589028 1.47093722064 0.0009765625
11.94 11.960000000000001 1.46997509943 1.47075589028 0.0009765625
11.960000000000001 11.98 1.4697948455500001 1.47057509943 0.0009765625
11.98 12 1.4696151261099999 1.47039484555 0.0009765625
12 12.02 1.46943593859 1.47021512611 0.0009765625
12.02 12.039999999999999 1.4692572805099999 1.4700359385899999 0.0009765625
12.039999999999999 12.06 1.4690791493699999 1.4698572805100001 0.0009765625
12.06 12.08 1.4689015427200001 1.4696791493700001 0.0009765625
12.08 12.1 1.4687244581000001 1.46950154272 0.0009765625
12.1 12.119999999999999 1.46854789307 1.4693244581 0.0009765625
12.119999999999999 12.140000000000001 1.4683718452300001 1.4691478930699999 0.0009765625
12.140000000000001 12.16 1.4681963121699999 1.46897184523 0.0009765625
12.16 12.18 1.4680212914999999 1.4687963121700001 0.0009765625
12.18 12.199999999999999 1.46784678085 1.4686212915000001 0.0009765625
12.199999999999999 12.220000000000001 1.4676727778700001 1.4684467808499999 0.0009765625
12.220000000000001 12.24 1.46749928021 1.46827277787 0.0009765625
12.24 12.26 1.46732628554 1.4680992802099999 0.0009765625
12.26 12.279999999999999 1.4671537915499999 1.4679262855399999 0.0009765625
12.279999999999999 12.300000000000001 1.46698179595 1.4677537915500001 0.0009765625
12.300000000000001 12.32 1.4668102964600001 1.4675817959499999 0.0009765625
12.32 12.34 1.4666392907900001 1.46741029646 0.0009765625
12.34 12.359999999999999 1.46646877671 1.46723929079 0.0009765625
12.359999999999999 12.380000000000001 1.4662987519699999 1.4670687767099999 0.0009765625
12.380000000000001 12.4 1.46612921434 1.4668987519700001 0.0009765625
12.4 12.42 1.46596016161 1.4667292143399999 0.0009765625
12.42 12.44 1.4657915915899999 1.4665601616099999 0.0009765625
12.44 12.460000000000001 1.4656235020799999 1.4663915915900001 0.0009765625
12.460000000000001 12.48 1.4654558909199999 1.4662235020800001 0.0009765625
12.48 12.5 1.4652887559600001 1.4660558909200001 0.0009765625
12.5 12.52 1.4651220950399999 1.46588875596 0.0009765625
12.52 12.539999999999999 1.4649559060299999 1.4657220950400001 0.0009765625
12.539999999999999 12.56 1.46479018683 1.4655559060300001 0.0009765625
12.56 12.58 1.46462493531 1.4653901868300001 0.0009765625
12.58 12.6 1.4644601494 1.46522493531 0.0009765625
12.6 12.619999999999999 1.4642958270199999 1.4650601494 0.0009765625
12.619999999999999 12.640000000000001 1.4641319660900001 1.4648958270200001 0.0009765625
12.640000000000001 12.66 1.46396856456 1.46473196609 0.0009765625
12.66 12.68 1.4638056204000001 1.46456856456 0.0009765625
12.68 12.699999999999999 1.46364313158 1.4644056204 0.0009765625
12.699999999999999 12.720000000000001 1.46348109608 1.46424313158 0.0009765625
12.720000000000001 12.74 1.46331951189 1.4640810960799999 0.0009765625
12.74 12.76 1.4631583770300001 1.4639195118899999 0.0009765625
12.76 12.779999999999999 1.4629976895100001 1.46375837703 0.0009765625
12.779999999999999 12.800000000000001 1.4628374473700001 1.46359768951 0.0009765625
12.800000000000001 12.82 1.4626776486599999 1.46343744737 0.0009765625
12.82 12.84 1.4625182914299999 1.4632776486600001 0.0009765625
12.84 12.859999999999999 1.46235937374 1.4631182914300001 0.0009765625
12.859999999999999 12.880000000000001 1.4622008936799999 1.46295937374 0.0009765625
12.880000000000001 12.9 1.46204284935 1.4628008936800001 0.0009765625
12.9 12.92 1.4618852388300001 1.4626428493500001 0.0009765625
12.92 12.94 1.46172806025 1.46248523883 0.0009765625
12.94 12.960000000000001 1.46157131174 1.46232806025 0.0009765625
12.960000000000001 12.98 1.4614149914200001 1.4621713117399999 0.0009765625
12.98 13 1.4612590974499999 1.46201499142 0.0009765625
13 13.02 1.46110362799 1.4618590974500001 0.0009765625
13.02 13.039999999999999 1.4609485812 1.46170362799 0.0009765625
13.039999999999999 13.06 1.46079395527 1.4615485812 0.0009765625
13.06 13.08 1.46063974838 1.4613939552699999 0.0009765625
13.08 13.1 1.4604859587500001 1.4612397483799999 0.0009765625
13.1 13.119999999999999 1.4603325845799999 1.46108595875 0.0009765625
13.119999999999999 13.140000000000001 1.46017962409 1.4609325845800001 0.0009765625
13.140000000000001 13.16 1.46002707552 1.46077962409 0.0009765625
13.16 13.18 1.4598749371199999 1.4606270755199999 0.0009765625
13.18 13.199999999999999 1.4597232071299999 1.4604749371200001 0.0009765625
13.199999999999999 13.220000000000001 1.45957188383 1.4603232071300001 0.0009765625
13.220000000000001 13.24 1.4594209654800001 1.46017188383 0.0009765625
13.24 13.26 1.45927045038 1.46002096548 0.0009765625
13.26 13.279999999999999 1.4591203368100001 1.45987045038 0.0009765625
13.279999999999999 13.300000000000001 1.4589706230899999 1.45972033681 0.0009765625
13.300000000000001 13.32 1.4588213075200001 1.4595706230900001 0.0009765625
13.32 13.34 1.4586723884299999 1.45942130752 0.0009765625
13.34 13.359999999999999 1.45852386416 1.4592723884300001 0.0009765625
13.359999999999999 13.380000000000001 1.45837573304 1.45912386416 0.0009765625
13.380000000000001 13.4 1.45822799344 1.4589757330399999 0.0009765625
13.4 13.42 1.45808064371 1.4588279934399999 0.0009765625
13.42 13.44 1.45793368223 1.4586806437099999 0.0009765625
13.44 13.460000000000001 1.4577871073699999 1.4585336822299999 0.0009765625
13.460000000000001 13.48 1.45764091753 1.4583871073700001 0.0009765625
13.48 13.5 1.4574951111200001 1.45824091753 0.0009765625
13.5 13.52 1.45734968653 1.45809511112 0.0009765625
13.52 13.539999999999999 1.45720464218 1.4579496865299999 0.0009765625
13.539999999999999 13.56 1.4570599765100001 1.4578046421799999 0.0009765625
13.56 13.58 1.45691568795 1.45765997651 0.0009765625
13.58 13.6 1.45677177495 1.45751568795 0.0009765625
13.6 13.619999999999999 1.45662823595 1.4573717749499999 0.0009765625
13.619999999999999 13.640000000000001 1.45648506942 1.45722823595 0.0009765625
13.640000000000001 13.66 1.45634227384 1.4570850694199999 0.0009765625
13.66 13.68 1.45619984768 1.45694227384 0.0009765625
13.68 13.699999999999999 1.45605778943 1.4567998476799999 0.0009765625
13.699999999999999 13.720000000000001 1.4559160975900001 1.4566577894299999 0.0009765625
13.720000000000001 13.74 1.4557747706599999 1.45651609759 0.0009765625
13.74 13.76 1.4556338071599999 1.4563747706600001 0.0009765625
13.76 13.779999999999999 1.4554932056000001 1.4562338071600001 0.0009765625
13.779999999999999 13.800000000000001 1.4553529645300001 1.4560932056 0.0009765625
13.800000000000001 13.82 1.45521308248 1.45595296453 0.0009765625
13.82 13.84 1.45507355799 1.45581308248 0.0009765625
13.84 13.859999999999999 1.45493438962 1.45567355799 0.0009765625
13.859999999999999 13.880000000000001 1.45479557594 1.4555343896199999 0.0009765625
13.880000000000001 13.9 1.4546571155000001 1.4553955759399999 0.0009765625
13.9 13.92 1.45451900691 1.4552571155 0.0009765625
13.92 13.94 1.4543812487300001 1.45511900691 0.0009765625
13.94 13.960000000000001 1.4542438395599999 1.45498124873 0.0009765625
13.960000000000001 13.98 1.4541067780100001 1.4548438395600001 0.0009765625
13.98 14 1.4539700626900001 1.45470677801 0.0009765625
14 14.02 1.4538336922099999 1.45457006269 0.0009765625
14.02 14.039999999999999 1.4536976652 1.4544336922100001 0.0009765625
14.039999999999999 14.06 1.4535619802899999 1.4542976651999999 0.0009765625
14.06 14.08 1.4534266361299999 1.4541619802900001 0.0009765625
14.08 14.1 1.4532916313499999 1.45402663613 0.0009765625
14.1 14.119999999999999 1.45315696462 1.4538916313500001 0.0009765625
14.119999999999999 14.140000000000001 1.4530226345899999 1.4537569646199999 0.0009765625
14.140000000000001 14.16 1.4528886399400001 1.4536226345900001 0.0009765625
14.16 14.18 1.4527549793400001 1.45348863994 0.0009765625
14.18 14.199999999999999 1.4526216514800001 1.45335497934 0.0009765625
14.199999999999999 14.220000000000001 1.45248865505 1.45322165148 0.0009765625
14.220000000000001 14.24 1.4523559887399999 1.45308865505 0.0009765625
14.24 14.26 1.45222365127 1.4529559887400001 0.0009765625
14.26 14.279999999999999 1.45209164133 1.4528236512699999 0.0009765625
14.279999999999999 14.300000000000001 1.45195995767 1.4526916413299999 0.0009765625
14.300000000000001 14.32 1.4518285989899999 1.4525599576699999 0.0009765625
14.32 14.34 1.4516975640300001 1.4524285989900001 0.0009765625
14.34 14.359999999999999 1.45156685153 1.45229756403 0.0009765625
14.359999999999999 14.380000000000001 1.4514364602400001 1.4521668515299999 0.0009765625
14.380000000000001 14.4 1.45130638892 1.45203646024 0.0009765625
14.4 14.42 1.45117663631 1.4519063889099999 0.0009765625
14.42 14.44 1.45104720119 1.45177663631 0.0009765625
14.44 14.460000000000001 1.4509180823300001 1.4516472011899999 0.0009765625
14.460000000000001 14.48 1.4507892785100001 1.45151808233 0.0009765625
14.48 14.5 1.45066078851 1.45138927851 0.0009765625
14.5 14.52 1.4505326111300001 1.45126078851 0.0009765625
14.52 14.539999999999999 1.45040474517 1.45113261113 0.0009765625
14.539999999999999 14.56 1.4502771894299999 1.4510047451700001 0.0009765625
14.56 14.58 1.45014994272 1.4508771894300001 0.0009765625
14.58 14.6 1.4500230038699999 1.4507499427199999 0.0009765625
14.6 14.619999999999999 1.44989637168 1.4506230038700001 0.0009765625
14.619999999999999 14.640000000000001 1.449770045 1.4504963716799999 0.0009765625
14.640000000000001 14.66 1.44964402267 1.4503700450000001 0.0009765625
14.66 14.68 1.4495183035100001 1.45024402267 0.0009765625
14.68 14.699999999999999 1.4493928863900001 1.45011830351 0.0009765625
14.699999999999999 14.720000000000001 1.4492677701500001 1.44999288639 0.0009765625
14.720000000000001 14.74 1.44914295365 1.44986777015 0.0009765625
14.74 14.76 1.44901843577 1.4497429536499999 0.0009765625
14.76 14.779999999999999 1.44889421538 1.4496184357699999 0.0009765625
14.779999999999999 14.800000000000001 1.44877029134 1.4494942153799999 0.0009765625
14.800000000000001 14.82 1.4486466625500001 1.4493702913399999 0.0009765625
14.82 14.84 1.4485233279 1.44924666255 0.0009765625
14.84 14.859999999999999 1.4484002862700001 1.4491233279 0.0009765625
14.859999999999999 14.880000000000001 1.44827753658 1.44900028627 0.0009765625
14.880000000000001 14.9 1.4483550777200001 1.44867753658 0.0009765625
14.9 14.92 1.4482329086200001 1.44855507772 0.0009765625
14.92 14.94 1.44811102819 1.4484329086200001 0.0009765625
14.94 14.960000000000001 1.44798943534 1.44831102819 0.0009765625
14.960000000000001 14.98 1.4478681290199999 1.44818943534 0.0009765625
14.98 15 1.44774710815 1.4480681290199999 0.0009765625
15 15.02 1.44762637168 1.4479471081499999 0.0009765625
15.02 15.039999999999999 1.4475059185500001 1.4478263716799999 0.0009765625
15.039999999999999 15.06 1.4473857477100001 1.4477059185500001 0.0009765625
15.06 15.08 1.44726585811 1.44758574771 0.0009765625
15.08 15.1 1.44714624873 1.4474658581099999 0.0009765625
15.1 15.119999999999999 1.44702691852 1.44734624873 0.0009765625
15.119999999999999 15.140000000000001 1.4469078664499999 1.44722691852 0.0009765625
15.140000000000001 15.16 1.4467890915099999 1.4471078664499999 0.0009765625
15.16 15.18 1.4466705926800001 1.4469890915100001 0.0009765625
15.18 15.199999999999999 1.4465523689399999 1.4468705926800001 0.0009765625
15.199999999999999 15.220000000000001 1.44643441928 1.4467523689399999 0.0009765625
15.220000000000001 15.24 1.4463167427100001 1.44663441928 0.0009765625
15.24 15.26 1.44619933822 1.4465167427100001 0.0009765625
15.26 15.279999999999999 1.4460822048299999 1.44639933822 0.0009765625
15.279999999999999 15.300000000000001 1.44596534154 1.4462822048299999 0.0009765625
15.300000000000001 15.32 1.4458487473699999 1.44616534154 0.0009765625
15.32 15.34 1.44573242135 1.4460487473700001 0.0009765625
15.34 15.359999999999999 1.44561636251 1.44593242135 0.0009765625
15.359999999999999 15.380000000000001 1.4455005698600001 1.44581636251 0.0009765625
15.380000000000001 15.4 1.4453850424600001 1.4457005698600001 0.0009765625
15.4 15.42 1.44533977935 1.4455150424600001 0.0009765625
15.42 15.44 1.44522477956 1.44539977935 0.0009765625
15.44 15.460000000000001 1.4451100421500001 1.4452847795599999 0.0009765625
15.460000000000001 15.48 1.44499556618 1.44517004215 0.0009765625
15.48 15.5 1.44488135071 1.44505556618 0.0009765625
15.5 15.52 1.4447673947999999 1.44494135071 0.0009765625
15.52 15.539999999999999 1.4446536975199999 1.4448273948000001 0.0009765625
15.539999999999999 15.56 1.4445602579500001 1.44469369752 0.0009765625
15.56 15.58 1.44444707516 1.44458025795 0.0009765625
15.58 15.59 1.4443005797699999 1.4445570751600001 0.0009765625
15.59 15.6 1.4442441482399999 1.4445005797699999 0.0009765625
15.6 15.609999999999999 1.4441877804500001 1.4444441482399999 0.0009765625
15.609999999999999 15.619999999999999 1.4441314762799999 1.44438778045 0.0009765625
15.619999999999999 15.630000000000001 1.44407523562 1.4443314762799999 0.0009765625
15.630000000000001 15.640000000000001 1.4440190583700001 1.4442752356199999 0.0009765625
15.640000000000001 15.65 1.4439629443999999 1.4442190583700001 0.0009765625
15.65 15.66 1.4439768935999999 1.4440929443999999 0.0009765625
15.66 15.67 1.44392090587 1.4440368936000001 0.0009765625
15.67 15.68 1.4438649810799999 1.4439809058699999 0.0009765625
15.68 15.69 1.44380911913 1.4439249810799999 0.0009765625
15.69 15.699999999999999 1.4437533199100001 1.4438691191299999 0.0009765625
15.699999999999999 15.710000000000001 1.4436975833100001 1.4438133199100001 0.0009765625
15.710000000000001 15.720000000000001 1.4436419092099999 1.44375758331 0.0009765625
15.720000000000001 15.73 1.4435862975 1.4437019092100001 0.0009765625
15.73 15.74 1.4435307480799999 1.4436462975 0.0009765625
15.74 15.75 1.4434752608300001 1.4435907480800001 0.0009765625
15.75 15.76 1.44343983565 1.4435152608299999 0.0009765625
15.76 15.77 1.44338447242 1.4434598356499999 0.0009765625
15.77 15.779999999999999 1.44332917104 1.4434044724199999 0.0009765625
15.779999999999999 15.785 1.4432815434999999 1.4433691710400001 0.0009765625
15.785 15.789999999999999 1.4432539313899999 1.4433415435000001 0.0009765625
15.789999999999999 15.795 1.4432263346800001 1.4433139313900001 0.0009765625
15.795 15.800000000000001 1.4431987533699999 1.44328633468 0.0009765625
15.800000000000001 15.805 1.4431711874399999 1.4432587533700001 0.0009765625
15.805 15.81 1.4431436368699999 1.4432311874399999 0.0009765625
15.81 15.815 1.44311610165 1.4432036368700001 0.0009765625
15.815 15.82 1.4430885817800001 1.44317610165 0.0009765625
15.82 15.824999999999999 1.4430610772300001 1.4431485817800001 0.0009765625
15.824999999999999 15.83 1.44303358799 1.44312107723 0.0009765625
15.83 15.835000000000001 1.4430061140499999 1.44309358799 0.0009765625
15.835000000000001 15.84 1.4429786553999999 1.4430661140500001 0.0009765625
15.84 15.845000000000001 1.44297121202 1.4430186554 0.0009765625
15.845000000000001 15.85 1.4429437838900001 1.4429912120199999 0.0009765625
15.85 15.855 1.4429163710199999 1.44296378389 0.0009765625
15.855 15.859999999999999 1.4428889733700001 1.4429363710200001 0.0009765625
15.859999999999999 15.865 1.4428705909399999 1.4428999733700001 0.0009765625
15.865 15.869999999999999 1.44284322372 1.44287259094 0.0009765625
15.869999999999999 15.8725 1.4428005458099999 1.4428742237200001 0.0009765625
15.8725 15.875 1.4427868716900001 1.4428605458099999 0.0009765625
15.875 15.8775 1.4427732013700001 1.44284687169 0.0009765625
15.8775 15.880000000000001 1.44275953484 1.44283320137 0.0009765625
15.880000000000001 15.8825 1.4427658721000001 1.44279953484 0.0009765625
15.8825 15.885 1.4427522131499999 1.4427858721 0.0009765625
15.885 15.887499999999999 1.4427385579900001 1.44277221315 0.0009765625
15.887499999999999 15.890000000000001 1.4427249066200001 1.44275855799 0.0009765625
15.890000000000001 15.8925 1.44271125903 1.44274490662 0.0009765625
15.8925 15.895 1.44269761522 1.4427312590300001 0.0009765625
15.895 15.897500000000001 1.4426839752 1.4427176152200001 0.0009765625
15.897500000000001 15.9 1.44267033895 1.4427039751999999 0.0009765625
15.9 15.9025 1.4426657064899999 1.4426813389499999 0.0009765625
15.9025 15.904999999999999 1.44265207779 1.44266770649 0.0009765625
15.904999999999999 15.907500000000001 1.44263845288 1.4426540777900001 0.0009765625
15.907500000000001 15.90875 1.4426226418400001 1.44264945288 0.0009765625
15.90875 15.91 1.44261583174 1.44264264184 0.0009765625
15.91 15.911250000000001 1.4426090225799999 1.4426358317400001 0.0009765625
15.911250000000001 15.9125 1.4426022143599999 1.44262902258 0.0009765625
15.9125 15.91375 1.44259540709 1.44262221436 0.0009765625
15.91375 15.914999999999999 1.44258860076 1.4426154070899999 0.0009765625
15.914999999999999 15.91625 1.44258179537 1.4426086007600001 0.0009765625
15.91625 15.9175 1.44258399093 1.44259279537 0.0009765625
15.9175 15.918749999999999 1.44257718742 1.4425859909300001 0.0009765625
15.918749999999999 15.920000000000002 1.44257038486 1.44257918742 0.0009765625
15.920000000000002 15.920352845088086 1.4425594648302014 1.442581384860568 0.0009765625
15.920352845088086 15.920705690176172 1.4425575448753825 1.4425794648307506 0.0009765625
15.920705690176172 15.921058535264256 1.4425556249949971 1.4425775448753824 0.0009765625
15.921058535264256 15.921411380352342 1.4425537051895894 1.442575624994997 0.0009765625
15.921411380352342 15.921764225440427 1.4425517854591619 1.4425737051895893 0.0009765625
15.921764225440427 15.922117070528511 1.4425498658037095 1.4425717854591618 0.0009765625
15.922117070528511 15.922469915616597 1.4425479462232202 1.4425698658037094 0.0009765625
15.922469915616597 15.922822760704681 1.4425460267177002 1.4425679462232202 0.0009765625
15.922822760704681 15.923175605792766 1.4425441072871401 1.4425660267177001 0.0009765625
15.923175605792766 15.923528450880852 1.4425421879315352 1.44256410728714 0.0009765625
15.923528450880852 15.923881295968936 1.4425402686508753 1.4425621879315351 0.0009765625
15.923881295968936 15.924234141057021 1.4425383494451589 1.4425602686508752 0.0009765625
15.924234141057021 15.924586986145107 1.4425364303143868 1.4425583494451588 0.0009765625
15.924586986145107 15.924939831233191 1.4425345112585448 1.4425564303143867 0.0009765625
15.924939831233191 15.925292676321277 1.4425325922776375 1.4425545112585447 0.0009765625
15.925292676321277 15.925645521409361 1.442530673371663 1.4425525922776374 0.0009765625
15.925645521409361 15.925998366497446 1.442528754540608 1.4425506733716629 0.0009765625
15.925998366497446 15.926351211585532 1.4425268357844681 1.4425487545406079 0.0009765625
15.926351211585532 15.926704056673616 1.4425249171032435 1.442546835784468 0.0009765625
15.926704056673616 15.927056901761702 1.4425229984969217 1.4425449171032434 0.0009765625
15.927056901761702 15.927409746849786 1.4425210799655068 1.4425429984969216 0.0009765625
15.927409746849786 15.927762591937871 1.4425191615089885 1.4425410799655067 0.0009765625
15.927762591937871 15.928115437025957 1.4425172431273705 1.4425391615089884 0.0009765625
15.928115437025957 15.928468282114041 1.4425153248206357 1.4425372431273704 0.0009765625
15.928468282114041 15.928821127202125 1.4425134065887919 1.4425353248206356 0.0009765625
15.928821127202125 15.929173972290211 1.4425114884318202 1.4425334065887918 0.0009765625
15.929173972290211 15.929526817378296 1.4425185703497336 1.4425224884318202 0.0009765625
15.929526817378296 15.92987966246638 1.4425166523425146 1.4425205703497337 0.0009765625
15.92987966246638 15.930232507554466 1.4425147344101619 1.4425186523425146 0.0009765625
15.930232507554466 15.93058535264255 1.4425128165526657 1.4425167344101619 0.0009765625
15.93058535264255 15.930938197730637 1.4425108987700386 1.4425148165526658 0.0009765625
15.930938197730637 15.931291042818721 1.4425089810622604 1.4425128987700386 0.0009765625
15.931291042818721 15.931467465362763 1.4424990222358891 1.442519981061706 0.0009765625
15.931467465362763 15.931643887906805 1.442498063429329 1.4425190222364355 0.0009765625
15.931643887906805 15.931820310450849 1.442506104640926 1.4425090634293289 0.0009765625
15.931820310450849 15.931996732994891 1.442505145871241 1.442508104640926 0.0009765625
15.931996732994891 15.932173155538933 1.4425041871202609 1.4425071458712411 0.0009765625
15.932173155538933 15.932349578082976 1.4425032283879897 1.4425061871202609 0.0009765625
15.932349578082976 15.932526000627018 1.4425022696744296 1.4425052283879898 0.0009765625
15.932526000627018 15.932702423171062 1.4425013109795704 1.4425042696744297 0.0009765625
15.932702423171062 15.932878845715104 1.4425003523034254 1.4425033109795704 0.0009765625
15.932878845715104 15.933055268259146 1.4424993936459902 1.4425023523034255 0.0009765625
15.933055268259146 15.933231690803188 1.4424984350072563 1.4425013936459903 0.0009765625
15.933231690803188 15.93340811334723 1.4424974763872309 1.4425004350072563 0.0009765625
15.93340811334723 15.933584535891272 1.4424965177859084 1.442499476387231 0.0009765625
15.933584535891272 15.933760958435316 1.4424955592032878 1.4424985177859084 0.0009765625
15.933760958435316 15.933937380979359 1.4424946006393766 1.4424975592032878 0.0009765625
15.933937380979359 15.934113803523401 1.4424936420941661 1.4424966006393767 0.0009765625
15.934113803523401 15.934290226067443 1.4424926835676615 1.4424956420941661 0.0009765625
15.934290226067443 15.934466648611485 1.4424917250598552 1.4424946835676615 0.0009765625
15.934466648611485 15.934643071155529 1.4424907665707543 1.4424937250598553 0.0009765625
15.934643071155529 15.934819493699571 1.442489808100351 1.4424927665707543 0.0009765625
15.934819493699571 15.934995916243613 1.442488849648647 1.442491808100351 0.0009765625
15.934995916243613 15.935172338787655 1.442487891215646 1.442490849648647 0.0009765625
15.935172338787655 15.935348761331698 1.4424869328013452 1.4424898912156461 0.0009765625
15.935348761331698 15.93552518387574 1.442485974405741 1.4424889328013453 0.0009765625
15.93552518387574 15.935701606419784 1.4424850160288387 1.4424879744057411 0.0009765625
15.935701606419784 15.935878028963826 1.4424840576706288 1.4424870160288388 0.0009765625
15.935878028963826 15.936054451507868 1.4424830993311215 1.4424860576706289 0.0009765625
15.936054451507868 15.93623087405191 1.4424821410103064 1.4424850993311216 0.0009765625
15.93623087405191 15.936407296595952 1.4424811827081885 1.4424841410103064 0.0009765625
15.936407296595952 15.936583719139996 1.4424802244247661 1.4424831827081885 0.0009765625
15.936583719139996 15.936760141684038 1.4424792661600405 1.4424822244247661 0.0009765625
15.936760141684038 15.93693656422808 1.4424783079140024 1.4424812661600406 0.0009765625
15.93693656422808 15.937024775500102 1.4424778287974462 1.4424803079134576 0.0009765625
15.937024775500102 15.937112986772123 1.4424773496866641 1.4424798287980041 0.0009765625
15.937112986772123 15.937201198044145 1.4424768705800064 1.4424793496866641 0.0009765625
15.937201198044145 15.937289409316165 1.4424763914780154 1.4424788705800065 0.0009765625
15.937289409316165 15.937377620588187 1.4424759123807018 1.4424783914780155 0.0009765625
15.937377620588187 15.937465831860209 1.4424754332880623 1.4424779123807019 0.0009765625
15.937465831860209 15.937554043132229 1.4424749542000967 1.4424774332880623 0.0009765625
15.937554043132229 15.937642254404251 1.4424744751168039 1.4424769542000968 0.0009765625
15.937642254404251 15.937730465676271 1.4424739960381816 1.442476475116804 0.0009765625
15.937730465676271 15.937818676948293 1.4424735169642284 1.4424759960381817 0.0009765625
15.937818676948293 15.937906888220315 1.4424730378949568 1.4424755169642285 0.0009765625
15.937906888220315 15.937995099492335 1.4424725588303493 1.4424750378949569 0.0009765625
15.937995099492335 15.938083310764357 1.4424720797704176 1.4424745588303494 0.0009765625
15.938083310764357 15.938171522036377 1.4424716007151628 1.4424740797704176 0.0009765625
15.938171522036377 15.938259733308399 1.4424711216645716 1.4424736007151628 0.0009765625
15.938259733308399 15.938347944580421 1.4424706426186584 1.4424731216645716 0.0009765625
15.938347944580421 15.938436155852441 1.4424701635774184 1.4424726426186585 0.0009765625
15.938436155852441 15.938524367124463 1.4424696845408462 1.4424721635774185 0.0009765625
15.938524367124463 15.938612578396484 1.4424692055089505 1.4424716845408463 0.0009765625
15.938612578396484 15.938700789668506 1.4424687264817284 1.4424712055089506 0.0009765625
15.938700789668506 15.938789000940526 1.4424682474591719 1.4424707264817285 0.0009765625
15.938789000940526 15.938877212212548 1.4424677684412917 1.442470247459172 0.0009765625
15.938877212212548 15.93896542348457 1.4424672894280768 1.4424697684412917 0.0009765625
15.93896542348457 15.93905363475659 1.4424668104195406 1.4424692894280768 0.0009765625
15.93905363475659 15.939141846028612 1.4424663314156738 1.4424688104195407 0.0009765625
15.939141846028612 15.939230057300632 1.4424658524164826 1.4424683314156739 0.0009765625
15.939230057300632 15.939318268572654 1.4424653734219592 1.4424678524164827 0.0009765625
15.939318268572654 15.939406479844676 1.4424648944321068 1.4424673734219593 0.0009765625
15.939406479844676 15.939494691116696 1.4424644154469268 1.4424668944321068 0.0009765625
15.939494691116696 15.939582902388718 1.442463936466416 1.4424664154469269 0.0009765625
15.939582902388718 15.939671113660738 1.4424634574905772 1.4424659364664161 0.0009765625
15.939671113660738 15.93975932493276 1.4424629785194079 1.4424654574905773 0.0009765625
15.93975932493276 15.939803430568771 1.4424627390350293 1.4424649785188652 0.0009765625
15.939803430568771 15.939847536204782 1.4424624995529176 1.4424647390355803 0.0009765625
15.939847536204782 15.939891641840791 1.4424622600714248 1.4424644995529177 0.0009765625
15.939891641840791 15.939935747476802 1.4424620205910936 1.4424642600714248 0.0009765625
15.939935747476802 15.939979853112813 1.4424617811119298 1.4424640205910937 0.0009765625
15.939979853112813 15.940023958748824 1.4424615416339404 1.4424637811119299 0.0009765625
15.940023958748824 15.940068064384834 1.4424613021571118 1.4424635416339404 0.0009765625
15.940068064384834 15.940112170020845 1.4424610626814562 1.4424633021571118 0.0009765625
15.940112170020845 15.940156275656856 1.4424608232069656 1.4424630626814563 0.0009765625
15.940156275656856 15.940200381292867 1.4424605837336402 1.4424628232069656 0.0009765625
15.940200381292867 15.940244486928878 1.4424603442614894 1.4424625837336402 0.0009765625
15.940244486928878 15.940288592564887 1.4424601047905063 1.4424623442614894 0.0009765625
15.940288592564887 15.940332698200898 1.4424598653206842 1.4424621047905064 0.0009765625
15.940332698200898 15.940376803836909 1.4424596258520306 1.4424618653206842 0.0009765625
15.940376803836909 15.94042090947292 1.4424593863845483 1.4424616258520306 0.0009765625
15.94042090947292 15.940465015108931 1.4424591469182326 1.4424613863845483 0.0009765625
15.940465015108931 15.94050912074494 1.4424589074530856 1.4424611469182327 0.0009765625
15.94050912074494 15.940553226380951 1.4424586679891047 1.4424609074530856 0.0009765625
15.940553226380951 15.940597332016962 1.4424584285262858 1.4424606679891048 0.0009765625
15.940597332016962 15.940641437652973 1.4424581890646442 1.4424604285262859 0.0009765625
15.940641437652973 15.940685543288982 1.4424579496041665 1.4424601890646442 0.000244140625
15.940685543288982 15.940729648924993 1.4424577101448561 1.4424599496041666 0.000244140625
15.940729648924993 15.940773754561004 1.4424574706867133 1.4424597101448562 0.000244140625
15.940773754561004 15.940817860197015 1.4424572312297392 1.4424594706867133 0.000244140625
15.940817860197015 15.940861965833026 1.4424569917739309 1.4424592312297393 0.000244140625
15.940861965833026 15.940906071469035 1.4424567523192944 1.442458991773931 0.000244140625
15.940906071469035 15.940950177105046 1.4424565128658167 1.4424587523192944 0.000244140625
15.940950177105046 15.940994282741057 1.4424562734135122 1.4424585128658167 0.000244140625
15.940994282741057 15.941038388377068 1.442456033962374 1.4424582734135123 0.000244140625
15.941038388377068 15.941082494013077 1.4424557945124015 1.442458033962374 0.000244140625
15.941082494013077 15.941126599649088 1.4424555550636031 1.4424577945124015 0.000244140625
15.941126599649088 15.941170705285099 1.442455315615971 1.4424575550636032 0.000244140625
15.941170705285099 15.941192089835893 1.4424551995200166 1.4424573156154175 0.000244140625
15.941192089835893 15.941213474386686 1.4424550834254368 1.4424571995205631 0.000244140625
15.941213474386686 15.941234858937479 1.4424549673305833 1.4424570834254369 0.000244140625
15.941234858937479 15.941256243488272 1.4424548512360027 1.4424569673305834 0.000244140625
15.941256243488272 15.941277628039064 1.4424547351416983 1.4424568512360028 0.000244140625
15.941277628039064 15.941299012589857 1.4424546190476688 1.4424567351416984 0.000244140625
15.941299012589857 15.94132039714065 1.442454502953912 1.4424566190476689 0.000244140625
15.94132039714065 15.941341781691444 1.4424543868604316 1.442456502953912 0.000244140625
15.941341781691444 15.941363166242237 1.4424542707672234 1.4424563868604316 0.000244140625
15.941363166242237 15.94138455079303 1.4424541546742908 1.4424562707672235 0.000244140625
15.94138455079303 15.941405935343823 1.4424540385816336 1.4424561546742909 0.000244140625
15.941405935343823 15.941427319894617 1.4424539224892461 1.4424560385816336 0.000244140625
15.941427319894617 15.941448704445408 1.4424538063971384 1.4424559224892461 0.000244140625
15.941448704445408 15.941470088996201 1.442453690305306 1.4424558063971384 0.000244140625
15.941470088996201 15.941491473546995 1.4424535742137432 1.4424556903053061 0.000244140625
15.941491473546995 15.941512858097788 1.4424534581224597 1.4424555742137433 0.000244140625
15.941512858097788 15.941534242648581 1.4424533420314436 1.4424554581224598 0.000244140625
15.941534242648581 15.941555627199374 1.4424541259407118 1.4424544420314436 0.000244140625
15.941555627199374 15.941577011750168 1.4424540098502474 1.4424543259407117 0.000244140625
15.941577011750168 15.941598396300961 1.4424538937600584 1.4424542098502473 0.000244140625
15.941598396300961 15.941619780851752 1.4424537776701425 1.4424540937600583 0.000244140625
15.941619780851752 15.941641165402546 1.4424536615805035 1.4424539776701424 0.000244140625
15.941641165402546 15.941662549953339 1.4424535454911374 1.4424538615805034 0.000244140625
15.941662549953339 15.941683934504132 1.4424534294020477 1.4424537454911373 0.000244140625
15.941683934504132 15.941705319054925 1.4424533133132313 1.4424536294020476 0.000244140625
15.941705319054925 15.941726703605719 1.4424531972246901 1.4424535133132312 0.000244140625
15.941726703605719 15.941748088156512 1.4424530811364238 1.44245339722469 0.000244140625
15.941748088156512 15.941769472707305 1.4424529650484277 1.4424532811364237 0.000244140625
15.941769472707305 15.941790857258097 1.4424528489607111 1.4424531650484276 0.000244140625
15.941790857258097 15.94181224180889 1.4424527328732677 1.442453048960711 0.000244140625
15.94181224180889 15.941833626359683 1.4424526167860974 1.4424529328732676 0.000244140625
15.941833626359683 15.941855010910476 1.4424525006992006 1.4424528167860973 0.000244140625
15.941855010910476 15.94187639546127 1.4424523846125767 1.4424527006992005 0.000244140625
15.94187639546127 15.941887087736665 1.4424523265688221 1.4424525846120344 0.000244140625
15.941887087736665 15.941897780012063 1.4424522685262324 1.4424525265693695 0.000244140625
15.941897780012063 15.941908472287459 1.4424522104831627 1.4424524685262323 0.000244140625
15.941908472287459 15.941919164562856 1.442452152440163 1.4424524104831626 0.000244140625
15.941919164562856 15.941929856838252 1.442452094397227 1.4424523524401629 0.000244140625
15.941929856838252 15.941940549113649 1.4424520363543643 1.4424522943972269 0.000244140625
15.941940549113649 15.941951241389045 1.4424519783115699 1.4424522363543641 0.000244140625
15.941951241389045 15.941961933664443 1.4424519202688408 1.4424521783115698 0.000244140625
15.941961933664443 15.941972625939838 1.4424518622261848 1.4424521202688407 0.000244140625
15.941972625939838 15.941983318215236 1.4424518041835903 1.4424520622261847 0.000244140625
15.941983318215236 15.941994010490632 1.4424517461410704 1.4424520041835902 0.000244140625
15.941994010490632 15.942004702766027 1.4424516880986193 1.4424519461410703 0.000244140625
15.942004702766027 15.942015395041425 1.4424516300562342 1.4424518880986192 0.000244140625
15.942015395041425 15.942026087316821 1.4424515720139168 1.4424518300562341 0.000244140625
15.942026087316821 15.942036779592218 1.4424515139716698 1.4424517720139167 0.000244140625
15.942036779592218 15.942047471867614 1.4424514559294921 1.4424517139716697 0.000244140625
15.942047471867614 15.942058164143011 1.4424513978873832 1.442451655929492 0.000244140625
15.942058164143011 15.942068856418407 1.4424513398453427 1.4424515978873831 0.000244140625
15.942068856418407 15.942079548693805 1.4424512818033681 1.4424515398453426 0.000244140625
15.942079548693805 15.9420902409692 1.4424512237614642 1.442451481803368 0.000244140625
15.9420902409692 15.942100933244598 1.4424511657196284 1.4424514237614641 0.000244140625
15.942100933244598 15.942111625519994 1.4424511076778588 1.4424513657196283 0.000244140625
15.942111625519994 15.942122317795389 1.442451049636164 1.4424513076778587 0.000244140625
15.942122317795389 15.942133010070787 1.4424509915945349 1.4424512496361639 0.000244140625
15.942133010070787 15.942143702346183 1.4424509335529769 1.4424511915945348 0.000244140625
15.942143702346183 15.94215439462158 1.4424508755114782 1.4424511335529768 0.000244140625
15.94215439462158 15.942165086896976 1.4424508174700545 1.4424510755114781 0.000244140625
15.942165086896976 15.942175779172373 1.4424507594286995 1.4424510174700544 0.000244140625
15.942175779172373 15.942186471447769 1.4424507013874139 1.4424509594286994 0.000244140625
15.942186471447769 15.942197163723167 1.4424506433461961 1.4424509013874138 0.000244140625
15.942197163723167 15.942207855998562 1.4424505853050487 1.442450843346196 0.000244140625
15.942207855998562 15.94221854827396 1.4424505272639649 1.4424507853050486 0.000244140625
15.94221854827396 15.942229240549356 1.4424504692229532 1.4424507272639648 0.000244140625
15.942229240549356 15.942234753753857 1.4424504392950301 1.4424506692224044 0.000244140625
15.942234753753857 15.942240266958358 1.4424504093682309 1.4424506392955823 0.000244140625
15.942240266958358 15.94224578016286 1.4424503794408956 1.4424506093682308 0.000244140625
15.94224578016286 15.942251293367361 1.4424503495135839 1.4424505794408955 0.000244140625
15.942251293367361 15.942256806571862 1.4424503195862899 1.4424505495135838 0.000244140625
15.942256806571862 15.942262319776363 1.4424502896590043 1.4424505195862898 0.000244140625
15.942262319776363 15.942267832980866 1.4424502597317481 1.4424504896590042 0.000244140625
15.942267832980866 15.942273346185367 1.4424502298045041 1.442450459731748 0.000244140625
15.942273346185367 15.942278859389868 1.442450199877279 1.442450429804504 0.000244140625
15.942278859389868 15.942284372594369 1.4424501699500734 1.4424503998772789 0.000244140625
15.942284372594369 15.94228988579887 1.4424501400228855 1.4424503699500733 0.000244140625
15.94228988579887 15.942295399003372 1.4424501100957154 1.4424503400228854 0.000244140625
15.942295399003372 15.942300912207873 1.4424500801685634 1.4424503100957153 0.000244140625
15.942300912207873 15.942306425412374 1.4424500502414317 1.4424502801685632 0.000244140625
15.942306425412374 15.942311938616875 1.4424500203143165 1.4424502502414316 0.000244140625
15.942311938616875 15.942317451821378 1.4424499903872203 1.4424502203143164 0.000244140625
15.942317451821378 15.942322965025879 1.4424499604601384 1.4424501903872202 0.000244140625
15.942322965025879 15.94232847823038 1.442449930533086 1.4424501604601383 0.000244140625
15.94232847823038 15.942333991434881 1.4424499006060403 1.4424501305330859 0.000244140625
15.942333991434881 15.942339504639381 1.4424498706790152 1.4424501006060402 0.000244140625
15.942339504639381 15.942345017843884 1.4424498407520074 1.4424500706790151 0.000244140625
15.942345017843884 15.942350531048385 1.4424498108250254 1.4424500407520073 0.000244140625
15.942350531048385 15.942356044252886 1.4424497808980568 1.4424500108250253 0.000244140625
15.942356044252886 15.942361557457387 1.4424497509711041 1.4424499808980566 0.000244140625
15.942361557457387 15.942367070661888 1.4424497210441722 1.442449950971104 0.000244140625
15.942367070661888 15.942372583866391 1.4424496911172564 1.4424499210441721 0.000244140625
15.942372583866391 15.942378097070891 1.4424496611903621 1.4424498911172563 0.000244140625
15.942378097070891 15.942383610275392 1.4424496312634847 1.442449861190362 0.000244140625
15.942383610275392 15.942389123479893 1.4424496013366235 1.4424498312634846 0.000244140625
15.942389123479893 15.942394636684396 1.4424495714097834 1.4424498013366234 0.000244140625
15.942394636684396 15.942400149888897 1.4424495414829561 1.4424497714097833 0.000244140625
15.942400149888897 15.942405663093398 1.4424495115561538 1.442449741482956 0.000244140625
15.942405663093398 15.942408419695649 1.4424494965922077 1.442449711555607 0.000244140625
15.942408419695649 15.942411176297899 1.4424494816293647 1.4424496965927596 0.000244140625
15.942411176297899 15.94241393290015 1.4424494666659846 1.4424496816293646 0.000244140625
15.94241393290015 15.9424166895024 1.4424494517026012 1.4424496666659845 0.000244140625
15.9424166895024 15.942419446104651 1.4424494367392247 1.4424496517026011 0.000244140625
15.942419446104651 15.942422202706902 1.4424494217758483 1.4424496367392245 0.000244140625
15.942422202706902 15.942424959309152 1.4424494068124853 1.4424496217758482 0.000244140625
15.942424959309152 15.942427715911403 1.4424493918491197 1.4424496068124852 0.000244140625
15.942427715911403 15.942430472513653 1.4424493768857569 1.4424495918491196 0.000244140625
15.942430472513653 15.942433229115904 1.442449361922405 1.4424495768857568 0.000244140625
15.942433229115904 15.942435985718156 1.4424493469590538 1.4424495619224049 0.000244140625
15.942435985718156 15.942438742320405 1.4424493319957103 1.4424495469590537 0.000244140625
15.942438742320405 15.942441498922657 1.4424493170323673 1.4424495319957102 0.000244140625
15.942441498922657 15.942444255524906 1.4424493020690321 1.4424495170323672 0.000244140625
15.942444255524906 15.942447012127158 1.4424492871057022 1.442449502069032 0.000244140625
15.942447012127158 15.942449768729407 1.4424492721423758 1.4424494871057021 0.000244140625
15.942449768729407 15.942452525331658 1.4424492571790499 1.4424494721423757 0.000244140625
15.942452525331658 15.94245528193391 1.4424492422157318 1.4424494571790498 0.000244140625
15.94245528193391 15.942458038536159 1.4424492272524212 1.4424494422157317 0.000244140625
15.942458038536159 15.942460795138411 1.4424492122891119 1.4424494272524211 0.000244140625
15.942460795138411 15.94246355174066 1.4424491973258078 1.4424494122891118 0.000244140625
15.94246355174066 15.942466308342912 1.4424491823625014 1.4424493973258077 0.000244140625
15.942466308342912 15.942469064945163 1.442449257399212 1.4424492923625014 0.000244140625
15.942469064945163 15.942471821547413 1.4424492424359217 1.4424492773992121 0.000244140625
15.942471821547413 15.942474578149664 1.4424492274726339 1.4424492624359218 0.000244140625
15.942474578149664 15.942477334751914 1.4424492125093547 1.442449247472634 0.000244140625
15.942477334751914 15.942480091354165 1.4424491975460765 1.4424492325093548 0.000244140625
15.942480091354165 15.942482847956416 1.4424491825828005 1.4424492175460766 0.000244140625
15.942482847956416 15.942485604558666 1.4424491676195361 1.4424492025828006 0.000244140625
15.942485604558666 15.942488361160917 1.4424491526562719 1.4424491876195362 0.000244140625
15.942488361160917 15.942491117763167 1.4424491376930169 1.442449172656272 0.000244140625
15.942491117763167 15.942493874365418 1.4424491227297616 1.442449157693017 0.000244140625
15.942493874365418 15.942495210899843 1.4424491154743002 1.442449142729205 0.000244140625
15.942495210899843 15.942496547434267 1.4424491082199418 1.4424491354748523 0.000244140625
15.942496547434267 15.942497883968691 1.4424491009650371 1.4424491282199419 0.000244140625
15.942497883968691 15.942499220503116 1.4424490937101264 1.4424491209650372 0.000244140625
15.942499220503116 15.94250055703754 1.442449086455224 1.4424491137101265 0.000244140625
15.94250055703754 15.942501893571965 1.4424490792003171 1.4424491064552241 0.000244140625
15.942501893571965 15.942503230106389 1.4424490719454162 1.4424490992003172 0.000244140625
15.942503230106389 15.942504566640814 1.4424490646905115 1.4424490919454163 0.000244140625
15.942504566640814 15.94250590317524 1.4424490574356148 1.4424490846905116 0.000244140625
15.94250590317524 15.942507239709665 1.4424490501807121 1.4424490774356149 0.000244140625
15.942507239709665 15.942508576244089 1.4424490429258114 1.4424490701807122 0.000244140625
15.942508576244089 15.942509912778513 1.4424490356709192 1.4424490629258115 0.000244140625
15.942509912778513 15.942511249312938 1.4424490284160199 1.4424490556709193 0.000244140625
15.942511249312938 15.942512585847362 1.4424490211611234 1.44244904841602 0.000244140625
15.942512585847362 15.942513922381787 1.4424490139062298 1.4424490411611235 0.000244140625
15.942513922381787 15.942515258916211 1.4424490066513365 1.4424490339062299 0.000244140625
15.942515258916211 15.942516595450636 1.442448999396444 1.4424490266513366 0.000244140625
15.942516595450636 15.94251793198506 1.4424489921415504 1.4424490193964441 0.000244140625
15.94251793198506 15.942519268519485 1.4424489848866662 1.4424490121415505 0.000244140625
15.942519268519485 15.942520605053909 1.442448977631771 1.4424490048866663 0.000244140625
15.942520605053909 15.942521941588334 1.442448970376885 1.4424489976317711 0.000244140625
15.942521941588334 15.942523278122758 1.4424489631220003 1.4424489903768851 0.000244140625
15.942523278122758 15.942524614657183 1.4424489558671116 1.4424489831220004 0.000244140625
15.942524614657183 15.942525951191607 1.4424489486122272 1.4424489758671117 0.000244140625
15.942525951191607 15.942527287726033 1.4424489413573445 1.4424489686122273 0.000244140625
15.942527287726033 15.942528624260458 1.4424489341024653 1.4424489613573446 0.000244140625
15.942528624260458 15.942529960794882 1.4424489268475822 1.4424489541024654 0.000244140625
15.942529960794882 15.942531297329307 1.4424489195927015 1.4424489468475823 0.000244140625
15.942531297329307 15.942532633863731 1.4424489123378168 1.4424489395927016 0.000244140625
15.942532633863731 15.942533970398156 1.4424489050829392 1.4424489323378169 0.000244140625
15.942533970398156 15.94253530693258 1.4424488978280627 1.4424489250829393 0.000244140625
15.94253530693258 15.942536643467005 1.4424488905731896 1.4424489178280628 0.000244140625
15.942536643467005 15.942537980001429 1.4424488833183144 1.4424489105731897 0.000244140625
15.942537980001429 15.942538648268641 1.4424488796903256 1.4424489033177619 0.000244140625
15.942538648268641 15.942539316535854 1.442448876063438 1.4424488996908744 0.000244140625
15.942539316535854 15.942539984803066 1.4424488724360007 1.4424488960634381 0.000244140625
15.942539984803066 15.942540653070278 1.442448868808563 1.4424488924360008 0.000244140625
15.942540653070278 15.94254132133749 1.442448865181132 1.4424488888085631 0.000244140625
15.94254132133749 15.942541989604702 1.442448861553693 1.4424488851811321 0.000244140625
15.942541989604702 15.942542657871915 1.4424488579262558 1.4424488815536931 0.000244140625
15.942542657871915 15.942543326139127 1.4424488542988281 1.4424488779262559 0.000244140625
15.942543326139127 15.942543994406339 1.4424488506713853 1.4424488742988282 0.000244140625
15.942543994406339 15.942544662673551 1.4424488470439529 1.4424488706713854 0.000244140625
15.942544662673551 15.942545330940764 1.442448843416515 1.442448867043953 0.000244140625
15.942545330940764 15.942545999207976 1.4424488397890824 1.4424488634165151 0.000244140625
15.942545999207976 15.942546667475188 1.4424488361616488 1.4424488597890825 0.000244140625
15.942546667475188 15.9425473357424 1.4424488325342177 1.4424488561616489 0.000244140625
15.9425473357424 15.942548004009613 1.4424488289067792 1.4424488525342178 0.000244140625
15.942548004009613 15.942548672276825 1.4424488252793504 1.4424488489067793 0.000244140625
15.942548672276825 15.942549340544039 1.4424488216519167 1.4424488452793505 0.000244140625
15.942549340544039 15.942550008811251 1.4424488180244821 1.4424488416519168 0.000244140625
15.942550008811251 15.942550677078463 1.442448814397056 1.4424488380244822 0.000244140625
15.942550677078463 15.942551345345676 1.4424488107696201 1.4424488343970561 0.000244140625
15.942551345345676 15.942552013612888 1.4424488071421881 1.4424488307696202 0.000244140625
15.942552013612888 15.9425526818801 1.4424488035147591 1.4424488271421883 0.000244140625
15.9425526818801 15.942553350147312 1.4424487998873239 1.4424488235147592 0.000244140625
15.942553350147312 15.942554018414524 1.4424487962598924 1.442448819887324 0.000244140625
15.942554018414524 15.942554686681737 1.4424487926324632 1.4424488162598925 0.000244140625
15.942554686681737 15.942555354948949 1.4424487890050333 1.4424488126324633 0.000244140625
15.942555354948949 15.942556023216161 1.4424487853776 1.4424488090050334 0.000244140625
15.942556023216161 15.942556691483373 1.4424487817501721 1.4424488053776001 0.000244140625
15.942556691483373 15.942557359750586 1.4424487781227417 1.4424488017501722 0.000244140625
15.942557359750586 15.942558028017798 1.4424487744953136 1.4424487981227418 0.000244140625
15.942558028017798 15.94255869628501 1.442448770867885 1.4424487944953137 0.000244140625
15.94255869628501 15.942559364552222 1.4424487672404533 1.4424487908678851 0.000244140625
15.942559364552222 15.942560032819435 1.4424487636130277 1.4424487872404534 0.000244140625
15.942560032819435 15.942560366953041 1.4424487617987589 1.4424487836124784 0.000244140625
15.942560366953041 15.942560701086647 1.4424487599855944 1.4424487817993148 0.000244140625
15.942560701086647 15.942561035220253 1.4424487581718843 1.4424487799855945 0.000244140625
15.942561035220253 15.942561369353859 1.4424487563581672 1.4424487781718844 0.000244140625
15.942561369353859 15.942561703487465 1.442448754544456 1.4424487763581673 0.000244140625
15.942561703487465 15.942562037621071 1.4424487527307457 1.4424487745444561 0.000244140625
15.942562037621071 15.942562371754677 1.4424487509170298 1.4424487727307458 0.000244140625
15.942562371754677 15.942562705888284 1.4424487491033156 1.4424487709170299 0.000244140625
15.942562705888284 15.94256304002189 1.4424487472895995 1.4424487691033157 0.000244140625
15.94256304002189 15.942563374155496 1.4424487454758896 1.4424487672895996 0.000244140625
15.942563374155496 15.942563708289102 1.4424487436621742 1.4424487654758897 0.000244140625
15.942563708289102 15.942564042422708 1.4424487418484599 1.4424487636621743 0.000244140625
15.942564042422708 15.942564376556314 1.4424487400347452 1.44244876184846 0.000244140625
15.942564376556314 15.94256471068992 1.4424487382210383 1.4424487600347453 0.000244140625
15.94256471068992 15.942565044823526 1.4424487364073202 1.4424487582210384 0.000244140625
15.942565044823526 15.942565378957132 1.4424487345936055 1.4424487564073203 0.000244140625
15.942565378957132 15.94256571309074 1.4424487327798903 1.4424487545936056 0.000244140625
15.94256571309074 15.942566047224346 1.4424487309661791 1.4424487527798904 0.000244140625
15.942566047224346 15.942566381357953 1.4424487291524684 1.4424487509661792 0.000244140625
15.942566381357953 15.942566715491559 1.4424487273387565 1.4424487491524685 0.000244140625
15.942566715491559 15.942567049625165 1.4424487255250387 1.4424487473387566 0.000244140625
15.942567049625165 15.942567383758771 1.4424487237113293 1.4424487455250388 0.000244140625
15.942567383758771 15.942567717892377 1.4424487218976172 1.4424487437113294 0.000244140625
15.942567717892377 15.942568052025983 1.4424487200839056 1.4424487418976173 0.000244140625
15.942568052025983 15.942568386159589 1.4424487252701921 1.4424487330839055 0.000244140625
15.942568386159589 15.942568720293195 1.4424487234564818 1.4424487312701919 0.000244140625
15.942568720293195 15.942569054426802 1.4424487216427688 1.4424487294564816 0.000244140625
15.942569054426802 15.942569388560408 1.4424487198290528 1.4424487276427687 0.000244140625
15.942569388560408 15.942569722694014 1.4424487180153471 1.4424487258290526 0.000244140625
15.942569722694014 15.942569750424612 1.442448710864269 1.4424487310147909 0.000244140625
15.942569750424612 15.942569778155212 1.4424487107142967 1.4424487308648175 0.000244140625
15.942569778155212 15.94256980588581 1.4424487105637656 1.4424487307142968 0.000244140625
15.94256980588581 15.942569833616409 1.442448710413244 1.4424487305637657 0.000244140625
15.942569833616409 15.942569861347007 1.4424487102627157 1.4424487304132441 0.000244140625
15.942569861347007 15.942569889077607 1.4424487101121979 1.4424487302627158 0.000244140625
15.942569889077607 15.942569916808205 1.4424487099616667 1.442448730112198 0.000244140625
15.942569916808205 15.942569944538803 1.4424487098111449 1.4424487299616668 0.000244140625
15.942569944538803 15.942569972269403 1.4424487096606171 1.442448729811145 0.000244140625
15.942569972269403 15.942570000000002 1.442448709510096 1.4424487296606172 0.000244140625
