# Direct counterexample,  d = 3:   C(p) > 0 for every p in [15.94261, 100]
claim 3 3 15.942609999999998 100 +
# p1 p2 lambda1 lambda2 tau0
15.942609999999998 15.942610029882484 1.4424484922236287 1.4424485123858315 0.000244140625
15.942610029882484 15.942610059764972 1.4424484920619729 1.4424485122241801 0.000244140625
15.942610059764972 15.942610089647458 1.442448491899766 1.442448512061973 0.000244140625
15.942610089647458 15.942610119529945 1.4424484917375633 1.4424485118997661 0.000244140625
15.942610119529945 15.942610149412431 1.4424484915753601 1.4424485117375634 0.000244140625
15.942610149412431 15.942610179294919 1.4424484914131552 1.4424485115753602 0.000244140625
15.942610179294919 15.942610209177404 1.4424484912509523 1.4424485114131553 0.000244140625
15.942610209177404 15.942610239059892 1.4424484910887461 1.4424485112509524 0.000244140625
15.942610239059892 15.942610268942378 1.4424484909265411 1.4424485110887462 0.000244140625
15.942610268942378 15.942610799493201 1.4424484970466693 1.4424485019265412 0.000244140625
15.942610799493201 15.942611330044024 1.4424484941667961 1.4424484990466693 0.000244140625
15.942611330044024 15.942611860594846 1.4424484892869218 1.442448498166796 0.000244140625
15.942611860594846 15.942612391145669 1.4424484864070539 1.4424484952869217 0.000244140625
15.942612391145669 15.942612921696492 1.4424484835271845 1.4424484924070538 0.000244140625
15.942612921696492 15.942613452247315 1.4424484806473088 1.4424484895271843 0.000244140625
15.942613452247315 15.942613982798138 1.4424484777674382 1.4424484866473086 0.000244140625
15.942613982798138 15.942614513348961 1.4424484748875683 1.4424484837674381 0.000244140625
15.942614513348961 15.942615043899783 1.4424484720076962 1.4424484808875682 0.000244140625
15.942615043899783 15.942615574450606 1.4424484691278265 1.442448478007696 0.000244140625
15.942615574450606 15.942616105001429 1.4424484662479504 1.4424484751278264 0.000244140625
15.942616105001429 15.942616636553991 1.4424484633626435 1.4424484722479503 0.000244140625
15.942616636553991 15.942617168106553 1.4424484534773381 1.4424484763626435 0.000244140625
15.942617168106553 15.942618231211679 1.4424484567067195 1.4424484644773381 0.000244140625
15.942618231211679 15.942619294316803 1.4424484489361078 1.4424484607067194 0.000244140625
15.942619294316803 15.942620357421928 1.4424484431654925 1.4424484549361076 0.000244140625
15.942620357421928 15.942621420527052 1.4424484373948772 1.4424484491654923 0.000244140625
15.942621420527052 15.942622483632176 1.4424484316242665 1.442448443394877 0.000244140625
15.942622483632176 15.942623546737302 1.4424484258536534 1.4424484376242663 0.000244140625
15.942623546737302 15.942624609842426 1.4424484130830457 1.4424484388536534 0.000244140625
15.942624609842426 15.942625672947552 1.4424484073124302 1.4424484330830458 0.000244140625
15.942625672947552 15.942626736052675 1.4424484015418197 1.4424484273124303 0.000244140625
15.942626736052675 15.942627799157799 1.4424483957712093 1.4424484215418198 0.000244140625
15.942627799157799 15.942628862262925 1.4424483900006015 1.4424484157712094 0.000244140625
15.942628862262925 15.942629925368049 1.4424483842299938 1.4424484100006016 0.000244140625
15.942629925368049 15.942630988473175 1.4424483784593849 1.4424484042299939 0.000244140625
15.942630988473175 15.942632051578299 1.4424483726887785 1.442448398459385 0.000244140625
15.942632051578299 15.942633114683424 1.4424483669181765 1.4424483926887786 0.000244140625
15.942633114683424 15.942634177788548 1.4424483611475669 1.4424483869181766 0.000244140625
15.942634177788548 15.942635240893672 1.4424483553769634 1.442448381147567 0.000244140625
15.942635240893672 15.942636303998798 1.4424483496063563 1.4424483753769635 0.000244140625
15.942636303998798 15.942637367103922 1.4424483438357556 1.4424483696063564 0.000244140625
15.942637367103922 15.942638430209048 1.4424483380651523 1.4424483638357557 0.000244140625
15.942638430209048 15.942639493314172 1.4424483322945527 1.4424483580651524 0.000244140625
15.942639493314172 15.942640556419295 1.4424483265239476 1.4424483522945528 0.000244140625
15.942640556419295 15.942641619524421 1.4424483207533485 1.4424483465239477 0.000244140625
15.942641619524421 15.942642682629545 1.4424483149827509 1.4424483407533486 0.000244140625
15.942642682629545 15.942643745734671 1.4424483092121496 1.442448334982751 0.000244140625
15.942643745734671 15.942644808839795 1.4424483034415487 1.4424483292121497 0.000244140625
15.942644808839795 15.942645871944919 1.4424482976709516 1.4424483234415488 0.000244140625
15.942645871944919 15.942646935050044 1.4424482919003514 1.4424483176709517 0.000244140625
15.942646935050044 15.942647998155168 1.4424482861297581 1.4424483119003515 0.000244140625
15.942647998155168 15.942649061260294 1.4424482803591649 1.4424483061297582 0.000244140625
15.942649061260294 15.942650124365418 1.4424482745885663 1.442448300359165 0.000244140625
15.942650124365418 15.942652186145054 1.4424482633965647 1.4424482945880179 0.000244140625
15.942652186145054 15.94265424792469 1.4424482522056596 1.4424482833971104 0.000244140625
15.94265424792469 15.942656309704326 1.4424482410142079 1.4424482722056597 0.000244140625
15.942656309704326 15.942658371483962 1.4424482298227597 1.442448261014208 0.000244140625
15.942658371483962 15.942660433263597 1.4424482186313146 1.4424482498227598 0.000244140625
15.942660433263597 15.942662495043232 1.4424482074398715 1.4424482386313147 0.000244140625
15.942662495043232 15.942664556822868 1.4424481962484317 1.4424482274398716 0.000244140625
15.942664556822868 15.942666618602503 1.4424481850569952 1.4424482162484318 0.000244140625
15.942666618602503 15.942668680382139 1.4424481738655577 1.4424482050569953 0.000244140625
15.942668680382139 15.942670742161775 1.4424481626741241 1.4424481938655578 0.000244140625
15.942670742161775 15.942672803941411 1.4424481514826983 1.4424481826741242 0.000244140625
15.942672803941411 15.942674865721047 1.4424481402912701 1.4424481714826984 0.000244140625
15.942674865721047 15.942676927500683 1.4424481290998414 1.4424481602912702 0.000244140625
15.942676927500683 15.942678989280319 1.4424481179084199 1.4424481490998415 0.000244140625
15.942678989280319 15.942681051059955 1.4424481067170005 1.44244813790842 0.000244140625
15.942681051059955 15.942683112839591 1.4424480955255805 1.4424481267170006 0.000244140625
15.942683112839591 15.942685174619225 1.4424480843341678 1.4424481155255806 0.000244140625
15.942685174619225 15.942687236398861 1.4424480731427562 1.4424481043341679 0.000244140625
15.942687236398861 15.942689298178497 1.4424480619513478 1.4424480931427563 0.000244140625
15.942689298178497 15.942691359958133 1.4424480507599382 1.4424480819513479 0.000244140625
15.942691359958133 15.942693421737768 1.4424480395685337 1.4424480707599383 0.000244140625
15.942693421737768 15.942695483517404 1.4424480283771319 1.4424480595685338 0.000244140625
15.942695483517404 15.94269754529704 1.4424480171857355 1.442448048377132 0.000244140625
15.94269754529704 15.942699607076676 1.4424480059943323 1.4424480371857356 0.000244140625
15.942699607076676 15.942701668856312 1.4424479948029394 1.4424480259943324 0.000244140625
15.942701668856312 15.942703730635948 1.4424479836115491 1.4424480148029395 0.000244140625
15.942703730635948 15.942705792415584 1.4424479724201589 1.4424480036115492 0.000244140625
15.942705792415584 15.942707854195218 1.4424478712287734 1.4424480824201589 0.000244140625
15.942707854195218 15.942709915974854 1.4424478600373933 1.4424480712287733 0.000244140625
15.942709915974854 15.94271197775449 1.4424478488460057 1.4424480600373932 0.000244140625
15.94271197775449 15.942714039534126 1.442447837654629 1.4424480488460056 0.000244140625
15.942714039534126 15.942716101313762 1.4424478264632519 1.4424480376546289 0.000244140625
15.942716101313762 15.942718163093398 1.4424478152718805 1.4424480264632518 0.000244140625
15.942718163093398 15.942722286652669 1.4424478828885881 1.4424479252713269 0.000244140625
15.942722286652669 15.942726410211941 1.4424478605064066 1.4424479028891386 0.000244140625
15.942726410211941 15.942730533771211 1.4424478381236865 1.4424478805064067 0.000244140625
15.942730533771211 15.942734657330483 1.442447815740977 1.4424478581236866 0.000244140625
15.942734657330483 15.942738780889755 1.4424477033582785 1.442447925740977 0.000244140625
15.942738780889755 15.942742904449027 1.4424476809755915 1.4424479033582784 0.000244140625
15.942742904449027 15.942747028008299 1.4424476585929074 1.4424478809755914 0.000244140625
15.942747028008299 15.942751151567569 1.4424476362102419 1.4424478585929073 0.000244140625
15.942751151567569 15.94275527512684 1.4424476138275859 1.4424478362102418 0.000244140625
15.94275527512684 15.942759398686112 1.442447591444934 1.4424478138275858 0.000244140625
15.942759398686112 15.942763522245384 1.4424475690622982 1.4424477914449338 0.000244140625
15.942763522245384 15.942767645804654 1.4424475466796673 1.4424477690622981 0.000244140625
15.942767645804654 15.942771769363926 1.4424475242970516 1.4424477466796672 0.000244140625
15.942771769363926 15.942775892923198 1.4424475019144414 1.4424477242970515 0.000244140625
15.942775892923198 15.94278001648247 1.4424474795318463 1.4424477019144413 0.000244140625
15.94278001648247 15.942784140041741 1.4424474571492578 1.4424476795318462 0.000244140625
15.942784140041741 15.942788263601011 1.4424474347666796 1.4424476571492577 0.000244140625
15.942788263601011 15.942792387160283 1.442447412384112 1.4424476347666795 0.000244140625
15.942792387160283 15.942796510719555 1.4424473900015546 1.4424476123841119 0.000244140625
15.942796510719555 15.942800634278827 1.442447367619011 1.4424475900015545 0.000244140625
15.942800634278827 15.942804757838099 1.4424473452364741 1.4424475676190109 0.000244140625
15.942804757838099 15.942808881397369 1.4424473228539483 1.442447545236474 0.000244140625
15.942808881397369 15.942813004956641 1.4424473004714284 1.4424475228539482 0.000244140625
15.942813004956641 15.942817128515912 1.4424472780889288 1.4424475004714283 0.000244140625
15.942817128515912 15.942821252075184 1.4424472557064332 1.4424474780889287 0.000244140625
15.942821252075184 15.942825375634454 1.4424472333239471 1.4424474557064331 0.000244140625
15.942825375634454 15.942829499193726 1.4424472109414705 1.442447433323947 0.000244140625
15.942829499193726 15.942833622752998 1.4424471885590027 1.4424474109414704 0.000244140625
15.942833622752998 15.94283774631227 1.4424471661765499 1.4424473885590026 0.000244140625
15.94283774631227 15.942841869871542 1.4424471437941095 1.4424473661765498 0.000244140625
15.942841869871542 15.942845993430812 1.4424471214116725 1.4424473437941094 0.000244140625
15.942845993430812 15.942850116990083 1.4424470990292491 1.4424473214116724 0.000244140625
15.942850116990083 15.942854240549355 1.4424470766468385 1.442447299029249 0.000244140625
15.942854240549355 15.942862487667899 1.4424470318814855 1.4424472766462866 0.000244140625
15.942862487667899 15.942870734786441 1.4424469871172769 1.4424472318820385 0.000244140625
15.942870734786441 15.942878981904984 1.442446942352565 1.4424471871172768 0.000244140625
15.942878981904984 15.942887229023526 1.4424468975878904 1.4424471423525649 0.000244140625
15.942887229023526 15.94289547614207 1.4424468528232559 1.4424470975878902 0.000244140625
15.94289547614207 15.942903723260612 1.4424468080586637 1.4424470528232558 0.000244140625
15.942903723260612 15.942911970379155 1.4424467632941123 1.4424470080586635 0.000244140625
15.942911970379155 15.942920217497699 1.4424467185295993 1.4424469632941121 0.000244140625
15.942920217497699 15.942928464616241 1.4424466737651302 1.4424469185295992 0.000244140625
15.942928464616241 15.942936711734784 1.4424466290006965 1.4424468737651301 0.000244140625
15.942936711734784 15.942944958853326 1.4424465842363106 1.4424468290006964 0.000244140625
15.942944958853326 15.94295320597187 1.4424465394719632 1.4424467842363105 0.000244140625
15.94295320597187 15.942961453090412 1.4424464947076558 1.4424467394719631 0.000244140625
15.942961453090412 15.942969700208955 1.4424464499433909 1.4424466947076557 0.000244140625
15.942969700208955 15.942977947327499 1.4424464051791628 1.4424466499433908 0.000244140625
15.942977947327499 15.942986194446041 1.4424463604149755 1.4424466051791627 0.000244140625
15.942986194446041 15.942994441564585 1.4424463156508316 1.4424465604149754 0.000244140625
15.942994441564585 15.943002688683126 1.4424462708867287 1.4424465156508315 0.000244140625
15.943002688683126 15.94301093580167 1.442446226122666 1.4424464708867286 0.000244140625
15.94301093580167 15.943019182920214 1.4424461813586487 1.4424464261226659 0.000244140625
15.943019182920214 15.943027430038756 1.4424461365946639 1.4424463813586486 0.000244140625
15.943027430038756 15.943035677157299 1.442446091830722 1.4424463365946638 0.000244140625
15.943035677157299 15.943043924275841 1.4424460470668254 1.4424462918307219 0.000244140625
15.943043924275841 15.943052171394385 1.4424460023029648 1.4424462470668253 0.000244140625
15.943052171394385 15.943060418512927 1.4424459575391475 1.4424462023029647 0.000244140625
15.943060418512927 15.94306866563147 1.4424459127753735 1.4424461575391474 0.000244140625
15.94306866563147 15.943076912750014 1.442445868011635 1.4424461127753734 0.000244140625
15.943076912750014 15.943085159868556 1.4424458232479427 1.4424460680116349 0.000244140625
15.943085159868556 15.943093406987099 1.4424457784842881 1.4424460232479426 0.000244140625
15.943093406987099 15.943101654105641 1.4424457337206715 1.442445978484288 0.000244140625
15.943101654105641 15.943109901224185 1.4424456889570998 1.4424459337206714 0.000244140625
15.943109901224185 15.943118148342727 1.442445644193564 1.4424458889570997 0.000244140625
15.943118148342727 15.94312639546127 1.4424455994300751 1.4424458441935639 0.000244140625
15.94312639546127 15.943142889698356 1.4424455099026643 1.4424457994295279 0.000244140625
15.943142889698356 15.943159383935441 1.4424454203765205 1.4424457099032142 0.000244140625
15.943159383935441 15.943175878172527 1.4424453308499834 1.4424456203765204 0.000244140625
15.943175878172527 15.943192372409614 1.4424452413236146 1.4424455308499833 0.000244140625
15.943192372409614 15.9432088666467 1.4424451517974075 1.4424454413236145 0.000244140625
15.9432088666467 15.943225360883785 1.4424450622713594 1.4424453517974074 0.000244140625
15.943225360883785 15.943241855120871 1.4424449727454807 1.4424452622713593 0.000244140625
15.943241855120871 15.943258349357956 1.4424448832197621 1.4424451727454806 0.000244140625
15.943258349357956 15.943274843595042 1.4424447936942097 1.4424450832197619 0.000244140625
15.943274843595042 15.943291337832129 1.4424447041688178 1.4424449936942096 0.000244140625
15.943291337832129 15.943307832069214 1.4424446146435888 1.4424449041688177 0.000244140625
15.943307832069214 15.9433243263063 1.4424445251185232 1.4424448146435886 0.000244140625
15.9433243263063 15.943340820543385 1.4424444355936186 1.4424447251185231 0.000244140625
15.943340820543385 15.943357314780471 1.4424443460688801 1.4424446355936185 0.000244140625
15.943357314780471 15.943373809017556 1.4424442565443099 1.44244454606888 0.000244140625
15.943373809017556 15.943390303254642 1.4424441670198982 1.4424444565443097 0.000244140625
15.943390303254642 15.943406797491729 1.4424440774956484 1.4424443670198981 0.000244140625
15.943406797491729 15.943423291728815 1.4424439879715596 1.4424442774956483 0.000244140625
15.943423291728815 15.9434397859659 1.4424438984476409 1.4424441879715595 0.000244140625
15.9434397859659 15.943456280202986 1.4424438089238854 1.4424440984476408 0.000244140625
15.943456280202986 15.943472774440071 1.4424437194002846 1.4424440089238852 0.000244140625
15.943472774440071 15.943489268677157 1.442443629876855 1.4424439194002845 0.000244140625
15.943489268677157 15.943505762914242 1.442443540353584 1.4424438298768549 0.000244140625
15.943505762914242 15.943522257151329 1.4424434508304771 1.4424437403535839 0.000244140625
15.943522257151329 15.943538751388415 1.4424433613075374 1.442443650830477 0.000244140625
15.943538751388415 15.9435552456255 1.4424432717847537 1.4424435613075373 0.000244140625
15.9435552456255 15.943571739862586 1.4424431822621371 1.4424434717847536 0.000244140625
15.943571739862586 15.943588234099671 1.4424430927396847 1.442443382262137 0.000244140625
15.943588234099671 15.943604728336757 1.4424421032173977 1.4424441927396847 0.000244140625
15.943604728336757 15.943621222573844 1.4424420136952645 1.4424441032173978 0.000244140625
15.943621222573844 15.94363771681093 1.4424419241733055 1.4424440136952645 0.000244140625
15.94363771681093 15.943654211048015 1.4424418346515016 1.4424439241733056 0.000244140625
15.943654211048015 15.943670705285101 1.4424417451298654 1.4424438346515016 0.000244140625
15.943670705285101 15.943704724649089 1.4424424604914545 1.4424428451293136 0.000244140625
15.943704724649089 15.943738744013078 1.4424422758548336 1.4424426604920018 0.000244140625
15.943738744013078 15.943772763377069 1.4424420912183638 1.4424424758548335 0.000244140625
15.943772763377069 15.943806782741058 1.4424419065825878 1.4424422912183636 0.000244140625
15.943806782741058 15.943840802105047 1.4424417219475016 1.4424421065825876 0.000244140625
15.943840802105047 15.943874821469036 1.4424406373131149 1.4424428219475016 0.000244140625
15.943874821469036 15.943908840833027 1.4424404526794126 1.442442637313115 0.000244140625
15.943908840833027 15.943942860197016 1.4424402680464121 1.4424424526794126 0.000244140625
15.943942860197016 15.943976879561005 1.4424400834141025 1.4424422680464122 0.000244140625
15.943976879561005 15.944010898924994 1.442439898782494 1.4424420834141025 0.000244140625
15.944010898924994 15.944044918288983 1.4424397141515743 1.4424418987824941 0.000244140625
15.944044918288983 15.944078937652973 1.4424395295213484 1.4424417141515744 0.000244140625
15.944078937652973 15.944112957016962 1.44243934489182 1.4424415295213484 0.000244140625
15.944112957016962 15.944146976380951 1.4424391602629816 1.4424413448918201 0.000244140625
15.944146976380951 15.94418099574494 1.4424389756348339 1.4424411602629816 0.000244140625
15.94418099574494 15.944215015108931 1.4424387910073879 1.442440975634834 0.000244140625
15.944215015108931 15.94424903447292 1.4424386063806385 1.442440791007388 0.000244140625
15.94424903447292 15.944283053836909 1.4424384217545774 1.4424406063806385 0.000244140625
15.944283053836909 15.944317073200898 1.4424382371292102 1.4424404217545774 0.000244140625
15.944317073200898 15.944351092564887 1.4424380525045415 1.4424402371292102 0.000244140625
15.944351092564887 15.944385111928877 1.4424378678805596 1.4424400525045415 0.000244140625
15.944385111928877 15.944419131292866 1.4424376832572787 1.4424398678805597 0.000244140625
15.944419131292866 15.944453150656855 1.4424374986346964 1.4424396832572788 0.000244140625
15.944453150656855 15.944487170020844 1.4424373140128008 1.4424394986346964 0.000244140625
15.944487170020844 15.944521189384833 1.4424371293915923 1.4424393140128009 0.0009765625
15.944521189384833 15.944555208748824 1.4424369447710883 1.4424391293915924 0.0009765625
15.944555208748824 15.944589228112813 1.4424367601512789 1.4424389447710884 0.0009765625
15.944589228112813 15.944623247476802 1.4424365755321569 1.4424387601512789 0.0009765625
15.944623247476802 15.944657266840791 1.4424363909137372 1.4424385755321569 0.0009765625
15.944657266840791 15.944691286204781 1.4424362062960019 1.4424383909137373 0.0009765625
15.944691286204781 15.94472530556877 1.4424360216789716 1.4424382062960019 0.0009765625
15.94472530556877 15.944759324932759 1.4424358370626305 1.4424380216789716 0.0009765625
15.944759324932759 15.944825301881103 1.4424354790202443 1.4424378370620761 0.000244140625
15.944825301881103 15.944891278829445 1.4424351209815669 1.4424374790207941 0.000244140625
15.944891278829445 15.944957255777789 1.4424347629449605 1.442437120981567 0.0009765625
15.944957255777789 15.945023232726131 1.4424344049109543 1.4424367629449606 0.0009765625
15.945023232726131 15.945089209674475 1.4424340468795618 1.4424364049109544 0.0009765625
15.945089209674475 15.945155186622818 1.4424336888507807 1.4424360468795618 0.0009765625
15.945155186622818 15.94522116357116 1.4424333308246102 1.4424356888507808 0.0009765625
15.94522116357116 15.945287140519504 1.4424329728010494 1.4424353308246103 0.0009765625
15.945287140519504 15.945353117467846 1.442432614780101 1.4424349728010495 0.0009765625
15.945353117467846 15.94541909441619 1.4424322567617636 1.442434614780101 0.0009765625
15.94541909441619 15.945485071364534 1.4424318987460363 1.4424342567617636 0.0009765625
15.945485071364534 15.945551048312876 1.4424315407329191 1.4424338987460363 0.0009765625
15.945551048312876 15.945617025261219 1.4424311827224099 1.4424335407329192 0.0009765625
15.945617025261219 15.945683002209561 1.4424308247145146 1.4424331827224099 0.0009765625
15.945683002209561 15.945748979157905 1.4424304667092251 1.4424328247145146 0.0009765625
15.945748979157905 15.945814956106249 1.4424301087065499 1.4424324667092252 0.0009765625
15.945814956106249 15.945880933054591 1.4424297507064834 1.4424321087065499 0.0009765625
15.945880933054591 15.945946910002935 1.442429392709027 1.4424317507064834 0.0009765625
15.945946910002935 15.946012886951278 1.4424290347141813 1.4424313927090271 0.0009765625
15.946012886951278 15.94607886389962 1.4424286767219467 1.4424310347141813 0.0009765625
15.94607886389962 15.946144840847964 1.4424283187323232 1.4424306767219468 0.0009765625
15.946144840847964 15.946210817796306 1.4424279607453112 1.4424303187323233 0.0009765625
15.946210817796306 15.94627679474465 1.4424276027609024 1.4424299607453113 0.0009765625
15.94627679474465 15.946342771692994 1.4424272447791071 1.4424296027609025 0.0009765625
15.946342771692994 15.946408748641336 1.4424268867999237 1.4424292447791072 0.0009765625
15.946408748641336 15.946474725589679 1.4424265288233551 1.4424288867999238 0.0009765625
15.946474725589679 15.946540702538021 1.4424261708493868 1.4424285288233551 0.0009765625
15.946540702538021 15.946606679486365 1.4424258128780327 1.4424281708493869 0.0009765625
15.946606679486365 15.946672656434709 1.4424254549092856 1.4424278128780328 0.0009765625
15.946672656434709 15.946738633383051 1.4424250969431562 1.4424274549092857 0.0009765625
15.946738633383051 15.946804610331395 1.4424247389796316 1.4424270969431563 0.0009765625
15.946804610331395 15.946870587279736 1.4424243810187185 1.4424267389796317 0.0009765625
15.946870587279736 15.94693656422808 1.4424240230604142 1.4424263810187186 0.0009765625
15.94693656422808 15.947068518124766 1.4424233071510824 1.4424260230598613 0.0009765625
15.947068518124766 15.947200472021452 1.4424225912532935 1.4424253071516282 0.0009765625
15.947200472021452 15.947332425918139 1.4424218753653901 1.4424245912532936 0.0009765625
15.947332425918139 15.947464379814825 1.4424211594879295 1.4424238753653902 0.0009765625
15.947464379814825 15.947596333711511 1.4424204436208974 1.4424231594879295 0.0009765625
15.947596333711511 15.947728287608196 1.4424197277643203 1.4424224436208974 0.0009765625
15.947728287608196 15.947860241504882 1.4424190119181659 1.4424217277643203 0.0009765625
15.947860241504882 15.947992195401568 1.4424182960824536 1.442421011918166 0.0009765625
15.947992195401568 15.948124149298256 1.4424175802571821 1.4424202960824537 0.0009765625
15.948124149298256 15.948256103194941 1.442416864442349 1.4424195802571822 0.0009765625
15.948256103194941 15.948388057091627 1.4424161486379494 1.442418864442349 0.0009765625
15.948388057091627 15.948520010988313 1.4424154328439831 1.4424181486379495 0.0009765625
15.948520010988313 15.948651964884998 1.4424147170604569 1.4424174328439832 0.0009765625
15.948651964884998 15.948783918781686 1.4424140012873703 1.4424167170604569 0.0009765625
15.948783918781686 15.948915872678372 1.442413285524714 1.4424160012873704 0.0009765625
15.948915872678372 15.949047826575057 1.4424125697724941 1.4424152855247141 0.0009765625
15.949047826575057 15.949179780471743 1.442411854030714 1.4424145697724942 0.0009765625
15.949179780471743 15.949311734368429 1.4424111382993696 1.4424138540307141 0.0009765625
15.949311734368429 15.949443688265115 1.4424104225784515 1.4424131382993697 0.0009765625
15.949443688265115 15.949575642161802 1.4424097068679742 1.4424124225784516 0.0009765625
15.949575642161802 15.949707596058488 1.4424089911679363 1.4424117068679743 0.0009765625
15.949707596058488 15.949839549955174 1.4424082754783214 1.4424109911679364 0.0009765625
15.949839549955174 15.949971503851859 1.4424075597991495 1.4424102754783215 0.0009765625
15.949971503851859 15.950103457748545 1.4424068441304065 1.4424095597991495 0.0009765625
15.950103457748545 15.950235411645233 1.4424061284720942 1.4424088441304066 0.0009765625
15.950235411645233 15.950367365541918 1.4424054128242212 1.4424081284720942 0.0009765625
15.950367365541918 15.950499319438604 1.4424046971867825 1.4424074128242212 0.0009765625
15.950499319438604 15.95063127333529 1.4424039815597738 1.4424066971867826 0.0009765625
15.95063127333529 15.950763227231976 1.4424032659431973 1.4424059815597738 0.0009765625
15.950763227231976 15.950895181128661 1.442402550337053 1.4424052659431974 0.0009765625
15.950895181128661 15.951027135025349 1.4424018347413434 1.4424045503370531 0.0009765625
15.951027135025349 15.951159088922035 1.4424011191560642 1.4424038347413435 0.0009765625
15.951159088922035 15.95129104281872 1.4424004035812157 1.4424031191560642 0.0009765625
15.95129104281872 15.951563197730636 1.4423989277404872 1.4424024035806688 0.0009765625
15.951563197730636 15.951835352642551 1.4423974519452289 1.4424009277410366 0.0009765625
15.951835352642551 15.952107507554466 1.4423959761937926 1.442399451945229 0.0009765625
15.952107507554466 15.952379662466381 1.4423945004867229 1.4423979761937926 0.0009765625
15.952379662466381 15.952651817378296 1.4423930248240189 1.442396500486723 0.0009765625
15.952651817378296 15.952923972290209 1.4423915492056798 1.4423950248240189 0.0009765625
15.952923972290209 15.953196127202125 1.4423900736316995 1.4423935492056799 0.0009765625
15.953196127202125 15.95346828211404 1.4423885981020788 1.4423920736316995 0.0009765625
15.95346828211404 15.953740437025955 1.4423871226168199 1.4423905981020788 0.0009765625
15.953740437025955 15.95401259193787 1.4423856471759107 1.44238912261682 0.0009765625
15.95401259193787 15.954284746849785 1.4423841717793606 1.4423876471759107 0.0009765625
15.954284746849785 15.9545569017617 1.4423826964271589 1.4423861717793607 0.0009765625
15.9545569017617 15.954829056673615 1.4423812211193028 1.4423846964271589 0.0009765625
15.954829056673615 15.95510121158553 1.442379745855797 1.4423832211193028 0.0009765625
15.95510121158553 15.955373366497446 1.4423692706366378 1.442390745855797 0.0009765625
15.955373366497446 15.955645521409359 1.4423677954618161 1.4423892706366377 0.0009765625
15.955645521409359 15.955917676321274 1.442366320331337 1.4423877954618161 0.0009765625
15.955917676321274 15.956189831233189 1.4423648452451958 1.442386320331337 0.0009765625
15.956189831233189 15.956461986145104 1.4423633702033944 1.4423848452451957 0.0009765625
15.956461986145104 15.956734141057019 1.4423618952059267 1.4423833702033944 0.0009765625
15.956734141057019 15.957006295968934 1.4423604202527904 1.4423818952059266 0.0009765625
15.957006295968934 15.95727845088085 1.44235894534398 1.4423804202527903 0.0009765625
15.95727845088085 15.957550605792765 1.4423574704795012 1.4423789453439799 0.0009765625
15.957550605792765 15.95782276070468 1.4423559956593444 1.4423774704795012 0.0009765625
15.95782276070468 15.958094915616595 1.4423545208835151 1.4423759956593443 0.0009765625
15.958094915616595 15.95836707052851 1.4423530461520087 1.442374520883515 0.0009765625
15.95836707052851 15.958639225440423 1.4423515714648176 1.4423730461520086 0.0009765625
15.958639225440423 15.958911380352339 1.4423500968219463 1.4423715714648175 0.0009765625
15.958911380352339 15.959183535264254 1.4423486222233901 1.4423700968219462 0.0009765625
15.959183535264254 15.959455690176169 1.4423471476691483 1.44236862222339 0.0009765625
15.959455690176169 15.959727845088084 1.4423456731592179 1.4423671476691482 0.0009765625
15.959727845088084 15.959999999999999 1.4423441986935952 1.4423656731592178 0.0009765625
15.959999999999999 15.9606193986 1.4423498431199999 1.4423551986900001 0.000244140625
15.9606193986 15.9612387972 1.4423464877700001 1.44235184312 0.000244140625
15.9612387972 15.9618581958 1.44234313265 1.4423484877699999 0.000244140625
15.9618581958 15.962477594299999 1.44233977776 1.4423451326500001 0.000244140625
15.962477594299999 15.963096992900001 1.4423364231 1.4423417777600001 0.000244140625
15.963096992900001 15.9637163915 1.44233306867 1.4423384231 0.000244140625
15.9637163915 15.9643357901 1.44232971447 1.4423350686700001 0.000244140625
15.9643357901 15.964955188699999 1.4423263605000001 1.4423317144700001 0.000244140625
15.964955188699999 15.965574587300001 1.4423230067499999 1.4423283604999999 0.000244140625
15.965574587300001 15.9661939858 1.44231965324 1.44232500675 0.000244140625
15.9661939858 15.9668133844 1.4423162999600001 1.4423216532400001 0.000244140625
15.9668133844 15.967432783 1.4423039469000001 1.4423272999600001 0.000244140625
15.967432783 15.968671580200001 1.4423062414800001 1.4423149469000001 0.000244140625
15.968671580200001 15.9699103774 1.44229953697 1.4423082414799999 0.000244140625
15.9699103774 15.971149174500001 1.44229283338 1.4423015369700001 0.000244140625
15.971149174500001 15.9723879717 1.4422861307099999 1.4422948333800001 0.000244140625
15.9723879717 15.973626768900001 1.4422794289500001 1.4422881307099999 0.000244140625
15.973626768900001 15.974865566 1.4422727281100001 1.4422814289500001 0.000244140625
15.974865566 15.976104363199999 1.4422660281899999 1.4422747281099999 0.000244140625
15.976104363199999 15.9773431604 1.4422593291800001 1.44226802819 0.0009765625
15.9773431604 15.978581957499999 1.4422526310799999 1.4422613291799999 0.0009765625
15.978581957499999 15.9798207547 1.4422459339 1.44225463108 0.0009765625
15.9798207547 15.9810595519 1.4422392376399999 1.4422479339000001 0.0009765625
15.9810595519 15.982298349100001 1.44223254229 1.44224123764 0.0009765625
15.982298349100001 15.9835371462 1.4422258478500001 1.44223454229 0.0009765625
15.9835371462 15.984775943400001 1.44221915433 1.4422278478499999 0.0009765625
15.984775943400001 15.987253537699999 1.4422057700299999 1.4422211543300001 0.000244140625
15.987253537699999 15.989731132099999 1.4421923893799999 1.44220777003 0.000244140625
15.989731132099999 15.992208726399999 1.44217901239 1.44219438938 0.000244140625
15.992208726399999 15.9946863208 1.4421656390399999 1.4421810123900001 0.000244140625
15.9946863208 15.9971639151 1.44214326935 1.4421766390399999 0.000244140625
15.9971639151 15.9996415094 1.4421389033100001 1.44215426935 0.0009765625
15.9996415094 16.002119103799998 1.44212554091 1.4421409033100001 0.0009765625
16.002119103799998 16.004596698099999 1.44211218216 1.4421275409100001 0.0009765625
16.004596698099999 16.0070742925 1.44208982705 1.44212318216 0.0009765625
16.0070742925 16.009551886800001 1.44207647558 1.4421098270499999 0.0009765625
16.009551886800001 16.012029481100001 1.44206312775 1.4420964755800001 0.0009765625
16.012029481100001 16.014507075499999 1.4420497835699999 1.4420831277499999 0.0009765625
16.014507075499999 16.016984669799999 1.4420364430199999 1.44206978357 0.0009765625
16.016984669799999 16.019462264200001 1.4420231061 1.44205644302 0.0009765625
16.019462264200001 16.021939858500001 1.4420097728200001 1.4420431061000001 0.0009765625
16.021939858500001 16.024417452800002 1.4419964431700001 1.44202977282 0.0009765625
16.024417452800002 16.0293726415 1.44197879477 1.4420074431700001 0.000244140625
16.0293726415 16.034327830199999 1.44194316088 1.44198979477 0.000244140625
16.034327830199999 16.039283018900001 1.4419255414900001 1.4419541608799999 0.0009765625
16.039283018900001 16.044238207500001 1.4418989365799999 1.4419275414899999 0.0009765625
16.044238207500001 16.0491933962 1.4418633461499999 1.4419099365800001 0.0009765625
16.0491933962 16.054148584899998 1.4418367701799999 1.44188334615 0.0009765625
16.054148584899998 16.0591037736 1.44181020866 1.44185677018 0.0009765625
16.0591037736 16.064058962299999 1.4417836615799999 1.4418302086599999 0.0009765625
16.064058962299999 16.069014150899999 1.44175712892 1.4418036615800001 0.0009765625
16.069014150899999 16.073969339600001 1.4417106106799999 1.44179712892 0.0009765625
16.073969339600001 16.0789245283 1.4416841068299999 1.4417706106799999 0.0009765625
16.0789245283 16.083879716999999 1.44165761738 1.4417441068300001 0.0009765625
16.083879716999999 16.088834905700001 1.4416311422999999 1.4417176173799999 0.0009765625
16.088834905700001 16.093790094300001 1.4416046815800001 1.4416911423000001 0.0009765625
16.093790094300001 16.098745283 1.4415782352099999 1.4416646815800001 0.0009765625
16.098745283 16.103700471700002 1.4415518031800001 1.4416382352099999 0.0009765625
16.103700471700002 16.1086556604 1.4415253854800001 1.44161180318 0.0009765625
16.1086556604 16.113610849099999 1.4414989820899999 1.44158538548 0.0009765625
16.113610849099999 16.118566037699999 1.4414725930100001 1.4415589820900001 0.0009765625
16.118566037699999 16.1284764151 1.44143985769 1.4415125930099999 0.0009765625
16.1284764151 16.1383867925 1.4413871794399999 1.44145985769 0.0009765625
16.1383867925 16.148297169799999 1.4413345581499999 1.4414071794400001 0.0009765625
16.148297169799999 16.1582075472 1.44126199372 1.4413745581499999 0.0009765625
16.1582075472 16.168117924499999 1.44120948607 1.4413219937199999 0.0009765625
16.168117924499999 16.1780283019 1.44115703509 1.4412694860699999 0.0009765625
16.1780283019 16.187938679199998 1.4411046406800001 1.44121703509 0.0009765625
16.187938679199998 16.197849056599999 1.44105230276 1.4411646406800001 0.0009765625
16.197849056599999 16.207759434 1.44100002122 1.4411123027599999 0.0009765625
16.207759434 16.217669811299999 1.4409477959699999 1.44106002122 0.0009765625
16.217669811299999 16.227580188699999 1.4408956269099999 1.4410077959700001 0.0009765625
16.227580188699999 16.237490566000002 1.44084351395 1.4409556269099999 0.0009765625
16.237490566000002 16.247400943399999 1.440721457 1.44097351395 0.0009765625
16.247400943399999 16.2573113208 1.44066945595 1.440921457 0.0009765625
16.2573113208 16.267221698099998 1.4406175107100001 1.4408694559499999 0.0009765625
16.267221698099998 16.277132075499999 1.4405656212 1.4408175107100001 0.0009765625
16.277132075499999 16.287042452800002 1.4405137873 1.4407656212 0.0009765625
16.287042452800002 16.296952830199999 1.44046200894 1.4407137873 0.0009765625
16.296952830199999 16.316773584900002 1.4404486184400001 1.44057200894 0.0009765625
16.316773584900002 16.336594339600001 1.44034544893 1.44046861844 0.0009765625
16.336594339600001 16.356415094300001 1.4402224996799999 1.4403854489300001 0.0009765625
16.356415094300001 16.376235849099999 1.4401197699499999 1.4402824996800001 0.0009765625
16.376235849099999 16.396056603800002 1.44001725899 1.4401797699500001 0.0009765625
16.396056603800002 16.415877358500001 1.4399149660799999 1.4400772589899999 0.0009765625
16.415877358500001 16.435698113200001 1.4398128904800001 1.4399749660800001 0.0009765625
16.435698113200001 16.4555188679 1.4397110314599999 1.43987289048 0.0009765625
16.4555188679 16.4753396226 1.4396093883100001 1.4397710314600001 0.0009765625
16.4753396226 16.495160377400001 1.4394379603 1.43973938831 0.0009765625
16.495160377400001 16.514981132100001 1.43933674672 1.4396379603 0.0009765625
16.514981132100001 16.5348018868 1.4392357468500001 1.43953674672 0.0009765625
16.5348018868 16.5546226415 1.4391349599700001 1.4394357468500001 0.0009765625
16.5546226415 16.5744433962 1.4390343853900001 1.43933495997 0.0009765625
16.5744433962 16.594264150899999 1.4389340224 1.43923438539 0.0009765625
16.594264150899999 16.6140849057 1.4388338703000001 1.4391340224 0.0009765625
16.6140849057 16.6339056604 1.43873392838 1.4390338703000001 0.0009765625
16.6339056604 16.6537264151 1.43863419597 1.43893392838 0.0009765625
16.6537264151 16.673547169799999 1.4385346723500001 1.43883419597 0.0009765625
16.673547169799999 16.693367924499999 1.4384353568499999 1.4387346723500001 0.0009765625
16.693367924499999 16.713188679200002 1.43833624878 1.4386353568500001 0.0009765625
16.713188679200002 16.733009434 1.4382373474600001 1.43853624878 0.0009765625
16.733009434 16.752830188699999 1.4381386522099999 1.4384373474600001 0.0009765625
16.752830188699999 16.772650943399999 1.4380401623500001 1.4383386522099999 0.0009765625
16.772650943399999 16.792471698100002 1.4379418772200001 1.4382401623500001 0.0009765625
16.792471698100002 16.812292452800001 1.4378437961299999 1.4381418772200001 0.0009765625
16.812292452800001 16.832113207500001 1.4377459184200001 1.4380437961300001 0.0009765625
16.832113207500001 16.851933962299999 1.43764824344 1.4379459184200001 0.0009765625
16.851933962299999 16.871754717000002 1.4375507705099999 1.43784824344 0.0009765625
16.871754717000002 16.891575471700001 1.4374534989900001 1.4377507705100001 0.0009765625
16.891575471700001 16.911396226400001 1.43735642821 1.4376534989900001 0.0009765625
16.911396226400001 16.9312169811 1.43725955752 1.43755642821 0.0009765625
16.9312169811 16.9510377358 1.4371628862800001 1.43745955752 0.0009765625
16.9510377358 16.970858490600001 1.43706641383 1.4373628862800001 0.0009765625
16.970858490600001 16.990679245300001 1.4369701395400001 1.43726641383 0.0009765625
16.990679245300001 17.0105 1.4368740627700001 1.4371701395400001 0.0009765625
17.0105 17.0303207547 1.4367781828699999 1.43707406277 0.0009765625
17.0303207547 17.0501415094 1.43648249921 1.4371781828700001 0.0009765625
17.0501415094 17.069962264200001 1.4363870111599999 1.43708249921 0.0009765625
17.069962264200001 17.0897830189 1.4362917180899999 1.43698701116 0.0009765625
17.0897830189 17.1096037736 1.43619661937 1.43689171809 0.0009765625
17.1096037736 17.1294245283 1.4361017143799999 1.4367966193699999 0.0009765625
17.1294245283 17.149245282999999 1.4360070025 1.4367017143800001 0.0009765625
17.149245282999999 17.169066037699999 1.4359124831100001 1.4366070025 0.0009765625
17.169066037699999 17.1888867925 1.43581815559 1.43651248311 0.0009765625
17.1888867925 17.2087075472 1.43572401934 1.43641815559 0.0009765625
17.2087075472 17.228528301899999 1.4356300737400001 1.43632401934 0.0009765625
17.228528301899999 17.248349056599999 1.43553631818 1.43623007374 0.0009765625
17.248349056599999 17.268169811300002 1.4354427520599999 1.43613631818 0.0009765625
17.268169811300002 17.287990566000001 1.4353493747699999 1.4360427520600001 0.0009765625
17.287990566000001 17.307811320799999 1.4352561857299999 1.4359493747700001 0.0009765625
17.307811320799999 17.327632075499999 1.4351631843199999 1.4358561857300001 0.0009765625
17.327632075499999 17.347452830200002 1.43507036996 1.4357631843200001 0.0009765625
17.347452830200002 17.367273584900001 1.4349777420500001 1.43567036996 0.0009765625
17.367273584900001 17.387094339600001 1.4348853000099999 1.43557774205 0.0009765625
17.387094339600001 17.4069150943 1.43479304324 1.4354853000100001 0.0009765625
17.4069150943 17.426735849100002 1.4347009711700001 1.4353930432399999 0.0009765625
17.426735849100002 17.446556603800001 1.43460908321 1.43530097117 0.0009765625
17.446556603800001 17.466377358500001 1.4345173787800001 1.43520908321 0.0009765625
17.466377358500001 17.4861981132 1.4344258573099999 1.43511737878 0.0009765625
17.4861981132 17.5060188679 1.43433451822 1.4350258573100001 0.0009765625
17.5060188679 17.5258396226 1.43424336095 1.43493451822 0.0009765625
17.5258396226 17.545660377400001 1.43415238491 1.43484336095 0.0009765625
17.545660377400001 17.5654811321 1.43406158955 1.4347523849099999 0.0009765625
17.5654811321 17.5853018868 1.4339709743 1.4346615895499999 0.0009765625
17.5853018868 17.6051226415 1.43388053859 1.4345709742999999 0.0009765625
17.6051226415 17.624943396199999 1.4337902818799999 1.4344805385899999 0.0009765625
17.624943396199999 17.644764150899999 1.4337002035899999 1.4343902818800001 0.0009765625
17.644764150899999 17.6645849057 1.43361030319 1.4343002035900001 0.0009765625
17.6645849057 17.6844056604 1.4335205800999999 1.43421030319 0.0009765625
17.6844056604 17.704226415099999 1.4334310338 1.4341205801000001 0.0009765625
17.704226415099999 17.724047169799999 1.43334166371 1.4340310338 0.0009765625
17.724047169799999 17.743867924500002 1.4332524693199999 1.43394166371 0.0009765625
17.743867924500002 17.763688679200001 1.4331634500499999 1.4338524693200001 0.0009765625
17.763688679200001 17.783509433999999 1.4330746053900001 1.4337634500500001 0.0009765625
17.783509433999999 17.803330188699999 1.43298593479 1.43367460539 0.0009765625
17.803330188699999 17.823150943400002 1.4328974377000001 1.43358593479 0.0009765625
17.823150943400002 17.842971698100001 1.4328091136100001 1.4334974377 0.0009765625
17.842971698100001 17.862792452800001 1.4327209619800001 1.43340911361 0.0009765625
17.862792452800001 17.8826132075 1.4326329822699999 1.43332096198 0.0009765625
17.8826132075 17.902433962300002 1.4325451739599999 1.4332329822700001 0.0009765625
17.902433962300002 17.922254717000001 1.4324575365300001 1.4331451739600001 0.0009765625
17.922254717000001 17.942075471700001 1.4323700694599999 1.43305753653 0.0009765625
17.942075471700001 17.9618962264 1.43228277221 1.4329700694600001 0.0009765625
17.9618962264 17.9817169811 1.4321956442799999 1.4328827722099999 0.0009765625
17.9817169811 18.001537735799999 1.43210868515 1.4327956442800001 0.0009765625
18.001537735799999 18.021358490600001 1.4320218943 1.4327086851499999 0.0009765625
18.021358490600001 18.0411792453 1.43193527122 1.4326218943 0.0009765625
18.0411792453 18.061 1.4318488154 1.4325352712199999 0.0009765625
18.061 18.080820754699999 1.43176252634 1.4324488153999999 0.0009765625
18.080820754699999 18.100641509399999 1.43167640353 1.4323625263399999 0.0009765625
18.100641509399999 18.1204622642 1.43159044646 1.43227640353 0.0009765625
18.1204622642 18.1402830189 1.4315046546400001 1.4321904464599999 0.0009765625
18.1402830189 18.160103773599999 1.4314190275600001 1.43210465464 0.0009765625
18.160103773599999 18.179924528299999 1.4313335647300001 1.43201902756 0.0009765625
18.179924528299999 18.199745282999999 1.4312482656600001 1.43193356473 0.0009765625
18.199745282999999 18.219566037700002 1.43116312984 1.43184826566 0.0009765625
18.219566037700002 18.2393867925 1.4310781567899999 1.43176312984 0.0009765625
18.2393867925 18.259207547199999 1.4309933460199999 1.4316781567900001 0.0009765625
18.259207547199999 18.279028301899999 1.43090869704 1.4315933460200001 0.0009765625
18.279028301899999 18.298849056600002 1.4308242093600001 1.4315086970399999 0.0009765625
18.298849056600002 18.318669811300001 1.43073988252 1.43142420936 0.0009765625
18.318669811300001 18.338490566000001 1.43065571601 1.4313398825200001 0.0009765625
18.338490566000001 18.358311320799999 1.4305717093700001 1.4312557160099999 0.0009765625
18.358311320799999 18.378132075500002 1.4304878621199999 1.43117170937 0.0009765625
18.378132075500002 18.397952830200001 1.43040417377 1.4310878621200001 0.0009765625
18.397952830200001 18.417773584900001 1.43032064387 1.4310041737700001 0.0009765625
18.417773584900001 18.4375943396 1.4302372719300001 1.43092064387 0.0009765625
18.4375943396 18.4574150943 1.43015405749 1.43083727193 0.0009765625
18.4574150943 18.477235849100001 1.4300710000900001 1.43075405749 0.0009765625
18.477235849100001 18.497056603800001 1.42998809924 1.43067100009 0.0009765625
18.497056603800001 18.5168773585 1.4299053545 1.43058809924 0.0009765625
18.5168773585 18.5366981132 1.42982276539 1.4305053544999999 0.0009765625
18.5366981132 18.556518867899999 1.4297403314699999 1.4304227653899999 0.0009765625
18.556518867899999 18.576339622599999 1.42965805227 1.4303403314700001 0.0009765625
18.576339622599999 18.5961603774 1.4295759273299999 1.4302580522699999 0.0009765625
18.5961603774 18.6159811321 1.4294939562 1.4301759273300001 0.0009765625
18.6159811321 18.635801886799999 1.42941213843 1.4300939561999999 0.0009765625
18.635801886799999 18.655622641499999 1.4293304735700001 1.43001213843 0.0009765625
18.655622641499999 18.675443396199999 1.4292489611700001 1.42993047357 0.0009765625
18.675443396199999 18.695264150900002 1.42916760078 1.42984896117 0.0009765625
18.695264150900002 18.715084905699999 1.4290863919600001 1.42976760078 0.0009765625
18.715084905699999 18.734905660399999 1.42900533425 1.42968639196 0.0009765625
18.734905660399999 18.754726415099999 1.4289244272299999 1.4296053342499999 0.0009765625
18.754726415099999 18.774547169800002 1.42884367045 1.4295244272300001 0.0009765625
18.774547169800002 18.794367924500001 1.4287630634799999 1.42944367045 0.0009765625
18.794367924500001 18.814188679200001 1.42868260587 1.4293630634800001 0.0009765625
18.814188679200001 18.834009433999999 1.4286022971900001 1.4292826058699999 0.0009765625
18.834009433999999 18.853830188700002 1.4285221370100001 1.42920229719 0.0009765625
18.853830188700002 18.873650943400001 1.4284421249000001 1.42912213701 0.0009765625
18.873650943400001 18.893471698100001 1.4283622604299999 1.4290421249 0.0009765625
18.893471698100001 18.9132924528 1.4282825431699999 1.4289622604300001 0.0009765625
18.9132924528 18.9331132075 1.4282029726900001 1.4288825431700001 0.0009765625
18.9331132075 18.952933962300001 1.4281235485699999 1.42880297269 0.0009765625
18.952933962300001 18.972754717000001 1.42804427039 1.4287235485700001 0.0009765625
18.972754717000001 18.9925754717 1.42796513773 1.42864427039 0.0009765625
18.9925754717 19.0123962264 1.42788615016 1.4285651377299999 0.0009765625
19.0123962264 19.032216981099999 1.4278073072699999 1.4284861501599999 0.0009765625
19.032216981099999 19.052037735799999 1.4277286086400001 1.4284073072700001 0.0009765625
19.052037735799999 19.0718584906 1.4276500538700001 1.42832860864 0.0009765625
19.0718584906 19.0916792453 1.42757164252 1.42825005387 0.0009765625
19.0916792453 19.111499999999999 1.42749337421 1.42817164252 0.0009765625
19.111499999999999 19.131320754699999 1.4274152485 1.4280933742099999 0.0009765625
19.131320754699999 19.151141509399999 1.42733726501 1.4280152484999999 0.0009765625
19.151141509399999 19.1709622642 1.42725942331 1.42793726501 0.0009765625
19.1709622642 19.190783018899999 1.4271817230099999 1.4278594233099999 0.0009765625
19.190783018899999 19.210603773599999 1.4271041636999999 1.4277817230100001 0.0009765625
19.210603773599999 19.230424528299999 1.42702674499 1.4277041637000001 0.0009765625
19.230424528299999 19.250245283000002 1.42694946646 1.42762674499 0.0009765625
19.250245283000002 19.270066037700001 1.4268723277299999 1.4275494664599999 0.0009765625
19.270066037700001 19.289886792499999 1.4267953283899999 1.4274723277300001 0.0009765625
19.289886792499999 19.309707547199999 1.42671846805 1.4273953283900001 0.0009765625
19.309707547199999 19.329528301900002 1.4266417463200001 1.42731846805 0.0009765625
19.329528301900002 19.349349056600001 1.4265651628 1.42724174632 0.0009765625
19.349349056600001 19.369169811300001 1.42648871711 1.4271651627999999 0.0009765625
19.369169811300001 19.388990566 1.4264124088400001 1.42708871711 0.0009765625
19.388990566 19.408811320800002 1.4263362376299999 1.42701240884 0.0009765625
19.408811320800002 19.428632075500001 1.42626020307 1.4269362376300001 0.0009765625
19.428632075500001 19.448452830200001 1.42618430479 1.4268602030699999 0.0009765625
19.448452830200001 19.4682735849 1.4261085424 1.42678430479 0.0009765625
19.4682735849 19.4880943396 1.42603291552 1.4267085423999999 0.0009765625
19.4880943396 19.507915094299999 1.4259574237699999 1.4266329155199999 0.0009765625
19.507915094299999 19.527735849100001 1.4258820667600001 1.4265574237700001 0.0009765625
19.527735849100001 19.5475566038 1.42580684414 1.42648206676 0.0009765625
19.5475566038 19.5673773585 1.4257317555 1.42640684414 0.0009765625
19.5673773585 19.587198113199999 1.4256568004900001 1.4263317554999999 0.0009765625
19.587198113199999 19.607018867899999 1.4255819787299999 1.42625680049 0.0009765625
19.607018867899999 19.626839622599999 1.4255072898500001 1.4261819787300001 0.0009765625
19.626839622599999 19.6466603774 1.4254327334800001 1.42610728985 0.0009765625
19.6466603774 19.666481132099999 1.42535830924 1.42603273348 0.0009765625
19.666481132099999 19.686301886799999 1.4252840167700001 1.4259583092400001 0.0009765625
19.686301886799999 19.706122641499999 1.4252098557099999 1.42588401677 0.0009765625
19.706122641499999 19.725943396200002 1.42513582569 1.4258098557100001 0.0009765625
19.725943396200002 19.745764150900001 1.42506192634 1.4257358256899999 0.0009765625
19.745764150900001 19.765584905699999 1.4249881573100001 1.4256619263400001 0.0009765625
19.765584905699999 19.785405660399999 1.42491451823 1.42558815731 0.0009765625
19.785405660399999 19.805226415100002 1.4248410087500001 1.42551451823 0.0009765625
19.805226415100002 19.825047169800001 1.4247676285099999 1.42544100875 0.0009765625
19.825047169800001 19.844867924500001 1.42469437715 1.4253676285100001 0.0009765625
19.844867924500001 19.8646886792 1.4246212543100001 1.42529437715 0.0009765625
19.8646886792 19.884509434000002 1.4245482596400001 1.42522125431 0.0009765625
19.884509434000002 19.904330188700001 1.4244753928 1.42514825964 0.0009765625
19.904330188700001 19.924150943400001 1.4244026534200001 1.4250753928 0.0009765625
19.924150943400001 19.9439716981 1.4243300411599999 1.42500265342 0.0009765625
19.9439716981 19.9637924528 1.4242575556699999 1.4249300411600001 0.0009765625
19.9637924528 19.983613207499999 1.4241851966100001 1.4248575556700001 0.0009765625
19.983613207499999 20.003433962300001 1.4241129636200001 1.42478519661 0.0009765625
20.003433962300001 20.023254717 1.42404085636 1.42471296362 0.0009765625
20.023254717 20.0430754717 1.4239688745000001 1.4246408563599999 0.0009765625
20.0430754717 20.062896226399999 1.4238970176800001 1.4245688745 0.0009765625
20.062896226399999 20.082716981099999 1.42382528557 1.42449701768 0.0009765625
20.082716981099999 20.102537735799999 1.42375367782 1.4244252855699999 0.0009765625
20.102537735799999 20.1223584906 1.4236821941 1.4243536778200001 0.0009765625
20.1223584906 20.142179245299999 1.42361083408 1.4242821940999999 0.0009765625
20.142179245299999 20.161999999999999 1.42353959741 1.4242108340799999 0.0009765625
20.161999999999999 20.181820754699999 1.42346848377 1.42413959741 0.0009765625
20.181820754699999 20.201641509400002 1.4233974928099999 1.4240684837699999 0.0009765625
20.201641509400002 20.221462264199999 1.42332662421 1.4239974928100001 0.0009765625
20.221462264199999 20.241283018899999 1.4232558776299999 1.4239266242099999 0.0009765625
20.241283018899999 20.261103773599999 1.42318525276 1.4238558776300001 0.0009765625
20.261103773599999 20.280924528300002 1.42311474925 1.4237852527599999 0.0009765625
20.280924528300002 20.300745283000001 1.4230443667799999 1.42371474925 0.0009765625
20.300745283000001 20.320566037700001 1.42297410503 1.4236443667800001 0.0009765625
20.320566037700001 20.340386792499999 1.42290396367 1.4235741050299999 0.0009765625
20.340386792499999 20.360207547200002 1.42283394237 1.42350396367 0.0009765625
20.360207547200002 20.380028301900001 1.42276404082 1.42343394237 0.0009765625
20.380028301900001 20.399849056600001 1.4226942587 1.4233640408199999 0.0009765625
20.399849056600001 20.4196698113 1.4226245956800001 1.4232942586999999 0.0009765625
20.4196698113 20.439490566 1.4225550514400001 1.42322459568 0.0009765625
20.439490566 20.459311320800001 1.42248562567 1.42315505144 0.0009765625
20.459311320800001 20.479132075500001 1.42241631806 1.42308562567 0.0009765625
20.479132075500001 20.4989528302 1.42234712828 1.42301631806 0.0009765625
20.4989528302 20.5187735849 1.4222780560199999 1.4229471282799999 0.0009765625
20.5187735849 20.538594339599999 1.42220910097 1.4228780560200001 0.0009765625
20.538594339599999 20.558415094299999 1.4221402628199999 1.4228091009699999 0.0009765625
20.558415094299999 20.5782358491 1.42207154125 1.4227402628200001 0.0009765625
20.5782358491 20.5980566038 1.4220029359599999 1.4226715412499999 0.0009765625
20.5980566038 20.617877358499999 1.4219344466399999 1.4226029359600001 0.0009765625
20.617877358499999 20.637698113199999 1.4218660729899999 1.4225344466400001 0.0009765625
20.637698113199999 20.657518867899999 1.4217978146800001 1.4224660729900001 0.0009765625
20.657518867899999 20.677339622600002 1.4217296714300001 1.42239781468 0.0009765625
20.677339622600002 20.697160377399999 1.42166164293 1.42232967143 0.0009765625
20.697160377399999 20.716981132099999 1.42159372886 1.4222616429299999 0.0009765625
20.716981132099999 20.736801886799999 1.42152592894 1.42219372886 0.0009765625
20.736801886799999 20.756622641500002 1.42145824286 1.4221259289399999 0.0009765625
20.756622641500002 20.776443396200001 1.4213906703200001 1.4220582428599999 0.0009765625
20.776443396200001 20.796264150900001 1.42132321103 1.42199067032 0.0009765625
20.796264150900001 20.816084905699999 1.42125586468 1.42192321103 0.0009765625
20.816084905699999 20.835905660400002 1.4211886309699999 1.4218558646799999 0.0009765625
20.835905660400002 20.855726415100001 1.4211215096200001 1.4217886309700001 0.0009765625
20.855726415100001 20.875547169800001 1.4210545003399999 1.42172150962 0.0009765625
20.875547169800001 20.8953679245 1.4209876028099999 1.4216545003400001 0.0009765625
20.8953679245 20.9151886792 1.42092081676 1.4215876028100001 0.0009765625
20.9151886792 20.935009434000001 1.4208541419 1.42152081676 0.0009765625
20.935009434000001 20.954830188700001 1.4207875779300001 1.4214541419 0.0009765625
20.954830188700001 20.9746509434 1.42072112456 1.42138757793 0.0009765625
20.9746509434 20.9944716981 1.4206547814999999 1.4213211245599999 0.0009765625
20.9944716981 21.014292452799999 1.42058854848 1.4212547815000001 0.0009765625
21.014292452799999 21.034113207499999 1.4205224251999999 1.42118854848 0.0009765625
21.034113207499999 21.0539339623 1.42045641138 1.4211224252000001 0.0009765625
21.0539339623 21.073754717 1.42039050673 1.4210564113799999 0.0009765625
21.073754717 21.093575471699999 1.4203247109699999 1.4209905067299999 0.0009765625
21.093575471699999 21.113396226399999 1.4202590238199999 1.4209247109700001 0.0009765625
21.113396226399999 21.133216981099999 1.420193445 1.4208590238200001 0.0009765625
21.133216981099999 21.153037735800002 1.4201279742299999 1.4207934449999999 0.0009765625
21.153037735800002 21.172858490599999 1.4200626112300001 1.4207279742300001 0.0009765625
21.172858490599999 21.192679245299999 1.4199973557200001 1.42066261123 0.0009765625
21.192679245299999 21.212499999999999 1.41993220742 1.42059735572 0.0009765625
21.212499999999999 21.232320754700002 1.41986716606 1.42053220742 0.0009765625
21.232320754700002 21.252141509400001 1.4198022313700001 1.4204671660599999 0.0009765625
21.252141509400001 21.271962264199999 1.4197374030700001 1.42040223137 0.0009765625
21.271962264199999 21.291783018899999 1.41967268088 1.42033740307 0.0009765625
21.291783018899999 21.311603773600002 1.41960806454 1.4202726808799999 0.0009765625
21.311603773600002 21.331424528300001 1.4195435537700001 1.4202080645399999 0.0009765625
21.331424528300001 21.351245283000001 1.4194791483 1.42014355377 0.0009765625
21.351245283000001 21.3710660377 1.4194148478699999 1.4200791482999999 0.0009765625
21.3710660377 21.390886792500002 1.4193506522099999 1.4200148478700001 0.0009765625
21.390886792500002 21.410707547200001 1.4192865610400001 1.4199506522100001 0.0009765625
21.410707547200001 21.430528301900001 1.4192225741 1.41988656104 0.0009765625
21.430528301900001 21.4503490566 1.41915869113 1.4198225740999999 0.0009765625
21.4503490566 21.4701698113 1.41909491186 1.41975869113 0.0009765625
21.4701698113 21.489990565999999 1.4190312360299999 1.41969491186 0.0009765625
21.489990565999999 21.509811320800001 1.4189676633799999 1.4196312360300001 0.0009765625
21.509811320800001 21.5296320755 1.41890419363 1.4195676633700001 0.0009765625
21.5296320755 21.5494528302 1.4188408265400001 1.4195041936299999 0.0009765625
21.5494528302 21.569273584899999 1.41877756185 1.41944082654 0.0009765625
21.569273584899999 21.589094339599999 1.41871439928 1.41937756185 0.0009765625
21.589094339599999 21.608915094299999 1.4186513385899999 1.4193143992799999 0.0009765625
21.608915094299999 21.6287358491 1.4185883795200001 1.4192513385900001 0.0009765625
21.6287358491 21.648556603799999 1.4185255218099999 1.41918837952 0.0009765625
21.648556603799999 21.668377358499999 1.4184627651999999 1.4191255218100001 0.0009765625
21.668377358499999 21.688198113199999 1.4184001094500001 1.4190627652000001 0.0009765625
21.688198113199999 21.708018867900002 1.4183375542900001 1.41900010945 0.0009765625
21.708018867900002 21.727839622600001 1.41827509948 1.41893755429 0.0009765625
21.727839622600001 21.747660377399999 1.4182127447599999 1.4188750994799999 0.0009765625
21.747660377399999 21.767481132099999 1.4181504898799999 1.4188127447600001 0.0009765625
21.767481132099999 21.787301886800002 1.4180883345899999 1.4187504898800001 0.0009765625
21.787301886800002 21.807122641500001 1.41802627865 1.4186883345900001 0.0009765625
21.807122641500001 21.826943396200001 1.41796432179 1.4186262786499999 0.0009765625
21.826943396200001 21.8467641509 1.41790246378 1.4185643217899999 0.0009765625
21.8467641509 21.866584905700002 1.4178407043700001 1.4185024637799999 0.0009765625
21.866584905700002 21.886405660400001 1.4177790433099999 1.41844070437 0.0009765625
21.886405660400001 21.906226415100001 1.4177174803599999 1.4183790433100001 0.0009765625
21.906226415100001 21.9260471698 1.41765601527 1.41831748036 0.0009765625
21.9260471698 21.9458679245 1.4175946478000001 1.4182560152699999 0.0009765625
21.9458679245 21.965688679199999 1.4175333777000001 1.4181946478 0.0009765625
21.965688679199999 21.985509434000001 1.4174722047399999 1.4181333777 0.0009765625
21.985509434000001 22.0053301887 1.41741112867 1.4180722047400001 0.0009765625
22.0053301887 22.0251509434 1.41735014925 1.4180111286699999 0.0009765625
22.0251509434 22.044971698099999 1.4172892662500001 1.41795014925 0.0009765625
22.044971698099999 22.064792452799999 1.4172284794200001 1.41788926625 0.0009765625
22.064792452799999 22.084613207499999 1.41716778853 1.41782847942 0.0009765625
22.084613207499999 22.1044339623 1.4171071933299999 1.41776778853 0.0009765625
22.1044339623 22.124254716999999 1.4170466936099999 1.4177071933300001 0.0009765625
22.124254716999999 22.144075471699999 1.4169862891 1.4176466936100001 0.0009765625
22.144075471699999 22.163896226399999 1.4169259796 1.4175862891 0.0009765625
22.163896226399999 22.183716981100002 1.41686576485 1.4175259795999999 0.0009765625
22.183716981100002 22.203537735800001 1.4168056446299999 1.41746576485 0.0009765625
22.203537735800001 22.223358490599999 1.4167456187 1.4174056446300001 0.0009765625
22.223358490599999 22.243179245299999 1.41668568684 1.4173456187 0.0009765625
22.243179245299999 22.263000000000002 1.4166258488000001 1.4172856868399999 0.0009765625
22.263000000000002 22.282820754700001 1.41656610437 1.4172258488 0.0009765625
22.282820754700001 22.302641509400001 1.41650645332 1.4171661043699999 0.0009765625
22.302641509400001 22.322462264199999 1.4164468954 1.41710645332 0.0009765625
22.322462264199999 22.342283018900002 1.4163874304099999 1.41704689541 0.0009765625
22.342283018900002 22.362103773600001 1.4163280581 1.4169874304100001 0.0009765625
22.362103773600001 22.381924528300001 1.4162687782600001 1.4169280581000001 0.0009765625
22.381924528300001 22.401745283 1.4162095906600001 1.41686877826 0.0009765625
22.401745283 22.4215660377 1.4161504950699999 1.41680959066 0.0009765625
22.4215660377 22.441386792500001 1.41609149127 1.4167504950700001 0.0009765625
22.441386792500001 22.461207547200001 1.4160325790399999 1.4166914912699999 0.0009765625
22.461207547200001 22.4810283019 1.41597375815 1.4166325790400001 0.0009765625
22.4810283019 22.5008490566 1.4159150283899999 1.41657375815 0.0009765625
22.5008490566 22.520669811299999 1.41585638952 1.4165150283900001 0.0009765625
22.520669811299999 22.540490565999999 1.4157978413400001 1.41645638952 0.0009765625
22.540490565999999 22.5603113208 1.4157393836300001 1.41639784134 0.0009765625
22.5603113208 22.5801320755 1.41568101615 1.41633938363 0.0009765625
22.5801320755 22.599952830199999 1.4156227387 1.4162810161499999 0.0009765625
22.599952830199999 22.619773584899999 1.4155645510599999 1.4162227386999999 0.0009765625
22.619773584899999 22.639594339599999 1.4155064530100001 1.4161645510600001 0.0009765625
22.639594339599999 22.659415094300002 1.4154484443399999 1.41610645301 0.0009765625
22.659415094300002 22.679235849099999 1.4153905248300001 1.4160484443400001 0.0009765625
22.679235849099999 22.699056603799999 1.41533269426 1.41599052483 0.0009765625
22.699056603799999 22.718877358499999 1.4152749524299999 1.4159326942599999 0.0009765625
22.718877358499999 22.738698113200002 1.41521729912 1.4158749524300001 0.0009765625
22.738698113200002 22.758518867900001 1.41515973412 1.41581729912 0.0009765625
22.758518867900001 22.778339622600001 1.41510225721 1.4157597341199999 0.0009765625
22.778339622600001 22.798160377399999 1.4150448681800001 1.41570225721 0.0009765625
22.798160377399999 22.817981132100002 1.41498756683 1.41564486818 0.0009765625
22.817981132100002 22.837801886800001 1.4149303529499999 1.41558756683 0.0009765625
22.837801886800001 22.857622641500001 1.4148732263199999 1.4155303529500001 0.0009765625
22.857622641500001 22.8774433962 1.41481618674 1.4154732263200001 0.0009765625
22.8774433962 22.8972641509 1.4147592339999999 1.4154161867399999 0.0009765625
22.8972641509 22.917084905700001 1.4147023678899999 1.4153592340000001 0.0009765625
22.917084905700001 22.936905660400001 1.41464558821 1.4153023678900001 0.0009765625
22.936905660400001 22.9567264151 1.41458889476 1.4152455882099999 0.0009765625
22.9567264151 22.9765471698 1.4145322873199999 1.41518889476 0.0009765625
22.9765471698 22.996367924499999 1.41447576569 1.4151322873200001 0.0009765625
22.996367924499999 23.016188679199999 1.4144193296800001 1.4150757656899999 0.0009765625
23.016188679199999 23.036009434 1.4143629790700001 1.41501932968 0.0009765625
23.036009434 23.0558301887 1.41430671366 1.41496297907 0.0009765625
23.0558301887 23.075650943399999 1.4142505332599999 1.41490671366 0.0009765625
23.075650943399999 23.095471698099999 1.41419443766 1.4148505332600001 0.0009765625
23.095471698099999 23.115292452799999 1.4141384266699999 1.4147944376599999 0.0009765625
23.115292452799999 23.135113207500002 1.4140825000699999 1.41473842667 0.0009765625
23.135113207500002 23.154933962299999 1.41402665768 1.4146825000700001 0.0009765625
23.154933962299999 23.174754716999999 1.4139708993 1.41462665768 0.0009765625
23.174754716999999 23.194575471699999 1.41391522472 1.4145708992999999 0.0009765625
23.194575471699999 23.214396226400002 1.41385963375 1.4145152247199999 0.0009765625
23.214396226400002 23.234216981100001 1.4138041262000001 1.4144596337499999 0.0009765625
23.234216981100001 23.254037735800001 1.4137487018599999 1.4144041262 0.0009765625
23.254037735800001 23.273858490599999 1.4136933605499999 1.4143487018600001 0.0009765625
23.273858490599999 23.293679245300002 1.41363810207 1.4142933605500001 0.0009765625
23.293679245300002 23.313500000000001 1.4135829262199999 1.4142381020699999 0.0009765625
23.313500000000001 23.333320754700001 1.4135278328200001 1.4141829262200001 0.0009765625
23.333320754700001 23.3531415094 1.4134728216600001 1.41412783282 0.0009765625
23.3531415094 23.372962264200002 1.4134178925600001 1.41407282166 0.0009765625
23.372962264200002 23.392783018900001 1.4133630453299999 1.41401789256 0.0009765625
23.392783018900001 23.412603773600001 1.4133082797700001 1.4139630453300001 0.0009765625
23.412603773600001 23.4324245283 1.4132535957000001 1.41390827977 0.0009765625
23.4324245283 23.452245283 1.41319899292 1.4138535957 0.0009765625
23.452245283 23.472066037699999 1.4131444712500001 1.4137989929200001 0.0009765625
23.472066037699999 23.491886792500001 1.41309003049 1.41374447125 0.0009765625
23.491886792500001 23.5117075472 1.41303567047 1.41369003049 0.0009765625
23.5117075472 23.5315283019 1.41298139099 1.4136356704699999 0.0009765625
23.5315283019 23.551349056599999 1.4129271918599999 1.4135813909899999 0.0009765625
23.551349056599999 23.571169811299999 1.4128730729100001 1.4135271918600001 0.0009765625
23.571169811299999 23.590990565999999 1.41281903394 1.41347307291 0.0009765625
23.590990565999999 23.6108113208 1.41276507477 1.4134190339399999 0.0009765625
23.6108113208 23.630632075499999 1.41271119522 1.41336507477 0.0009765625
23.630632075499999 23.650452830199999 1.4126573951000001 1.4133111952199999 0.0009765625
23.650452830199999 23.670273584899999 1.4126036742200001 1.4132573951 0.0009765625
23.670273584899999 23.690094339600002 1.41255003242 1.41320367422 0.0009765625
23.690094339600002 23.709915094300001 1.4124964695 1.4131500324199999 0.0009765625
23.709915094300001 23.729735849099999 1.41244298528 1.4130964694999999 0.0009765625
23.729735849099999 23.749556603799999 1.4123895795800001 1.4130429852799999 0.0009765625
23.749556603799999 23.769377358500002 1.41233625223 1.41298957958 0.0009765625
23.769377358500002 23.789198113200001 1.41228300304 1.41293625223 0.0009765625
23.789198113200001 23.809018867900001 1.4122298318299999 1.4128830030399999 0.0009765625
23.809018867900001 23.8288396226 1.4121767384299999 1.4128298318300001 0.0009765625
23.8288396226 23.848660377400002 1.4121237226600001 1.4127767384300001 0.0009765625
23.848660377400002 23.868481132100001 1.41207078434 1.41272372266 0.0009765625
23.868481132100001 23.888301886800001 1.4120179232800001 1.4126707843399999 0.0009765625
23.888301886800001 23.9081226415 1.4119651393299999 1.41261792328 0.0009765625
23.9081226415 23.9279433962 1.4119124322900001 1.4125651393300001 0.0009765625
23.9279433962 23.947764150899999 1.4118598020099999 1.41251243229 0.0009765625
23.947764150899999 23.967584905700001 1.4118072482899999 1.4124598020100001 0.0009765625
23.967584905700001 23.9874056604 1.41175477097 1.4124072482900001 0.0009765625
23.9874056604 24.0072264151 1.41170236987 1.41235477097 0.0009765625
24.0072264151 24.027047169799999 1.41165004482 1.4123023698699999 0.0009765625
24.027047169799999 24.046867924499999 1.4115977956500001 1.4122500448199999 0.0009765625
24.046867924499999 24.066688679199999 1.41154562219 1.41219779565 0.0009765625
24.066688679199999 24.086509434 1.41149352426 1.4121456221899999 0.0009765625
24.086509434 24.106330188699999 1.4114415016899999 1.4120935242599999 0.0009765625
24.106330188699999 24.126150943399999 1.4113895543099999 1.4120415016900001 0.0009765625
24.126150943399999 24.145971698099999 1.4113376819600001 1.4119895543100001 0.0009765625
24.145971698099999 24.165792452800002 1.41128588447 1.41193768196 0.0009765625
24.165792452800002 24.185613207500001 1.4112341616599999 1.41188588447 0.0009765625
24.185613207500001 24.205433962299999 1.41118251336 1.4118341616600001 0.0009765625
24.205433962299999 24.225254716999999 1.41113093941 1.4117825133599999 0.0009765625
24.225254716999999 24.245075471700002 1.4110794396499999 1.4117309394099999 0.0009765625
24.245075471700002 24.264896226400001 1.4110280139 1.4116794396500001 0.0009765625
24.264896226400001 24.284716981100001 1.4109766619999999 1.4116280138999999 0.0009765625
24.284716981100001 24.3045377358 1.41092538378 1.4115766620000001 0.0009765625
24.3045377358 24.324358490600002 1.4108741790799999 1.4115253837799999 0.0009765625
24.324358490600002 24.344179245300001 1.4108230477299999 1.4114741790800001 0.0009765625
24.344179245300001 24.364000000000001 1.4107719895699999 1.41142304773 0.0009765625
24.364000000000001 24.3838207547 1.41072100444 1.4113719895700001 0.0009765625
24.3838207547 24.4036415094 1.4106700921699999 1.41132100444 0.0009765625
24.4036415094 24.423462264200001 1.4106192526000001 1.4112700921700001 0.0009765625
24.423462264200001 24.443283018900001 1.41056848557 1.4112192526 0.0009765625
24.443283018900001 24.4631037736 1.41051779091 1.41116848557 0.0009765625
24.4631037736 24.4829245283 1.4104671684600001 1.4111177909099999 0.0009765625
24.4829245283 24.502745282999999 1.41041661807 1.41106716846 0.0009765625
24.502745282999999 24.522566037699999 1.41036613957 1.4110166180699999 0.0009765625
24.522566037699999 24.5423867925 1.41031573281 1.4109661395699999 0.0009765625
24.5423867925 24.5622075472 1.4102653976199999 1.4109157328099999 0.0009765625
24.5622075472 24.582028301899999 1.41021513384 1.4108653976200001 0.0009765625
24.582028301899999 24.601849056599999 1.4101649413299999 1.4108151338399999 0.0009765625
24.601849056599999 24.621669811299999 1.41011481991 1.4107649413300001 0.0009765625
24.621669811299999 24.641490566000002 1.4100647694299999 1.4107148199099999 0.0009765625
24.641490566000002 24.661311320799999 1.4100147897399999 1.4106647694300001 0.0009765625
24.661311320799999 24.681132075499999 1.40996488068 1.4106147897400001 0.0009765625
24.681132075499999 24.700952830199999 1.40991504209 1.41056488068 0.0009765625
24.700952830199999 24.720773584900002 1.4098652738199999 1.4105150420899999 0.0009765625
24.720773584900002 24.740594339600001 1.4098155757099999 1.4104652738200001 0.0009765625
24.740594339600001 24.760415094300001 1.40976594761 1.4104155757100001 0.0009765625
24.760415094300001 24.780235849099999 1.40971638936 1.4103659476099999 0.0009765625
24.780235849099999 24.800056603800002 1.40966690082 1.4103163893599999 0.0009765625
24.800056603800002 24.819877358500001 1.40961748182 1.4102669008199999 0.0009765625
24.819877358500001 24.839698113200001 1.40956813221 1.41021748182 0.0009765625
24.839698113200001 24.8595188679 1.4095188518499999 1.4101681322099999 0.0009765625
24.8595188679 24.8793396226 1.40946964058 1.4101188518500001 0.0009765625
24.8793396226 24.899160377400001 1.40942049824 1.4100696405799999 0.0009765625
24.899160377400001 24.918981132100001 1.4093714247 1.41002049824 0.0009765625
24.918981132100001 24.9388018868 1.4093224197900001 1.4099714246999999 0.0009765625
24.9388018868 24.9586226415 1.40927348338 1.40992241979 0.0009765625
24.9586226415 24.978443396199999 1.4092246153000001 1.40987348338 0.0009765625
24.978443396199999 24.998264150899999 1.40917581541 1.4098246153 0.0009765625
24.998264150899999 25.0180849057 1.40912708356 1.40977581541 0.0009765625
25.0180849057 25.0379056604 1.4090784195999999 1.40972708356 0.0009765625
25.0379056604 25.057726415099999 1.40902982339 1.4096784196000001 0.0009765625
25.057726415099999 25.077547169799999 1.40898129478 1.40962982339 0.0009765625
25.077547169799999 25.097367924499999 1.40893283362 1.4095812947799999 0.0009765625
25.097367924499999 25.117188679200002 1.40888443976 1.4095328336199999 0.0009765625
25.117188679200002 25.137009433999999 1.40883611306 1.4094844397599999 0.0009765625
25.137009433999999 25.156830188699999 1.40878785337 1.4094361130599999 0.0009765625
25.156830188699999 25.176650943399999 1.40873966056 1.4093878533699999 0.0009765625
25.176650943399999 25.196471698100002 1.40869153446 1.4093396605599999 0.0009765625
25.196471698100002 25.216292452800001 1.4086434749500001 1.4092915344600001 0.0009765625
25.216292452800001 25.236113207500001 1.4085954818699999 1.40924347495 0.0009765625
25.236113207500001 25.255933962299999 1.40854755508 1.4091954818700001 0.0009765625
25.255933962299999 25.275754717000002 1.4084996944399999 1.4091475550799999 0.0009765625
25.275754717000002 25.295575471700001 1.4084518998 1.4090996944400001 0.0009765625
25.295575471700001 25.315396226400001 1.4084041710299999 1.4090518997999999 0.0009765625
25.315396226400001 25.3352169811 1.40835650799 1.4090041710300001 0.0009765625
25.3352169811 25.3550377358 1.40830891052 1.4089565079899999 0.0009765625
25.3550377358 25.374858490600001 1.4082613785 1.4089089105199999 0.0009765625
25.374858490600001 25.394679245300001 1.4082139117700001 1.4088613784999999 0.0009765625
25.394679245300001 25.4145 1.4081665102000001 1.40881391177 0.0009765625
25.4145 25.4343207547 1.4081191736600001 1.4087665102 0.0009765625
25.4343207547 25.454141509399999 1.4080719019900001 1.40871917366 0.0009765625
25.454141509399999 25.473962264200001 1.4080246950699999 1.40867190199 0.0009765625
25.473962264200001 25.4937830189 1.40797755275 1.4086246950700001 0.0009765625
25.4937830189 25.5136037736 1.4079304748899999 1.40857755275 0.0009765625
25.5136037736 25.533424528299999 1.40788346137 1.4085304748900001 0.0009765625
25.533424528299999 25.553245282999999 1.40783651203 1.4084834613699999 0.0009765625
25.553245282999999 25.573066037699999 1.4077896267500001 1.40843651203 0.0009765625
25.573066037699999 25.5928867925 1.4077428053800001 1.40838962675 0.0009765625
25.5928867925 25.612707547199999 1.4076960478 1.40834280538 0.0009765625
25.612707547199999 25.632528301899999 1.4076493538599999 1.4082960478 0.0009765625
25.632528301899999 25.652349056599999 1.4076027234299999 1.4082493538600001 0.0009765625
25.652349056599999 25.672169811300002 1.4075561563800001 1.4082027234300001 0.0009765625
25.672169811300002 25.691990566000001 1.4075096525699999 1.40815615638 0.0009765625
25.691990566000001 25.711811320799999 1.4074632118699999 1.4081096525700001 0.0009765625
25.711811320799999 25.731632075499999 1.40741683414 1.4080632118700001 0.0009765625
25.731632075499999 25.751452830200002 1.4073705192499999 1.4080168341399999 0.0009765625
25.751452830200002 25.771273584900001 1.4073242670599999 1.4079705192500001 0.0009765625
25.771273584900001 25.791094339600001 1.40727807745 1.4079242670600001 0.0009765625
25.791094339600001 25.8109150943 1.4072319502899999 1.4078780774499999 0.0009765625
25.8109150943 25.830735849100002 1.4071858854299999 1.4078319502900001 0.0009765625
25.830735849100002 25.850556603800001 1.4071398827599999 1.4077858854300001 0.0009765625
25.850556603800001 25.870377358500001 1.4070939421299999 1.4077398827600001 0.0009765625
25.870377358500001 25.8901981132 1.40704806342 1.4076939421300001 0.0009765625
25.8901981132 25.9100188679 1.4070022465000001 1.4076480634199999 0.0009765625
25.9100188679 25.929839622599999 1.4069564912300001 1.4076022465 0.0009765625
25.929839622599999 25.949660377400001 1.4069107974999999 1.40755649123 0.0009765625
25.949660377400001 25.9694811321 1.4068651651599999 1.4075107975000001 0.0009765625
25.9694811321 25.9893018868 1.4068195940899999 1.4074651651600001 0.0009765625
25.9893018868 26.009122641499999 1.40677408417 1.4074195940900001 0.0009765625
26.009122641499999 26.028943396199999 1.4067286352599999 1.40737408417 0.0009765625
26.028943396199999 26.048764150899999 1.4066832472299999 1.4073286352600001 0.0009765625
26.048764150899999 26.0685849057 1.4066379199700001 1.4072832472300001 0.0009765625
26.0685849057 26.088405660399999 1.4065926533299999 1.40723791997 0.0009765625
26.088405660399999 26.108226415099999 1.4065474472099999 1.4071926533300001 0.0009765625
26.108226415099999 26.128047169799999 1.40650230146 1.4071474472100001 0.0009765625
26.128047169799999 26.147867924500002 1.40645721596 1.4071023014599999 0.0009765625
26.147867924500002 26.167688679200001 1.40641219059 1.4070572159600001 0.0009765625
26.167688679200001 26.187509433999999 1.4063672252299999 1.4070121905899999 0.0009765625
26.187509433999999 26.207330188699999 1.4063223197400001 1.4069672252300001 0.0009765625
26.207330188699999 26.227150943400002 1.4062774739999999 1.40692231974 0.0009765625
26.227150943400002 26.246971698100001 1.4062326879 1.4068774740000001 0.0009765625
26.246971698100001 26.266792452800001 1.4061879612999999 1.4068326878999999 0.0009765625
26.266792452800001 26.2866132075 1.4061432940800001 1.4067879613000001 0.0009765625
26.2866132075 26.306433962300002 1.40609868613 1.40674329409 0.0009765625
26.306433962300002 26.326254717000001 1.40605413731 1.4066986861299999 0.0009765625
26.326254717000001 26.346075471700001 1.4060096474999999 1.4066541373100001 0.0009765625
26.346075471700001 26.3658962264 1.4059652165900001 1.4066096475000001 0.0009765625
26.3658962264 26.3857169811 1.40592084445 1.40656521659 0.0009765625
26.3857169811 26.405537735799999 1.4058765309500001 1.4065208444499999 0.0009765625
26.405537735799999 26.425358490600001 1.4058322759899999 1.40647653095 0.0009765625
26.425358490600001 26.4451792453 1.4057880794299999 1.4064322759900001 0.0009765625
26.4451792453 26.465 1.4057439411599999 1.4063880794300001 0.0009765625
26.465 26.484820754699999 1.40569986106 1.4063439411600001 0.0009765625
26.484820754699999 26.504641509399999 1.40565583901 1.4062998610599999 0.0009765625
26.504641509399999 26.5244622642 1.4056118748799999 1.40625583901 0.0009765625
26.5244622642 26.5442830189 1.40556796857 1.4062118748800001 0.0009765625
26.5442830189 26.564103773599999 1.4055241199399999 1.4061679685699999 0.0009765625
26.564103773599999 26.583924528299999 1.40548032889 1.4061241199400001 0.0009765625
26.583924528299999 26.603745282999999 1.4054365953000001 1.4060803288899999 0.0009765625
26.603745282999999 26.623566037700002 1.4053929190400001 1.4060365953 0.0009765625
26.623566037700002 26.643386792499999 1.4053492999999999 1.40599291904 0.0009765625
26.643386792499999 26.663207547199999 1.40530573807 1.4059493000000001 0.0009765625
26.663207547199999 26.683028301899999 1.40526223312 1.40590573807 0.0009765625
26.683028301899999 26.702849056600002 1.40521878504 1.4058622331199999 0.0009765625
26.702849056600002 26.722669811300001 1.40517539372 1.4058187850399999 0.0009765625
26.722669811300001 26.742490566000001 1.40513205904 1.4057753937199999 0.0009765625
26.742490566000001 26.762311320799999 1.4050887808800001 1.40573205904 0.0009765625
26.762311320799999 26.782132075500002 1.40504555913 1.40568878088 0.0009765625
26.782132075500002 26.801952830200001 1.40500239367 1.4056455591300001 0.0009765625
26.801952830200001 26.821773584900001 1.4049592843900001 1.4056023936699999 0.0009765625
26.821773584900001 26.8415943396 1.4049162311800001 1.40555928439 0.0009765625
26.8415943396 26.8614150943 1.4048732339200001 1.40551623118 0.0009765625
26.8614150943 26.881235849100001 1.40483029249 1.40547323392 0.0009765625
26.881235849100001 26.901056603800001 1.4047874067999999 1.40543029249 0.0009765625
26.901056603800001 26.9208773585 1.40474457671 1.4053874068000001 0.0009765625
26.9208773585 26.9406981132 1.40470180213 1.4053445767099999 0.0009765625
26.9406981132 26.960518867899999 1.4046590829300001 1.4053018021300001 0.0009765625
26.960518867899999 26.980339622599999 1.4046164190099999 1.40525908293 0.0009765625
26.980339622599999 27.0001603774 1.4045738102500001 1.4052164190100001 0.0009765625
27.0001603774 27.0199811321 1.4045312565400001 1.40517381025 0.0009765625
27.0199811321 27.039801886799999 1.40448875778 1.40513125654 0.0009765625
27.039801886799999 27.059622641499999 1.4044463138500001 1.40508875778 0.0009765625
27.059622641499999 27.079443396199999 1.40440392464 1.40504631385 0.0009765625
27.079443396199999 27.099264150900002 1.4043615900399999 1.4050039246399999 0.0009765625
27.099264150900002 27.119084905699999 1.40431930995 1.4049615900400001 0.0009765625
27.119084905699999 27.138905660399999 1.4042770842400001 1.4049193099499999 0.0009765625
27.138905660399999 27.158726415099999 1.40423491282 1.40487708424 0.0009765625
27.158726415099999 27.178547169800002 1.40419279557 1.4048349128199999 0.0009765625
27.178547169800002 27.198367924500001 1.40415073239 1.4047927955699999 0.0009765625
27.198367924500001 27.218188679200001 1.40410872316 1.4047507323899999 0.0009765625
27.218188679200001 27.238009433999999 1.4040667677900001 1.40470872316 0.0009765625
27.238009433999999 27.257830188700002 1.4040248661500001 1.40466676779 0.0009765625
27.257830188700002 27.277650943400001 1.4039830181499999 1.40462486615 0.0009765625
27.277650943400001 27.297471698100001 1.40394122368 1.4045830181500001 0.0009765625
27.297471698100001 27.3172924528 1.40389948263 1.4045412236799999 0.0009765625
27.3172924528 27.3371132075 1.40385779489 1.4044994826299999 0.0009765625
27.3371132075 27.356933962300001 1.4038161603599999 1.4044577948900001 0.0009765625
27.356933962300001 27.376754717000001 1.40377457894 1.4044161603600001 0.0009765625
27.376754717000001 27.3965754717 1.4037330505000001 1.40437457894 0.0009765625
27.3965754717 27.4163962264 1.4036915749700001 1.4043330505 0.0009765625
27.4163962264 27.436216981099999 1.40365015221 1.40429157497 0.0009765625
27.436216981099999 27.456037735799999 1.4036087821400001 1.4042501522099999 0.0009765625
27.456037735799999 27.4758584906 1.40356746464 1.40420878214 0.0009765625
27.4758584906 27.4956792453 1.4035261996199999 1.40416746464 0.0009765625
27.4956792453 27.515499999999999 1.4034849869699999 1.4041261996200001 0.0009765625
27.515499999999999 27.535320754699999 1.40344382658 1.4040849869700001 0.0009765625
27.535320754699999 27.555141509399999 1.40340271835 1.4040438265799999 0.0009765625
27.555141509399999 27.5749622642 1.40336166218 1.4040027183499999 0.0009765625
27.5749622642 27.594783018899999 1.4033206579699999 1.40396166218 0.0009765625
27.594783018899999 27.614603773599999 1.4032797056099999 1.4039206579700001 0.0009765625
27.614603773599999 27.634424528299999 1.40323880501 1.4038797056100001 0.0009765625
27.634424528299999 27.654245283000002 1.4031979560500001 1.4038388050099999 0.0009765625
27.654245283000002 27.674066037700001 1.40315715864 1.40379795605 0.0009765625
27.674066037700001 27.693886792499999 1.40311641268 1.4037571586399999 0.0009765625
27.693886792499999 27.713707547199999 1.40307571806 1.4037164126799999 0.0009765625
27.713707547199999 27.733528301900002 1.40303507468 1.4036757180599999 0.0009765625
27.733528301900002 27.753349056600001 1.40299448245 1.4036350746799999 0.0009765625
27.753349056600001 27.773169811300001 1.4029539412600001 1.40359448245 0.0009765625
27.773169811300001 27.792990566 1.4029134510200001 1.40355394126 0.0009765625
27.792990566 27.812811320800002 1.4028730116200001 1.40351345102 0.0009765625
27.812811320800002 27.832632075500001 1.4028326229600001 1.40347301162 0.0009765625
27.832632075500001 27.852452830200001 1.4027922849500001 1.40343262296 0.0009765625
27.852452830200001 27.8722735849 1.40275199749 1.40339228495 0.0009765625
27.8722735849 27.8920943396 1.4027117604699999 1.4033519974899999 0.0009765625
27.8920943396 27.911915094299999 1.4026715738 1.4033117604700001 0.0009765625
27.911915094299999 27.931735849100001 1.40263143738 1.4032715737999999 0.0009765625
27.931735849100001 27.9515566038 1.4025913511100001 1.4032314373799999 0.0009765625
27.9515566038 27.9713773585 1.4025513149 1.40319135111 0.0009765625
27.9713773585 27.991198113199999 1.4025113286399999 1.4031513148999999 0.0009765625
27.991198113199999 28.011018867899999 1.4024713922500001 1.4031113286400001 0.0009765625
28.011018867899999 28.030839622599999 1.4024315056100001 1.40307139225 0.0009765625
28.030839622599999 28.0506603774 1.40239166865 1.40303150561 0.0009765625
28.0506603774 28.070481132099999 1.40235188125 1.4029916686499999 0.0009765625
28.070481132099999 28.090301886799999 1.4023121433300001 1.4029518812499999 0.0009765625
28.090301886799999 28.110122641499999 1.4022724547900001 1.40291214333 0.0009765625
28.110122641499999 28.129943396200002 1.4022328155299999 1.40287245479 0.0009765625
28.129943396200002 28.149764150900001 1.40219322546 1.4028328155300001 0.0009765625
28.149764150900001 28.169584905699999 1.40215368448 1.40279322546 0.0009765625
28.169584905699999 28.189405660399999 1.40211419249 1.4027536844799999 0.0009765625
28.189405660399999 28.209226415100002 1.4020747494100001 1.40271419249 0.0009765625
28.209226415100002 28.229047169800001 1.40203535514 1.40267474941 0.0009765625
28.229047169800001 28.248867924500001 1.4019960095799999 1.4026353551399999 0.0009765625
28.248867924500001 28.2686886792 1.4019567126500001 1.4025960095800001 0.0009765625
28.2686886792 28.288509434000002 1.4019174642300001 1.40255671265 0.0009765625
28.288509434000002 28.308330188700001 1.4018782642600001 1.40251746423 0.0009765625
28.308330188700001 28.328150943400001 1.40183911262 1.40247826426 0.0009765625
28.328150943400001 28.3479716981 1.40180000923 1.40243911262 0.0009765625
28.3479716981 28.3677924528 1.40176095399 1.40240000923 0.0009765625
28.3677924528 28.387613207499999 1.40172194682 1.4023609539899999 0.0009765625
28.387613207499999 28.407433962300001 1.4016829876100001 1.4023219468200001 0.0009765625
28.407433962300001 28.427254717 1.40164407629 1.40228298761 0.0009765625
28.427254717 28.4470754717 1.4016052127500001 1.4022440762899999 0.0009765625
28.4470754717 28.466896226399999 1.4015663969000001 1.40220521275 0.0009765625
28.466896226399999 28.486716981099999 1.40152762866 1.4021663969 0.0009765625
28.486716981099999 28.506537735799999 1.4014889079299999 1.40212762866 0.0009765625
28.506537735799999 28.5263584906 1.40145023463 1.4020889079300001 0.0009765625
28.5263584906 28.546179245299999 1.4014116086499999 1.4020502346299999 0.0009765625
28.546179245299999 28.565999999999999 1.40137302992 1.4020116086500001 0.0009765625
28.565999999999999 28.585820754699999 1.40133449834 1.4019730299199999 0.0009765625
28.585820754699999 28.605641509400002 1.4012960138199999 1.4019344983399999 0.0009765625
28.605641509400002 28.625462264199999 1.4012575762699999 1.4018960138200001 0.0009765625
28.625462264199999 28.645283018899999 1.40121918561 1.4018575762700001 0.0009765625
28.645283018899999 28.665103773599999 1.40118084173 1.40181918561 0.0009765625
28.665103773599999 28.684924528300002 1.4011425445700001 1.4017808417299999 0.0009765625
28.684924528300002 28.704745283000001 1.40110429402 1.40174254457 0.0009765625
28.704745283000001 28.724566037700001 1.40106608999 1.40170429402 0.0009765625
28.724566037700001 28.744386792499999 1.4010279324099999 1.40166608999 0.0009765625
28.744386792499999 28.764207547200002 1.40098982118 1.4016279324100001 0.0009765625
28.764207547200002 28.784028301900001 1.40095175621 1.40158982118 0.0009765625
28.784028301900001 28.803849056600001 1.40091373741 1.4015517562099999 0.0009765625
28.803849056600001 28.8236698113 1.4008757647100001 1.40151373741 0.0009765625
28.8236698113 28.843490566 1.4008378380099999 1.40147576471 0.0009765625
28.843490566 28.863311320800001 1.4007999572200001 1.4014378380100001 0.0009765625
28.863311320800001 28.883132075500001 1.40076212227 1.40139995722 0.0009765625
28.883132075500001 28.9029528302 1.4007243330500001 1.4013621222699999 0.0009765625
28.9029528302 28.9227735849 1.40068658949 1.40132433305 0.0009765625
28.9227735849 28.942594339599999 1.4006488914999999 1.40128658949 0.0009765625
28.942594339599999 28.962415094299999 1.4006112390000001 1.4012488915000001 0.0009765625
28.962415094299999 28.9822358491 1.4005736318899999 1.401211239 0.0009765625
28.9822358491 29.0020566038 1.4005360701 1.4011736318900001 0.0009765625
29.0020566038 29.021877358499999 1.4004985535400001 1.4011360701 0.0009765625
29.021877358499999 29.041698113199999 1.4004610821200001 1.40109855354 0.0009765625
29.041698113199999 29.061518867899998 1.4004236557600001 1.40106108212 0.0009765625
29.061518867899998 29.081339622600002 1.40038627438 1.40102365576 0.0009765625
29.081339622600002 29.101160377399999 1.40034893788 1.4009862743799999 0.0009765625
29.101160377399999 29.120981132099999 1.40031164619 1.40094893788 0.0009765625
29.120981132099999 29.140801886799998 1.40027439923 1.40091164619 0.0009765625
29.140801886799998 29.160622641500002 1.4002371969 1.4008743992299999 0.0009765625
29.160622641500002 29.180443396200001 1.40020003914 1.4008371969 0.0009765625
29.180443396200001 29.200264150900001 1.4001629258399999 1.40080003914 0.0009765625
29.200264150900001 29.220084905699999 1.4001258569299999 1.4007629258400001 0.0009765625
29.220084905699999 29.239905660400002 1.40008883233 1.4007258569300001 0.0009765625
29.239905660400002 29.259726415100001 1.40005185196 1.40068883233 0.0009765625
29.259726415100001 29.279547169800001 1.4000149157299999 1.40065185196 0.0009765625
29.279547169800001 29.2993679245 1.3999780235599999 1.4006149157300001 0.0009765625
29.2993679245 29.3191886792 1.39994117537 1.4005780235600001 0.0009765625
29.3191886792 29.339009434000001 1.3999043710700001 1.4005411753699999 0.0009765625
29.339009434000001 29.358830188700001 1.3998676105900001 1.40050437107 0.0009765625
29.358830188700001 29.3786509434 1.3998308938499999 1.40046761059 0.0009765625
29.3786509434 29.3984716981 1.39979422076 1.4004308938500001 0.0009765625
29.3984716981 29.418292452799999 1.39975759124 1.40039422076 0.0009765625
29.418292452799999 29.438113207499999 1.39972100521 1.4003575912399999 0.0009765625
29.438113207499999 29.4579339623 1.39968446259 1.4003210052099999 0.0009765625
29.4579339623 29.477754717 1.3996479633100001 1.4002844625899999 0.0009765625
29.477754717 29.497575471699999 1.3996115072799999 1.40024796331 0.0009765625
29.497575471699999 29.517396226399999 1.3995750944200001 1.4002115072800001 0.0009765625
29.517396226399999 29.537216981099998 1.39953872465 1.40017509442 0.0009765625
29.537216981099998 29.557037735800002 1.3995023978900001 1.4001387246500001 0.0009765625
29.557037735800002 29.576858490599999 1.39946611406 1.40010239789 0.0009765625
29.576858490599999 29.596679245299999 1.3994298731000001 1.4000661140599999 0.0009765625
29.596679245299999 29.616499999999998 1.3993936749 1.4000298731 0.0009765625
29.616499999999998 29.636320754700002 1.3993575194000001 1.3999936748999999 0.0009765625
29.636320754700002 29.656141509400001 1.3993214065199999 1.3999575194 0.0009765625
29.656141509400001 29.675962264199999 1.39928533618 1.3999214065200001 0.0009765625
29.675962264199999 29.695783018899998 1.3992493083099999 1.3998853361800001 0.0009765625
29.695783018899998 29.715603773600002 1.3992133228200001 1.3998493083100001 0.0009765625
29.715603773600002 29.735424528300001 1.39917737963 1.39981332282 0.0009765625
29.735424528300001 29.755245283000001 1.39914147867 1.3997773796299999 0.0009765625
29.755245283000001 29.7750660377 1.39910561987 1.39974147867 0.0009765625
29.7750660377 29.794886792500002 1.39906980314 1.39970561987 0.0009765625
29.794886792500002 29.814707547200001 1.39903402841 1.3996698031399999 0.0009765625
29.814707547200001 29.834528301900001 1.3989982956 1.39963402841 0.0009765625
29.834528301900001 29.8543490566 1.3989626046300001 1.3995982955999999 0.0009765625
29.8543490566 29.8741698113 1.3989269554299999 1.39956260463 0.0009765625
29.8741698113 29.893990565999999 1.39889134793 1.3995269554300001 0.0009765625
29.893990565999999 29.913811320800001 1.3988557820400001 1.39949134793 0.0009765625
29.913811320800001 29.9336320755 1.39882025769 1.39945578204 0.0009765625
29.9336320755 29.9534528302 1.39878477481 1.3994202576899999 0.0009765625
29.9534528302 29.973273584899999 1.3987493333200001 1.3993847748099999 0.0009765625
29.973273584899999 29.993094339599999 1.39871393314 1.39934933332 0.0009765625
29.993094339599999 30.012915094299998 1.3986785742100001 1.39931393314 0.0009765625
30.012915094299998 30.0327358491 1.39864325644 1.39927857421 0.0009765625
30.0327358491 30.052556603799999 1.39860797975 1.3992432564399999 0.0009765625
30.052556603799999 30.072377358499999 1.39857274409 1.3992079797500001 0.0009765625
30.072377358499999 30.092198113199998 1.3985375493700001 1.3991727440899999 0.0009765625
30.092198113199998 30.112018867900002 1.39850239551 1.39913754937 0.0009765625
30.112018867900002 30.131839622600001 1.39846728245 1.3991023955099999 0.0009765625
30.131839622600001 30.151660377399999 1.39843221011 1.3990672824499999 0.0009765625
30.151660377399999 30.171481132099998 1.39839717841 1.3990322101099999 0.0009765625
30.171481132099998 30.191301886800002 1.3983621872900001 1.3989971784099999 0.0009765625
30.191301886800002 30.211122641500001 1.3983272366699999 1.39896218729 0.0009765625
30.211122641500001 30.230943396200001 1.39829232647 1.3989272366700001 0.0009765625
30.230943396200001 30.2507641509 1.3982574566299999 1.3988923264699999 0.0009765625
30.2507641509 30.270584905700002 1.39822262707 1.3988574566300001 0.0009765625
30.270584905700002 30.290405660400001 1.3981878377300001 1.3988226270699999 0.0009765625
30.290405660400001 30.310226415100001 1.39815308851 1.39878783773 0.0009765625
30.310226415100001 30.3300471698 1.3981183793700001 1.3987530885099999 0.0009765625
30.3300471698 30.3498679245 1.3980837102100001 1.39871837937 0.0009765625
30.3498679245 30.369688679199999 1.3980490809799999 1.39868371021 0.0009765625
30.369688679199999 30.389509434000001 1.3980144915999999 1.3986490809800001 0.0009765625
30.389509434000001 30.4093301887 1.3979799420000001 1.3986144916000001 0.0009765625
30.4093301887 30.4291509434 1.3979454321 1.398579942 0.0009765625
30.4291509434 30.448971698099999 1.3979109618400001 1.3985454320999999 0.0009765625
30.448971698099999 30.468792452799999 1.3978765311500001 1.39851096184 0.0009765625
30.468792452799999 30.488613207499998 1.3978421399500001 1.39847653115 0.0009765625
30.488613207499998 30.5084339623 1.39780778817 1.39844213995 0.0009765625
30.5084339623 30.528254716999999 1.39777347575 1.3984077881700001 0.0009765625
30.528254716999999 30.548075471699999 1.39773920261 1.3983734757499999 0.0009765625
30.548075471699999 30.567896226399998 1.39770496869 1.3983392026100001 0.0009765625
30.567896226399998 30.587716981100002 1.3976707739100001 1.39830496869 0.0009765625
30.587716981100002 30.607537735800001 1.3976366182 1.39827077391 0.0009765625
30.607537735800001 30.627358490599999 1.3976025015 1.3982366181999999 0.0009765625
30.627358490599999 30.647179245299998 1.3975684237399999 1.3982025014999999 0.0009765625
30.647179245299998 30.667000000000002 1.3975343848399999 1.3981684237400001 0.0009765625
30.667000000000002 30.686820754700001 1.39750038473 1.3981343848400001 0.0009765625
30.686820754700001 30.706641509400001 1.39746642336 1.39810038473 0.0009765625
30.706641509400001 30.726462264199998 1.3974325006499999 1.39806642336 0.0009765625
30.726462264199998 30.746283018900002 1.3973986165300001 1.3980325006500001 0.0009765625
30.746283018900002 30.766103773600001 1.3973647709300001 1.39799861653 0.0009765625
30.766103773600001 30.785924528300001 1.39733096378 1.39796477093 0.0009765625
30.785924528300001 30.805745283 1.3972971950299999 1.3979309637799999 0.0009765625
30.805745283 30.8255660377 1.3972634645899999 1.3978971950300001 0.0009765625
30.8255660377 30.845386792500001 1.3972297724 1.3978634645900001 0.0009765625
30.845386792500001 30.865207547200001 1.3971961183999999 1.3978297723999999 0.0009765625
30.865207547200001 30.8850283019 1.3971625025100001 1.3977961184000001 0.0009765625
30.8850283019 30.9048490566 1.3971289246800001 1.39776250251 0.0009765625
30.9048490566 30.924669811299999 1.3970953848200001 1.39772892468 0.0009765625
30.924669811299999 30.944490565999999 1.3970618828800001 1.39769538482 0.0009765625
30.944490565999999 30.9643113208 1.3970284187899999 1.39766188288 0.0009765625
30.9643113208 30.9841320755 1.39699499249 1.3976284187900001 0.0009765625
30.9841320755 31.003952830199999 1.3969616038999999 1.39759499249 0.0009765625
31.003952830199999 31.023773584899999 1.39692825295 1.3975616039000001 0.0009765625
31.023773584899999 31.043594339599998 1.3968949396000001 1.3975282529499999 0.0009765625
31.043594339599998 31.063415094300002 1.39686166376 1.3974949396 0.0009765625
31.063415094300002 31.083235849099999 1.3968284253700001 1.3974616637599999 0.0009765625
31.083235849099999 31.103056603799999 1.3967952243699999 1.39742842537 0.0009765625
31.103056603799999 31.122877358499998 1.39676206069 1.3973952243700001 0.0009765625
31.122877358499998 31.142698113200002 1.39672893426 1.3973620606899999 0.0009765625
31.142698113200002 31.162518867900001 1.39669584503 1.3973289342599999 0.0009765625
31.162518867900001 31.182339622600001 1.39666279292 1.3972958450299999 0.0009765625
31.182339622600001 31.202160377399998 1.3966297778700001 1.3972627929200001 0.0009765625
31.202160377399998 31.221981132100002 1.39659679982 1.39722977787 0.0009765625
31.221981132100002 31.241801886800001 1.3965638587 1.3971967998199999 0.0009765625
31.241801886800001 31.261622641500001 1.39653095445 1.3971638586999999 0.0009765625
31.261622641500001 31.2814433962 1.3964980870000001 1.3971309544499999 0.0009765625
31.2814433962 31.3012641509 1.39646525629 1.397098087 0.0009765625
31.3012641509 31.321084905700001 1.39643246226 1.3970652562899999 0.0009765625
31.321084905700001 31.340905660400001 1.3963997048400001 1.3970324622600001 0.0009765625
31.340905660400001 31.3607264151 1.3963669839599999 1.39699970484 0.0009765625
31.3607264151 31.3805471698 1.3963342995700001 1.3969669839600001 0.0009765625
31.3805471698 31.400367924499999 1.3963016516 1.39693429957 0.0009765625
31.400367924499999 31.420188679199999 1.39626903999 1.3969016515999999 0.0009765625
31.420188679199999 31.440009434 1.3962364646800001 1.3968690399899999 0.0009765625
31.440009434 31.4598301887 1.3962039255900001 1.39683646468 0.0009765625
31.4598301887 31.479650943399999 1.3961714226799999 1.39680392559 0.0009765625
31.479650943399999 31.499471698099999 1.3961389558799999 1.3967714226800001 0.0009765625
31.499471698099999 31.519292452799998 1.39610652511 1.3967389558800001 0.0009765625
31.519292452799998 31.539113207500002 1.3960741303299999 1.3967065251099999 0.0009765625
31.539113207500002 31.558933962299999 1.39604177148 1.3966741303300001 0.0009765625
31.558933962299999 31.578754716999999 1.3960094484800001 1.3966417714799999 0.0009765625
31.578754716999999 31.598575471699998 1.39597716127 1.39660944848 0.0009765625
31.598575471699998 31.618396226400002 1.3959449098000001 1.39657716127 0.0009765625
31.618396226400002 31.638216981100001 1.39591269401 1.3965449098 0.0009765625
31.638216981100001 31.658037735800001 1.3958805138199999 1.3965126940100001 0.0009765625
31.658037735800001 31.677858490599998 1.3958483691900001 1.39648051382 0.0009765625
31.677858490599998 31.697679245300002 1.3958162600499999 1.39644836919 0.0009765625
31.697679245300002 31.717500000000001 1.39578418633 1.3964162600500001 0.0009765625
31.717500000000001 31.737320754700001 1.3957521479899999 1.3963841863299999 0.0009765625
31.737320754700001 31.7571415094 1.3957201449500001 1.3963521479900001 0.0009765625
31.7571415094 31.776962264200002 1.39568817716 1.39632014495 0.0009765625
31.776962264200002 31.796783018900001 1.39565624455 1.39628817716 0.0009765625
31.796783018900001 31.816603773600001 1.39562434707 1.39625624455 0.0009765625
31.816603773600001 31.8364245283 1.3955924846600001 1.39622434707 0.0009765625
31.8364245283 31.856245283 1.3955606572499999 1.39619248466 0.0009765625
31.856245283 31.876066037699999 1.3955288647899999 1.39616065725 0.0009765625
31.876066037699999 31.895886792500001 1.39549710722 1.3961288647900001 0.0009765625
31.895886792500001 31.9157075472 1.39546538447 1.3960971072199999 0.0009765625
31.9157075472 31.9355283019 1.39543369649 1.3960653844699999 0.0009765625
31.9355283019 31.955349056599999 1.3954020432200001 1.39603369649 0.0009765625
31.955349056599999 31.975169811299999 1.3953704246 1.39600204322 0.0009765625
31.975169811299999 31.994990565999998 1.39533884057 1.3959704246 0.0009765625
31.994990565999998 32.0148113208 1.39530729107 1.39593884057 0.0009765625
32.0148113208 32.034632075499999 1.3952757760400001 1.3959072910699999 0.0009765625
32.034632075499999 32.054452830199999 1.3952442954299999 1.39587577604 0.0009765625
32.054452830199999 32.074273584899998 1.39521284918 1.3958442954300001 0.0009765625
32.074273584899998 32.094094339599998 1.39518143722 1.3958128491799999 0.0009765625
32.094094339599998 32.113915094299998 1.3951500594999999 1.3957814372199999 0.0009765625
32.113915094299998 32.133735849099999 1.39511871596 1.3957500595000001 0.0009765625
32.133735849099999 32.153556603799998 1.3950874065400001 1.39571871596 0.0009765625
32.153556603799998 32.173377358499998 1.39505613119 1.39568740654 0.0009765625
32.173377358499998 32.193198113199998 1.3950248898499999 1.39565613119 0.0009765625
32.193198113199998 32.213018867899997 1.39499368246 1.3956248898500001 0.0009765625
32.213018867899997 32.232839622599997 1.39496250896 1.3955936824599999 0.0009765625
32.232839622599997 32.252660377399998 1.3949313693000001 1.3955625089599999 0.0009765625
32.252660377399998 32.272481132099998 1.3949002634200001 1.3955313693 0.0009765625
32.272481132099998 32.292301886799997 1.39486919126 1.39550026342 0.0009765625
32.292301886799997 32.312122641499997 1.39483815276 1.3954691912599999 0.0009765625
32.312122641499997 32.331943396200003 1.3948071478699999 1.3954381527599999 0.0009765625
32.331943396200003 32.351764150900003 1.39477617654 1.3954071478700001 0.0009765625
32.351764150900003 32.371584905699997 1.3947452386999999 1.3953761765399999 0.0009765625
32.371584905699997 32.391405660399997 1.3947143342899999 1.3953452387 0.0009765625
32.391405660399997 32.411226415100003 1.39468346327 1.3953143342900001 0.0009765625
32.411226415100003 32.431047169800003 1.39465262558 1.39528346327 0.0009765625
32.431047169800003 32.450867924500002 1.3946218211600001 1.39525262558 0.0009765625
32.450867924500002 32.470688679200002 1.3945910499500001 1.39522182116 0.0009765625
32.470688679200002 32.490509434000003 1.3945603119000001 1.39519104995 0.0009765625
32.490509434000003 32.510330188700003 1.3945296069599999 1.3951603119 0.0009765625
32.510330188700003 32.530150943400002 1.3944989350600001 1.3951296069600001 0.0009765625
32.530150943400002 32.549971698100002 1.3944682961599999 1.39509893506 0.0009765625
32.549971698100002 32.569792452800002 1.39443769019 1.3950682961600001 0.0009765625
32.569792452800002 32.589613207500001 1.3944071171100001 1.3950376901899999 0.0009765625
32.589613207500001 32.609433962300002 1.39437657685 1.39500711711 0.0009765625
32.609433962300002 32.629254717000002 1.3943460693700001 1.39497657685 0.0009765625
32.629254717000002 32.649075471700002 1.3943155946100001 1.39494606937 0.0009765625
32.649075471700002 32.668896226400001 1.39428515251 1.39491559461 0.0009765625
32.668896226400001 32.688716981100001 1.3942547430200001 1.3948851525099999 0.0009765625
32.688716981100001 32.7085377358 1.39422436608 1.39485474302 0.0009765625
32.7085377358 32.728358490600002 1.3941940216499999 1.3948243660799999 0.0009765625
32.728358490600002 32.748179245300001 1.3941637096599999 1.3947940216500001 0.0009765625
32.748179245300001 32.768000000000001 1.3941334300599999 1.3947637096600001 0.0009765625
32.768000000000001 32.7878207547 1.3941031828099999 1.3947334300600001 0.0009765625
32.7878207547 32.8076415094 1.3940729678399999 1.3947031828100001 0.0009765625
32.8076415094 32.827462264200001 1.3940427850999999 1.3946729678400001 0.0009765625
32.827462264200001 32.847283018900001 1.3940126345399999 1.3946427851000001 0.0009765625
32.847283018900001 32.8671037736 1.3939825160999999 1.3946126345400001 0.0009765625
32.8671037736 32.8869245283 1.3939524297400001 1.3945825161000001 0.0009765625
32.8869245283 32.906745282999999 1.3939223753900001 1.39455242974 0.0009765625
32.906745282999999 32.926566037699999 1.39389235301 1.39452237539 0.0009765625
32.926566037699999 32.9463867925 1.39386236255 1.39449235301 0.0009765625
32.9463867925 32.9662075472 1.3938324039400001 1.3944623625499999 0.0009765625
32.9662075472 32.986028301899999 1.3938024771399999 1.39443240394 0.0009765625
32.986028301899999 33.005849056599999 1.3937725821 1.3944024771400001 0.0009765625
33.005849056599999 33.025669811299998 1.39374271876 1.3943725820999999 0.0009765625
33.025669811299998 33.045490565999998 1.39371288707 1.3943427187599999 0.0009765625
33.045490565999998 33.065311320799999 1.3936830869700001 1.3943128870699999 0.0009765625
33.065311320799999 33.085132075499999 1.39365331843 1.39428308697 0.0009765625
33.085132075499999 33.104952830199998 1.39362358138 1.3942533184300001 0.0009765625
33.104952830199998 33.124773584899998 1.3935938757699999 1.3942235813799999 0.0009765625
33.124773584899998 33.144594339599998 1.39356420155 1.3941938757700001 0.0009765625
33.144594339599998 33.164415094299997 1.3935345586700001 1.39416420155 0.0009765625
33.164415094299997 33.184235849099998 1.3935049470800001 1.39413455867 0.0009765625
33.184235849099998 33.204056603799998 1.3934753667299999 1.39410494708 0.0009765625
33.204056603799998 33.223877358499998 1.39344581756 1.3940753667300001 0.0009765625
33.223877358499998 33.243698113199997 1.3934162995199999 1.3940458175599999 0.0009765625
33.243698113199997 33.263518867899997 1.39338681257 1.3940162995200001 0.0009765625
33.263518867899997 33.283339622600003 1.3933573566499999 1.3939868125699999 0.0009765625
33.283339622600003 33.303160377399998 1.39332793172 1.3939573566500001 0.0009765625
33.303160377399998 33.322981132099997 1.39329853771 1.39392793172 0.0009765625
33.322981132099997 33.342801886799997 1.3932691745900001 1.3938985377099999 0.0009765625
33.342801886799997 33.362622641500003 1.3932398422900001 1.39386917459 0.0009765625
33.362622641500003 33.382443396200003 1.3932105407699999 1.39383984229 0.0009765625
33.382443396200003 33.402264150900002 1.3931812699899999 1.3938105407700001 0.0009765625
33.402264150900002 33.422084905699997 1.39315202988 1.3937812699900001 0.0009765625
33.422084905699997 33.441905660400003 1.3931228204099999 1.3937520298799999 0.0009765625
33.441905660400003 33.461726415100003 1.3930936415099999 1.3937228204100001 0.0009765625
33.461726415100003 33.481547169800002 1.39306449314 1.3936936415100001 0.0009765625
33.481547169800002 33.501367924500002 1.39303537525 1.39366449314 0.0009765625
33.501367924500002 33.521188679200002 1.3930062878 1.3936353752499999 0.0009765625
33.521188679200002 33.541009434000003 1.3929772307199999 1.3936062878 0.0009765625
33.541009434000003 33.560830188700002 1.3929482039800001 1.3935772307200001 0.0009765625
33.560830188700002 33.580650943400002 1.3929192075200001 1.39354820398 0.0009765625
33.580650943400002 33.600471698100002 1.3928902412899999 1.39351920752 0.0009765625
33.600471698100002 33.620292452800001 1.3928613052500001 1.3934902412900001 0.0009765625
33.620292452800001 33.640113207500001 1.39283239935 1.39346130525 0.0009765625
33.640113207500001 33.659933962300002 1.39280352353 1.39343239935 0.0009765625
33.659933962300002 33.679754717000002 1.3927746777500001 1.39340352353 0.0009765625
33.679754717000002 33.699575471700001 1.3927458619599999 1.39337467775 0.0009765625
33.699575471700001 33.719396226400001 1.3927170761100001 1.3933458619600001 0.0009765625
33.719396226400001 33.7392169811 1.39268832016 1.39331707611 0.0009765625
33.7392169811 33.7590377358 1.3926595940399999 1.3932883201599999 0.0009765625
33.7590377358 33.778858490600001 1.3926308977299999 1.3932595940400001 0.0009765625
33.778858490600001 33.798679245300001 1.3926022311699999 1.3932308977300001 0.0009765625
33.798679245300001 33.8185 1.3925735942999999 1.3932022311700001 0.0009765625
33.8185 33.8383207547 1.39254498709 1.3931735943000001 0.0009765625
33.8383207547 33.858141509399999 1.39251640948 1.3931449870899999 0.0009765625
33.858141509399999 33.877962264200001 1.39248786144 1.3931164094799999 0.0009765625
33.877962264200001 33.8977830189 1.3924593429000001 1.39308786144 0.0009765625
33.8977830189 33.9176037736 1.3924308538200001 1.3930593429 0.0009765625
33.9176037736 33.937424528299999 1.3924023941599999 1.39303085382 0.0009765625
33.937424528299999 33.957245282999999 1.3923739638699999 1.39300239416 0.0009765625
33.957245282999999 33.977066037699998 1.3923455628999999 1.3929739638700001 0.0009765625
33.977066037699998 33.9968867925 1.3923171912100001 1.3929455629 0.0009765625
33.9968867925 34.016707547199999 1.39228884874 1.39291719121 0.0009765625
34.016707547199999 34.036528301899999 1.3922605354499999 1.39288884874 0.0009765625
34.036528301899999 34.056349056599998 1.3922322512900001 1.3928605354500001 0.0009765625
34.056349056599998 34.076169811299998 1.3922039962299999 1.39283225129 0.0009765625
34.076169811299998 34.095990565999998 1.3921757701999999 1.3928039962300001 0.0009765625
34.095990565999998 34.115811320799999 1.3921475731699999 1.3927757702000001 0.0009765625
34.115811320799999 34.135632075499998 1.3921194050900001 1.3927475731700001 0.0009765625
34.135632075499998 34.155452830199998 1.39209126591 1.39271940509 0.0009765625
34.155452830199998 34.175273584899998 1.39206315558 1.3926912659099999 0.0009765625
34.175273584899998 34.195094339599997 1.39203507407 1.39266315558 0.0009765625
34.195094339599997 34.214915094299997 1.39200702132 1.39263507407 0.0009765625
34.214915094299997 34.234735849099998 1.3919789972800001 1.3926070213199999 0.0009765625
34.234735849099998 34.254556603799998 1.3919510019200001 1.39257899728 0.0009765625
34.254556603799998 34.274377358499997 1.39192303519 1.39255100192 0.0009765625
34.274377358499997 34.294198113199997 1.3918950970399999 1.39252303519 0.0009765625
34.294198113199997 34.314018867900003 1.3918671874299999 1.3924950970400001 0.0009765625
34.314018867900003 34.333839622600003 1.3918393063000001 1.3924671874300001 0.0009765625
34.333839622600003 34.353660377399997 1.3918114536199999 1.3924393063 0.0009765625
34.353660377399997 34.373481132099997 1.3917836293500001 1.3924114536200001 0.0009765625
34.373481132099997 34.393301886800003 1.39175583343 1.39238362935 0.0009765625
34.393301886800003 34.413122641500003 1.39172806582 1.3923558334299999 0.0009765625
34.413122641500003 34.432943396200002 1.3917003264700001 1.3923280658199999 0.0009765625
34.432943396200002 34.452764150900002 1.3916726153500001 1.39230032647 0.0009765625
34.452764150900002 34.472584905700003 1.3916449324 1.39227261535 0.0009765625
34.472584905700003 34.492405660400003 1.39161727759 1.3922449323999999 0.0009765625
34.492405660400003 34.512226415100002 1.3915896508600001 1.3922172775899999 0.0009765625
34.512226415100002 34.532047169800002 1.3915620521800001 1.39218965086 0.0009765625
34.532047169800002 34.551867924500002 1.3915344814999999 1.39216205218 0.0009765625
34.551867924500002 34.571688679200001 1.3915069387700001 1.3921344815000001 0.0009765625
34.571688679200001 34.591509434000002 1.3914794239599999 1.39210693877 0.0009765625
34.591509434000002 34.611330188700002 1.39145193701 1.3920794239600001 0.0009765625
34.611330188700002 34.631150943400002 1.39142447788 1.39205193701 0.0009765625
34.631150943400002 34.650971698100001 1.3913970465400001 1.3920244778799999 0.0009765625
34.650971698100001 34.670792452800001 1.39136964293 1.39199704654 0.0009765625
34.670792452800001 34.6906132075 1.39134226701 1.3919696429299999 0.0009765625
34.6906132075 34.710433962300002 1.39131491874 1.3919422670099999 0.0009765625
34.710433962300002 34.730254717000001 1.3912875980799999 1.39191491874 0.0009765625
34.730254717000001 34.750075471700001 1.3912603049800001 1.3918875980800001 0.0009765625
34.750075471700001 34.7698962264 1.3912330394000001 1.39186030498 0.0009765625
34.7698962264 34.7897169811 1.3912058012899999 1.3918330394 0.0009765625
34.7897169811 34.809537735799999 1.39117859062 1.3918058012900001 0.0009765625
34.809537735799999 34.829358490600001 1.39115140734 1.39177859062 0.0009765625
34.829358490600001 34.8491792453 1.39112425141 1.3917514073399999 0.0009765625
34.8491792453 34.869 1.39109712278 1.3917242514099999 0.0009765625
34.869 34.888820754699999 1.39107002141 1.3916971227799999 0.0009765625
34.888820754699999 34.908641509399999 1.3910429472600001 1.39167002141 0.0009765625
34.908641509399999 34.9284622642 1.39101590029 1.39164294726 0.0009765625
34.9284622642 34.9482830189 1.3909888804599999 1.3916159002899999 0.0009765625
34.9482830189 34.968103773599999 1.3909618877200001 1.3915888804600001 0.0009765625
34.968103773599999 34.987924528299999 1.39093492202 1.39156188772 0.0009765625
34.987924528299999 35.007745282999998 1.39090798334 1.39153492202 0.0009765625
35.007745282999998 35.027566037699998 1.39088107162 1.3915079833399999 0.0009765625
35.027566037699998 35.047386792499999 1.3908541868199999 1.3914810716199999 0.0009765625
35.047386792499999 35.067207547199999 1.3908273289099999 1.3914541868200001 0.0009765625
35.067207547199999 35.087028301899998 1.3908004978399999 1.3914273289100001 0.0009765625
35.087028301899998 35.106849056599998 1.3907736935699999 1.3914004978400001 0.0009765625
35.106849056599998 35.126669811299998 1.3907469160499999 1.3913736935700001 0.0009765625
35.126669811299998 35.146490565999997 1.3907201652500001 1.39134691605 0.0009765625
35.146490565999997 35.166311320799998 1.39069344113 1.39132016525 0.0009765625
35.166311320799998 35.186132075499998 1.39066674364 1.39129344113 0.0009765625
35.186132075499998 35.205952830199998 1.3906400727399999 1.3912667436399999 0.0009765625
35.205952830199998 35.225773584899997 1.39061342839 1.3912400727400001 0.0009765625
35.225773584899997 35.245594339599997 1.3905868105500001 1.39121342839 0.0009765625
35.245594339599997 35.265415094300003 1.3905602191799999 1.39118681055 0.0009765625
35.265415094300003 35.285235849099998 1.39053365424 1.3911602191800001 0.0009765625
35.285235849099998 35.305056603799997 1.39050711568 1.3911336542399999 0.0009765625
35.305056603799997 35.324877358499997 1.3904806034699999 1.3911071156799999 0.0009765625
35.324877358499997 35.344698113200003 1.39045411757 1.3910806034700001 0.0009765625
35.344698113200003 35.364518867900003 1.3904276579399999 1.39105411757 0.0009765625
35.364518867900003 35.384339622600002 1.3904012245199999 1.3910276579400001 0.0009765625
35.384339622600002 35.404160377399997 1.3903748172999999 1.3910012245200001 0.0009765625
35.404160377399997 35.423981132100003 1.39034843621 1.3909748173000001 0.0009765625
35.423981132100003 35.443801886800003 1.3903220812399999 1.39094843621 0.0009765625
35.443801886800003 35.463622641500002 1.3902957523199999 1.3909220812400001 0.0009765625
35.463622641500002 35.483443396200002 1.3902694494300001 1.3908957523200001 0.0009765625
35.483443396200002 35.503264150900002 1.39024317253 1.39086944943 0.0009765625
35.503264150900002 35.523084905700003 1.39021692156 1.3908431725299999 0.0009765625
35.523084905700003 35.542905660400002 1.3901906965099999 1.3908169215599999 0.0009765625
35.542905660400002 35.562726415100002 1.39016449731 1.3907906965100001 0.0009765625
35.562726415100002 35.582547169800002 1.39013832395 1.39076449731 0.0009765625
35.582547169800002 35.602367924500001 1.39011217636 1.39073832395 0.0009765625
35.602367924500001 35.622188679200001 1.39008605453 1.3907121763600001 0.0009765625
35.622188679200001 35.642009434000002 1.3900599584 1.3906860545299999 0.0009765625
35.642009434000002 35.661830188700002 1.39003388794 1.3906599583999999 0.0009765625
35.661830188700002 35.681650943400001 1.39000784311 1.39063388794 0.0009765625
35.681650943400001 35.701471698100001 1.3899818238599999 1.39060784311 0.0009765625
35.701471698100001 35.7212924528 1.3899558301699999 1.3905818238600001 0.0009765625
35.7212924528 35.7411132075 1.38992986199 1.3905558301700001 0.0009765625
35.7411132075 35.760933962300001 1.38990391928 1.3905298619899999 0.0009765625
35.760933962300001 35.780754717000001 1.3898780019999999 1.3905039192799999 0.0009765625
35.780754717000001 35.8005754717 1.3898521101200001 1.390478002 0.0009765625
35.8005754717 35.8203962264 1.3898262436 1.39045211012 0.0009765625
35.8203962264 35.840216981099999 1.3898004023899999 1.3904262435999999 0.0009765625
35.840216981099999 35.860037735799999 1.38977458646 1.3904004023900001 0.0009765625
35.860037735799999 35.8798584906 1.3897487957800001 1.3903745864599999 0.0009765625
35.8798584906 35.8996792453 1.3897230302900001 1.39034879578 0.0009765625
35.8996792453 35.919499999999999 1.38969728997 1.39032303029 0.0009765625
35.919499999999999 35.939320754699999 1.3896715747799999 1.3902972899699999 0.0009765625
35.939320754699999 35.959141509399998 1.3896458846799999 1.3902715747800001 0.0009765625
35.959141509399998 35.9789622642 1.38962021962 1.3902458846800001 0.0009765625
35.9789622642 35.998783018899999 1.38959457958 1.39022021962 0.0009765625
35.998783018899999 36.018603773599999 1.38956896451 1.3901945795799999 0.0009765625
36.018603773599999 36.038424528299998 1.3895433743800001 1.3901689645099999 0.0009765625
36.038424528299998 36.058245282999998 1.38951780915 1.39014337438 0.0009765625
36.058245282999998 36.078066037699998 1.38949226878 1.3901178091499999 0.0009765625
36.078066037699998 36.097886792499999 1.38946675323 1.3900922687799999 0.0009765625
36.097886792499999 36.117707547199998 1.3894412624700001 1.39006675323 0.0009765625
36.117707547199998 36.137528301899998 1.38941579646 1.39004126247 0.0009765625
36.137528301899998 36.157349056599998 1.38939035516 1.39001579646 0.0009765625
36.157349056599998 36.177169811299997 1.38936493853 1.3899903551599999 0.0009765625
36.177169811299997 36.196990565999997 1.38933954654 1.3899649385299999 0.0009765625
36.196990565999997 36.216811320799998 1.3893141791500001 1.38993954654 0.0009765625
36.216811320799998 36.236632075499998 1.38928883633 1.38991417915 0.0009765625
36.236632075499998 36.256452830199997 1.3892635180299999 1.3898888363299999 0.0009765625
36.256452830199997 36.276273584899997 1.3892382242200001 1.3898635180300001 0.0009765625
36.276273584899997 36.296094339600003 1.3892129548700001 1.38983822422 0.0009765625
36.296094339600003 36.315915094300003 1.3891877099300001 1.38981295487 0.0009765625
36.315915094300003 36.335735849099997 1.3891624893700001 1.38978770993 0.0009765625
36.335735849099997 36.355556603799997 1.3891372931499999 1.38976248937 0.0009765625
36.355556603799997 36.375377358500003 1.3891121212399999 1.3897372931500001 0.0009765625
36.375377358500003 36.395198113200003 1.3890869736 1.3897121212400001 0.0009765625
36.395198113200003 36.415018867900002 1.3890618501900001 1.3896869735999999 0.0009765625
36.415018867900002 36.434839622600002 1.3890367509799999 1.38966185019 0.0009765625
36.434839622600002 36.454660377400003 1.38901167593 1.3896367509800001 0.0009765625
36.454660377400003 36.474481132100003 1.38898662501 1.3896116759299999 0.0009765625
36.474481132100003 36.494301886800002 1.3889615981800001 1.38958662501 0.0009765625
36.494301886800002 36.514122641500002 1.3889365953999999 1.38956159818 0.0009765625
36.514122641500002 36.533943396200002 1.38891161663 1.3895365954000001 0.0009765625
36.533943396200002 36.553764150900001 1.38888666185 1.3895116166299999 0.0009765625
36.553764150900001 36.573584905700002 1.38886173102 1.3894866618499999 0.0009765625
36.573584905700002 36.593405660400002 1.38883682409 1.3894617310199999 0.0009765625
36.593405660400002 36.613226415100002 1.3888119410399999 1.3894368240899999 0.0009765625
36.613226415100002 36.633047169800001 1.3887870818300001 1.3894119410400001 0.0009765625
36.633047169800001 36.652867924500001 1.38876224642 1.38938708183 0.0009765625
36.652867924500001 36.6726886792 1.3887374347799999 1.3893622464199999 0.0009765625
36.6726886792 36.692509434000002 1.38871264688 1.38933743478 0.0009765625
36.692509434000002 36.712330188700001 1.38868788267 1.3893126468799999 0.0009765625
36.712330188700001 36.732150943400001 1.38866314212 1.3892878826699999 0.0009765625
36.732150943400001 36.7519716981 1.3886384251999999 1.3892631421199999 0.0009765625
36.7519716981 36.7717924528 1.38861373188 1.3892384252000001 0.0009765625
36.7717924528 36.791613207499999 1.3885890621100001 1.38921373188 0.0009765625
36.791613207499999 36.811433962300001 1.3885644158599999 1.38918906211 0.0009765625
36.811433962300001 36.831254717 1.3885397931100001 1.3891644158600001 0.0009765625
36.831254717 36.8510754717 1.3885151938 1.38913979311 0.0009765625
36.8510754717 36.870896226399999 1.3884906179200001 1.3891151937999999 0.0009765625
36.870896226399999 36.890716981099999 1.3884660654100001 1.38909061792 0.0009765625
36.890716981099999 36.910537735799998 1.38844153626 1.38906606541 0.0009765625
36.910537735799998 36.9303584906 1.3884170304200001 1.3890415362599999 0.0009765625
36.9303584906 36.950179245299999 1.3883925478700001 1.38901703042 0.0009765625
36.950179245299999 36.969999999999999 1.38836808856 1.38899254787 0.0009765625
36.969999999999999 36.989820754699998 1.3883436524599999 1.38896808856 0.0009765625
36.989820754699998 37.009641509399998 1.3883192395399999 1.3889436524600001 0.0009765625
37.009641509399998 37.029462264199999 1.3882948497600001 1.3889192395400001 0.0009765625
37.029462264199999 37.049283018899999 1.3882704830899999 1.38889484976 0.0009765625
37.049283018899999 37.069103773599998 1.3882461395000001 1.3888704830900001 0.0009765625
37.069103773599998 37.088924528299998 1.38822181895 1.3888461395 0.0009765625
37.088924528299998 37.108745282999998 1.38819752141 1.3888218189499999 0.0009765625
37.108745282999998 37.128566037699997 1.3881732468400001 1.3887975214099999 0.0009765625
37.128566037699997 37.148386792499998 1.3881489952099999 1.38877324684 0.0009765625
37.148386792499998 37.168207547199998 1.3881247664900001 1.3887489952100001 0.0009765625
37.168207547199998 37.188028301899998 1.3881005606400001 1.38872476649 0.0009765625
37.188028301899998 37.207849056599997 1.38807637764 1.38870056064 0.0009765625
37.207849056599997 37.227669811299997 1.3880522174300001 1.38867637764 0.0009765625
37.227669811299997 37.247490566000003 1.38802808001 1.38865221743 0.0009765625
37.247490566000003 37.267311320799998 1.38800396532 1.3886280800099999 0.0009765625
37.267311320799998 37.287132075499997 1.3879798733299999 1.38860396532 0.0009765625
37.287132075499997 37.306952830199997 1.38795580403 1.3885798733300001 0.0009765625
37.306952830199997 37.326773584900003 1.3879317573600001 1.3885558040299999 0.0009765625
37.326773584900003 37.346594339600003 1.3879077333000001 1.38853175736 0.0009765625
37.346594339600003 37.366415094300002 1.3878837318099999 1.3885077333 0.0009765625
37.366415094300002 37.386235849099997 1.3878597528600001 1.3884837318100001 0.0009765625
37.386235849099997 37.406056603800003 1.3878357964200001 1.38845975286 0.0009765625
37.406056603800003 37.425877358500003 1.38781186246 1.38843579642 0.0009765625
37.425877358500003 37.445698113200002 1.38778795094 1.3884118624599999 0.0009765625
37.445698113200002 37.465518867900002 1.38776406183 1.3883879509399999 0.0009765625
37.465518867900002 37.485339622600002 1.3877401950999999 1.3883640618299999 0.0009765625
37.485339622600002 37.505160377400003 1.3877163507200001 1.3883401951000001 0.0009765625
37.505160377400003 37.524981132100002 1.3876925286399999 1.38831635072 0.0009765625
37.524981132100002 37.544801886800002 1.38766872885 1.3882925286400001 0.0009765625
37.544801886800002 37.564622641500002 1.3876449513 1.38826872885 0.0009765625
37.564622641500002 37.584443396200001 1.38762119597 1.3882449512999999 0.0009765625
37.584443396200001 37.604264150900001 1.3875974628300001 1.3882211959699999 0.0009765625
37.604264150900001 37.624084905700002 1.38757375183 1.38819746283 0.0009765625
37.624084905700002 37.643905660400002 1.3875500629599999 1.3881737518299999 0.0009765625
37.643905660400002 37.663726415100001 1.38752639617 1.3881500629600001 0.0009765625
37.663726415100001 37.683547169800001 1.38750275144 1.3881263961700001 0.0009765625
37.683547169800001 37.7033679245 1.3874791287299999 1.3881027514399999 0.0009765625
37.7033679245 37.7231886792 1.38745552801 1.3880791287300001 0.0009765625
37.7231886792 37.743009434000001 1.38743194926 1.38805552801 0.0009765625
37.743009434000001 37.762830188700001 1.38740839243 1.38803194926 0.0009765625
37.762830188700001 37.7826509434 1.3873848574900001 1.38800839243 0.0009765625
37.7826509434 37.8024716981 1.3873613444299999 1.38798485749 0.0009765625
37.8024716981 37.822292452799999 1.38733785319 1.3879613444300001 0.0009765625
37.822292452799999 37.842113207499999 1.3873143837599999 1.38793785319 0.0009765625
37.842113207499999 37.8619339623 1.3872909361000001 1.3879143837600001 0.0009765625
37.8619339623 37.881754717 1.3872675101800001 1.3878909361 0.0009765625
37.881754717 37.901575471699999 1.38724410596 1.38786751018 0.0009765625
37.901575471699999 37.921396226399999 1.38722072343 1.38784410596 0.0009765625
37.921396226399999 37.941216981099998 1.38719736254 1.38782072343 0.0009765625
37.941216981099998 37.961037735799998 1.3871740232600001 1.38779736254 0.0009765625
37.961037735799998 37.980858490599999 1.3871507055700001 1.38777402326 0.0009765625
37.980858490599999 38.000679245299999 1.3871274094299999 1.38775070557 0.0009765625
38.000679245299999 38.020499999999998 1.3871041348099999 1.3877274094300001 0.0009765625
38.020499999999998 38.040320754699998 1.38708088168 1.3877041348100001 0.0009765625
38.040320754699998 38.060141509399998 1.38705765001 1.3876808816799999 0.0009765625
38.060141509399998 38.079962264199999 1.3870344397800001 1.38765765001 0.0009765625
38.079962264199999 38.099783018899998 1.3870112509400001 1.38763443978 0.0009765625
38.099783018899998 38.119603773599998 1.3869880834699999 1.38761125094 0.0009765625
38.119603773599998 38.139424528299998 1.3869649373399999 1.3875880834700001 0.0009765625
38.139424528299998 38.159245282999997 1.3869418125099999 1.3875649373400001 0.0009765625
38.159245282999997 38.179066037699997 1.3869187089599999 1.3875418125100001 0.0009765625
38.179066037699997 38.198886792499998 1.3868956266600001 1.3875187089600001 0.0009765625
38.198886792499998 38.218707547199998 1.38687256557 1.38749562666 0.0009765625
38.218707547199998 38.238528301899997 1.38684952567 1.38747256557 0.0009765625
38.238528301899997 38.258349056599997 1.3868265069300001 1.3874495256699999 0.0009765625
38.258349056599997 38.278169811300003 1.38680350931 1.38742650693 0.0009765625
38.278169811300003 38.297990566000003 1.38678053279 1.3874035093099999 0.0009765625
38.297990566000003 38.317811320799997 1.38675757733 1.38738053279 0.0009765625
38.317811320799997 38.337632075499997 1.3867346429 1.38735757733 0.0009765625
38.337632075499997 38.357452830200003 1.38671172949 1.3873346429 0.0009765625
38.357452830200003 38.377273584900003 1.3866888370499999 1.3873117294899999 0.0009765625
38.377273584900003 38.397094339600002 1.38666596555 1.3872888370500001 0.0009765625
38.397094339600002 38.416915094300002 1.38664311497 1.3872659655499999 0.0009765625
38.416915094300002 38.436735849100003 1.38662028528 1.38724311497 0.0009765625
38.436735849100003 38.456556603800003 1.38659747645 1.38722028528 0.0009765625
38.456556603800003 38.476377358500002 1.3865746884400001 1.3871974764499999 0.0009765625
38.476377358500002 38.496198113200002 1.3865519212299999 1.38717468844 0.0009765625
38.496198113200002 38.516018867900002 1.3865291747899999 1.3871519212300001 0.0009765625
38.516018867900002 38.535839622600001 1.3865064490900001 1.3871291747900001 0.0009765625
38.535839622600001 38.555660377400002 1.3864837441 1.38710644909 0.0009765625
38.555660377400002 38.575481132100002 1.38646105979 1.3870837440999999 0.0009765625
38.575481132100002 38.595301886800002 1.38643839613 1.3870610597899999 0.0009765625
38.595301886800002 38.615122641500001 1.3864157530900001 1.3870383961299999 0.0009765625
38.615122641500001 38.634943396200001 1.3863931306499999 1.38701575309 0.0009765625
38.634943396200001 38.6547641509 1.3863705287700001 1.3869931306500001 0.0009765625
38.6547641509 38.674584905700002 1.38634794742 1.38697052877 0.0009765625
38.674584905700002 38.694405660400001 1.38632538658 1.3869479474199999 0.0009765625
38.694405660400001 38.714226415100001 1.38630284622 1.38692538658 0.0009765625
38.714226415100001 38.7340471698 1.3862803263100001 1.3869028462199999 0.0009765625
38.7340471698 38.7538679245 1.3862578268200001 1.38688032631 0.0009765625
38.7538679245 38.773688679199999 1.38623534771 1.38685782682 0.0009765625
38.773688679199999 38.793509434000001 1.3862128889700001 1.3868353477099999 0.0009765625
38.793509434000001 38.8133301887 1.38619045057 1.38681288897 0.0009765625
38.8133301887 38.8331509434 1.3861680324700001 1.3867904505699999 0.0009765625
38.8331509434 38.852971698099999 1.3861456346400001 1.38676803247 0.0009765625
38.852971698099999 38.872792452799999 1.3861232570699999 1.38674563464 0.0009765625
38.872792452799999 38.892613207499998 1.3861008997099999 1.3867232570700001 0.0009765625
38.892613207499998 38.9124339623 1.3860785625500001 1.3867008997100001 0.0009765625
38.9124339623 38.932254716999999 1.3860562455500001 1.38667856255 0.0009765625
38.932254716999999 38.952075471699999 1.38603394868 1.38665624555 0.0009765625
38.952075471699999 38.971896226399998 1.38601167192 1.3866339486799999 0.0009765625
38.971896226399998 38.991716981099998 1.3859894152500001 1.3866116719199999 0.0009765625
38.991716981099998 39.011537735799998 1.3859671786200001 1.38658941525 0.0009765625
39.011537735799998 39.031358490599999 1.3859449620099999 1.38656717862 0.0009765625
39.031358490599999 39.051179245299998 1.3859227653999999 1.3865449620100001 0.0009765625
39.051179245299998 39.070999999999998 1.38590058876 1.3865227654000001 0.0009765625
39.070999999999998 39.090820754699998 1.3858784320499999 1.3865005887599999 0.0009765625
39.090820754699998 39.110641509399997 1.38585629526 1.3864784320500001 0.0009765625
39.110641509399997 39.130462264199998 1.3858341783499999 1.3864562952599999 0.0009765625
39.130462264199998 39.150283018899998 1.3858120812900001 1.38643417835 0.0009765625
39.150283018899998 39.170103773599998 1.38579000407 1.38641208129 0.0009765625
39.170103773599998 39.189924528299997 1.3857679466399999 1.3863900040699999 0.0009765625
39.189924528299997 39.209745282999997 1.3857459089899999 1.3863679466400001 0.0009765625
39.209745282999997 39.229566037700003 1.38572389108 1.3863459089900001 0.0009765625
39.229566037700003 39.249386792499998 1.38570189289 1.38632389108 0.0009765625
39.249386792499998 39.269207547199997 1.3856799144 1.3863018928899999 0.0009765625
39.269207547199997 39.289028301899997 1.3856579555599999 1.3862799144 0.0009765625
39.289028301899997 39.308849056600003 1.3856360163599999 1.3862579555600001 0.0009765625
39.308849056600003 39.328669811300003 1.3856140967699999 1.38623601636 0.0009765625
39.328669811300003 39.348490566000002 1.38559219677 1.3862140967700001 0.0009765625
39.348490566000002 39.368311320799997 1.3855703163199999 1.3861921967699999 0.0009765625
39.368311320799997 39.388132075500003 1.3855484553899999 1.3861703163200001 0.0009765625
39.388132075500003 39.407952830200003 1.38552661397 1.3861484553900001 0.0009765625
39.407952830200003 39.427773584900002 1.3855047920200001 1.3861266139699999 0.0009765625
39.427773584900002 39.447594339600002 1.38548298951 1.38610479202 0.0009765625
39.447594339600002 39.467415094300001 1.38546120643 1.38608298951 0.0009765625
39.467415094300001 39.487235849100003 1.3854394427400001 1.38606120643 0.0009765625
39.487235849100003 39.507056603800002 1.38541769842 1.38603944274 0.0009765625
39.507056603800002 39.526877358500002 1.3853959734300001 1.3860176984200001 0.0009765625
39.526877358500002 39.546698113200002 1.3853742677600001 1.38599597343 0.0009765625
39.546698113200002 39.566518867900001 1.3853525813700001 1.38597426776 0.0009765625
39.566518867900001 39.586339622600001 1.3853309142500001 1.38595258137 0.0009765625
39.586339622600001 39.606160377400002 1.38530926636 1.38593091425 0.0009765625
39.606160377400002 39.625981132100002 1.3852876376700001 1.3859092663599999 0.0009765625
39.625981132100002 39.645801886800001 1.38526602817 1.38588763767 0.0009765625
39.645801886800001 39.665622641500001 1.38524443782 1.3858660281699999 0.0009765625
39.665622641500001 39.6854433962 1.3852228665899999 1.3858444378200001 0.0009765625
39.6854433962 39.7052641509 1.3852013144699999 1.3858228665900001 0.0009765625
39.7052641509 39.725084905700001 1.38517978143 1.3858013144700001 0.0009765625
39.725084905700001 39.744905660400001 1.38515826743 1.3857797814299999 0.0009765625
39.744905660400001 39.7647264151 1.3851367724500001 1.38575826743 0.0009765625
39.7647264151 39.7845471698 1.38511529648 1.38573677245 0.0009765625
39.7845471698 39.804367924499999 1.3850938394700001 1.3857152964799999 0.0009765625
39.804367924499999 39.824188679199999 1.38507240141 1.38569383947 0.0009765625
39.824188679199999 39.844009434 1.3850509822699999 1.3856724014099999 0.0009765625
39.844009434 39.8638301887 1.38502958202 1.3856509822700001 0.0009765625
39.8638301887 39.883650943399999 1.38500820063 1.38562958202 0.0009765625
39.883650943399999 39.903471698099999 1.3849868380899999 1.3856082006299999 0.0009765625
39.903471698099999 39.923292452799998 1.38496549437 1.3855868380900001 0.0009765625
39.923292452799998 39.943113207499998 1.38494416943 1.38556549437 0.0009765625
39.943113207499998 39.962933962299999 1.3849228632599999 1.3855441694299999 0.0009765625
39.962933962299999 39.982754716999999 1.3849015758300001 1.3855228632600001 0.0009765625
39.982754716999999 40.002575471699998 1.38488030711 1.38550157583 0.0009765625
40.002575471699998 40.022396226399998 1.3848590570799999 1.3854803071099999 0.0009765625
40.022396226399998 40.042216981099997 1.38483782571 1.3854590570800001 0.0009765625
40.042216981099997 40.062037735799997 1.3848166129799999 1.38543782571 0.0009765625
40.062037735799997 40.081858490599998 1.38479541886 1.3854166129800001 0.0009765625
40.081858490599998 40.101679245299998 1.3847742433300001 1.3853954188599999 0.0009765625
40.101679245299998 40.121499999999997 1.3847530863499999 1.38537424333 0.0009765625
40.121499999999997 40.141320754699997 1.38473194792 1.3853530863500001 0.0009765625
40.141320754699997 40.161141509399997 1.38471082799 1.3853319479199999 0.0009765625
40.161141509399997 40.180962264199998 1.38468972655 1.3853108279899999 0.0009765625
40.180962264199998 40.200783018899998 1.38466864357 1.3852897265499999 0.0009765625
40.200783018899998 40.220603773599997 1.3846475790299999 1.3852686435699999 0.0009765625
40.220603773599997 40.240424528299997 1.38462653289 1.3852475790300001 0.0009765625
40.240424528299997 40.260245283000003 1.3846055051399999 1.38522653289 0.0009765625
40.260245283000003 40.280066037700003 1.38458449576 1.3852055051400001 0.0009765625
40.280066037700003 40.299886792499997 1.3845635047 1.3851844957599999 0.0009765625
40.299886792499997 40.319707547199997 1.38454253196 1.3851635046999999 0.0009765625
40.319707547199997 40.339528301900003 1.3845215775099999 1.3851425319599999 0.0009765625
40.339528301900003 40.359349056600003 1.3845006413100001 1.3851215775100001 0.0009765625
40.359349056600003 40.379169811300002 1.3844797233599999 1.38510064131 0.0009765625
40.379169811300002 40.398990566000002 1.3844588236099999 1.3850797233600001 0.0009765625
40.398990566000002 40.418811320800003 1.3844379420599999 1.3850588236100001 0.0009765625
40.418811320800003 40.438632075500003 1.3844170786600001 1.3850379420600001 0.0009765625
40.438632075500003 40.458452830200002 1.38439623341 1.38501707866 0.0009765625
40.458452830200002 40.478273584900002 1.38437540627 1.3849962334100001 0.0009765625
40.478273584900002 40.498094339600001 1.38435459722 1.3849754062699999 0.0009765625
40.498094339600001 40.517915094300001 1.3843338062299999 1.3849545972199999 0.0009765625
40.517915094300001 40.537735849100002 1.38431303329 1.3849338062300001 0.0009765625
40.537735849100002 40.557556603800002 1.38429227836 1.3849130332799999 0.0009765625
40.557556603800002 40.577377358500001 1.38427154142 1.38489227836 0.0009765625
40.577377358500001 40.597198113200001 1.3842508224600001 1.3848715414199999 0.0009765625
40.597198113200001 40.617018867900001 1.3842301214399999 1.38485082246 0.0009765625
40.617018867900001 40.6368396226 1.3842094383300001 1.3848301214400001 0.0009765625
40.6368396226 40.656660377400001 1.38418877313 1.38480943833 0.0009765625
40.656660377400001 40.676481132100001 1.3841681258 1.3847887731299999 0.0009765625
40.676481132100001 40.696301886800001 1.38414749631 1.3847681258 0.0009765625
40.696301886800001 40.7161226415 1.3841268846499999 1.3847474963099999 0.0009765625
40.7161226415 40.7359433962 1.3841062907899999 1.38472688465 0.0009765625
40.7359433962 40.755764150899999 1.3840857147100001 1.3847062907900001 0.0009765625
40.755764150899999 40.775584905700001 1.3840651563799999 1.38468571471 0.0009765625
40.775584905700001 40.7954056604 1.3840446157799999 1.3846651563800001 0.0009765625
40.7954056604 40.8152264151 1.3840240928900001 1.3846446157800001 0.0009765625
40.8152264151 40.835047169799999 1.3840035876700001 1.38462409289 0.0009765625
40.835047169799999 40.854867924499999 1.38398310012 1.38460358767 0.0009765625
40.854867924499999 40.874688679199998 1.3839626302000001 1.38458310012 0.0009765625
40.874688679199998 40.894509434 1.3839421778900001 1.3845626302 0.0009765625
40.894509434 40.914330188699999 1.3839217431699999 1.38454217789 0.0009765625
40.914330188699999 40.934150943399999 1.3839013260199999 1.3845217431700001 0.0009765625
40.934150943399999 40.953971698099998 1.3838809264 1.3845013260200001 0.0009765625
40.953971698099998 40.973792452799998 1.3838605443000001 1.3844809264 0.0009765625
40.973792452799998 40.993613207499997 1.3838401797 1.3844605443 0.0009765625
40.993613207499997 41.013433962299999 1.38381983257 1.3844401797000001 0.0009765625
41.013433962299999 41.033254716999998 1.3837995028800001 1.3844198325699999 0.0009765625
41.033254716999998 41.053075471699998 1.3837791906200001 1.38439950288 0.0009765625
41.053075471699998 41.072896226399997 1.38375889577 1.38437919062 0.0009765625
41.072896226399997 41.092716981099997 1.38373861829 1.3843588957699999 0.0009765625
41.092716981099997 41.112537735799997 1.3837183581600001 1.3843386182899999 0.0009765625
41.112537735799997 41.132358490599998 1.3836981153700001 1.38431835816 0.0009765625
41.132358490599998 41.152179245299997 1.38367788989 1.38429811537 0.0009765625
41.152179245299997 41.171999999999997 1.3836576816899999 1.3842778898899999 0.0009765625
41.171999999999997 41.191820754699997 1.38363749076 1.3842576816900001 0.0009765625
41.191820754699997 41.211641509400003 1.3836173170699999 1.3842374907599999 0.0009765625
41.211641509400003 41.231462264199997 1.3835971605899999 1.3842173170700001 0.0009765625
41.231462264199997 41.251283018899997 1.38357702131 1.3841971605900001 0.0009765625
41.251283018899997 41.271103773599997 1.38355689921 1.38417702131 0.0009765625
41.271103773599997 41.290924528300003 1.3835367942500001 1.38415689921 0.0009765625
41.290924528300003 41.310745283000003 1.38351670642 1.38413679425 0.0009765625
41.310745283000003 41.330566037700002 1.3834966357 1.38411670642 0.0009765625
41.330566037700002 41.350386792499997 1.3834765820499999 1.38409663569 0.0009765625
41.350386792499997 41.370207547200003 1.3834565454700001 1.3840765820500001 0.0009765625
41.370207547200003 41.390028301900003 1.3834365259200001 1.38405654547 0.0009765625
41.390028301900003 41.409849056600002 1.38341652339 1.38403652592 0.0009765625
41.409849056600002 41.429669811300002 1.3833965378499999 1.3840165233899999 0.0009765625
41.429669811300002 41.449490566000001 1.38337656928 1.3839965378500001 0.0009765625
41.449490566000001 41.469311320800003 1.3833566176500001 1.3839765692799999 0.0009765625
41.469311320800003 41.489132075500002 1.38333668296 1.38395661765 0.0009765625
41.489132075500002 41.508952830200002 1.38331676516 1.3839366829599999 0.0009765625
41.508952830200002 41.528773584900001 1.3832968642500001 1.38391676516 0.0009765625
41.528773584900001 41.548594339600001 1.38327698019 1.38389686425 0.0009765625
41.548594339600001 41.568415094300001 1.38325711297 1.3838769801899999 0.0009765625
41.568415094300001 41.588235849100002 1.38323726257 1.3838571129699999 0.0009765625
41.588235849100002 41.608056603800001 1.3832174289500001 1.3838372625699999 0.0009765625
41.608056603800001 41.627877358500001 1.38319761211 1.38381742895 0.0009765625
41.627877358500001 41.647698113200001 1.38317781202 1.38379761211 0.0009765625
41.647698113200001 41.6675188679 1.38315802865 1.3837778120199999 0.0009765625
41.6675188679 41.6873396226 1.3831382619799999 1.38375802865 0.0009765625
41.6873396226 41.707160377400001 1.383118512 1.3837382619800001 0.0009765625
41.707160377400001 41.726981132100001 1.38309877868 1.383718512 0.0009765625
41.726981132100001 41.7468018868 1.383079062 1.3836987786799999 0.0009765625
41.7468018868 41.7666226415 1.38305936194 1.3836790619999999 0.0009765625
41.7666226415 41.786443396199999 1.3830396784700001 1.3836593619399999 0.0009765625
41.786443396199999 41.806264150899999 1.38302001158 1.38363967847 0.0009765625
41.806264150899999 41.8260849057 1.3830003612399999 1.3836200115799999 0.0009765625
41.8260849057 41.8459056604 1.3829807274299999 1.3836003612400001 0.0009765625
41.8459056604 41.865726415099999 1.3829611101299999 1.38358072743 0.0009765625
41.865726415099999 41.885547169799999 1.3829415093099999 1.38356111013 0.0009765625
41.885547169799999 41.905367924499998 1.38292192496 1.3835415093100001 0.0009765625
41.905367924499998 41.925188679199998 1.3829023570600001 1.3835219249599999 0.0009765625
41.925188679199998 41.945009433999999 1.38288280558 1.38350235706 0.0009765625
41.945009433999999 41.964830188699999 1.3828632705099999 1.3834828055799999 0.0009765625
41.964830188699999 41.984650943399998 1.3828437518100001 1.3834632705100001 0.0009765625
41.984650943399998 42.004471698099998 1.38282424947 1.38344375181 0.0009765625
42.004471698099998 42.024292452799997 1.38280476348 1.38342424947 0.0009765625
42.024292452799997 42.044113207499997 1.3827852938 1.38340476348 0.0009765625
42.044113207499997 42.063933962299998 1.3827658404100001 1.3833852938 0.0009765625
42.063933962299998 42.083754716999998 1.3827464033000001 1.38336584041 0.0009765625
42.083754716999998 42.103575471699997 1.3827269824499999 1.3833464033 0.0009765625
42.103575471699997 42.123396226399997 1.38270757782 1.3833269824500001 0.0009765625
42.123396226399997 42.143216981099997 1.38268818941 1.3833075778199999 0.0009765625
42.143216981099997 42.163037735800003 1.3826688171899999 1.38328818941 0.0009765625
42.163037735800003 42.182858490599997 1.38264946114 1.3832688171900001 0.0009765625
42.182858490599997 42.202679245299997 1.3826301212400001 1.3832494611399999 0.0009765625
42.202679245299997 42.222499999999997 1.3826107974599999 1.38323012124 0.0009765625
42.222499999999997 42.242320754700003 1.38259148979 1.3832107974600001 0.0009765625
42.242320754700003 42.262141509400003 1.3825721982100001 1.38319148979 0.0009765625
42.262141509400003 42.281962264199997 1.3825529227 1.38317219821 0.0009765625
42.281962264199997 42.301783018899997 1.38253366323 1.3831529226999999 0.0009765625
42.301783018899997 42.321603773600003 1.3825144197799999 1.38313366323 0.0009765625
42.321603773600003 42.341424528300003 1.38249519234 1.38311441978 0.0009765625
42.341424528300003 42.361245283000002 1.38247598088 1.3830951923399999 0.0009765625
42.361245283000002 42.381066037700002 1.3824567853800001 1.3830759808799999 0.0009765625
42.381066037700002 42.400886792500003 1.3824376058300001 1.38305678538 0.0009765625
42.400886792500003 42.420707547200003 1.3824184422000001 1.38303760583 0.0009765625
42.420707547200003 42.440528301900002 1.3823992944600001 1.3830184422 0.0009765625
42.440528301900002 42.460349056600002 1.3823801626100001 1.38299929446 0.0009765625
42.460349056600002 42.480169811300001 1.38236104662 1.38298016261 0.0009765625
42.480169811300001 42.499990566000001 1.38234194647 1.38296104662 0.0009765625
42.499990566000001 42.519811320800002 1.3823228621300001 1.3829419464699999 0.0009765625
42.519811320800002 42.539632075500002 1.3823037936 1.38292286213 0.0009765625
42.539632075500002 42.559452830200001 1.3822847408500001 1.3829037935999999 0.0009765625
42.559452830200001 42.579273584900001 1.3822657038499999 1.38288474085 0.0009765625
42.579273584900001 42.599094339600001 1.3822466825899999 1.3828657038500001 0.0009765625
42.599094339600001 42.6189150943 1.3822276770499999 1.3828466825900001 0.0009765625
42.6189150943 42.638735849100001 1.3822086872099999 1.3828276770500001 0.0009765625
42.638735849100001 42.658556603800001 1.38218971305 1.3828086872100001 0.0009765625
42.658556603800001 42.678377358500001 1.3821707545399999 1.38278971305 0.0009765625
42.678377358500001 42.6981981132 1.38215181168 1.3827707545400001 0.0009765625
42.6981981132 42.7180188679 1.38213288443 1.3827518116799999 0.0009765625
42.7180188679 42.737839622599999 1.38211397278 1.38273288443 0.0009765625
42.737839622599999 42.757660377400001 1.3820950767 1.38271397278 0.0009765625
42.757660377400001 42.7774811321 1.3820761961900001 1.3826950766999999 0.0009765625
42.7774811321 42.7973018868 1.38205733121 1.38267619619 0.0009765625
42.7973018868 42.817122641499999 1.38203848176 1.3826573312099999 0.0009765625
42.817122641499999 42.836943396199999 1.3820196478 1.3826384817599999 0.0009765625
42.836943396199999 42.856764150899998 1.3820008293199999 1.3826196477999999 0.0009765625
42.856764150899998 42.8765849057 1.3819820263 1.3826008293200001 0.0009765625
42.8765849057 42.896405660399999 1.38196323872 1.3825820262999999 0.0009765625
42.896405660399999 42.916226415099999 1.38194446657 1.38256323872 0.0009765625
42.916226415099999 42.936047169799998 1.38192570981 1.38254446656 0.0009765625
42.936047169799998 42.955867924499998 1.38190696843 1.3825257098099999 0.0009765625
42.955867924499998 42.975688679199997 1.3818882424200001 1.38250696843 0.0009765625
42.975688679199997 42.995509433999999 1.38186953174 1.38248824242 0.0009765625
42.995509433999999 43.015330188699998 1.3818508363899999 1.38246953174 0.0009765625
43.015330188699998 43.035150943399998 1.38183215634 1.3824508363900001 0.0009765625
43.035150943399998 43.054971698099997 1.38181349158 1.3824321563399999 0.0009765625
43.054971698099997 43.074792452799997 1.3817948420799999 1.3824134915799999 0.0009765625
43.074792452799997 43.094613207499997 1.38177620783 1.3823948420800001 0.0009765625
43.094613207499997 43.114433962299998 1.3817575888 1.3823762078299999 0.0009765625
43.114433962299998 43.134254716999997 1.3817389849799999 1.3823575887999999 0.0009765625
43.134254716999997 43.154075471699997 1.38172039634 1.3823389849800001 0.0009765625
43.154075471699997 43.173896226399997 1.38170182288 1.3823203963399999 0.0009765625
43.173896226399997 43.193716981100003 1.3816832645599999 1.3823018228799999 0.0009765625
43.193716981100003 43.213537735800003 1.38166472137 1.3822832645600001 0.0009765625
43.213537735800003 43.233358490599997 1.3816461932999999 1.3822647213699999 0.0009765625
43.233358490599997 43.253179245299997 1.3816276803100001 1.3822461933000001 0.0009765625
43.253179245299997 43.273000000000003 1.3816091824000001 1.38222768031 0.0009765625
43.273000000000003 43.292820754700003 1.38159069954 1.3822091824 0.0009765625
43.292820754700003 43.312641509400002 1.3815722317200001 1.38219069954 0.0009765625
43.312641509400002 43.332462264199997 1.3815537789100001 1.38217223172 0.0009765625
43.332462264199997 43.352283018900003 1.3815353411 1.38215377891 0.0009765625
43.352283018900003 43.372103773600003 1.38151691827 1.3821353410999999 0.0009765625
43.372103773600003 43.391924528300002 1.3814985103899999 1.3821169182699999 0.0009765625
43.391924528300002 43.411745283000002 1.38148011746 1.3820985103900001 0.0009765625
43.411745283000002 43.431566037700001 1.3814617394499999 1.3820801174599999 0.0009765625
43.431566037700001 43.451386792500003 1.38144337634 1.3820617394500001 0.0009765625
43.451386792500003 43.471207547200002 1.38142502812 1.38204337634 0.0009765625
43.471207547200002 43.491028301900002 1.3814066947600001 1.3820250281199999 0.0009765625
43.491028301900002 43.510849056600001 1.3813883762400001 1.38200669476 0.0009765625
43.510849056600001 43.530669811300001 1.38137007256 1.38198837624 0.0009765625
43.530669811300001 43.550490566000001 1.38135178368 1.3819700725599999 0.0009765625
43.550490566000001 43.570311320800002 1.3813335095999999 1.3819517836799999 0.0009765625
43.570311320800002 43.590132075500001 1.3813152502899999 1.3819335096000001 0.0009765625
43.590132075500001 43.609952830200001 1.38129700573 1.3819152502900001 0.0009765625
43.609952830200001 43.629773584900001 1.38127877591 1.38189700573 0.0009765625
43.629773584900001 43.6495943396 1.3812605608099999 1.38187877591 0.0009765625
43.6495943396 43.6694150943 1.3812423603999999 1.3818605608100001 0.0009765625
43.6694150943 43.689235849100001 1.38122417468 1.3818423604000001 0.0009765625
43.689235849100001 43.709056603800001 1.38120600362 1.38182417468 0.0009765625
43.709056603800001 43.7288773585 1.3811878472000001 1.3818060036199999 0.0009765625
43.7288773585 43.7486981132 1.3811697054000001 1.3817878472 0.0009765625
43.7486981132 43.768518867899999 1.3811515782199999 1.3817697054 0.0009765625
43.768518867899999 43.788339622599999 1.3811334656200001 1.3817515782200001 0.0009765625
43.788339622599999 43.8081603774 1.3811153676000001 1.38173346562 0.0009765625
43.8081603774 43.8279811321 1.38109728412 1.3817153676 0.0009765625
43.8279811321 43.847801886799999 1.38107921519 1.3816972841199999 0.0009765625
43.847801886799999 43.867622641499999 1.3810611607600001 1.3816792151899999 0.0009765625
43.867622641499999 43.887443396199998 1.38104312084 1.38166116076 0.0009765625
43.887443396199998 43.907264150899998 1.3810250954000001 1.38164312084 0.0009765625
43.907264150899998 43.927084905699999 1.38100708442 1.3816250954 0.0009765625
43.927084905699999 43.946905660399999 1.38098908788 1.3816070844199999 0.0009765625
43.946905660399999 43.966726415099998 1.38097110578 1.3815890878799999 0.0009765625
43.966726415099998 43.986547169799998 1.38095313808 1.38157110578 0.0009765625
43.986547169799998 44.006367924499997 1.38093518477 1.3815531380799999 0.0009765625
44.006367924499997 44.026188679199997 1.3809172458300001 1.3815351847699999 0.0009765625
44.026188679199997 44.046009433999998 1.38089932125 1.38151724583 0.0009765625
44.046009433999998 44.065830188699998 1.3808814110100001 1.38149932125 0.0009765625
44.065830188699998 44.085650943399997 1.3808635150799999 1.38148141101 0.0009765625
44.085650943399997 44.105471698099997 1.3808456334600001 1.3814635150800001 0.0009765625
44.105471698099997 44.125292452799997 1.3808277661299999 1.38144563346 0.0009765625
44.125292452799997 44.145113207500003 1.38080991306 1.3814277661300001 0.0009765625
44.145113207500003 44.164933962299997 1.3807920742299999 1.3814099130599999 0.0009765625
44.164933962299997 44.184754716999997 1.38077424964 1.3813920742300001 0.0009765625
44.184754716999997 44.204575471699997 1.38075643927 1.3813742496400001 0.0009765625
44.204575471699997 44.224396226400003 1.3807386430899999 1.38135643927 0.0009765625
44.224396226400003 44.244216981100003 1.3807208610899999 1.3813386430900001 0.0009765625
44.244216981100003 44.264037735800002 1.38070309325 1.3813208610900001 0.0009765625
44.264037735800002 44.283858490599997 1.3806853395500001 1.3813030932499999 0.0009765625
44.283858490599997 44.303679245300003 1.38066759998 1.38128533955 0.0009765625
44.303679245300003 44.323500000000003 1.38064987452 1.3812675999799999 0.0009765625
44.323500000000003 44.343320754700002 1.38063216315 1.3812498745199999 0.0009765625
44.343320754700002 44.363141509400002 1.3806144658599999 1.38123216315 0.0009765625
44.363141509400002 44.382962264200003 1.3805967826200001 1.3812144658600001 0.0009765625
44.382962264200003 44.402783018900003 1.3805791134200001 1.38119678262 0.0009765625
44.402783018900003 44.422603773600002 1.3805614582500001 1.38117911342 0.0009765625
44.422603773600002 44.442424528300002 1.38054381708 1.38116145825 0.0009765625
44.442424528300002 44.462245283000001 1.3805261899000001 1.3811438170799999 0.0009765625
44.462245283000001 44.482066037700001 1.38050857669 1.3811261899 0.0009765625
44.482066037700001 44.501886792500002 1.38049097743 1.38110857669 0.0009765625
44.501886792500002 44.521707547200002 1.3804733921100001 1.38109097743 0.0009765625
44.521707547200002 44.541528301900001 1.3804558207099999 1.38107339211 0.0009765625
44.541528301900001 44.561349056600001 1.3804382632100001 1.3810558207100001 0.0009765625
44.561349056600001 44.581169811300001 1.3804207196 1.38103826321 0.0009765625
44.581169811300001 44.600990566 1.38040318985 1.3810207195999999 0.0009765625
44.600990566 44.620811320800001 1.38038567396 1.3810031898499999 0.0009765625
44.620811320800001 44.640632075500001 1.3803681719000001 1.3809856739599999 0.0009765625
44.640632075500001 44.660452830200001 1.3803506836599999 1.3809681719 0.0009765625
44.660452830200001 44.6802735849 1.38033320923 1.3809506836600001 0.0009765625
44.6802735849 44.7000943396 1.3803157485699999 1.38093320923 0.0009765625
44.7000943396 44.719915094299999 1.3802983016799999 1.3809157485700001 0.0009765625
44.719915094299999 44.739735849100001 1.3802808685400001 1.3808983016800001 0.0009765625
44.739735849100001 44.7595566038 1.3802634491400001 1.38088086854 0.0009765625
44.7595566038 44.7793773585 1.3802460434499999 1.38086344914 0.0009765625
44.7793773585 44.799198113199999 1.38022865147 1.3808460434500001 0.0009765625
44.799198113199999 44.819018867899999 1.38021127316 1.3808286514699999 0.0009765625
44.819018867899999 44.838839622599998 1.3801939085299999 1.38081127316 0.0009765625
44.838839622599998 44.8586603774 1.38017655754 1.3807939085300001 0.0009765625
44.8586603774 44.878481132099999 1.3801592201899999 1.3807765575399999 0.0009765625
44.878481132099999 44.898301886799999 1.3801418964500001 1.3807592201900001 0.0009765625
44.898301886799999 44.918122641499998 1.38012458631 1.38074189645 0.0009765625
44.918122641499998 44.937943396199998 1.38010728976 1.3807245863099999 0.0009765625
44.937943396199998 44.957764150899997 1.3800900067799999 1.3807072897599999 0.0009765625
44.957764150899997 44.977584905699999 1.3800727373399999 1.3806900067800001 0.0009765625
44.977584905699999 44.997405660399998 1.3800554814499999 1.3806727373400001 0.0009765625
44.997405660399998 45.017226415099998 1.3800382390699999 1.3806554814500001 0.0009765625
45.017226415099998 45.037047169799997 1.3800210101899999 1.3806382390700001 0.0009765625
45.037047169799997 45.056867924499997 1.3800037947899999 1.3806210101900001 0.0009765625
45.056867924499997 45.076688679199997 1.3799865928699999 1.3806037947900001 0.0009765625
45.076688679199997 45.096509433999998 1.3799694043999999 1.3805865928700001 0.0009765625
45.096509433999998 45.116330188699997 1.3799522293599999 1.3805694044000001 0.0009765625
45.116330188699997 45.136150943399997 1.37993506775 1.3805522293600001 0.0009765625
45.136150943399997 45.155971698099997 1.37991791954 1.3805350677499999 0.0009765625
45.155971698099997 45.175792452800003 1.37990078471 1.3805179195399999 0.0009765625
45.175792452800003 45.195613207500003 1.37988366326 1.3805007847099999 0.0009765625
45.195613207500003 45.215433962299997 1.37986655516 1.3804836632599999 0.0009765625
45.215433962299997 45.235254716999997 1.37984946041 1.3804665551599999 0.0009765625
45.235254716999997 45.255075471700003 1.37983237897 1.3804494604099999 0.0009765625
45.255075471700003 45.274896226400003 1.37981531085 1.3804323789699999 0.0009765625
45.274896226400003 45.294716981100002 1.3797982560099999 1.3804153108499999 0.0009765625
45.294716981100002 45.314537735800002 1.3797812144499999 1.3803982560100001 0.0009765625
45.314537735800002 45.334358490600003 1.3797641861500001 1.3803812144500001 0.0009765625
45.334358490600003 45.354179245300003 1.37974717109 1.38036418615 0.0009765625
45.354179245300003 45.374000000000002 1.3797301692599999 1.3803471710899999 0.0009765625
45.374000000000002 45.393820754700002 1.37971318064 1.3803301692600001 0.0009765625
45.393820754700002 45.413641509400001 1.3796962052199999 1.38031318064 0.0009765625
45.413641509400001 45.433462264200003 1.37967924297 1.3802962052200001 0.0009765625
45.433462264200003 45.453283018900002 1.3796622938900001 1.3802792429699999 0.0009765625
45.453283018900002 45.473103773600002 1.3796453579600001 1.38026229389 0.0009765625
45.473103773600002 45.492924528300001 1.3796284351600001 1.38024535796 0.0009765625
45.492924528300001 45.512745283000001 1.3796115254800001 1.38022843516 0.0009765625
45.512745283000001 45.532566037700001 1.3795946289000001 1.38021152548 0.0009765625
45.532566037700001 45.552386792500002 1.3795777454 1.3801946289 0.0009765625
45.552386792500002 45.572207547200001 1.3795608749699999 1.3801777453999999 0.0009765625
45.572207547200001 45.592028301900001 1.37954401759 1.3801608749700001 0.0009765625
45.592028301900001 45.611849056600001 1.3795271732600001 1.3801440175899999 0.0009765625
45.611849056600001 45.6316698113 1.3795103419400001 1.38012717326 0.0009765625
45.6316698113 45.651490566 1.3794935236400001 1.38011034194 0.0009765625
45.651490566 45.671311320800001 1.3794767183200001 1.38009352364 0.0009765625
45.671311320800001 45.691132075500001 1.37945992598 1.38007671832 0.0009765625
45.691132075500001 45.7109528302 1.3794431465999999 1.3800599259799999 0.0009765625
45.7109528302 45.7307735849 1.37942638016 1.3800431466 0.0009765625
45.7307735849 45.750594339599999 1.37940962666 1.3800263801599999 0.0009765625
45.750594339599999 45.770415094299999 1.37939288607 1.3800096266599999 0.0009765625
45.770415094299999 45.7902358491 1.3793761583699999 1.3799928860699999 0.0009765625
45.7902358491 45.8100566038 1.3793594435600001 1.3799761583700001 0.0009765625
45.8100566038 45.829877358499999 1.3793427416199999 1.37995944356 0.0009765625
45.829877358499999 45.849698113199999 1.37932605253 1.3799427416200001 0.0009765625
45.849698113199999 45.869518867899998 1.3793093762799999 1.3799260525299999 0.0009765625
45.869518867899998 45.889339622599998 1.3792927128500001 1.3799093762800001 0.0009765625
45.889339622599998 45.909160377399999 1.37927606222 1.37989271285 0.0009765625
45.909160377399999 45.928981132099999 1.37925942439 1.3798760622199999 0.0009765625
45.928981132099999 45.948801886799998 1.37924279934 1.37985942439 0.0009765625
45.948801886799998 45.968622641499998 1.37922618704 1.37984279934 0.0009765625
45.968622641499998 45.988443396199997 1.3792095874900001 1.3798261870399999 0.0009765625
45.988443396199997 46.008264150899997 1.3791930006699999 1.37980958749 0.0009765625
46.008264150899997 46.028084905699998 1.3791764265699999 1.3797930006700001 0.0009765625
46.028084905699998 46.047905660399998 1.3791598651700001 1.3797764265700001 0.0009765625
46.047905660399998 46.067726415099997 1.37914331645 1.37975986517 0.0009765625
46.067726415099997 46.087547169799997 1.37912678041 1.3797433164499999 0.0009765625
46.087547169799997 46.107367924499997 1.37911025702 1.37972678041 0.0009765625
46.107367924499997 46.127188679200003 1.3790937462699999 1.3797102570199999 0.0009765625
46.127188679200003 46.147009433999997 1.37907724815 1.3796937462700001 0.0009765625
46.147009433999997 46.166830188699997 1.37906076263 1.3796772481499999 0.0009765625
46.166830188699997 46.186650943399997 1.3790442897199999 1.3796607626299999 0.0009765625
46.186650943399997 46.206471698100003 1.37902782938 1.3796442897200001 0.0009765625
46.206471698100003 46.226292452800003 1.37901138161 1.3796278293799999 0.0009765625
46.226292452800003 46.246113207500002 1.37899494639 1.37961138161 0.0009765625
46.246113207500002 46.265933962299997 1.3789785237100001 1.3795949463899999 0.0009765625
46.265933962299997 46.285754717000003 1.3789621135500001 1.37957852371 0.0009765625
46.285754717000003 46.305575471700003 1.37894571589 1.37956211355 0.0009765625
46.305575471700003 46.325396226400002 1.3789293307299999 1.37954571589 0.0009765625
46.325396226400002 46.345216981100002 1.3789129580399999 1.3795293307300001 0.0009765625
46.345216981100002 46.365037735800001 1.3788965978200001 1.3795129580400001 0.0009765625
46.365037735800001 46.384858490600003 1.3788802500499999 1.37949659782 0.0009765625
46.384858490600003 46.404679245300002 1.3788639147099999 1.3794802500500001 0.0009765625
46.404679245300002 46.424500000000002 1.37884759178 1.3794639147100001 0.0009765625
46.424500000000002 46.444320754700001 1.3788312812700001 1.37944759178 0.0009765625
46.444320754700001 46.464141509400001 1.3788149831400001 1.37943128127 0.0009765625
46.464141509400001 46.483962264200002 1.3787986973799999 1.37941498314 0.0009765625
46.483962264200002 46.503783018900002 1.37878242399 1.3793986973800001 0.0009765625
46.503783018900002 46.523603773600001 1.3787661629400001 1.3793824239900001 0.0009765625
46.523603773600001 46.543424528300001 1.3787499142299999 1.37936616294 0.0009765625
46.543424528300001 46.563245283000001 1.3787336778299999 1.3793499142300001 0.0009765625
46.563245283000001 46.5830660377 1.37871745373 1.37933367783 0.0009765625
46.5830660377 46.602886792500001 1.37870124193 1.3793174537299999 0.0009765625
46.602886792500001 46.622707547200001 1.3786850423899999 1.3793012419299999 0.0009765625
46.622707547200001 46.642528301900001 1.3786688551199999 1.37928504239 0.0009765625
46.642528301900001 46.6623490566 1.3786526800900001 1.3792688551200001 0.0009765625
46.6623490566 46.6821698113 1.3786365172899999 1.37925268009 0.0009765625
46.6821698113 46.701990565999999 1.3786203667100001 1.3792365172900001 0.0009765625
46.701990565999999 46.721811320800001 1.37860422832 1.37922036671 0.0009765625
46.721811320800001 46.7416320755 1.3785881021299999 1.3792042283199999 0.0009765625
46.7416320755 46.7614528302 1.37857198811 1.3791881021300001 0.0009765625
46.7614528302 46.781273584899999 1.37855588625 1.37917198811 0.0009765625
46.781273584899999 46.801094339599999 1.3785397965399999 1.37915588625 0.0009765625
46.801094339599999 46.820915094299998 1.3785237189599999 1.3791397965400001 0.0009765625
46.820915094299998 46.8407358491 1.37850765349 1.3791237189600001 0.0009765625
46.8407358491 46.860556603799999 1.37849160012 1.37910765349 0.0009765625
46.860556603799999 46.880377358499999 1.3784755588499999 1.37909160012 0.0009765625
46.880377358499999 46.900198113199998 1.37845952965 1.3790755588500001 0.0009765625
46.900198113199998 46.920018867899998 1.3784435125100001 1.3790595296499999 0.0009765625
46.920018867899998 46.939839622599997 1.3784275074200001 1.37904351251 0.0009765625
46.939839622599997 46.959660377399999 1.37841151436 1.37902750742 0.0009765625
46.959660377399999 46.979481132099998 1.37839553331 1.3790115143599999 0.0009765625
46.979481132099998 46.999301886799998 1.3783795642800001 1.3789955333099999 0.0009765625
46.999301886799998 47.019122641499997 1.3783636072300001 1.37897956428 0.0009765625
47.019122641499997 47.038943396199997 1.3783476621599999 1.37896360723 0.0009765625
47.038943396199997 47.058764150899997 1.3783317290499999 1.3789476621600001 0.0009765625
47.058764150899997 47.078584905699998 1.37831580789 1.3789317290500001 0.0009765625
47.078584905699998 47.098405660399997 1.3782998986699999 1.3789158078899999 0.0009765625
47.098405660399997 47.118226415099997 1.37828400137 1.3788998986700001 0.0009765625
47.118226415099997 47.138047169799997 1.3782681159700001 1.3788840013699999 0.0009765625
47.138047169799997 47.157867924500003 1.3782522424700001 1.37886811597 0.0009765625
47.157867924500003 47.177688679200003 1.37823638085 1.37885224247 0.0009765625
47.177688679200003 47.197509433999997 1.37822053109 1.3788363808499999 0.0009765625
47.197509433999997 47.217330188699997 1.3782046931900001 1.3788205310899999 0.0009765625
47.217330188699997 47.237150943400003 1.37818886713 1.37880469319 0.0009765625
47.237150943400003 47.256971698100003 1.37817305289 1.3787888671299999 0.0009765625
47.256971698100003 47.276792452800002 1.3781572504599999 1.37877305289 0.0009765625
47.276792452800002 47.296613207500002 1.3781414598299999 1.3787572504600001 0.0009765625
47.296613207500002 47.316433962300003 1.37812568098 1.3787414598300001 0.0009765625
47.316433962300003 47.336254717000003 1.3781099139099999 1.3787256809799999 0.0009765625
47.336254717000003 47.356075471700002 1.37809415859 1.3787099139100001 0.0009765625
47.356075471700002 47.375896226400002 1.3780784150100001 1.3786941585900001 0.0009765625
47.375896226400002 47.395716981100001 1.37806268317 1.37867841501 0.0009765625
47.395716981100001 47.415537735800001 1.3782469630400001 1.37846268317 0.0009765625
47.415537735800001 47.435358490600002 1.37830125461 1.37837696304 0.0009765625
47.435358490600002 47.455179245300002 1.37801555787 1.3786312546099999 0.000244140625
47.455179245300002 47.475000000000001 1.37799987281 1.3786155578699999 0.000244140625
47.475000000000001 47.494820754700001 1.3779841994099999 1.37859987281 0.000244140625
47.494820754700001 47.514641509400001 1.3779685376599999 1.3785841994100001 0.000244140625
47.514641509400001 47.534462264200002 1.37795288755 1.3785685376600001 0.000244140625
47.534462264200002 47.554283018900001 1.3779372490599999 1.3785528875499999 0.000244140625
47.554283018900001 47.574103773600001 1.3779216221799999 1.3785372490600001 0.000244140625
47.574103773600001 47.593924528300001 1.37790600689 1.3785216221800001 0.000244140625
47.593924528300001 47.613745283 1.3778904031799999 1.3785060068899999 0.000244140625
47.613745283 47.6335660377 1.3778748110500001 1.37849040318 0.000244140625
47.6335660377 47.653386792500001 1.3778592304699999 1.37847481105 0.000244140625
47.653386792500001 47.673207547200001 1.37784366143 1.3784592304700001 0.000244140625
47.673207547200001 47.6930283019 1.37782810392 1.37844366143 0.000244140625
47.6930283019 47.7128490566 1.37781255793 1.3784281039199999 0.000244140625
47.7128490566 47.732669811299999 1.3777970234400001 1.3784125579299999 0.000244140625
47.732669811299999 47.752490565999999 1.37778150044 1.37839702344 0.000244140625
47.752490565999999 47.7723113208 1.37776598892 1.37838150044 0.000244140625
47.7723113208 47.7921320755 1.3777504888600001 1.37836598892 0.000244140625
47.7921320755 47.811952830199999 1.37773500025 1.37835048886 0.000244140625
47.811952830199999 47.831773584899999 1.3777195230799999 1.3783350002500001 0.000244140625
47.831773584899999 47.851594339599998 1.3777040573299999 1.3783195230800001 0.000244140625
47.851594339599998 47.871415094299998 1.377688603 1.3783040573300001 0.000244140625
47.871415094299998 47.891235849099999 1.3776731600600001 1.3782886029999999 0.000244140625
47.891235849099999 47.911056603799999 1.37765772851 1.37827316006 0.000244140625
47.911056603799999 47.930877358499998 1.37764230833 1.3782577285099999 0.000244140625
47.930877358499998 47.950698113199998 1.3776268995100001 1.3782423083299999 0.000244140625
47.950698113199998 47.970518867899997 1.3776115020299999 1.37822689951 0.000244140625
47.970518867899997 47.990339622599997 1.3775961158900001 1.3782115020300001 0.000244140625
47.990339622599997 48.010160377399998 1.3775807410700001 1.37819611589 0.000244140625
48.010160377399998 48.029981132099998 1.3775653775600001 1.37818074107 0.000244140625
48.029981132099998 48.049801886799997 1.3775500253399999 1.37816537756 0.000244140625
48.049801886799997 48.069622641499997 1.3775346844 1.3781500253400001 0.000244140625
48.069622641499997 48.089443396199997 1.37751935474 1.3781346844 0.000244140625
48.089443396199997 48.109264150900003 1.37750403633 1.3781193547399999 0.000244140625
48.109264150900003 48.129084905699997 1.37748872916 1.3781040363299999 0.000244140625
48.129084905699997 48.148905660399997 1.37747343322 1.3780887291599999 0.000244140625
48.148905660399997 48.168726415099997 1.3774581485099999 1.37807343322 0.000244140625
48.168726415099997 48.188547169800003 1.3774428749900001 1.3780581485100001 0.000244140625
48.188547169800003 48.208367924500003 1.37742761267 1.37804287499 0.000244140625
48.208367924500003 48.228188679200002 1.37741236153 1.37802761267 0.000244140625
48.228188679200002 48.248009433999997 1.37739712156 1.37801236153 0.000244140625
48.248009433999997 48.267830188700003 1.3773818927399999 1.37799712156 0.000244140625
48.267830188700003 48.287650943400003 1.37736667507 1.37798189274 0.000244140625
48.287650943400003 48.307471698100002 1.3773514685199999 1.3779666750699999 0.000244140625
48.307471698100002 48.327292452800002 1.3773362730900001 1.3779514685200001 0.000244140625
48.327292452800002 48.347113207500001 1.37732108877 1.37793627309 0.000244140625
48.347113207500001 48.366933962300003 1.37730591554 1.37792108877 0.000244140625
48.366933962300003 48.386754717000002 1.3772907533800001 1.37790591554 0.000244140625
48.386754717000002 48.406575471700002 1.3772756022899999 1.37789075338 0.000244140625
48.406575471700002 48.426396226400001 1.37726046226 1.3778756022900001 0.000244140625
48.426396226400001 48.446216981100001 1.3772453332700001 1.3778604622599999 0.000244140625
48.446216981100001 48.466037735800001 1.37723021531 1.37784533327 0.000244140625
48.466037735800001 48.485858490600002 1.3772151083599999 1.3778302153099999 0.000244140625
48.485858490600002 48.505679245300001 1.3772000124299999 1.3778151083700001 0.000244140625
48.505679245300001 48.525500000000001 1.3771849274800001 1.3778000124300001 0.000244140625
48.525500000000001 48.545320754700001 1.3771698535100001 1.37778492748 0.000244140625
48.545320754700001 48.5651415094 1.3771547905099999 1.37776985351 0.000244140625
48.5651415094 48.584962264200001 1.3771397384599999 1.37775479051 0.000244140625
48.584962264200001 48.604783018900001 1.37712469736 1.3777397384600001 0.000244140625
48.604783018900001 48.624603773600001 1.3771096671900001 1.3777246973599999 0.000244140625
48.624603773600001 48.6444245283 1.3770946479299999 1.37770966719 0.000244140625
48.6444245283 48.664245283 1.37707963958 1.3776946479300001 0.000244140625
48.664245283 48.684066037699999 1.3770646421299999 1.3776796395799999 0.000244140625
48.684066037699999 48.703886792500001 1.37704965556 1.3776646421300001 0.000244140625
48.703886792500001 48.7237075472 1.3770346798499999 1.37764965556 0.000244140625
48.7237075472 48.7435283019 1.3770197150100001 1.3776346798500001 0.000244140625
48.7435283019 48.763349056599999 1.377004761 1.37761971501 0.000244140625
48.763349056599999 48.783169811299999 1.37698981784 1.377604761 0.000244140625
48.783169811299999 48.802990565999998 1.3769748854899999 1.3775898178399999 0.000244140625
48.802990565999998 48.8228113208 1.3769599639500001 1.3775748854900001 0.000244140625
48.8228113208 48.842632075499999 1.3769450532 1.37755996395 0.000244140625
48.842632075499999 48.862452830199999 1.37693015324 1.3775450532 0.000244140625
48.862452830199999 48.882273584899998 1.37691526406 1.3775301532399999 0.000244140625
48.882273584899998 48.902094339599998 1.3769003856299999 1.3775152640599999 0.000244140625
48.902094339599998 48.921915094299997 1.3768855179499999 1.3775003856300001 0.000244140625
48.921915094299997 48.941735849099999 1.3768706610100001 1.3774855179500001 0.000244140625
48.941735849099999 48.961556603799998 1.3768558147900001 1.37747066101 0.000244140625
48.961556603799998 48.981377358499998 1.37684097929 1.37745581479 0.000244140625
48.981377358499998 49.001198113199997 1.37682615448 1.37744097929 0.000244140625
49.001198113199997 49.021018867899997 1.37681134037 1.3774261544799999 0.000244140625
49.021018867899997 49.040839622599997 1.3767965369299999 1.3774113403699999 0.000244140625
49.040839622599997 49.060660377399998 1.3767817441500001 1.3773965369300001 0.000244140625
49.060660377399998 49.080481132099997 1.37676696203 1.37738174415 0.000244140625
49.080481132099997 49.100301886799997 1.37675219055 1.37736696203 0.000244140625
49.100301886799997 49.120122641499997 1.3767374296899999 1.3773521905499999 0.000244140625
49.120122641499997 49.139943396200003 1.37672267946 1.3773374296900001 0.000244140625
49.139943396200003 49.159764150900003 1.3767079398299999 1.37732267946 0.000244140625
49.159764150900003 49.179584905699997 1.3766932107900001 1.3773079398300001 0.000244140625
49.179584905699997 49.199405660399997 1.3766784923399999 1.37729321079 0.000244140625
49.199405660399997 49.219226415100003 1.37666378445 1.3772784923400001 0.000244140625
49.219226415100003 49.239047169800003 1.3766490871299999 1.37726378445 0.000244140625
49.239047169800003 49.258867924500002 1.37663440035 1.37724908713 0.000244140625
49.258867924500002 49.278688679200002 1.3766197241 1.3772344003500001 0.000244140625
49.278688679200002 49.298509434000003 1.37660505838 1.3772197240999999 0.000244140625
49.298509434000003 49.318330188700003 1.37659040317 1.37720505838 0.000244140625
49.318330188700003 49.338150943400002 1.37657575846 1.37719040317 0.000244140625
49.338150943400002 49.357971698100002 1.37656112424 1.37717575846 0.000244140625
49.357971698100002 49.377792452800001 1.3765465004999999 1.3771611242399999 0.000244140625
49.377792452800001 49.397613207500001 1.3765318872200001 1.3771465005000001 0.000244140625
49.397613207500001 49.417433962300002 1.37651728439 1.37713188722 0.000244140625
49.417433962300002 49.437254717000002 1.3765026920100001 1.3771172843899999 0.000244140625
49.437254717000002 49.457075471700001 1.3764881100599999 1.37710269201 0.000244140625
49.457075471700001 49.476896226400001 1.37647353852 1.3770881100600001 0.000244140625
49.476896226400001 49.496716981100001 1.3764589774 1.3770735385199999 0.000244140625
49.496716981100001 49.5165377358 1.37644442667 1.3770589773999999 0.000244140625
49.5165377358 49.536358490600001 1.37642988632 1.3770444266699999 0.000244140625
49.536358490600001 49.556179245300001 1.3764153563499999 1.3770298863199999 0.000244140625
49.556179245300001 49.576000000000001 1.37640083674 1.3770153563500001 0.000244140625
49.576000000000001 49.5958207547 1.3763863274799999 1.37700083674 0.000244140625
49.5958207547 49.6156415094 1.37637182855 1.37698632748 0.000244140625
49.6156415094 49.635462264200001 1.37635733996 1.3769718285500001 0.000244140625
49.635462264200001 49.655283018900001 1.37634286168 1.3769573399599999 0.000244140625
49.655283018900001 49.6751037736 1.3763283937099999 1.3769428616799999 0.000244140625
49.6751037736 49.6949245283 1.3763139360300001 1.3769283937100001 0.000244140625
49.6949245283 49.714745282999999 1.37629948863 1.37691393603 0.000244140625
49.714745282999999 49.734566037699999 1.3762850515 1.3768994886299999 0.000244140625
49.734566037699999 49.7543867925 1.3762706246300001 1.3768850515 0.000244140625
49.7543867925 49.7742075472 1.37625620801 1.37687062463 0.000244140625
49.7742075472 49.794028301899999 1.37624180163 1.37685620801 0.000244140625
49.794028301899999 49.813849056599999 1.3762274054700001 1.3768418016299999 0.000244140625
49.813849056599999 49.833669811299998 1.37621301953 1.37682740547 0.000244140625
49.833669811299998 49.853490565999998 1.37619864379 1.3768130195299999 0.000244140625
49.853490565999998 49.873311320799999 1.37618427824 1.3767986437899999 0.000244140625
49.873311320799999 49.893132075499999 1.37616992288 1.3767842782399999 0.000244140625
49.893132075499999 49.912952830199998 1.3761555776800001 1.3767699228800001 0.000244140625
49.912952830199998 49.932773584899998 1.3761412426499999 1.37675557768 0.000244140625
49.932773584899998 49.952594339599997 1.37612691776 1.3767412426500001 0.000244140625
49.952594339599997 49.972415094299997 1.3761126029999999 1.3767269177599999 0.000244140625
49.972415094299997 49.992235849099998 1.3760982983700001 1.3767126030000001 0.000244140625
49.992235849099998 50.012056603799998 1.37608400386 1.37669829837 0.000244140625
50.012056603799998 50.031877358499997 1.37606971945 1.3766840038599999 0.000244140625
50.031877358499997 50.051698113199997 1.37605544513 1.3766697194499999 0.000244140625
50.051698113199997 50.071518867899997 1.3760411808999999 1.3766554451299999 0.000244140625
50.071518867899997 50.091339622600003 1.37602692673 1.3766411809000001 0.000244140625
50.091339622600003 50.111160377399997 1.3760126826200001 1.37662692673 0.000244140625
50.111160377399997 50.130981132099997 1.3759984485600001 1.37661268262 0.000244140625
50.130981132099997 50.150801886799997 1.37598422454 1.37659844856 0.000244140625
50.150801886799997 50.170622641500003 1.3759700105499999 1.37658422454 0.000244140625
50.170622641500003 50.190443396200003 1.3759558065699999 1.3765700105500001 0.000244140625
50.190443396200003 50.210264150900002 1.3759416125899999 1.3765558065700001 0.000244140625
50.210264150900002 50.230084905699997 1.3759274286100001 1.3765416125900001 0.000244140625
50.230084905699997 50.249905660400003 1.3759132546099999 1.37652742861 0.000244140625
50.249905660400003 50.269726415100003 1.3758990905799999 1.3765132546100001 0.000244140625
50.269726415100003 50.289547169800002 1.3758849365200001 1.3764990905800001 0.000244140625
50.289547169800002 50.309367924500002 1.3758707924 1.37648493652 0.000244140625
50.309367924500002 50.329188679200001 1.37585665823 1.3764707923999999 0.000244140625
50.329188679200001 50.349009434000003 1.37584253398 1.37645665823 0.000244140625
50.349009434000003 50.368830188700002 1.3758284196499999 1.3764425339799999 0.000244140625
50.368830188700002 50.388650943400002 1.37581431523 1.3764284196500001 0.000244140625
50.388650943400002 50.408471698100001 1.3758002207 1.3764143152299999 0.000244140625
50.408471698100001 50.428292452800001 1.3757861360600001 1.3764002206999999 0.000244140625
50.428292452800001 50.4481132075 1.3757720613 1.37638613606 0.000244140625
50.4481132075 50.467933962300002 1.3757579964 1.3763720612999999 0.000244140625
50.467933962300002 50.487754717000001 1.3757439413500001 1.3763579963999999 0.000244140625
50.487754717000001 50.507575471700001 1.37572989615 1.37634394135 0.000244140625
50.507575471700001 50.527396226400001 1.37571586078 1.3763298961499999 0.000244140625
50.527396226400001 50.5472169811 1.3757018352299999 1.3763158607799999 0.000244140625
50.5472169811 50.5670377358 1.37568781949 1.37630183523 0.000244140625
50.5670377358 50.586858490600001 1.37567381355 1.3762878194899999 0.000244140625
50.586858490600001 50.606679245300001 1.3756598174000001 1.3762738135499999 0.000244140625
50.606679245300001 50.6265 1.3756458310299999 1.3762598174 0.000244140625
50.6265 50.6463207547 1.3756318544299999 1.3762458310300001 0.000244140625
50.6463207547 50.666141509399999 1.37561788759 1.3762318544300001 0.000244140625
50.666141509399999 50.685962264200001 1.3756039304900001 1.37621788759 0.000244140625
50.685962264200001 50.7057830189 1.37558998313 1.37620393049 0.000244140625
50.7057830189 50.7256037736 1.3755760454999999 1.37618998313 0.000244140625
50.7256037736 50.745424528299999 1.3755621175899999 1.3761760455000001 0.000244140625
50.745424528299999 50.765245282999999 1.3755481993800001 1.3761621175900001 0.000244140625
50.765245282999999 50.785066037699998 1.3755342908599999 1.37614819938 0.000244140625
50.785066037699998 50.8048867925 1.3755203920400001 1.3761342908600001 0.000244140625
50.8048867925 50.824707547199999 1.37550650288 1.37612039204 0.000244140625
50.824707547199999 50.844528301899999 1.37549262339 1.3761065028799999 0.000244140625
50.844528301899999 50.864349056599998 1.3754787535499999 1.3760926233899999 0.000244140625
50.864349056599998 50.884169811299998 1.37546489336 1.3760787535500001 0.000244140625
50.884169811299998 50.903990565999997 1.3754510428 1.3760648933599999 0.000244140625
50.903990565999997 50.923811320799999 1.3754372018600001 1.3760510427999999 0.000244140625
50.923811320799999 50.943632075499998 1.3754233705300001 1.37603720186 0.000244140625
50.943632075499998 50.963452830199998 1.37540954881 1.37602337053 0.000244140625
50.963452830199998 50.983273584899997 1.37539573668 1.3760095488099999 0.000244140625
50.983273584899997 51.003094339599997 1.37538193413 1.37599573668 0.000244140625
51.003094339599997 51.022915094299996 1.3753681411500001 1.3759819341299999 0.000244140625
51.022915094299996 51.042735849099998 1.37535435773 1.37596814115 0.000244140625
51.042735849099998 51.062556603799997 1.3753405838599999 1.37595435773 0.000244140625
51.062556603799997 51.082377358499997 1.3753268195299999 1.3759405838600001 0.000244140625
51.082377358499997 51.102198113199996 1.37531306473 1.3759268195300001 0.000244140625
51.102198113199996 51.122018867900003 1.3752993194500001 1.37591306473 0.000244140625
51.122018867900003 51.141839622600003 1.37528558368 1.37589931945 0.000244140625
51.141839622600003 51.161660377399997 1.37527185741 1.3758855836799999 0.000244140625
51.161660377399997 51.181481132099997 1.37525814064 1.37587185741 0.000244140625
51.181481132099997 51.201301886800003 1.37524443333 1.3758581406399999 0.000244140625
51.201301886800003 51.221122641500003 1.3752307355 1.3758444333299999 0.000244140625
51.221122641500003 51.240943396200002 1.37521704713 1.3758307354999999 0.000244140625
51.240943396200002 51.260764150900002 1.37520336821 1.37581704713 0.000244140625
51.260764150900002 51.280584905700003 1.3751896987300001 1.3758033682099999 0.000244140625
51.280584905700003 51.300405660400003 1.37517603867 1.37578969873 0.000244140625
51.300405660400003 51.320226415100002 1.3751623880299999 1.37577603867 0.000244140625
51.320226415100002 51.340047169800002 1.3751487468100001 1.3757623880300001 0.000244140625
51.340047169800002 51.359867924500001 1.37513511498 1.37574874681 0.000244140625
51.359867924500001 51.379688679200001 1.3751214925399999 1.3757351149799999 0.000244140625
51.379688679200001 51.399509434000002 1.37510787948 1.3757214925400001 0.000244140625
51.399509434000002 51.419330188700002 1.37509427578 1.37570787948 0.000244140625
51.419330188700002 51.439150943400001 1.3750806814500001 1.3756942757799999 0.000244140625
51.439150943400001 51.458971698100001 1.37506709647 1.37568068145 0.000244140625
51.458971698100001 51.4787924528 1.3750535208200001 1.37566709647 0.000244140625
51.4787924528 51.4986132075 1.3750399545100001 1.37565352082 0.000244140625
51.4986132075 51.518433962300001 1.3750263975100001 1.37563995451 0.000244140625
51.518433962300001 51.538254717000001 1.37501284982 1.37562639751 0.000244140625
51.538254717000001 51.5580754717 1.3749993114300001 1.37561284982 0.000244140625
51.5580754717 51.5778962264 1.37498578233 1.37559931143 0.000244140625
51.5778962264 51.5977169811 1.37497226251 1.37558578233 0.000244140625
51.5977169811 51.617537735799999 1.3749587519599999 1.37557226251 0.000244140625
51.617537735799999 51.6373584906 1.37494525068 1.3755587519600001 0.000244140625
51.6373584906 51.6571792453 1.3749317586400001 1.3755452506700001 0.000244140625
51.6571792453 51.677 1.37491827584 1.37553175864 0.000244140625
51.677 51.696820754699999 1.3749048022699999 1.37551827584 0.000244140625
51.696820754699999 51.716641509399999 1.3748913379200001 1.37550480227 0.000244140625
51.716641509399999 51.7364622642 1.3748778827899999 1.37549133792 0.000244140625
51.7364622642 51.7562830189 1.37486443685 1.3754778827900001 0.000244140625
51.7562830189 51.776103773599999 1.3748510001100001 1.37546443685 0.000244140625
51.776103773599999 51.795924528299999 1.3748375725499999 1.37545100011 0.000244140625
51.795924528299999 51.815745282999998 1.3748241541599999 1.3754375725500001 0.000244140625
51.815745282999998 51.835566037699998 1.37481074494 1.3754241541600001 0.000244140625
51.835566037699998 51.855386792499999 1.3747973448599999 1.3754107449399999 0.000244140625
51.855386792499999 51.875207547199999 1.37478395393 1.3753973448600001 0.000244140625
51.875207547199999 51.895028301899998 1.3747705721400001 1.3753839539299999 0.000244140625
51.895028301899998 51.914849056599998 1.3747571994700001 1.37537057214 0.000244140625
51.914849056599998 51.934669811299997 1.3747438359099999 1.37535719947 0.000244140625
51.934669811299997 51.954490565999997 1.3747304814600001 1.3753438359100001 0.000244140625
51.954490565999997 51.974311320799998 1.3747171360999999 1.37533048146 0.000244140625
51.974311320799998 51.994132075499998 1.37470379983 1.3753171361000001 0.000244140625
51.994132075499998 52.013952830199997 1.37469047264 1.37530379983 0.000244140625
52.013952830199997 52.033773584899997 1.3746771545100001 1.3752904726399999 0.000244140625
52.033773584899997 52.053594339599996 1.37466384544 1.37527715451 0.000244140625
52.053594339599996 52.073415094300003 1.37465054541 1.3752638454399999 0.000244140625
52.073415094300003 52.093235849099997 1.3746372544300001 1.3752505454099999 0.000244140625
52.093235849099997 52.113056603799997 1.37462397247 1.37523725443 0.000244140625
52.113056603799997 52.132877358499996 1.37461069954 1.3752239724699999 0.000244140625
52.132877358499996 52.152698113200003 1.3745974356099999 1.37521069954 0.000244140625
52.152698113200003 52.172518867900003 1.3745841806800001 1.3751974356100001 0.000244140625
52.172518867900003 52.192339622600002 1.3745709347399999 1.37518418068 0.000244140625
52.192339622600002 52.212160377399996 1.37455769779 1.3751709347400001 0.000244140625
52.212160377399996 52.231981132100003 1.37454446981 1.37515769779 0.000244140625
52.231981132100003 52.251801886800003 1.37453125078 1.3751444698099999 0.000244140625
52.251801886800003 52.271622641500002 1.3745180407199999 1.37513125078 0.000244140625
52.271622641500002 52.291443396200002 1.3745048395899999 1.3751180407200001 0.000244140625
52.291443396200002 52.311264150900001 1.37449164741 1.3751048395900001 0.000244140625
52.311264150900001 52.331084905700003 1.3744784641400001 1.3750916474099999 0.000244140625
52.331084905700003 52.350905660400002 1.37446528979 1.37507846414 0.000244140625
52.350905660400002 52.370726415100002 1.3744521243500001 1.37506528979 0.000244140625
52.370726415100002 52.390547169800001 1.37443896781 1.37505212435 0.000244140625
52.390547169800001 52.410367924500001 1.3744258201499999 1.3750389678099999 0.000244140625
52.410367924500001 52.4301886792 1.3744126813699999 1.3750258201500001 0.000244140625
52.4301886792 52.450009434000002 1.37439955147 1.3750126813700001 0.000244140625
52.450009434000002 52.469830188700001 1.37438643042 1.37499955147 0.000244140625
52.469830188700001 52.489650943400001 1.37437331822 1.3749864304199999 0.000244140625
52.489650943400001 52.5094716981 1.37436021487 1.3749733182199999 0.000244140625
52.5094716981 52.5292924528 1.37434712034 1.37496021487 0.000244140625
52.5292924528 52.5491132075 1.3743340346499999 1.3749471203400001 0.000244140625
52.5491132075 52.568933962300001 1.37432095776 1.3749340346500001 0.000244140625
52.568933962300001 52.588754717 1.3743078896800001 1.3749209577599999 0.000244140625
52.588754717 52.6085754717 1.3742948304 1.37490788968 0.000244140625
52.6085754717 52.6283962264 1.3742817799 1.3748948303999999 0.000244140625
52.6283962264 52.648216981099999 1.3742687381800001 1.3748817798999999 0.000244140625
52.648216981099999 52.668037735799999 1.37425570523 1.37486873818 0.000244140625
52.668037735799999 52.6878584906 1.3742426810299999 1.3748557052299999 0.000244140625
52.6878584906 52.7076792453 1.3742296655899999 1.3748426810300001 0.000244140625
52.7076792453 52.727499999999999 1.37421665889 1.3748296655900001 0.000244140625
52.727499999999999 52.747320754699999 1.3742036609199999 1.3748166588899999 0.000244140625
52.747320754699999 52.767141509399998 1.3741906716800001 1.3748036609200001 0.000244140625
52.767141509399998 52.7869622642 1.3741776911500001 1.37479067168 0.000244140625
52.7869622642 52.806783018899999 1.3741647193199999 1.37477769115 0.000244140625
52.806783018899999 52.826603773599999 1.3741517561900001 1.3747647193200001 0.000244140625
52.826603773599999 52.846424528299998 1.37413880174 1.37475175619 0.000244140625
52.846424528299998 52.866245282999998 1.37412585598 1.37473880174 0.000244140625
52.866245282999998 52.886066037699997 1.3741129188800001 1.37472585598 0.000244140625
52.886066037699997 52.905886792499999 1.37409999045 1.37471291888 0.000244140625
52.905886792499999 52.925707547199998 1.3740870706599999 1.3746999904499999 0.000244140625
52.925707547199998 52.945528301899998 1.3740741595199999 1.3746870706600001 0.000244140625
52.945528301899998 52.965349056599997 1.3740612570099999 1.37467415952 0.000244140625
52.965349056599997 52.985169811299997 1.37404836312 1.3746612570100001 0.000244140625
52.985169811299997 53.004990565999996 1.3740354778499999 1.3746483631199999 0.000244140625
53.004990565999996 53.024811320799998 1.3740226011900001 1.3746354778500001 0.000244140625
53.024811320799998 53.044632075499997 1.3740097331200001 1.37462260119 0.000244140625
53.044632075499997 53.064452830199997 1.3739968736399999 1.37460973312 0.000244140625
53.064452830199997 53.084273584899996 1.37398402275 1.37459687364 0.000244140625
53.084273584899996 53.104094339600003 1.3739711804200001 1.3745840227499999 0.000244140625
53.104094339600003 53.123915094300003 1.3739583466600001 1.37457118042 0.000244140625
53.123915094300003 53.143735849099997 1.37394552144 1.37455834666 0.000244140625
53.143735849099997 53.163556603799996 1.3739327047800001 1.37454552144 0.000244140625
53.163556603799996 53.183377358500003 1.3739198966499999 1.37453270478 0.000244140625
53.183377358500003 53.203198113200003 1.37390709705 1.3745198966500001 0.000244140625
53.203198113200003 53.223018867900002 1.37389430596 1.37450709705 0.000244140625
53.223018867900002 53.242839622600002 1.3738815233899999 1.3744943059600001 0.000244140625
53.242839622600002 53.262660377400003 1.3738687493099999 1.3744815233900001 0.000244140625
53.262660377400003 53.282481132100003 1.37385598373 1.3744687493100001 0.000244140625
53.282481132100003 53.302301886800002 1.37384322663 1.3744559837300001 0.000244140625
53.302301886800002 53.322122641500002 1.3738304780099999 1.37444322663 0.000244140625
53.322122641500002 53.341943396200001 1.3738177378500001 1.3744304780100001 0.000244140625
53.341943396200001 53.361764150900001 1.37380500615 1.37441773785 0.000244140625
53.361764150900001 53.381584905700002 1.3737922829 1.3744050061499999 0.000244140625
53.381584905700002 53.401405660400002 1.37377956808 1.3743922828999999 0.000244140625
53.401405660400002 53.421226415100001 1.3737668617000001 1.3743795680799999 0.000244140625
53.421226415100001 53.441047169800001 1.3737541637499999 1.3743668617 0.000244140625
53.441047169800001 53.4608679245 1.3737414742 1.3743541637500001 0.000244140625
53.4608679245 53.4806886792 1.37372879306 1.3743414742 0.000244140625
53.4806886792 53.500509434000001 1.3737161203199999 1.3743287930600001 0.000244140625
53.500509434000001 53.520330188700001 1.3737034559700001 1.3743161203200001 0.000244140625
53.520330188700001 53.5401509434 1.3736908000000001 1.37430345597 0.000244140625
53.5401509434 53.5599716981 1.3736781523899999 1.3742908 0.000244140625
53.5599716981 53.5797924528 1.37366551315 1.3742781523900001 0.000244140625
53.5797924528 53.599613207499999 1.37365288227 1.3742655131499999 0.000244140625
53.599613207499999 53.6194339623 1.3736402597299999 1.37425288227 0.000244140625
53.6194339623 53.639254717 1.3736276455300001 1.3742402597300001 0.000244140625
53.639254717 53.6590754717 1.37361503965 1.37422764553 0.000244140625
53.6590754717 53.678896226399999 1.3736024420999999 1.3742150396499999 0.000244140625
53.678896226399999 53.698716981099999 1.3735898528499999 1.3742024421000001 0.000244140625
53.698716981099999 53.718537735799998 1.3735772719199999 1.3741898528500001 0.000244140625
53.718537735799998 53.7383584906 1.3735646992699999 1.3741772719200001 0.000244140625
53.7383584906 53.758179245299999 1.3735521349099999 1.3741646992700001 0.000244140625
53.758179245299999 53.777999999999999 1.37353957883 1.3741521349100001 0.000244140625
53.777999999999999 53.797820754699998 1.3735270310200001 1.3741395788299999 0.000244140625
53.797820754699998 53.817641509399998 1.3735144914699999 1.37412703102 0.000244140625
53.817641509399998 53.837462264199999 1.37350196017 1.3741144914700001 0.000244140625
53.837462264199999 53.857283018899999 1.3734894371199999 1.37410196017 0.000244140625
53.857283018899999 53.877103773599998 1.3734769223000001 1.3740894371200001 0.000244140625
53.877103773599998 53.896924528299998 1.37346441571 1.3740769223 0.000244140625
53.896924528299998 53.916745282999997 1.3734519173399999 1.3740644157099999 0.000244140625
53.916745282999997 53.936566037699997 1.3734394271799999 1.3740519173400001 0.000244140625
53.936566037699997 53.956386792499998 1.3734269452200001 1.3740394271800001 0.000244140625
53.956386792499998 53.976207547199998 1.3734144714600001 1.37402694522 0.000244140625
53.976207547199998 53.996028301899997 1.3734020058800001 1.37401447146 0.000244140625
53.996028301899997 54.015849056599997 1.3733895484800001 1.37400200588 0.000244140625
54.015849056599997 54.035669811299996 1.3733770992500001 1.37398954848 0.000244140625
54.035669811299996 54.055490566000003 1.3733646581800001 1.37397709925 0.000244140625
54.055490566000003 54.075311320799997 1.3733522252599999 1.37396465818 0.000244140625
54.075311320799997 54.095132075499997 1.3733398004899999 1.37395222526 0.000244140625
54.095132075499997 54.114952830199996 1.37332738385 1.3739398004900001 0.000244140625
54.114952830199996 54.134773584900003 1.37331497534 1.3739273838499999 0.000244140625
54.134773584900003 54.154594339600003 1.3733025749500001 1.37391497534 0.000244140625
54.154594339600003 54.174415094300002 1.3732901826699999 1.37390257495 0.000244140625
54.174415094300002 54.194235849099996 1.3732777985 1.3738901826700001 0.000244140625
54.194235849099996 54.214056603800003 1.37326542242 1.3738777984999999 0.000244140625
54.214056603800003 54.233877358500003 1.3732530544299999 1.37386542242 0.000244140625
54.233877358500003 54.253698113200002 1.37324069452 1.3738530544300001 0.000244140625
54.253698113200002 54.273518867900002 1.37322834268 1.3738406945199999 0.000244140625
54.273518867900002 54.293339622600001 1.3732159988999999 1.37382834268 0.000244140625
54.293339622600001 54.313160377400003 1.37320366317 1.3738159989000001 0.000244140625
54.313160377400003 54.332981132100002 1.3731913354900001 1.3738036631699999 0.000244140625
54.332981132100002 54.352801886800002 1.3731790158499999 1.37379133549 0.000244140625
54.352801886800002 54.372622641500001 1.37316670424 1.3737790158500001 0.000244140625
54.372622641500001 54.392443396200001 1.3731544006600001 1.3737667042399999 0.000244140625
54.392443396200001 54.4122641509 1.3731421050799999 1.37375440066 0.000244140625
54.4122641509 54.432084905700002 1.37312981751 1.3737421050800001 0.000244140625
54.432084905700002 54.451905660400001 1.37311753794 1.3737298175099999 0.000244140625
54.451905660400001 54.471726415100001 1.3731052663600001 1.37371753794 0.000244140625
54.471726415100001 54.4915471698 1.3730930027699999 1.37370526636 0.000244140625
54.4915471698 54.5113679245 1.3730807471399999 1.3736930027700001 0.000244140625
54.5113679245 54.5311886792 1.37306849948 1.3736807471400001 0.000244140625
54.5311886792 54.551009434000001 1.37305625978 1.3736684994799999 0.000244140625
54.551009434000001 54.5708301887 1.37304402803 1.3736562597799999 0.000244140625
54.5708301887 54.5906509434 1.37303180422 1.37364402803 0.000244140625
54.5906509434 54.6104716981 1.37301958835 1.37363180422 0.000244140625
54.6104716981 54.630292452799999 1.3730073804 1.37361958835 0.000244140625
54.630292452799999 54.650113207499999 1.37299518037 1.3736073804 0.000244140625
54.650113207499999 54.6699339623 1.37298298825 1.3735951803699999 0.000244140625
54.6699339623 54.689754717 1.3729708040299999 1.3735829882499999 0.000244140625
54.689754717 54.709575471699999 1.3729586277100001 1.3735708040300001 0.000244140625
54.709575471699999 54.729396226399999 1.37294645927 1.37355862771 0.000244140625
54.729396226399999 54.749216981099998 1.3729342987099999 1.37354645927 0.000244140625
54.749216981099998 54.769037735799998 1.3729221460300001 1.3735342987100001 0.000244140625
54.769037735799998 54.788858490599999 1.3729100012 1.37352214603 0.000244140625
54.788858490599999 54.808679245299999 1.37289786423 1.3735100012000001 0.000244140625
54.808679245299999 54.828499999999998 1.3728857351099999 1.37349786423 0.000244140625
54.828499999999998 54.848320754699998 1.37287361383 1.37348573511 0.000244140625
54.848320754699998 54.868141509399997 1.37286150037 1.3734736138300001 0.000244140625
54.868141509399997 54.887962264199999 1.37284939474 1.3734615003699999 0.000244140625
54.887962264199999 54.907783018899998 1.37283729693 1.3734493947399999 0.000244140625
54.907783018899998 54.927603773599998 1.37282520693 1.3734372969299999 0.000244140625
54.927603773599998 54.947424528299997 1.3728131247199999 1.3734252069299999 0.000244140625
54.947424528299997 54.967245282999997 1.3728010503100001 1.3734131247200001 0.000244140625
54.967245282999997 54.987066037699996 1.37278898369 1.37340105031 0.000244140625
54.987066037699996 55.006886792499998 1.3727769248399999 1.37338898369 0.000244140625
55.006886792499998 55.026707547199997 1.37276487376 1.3733769248400001 0.000244140625
55.026707547199997 55.046528301899997 1.3727528304400001 1.3733648737599999 0.000244140625
55.046528301899997 55.066349056599996 1.3727407948699999 1.37335283044 0.000244140625
55.066349056599996 55.086169811300003 1.3727287670499999 1.37334079487 0.000244140625
55.086169811300003 55.105990566000003 1.3727167469699999 1.3733287670500001 0.000244140625
55.105990566000003 55.125811320799997 1.3727047346200001 1.3733167469700001 0.000244140625
55.125811320799997 55.145632075499996 1.37269273 1.37330473462 0.000244140625
55.145632075499996 55.165452830200003 1.3726807330899999 1.37329273 0.000244140625
55.165452830200003 55.185273584900003 1.37266874388 1.3732807330900001 0.000244140625
55.185273584900003 55.205094339600002 1.3726567623799999 1.37326874388 0.000244140625
55.205094339600002 55.224915094300002 1.3726447885699999 1.3732567623800001 0.000244140625
55.224915094300002 55.244735849100003 1.37263282244 1.3732447885700001 0.000244140625
55.244735849100003 55.264556603800003 1.3726208639999999 1.3732328224399999 0.000244140625
55.264556603800003 55.284377358500002 1.3726089132199999 1.3732208640000001 0.000244140625
55.284377358500002 55.304198113200002 1.3725969701 1.37320891322 0.000244140625
55.304198113200002 55.324018867900001 1.3725850346399999 1.3731969701 0.000244140625
55.324018867900001 55.343839622600001 1.37257310682 1.3731850346400001 0.000244140625
55.343839622600001 55.363660377400002 1.37256118665 1.3731731068199999 0.000244140625
55.363660377400002 55.383481132100002 1.3725492741 1.37316118665 0.000244140625
55.383481132100002 55.403301886800001 1.37253736919 1.3731492741 0.000244140625
55.403301886800001 55.423122641500001 1.37252547188 1.37313736919 0.000244140625
55.423122641500001 55.4429433962 1.3725135821900001 1.3731254718799999 0.000244140625
55.4429433962 55.4627641509 1.3725017000999999 1.37311358219 0.000244140625
55.4627641509 55.482584905700001 1.3724898256 1.3731017001000001 0.000244140625
55.482584905700001 55.502405660400001 1.37247795869 1.3730898255999999 0.000244140625
55.502405660400001 55.5222264151 1.37246609936 1.3730779586899999 0.000244140625
55.5222264151 55.5420471698 1.3724542475999999 1.3730660993599999 0.000244140625
55.5420471698 55.5618679245 1.3724424034 1.3730542476000001 0.000244140625
55.5618679245 55.581688679199999 1.3724305667700001 1.3730424033999999 0.000244140625
55.581688679199999 55.601509434 1.3724187376799999 1.37303056677 0.000244140625
55.601509434 55.6213301887 1.3724069161300001 1.37301873768 0.000244140625
55.6213301887 55.6411509434 1.37239510212 1.37300691613 0.000244140625
55.6411509434 55.660971698099999 1.3723832956299999 1.37299510212 0.000244140625
55.660971698099999 55.680792452799999 1.37237149667 1.3729832956300001 0.000244140625
55.680792452799999 55.700613207499998 1.3723597052100001 1.37297149667 0.000244140625
55.700613207499998 55.7204339623 1.37234792127 1.37295970521 0.000244140625
55.7204339623 55.740254716999999 1.37233614482 1.37294792127 0.000244140625
55.740254716999999 55.760075471699999 1.3723243758599999 1.3729361448199999 0.000244140625
55.760075471699999 55.779896226399998 1.37231261438 1.37292437586 0.000244140625
55.779896226399998 55.799716981099998 1.37230086038 1.3729126143799999 0.000244140625
55.799716981099998 55.819537735799997 1.37228911384 1.3729008603799999 0.000244140625
55.819537735799997 55.839358490599999 1.3722773747699999 1.3728891138399999 0.000244140625
55.839358490599999 55.859179245299998 1.37226564315 1.37287737477 0.000244140625
55.859179245299998 55.878999999999998 1.37225391898 1.3728656431499999 0.000244140625
55.878999999999998 55.898820754699997 1.37224220225 1.37285391898 0.000244140625
55.898820754699997 55.918641509399997 1.37223049295 1.37284220225 0.000244140625
55.918641509399997 55.938462264199998 1.3722187910700001 1.3728304929499999 0.000244140625
55.938462264199998 55.958283018899998 1.37220709661 1.37281879107 0.000244140625
55.958283018899998 55.978103773599997 1.37219540956 1.3728070966100001 0.000244140625
55.978103773599997 55.997924528299997 1.3721837299099999 1.3727954095599999 0.000244140625
55.997924528299997 56.017745282999996 1.3721720576600001 1.3727837299100001 0.000244140625
56.017745282999996 56.037566037700003 1.3721603927999999 1.37277205766 0.000244140625
56.037566037700003 56.057386792499997 1.3721487353199999 1.3727603928000001 0.000244140625
56.057386792499997 56.077207547199997 1.3721370852100001 1.3727487353200001 0.000244140625
56.077207547199997 56.097028301899996 1.37212544247 1.37273708521 0.000244140625
56.097028301899996 56.116849056600003 1.3721138070800001 1.3727254424699999 0.000244140625
56.116849056600003 56.136669811300003 1.3721021790500001 1.37271380708 0.000244140625
56.136669811300003 56.156490566000002 1.37209055837 1.37270217905 0.000244140625
56.156490566000002 56.176311320799996 1.3720789450199999 1.37269055837 0.000244140625
56.176311320799996 56.196132075500003 1.372067339 1.3726789450200001 0.000244140625
56.196132075500003 56.215952830200003 1.37205574031 1.3726673389999999 0.000244140625
56.215952830200003 56.235773584900002 1.3720441489399999 1.3726557403099999 0.000244140625
56.235773584900002 56.255594339600002 1.37203256487 1.3726441489400001 0.000244140625
56.255594339600002 56.275415094300001 1.3720209881000001 1.37263256487 0.000244140625
56.275415094300001 56.295235849100003 1.37200941863 1.3726209881 0.000244140625
56.295235849100003 56.315056603800002 1.3719978564499999 1.37260941863 0.000244140625
56.315056603800002 56.334877358500002 1.37198630155 1.3725978564500001 0.000244140625
56.334877358500002 56.354698113200001 1.37197475393 1.3725863015499999 0.000244140625
56.354698113200001 56.374518867900001 1.37196321357 1.3725747539299999 0.000244140625
56.374518867900001 56.3943396226 1.37195168047 1.3725632135700001 0.000244140625
56.3943396226 56.414160377400002 1.3719401546200001 1.37255168047 0.000244140625
56.414160377400002 56.433981132100001 1.37192863602 1.37254015462 0.000244140625
56.433981132100001 56.453801886800001 1.3719171246599999 1.37252863602 0.000244140625
56.453801886800001 56.4736226415 1.37190562053 1.3725171246600001 0.000244140625
56.4736226415 56.4934433962 1.37189412362 1.3725056205299999 0.000244140625
56.4934433962 56.5132641509 1.3718826339300001 1.3724941236199999 0.000244140625
56.5132641509 56.533084905700001 1.3718711514599999 1.37248263393 0.000244140625
56.533084905700001 56.5529056604 1.3718596761799999 1.3724711514600001 0.000244140625
56.5529056604 56.5727264151 1.3718482081100001 1.3724596761800001 0.000244140625
56.5727264151 56.5925471698 1.3718367472199999 1.37244820811 0.000244140625
56.5925471698 56.612367924499999 1.3718252935099999 1.3724367472200001 0.000244140625
56.612367924499999 56.632188679199999 1.3718138469800001 1.3724252935100001 0.000244140625
56.632188679199999 56.652009434 1.3718024076199999 1.37241384698 0.000244140625
56.652009434 56.6718301887 1.3717909754299999 1.3724024076200001 0.000244140625
56.6718301887 56.691650943399999 1.3717795503800001 1.3723909754300001 0.000244140625
56.691650943399999 56.711471698099999 1.37176813249 1.37237955038 0.000244140625
56.711471698099999 56.731292452799998 1.37175672174 1.3723681324899999 0.000244140625
56.731292452799998 56.751113207499998 1.3717453181199999 1.3723567217399999 0.000244140625
56.751113207499998 56.770933962299999 1.37173392163 1.37234531812 0.000244140625
56.770933962299999 56.790754716999999 1.37172253226 1.3723339216299999 0.000244140625
56.790754716999999 56.810575471699998 1.3717111500000001 1.3723225322599999 0.000244140625
56.810575471699998 56.830396226399998 1.3716997748499999 1.37231115 0.000244140625
56.830396226399998 56.850216981099997 1.3716884067999999 1.3722997748500001 0.000244140625
56.850216981099997 56.870037735799997 1.3716770458400001 1.3722884068000001 0.000244140625
56.870037735799997 56.889858490599998 1.3716656919700001 1.37227704584 0.000244140625
56.889858490599998 56.909679245299998 1.3716543451800001 1.37226569197 0.000244140625
56.909679245299998 56.929499999999997 1.37164300547 1.37225434518 0.000244140625
56.929499999999997 56.949320754699997 1.37163167281 1.3722430054700001 0.000244140625
56.949320754699997 56.969141509400004 1.3716203472199999 1.3722316728099999 0.000244140625
56.969141509400004 56.988962264199998 1.37160902868 1.3722203472200001 0.000244140625
56.988962264199998 57.008783018899997 1.37159771719 1.3722090286799999 0.000244140625
57.008783018899997 57.028603773599997 1.3715864127299999 1.3721977171899999 0.000244140625
57.028603773599997 57.048424528300004 1.37157511531 1.3721864127300001 0.000244140625
57.048424528300004 57.068245283000003 1.37156382491 1.3721751153099999 0.000244140625
57.068245283000003 57.088066037700003 1.3715525415300001 1.3721638249100001 0.000244140625
57.088066037700003 57.107886792499997 1.3715412651600001 1.37215254153 0.000244140625
57.107886792499997 57.127707547200004 1.3715299958 1.37214126516 0.000244140625
57.127707547200004 57.147528301900003 1.3715187334300001 1.3721299957999999 0.000244140625
57.147528301900003 57.167349056600003 1.3715074780600001 1.37211873343 0.000244140625
57.167349056600003 57.187169811300002 1.37149622968 1.37210747806 0.000244140625
57.187169811300002 57.206990566000002 1.37148498827 1.3720962296699999 0.000244140625
57.206990566000002 57.226811320800003 1.3714737538299999 1.3720849882699999 0.000244140625
57.226811320800003 57.246632075500003 1.37146252636 1.3720737538300001 0.000244140625
57.246632075500003 57.266452830200002 1.37145130584 1.3720625263599999 0.000244140625
57.266452830200002 57.286273584900002 1.3714400922800001 1.3720513058399999 0.000244140625
57.286273584900002 57.306094339600001 1.3714288856600001 1.37204009228 0.000244140625
57.306094339600001 57.325915094300001 1.37141768599 1.37202888566 0.000244140625
57.325915094300001 57.345735849100002 1.3714064932400001 1.37201768599 0.000244140625
57.345735849100002 57.365556603800002 1.37139530742 1.37200649324 0.000244140625
57.365556603800002 57.385377358500001 1.3713841285099999 1.37199530742 0.000244140625
57.385377358500001 57.405198113200001 1.3713729565199999 1.3719841285100001 0.000244140625
57.405198113200001 57.4250188679 1.37136179144 1.3719729565200001 0.000244140625
57.4250188679 57.4448396226 1.3713506332500001 1.37196179144 0.000244140625
57.4448396226 57.464660377400001 1.37133948196 1.37195063325 0.000244140625
57.464660377400001 57.484481132100001 1.3713283375500001 1.3719394819599999 0.000244140625
57.484481132100001 57.5043018868 1.37131720002 1.37192833755 0.000244140625
57.5043018868 57.5241226415 1.3713060693600001 1.3719172000199999 0.000244140625
57.5241226415 57.5439433962 1.3712949455700001 1.37190606936 0.000244140625
57.5439433962 57.563764150899999 1.37128382864 1.37189494557 0.000244140625
57.563764150899999 57.5835849057 1.37127271856 1.3718838286399999 0.000244140625
57.5835849057 57.6034056604 1.3712616153199999 1.3718727185599999 0.000244140625
57.6034056604 57.6232264151 1.3712505189299999 1.3718616153200001 0.000244140625
57.6232264151 57.643047169799999 1.3712394293700001 1.3718505189300001 0.000244140625
57.643047169799999 57.662867924499999 1.3712283466399999 1.37183942937 0.000244140625
57.662867924499999 57.682688679199998 1.3712172707300001 1.3718283466400001 0.000244140625
57.682688679199998 57.702509434 1.37120620163 1.37181727073 0.000244140625
57.702509434 57.722330188699999 1.3711951393399999 1.3718062016300001 0.000244140625
57.722330188699999 57.742150943399999 1.37118408385 1.3717951393400001 0.000244140625
57.742150943399999 57.761971698099998 1.37117303516 1.3717840838499999 0.000244140625
57.761971698099998 57.781792452799998 1.3711619932500001 1.3717730351599999 0.000244140625
57.781792452799998 57.801613207499997 1.3711509581300001 1.37176199325 0.000244140625
57.801613207499997 57.821433962299999 1.37113992978 1.37175095813 0.000244140625
57.821433962299999 57.841254716999998 1.3711289082 1.3717399297799999 0.000244140625
57.841254716999998 57.861075471699998 1.3711178933799999 1.3717289081999999 0.000244140625
57.861075471699998 57.880896226399997 1.3711068853199999 1.3717178933800001 0.000244140625
57.880896226399997 57.900716981099997 1.371095884 1.3717068853200001 0.000244140625
57.900716981099997 57.920537735800004 1.3710848894400001 1.371695884 0.000244140625
57.920537735800004 57.940358490599998 1.3710739016 1.37168488944 0.000244140625
57.940358490599998 57.960179245299997 1.3710629205 1.3716739015999999 0.000244140625
57.960179245299997 57.979999999999997 1.3710519461199999 1.3716629204999999 0.000244140625
57.979999999999997 57.999820754700004 1.3710409784699999 1.3716519461200001 0.000244140625
57.999820754700004 58.019641509400003 1.3710300175200001 1.3716409784700001 0.000244140625
58.019641509400003 58.039462264199997 1.3710190632799999 1.37163001752 0.000244140625
58.039462264199997 58.059283018899997 1.37100811573 1.3716190632800001 0.000244140625
58.059283018899997 58.079103773600004 1.3709971748800001 1.37160811573 0.000244140625
58.079103773600004 58.098924528300003 1.37098624072 1.37159717488 0.000244140625
58.098924528300003 58.118745283000003 1.37097531323 1.3715862407199999 0.000244140625
58.118745283000003 58.138566037700002 1.3709643924199999 1.3715753132299999 0.000244140625
58.138566037700002 58.158386792500004 1.3709534782699999 1.3715643924200001 0.000244140625
58.158386792500004 58.178207547200003 1.37094257079 1.3715534782700001 0.000244140625
58.178207547200003 58.198028301900003 1.37093166996 1.37154257079 0.000244140625
58.198028301900003 58.217849056600002 1.3709207757799999 1.37153166996 0.000244140625
58.217849056600002 58.237669811300002 1.3709098882499999 1.3715207757800001 0.000244140625
58.237669811300002 58.257490566000001 1.37089900735 1.3715098882500001 0.000244140625
58.257490566000001 58.277311320800003 1.37088813307 1.37149900735 0.000244140625
58.277311320800003 58.297132075500002 1.3708772654300001 1.3714881330699999 0.000244140625
58.297132075500002 58.316952830200002 1.3708664044000001 1.37147726543 0.000244140625
58.316952830200002 58.336773584900001 1.3708555499799999 1.3714664044 0.000244140625
58.336773584900001 58.356594339600001 1.3708447021600001 1.3714555499800001 0.000244140625
58.356594339600001 58.3764150943 1.3708338609499999 1.37144470216 0.000244140625
58.3764150943 58.396235849100002 1.3708230263200001 1.3714338609500001 0.000244140625
58.396235849100002 58.416056603800001 1.3708121982899999 1.37142302632 0.000244140625
58.416056603800001 58.435877358500001 1.37080137683 1.3714121982900001 0.000244140625
58.435877358500001 58.4556981132 1.37079056195 1.37140137683 0.000244140625
58.4556981132 58.4755188679 1.3707797536299999 1.37139056195 0.000244140625
58.4755188679 58.4953396226 1.3707689518799999 1.3713797536300001 0.000244140625
58.4953396226 58.515160377400001 1.37075815668 1.3713689518800001 0.000244140625
58.515160377400001 58.5349811321 1.37074736803 1.3713581566799999 0.000244140625
58.5349811321 58.5548018868 1.37073658593 1.3713473680299999 0.000244140625
58.5548018868 58.5746226415 1.37072581036 1.37133658593 0.000244140625
58.5746226415 58.594443396199999 1.37071504132 1.3713258103599999 0.000244140625
58.594443396199999 58.614264150899999 1.3707042788099999 1.3713150413199999 0.000244140625
58.614264150899999 58.6340849057 1.3706935228199999 1.3713042788100001 0.000244140625
58.6340849057 58.6539056604 1.37068277334 1.3712935228200001 0.000244140625
58.6539056604 58.673726415099999 1.37067203036 1.3712827733399999 0.000244140625
58.673726415099999 58.693547169799999 1.37066129389 1.3712720303599999 0.000244140625
58.693547169799999 58.713367924499998 1.37065056391 1.37126129389 0.000244140625
58.713367924499998 58.733188679199998 1.37063984042 1.3712505639100001 0.000244140625
58.733188679199998 58.753009433999999 1.3706291234200001 1.3712398404199999 0.000244140625
58.753009433999999 58.772830188699999 1.3706184128900001 1.37122912342 0.000244140625
58.772830188699999 58.792650943399998 1.3706077088299999 1.37121841289 0.000244140625
58.792650943399998 58.812471698099998 1.3705970112300001 1.3712077088300001 0.000244140625
58.812471698099998 58.832292452799997 1.3705863200899999 1.37119701123 0.000244140625
58.832292452799997 58.852113207499997 1.37057563541 1.3711863200900001 0.000244140625
58.852113207499997 58.871933962299998 1.37056495717 1.37117563541 0.000244140625
58.871933962299998 58.891754716999998 1.3705542853699999 1.37116495717 0.000244140625
58.891754716999998 58.911575471699997 1.3705436200000001 1.3711542853700001 0.000244140625
58.911575471699997 58.931396226399997 1.3705329610700001 1.37114362 0.000244140625
58.931396226399997 58.951216981100004 1.37052230855 1.37113296107 0.000244140625
58.951216981100004 58.971037735800003 1.37051166246 1.3711223085499999 0.000244140625
58.971037735800003 58.990858490599997 1.3705010227700001 1.3711116624599999 0.000244140625
58.990858490599997 59.010679245299997 1.37049038949 1.37110102277 0.000244140625
59.010679245299997 59.030500000000004 1.3704797626 1.37109038949 0.000244140625
59.030500000000004 59.050320754700003 1.3704691421099999 1.3710797626 0.000244140625
59.050320754700003 59.070141509400003 1.3704585280099999 1.3710691421100001 0.000244140625
59.070141509400003 59.089962264199997 1.37044792028 1.3710585280100001 0.000244140625
59.089962264199997 59.109783018900004 1.3704373189300001 1.3710479202800001 0.000244140625
59.109783018900004 59.129603773600003 1.3704267239500001 1.37103731893 0.000244140625
59.129603773600003 59.149424528300003 1.37041613534 1.37102672395 0.000244140625
59.149424528300003 59.169245283000002 1.3704055530799999 1.3710161353400001 0.000244140625
59.169245283000002 59.189066037700002 1.3703949771699999 1.3710055530800001 0.000244140625
59.189066037700002 59.208886792500003 1.3703844076 1.3709949771700001 0.000244140625
59.208886792500003 59.228707547200003 1.37037384438 1.3709844076 0.000244140625
59.228707547200003 59.248528301900002 1.37036328749 1.3709738443799999 0.000244140625
59.248528301900002 59.268349056600002 1.3703527369299999 1.37096328749 0.000244140625
59.268349056600002 59.288169811300001 1.3703421926799999 1.3709527369300001 0.000244140625
59.288169811300001 59.307990566000001 1.37033165476 1.3709421926800001 0.000244140625
59.307990566000001 59.327811320800002 1.3703211231500001 1.3709316547599999 0.000244140625
59.327811320800002 59.347632075500002 1.3703105978400001 1.37092112315 0.000244140625
59.347632075500002 59.367452830200001 1.3703000788199999 1.37091059784 0.000244140625
59.367452830200001 59.387273584900001 1.3702895661100001 1.3709000788200001 0.000244140625
59.387273584900001 59.4070943396 1.3702790596700001 1.37088956611 0.000244140625
59.4070943396 59.4269150943 1.3702685595199999 1.37087905967 0.000244140625
59.4269150943 59.446735849100001 1.3702580656500001 1.3708685595200001 0.000244140625
59.446735849100001 59.466556603800001 1.3702475780400001 1.37085806565 0.000244140625
59.466556603800001 59.4863773585 1.3702370966999999 1.37084757804 0.000244140625
59.4863773585 59.5061981132 1.3702266216200001 1.3708370967000001 0.000244140625
59.5061981132 59.5260188679 1.3702161527900001 1.37082662162 0.000244140625
59.5260188679 59.545839622599999 1.3702056901999999 1.37081615279 0.000244140625
59.545839622599999 59.5656603774 1.3701952338600001 1.3708056902000001 0.000244140625
59.5656603774 59.5854811321 1.3701847837500001 1.37079523386 0.000244140625
59.5854811321 59.6053018868 1.3701743398699999 1.37078478375 0.000244140625
59.6053018868 59.625122641499999 1.3701639022200001 1.3707743398700001 0.000244140625
59.625122641499999 59.644943396199999 1.37015347078 1.37076390222 0.000244140625
59.644943396199999 59.664764150899998 1.3701430455500001 1.37075347078 0.000244140625
59.664764150899998 59.6845849057 1.37013262653 1.37074304555 0.000244140625
59.6845849057 59.704405660399999 1.37012221372 1.3707326265299999 0.000244140625
59.704405660399999 59.724226415099999 1.37011180709 1.3707222137199999 0.000244140625
59.724226415099999 59.744047169799998 1.3701014066599999 1.37071180709 0.000244140625
59.744047169799998 59.763867924499998 1.3700910124100001 1.3707014066600001 0.000244140625
59.763867924499998 59.783688679199997 1.3700806243400001 1.37069101241 0.000244140625
59.783688679199997 59.803509433999999 1.37007024244 1.37068062434 0.000244140625
59.803509433999999 59.823330188699998 1.3700598667099999 1.3706702424399999 0.000244140625
59.823330188699998 59.843150943399998 1.3700494971299999 1.3706598667100001 0.000244140625
59.843150943399998 59.862971698099997 1.37003913372 1.3706494971300001 0.000244140625
59.862971698099997 59.882792452799997 1.3700287764500001 1.3706391337199999 0.000244140625
59.882792452799997 59.902613207500004 1.3700184253300001 1.37062877645 0.000244140625
59.902613207500004 59.922433962299998 1.3700080803500001 1.37061842533 0.000244140625
59.922433962299998 59.942254716999997 1.36999774149 1.37060808035 0.000244140625
59.942254716999997 59.962075471699997 1.3699874087699999 1.3705977414899999 0.000244140625
59.962075471699997 59.981896226400004 1.3699770821699999 1.3705874087700001 0.000244140625
59.981896226400004 60.001716981100003 1.36996676169 1.3705770821700001 0.000244140625
60.001716981100003 60.021537735800003 1.3699564473100001 1.3705667616899999 0.000244140625
60.021537735800003 60.041358490599997 1.3699461390400001 1.37055644731 0.000244140625
60.041358490599997 60.061179245300004 1.3699358368700001 1.37054613904 0.000244140625
60.061179245300004 60.081000000000003 1.36992554079 1.37053583687 0.000244140625
60.081000000000003 60.100820754700003 1.3699152508100001 1.3705255407900001 0.000244140625
60.100820754700003 60.120641509400002 1.3699049669000001 1.37051525081 0.000244140625
60.120641509400002 60.140462264200004 1.3698946890699999 1.3705049669 0.000244140625
60.140462264200004 60.160283018900003 1.36988441732 1.37049468907 0.000244140625
60.160283018900003 60.180103773600003 1.3698741516299999 1.3704844173199999 0.000244140625
60.180103773600003 60.199924528300002 1.3698638919999999 1.3704741516300001 0.000244140625
60.199924528300002 60.219745283000002 1.36985363842 1.3704638920000001 0.000244140625
60.219745283000002 60.239566037700001 1.3698433909000001 1.3704536384199999 0.000244140625
60.239566037700001 60.259386792500003 1.36983314942 1.3704433909 0.000244140625
60.259386792500003 60.279207547200002 1.36982291398 1.3704331494199999 0.000244140625
60.279207547200002 60.299028301900002 1.36981268457 1.3704229139799999 0.000244140625
60.299028301900002 60.318849056600001 1.3698024611899999 1.37041268457 0.000244140625
60.318849056600001 60.338669811300001 1.3697922438300001 1.3704024611900001 0.000244140625
60.338669811300001 60.358490566 1.3697820324800001 1.37039224383 0.000244140625
60.358490566 60.378311320800002 1.3697718271499999 1.37038203248 0.000244140625
60.378311320800002 60.398132075500001 1.36976162783 1.3703718271500001 0.000244140625
60.398132075500001 60.417952830200001 1.3697514344999999 1.3703616278299999 0.000244140625
60.417952830200001 60.4377735849 1.3697412471699999 1.3703514345000001 0.000244140625
60.4377735849 60.4575943396 1.3697310658299999 1.3703412471700001 0.000244140625
60.4575943396 60.4774150943 1.36972089048 1.3703310658300001 0.000244140625
60.4774150943 60.497235849100001 1.3697107210999999 1.3703208904799999 0.000244140625
60.497235849100001 60.5170566038 1.3697005576900001 1.3703107211000001 0.000244140625
60.5170566038 60.5368773585 1.3696904002600001 1.37030055769 0.000244140625
60.5368773585 60.5566981132 1.3696802487799999 1.37029040026 0.000244140625
60.5566981132 60.576518867899999 1.36967010326 1.3702802487800001 0.000244140625
60.576518867899999 60.596339622599999 1.3696599637 1.37027010326 0.000244140625
60.596339622599999 60.6161603774 1.36964983008 1.3702599636999999 0.000244140625
60.6161603774 60.6359811321 1.3696397024 1.3702498300799999 0.000244140625
60.6359811321 60.655801886799999 1.3696295806500001 1.3702397023999999 0.000244140625
60.655801886799999 60.675622641499999 1.36961946484 1.37022958065 0.000244140625
60.675622641499999 60.695443396199998 1.3696093549499999 1.3702194648399999 0.000244140625
60.695443396199998 60.715264150899998 1.3695992509799999 1.3702093549500001 0.000244140625
60.715264150899998 60.735084905699999 1.3695891529299999 1.3701992509800001 0.000244140625
60.735084905699999 60.754905660399999 1.36957906078 1.3701891529300001 0.000244140625
60.754905660399999 60.774726415099998 1.3695689745399999 1.37017906078 0.000244140625
60.774726415099998 60.794547169799998 1.3695588941900001 1.3701689745400001 0.000244140625
60.794547169799998 60.814367924499997 1.3695488197400001 1.37015889419 0.000244140625
60.814367924499997 60.834188679199997 1.3695387511799999 1.37014881974 0.000244140625
60.834188679199997 60.854009433999998 1.36952868849 1.3701387511800001 0.000244140625
60.854009433999998 60.873830188699998 1.3695186316900001 1.3701286884899999 0.000244140625
60.873830188699998 60.893650943399997 1.36950858075 1.37011863169 0.000244140625
60.893650943399997 60.913471698099997 1.36949853569 1.37010858075 0.000244140625
60.913471698099997 60.933292452800004 1.36948849648 1.37009853569 0.000244140625
60.933292452800004 60.953113207500003 1.3694784631300001 1.37008849648 0.000244140625
60.953113207500003 60.972933962299997 1.36946843563 1.37007846313 0.000244140625
60.972933962299997 60.992754716999997 1.3694584139699999 1.3700684356299999 0.000244140625
60.992754716999997 61.012575471700004 1.3694483981600001 1.3700584139700001 0.000244140625
61.012575471700004 61.032396226400003 1.3694383881800001 1.37004839816 0.000244140625
61.032396226400003 61.052216981100003 1.3694283840199999 1.37003838818 0.000244140625
61.052216981100003 61.072037735800002 1.3694183857 1.37002838402 0.000244140625
61.072037735800002 61.091858490600004 1.3694083931900001 1.3700183856999999 0.000244140625
61.091858490600004 61.111679245300003 1.36939840649 1.37000839319 0.000244140625
61.111679245300003 61.131500000000003 1.36938842561 1.3699984064899999 0.000244140625
61.131500000000003 61.151320754700002 1.36937845053 1.3699884256099999 0.000244140625
61.151320754700002 61.171141509400002 1.36936848124 1.3699784505299999 0.000244140625
61.171141509400002 61.190962264200003 1.3693585177500001 1.3699684812399999 0.000244140625
61.190962264200003 61.210783018900003 1.3693485600499999 1.36995851775 0.000244140625
61.210783018900003 61.230603773600002 1.3693386081300001 1.3699485600500001 0.000244140625
61.230603773600002 61.250424528300002 1.36932866198 1.36993860813 0.000244140625
61.250424528300002 61.270245283000001 1.36931872161 1.36992866198 0.000244140625
61.270245283000001 61.290066037700001 1.36930878701 1.3699187216099999 0.000244140625
61.290066037700001 61.309886792500002 1.3692988581600001 1.36990878701 0.000244140625
61.309886792500002 61.329707547200002 1.3692889350799999 1.36989885816 0.000244140625
61.329707547200002 61.349528301900001 1.36927901774 1.3698889350800001 0.000244140625
61.349528301900001 61.369349056600001 1.36926910616 1.36987901774 0.000244140625
61.369349056600001 61.3891698113 1.3692592003099999 1.3698691061599999 0.000244140625
61.3891698113 61.408990566 1.3692493001999999 1.3698592003100001 0.000244140625
61.408990566 61.428811320800001 1.3692394058199999 1.3698493002000001 0.000244140625
61.428811320800001 61.448632075500001 1.36922951717 1.3698394058200001 0.000244140625
61.448632075500001 61.4684528302 1.36921963424 1.3698295171699999 0.000244140625
61.4684528302 61.4882735849 1.3692097570199999 1.36981963424 0.000244140625
61.4882735849 61.5080943396 1.36919988552 1.3698097570200001 0.000244140625
61.5080943396 61.527915094299999 1.36919001972 1.36979988552 0.000244140625
61.527915094299999 61.5477358491 1.3691801596199999 1.3697900197199999 0.000244140625
61.5477358491 61.5675566038 1.3691703052099999 1.3697801596200001 0.000244140625
61.5675566038 61.5873773585 1.3691604565 1.3697703052100001 0.000244140625
61.5873773585 61.607198113199999 1.36915061347 1.3697604564999999 0.000244140625
61.607198113199999 61.627018867899999 1.3691407761200001 1.3697506134699999 0.000244140625
61.627018867899999 61.646839622599998 1.3691309444499999 1.36974077612 0.000244140625
61.646839622599998 61.6666603774 1.3691211184500001 1.3697309444500001 0.000244140625
61.6666603774 61.686481132099999 1.36911129811 1.36972111845 0.000244140625
61.686481132099999 61.706301886799999 1.3691014834299999 1.3697112981099999 0.000244140625
61.706301886799999 61.726122641499998 1.3690916744099999 1.3697014834300001 0.000244140625
61.726122641499998 61.745943396199998 1.3690818710399999 1.3696916744100001 0.000244140625
61.745943396199998 61.765764150899997 1.3690720733099999 1.3696818710400001 0.000244140625
61.765764150899997 61.785584905699999 1.36906228123 1.3696720733100001 0.000244140625
61.785584905699999 61.805405660399998 1.36905249477 1.3696622812299999 0.000244140625
61.805405660399998 61.825226415099998 1.3690427139500001 1.36965249477 0.000244140625
61.825226415099998 61.845047169799997 1.36903293876 1.36964271395 0.000244140625
61.845047169799997 61.864867924499997 1.3690231691800001 1.3696329387599999 0.000244140625
61.864867924499997 61.884688679200003 1.36901340522 1.36962316918 0.000244140625
61.884688679200003 61.904509433999998 1.36900364686 1.36961340522 0.000244140625
61.904509433999998 61.924330188699997 1.3689938941199999 1.3696036468599999 0.000244140625
61.924330188699997 61.944150943399997 1.3689841469699999 1.3695938941200001 0.000244140625
61.944150943399997 61.963971698100003 1.3689744054199999 1.3695841469700001 0.000244140625
61.963971698100003 61.983792452800003 1.3689646694599999 1.3695744054200001 0.000244140625
61.983792452800003 62.003613207500003 1.36895493908 1.3695646694600001 0.000244140625
62.003613207500003 62.023433962299997 1.36894521429 1.3695549390799999 0.000244140625
62.023433962299997 62.043254717000003 1.3689354950699999 1.36954521429 0.000244140625
62.043254717000003 62.063075471700003 1.36892578142 1.3695354950700001 0.000244140625
62.063075471700003 62.082896226400003 1.3689160733300001 1.3695257814199999 0.000244140625
62.082896226400003 62.102716981100002 1.36890637081 1.36951607333 0.000244140625
62.102716981100002 62.122537735800002 1.3688966738399999 1.3695063708099999 0.000244140625
62.122537735800002 62.142358490600003 1.3688869824300001 1.3694966738400001 0.000244140625
62.142358490600003 62.162179245300003 1.36887729655 1.36948698243 0.000244140625
62.162179245300003 62.182000000000002 1.36886761622 1.3694772965499999 0.000244140625
62.182000000000002 62.201820754700002 1.3688579414299999 1.3694676162199999 0.000244140625
62.201820754700002 62.221641509400001 1.3688482721699999 1.3694579414300001 0.000244140625
62.221641509400001 62.241462264200003 1.3688386084299999 1.3694482721700001 0.000244140625
62.241462264200003 62.261283018900002 1.36882895022 1.3694386084300001 0.000244140625
62.261283018900002 62.281103773600002 1.36881929752 1.3694289502200001 0.000244140625
62.281103773600002 62.300924528300001 1.36880965034 1.3694192975199999 0.000244140625
62.300924528300001 62.320745283000001 1.3688000086600001 1.36940965034 0.000244140625
62.320745283000001 62.3405660377 1.3687903724799999 1.36940000866 0.000244140625
62.3405660377 62.360386792500002 1.3687807418 1.3693903724800001 0.000244140625
62.360386792500002 62.380207547200001 1.3687711166100001 1.3693807417999999 0.000244140625
62.380207547200001 62.400028301900001 1.3687614969199999 1.36937111661 0.000244140625
62.400028301900001 62.4198490566 1.3687518827 1.3693614969200001 0.000244140625
62.4198490566 62.4396698113 1.3687422739599999 1.3693518827 0.000244140625
62.4396698113 62.459490565999999 1.3687326707 1.3693422739600001 0.000244140625
62.459490565999999 62.479311320800001 1.3687230728999999 1.3693326707 0.000244140625
62.479311320800001 62.4991320755 1.3687134805700001 1.3693230729000001 0.000244140625
62.4991320755 62.5189528302 1.36870389369 1.36931348057 0.000244140625
62.5189528302 62.538773584899999 1.3686943122699999 1.3693038936899999 0.000244140625
62.538773584899999 62.558594339599999 1.3686847363000001 1.3692943122700001 0.000244140625
62.558594339599999 62.578415094299999 1.36867516577 1.3692847363 0.000244140625
62.578415094299999 62.5982358491 1.36866560069 1.36927516577 0.000244140625
62.5982358491 62.618056603799999 1.3686560410299999 1.3692656006899999 0.000244140625
62.618056603799999 62.637877358499999 1.3686464868099999 1.3692560410300001 0.000244140625
62.637877358499999 62.657698113199999 1.3686369380200001 1.3692464868100001 0.000244140625
62.657698113199999 62.677518867899998 1.3686273946400001 1.36923693802 0.000244140625
62.677518867899998 62.697339622599998 1.36861785668 1.36922739464 0.000244140625
62.697339622599998 62.717160377399999 1.36860832413 1.36921785668 0.000244140625
62.717160377399999 62.736981132099999 1.36859879699 1.3692083241299999 0.000244140625
62.736981132099999 62.756801886799998 1.36858927525 1.3691987969899999 0.000244140625
62.756801886799998 62.776622641499998 1.3685797589099999 1.3691892752499999 0.000244140625
62.776622641499998 62.796443396199997 1.3685702479599999 1.3691797589100001 0.000244140625
62.796443396199997 62.816264150899997 1.3685607423899999 1.3691702479600001 0.000244140625
62.816264150899997 62.836084905699998 1.3685512422099999 1.3691607423900001 0.000244140625
62.836084905699998 62.855905660399998 1.3685417474099999 1.3691512422100001 0.000244140625
62.855905660399998 62.875726415099997 1.3685322579800001 1.3691417474100001 0.000244140625
62.875726415099997 62.895547169799997 1.3685227739200001 1.36913225798 0.000244140625
62.895547169799997 62.915367924500003 1.3685132952200001 1.36912277392 0.000244140625
62.915367924500003 62.935188679200003 1.3685038218900001 1.36911329522 0.000244140625
62.935188679200003 62.955009433999997 1.3684943539100001 1.36910382189 0.000244140625
62.955009433999997 62.974830188699997 1.3684848912800001 1.36909435391 0.000244140625
62.974830188699997 62.994650943400003 1.36847543399 1.36908489128 0.000244140625
62.994650943400003 63.014471698100003 1.36846598204 1.36907543399 0.000244140625
63.014471698100003 63.034292452800003 1.36845653543 1.36906598204 0.000244140625
63.034292452800003 63.054113207500002 1.36844709416 1.3690565354299999 0.000244140625
63.054113207500002 63.073933962300003 1.36843765821 1.3690470941599999 0.000244140625
63.073933962300003 63.093754717000003 1.3684282275799999 1.3690376582099999 0.000244140625
63.093754717000003 63.113575471700003 1.3684188022699999 1.3690282275800001 0.000244140625
63.113575471700003 63.133396226400002 1.3684093822700001 1.3690188022700001 0.000244140625
63.133396226400002 63.153216981100002 1.36839996758 1.36900938227 0.000244140625
63.153216981100002 63.173037735800001 1.36839055819 1.36899996758 0.000244140625
63.173037735800001 63.192858490600003 1.3683811541099999 1.3689905581899999 0.000244140625
63.192858490600003 63.212679245300002 1.3683717553200001 1.3689811541100001 0.000244140625
63.212679245300002 63.232500000000002 1.36836236182 1.36897175532 0.000244140625
63.232500000000002 63.252320754700001 1.3683529736 1.36896236182 0.000244140625
63.252320754700001 63.272141509400001 1.3683435906600001 1.3689529735999999 0.000244140625
63.272141509400001 63.291962264200002 1.368334213 1.36894359066 0.000244140625
63.291962264200002 63.311783018900002 1.3683248406199999 1.368934213 0.000244140625
63.311783018900002 63.331603773600001 1.3683154735 1.3689248406200001 0.000244140625
63.331603773600001 63.351424528300001 1.3683061116399999 1.3689154735 0.000244140625
63.351424528300001 63.371245283 1.36829675504 1.3689061116400001 0.000244140625
63.371245283 63.3910660377 1.3682874036899999 1.36889675504 0.000244140625
63.3910660377 63.410886792500001 1.36827805759 1.3688874036900001 0.000244140625
63.410886792500001 63.430707547200001 1.3682687167400001 1.3688780575899999 0.000244140625
63.430707547200001 63.4505283019 1.3682593811299999 1.36886871674 0.000244140625
63.4505283019 63.4703490566 1.3682500507499999 1.3688593811300001 0.000244140625
63.4703490566 63.490169811299999 1.3682407256 1.3688500507500001 0.000244140625
63.490169811299999 63.509990565999999 1.36823140568 1.3688407255999999 0.000244140625
63.509990565999999 63.5298113208 1.36822209098 1.3688314056799999 0.000244140625
63.5298113208 63.5496320755 1.3682127815 1.36882209098 0.000244140625
63.5496320755 63.569452830199999 1.36820347723 1.3688127815 0.000244140625
63.569452830199999 63.589273584899999 1.36819417817 1.36880347723 0.000244140625
63.589273584899999 63.609094339599999 1.36818488431 1.3687941781699999 0.000244140625
63.609094339599999 63.628915094299998 1.3681755956499999 1.3687848843099999 0.000244140625
63.628915094299998 63.648735849099999 1.3681663121900001 1.3687755956500001 0.000244140625
63.648735849099999 63.668556603799999 1.36815703392 1.36876631219 0.000244140625
63.668556603799999 63.688377358499999 1.3681477608299999 1.3687570339199999 0.000244140625
63.688377358499999 63.708198113199998 1.36813849292 1.36874776083 0.000244140625
63.708198113199998 63.728018867899998 1.3681292301900001 1.3687384929199999 0.000244140625
63.728018867899998 63.747839622599997 1.36811997264 1.36872923019 0.000244140625
63.747839622599997 63.767660377399999 1.36811072025 1.3687199726399999 0.000244140625
63.767660377399999 63.787481132099998 1.3681014730200001 1.36871072025 0.000244140625
63.787481132099998 63.807301886799998 1.3680922309600001 1.36870147302 0.000244140625
63.807301886799998 63.827122641499997 1.3680829940499999 1.36869223096 0.000244140625
63.827122641499997 63.846943396199997 1.3680737622900001 1.36868299405 0.000244140625
63.846943396199997 63.866764150900003 1.3680645356700001 1.36867376229 0.000244140625
63.866764150900003 63.886584905699998 1.3680553142 1.36866453567 0.000244140625
63.886584905699998 63.906405660399997 1.36804609786 1.3686553142 0.000244140625
63.906405660399997 63.926226415099997 1.3680368866599999 1.3686460978599999 0.000244140625
63.926226415099997 63.946047169800003 1.36802768058 1.3686368866600001 0.000244140625
63.946047169800003 63.965867924500003 1.3680184796299999 1.36862768058 0.000244140625
63.965867924500003 63.985688679200003 1.3680092838 1.3686184796300001 0.000244140625
63.985688679200003 64.005509434000004 1.36800009308 1.3686092837999999 0.000244140625
64.005509434000004 64.025330188699996 1.3679909074700001 1.36860009308 0.000244140625
64.025330188699996 64.045150943400003 1.3679817269700001 1.36859090747 0.000244140625
64.045150943400003 64.064971698099995 1.3679725515700001 1.36858172697 0.000244140625
64.064971698099995 64.084792452800002 1.3679633812700001 1.36857255157 0.000244140625
64.084792452800002 64.104613207499995 1.36795421606 1.36856338127 0.000244140625
64.104613207499995 64.124433962300003 1.3679450559399999 1.3685542160599999 0.000244140625
64.124433962300003 64.144254716999995 1.3679359009100001 1.3685450559400001 0.000244140625
64.144254716999995 64.164075471700002 1.3679267509499999 1.36853590091 0.000244140625
64.164075471700002 64.183896226399995 1.36791760607 1.3685267509500001 0.000244140625
64.183896226399995 64.203716981100001 1.3679084662600001 1.3685176060699999 0.000244140625
64.203716981100001 64.223537735799994 1.3678993315200001 1.36850846626 0.000244140625
64.223537735799994 64.243358490600002 1.3678902018400001 1.36849933152 0.000244140625
64.243358490600002 64.263179245299995 1.3678810772200001 1.36849020184 0.000244140625
64.263179245299995 64.283000000000001 1.36787195766 1.36848107722 0.000244140625
64.283000000000001 64.302820754699994 1.36786284314 1.36847195766 0.000244140625
64.302820754699994 64.3226415094 1.3678537336700001 1.3684628431400001 0.000244140625
64.3226415094 64.342462264199995 1.3678446292399999 1.36845373367 0.000244140625
64.342462264199995 64.362283018900001 1.36783552985 1.3684446292400001 0.000244140625
64.362283018900001 64.382103773599994 1.36782643549 1.3684355298499999 0.000244140625
64.382103773599994 64.4019245283 1.3678173461600001 1.36842643549 0.000244140625
64.4019245283 64.421745283000007 1.36780826185 1.36841734616 0.000244140625
64.421745283000007 64.441566037699999 1.36779918256 1.36840826185 0.000244140625
64.441566037699999 64.461386792499994 1.3677901082899999 1.3683991825599999 0.000244140625
64.461386792499994 64.4812075472 1.36778103903 1.3683901082900001 0.000244140625
64.4812075472 64.501028301900007 1.3677719747799999 1.36838103903 0.000244140625
64.501028301900007 64.520849056599999 1.36776291552 1.3683719747800001 0.000244140625
64.520849056599999 64.540669811300006 1.36775386127 1.3683629155199999 0.000244140625
64.540669811300006 64.560490565999999 1.36774481201 1.3683538612699999 0.000244140625
64.560490565999999 64.580311320800007 1.3677357677399999 1.3683448120099999 0.000244140625
64.580311320800007 64.600132075499999 1.3677267284600001 1.3683357677400001 0.000244140625
64.600132075499999 64.619952830200006 1.36771769416 1.36832672846 0.000244140625
64.619952830200006 64.639773584899999 1.3677086648300001 1.3683176941599999 0.000244140625
64.639773584899999 64.659594339600005 1.3676996404799999 1.36830866483 0.000244140625
64.659594339600005 64.679415094299998 1.3676906210999999 1.3682996404800001 0.000244140625
64.679415094299998 64.699235849100006 1.3676816066799999 1.3682906211000001 0.000244140625
64.699235849100006 64.719056603799999 1.3676725972199999 1.3682816066800001 0.000244140625
64.719056603799999 64.738877358500005 1.36766359272 1.3682725972200001 0.000244140625
64.738877358500005 64.758698113199998 1.3676545931699999 1.36826359272 0.000244140625
64.758698113199998 64.778518867900004 1.36764559857 1.3682545931700001 0.000244140625
64.778518867900004 64.798339622599997 1.3676366089100001 1.3682455985699999 0.000244140625
64.798339622599997 64.818160377400005 1.3676276241900001 1.36823660891 0.000244140625
64.818160377400005 64.837981132099998 1.36761864441 1.36822762419 0.000244140625
64.837981132099998 64.857801886800004 1.36760966955 1.36821864441 0.000244140625
64.857801886800004 64.877622641499997 1.3676006996300001 1.3682096695499999 0.000244140625
64.877622641499997 64.897443396200003 1.3675917346299999 1.36820069963 0.000244140625
64.897443396200003 64.917264150899996 1.36758277454 1.3681917346300001 0.000244140625
64.917264150899996 64.937084905700004 1.36757381937 1.3681827745399999 0.000244140625
64.937084905700004 64.956905660399997 1.36756486911 1.3681738193699999 0.000244140625
64.956905660399997 64.976726415100003 1.3675559237599999 1.3681648691099999 0.000244140625
64.976726415100003 64.996547169799996 1.3675469833 1.3681559237600001 0.000244140625
64.996547169799996 65.016367924500003 1.3675380477500001 1.3681469833 0.000244140625
65.016367924500003 65.036188679199995 1.3675291170899999 1.36813804775 0.000244140625
65.036188679199995 65.056009434000003 1.3675201913199999 1.3681291170900001 0.000244140625
65.056009434000003 65.075830188699996 1.3675112704300001 1.3681201913200001 0.000244140625
65.075830188699996 65.095650943400003 1.36750235443 1.36811127043 0.000244140625
65.095650943400003 65.115471698099995 1.3674934432999999 1.3681023544299999 0.000244140625
65.115471698099995 65.135292452800002 1.3674845370499999 1.3680934433 0.000244140625
65.135292452800002 65.155113207499994 1.36747563566 1.3680845370500001 0.000244140625
65.155113207499994 65.174933962300003 1.3674667391399999 1.3680756356599999 0.000244140625
65.174933962300003 65.194754716999995 1.3674578474800001 1.3680667391400001 0.000244140625
65.194754716999995 65.214575471700002 1.36744896068 1.36805784748 0.000244140625
65.214575471700002 65.234396226399994 1.3674400787300001 1.3680489606799999 0.000244140625
65.234396226399994 65.254216981100001 1.3674312016200001 1.36804007873 0.000244140625
65.254216981100001 65.274037735799993 1.3674223293700001 1.36803120162 0.000244140625
65.274037735799993 65.293858490600002 1.36741346195 1.36802232937 0.000244140625
65.293858490600002 65.313679245299994 1.3674045993699999 1.36801346195 0.000244140625
65.313679245299994 65.333500000000001 1.36739574162 1.3680045993700001 0.000244140625
65.333500000000001 65.353320754699993 1.3673868887 1.3679957416199999 0.000244140625
65.353320754699993 65.3731415094 1.3673780406 1.3679868887 0.000244140625
65.3731415094 65.392962264199994 1.36736919733 1.3679780405999999 0.000244140625
65.392962264199994 65.412783018900001 1.3673603588700001 1.3679691973300001 0.000244140625
65.412783018900001 65.432603773599993 1.3673515252199999 1.36796035887 0.000244140625
65.432603773599993 65.4524245283 1.3673426963799999 1.3679515252200001 0.000244140625
65.4524245283 65.472245283000007 1.3673338723399999 1.3679426963800001 0.000244140625
65.472245283000007 65.492066037699999 1.3673250531100001 1.3679338723400001 0.000244140625
65.492066037699999 65.511886792499993 1.36731623867 1.36792505311 0.000244140625
65.511886792499993 65.5317075472 1.36730742902 1.3679162386699999 0.000244140625
65.5317075472 65.551528301900007 1.36729862416 1.36790742902 0.000244140625
65.551528301900007 65.571349056599999 1.36728982408 1.36789862416 0.000244140625
65.571349056599999 65.591169811300006 1.3672810287799999 1.3678898240799999 0.000244140625
65.591169811300006 65.610990565999998 1.36727223826 1.3678810287800001 0.000244140625
65.610990565999998 65.630811320800007 1.36726345251 1.3678722382599999 0.000244140625
65.630811320800007 65.650632075499999 1.36725467153 1.36786345251 0.000244140625
65.650632075499999 65.670452830200006 1.36724589531 1.36785467153 0.000244140625
65.670452830200006 65.690273584899998 1.3672371238500001 1.3678458953099999 0.000244140625
65.690273584899998 65.710094339600005 1.3672283571499999 1.36783712385 0.000244140625
65.710094339600005 65.729915094299997 1.3672195951999999 1.3678283571500001 0.000244140625
65.729915094299997 65.749735849100006 1.3672108380000001 1.3678195952000001 0.000244140625
65.749735849100006 65.769556603799998 1.36720208554 1.367810838 0.000244140625
65.769556603799998 65.789377358500005 1.3671933378200001 1.3678020855399999 0.000244140625
65.789377358500005 65.809198113199997 1.3671845948400001 1.36779333782 0.000244140625
65.809198113199997 65.829018867900004 1.3671758565900001 1.36778459484 0.000244140625
65.829018867900004 65.848839622599996 1.36716712307 1.36777585659 0.000244140625
65.848839622599996 65.868660377400005 1.3671583942700001 1.3677671230699999 0.000244140625
65.868660377400005 65.888481132099997 1.3671496701900001 1.36775839427 0.000244140625
65.888481132099997 65.908301886800004 1.3671409508300001 1.36774967019 0.000244140625
65.908301886800004 65.928122641499996 1.36713223619 1.36774095083 0.000244140625
65.928122641499996 65.947943396200003 1.3671235262500001 1.36773223619 0.000244140625
65.947943396200003 65.967764150899995 1.3671148210099999 1.36772352625 0.000244140625
65.967764150899995 65.987584905700004 1.3671061204799999 1.3677148210100001 0.000244140625
65.987584905700004 66.007405660399996 1.3670974246400001 1.3677061204800001 0.000244140625
66.007405660399996 66.027226415100003 1.3670887334899999 1.36769742464 0.000244140625
66.027226415100003 66.047047169799995 1.36708004704 1.3676887334900001 0.000244140625
66.047047169799995 66.066867924500002 1.3670713652699999 1.3676800470399999 0.000244140625
66.066867924500002 66.086688679199995 1.3670626881800001 1.3676713652700001 0.000244140625
66.086688679199995 66.106509434000003 1.36705401577 1.36766268818 0.000244140625
66.106509434000003 66.126330188699995 1.36704534803 1.3676540157699999 0.000244140625
66.126330188699995 66.146150943400002 1.36703668496 1.3676453480299999 0.000244140625
66.146150943400002 66.165971698099995 1.3670280265600001 1.3676366849599999 0.000244140625
66.165971698099995 66.185792452800001 1.36701937281 1.36762802656 0.000244140625
66.185792452800001 66.205613207499994 1.36701072373 1.3676193728099999 0.000244140625
66.205613207499994 66.225433962300002 1.3670020793 1.3676107237299999 0.000244140625
66.225433962300002 66.245254716999995 1.3669934395200001 1.3676020793000001 0.000244140625
66.245254716999995 66.265075471700001 1.3669848043899999 1.36759343952 0.000244140625
66.265075471700001 66.284896226399994 1.3669761738999999 1.3675848043900001 0.000244140625
66.284896226399994 66.3047169811 1.3669675480500001 1.3675761739000001 0.000244140625
66.3047169811 66.324537735800007 1.36695892683 1.36756754805 0.000244140625
66.324537735800007 66.344358490600001 1.36695031025 1.3675589268299999 0.000244140625
66.344358490600001 66.364179245299994 1.36694169829 1.36755031025 0.000244140625
66.364179245299994 66.384 1.3669330909499999 1.3675416982899999 0.000244140625
66.384 66.403820754700007 1.36692448824 1.3675330909500001 0.000244140625
66.403820754700007 66.423641509399999 1.36691589014 1.3675244882399999 0.000244140625
66.423641509399999 66.443462264199994 1.36690729665 1.36751589014 0.000244140625
66.443462264199994 66.4632830189 1.3668987077700001 1.3675072966499999 0.000244140625
66.4632830189 66.483103773600007 1.3668901234899999 1.36749870777 0.000244140625
66.483103773600007 66.502924528299999 1.3668815438199999 1.3674901234900001 0.000244140625
66.502924528299999 66.522745283000006 1.3668729687400001 1.3674815438200001 0.000244140625
66.522745283000006 66.542566037699999 1.3668643982499999 1.36747296874 0.000244140625
66.542566037699999 66.562386792500007 1.36685583236 1.3674643982500001 0.000244140625
66.562386792500007 66.582207547199999 1.3668472710499999 1.3674558323599999 0.000244140625
66.582207547199999 66.602028301900006 1.36683871432 1.3674472710500001 0.000244140625
66.602028301900006 66.621849056599999 1.3668301621600001 1.36743871432 0.000244140625
66.621849056599999 66.641669811300005 1.3668216145900001 1.36743016216 0.000244140625
66.641669811300005 66.661490565999998 1.36681307158 1.36742161459 0.000244140625
66.661490565999998 66.681311320800006 1.3668045331400001 1.3674130715799999 0.000244140625
66.681311320800006 66.701132075499999 1.3667959992600001 1.36740453314 0.000244140625
66.701132075499999 66.720952830200005 1.36678746994 1.36739599926 0.000244140625
66.720952830200005 66.740773584899998 1.3667789451800001 1.3673874699399999 0.000244140625
66.740773584899998 66.760594339600004 1.3667704249599999 1.36737894518 0.000244140625
66.760594339600004 66.780415094299997 1.3667619093000001 1.3673704249600001 0.000244140625
66.780415094299997 66.800235849100005 1.36675339818 1.3673619093 0.000244140625
66.800235849100005 66.820056603799998 1.3667448916 1.3673533981799999 0.000244140625
66.820056603799998 66.839877358500004 1.36673638955 1.3673448915999999 0.000244140625
66.839877358500004 66.859698113199997 1.3667278920399999 1.3673363895499999 0.000244140625
66.859698113199997 66.879518867900003 1.36671939906 1.36732789204 0.000244140625
66.879518867900003 66.899339622599996 1.3667109105999999 1.3673193990600001 0.000244140625
66.899339622599996 66.919160377400004 1.3667024266600001 1.3673109106000001 0.000244140625
66.919160377400004 66.938981132099997 1.3666939472499999 1.36730242666 0.000244140625
66.938981132099997 66.958801886800003 1.3666854723399999 1.3672939472500001 0.000244140625
66.958801886800003 66.978622641499996 1.3666770019500001 1.3672854723400001 0.000244140625
66.978622641499996 66.998443396200003 1.3666685360599999 1.36727700195 0.000244140625
66.998443396200003 67.018264150899995 1.3666600746799999 1.3672685360600001 0.000244140625
67.018264150899995 67.038084905700003 1.3666516178000001 1.3672600746800001 0.000244140625
67.038084905700003 67.057905660399996 1.36664316541 1.3672516178 0.000244140625
67.057905660399996 67.077726415100003 1.36663471752 1.3672431654099999 0.000244140625
67.077726415100003 67.097547169799995 1.3666262741099999 1.3672347175199999 0.000244140625
67.097547169799995 67.117367924500002 1.36661783519 1.3672262741100001 0.000244140625
67.117367924500002 67.137188679199994 1.36660940074 1.36721783519 0.000244140625
67.137188679199994 67.157009434000003 1.36660097078 1.36720940074 0.000244140625
67.157009434000003 67.176830188699995 1.3665925452900001 1.3672009707799999 0.000244140625
67.176830188699995 67.196650943400002 1.3665841242700001 1.36719254529 0.000244140625
67.196650943400002 67.216471698099994 1.36657570772 1.36718412427 0.000244140625
67.216471698099994 67.236292452800001 1.3665672956299999 1.36717570772 0.000244140625
67.236292452800001 67.256113207499993 1.3665588879899999 1.3671672956300001 0.000244140625
67.256113207499993 67.275933962300002 1.3665504848200001 1.3671588879900001 0.000244140625
67.275933962300002 67.295754716999994 1.3665420860899999 1.36715048482 0.000244140625
67.295754716999994 67.315575471700001 1.36653369182 1.3671420860900001 0.000244140625
67.315575471700001 67.335396226399993 1.3665253019900001 1.3671336918200001 0.000244140625
67.335396226399993 67.3552169811 1.3665169166 1.36712530199 0.000244140625
67.3552169811 67.375037735800007 1.36650853564 1.3671169165999999 0.000244140625
67.375037735800007 67.394858490600001 1.3665001591199999 1.3671085356399999 0.000244140625
67.394858490600001 67.414679245299993 1.36649178703 1.36710015912 0.000244140625
67.414679245299993 67.4345 1.36648341937 1.3670917870299999 0.000244140625
67.4345 67.454320754700007 1.3664750561300001 1.3670834193700001 0.000244140625
67.454320754700007 67.474141509399999 1.3664666973099999 1.36707505613 0.000244140625
67.474141509399999 67.493962264199993 1.3664583429099999 1.3670666973100001 0.000244140625
67.493962264199993 67.5137830189 1.36644999291 1.3670583429000001 0.000244140625
67.5137830189 67.533603773600007 1.3664416473300001 1.36704999291 0.000244140625
67.533603773600007 67.553424528299999 1.36643330615 1.36704164733 0.000244140625
67.553424528299999 67.573245283000006 1.3664249693699999 1.36703330615 0.000244140625
67.573245283000006 67.593066037699998 1.3664166369899999 1.3670249693700001 0.000244140625
67.593066037699998 67.612886792500007 1.3664083090100001 1.3670166369900001 0.000244140625
67.612886792500007 67.632707547199999 1.36639998541 1.36700830901 0.000244140625
67.632707547199999 67.652528301900006 1.3663916662 1.3669999854099999 0.000244140625
67.652528301900006 67.672349056599998 1.3663833513800001 1.3669916661999999 0.000244140625
67.672349056599998 67.692169811300005 1.36637504093 1.36698335138 0.000244140625
67.692169811300005 67.711990565999997 1.3663667348699999 1.3669750409300001 0.000244140625
67.711990565999997 67.731811320800006 1.3663584331700001 1.3669667348700001 0.000244140625
67.731811320800006 67.751632075499998 1.3663501358500001 1.36695843317 0.000244140625
67.751632075499998 67.771452830200005 1.36634184289 1.36695013585 0.000244140625
67.771452830200005 67.791273584899997 1.3663335542899999 1.36694184289 0.000244140625
67.791273584899997 67.811094339600004 1.3663252700499999 1.3669335542900001 0.000244140625
67.811094339600004 67.830915094299996 1.3663169901700001 1.3669252700500001 0.000244140625
67.830915094299996 67.850735849100005 1.3663087146299999 1.36691699017 0.000244140625
67.850735849100005 67.870556603799997 1.3663004434499999 1.3669087146300001 0.000244140625
67.870556603799997 67.890377358500004 1.36629217661 1.3669004434500001 0.000244140625
67.890377358500004 67.910198113199996 1.3662839141100001 1.36689217661 0.000244140625
67.910198113199996 67.930018867900003 1.36627565595 1.36688391411 0.000244140625
67.930018867900003 67.949839622599995 1.3662674021300001 1.3668756559499999 0.000244140625
67.949839622599995 67.969660377400004 1.3662591526300001 1.36686740213 0.000244140625
67.969660377400004 67.989481132099996 1.36625090746 1.36685915263 0.000244140625
67.989481132099996 68.009301886800003 1.36624266662 1.3668509074599999 0.000244140625
68.009301886800003 68.029122641499995 1.36623443009 1.36684266662 0.000244140625
68.029122641499995 68.048943396200002 1.3662261978800001 1.3668344300899999 0.000244140625
68.048943396200002 68.068764150899995 1.3662179699899999 1.36682619788 0.000244140625
68.068764150899995 68.088584905700003 1.3662097464 1.36681796999 0.000244140625
68.088584905700003 68.108405660399995 1.3662015271300001 1.3668097464 0.000244140625
68.108405660399995 68.128226415100002 1.3661933121500001 1.36680152713 0.000244140625
68.128226415100002 68.148047169799995 1.3661851014699999 1.36679331215 0.000244140625
68.148047169799995 68.167867924500001 1.36617689509 1.3667851014700001 0.000244140625
68.167867924500001 68.187688679199994 1.3661686930000001 1.3667768950900001 0.000244140625
68.187688679199994 68.207509434000002 1.3661604951999999 1.366768693 0.000244140625
68.207509434000002 68.227330188699995 1.3661523016899999 1.3667604952000001 0.000244140625
68.227330188699995 68.247150943400001 1.36614411245 1.3667523016900001 0.000244140625
68.247150943400001 68.266971698099994 1.3661359275 1.3667441124499999 0.000244140625
68.266971698099994 68.2867924528 1.3661277468199999 1.3667359274999999 0.000244140625
68.2867924528 68.306613207500007 1.36611957041 1.3667277468200001 0.000244140625
68.306613207500007 68.326433962300001 1.3661113982699999 1.3667195704099999 0.000244140625
68.326433962300001 68.346254716999994 1.3661032304 1.3667113982700001 0.000244140625
68.346254716999994 68.3660754717 1.36609506679 1.3667032304 0.000244140625
68.3660754717 68.385896226400007 1.3660869074299999 1.36669506679 0.000244140625
68.385896226400007 68.405716981099999 1.36607875233 1.3666869074300001 0.000244140625
68.405716981099999 68.425537735800006 1.3660706014799999 1.3666787523299999 0.000244140625
68.425537735800006 68.4453584906 1.36606245488 1.3666706014800001 0.000244140625
68.4453584906 68.465179245300007 1.36605431252 1.3666624548799999 0.000244140625
68.465179245300007 68.484999999999999 1.3660461744100001 1.3666543125199999 0.000244140625
68.484999999999999 68.504820754700006 1.3660380405300001 1.36664617441 0.000244140625
68.504820754700006 68.524641509399999 1.36602991088 1.36663804053 0.000244140625
68.524641509399999 68.544462264200007 1.3660217854700001 1.36662991088 0.000244140625
68.544462264200007 68.564283018899999 1.36601366428 1.36662178547 0.000244140625
68.564283018899999 68.584103773600006 1.3660055473199999 1.36661366428 0.000244140625
68.584103773600006 68.603924528299999 1.3659974345799999 1.3666055473200001 0.000244140625
68.603924528299999 68.623745283000005 1.36598932605 1.36659743458 0.000244140625
68.623745283000005 68.643566037699998 1.36598122174 1.3665893260499999 0.000244140625
68.643566037699998 68.663386792500006 1.36597312164 1.36658122174 0.000244140625
68.663386792500006 68.683207547199999 1.36596502574 1.3665731216400001 0.000244140625
68.683207547199999 68.703028301900005 1.36595693405 1.3665650257399999 0.000244140625
68.703028301900005 68.722849056599998 1.36594884656 1.3665569340499999 0.000244140625
68.722849056599998 68.742669811300004 1.36594076327 1.36654884656 0.000244140625
68.742669811300004 68.762490565999997 1.3659326841699999 1.36654076327 0.000244140625
68.762490565999997 68.782311320800005 1.3659246092599999 1.3665326841700001 0.000244140625
68.782311320800005 68.802132075499998 1.3659165385400001 1.3665246092600001 0.000244140625
68.802132075499998 68.821952830200004 1.3659084720000001 1.36651653854 0.000244140625
68.821952830200004 68.841773584899997 1.36590040964 1.366508472 0.000244140625
68.841773584899997 68.861594339600003 1.3658923514600001 1.36650040964 0.000244140625
68.861594339600003 68.881415094299996 1.3658842974500001 1.36649235146 0.000244140625
68.881415094299996 68.901235849100004 1.3658762476099999 1.36648429745 0.000244140625
68.901235849100004 68.921056603799997 1.3658682019399999 1.3664762476100001 0.000244140625
68.921056603799997 68.940877358500003 1.36586016044 1.3664682019400001 0.000244140625
68.940877358500003 68.960698113199996 1.36585212309 1.36646016044 0.000244140625
68.960698113199996 68.980518867900003 1.3658440898999999 1.36645212309 0.000244140625
68.980518867900003 69.000339622599995 1.36583606086 1.3664440899000001 0.000244140625
69.000339622599995 69.020160377400003 1.3658280359799999 1.3664360608599999 0.000244140625
69.020160377400003 69.039981132099996 1.36582001524 1.3664280359800001 0.000244140625
69.039981132099996 69.059801886800003 1.3658119986399999 1.3664200152399999 0.000244140625
69.059801886800003 69.079622641499995 1.36580398619 1.3664119986400001 0.000244140625
69.079622641499995 69.099443396200002 1.36579597787 1.3664039861899999 0.000244140625
69.099443396200002 69.119264150899994 1.36578797369 1.3663959778699999 0.000244140625
69.119264150899994 69.139084905700003 1.36577997363 1.36638797369 0.000244140625
69.139084905700003 69.158905660399995 1.3657719777099999 1.36637997363 0.000244140625
69.158905660399995 69.178726415100002 1.3657639859099999 1.3663719777100001 0.000244140625
69.178726415100002 69.198547169799994 1.36575599823 1.3663639859100001 0.000244140625
69.198547169799994 69.218367924500001 1.3657480146600001 1.36635599823 0.000244140625
69.218367924500001 69.238188679199993 1.36574003521 1.36634801466 0.000244140625
69.238188679199993 69.258009434000002 1.36573205988 1.3663400352099999 0.000244140625
69.258009434000002 69.277830188699994 1.3657240886499999 1.3663320598799999 0.000244140625
69.277830188699994 69.297650943400001 1.36571612152 1.3663240886500001 0.000244140625
69.297650943400001 69.317471698099993 1.3657081584899999 1.3663161215199999 0.000244140625
69.317471698099993 69.3372924528 1.36570019957 1.3663081584900001 0.000244140625
69.3372924528 69.357113207500007 1.3656922447399999 1.3663001995699999 0.000244140625
69.357113207500007 69.376933962300001 1.36568429399 1.3662922447400001 0.000244140625
69.376933962300001 69.396754716999993 1.36567634734 1.36628429399 0.000244140625
69.396754716999993 69.4165754717 1.3656684047700001 1.3662763473399999 0.000244140625
69.4165754717 69.436396226400007 1.36566046629 1.36626840477 0.000244140625
69.436396226400007 69.456216981099999 1.3656525318799999 1.36626046629 0.000244140625
69.456216981099999 69.476037735800006 1.3656446015499999 1.3662525318800001 0.000244140625
69.476037735800006 69.4958584906 1.36563667529 1.36624460155 0.000244140625
69.4958584906 69.515679245300007 1.3656287531 1.3662366752899999 0.000244140625
69.515679245300007 69.535499999999999 1.3656208349700001 1.3662287530999999 0.000244140625
69.535499999999999 69.555320754700006 1.3656129209100001 1.36622083497 0.000244140625
69.555320754700006 69.575141509399998 1.36560501091 1.36621292091 0.000244140625
69.575141509399998 69.594962264200007 1.36559710496 1.3662050109099999 0.000244140625
69.594962264200007 69.614783018899999 1.3655892030600001 1.3661971049599999 0.000244140625
69.614783018899999 69.634603773600006 1.3655813052200001 1.36618920306 0.000244140625
69.634603773600006 69.654424528299998 1.36557341142 1.36618130522 0.000244140625
69.654424528299998 69.674245283000005 1.36556552166 1.3661734114199999 0.000244140625
69.674245283000005 69.694066037699997 1.3655576359499999 1.3661655216599999 0.000244140625
69.694066037699997 69.713886792500006 1.3655497542699999 1.3661576359500001 0.000244140625
69.713886792500006 69.733707547199998 1.36554187662 1.3661497542700001 0.000244140625
69.733707547199998 69.753528301900005 1.3655340030100001 1.36614187662 0.000244140625
69.753528301900005 69.773349056599997 1.36552613342 1.36613400301 0.000244140625
69.773349056599997 69.793169811300004 1.36551826786 1.3661261334200001 0.000244140625
69.793169811300004 69.812990565999996 1.3655104063100001 1.3661182678599999 0.000244140625
69.812990565999996 69.832811320800005 1.3655025487900001 1.36611040631 0.000244140625
69.832811320800005 69.852632075499997 1.36549469528 1.36610254879 0.000244140625
69.852632075499997 69.872452830200004 1.36548684578 1.3660946952799999 0.000244140625
69.872452830200004 69.892273584899996 1.3654790002899999 1.3660868457799999 0.000244140625
69.892273584899996 69.912094339600003 1.3654711588099999 1.3660790002900001 0.000244140625
69.912094339600003 69.931915094299995 1.36546332133 1.3660711588100001 0.000244140625
69.931915094299995 69.951735849100004 1.36545548784 1.36606332133 0.000244140625
69.951735849100004 69.971556603799996 1.3654476583499999 1.36605548784 0.000244140625
69.971556603799996 69.991377358500003 1.3654398328599999 1.3660476583500001 0.000244140625
69.991377358500003 70.011198113199995 1.36543201135 1.3660398328600001 0.000244140625
70.011198113199995 70.031018867900002 1.36542419383 1.36603201135 0.000244140625
70.031018867900002 70.050839622599995 1.3654163802999999 1.36602419383 0.000244140625
70.050839622599995 70.070660377400003 1.3654085707400001 1.3660163803000001 0.000244140625
70.070660377400003 70.090481132099995 1.36540076516 1.36600857074 0.000244140625
70.090481132099995 70.110301886800002 1.36539296356 1.3660007651599999 0.000244140625
70.110301886800002 70.130122641499995 1.36538516592 1.3659929635600001 0.000244140625
70.130122641499995 70.149943396200001 1.36537737225 1.36598516592 0.000244140625
70.149943396200001 70.169764150899994 1.3653695825500001 1.3659773722499999 0.000244140625
70.169764150899994 70.189584905700002 1.36536179681 1.36596958255 0.000244140625
70.189584905700002 70.209405660399995 1.3653540150300001 1.36596179681 0.000244140625
70.209405660399995 70.229226415100001 1.3653462372 1.36595401503 0.000244140625
70.229226415100001 70.249047169799994 1.3653384633300001 1.3659462372 0.000244140625
70.249047169799994 70.2688679245 1.3653306934 1.36593846333 0.000244140625
70.2688679245 70.288688679200007 1.3653229274200001 1.3659306934 0.000244140625
70.288688679200007 70.308509434000001 1.36531516538 1.36592292742 0.000244140625
70.308509434000001 70.328330188699994 1.36530740729 1.3659151653799999 0.000244140625
70.328330188699994 70.3481509434 1.3652996531199999 1.3659074072899999 0.000244140625
70.3481509434 70.367971698100007 1.3652919028999999 1.3658996531200001 0.000244140625
70.367971698100007 70.387792452799999 1.3652841566 1.3658919029000001 0.000244140625
70.387792452799999 70.407613207500006 1.36527641423 1.3658841566 0.000244140625
70.407613207500006 70.4274339623 1.3652686757900001 1.3658764142299999 0.000244140625
70.4274339623 70.447254717000007 1.3652609412600001 1.36586867579 0.000244140625
70.447254717000007 70.467075471699999 1.3652532106599999 1.36586094126 0.000244140625
70.467075471699999 70.486896226400006 1.3652454839699999 1.3658532106600001 0.000244140625
70.486896226400006 70.506716981099999 1.36523776119 1.3658454839700001 0.000244140625
70.506716981099999 70.526537735800005 1.3652300423299999 1.3658377611900001 0.000244140625
70.526537735800005 70.546358490599999 1.3652223273599999 1.36583004233 0.000244140625
70.546358490599999 70.566179245300006 1.3652146163000001 1.3658223273600001 0.000244140625
70.566179245300006 70.585999999999999 1.3652069091500001 1.3658146163 0.000244140625
70.585999999999999 70.605820754700005 1.36519920588 1.36580690915 0.000244140625
70.605820754700005 70.625641509399998 1.36519150652 1.3657992058799999 0.000244140625
70.625641509399998 70.645462264200006 1.3651838110400001 1.3657915065199999 0.000244140625
70.645462264200006 70.665283018899999 1.3651761194500001 1.36578381104 0.000244140625
70.665283018899999 70.685103773600005 1.3651684317499999 1.36577611945 0.000244140625
70.685103773600005 70.704924528299998 1.3651607479200001 1.3657684317500001 0.000244140625
70.704924528299998 70.724745283000004 1.3651530679799999 1.36576074792 0.000244140625
70.724745283000004 70.744566037699997 1.3651453919100001 1.3657530679800001 0.000244140625
70.744566037699997 70.764386792500005 1.3651377197200001 1.36574539191 0.000244140625
70.764386792500005 70.784207547199998 1.36513005139 1.36573771972 0.000244140625
70.784207547199998 70.804028301900004 1.36512238694 1.3657300513899999 0.000244140625
70.804028301900004 70.823849056599997 1.3651147263400001 1.3657223869399999 0.000244140625
70.823849056599997 70.843669811300003 1.3651070696100001 1.36571472634 0.000244140625
70.843669811300003 70.863490565999996 1.3650994167299999 1.36570706961 0.000244140625
70.863490565999996 70.883311320800004 1.3650917677100001 1.3656994167300001 0.000244140625
70.883311320800004 70.903132075499997 1.3650841225399999 1.36569176771 0.000244140625
70.903132075499997 70.922952830200003 1.36507648122 1.36568412254 0.000244140625
70.922952830200003 70.942773584899996 1.36506884375 1.36567648122 0.000244140625
70.942773584899996 70.962594339600003 1.3650612101199999 1.36566884375 0.000244140625
70.962594339600003 70.982415094299995 1.3650535803299999 1.3656612101200001 0.000244140625
70.982415094299995 71.002235849100003 1.36504595437 1.3656535803300001 0.000244140625
71.002235849100003 71.022056603799996 1.3650383322499999 1.3656459543699999 0.000244140625
71.022056603799996 71.041877358500003 1.36503071397 1.3656383322500001 0.000244140625
71.041877358500003 71.061698113199995 1.3650230994999999 1.3656307139699999 0.000244140625
71.061698113199995 71.081518867900002 1.3650154888699999 1.3656230995 0.000244140625
71.081518867900002 71.101339622599994 1.36500788205 1.3656154888700001 0.000244140625
71.101339622599994 71.121160377400003 1.36500027906 1.3656078820499999 0.000244140625
71.121160377400003 71.140981132099995 1.3649926798800001 1.3656002790599999 0.000244140625
71.140981132099995 71.160801886800002 1.36498508452 1.36559267988 0.000244140625
71.160801886800002 71.180622641499994 1.36497749296 1.3655850845199999 0.000244140625
71.180622641499994 71.200443396200001 1.3649699052099999 1.36557749296 0.000244140625
71.200443396200001 71.220264150899993 1.3649623212699999 1.3655699052100001 0.000244140625
71.220264150899993 71.240084905700002 1.36495474113 1.3655623212700001 0.000244140625
71.240084905700002 71.259905660399994 1.36494716479 1.36555474113 0.000244140625
71.259905660399994 71.279726415100001 1.3649395922400001 1.3655471647899999 0.000244140625
71.279726415100001 71.299547169799993 1.36493202349 1.36553959224 0.000244140625
71.299547169799993 71.3193679245 1.36492445852 1.3655320234899999 0.000244140625
71.3193679245 71.339188679200007 1.3649168973500001 1.3655244585199999 0.000244140625
71.339188679200007 71.359009434000001 1.3649093399500001 1.36551689735 0.000244140625
71.359009434000001 71.378830188699993 1.3649017863399999 1.36550933995 0.000244140625
71.378830188699993 71.3986509434 1.3648942365000001 1.3655017863400001 0.000244140625
71.3986509434 71.418471698100007 1.3648866904500001 1.3654942365 0.000244140625
71.418471698100007 71.438292452799999 1.36487914816 1.36548669045 0.000244140625
71.438292452799999 71.458113207500006 1.36487160964 1.3654791481599999 0.000244140625
71.458113207500006 71.4779339623 1.3648640748900001 1.3654716096399999 0.000244140625
71.4779339623 71.497754717000007 1.3648565439 1.36546407489 0.000244140625
71.497754717000007 71.517575471699999 1.36484901668 1.3654565438999999 0.000244140625
71.517575471699999 71.537396226400006 1.3648414932099999 1.36544901668 0.000244140625
71.537396226400006 71.557216981099998 1.3648339734999999 1.3654414932100001 0.000244140625
71.557216981099998 71.577037735800005 1.36482645754 1.3654339735000001 0.000244140625
71.577037735800005 71.596858490599999 1.3648189453199999 1.3654264575399999 0.000244140625
71.596858490599999 71.616679245300006 1.3648114368599999 1.3654189453200001 0.000244140625
71.616679245300006 71.636499999999998 1.3648039321400001 1.3654114368600001 0.000244140625
71.636499999999998 71.656320754700005 1.36479643115 1.36540393214 0.000244140625
71.656320754700005 71.676141509399997 1.3647889339099999 1.36539643115 0.000244140625
71.676141509399997 71.695962264200006 1.3647814404 1.36538893391 0.000244140625
71.695962264200006 71.715783018899998 1.3647739506200001 1.3653814404 0.000244140625
71.715783018899998 71.735603773600005 1.3647664645799999 1.36537395062 0.000244140625
71.735603773600005 71.755424528299997 1.3647589822499999 1.3653664645800001 0.000244140625
71.755424528299997 71.775245283000004 1.36475150366 1.3653589822500001 0.000244140625
71.775245283000004 71.795066037699996 1.3647440287799999 1.3653515036599999 0.000244140625
71.795066037699996 71.814886792500005 1.3647365576199999 1.3653440287800001 0.000244140625
71.814886792500005 71.834707547199997 1.36472909017 1.3653365576200001 0.000244140625
71.834707547199997 71.854528301900004 1.3647216264399999 1.3653290901699999 0.000244140625
71.854528301900004 71.874349056599996 1.36471416642 1.3653216264400001 0.000244140625
71.874349056599996 71.894169811300003 1.3647067101000001 1.3653141664199999 0.000244140625
71.894169811300003 71.913990565999995 1.3646992574800001 1.3653067101 0.000244140625
71.913990565999995 71.933811320800004 1.3646918085699999 1.36529925748 0.000244140625
71.933811320800004 71.953632075499996 1.3646843633600001 1.3652918085700001 0.000244140625
71.953632075499996 71.973452830200003 1.3646769218399999 1.36528436336 0.000244140625
71.973452830200003 71.993273584899995 1.36466948401 1.36527692184 0.000244140625
71.993273584899995 72.013094339600002 1.3646620498699999 1.3652694840099999 0.000244140625
72.013094339600002 72.032915094299995 1.36465461942 1.3652620498700001 0.000244140625
72.032915094299995 72.052735849100003 1.3646471926499999 1.3652546194199999 0.000244140625
72.052735849100003 72.072556603799995 1.3646397695600001 1.3652471926500001 0.000244140625
72.072556603799995 72.092377358500002 1.36463235015 1.36523976956 0.000244140625
72.092377358500002 72.112198113199995 1.3646249344200001 1.3652323501500001 0.000244140625
72.112198113199995 72.132018867900001 1.3646175223599999 1.36522493442 0.000244140625
72.132018867900001 72.151839622599994 1.36461011397 1.36521752236 0.000244140625
72.151839622599994 72.171660377400002 1.3646027092399999 1.3652101139699999 0.000244140625
72.171660377400002 72.191481132099995 1.36459530818 1.3652027092400001 0.000244140625
72.191481132099995 72.211301886800001 1.3645879107800001 1.3651953081799999 0.000244140625
72.211301886800001 72.231122641499994 1.3645805170400001 1.36518791078 0.000244140625
72.231122641499994 72.2509433962 1.3645731269600001 1.36518051704 0.000244140625
72.2509433962 72.270764150900007 1.36456574052 1.36517312696 0.000244140625
72.270764150900007 72.290584905700001 1.36455835774 1.3651657405299999 0.000244140625
72.290584905700001 72.310405660399994 1.3645509786100001 1.3651583577399999 0.000244140625
72.310405660399994 72.3302264151 1.36454360312 1.36515097861 0.000244140625
72.3302264151 72.350047169800007 1.36453623127 1.3651436031199999 0.000244140625
72.350047169800007 72.369867924499999 1.3645288630700001 1.3651362312699999 0.000244140625
72.369867924499999 72.389688679200006 1.36452149849 1.36512886307 0.000244140625
72.389688679200006 72.409509434 1.3645141375600001 1.36512149849 0.000244140625
72.409509434 72.429330188700007 1.3645067802499999 1.36511413756 0.000244140625
72.429330188700007 72.449150943399999 1.3644994265699999 1.3651067802500001 0.000244140625
72.449150943399999 72.468971698100006 1.3644920765199999 1.3650994265700001 0.000244140625
72.468971698100006 72.488792452799999 1.36448473008 1.3650920765200001 0.000244140625
72.488792452799999 72.508613207500005 1.36447738727 1.36508473008 0.000244140625
72.508613207500005 72.528433962299999 1.3644700480800001 1.3650773872699999 0.000244140625
72.528433962299999 72.548254717000006 1.3644627125 1.36507004808 0.000244140625
72.548254717000006 72.568075471699999 1.3644553805299999 1.3650627125000001 0.000244140625
72.568075471699999 72.587896226400005 1.36444805217 1.3650553805300001 0.000244140625
72.587896226400005 72.607716981099998 1.3644407274200001 1.3650480521699999 0.000244140625
72.607716981099998 72.627537735800004 1.3644334062700001 1.36504072742 0.000244140625
72.627537735800004 72.647358490599999 1.3644260887199999 1.36503340627 0.000244140625
72.647358490599999 72.667179245300005 1.3644187747700001 1.3650260887200001 0.000244140625
72.667179245300005 72.686999999999998 1.3644114644200001 1.36501877477 0.000244140625
72.686999999999998 72.706820754700004 1.3644041576499999 1.36501146442 0.000244140625
72.706820754700004 72.726641509399997 1.36439685448 1.36500415765 0.000244140625
72.726641509399997 72.746462264200005 1.36438955489 1.36499685448 0.000244140625
72.746462264200005 72.766283018899998 1.3643822588900001 1.36498955489 0.000244140625
72.766283018899998 72.786103773600004 1.36437496647 1.36498225889 0.000244140625
72.786103773600004 72.805924528299997 1.36436767763 1.3649749664699999 0.000244140625
72.805924528299997 72.825745283000003 1.3643603923700001 1.3649676776299999 0.000244140625
72.825745283000003 72.845566037699996 1.36435311068 1.36496039237 0.000244140625
72.845566037699996 72.865386792500004 1.36434583256 1.3649531106799999 0.000244140625
72.865386792500004 72.885207547199997 1.36433855801 1.3649458325599999 0.000244140625
72.885207547199997 72.905028301900003 1.3643312870199999 1.36493855801 0.000244140625
72.905028301900003 72.924849056599996 1.3643240195999999 1.3649312870200001 0.000244140625
72.924849056599996 72.944669811300002 1.36431675573 1.3649240196000001 0.000244140625
72.944669811300002 72.964490565999995 1.3643094954299999 1.3649167557299999 0.000244140625
72.964490565999995 72.984311320800003 1.3643022386799999 1.3649094954300001 0.000244140625
72.984311320800003 73.004132075499996 1.3642949854799999 1.36490223868 0.000244140625
73.004132075499996 73.023952830200002 1.3642877358300001 1.3648949854800001 0.000244140625
73.023952830200002 73.043773584899995 1.36428048972 1.36488773583 0.000244140625
73.043773584899995 73.063594339600002 1.3642732471700001 1.36488048972 0.000244140625
73.063594339600002 73.083415094299994 1.36426600815 1.36487324717 0.000244140625
73.083415094299994 73.103235849100002 1.36425877267 1.3648660081499999 0.000244140625
73.103235849100002 73.123056603799995 1.36425154073 1.3648587726700001 0.000244140625
73.123056603799995 73.142877358500002 1.3642443123200001 1.3648515407299999 0.000244140625
73.142877358500002 73.162698113199994 1.3642370874400001 1.36484431232 0.000244140625
73.162698113199994 73.182518867900001 1.3642298660900001 1.36483708744 0.000244140625
73.182518867900001 73.202339622599993 1.3642226482699999 1.36482986609 0.000244140625
73.202339622599993 73.222160377400002 1.3642154339599999 1.3648226482700001 0.000244140625
73.222160377400002 73.241981132099994 1.3642082231799999 1.36481543396 0.000244140625
73.241981132099994 73.261801886800001 1.36420101592 1.3648082231800001 0.000244140625
73.261801886800001 73.281622641499993 1.3641938121699999 1.3648010159199999 0.000244140625
73.281622641499993 73.3014433962 1.3641866119299999 1.3647938121700001 0.000244140625
73.3014433962 73.321264150900006 1.36417941521 1.3647866119300001 0.000244140625
73.321264150900006 73.341084905700001 1.3641722219900001 1.3647794152099999 0.000244140625
73.341084905700001 73.360905660399993 1.3641650322700001 1.36477222199 0.000244140625
73.360905660399993 73.3807264151 1.3641578460599999 1.36476503227 0.000244140625
73.3807264151 73.400547169800006 1.36415066334 1.3647578460600001 0.000244140625
73.400547169800006 73.420367924499999 1.36414348412 1.3647506633399999 0.000244140625
73.420367924499999 73.440188679200006 1.3641363084 1.3647434841199999 0.000244140625
73.440188679200006 73.460009434 1.3641291361600001 1.3647363083999999 0.000244140625
73.460009434 73.479830188700006 1.36412196742 1.36472913616 0.000244140625
73.479830188700006 73.499650943399999 1.36411480216 1.36472196742 0.000244140625
73.499650943399999 73.519471698100006 1.3641076403900001 1.36471480216 0.000244140625
73.519471698100006 73.539292452799998 1.36410048209 1.36470764039 0.000244140625
73.539292452799998 73.559113207500005 1.36409332728 1.3647004820899999 0.000244140625
73.559113207500005 73.578933962299999 1.36408617593 1.3646933272799999 0.000244140625
73.578933962299999 73.598754717000006 1.3640790280699999 1.36468617593 0.000244140625
73.598754717000006 73.618575471699998 1.3640718836700001 1.3646790280700001 0.000244140625
73.618575471699998 73.638396226400005 1.3640647427399999 1.36467188367 0.000244140625
73.638396226400005 73.658216981099997 1.36405760528 1.36466474274 0.000244140625
73.658216981099997 73.678037735800004 1.3640504712799999 1.3646576052799999 0.000244140625
73.678037735800004 73.697858490599998 1.3640433407300001 1.3646504712800001 0.000244140625
73.697858490599998 73.717679245300005 1.3640362136499999 1.36464334073 0.000244140625
73.717679245300005 73.737499999999997 1.3640290900200001 1.3646362136500001 0.000244140625
73.737499999999997 73.757320754700004 1.36402196985 1.36462909002 0.000244140625
73.757320754700004 73.777141509399996 1.36401485312 1.3646219698499999 0.000244140625
73.777141509399996 73.796962264200005 1.3640077398399999 1.36461485312 0.000244140625
73.796962264200005 73.816783018899997 1.36400063 1.3646077398400001 0.000244140625
73.816783018899997 73.836603773600004 1.36399352361 1.36460063 0.000244140625
73.836603773600004 73.856424528299996 1.3639864206600001 1.36459352361 0.000244140625
73.856424528299996 73.876245283000003 1.36397932114 1.36458642066 0.000244140625
73.876245283000003 73.896066037699995 1.3639722250599999 1.3645793211399999 0.000244140625
73.896066037699995 73.915886792500004 1.3639651324099999 1.3645722250600001 0.000244140625
73.915886792500004 73.935707547199996 1.36395804319 1.3645651324100001 0.000244140625
73.935707547199996 73.955528301900003 1.3639509573899999 1.36455804319 0.000244140625
73.955528301900003 73.975349056599995 1.3639438750199999 1.3645509573900001 0.000244140625
73.975349056599995 73.995169811300002 1.36393679608 1.3645438750200001 0.000244140625
73.995169811300002 74.014990565999994 1.3639297205500001 1.3645367960799999 0.000244140625
74.014990565999994 74.034811320800003 1.36392264843 1.36452972055 0.000244140625
74.034811320800003 74.054632075499995 1.36391557974 1.3645226484299999 0.000244140625
74.054632075499995 74.074452830200002 1.3639085144500001 1.3645155797399999 0.000244140625
74.074452830200002 74.094273584899994 1.36390145257 1.36450851445 0.000244140625
74.094273584899994 74.114094339600001 1.3638943940999999 1.3645014525700001 0.000244140625
74.114094339600001 74.133915094299994 1.3638873390299999 1.3644943941000001 0.000244140625
74.133915094299994 74.153735849100002 1.36388028736 1.3644873390300001 0.000244140625
74.153735849100002 74.173556603799994 1.3638732390999999 1.3644802873599999 0.000244140625
74.173556603799994 74.193377358500001 1.3638661942200001 1.3644732391000001 0.000244140625
74.193377358500001 74.213198113199994 1.3638591527499999 1.36446619422 0.000244140625
74.213198113199994 74.2330188679 1.36385211466 1.3644591527500001 0.000244140625
74.2330188679 74.252839622600007 1.3638450799599999 1.3644521146599999 0.000244140625
74.252839622600007 74.272660377400001 1.3638380486499999 1.3644450799600001 0.000244140625
74.272660377400001 74.292481132099994 1.36383102072 1.3644380486500001 0.000244140625
74.292481132099994 74.3123018868 1.3638239961800001 1.3644310207200001 0.000244140625
74.3123018868 74.332122641500007 1.36381697501 1.36442399618 0.000244140625
74.332122641500007 74.351943396199999 1.36380995722 1.3644169750099999 0.000244140625
74.351943396199999 74.371764150900006 1.3638029428 1.3644099572199999 0.000244140625
74.371764150900006 74.3915849057 1.3637959317499999 1.3644029428 0.000244140625
74.3915849057 74.411405660400007 1.3637889240800001 1.3643959317500001 0.000244140625
74.411405660400007 74.431226415099999 1.3637819197600001 1.36438892408 0.000244140625
74.431226415099999 74.451047169800006 1.3637749188199999 1.36438191976 0.000244140625
74.451047169800006 74.470867924499998 1.36376792123 1.3643749188200001 0.000244140625
74.470867924499998 74.490688679200005 1.363760927 1.3643679212299999 0.000244140625
74.490688679200005 74.510509433999999 1.36375393613 1.3643609269999999 0.000244140625
74.510509433999999 74.530330188700006 1.36374694861 1.3643539361299999 0.000244140625
74.530330188700006 74.550150943399998 1.3637399644499999 1.3643469486099999 0.000244140625
74.550150943399998 74.569971698100005 1.3637329836300001 1.3643399644500001 0.000244140625
74.569971698100005 74.589792452799998 1.3637260061600001 1.36433298363 0.000244140625
74.589792452799998 74.609613207500004 1.3637190320299999 1.36432600616 0.000244140625
74.609613207500004 74.629433962299998 1.36371206125 1.36431903203 0.000244140625
74.629433962299998 74.649254717000005 1.3637050937999999 1.3643120612499999 0.000244140625
74.649254717000005 74.669075471699998 1.3636981296899999 1.3643050938000001 0.000244140625
74.669075471699998 74.688896226400004 1.36369116892 1.3642981296900001 0.000244140625
74.688896226400004 74.708716981099997 1.3636842114800001 1.3642911689199999 0.000244140625
74.708716981099997 74.728537735800003 1.36367725736 1.36428421148 0.000244140625
74.728537735800003 74.748358490599998 1.36367030657 1.3642772573599999 0.000244140625
74.748358490599998 74.768179245300004 1.36366335911 1.3642703065699999 0.000244140625
74.768179245300004 74.787999999999997 1.3636564149699999 1.36426335911 0.000244140625
74.787999999999997 74.807820754700003 1.36364947415 1.3642564149700001 0.000244140625
74.807820754700003 74.827641509399996 1.36364253664 1.36424947415 0.000244140625
74.827641509399996 74.847462264200004 1.36363560245 1.3642425366399999 0.000244140625
74.847462264200004 74.867283018899997 1.3636286715699999 1.36423560245 0.000244140625
74.867283018899997 74.887103773600003 1.363621744 1.3642286715700001 0.000244140625
74.887103773600003 74.906924528299996 1.36361481974 1.364221744 0.000244140625
74.906924528299996 74.926745283000002 1.36360789879 1.3642148197399999 0.000244140625
74.926745283000002 74.946566037699995 1.3636009811300001 1.3642078987899999 0.000244140625
74.946566037699995 74.966386792500003 1.3635940667799999 1.36420098113 0.000244140625
74.966386792500003 74.986207547199996 1.3635871557200001 1.3641940667800001 0.000244140625
74.986207547199996 75.006028301900002 1.3635802479600001 1.36418715572 0.000244140625
75.006028301900002 75.025849056599995 1.3635733434899999 1.36418024796 0.000244140625
75.025849056599995 75.045669811300002 1.36356644231 1.3641733434900001 0.000244140625
75.045669811300002 75.065490565999994 1.3635595444199999 1.3641664423099999 0.000244140625
75.065490565999994 75.085311320800002 1.3635526498199999 1.3641595444200001 0.000244140625
75.085311320800002 75.105132075499995 1.3635457584999999 1.3641526498200001 0.000244140625
75.105132075499995 75.124952830200002 1.36353887045 1.3641457585000001 0.000244140625
75.124952830200002 75.144773584899994 1.3635319856899999 1.3641388704499999 0.000244140625
75.144773584899994 75.164594339600001 1.3635251042000001 1.36413198569 0.000244140625
75.164594339600001 75.184415094299993 1.3635182259900001 1.3641251042 0.000244140625
75.184415094299993 75.204235849100002 1.3635113510500001 1.36411822599 0.000244140625
75.204235849100002 75.224056603799994 1.36350447937 1.36411135105 0.000244140625
75.224056603799994 75.243877358500001 1.3634976109700001 1.3641044793699999 0.000244140625
75.243877358500001 75.263698113199993 1.3634907458200001 1.36409761097 0.000244140625
75.263698113199993 75.2835188679 1.3634838839400001 1.36409074582 0.000244140625
75.2835188679 75.303339622600006 1.3634770253199999 1.36408388394 0.000244140625
75.303339622600006 75.323160377400001 1.36347016995 1.3640770253200001 0.000244140625
75.323160377400001 75.342981132099993 1.36346331784 1.36407016995 0.000244140625
75.342981132099993 75.3628018868 1.3634564689799999 1.3640633178399999 0.000244140625
75.3628018868 75.382622641500006 1.36344962337 1.3640564689800001 0.000244140625
75.382622641500006 75.402443396199999 1.36344278101 1.3640496233699999 0.000244140625
75.402443396199999 75.422264150900006 1.3634359418899999 1.36404278101 0.000244140625
75.422264150900006 75.4420849057 1.3634291060099999 1.3640359418900001 0.000244140625
75.4420849057 75.461905660400006 1.3634222733800001 1.36402910601 0.000244140625
75.461905660400006 75.481726415099999 1.3634154439799999 1.36402227338 0.000244140625
75.481726415099999 75.501547169800006 1.36340861782 1.3640154439800001 0.000244140625
75.501547169800006 75.521367924499998 1.3634017948899999 1.3640086178199999 0.000244140625
75.521367924499998 75.541188679200005 1.3633949751900001 1.3640017948900001 0.000244140625
75.541188679200005 75.561009433999999 1.3633881587200001 1.36399497519 0.000244140625
75.561009433999999 75.580830188700006 1.3633813454799999 1.36398815872 0.000244140625
75.580830188700006 75.600650943399998 1.36337453546 1.3639813454800001 0.000244140625
75.600650943399998 75.620471698100005 1.3633677286599999 1.3639745354599999 0.000244140625
75.620471698100005 75.640292452799997 1.3633609250800001 1.36396772866 0.000244140625
75.640292452799997 75.660113207500004 1.3633541247200001 1.36396092508 0.000244140625
75.660113207500004 75.679933962299998 1.3633473275700001 1.36395412472 0.000244140625
75.679933962299998 75.699754717000005 1.36334053363 1.36394732757 0.000244140625
75.699754717000005 75.719575471699997 1.3633337429000001 1.3639405336299999 0.000244140625
75.719575471699997 75.739396226400004 1.36332695538 1.3639337429 0.000244140625
75.739396226400004 75.759216981099996 1.36332017107 1.36392695538 0.000244140625
75.759216981099996 75.779037735800003 1.3633133899600001 1.36392017107 0.000244140625
75.779037735800003 75.798858490599997 1.3633066120399999 1.36391338996 0.000244140625
75.798858490599997 75.818679245300004 1.36329983733 1.3639066120400001 0.000244140625
75.818679245300004 75.838499999999996 1.36329306581 1.36389983733 0.000244140625
75.838499999999996 75.858320754700003 1.36328629749 1.3638930658099999 0.000244140625
75.858320754700003 75.878141509399995 1.36327953235 1.3638862974899999 0.000244140625
75.878141509399995 75.897962264200004 1.3632727704100001 1.3638795323499999 0.000244140625
75.897962264200004 75.917783018899996 1.3632660116499999 1.36387277041 0.000244140625
75.917783018899996 75.937603773600003 1.3632592560700001 1.3638660116500001 0.000244140625
75.937603773600003 75.957424528299995 1.3632525036800001 1.36385925607 0.000244140625
75.957424528299995 75.977245283000002 1.3632457544700001 1.36385250368 0.000244140625
75.977245283000002 75.997066037699994 1.3632390084299999 1.36384575447 0.000244140625
75.997066037699994 76.016886792500003 1.36323226557 1.3638390084300001 0.000244140625
76.016886792500003 76.036707547199995 1.3632255258799999 1.3638322655699999 0.000244140625
76.036707547199995 76.056528301900002 1.3632187893600001 1.3638255258800001 0.000244140625
76.056528301900002 76.076349056599994 1.3632120560100001 1.36381878936 0.000244140625
76.076349056599994 76.096169811300001 1.3632053258300001 1.36381205601 0.000244140625
76.096169811300001 76.115990565999994 1.3631985988099999 1.36380532583 0.000244140625
76.115990565999994 76.135811320800002 1.36319187495 1.3637985988100001 0.000244140625
76.135811320800002 76.155632075499994 1.36318515424 1.36379187495 0.000244140625
76.155632075499994 76.175452830200001 1.3631784366999999 1.3637851542399999 0.000244140625
76.175452830200001 76.195273584899994 1.3631717223099999 1.3637784367000001 0.000244140625
76.195273584899994 76.2150943396 1.36316501107 1.3637717223100001 0.000244140625
76.2150943396 76.234915094300007 1.3631583029800001 1.3637650110699999 0.000244140625
76.234915094300007 76.254735849100001 1.36315159804 1.36375830298 0.000244140625
76.254735849100001 76.274556603799994 1.3631448962499999 1.3637515980399999 0.000244140625
76.274556603799994 76.2943773585 1.3631381975900001 1.3637448962500001 0.000244140625
76.2943773585 76.314198113200007 1.3631315020799999 1.36373819759 0.000244140625
76.314198113200007 76.334018867899999 1.3631248097099999 1.36373150208 0.000244140625
76.334018867899999 76.353839622600006 1.36311812047 1.3637248097100001 0.000244140625
76.353839622600006 76.3736603774 1.3631114343599999 1.36371812047 0.000244140625
76.3736603774 76.393481132100007 1.3631047513900001 1.3637114343600001 0.000244140625
76.393481132100007 76.413301886799999 1.3630980715500001 1.36370475139 0.000244140625
76.413301886799999 76.433122641500006 1.3630913948300001 1.36369807155 0.000244140625
76.433122641500006 76.452943396199998 1.3630847212399999 1.36369139483 0.000244140625
76.452943396199998 76.472764150900005 1.36307805077 1.3636847212400001 0.000244140625
76.472764150900005 76.492584905699999 1.3630713834299999 1.3636780507699999 0.000244140625
76.492584905699999 76.512405660400006 1.3630647192000001 1.3636713834300001 0.000244140625
76.512405660400006 76.532226415099998 1.36305805808 1.3636647192 0.000244140625
76.532226415099998 76.552047169800005 1.36305140008 1.36365805808 0.000244140625
76.552047169800005 76.571867924499998 1.3630447451900001 1.36365140008 0.000244140625
76.571867924499998 76.591688679200004 1.3630380934099999 1.36364474519 0.000244140625
76.591688679200004 76.611509433999998 1.36303144474 1.3636380934100001 0.000244140625
76.611509433999998 76.631330188700005 1.36302479917 1.36363144474 0.000244140625
76.631330188700005 76.651150943399998 1.3630181567099999 1.3636247991699999 0.000244140625
76.651150943399998 76.670971698100004 1.3630115173399999 1.3636181567100001 0.000244140625
76.670971698100004 76.690792452799997 1.36300488107 1.3636115173400001 0.000244140625
76.690792452799997 76.710613207500003 1.3629982479 1.3636048810700001 0.000244140625
76.710613207500003 76.730433962299998 1.3629916178199999 1.3635982478999999 0.000244140625
76.730433962299998 76.750254717000004 1.36298499084 1.36359161782 0.000244140625
76.750254717000004 76.770075471699997 1.36297836694 1.36358499084 0.000244140625
76.770075471699997 76.789896226400003 1.3629717461299999 1.3635783669399999 0.000244140625
76.789896226400003 76.809716981099996 1.3629651283999999 1.3635717461300001 0.000244140625
76.809716981099996 76.829537735800002 1.36295851376 1.3635651284000001 0.000244140625
76.829537735800002 76.849358490599997 1.3629519022000001 1.3635585137599999 0.000244140625
76.849358490599997 76.869179245300003 1.3629452937099999 1.3635519022 0.000244140625
76.869179245300003 76.888999999999996 1.3629386883000001 1.3635452937100001 0.000244140625
76.888999999999996 76.908820754700002 1.36293208597 1.3635386883 0.000244140625
76.908820754700002 76.928641509399995 1.3629254867 1.36353208597 0.000244140625
76.928641509399995 76.948462264200003 1.36291889051 1.3635254867 0.000244140625
76.948462264200003 76.968283018899996 1.3629122973800001 1.36351889051 0.000244140625
76.968283018899996 76.988103773600002 1.3629057073199999 1.36351229738 0.000244140625
76.988103773600002 77.007924528299995 1.36289912032 1.3635057073200001 0.000244140625
77.007924528299995 77.027745283000002 1.36289253638 1.36349912032 0.000244140625
77.027745283000002 77.047566037699994 1.3628859554999999 1.3634925363799999 0.000244140625
77.047566037699994 77.067386792500002 1.3628793776699999 1.3634859555000001 0.000244140625
77.067386792500002 77.087207547199995 1.3628728028999999 1.36347937767 0.000244140625
77.087207547199995 77.107028301900002 1.3628662311799999 1.3634728029000001 0.000244140625
77.107028301900002 77.126849056599994 1.36285966251 1.3634662311800001 0.000244140625
77.126849056599994 77.146669811300001 1.3628530968899999 1.3634596625099999 0.000244140625
77.146669811300001 77.166490565999993 1.36284653431 1.36345309689 0.000244140625
77.166490565999993 77.186311320800002 1.36283997478 1.36344653431 0.000244140625
77.186311320800002 77.206132075499994 1.3628334182899999 1.3634399747799999 0.000244140625
77.206132075499994 77.225952830200001 1.3628268648299999 1.3634334182900001 0.000244140625
77.225952830200001 77.245773584899993 1.36282031442 1.3634268648300001 0.000244140625
77.245773584899993 77.2655943396 1.36281376703 1.3634203144199999 0.000244140625
77.2655943396 77.285415094300006 1.3628072226800001 1.3634137670299999 0.000244140625
77.285415094300006 77.305235849100001 1.36280068136 1.36340722268 0.000244140625
77.305235849100001 77.325056603799993 1.3627941430699999 1.3634006813599999 0.000244140625
77.325056603799993 77.3448773585 1.3627876078000001 1.3633941430700001 0.000244140625
77.3448773585 77.364698113200006 1.3627810755600001 1.3633876078 0.000244140625
77.364698113200006 77.384518867899999 1.3627745463300001 1.36338107556 0.000244140625
77.384518867899999 77.404339622600006 1.3627680201300001 1.36337454633 0.000244140625
77.404339622600006 77.4241603774 1.3627614969499999 1.36336802013 0.000244140625
77.4241603774 77.443981132100006 1.36275497678 1.3633614969500001 0.000244140625
77.443981132100006 77.463801886799999 1.3627484596199999 1.3633549767799999 0.000244140625
77.463801886799999 77.483622641500006 1.36274194547 1.3633484596200001 0.000244140625
77.483622641500006 77.503443396199998 1.36273543433 1.36334194547 0.000244140625
77.503443396199998 77.523264150900005 1.3627289262 1.3633354343299999 0.000244140625
77.523264150900005 77.543084905699999 1.36272242107 1.3633289261999999 0.000244140625
77.543084905699999 77.562905660400006 1.36271591895 1.3633224210699999 0.000244140625
77.562905660400006 77.582726415099998 1.36270941982 1.3633159189499999 0.000244140625
77.582726415099998 77.602547169800005 1.3627029236999999 1.36330941982 0.000244140625
77.602547169800005 77.622367924499997 1.36269643057 1.3633029237000001 0.000244140625
77.622367924499997 77.642188679200004 1.3626899404299999 1.3632964305699999 0.000244140625
77.642188679200004 77.662009433999998 1.3626834532800001 1.3632899404300001 0.000244140625
77.662009433999998 77.681830188700005 1.36267696913 1.36328345328 0.000244140625
77.681830188700005 77.701650943399997 1.36267048796 1.36327696913 0.000244140625
77.701650943399997 77.721471698100004 1.36266400977 1.3632704879599999 0.000244140625
77.721471698100004 77.741292452799996 1.3626575345700001 1.36326400977 0.000244140625
77.741292452799996 77.761113207500003 1.3626510623500001 1.36325753457 0.000244140625
77.761113207500003 77.780933962299997 1.36264459311 1.36325106235 0.000244140625
77.780933962299997 77.800754717000004 1.3626381268500001 1.3632445931099999 0.000244140625
77.800754717000004 77.820575471699996 1.36263166356 1.36323812685 0.000244140625
77.820575471699996 77.840396226400003 1.3626252032399999 1.3632316635599999 0.000244140625
77.840396226400003 77.860216981099995 1.3626187459000001 1.3632252032400001 0.000244140625
77.860216981099995 77.880037735800002 1.3626122915200001 1.3632187459 0.000244140625
77.880037735800002 77.899858490599996 1.3626058401100001 1.36321229152 0.000244140625
77.899858490599996 77.919679245300003 1.3625993916600001 1.36320584011 0.000244140625
77.919679245300003 77.939499999999995 1.3625929461699999 1.36319939166 0.000244140625
77.939499999999995 77.959320754700002 1.36258650365 1.3631929461700001 0.000244140625
77.959320754700002 77.979141509399994 1.3625800640800001 1.3631865036499999 0.000244140625
77.979141509399994 77.998962264200003 1.36257362747 1.36318006408 0.000244140625
77.998962264200003 78.018783018899995 1.3625671938099999 1.3631736274699999 0.000244140625
78.018783018899995 78.038603773600002 1.3625607631000001 1.3631671938100001 0.000244140625
78.038603773600002 78.058424528299994 1.36255433535 1.3631607631 0.000244140625
78.058424528299994 78.078245283000001 1.36254791054 1.36315433535 0.000244140625
78.078245283000001 78.098066037699994 1.36254148867 1.36314791054 0.000244140625
78.098066037699994 78.117886792500002 1.36253506975 1.36314148867 0.000244140625
78.117886792500002 78.137707547199994 1.3625286537700001 1.36313506975 0.000244140625
78.137707547199994 78.157528301900001 1.3625222407299999 1.36312865377 0.000244140625
78.157528301900001 78.177349056599994 1.36251583063 1.3631222407300001 0.000244140625
78.177349056599994 78.1971698113 1.3625094234599999 1.36311583063 0.000244140625
78.1971698113 78.216990566000007 1.3625030192300001 1.3631094234600001 0.000244140625
78.216990566000007 78.236811320800001 1.36249661792 1.36310301923 0.000244140625
78.236811320800001 78.256632075499994 1.3624902195499999 1.3630966179199999 0.000244140625
78.256632075499994 78.2764528302 1.3624838240999999 1.3630902195500001 0.000244140625
78.2764528302 78.296273584900007 1.3624774315799999 1.3630838241000001 0.000244140625
78.296273584900007 78.316094339599999 1.3624710419799999 1.3630774315800001 0.000244140625
78.316094339599999 78.335915094300006 1.3624646552999999 1.3630710419800001 0.000244140625
78.335915094300006 78.3557358491 1.36245827153 1.3630646553000001 0.000244140625
78.3557358491 78.375556603800007 1.3624518906900001 1.3630582715299999 0.000244140625
78.375556603800007 78.395377358499999 1.3624455127599999 1.36305189069 0.000244140625
78.395377358499999 78.415198113200006 1.36243913774 1.3630455127600001 0.000244140625
78.415198113200006 78.435018867899998 1.3624327656299999 1.36303913774 0.000244140625
78.435018867899998 78.454839622600005 1.3624263964300001 1.3630327656300001 0.000244140625
78.454839622600005 78.474660377399999 1.36242003014 1.36302639643 0.000244140625
78.474660377399999 78.494481132100006 1.36241366675 1.3630200301399999 0.000244140625
78.494481132100006 78.514301886799998 1.36240730626 1.3630136667499999 0.000244140625
78.514301886799998 78.534122641500005 1.3624009486799999 1.3630073062600001 0.000244140625
78.534122641500005 78.553943396199998 1.36239459399 1.3630009486800001 0.000244140625
78.553943396199998 78.573764150900004 1.3623882422 1.3629945939899999 0.000244140625
78.573764150900004 78.593584905699998 1.3623818933 1.3629882421999999 0.000244140625
78.593584905699998 78.613405660400005 1.3623755472900001 1.3629818933 0.000244140625
78.613405660400005 78.633226415099998 1.36236920417 1.36297554729 0.000244140625
78.633226415099998 78.653047169800004 1.3623628639500001 1.3629692041699999 0.000244140625
78.653047169800004 78.672867924499997 1.3623565266 1.36296286395 0.000244140625
78.672867924499997 78.692688679200003 1.3623501921500001 1.3629565266000001 0.000244140625
78.692688679200003 78.712509433999998 1.36234386057 1.36295019215 0.000244140625
78.712509433999998 78.732330188700004 1.36233753187 1.3629438605699999 0.000244140625
78.732330188700004 78.752150943399997 1.3623312060599999 1.3629375318700001 0.000244140625
78.752150943399997 78.771971698100003 1.3623248831100001 1.3629312060600001 0.000244140625
78.771971698100003 78.791792452799996 1.3623185630400001 1.36292488311 0.000244140625
78.791792452799996 78.811613207500002 1.3623122458500001 1.36291856304 0.000244140625
78.811613207500002 78.831433962299997 1.3623059315199999 1.36291224585 0.000244140625
78.831433962299997 78.851254717000003 1.3622996200599999 1.3629059315200001 0.000244140625
78.851254717000003 78.871075471699996 1.36229331147 1.3628996200600001 0.000244140625
78.871075471699996 78.890896226400002 1.3622870057400001 1.3628933114699999 0.000244140625
78.890896226400002 78.910716981099995 1.3622807028699999 1.36288700574 0.000244140625
78.910716981099995 78.930537735800002 1.36227440287 1.3628807028700001 0.000244140625
78.930537735800002 78.950358490599996 1.3622681057199999 1.3628744028699999 0.000244140625
78.950358490599996 78.970179245300002 1.36226181142 1.3628681057200001 0.000244140625
78.970179245300002 78.989999999999995 1.3622555199799999 1.36286181142 0.000244140625
78.989999999999995 79.009820754700002 1.3622492314000001 1.3628555199800001 0.000244140625
79.009820754700002 79.029641509399994 1.36224294566 1.3628492314 0.000244140625
79.029641509399994 79.049462264200002 1.36223666277 1.36284294566 0.000244140625
79.049462264200002 79.069283018899995 1.36223038273 1.3628366627699999 0.000244140625
79.069283018899995 79.089103773600002 1.36222410553 1.3628303827299999 0.000244140625
79.089103773600002 79.108924528299994 1.3622178311699999 1.3628241055300001 0.000244140625
79.108924528299994 79.128745283000001 1.36221155965 1.3628178311700001 0.000244140625
79.128745283000001 79.148566037699993 1.36220529097 1.3628115596499999 0.000244140625
79.148566037699993 79.168386792500002 1.36219902513 1.3628052909699999 0.000244140625
79.168386792500002 79.188207547199994 1.3621927621200001 1.36279902513 0.000244140625
79.188207547199994 79.208028301900001 1.3621865019399999 1.36279276212 0.000244140625
79.208028301900001 79.227849056599993 1.36218024459 1.3627865019400001 0.000244140625
79.227849056599993 79.2476698113 1.3621739900700001 1.3627802445899999 0.000244140625
79.2476698113 79.267490566000006 1.3621677383799999 1.36277399007 0.000244140625
79.267490566000006 79.287311320800001 1.36216148951 1.3627677383800001 0.000244140625
79.287311320800001 79.307132075499993 1.3621552434699999 1.36276148951 0.000244140625
79.307132075499993 79.3269528302 1.3621490002400001 1.3627552434700001 0.000244140625
79.3269528302 79.346773584900006 1.36214275983 1.36274900024 0.000244140625
79.346773584900006 79.366594339599999 1.3621365222399999 1.3627427598299999 0.000244140625
79.366594339599999 79.386415094300006 1.3621302874700001 1.3627365222400001 0.000244140625
79.386415094300006 79.4062358491 1.3621240555 1.36273028747 0.000244140625
79.4062358491 79.426056603800006 1.36211782635 1.3627240555 0.000244140625
79.426056603800006 79.445877358499999 1.3621116 1.3627178263499999 0.000244140625
79.445877358499999 79.465698113200006 1.36210537647 1.3627115999999999 0.000244140625
79.465698113200006 79.485518867899998 1.36209915573 1.3627053764699999 0.000244140625
79.485518867899998 79.505339622600005 1.3620929378 1.3626991557299999 0.000244140625
79.505339622600005 79.525160377399999 1.36208672267 1.3626929377999999 0.000244140625
79.525160377399999 79.544981132100006 1.36208051034 1.3626867226699999 0.000244140625
79.544981132100006 79.564801886799998 1.36207430081 1.3626805103399999 0.000244140625
79.564801886799998 79.584622641500005 1.3620680940700001 1.36267430081 0.000244140625
79.584622641500005 79.604443396199997 1.3620618901199999 1.36266809407 0.000244140625
79.604443396199997 79.624264150900004 1.36205568897 1.3626618901200001 0.000244140625
79.624264150900004 79.644084905699998 1.3620494906 1.3626556889699999 0.000244140625
79.644084905699998 79.663905660400005 1.3620432950300001 1.3626494906 0.000244140625
79.663905660400005 79.683726415099997 1.36203710223 1.36264329503 0.000244140625
79.683726415099997 79.703547169800004 1.3620309122200001 1.3626371022299999 0.000244140625
79.703547169800004 79.723367924499996 1.3620247249999999 1.36263091222 0.000244140625
79.723367924499996 79.743188679200003 1.36201854055 1.3626247250000001 0.000244140625
79.743188679200003 79.763009433999997 1.3620123588799999 1.36261854055 0.000244140625
79.763009433999997 79.782830188700004 1.3620061799800001 1.3626123588800001 0.000244140625
79.782830188700004 79.802650943399996 1.36200000386 1.36260617998 0.000244140625
79.802650943399996 79.822471698100003 1.3619938305099999 1.3626000038599999 0.000244140625
79.822471698100003 79.842292452799995 1.36198765994 1.36259383051 0.000244140625
79.842292452799995 79.862113207500002 1.36198149213 1.36258765994 0.000244140625
79.862113207500002 79.881933962299996 1.3619753270799999 1.3625814921299999 0.000244140625
79.881933962299996 79.901754717000003 1.3619691648000001 1.3625753270800001 0.000244140625
79.901754717000003 79.921575471699995 1.36196300528 1.3625691648 0.000244140625
79.921575471699995 79.941396226400002 1.36195684853 1.36256300528 0.000244140625
79.941396226400002 79.961216981099994 1.36195069453 1.3625568485299999 0.000244140625
79.961216981099994 79.981037735800001 1.3619445432899999 1.3625506945300001 0.000244140625
79.981037735800001 80.000858490599995 1.3619383947999999 1.3625445432900001 0.000244140625
80.000858490599995 80.020679245300002 1.3619322490700001 1.3625383948000001 0.000244140625
80.020679245300002 80.040499999999994 1.3619261060800001 1.36253224907 0.000244140625
80.040499999999994 80.060320754700001 1.3619199658500001 1.36252610608 0.000244140625
80.060320754700001 80.080141509399994 1.3619138283600001 1.36251996585 0.000244140625
80.080141509399994 80.099962264200002 1.3619076936200001 1.36251382836 0.000244140625
80.099962264200002 80.119783018899994 1.3619015616300001 1.36250769362 0.000244140625
80.119783018899994 80.139603773600001 1.3618954323700001 1.36250156163 0.000244140625
80.139603773600001 80.159424528299994 1.3618893058499999 1.36249543237 0.000244140625
80.159424528299994 80.179245283 1.3618831820699999 1.3624893058500001 0.000244140625
80.179245283 80.199066037700007 1.3618770610299999 1.3624831820700001 0.000244140625
80.199066037700007 80.218886792500001 1.36187094272 1.3624770610300001 0.000244140625
80.218886792500001 80.238707547199994 1.36186482715 1.3624709427199999 0.000244140625
80.238707547199994 80.2585283019 1.3618587143000001 1.3624648271499999 0.000244140625
80.2585283019 80.278349056600007 1.3618526041800001 1.3624587143 0.000244140625
80.278349056600007 80.298169811299999 1.3618464967899999 1.36245260418 0.000244140625
80.298169811299999 80.317990566000006 1.36184039212 1.3624464967900001 0.000244140625
80.317990566000006 80.3378113208 1.36183429018 1.3624403921199999 0.000244140625
80.3378113208 80.357632075500007 1.3618281909600001 1.36243429018 0.000244140625
80.357632075500007 80.377452830199999 1.3618220944499999 1.36242819096 0.000244140625
80.377452830199999 80.397273584900006 1.36181600067 1.3624220944500001 0.000244140625
80.397273584900006 80.417094339599998 1.3618099096 1.3624160006699999 0.000244140625
80.417094339599998 80.436915094300005 1.3618038212400001 1.3624099096 0.000244140625
80.436915094300005 80.456735849099999 1.3617977355899999 1.36240382124 0.000244140625
80.456735849099999 80.476556603800006 1.36179165266 1.3623977355900001 0.000244140625
80.476556603800006 80.496377358499998 1.3617855724300001 1.36239165266 0.000244140625
80.496377358499998 80.516198113200005 1.3617794949099999 1.36238557243 0.000244140625
80.516198113200005 80.536018867899998 1.36177342009 1.3623794949100001 0.000244140625
80.536018867899998 80.555839622600004 1.3617673479700001 1.36237342009 0.000244140625
80.555839622600004 80.575660377399998 1.36176127856 1.36236734797 0.000244140625
80.575660377399998 80.595481132100005 1.36175521184 1.3623612785600001 0.000244140625
80.595481132100005 80.615301886799998 1.3617491478199999 1.36235521184 0.000244140625
80.615301886799998 80.635122641500004 1.3617430865 1.3623491478200001 0.000244140625
80.635122641500004 80.654943396199997 1.3617370278600001 1.3623430864999999 0.000244140625
80.654943396199997 80.674764150900003 1.3617309719199999 1.36233702786 0.000244140625
80.674764150900003 80.694584905699998 1.36172491867 1.3623309719200001 0.000244140625
80.694584905699998 80.714405660400004 1.3617188681100001 1.3623249186699999 0.000244140625
80.714405660400004 80.734226415099997 1.36171282023 1.36231886811 0.000244140625
80.734226415099997 80.754047169800003 1.36170677504 1.3623128202300001 0.000244140625
80.754047169800003 80.773867924499996 1.3617007325299999 1.36230677504 0.000244140625
80.773867924499996 80.793688679200002 1.3616946927 1.3623007325300001 0.000244140625
80.793688679200002 80.813509433999997 1.3616886555500001 1.3622946926999999 0.000244140625
80.813509433999997 80.833330188700003 1.3616826210699999 1.36228865555 0.000244140625
80.833330188700003 80.853150943399996 1.36167658927 1.3622826210700001 0.000244140625
80.853150943399996 80.872971698100002 1.3616705601400001 1.3622765892699999 0.000244140625
80.872971698100002 80.892792452799995 1.36166453368 1.36227056014 0.000244140625
80.892792452799995 80.912613207500002 1.3616585099 1.3622645336799999 0.000244140625
80.912613207500002 80.932433962299996 1.3616524887799999 1.3622585099 0.000244140625
80.932433962299996 80.952254717000002 1.36164647032 1.36225248878 0.000244140625
80.952254717000002 80.972075471699995 1.36164045453 1.3622464703199999 0.000244140625
80.972075471699995 80.991896226400002 1.3616344413999999 1.36224045453 0.000244140625
80.991896226400002 81.011716981099994 1.36162843094 1.3622344414100001 0.000244140625
81.011716981099994 81.031537735800001 1.36162242313 1.3622284309399999 0.000244140625
81.031537735800001 81.051358490599995 1.3616164179800001 1.36222242313 0.000244140625
81.051358490599995 81.071179245300002 1.3616104154799999 1.36221641798 0.000244140625
81.071179245300002 81.090999999999994 1.36160441563 1.3622104154800001 0.000244140625
81.090999999999994 81.110820754700001 1.3615984184400001 1.3622044156299999 0.000244140625
81.110820754700001 81.130641509399993 1.3615924238999999 1.36219841844 0.000244140625
81.130641509399993 81.150462264200002 1.361586432 1.3621924239000001 0.000244140625
81.150462264200002 81.170283018899994 1.36158044275 1.3621864319999999 0.000244140625
81.170283018899994 81.190103773600001 1.3615744561400001 1.3621804427499999 0.000244140625
81.190103773600001 81.209924528299993 1.3615684721800001 1.36217445614 0.000244140625
81.209924528299993 81.229745283 1.3615624908599999 1.36216847218 0.000244140625
81.229745283 81.249566037700006 1.36155651217 1.3621624908600001 0.000244140625
81.249566037700006 81.269386792500001 1.36155053612 1.3621565121699999 0.000244140625
81.269386792500001 81.289207547199993 1.36154456271 1.3621505361199999 0.000244140625
81.289207547199993 81.3090283019 1.36153859193 1.36214456271 0.000244140625
81.3090283019 81.328849056600006 1.3615326237900001 1.36213859193 0.000244140625
81.328849056600006 81.348669811299999 1.3615266582700001 1.36213262379 0.000244140625
81.348669811299999 81.368490566000006 1.3615206953800001 1.36212665827 0.000244140625
81.368490566000006 81.3883113208 1.3615147351100001 1.36212069538 0.000244140625
81.3883113208 81.408132075500006 1.3615087774700001 1.36211473511 0.000244140625
81.408132075500006 81.427952830199999 1.3615028224600001 1.36210877747 0.000244140625
81.427952830199999 81.447773584900006 1.3614968700600001 1.36210282246 0.000244140625
81.447773584900006 81.467594339599998 1.3614909202900001 1.36209687006 0.000244140625
81.467594339599998 81.487415094300005 1.3614849731300001 1.36209092029 0.000244140625
81.487415094300005 81.507235849099999 1.36147902858 1.36208497313 0.000244140625
81.507235849099999 81.527056603800006 1.36147308665 1.36207902858 0.000244140625
81.527056603800006 81.546877358499998 1.36146714733 1.3620730866499999 0.000244140625
81.546877358499998 81.566698113200005 1.3614612106299999 1.3620671473299999 0.000244140625
81.566698113200005 81.586518867899997 1.3614552765300001 1.3620612106300001 0.000244140625
81.586518867899997 81.606339622600004 1.36144934504 1.36205527653 0.000244140625
81.606339622600004 81.626160377399998 1.36144341615 1.36204934504 0.000244140625
81.626160377399998 81.645981132100005 1.3614374898599999 1.3620434161499999 0.000244140625
81.645981132100005 81.665801886799997 1.3614315661800001 1.3620374898600001 0.000244140625
81.665801886799997 81.685622641500004 1.3614256451 1.36203156618 0.000244140625
81.685622641500004 81.705443396199996 1.3614197266100001 1.3620256450999999 0.000244140625
81.705443396199996 81.725264150900003 1.36141381073 1.36201972661 0.000244140625
81.725264150900003 81.745084905699997 1.3614078974299999 1.3620138107299999 0.000244140625
81.745084905699997 81.764905660400004 1.36140198673 1.3620078974300001 0.000244140625
81.764905660400004 81.784726415099996 1.3613960786199999 1.3620019867299999 0.000244140625
81.784726415099996 81.804547169800003 1.3613901731 1.3619960786200001 0.000244140625
81.804547169800003 81.824367924499995 1.3613842701600001 1.3619901730999999 0.000244140625
81.824367924499995 81.844188679200002 1.3613783698199999 1.36198427016 0.000244140625
81.844188679200002 81.864009433999996 1.36137247205 1.3619783698200001 0.000244140625
81.864009433999996 81.883830188700003 1.3613665768700001 1.3619724720499999 0.000244140625
81.883830188700003 81.903650943399995 1.3613606842699999 1.36196657687 0.000244140625
81.903650943399995 81.923471698100002 1.3613547942499999 1.3619606842700001 0.000244140625
81.923471698100002 81.943292452799994 1.3613489068 1.3619547942500001 0.000244140625
81.943292452799994 81.963113207500001 1.36134302193 1.3619489067999999 0.000244140625
81.963113207500001 81.982933962299995 1.36133713963 1.3619430219299999 0.000244140625
81.982933962299995 82.002754717000002 1.36133125991 1.36193713963 0.000244140625
82.002754717000002 82.022575471699994 1.36132538276 1.36193125991 0.000244140625
82.022575471699994 82.042396226400001 1.36131950817 1.36192538276 0.000244140625
82.042396226400001 82.062216981099994 1.36131363615 1.36191950817 0.000244140625
82.062216981099994 82.0820377358 1.3613077667 1.3619136361499999 0.000244140625
82.0820377358 82.101858490599994 1.3613018997999999 1.3619077666999999 0.000244140625
82.101858490599994 82.121679245300001 1.3612960354700001 1.3619018998000001 0.000244140625
82.121679245300001 82.141499999999994 1.3612901737000001 1.36189603547 0.000244140625
82.141499999999994 82.1613207547 1.36128431449 1.3618901737 0.000244140625
82.1613207547 82.181141509400007 1.3612784578399999 1.3618843144899999 0.000244140625
82.181141509400007 82.200962264200001 1.36127260374 1.3618784578400001 0.000244140625
82.200962264200001 82.220783018899994 1.3612667521899999 1.36187260374 0.000244140625
82.220783018899994 82.2406037736 1.36126090319 1.3618667521900001 0.000244140625
82.2406037736 82.260424528300007 1.3612550567399999 1.36186090319 0.000244140625
82.260424528300007 82.280245282999999 1.36124921285 1.3618550567400001 0.000244140625
82.280245282999999 82.300066037700006 1.3612433714900001 1.3618492128499999 0.000244140625
82.300066037700006 82.3198867925 1.3612375326799999 1.36184337149 0.000244140625
82.3198867925 82.339707547200007 1.36123169642 1.3618375326800001 0.000244140625
82.339707547200007 82.359528301899999 1.36122586269 1.3618316964199999 0.000244140625
82.359528301899999 82.379349056600006 1.36122003151 1.3618258626899999 0.000244140625
82.379349056600006 82.399169811299998 1.3612142028600001 1.36182003151 0.000244140625
82.399169811299998 82.418990566000005 1.3612083767500001 1.36181420286 0.000244140625
82.418990566000005 82.438811320799999 1.3612025531700001 1.36180837675 0.000244140625
82.438811320799999 82.458632075500006 1.36119673212 1.36180255317 0.000244140625
82.458632075500006 82.478452830199998 1.36119091361 1.36179673212 0.000244140625
82.478452830199998 82.498273584900005 1.36118509762 1.3617909136099999 0.000244140625
82.498273584900005 82.518094339599998 1.3611792841599999 1.3617850976200001 0.000244140625
82.518094339599998 82.537915094300004 1.36117347323 1.36177928416 0.000244140625
82.537915094300004 82.557735849099998 1.36116766482 1.36177347323 0.000244140625
82.557735849099998 82.577556603800005 1.3611618589400001 1.3617676648199999 0.000244140625
82.577556603800005 82.597377358499998 1.36115605557 1.36176185894 0.000244140625
82.597377358499998 82.617198113200004 1.3611502547200001 1.3617560555699999 0.000244140625
82.617198113200004 82.637018867899997 1.3611444563999999 1.36175025472 0.000244140625
82.637018867899997 82.656839622600003 1.36113866058 1.3617444564000001 0.000244140625
82.656839622600003 82.676660377399998 1.36113286728 1.3617386605799999 0.000244140625
82.676660377399998 82.696481132100004 1.3611270765000001 1.36173286728 0.000244140625
82.696481132100004 82.716301886799997 1.3611212882199999 1.3617270765 0.000244140625
82.716301886799997 82.736122641500003 1.3611155024499999 1.36172128822 0.000244140625
82.736122641500003 82.755943396199996 1.3611097191899999 1.3617155024500001 0.000244140625
82.755943396199996 82.775764150900002 1.3611039384400001 1.3617097191900001 0.000244140625
82.775764150900002 82.795584905699997 1.3610981601900001 1.36170393844 0.000244140625
82.795584905699997 82.815405660400003 1.36109238444 1.36169816019 0.000244140625
82.815405660400003 82.835226415099996 1.36108661119 1.36169238444 0.000244140625
82.835226415099996 82.855047169800002 1.3610808404400001 1.3616866111899999 0.000244140625
82.855047169800002 82.874867924499995 1.36107507219 1.36168084044 0.000244140625
82.874867924499995 82.894688679200002 1.3610693064299999 1.3616750721899999 0.000244140625
82.894688679200002 82.914509433999996 1.36106354317 1.3616693064300001 0.000244140625
82.914509433999996 82.934330188700002 1.3610577824000001 1.3616635431699999 0.000244140625
82.934330188700002 82.954150943399995 1.3610520241199999 1.3616577824 0.000244140625
82.954150943399995 82.973971698100002 1.36104626833 1.3616520241200001 0.000244140625
82.973971698100002 82.993792452799994 1.36104051503 1.3616462683299999 0.000244140625
82.993792452799994 83.013613207500001 1.36103476421 1.3616405150299999 0.000244140625
83.013613207500001 83.033433962299995 1.36102901588 1.36163476421 0.000244140625
83.033433962299995 83.053254717000002 1.36102327003 1.36162901588 0.000244140625
83.053254717000002 83.073075471699994 1.36101752666 1.3616232700299999 0.000244140625
83.073075471699994 83.092896226400001 1.3610117857699999 1.3616175266599999 0.000244140625
83.092896226400001 83.112716981099993 1.3610060473600001 1.3616117857700001 0.000244140625
83.112716981099993 83.1325377358 1.36100031142 1.36160604736 0.000244140625
83.1325377358 83.152358490599994 1.3609945779599999 1.3616003114199999 0.000244140625
83.152358490599994 83.172179245300001 1.36098884697 1.3615945779600001 0.000244140625
83.172179245300001 83.191999999999993 1.3609831184500001 1.3615888469699999 0.000244140625
83.191999999999993 83.2118207547 1.3609773923899999 1.36158311845 0.000244140625
83.2118207547 83.231641509400006 1.36097166881 1.3615773923900001 0.000244140625
83.231641509400006 83.251462264200001 1.3609659477 1.3615716688099999 0.000244140625
83.251462264200001 83.271283018899993 1.36096022904 1.3615659476999999 0.000244140625
83.271283018899993 83.2911037736 1.36095451285 1.36156022904 0.000244140625
83.2911037736 83.310924528300006 1.36094879912 1.36155451285 0.000244140625
83.310924528300006 83.330745282999999 1.36094308785 1.3615487991199999 0.000244140625
83.330745282999999 83.350566037700005 1.3609373790399999 1.3615430878499999 0.000244140625
83.350566037700005 83.3703867925 1.36093167269 1.3615373790400001 0.000244140625
83.3703867925 83.390207547200006 1.3609259687899999 1.36153167269 0.000244140625
83.390207547200006 83.410028301899999 1.36092026734 1.3615259687900001 0.000244140625
83.410028301899999 83.429849056600005 1.3609145683399999 1.36152026734 0.000244140625
83.429849056600005 83.449669811299998 1.3609088718 1.3615145683400001 0.000244140625
83.449669811299998 83.469490566000005 1.3609031777 1.3615088717999999 0.000244140625
83.469490566000005 83.489311320799999 1.36089748605 1.3615031777 0.000244140625
83.489311320799999 83.509132075500005 1.3608917968400001 1.36149748605 0.000244140625
83.509132075500005 83.528952830199998 1.36088611008 1.36149179684 0.000244140625
83.528952830199998 83.548773584900005 1.36088042575 1.36148611008 0.000244140625
83.548773584900005 83.568594339599997 1.36087474387 1.3614804257499999 0.000244140625
83.568594339599997 83.588415094300004 1.3608690644300001 1.3614747438699999 0.000244140625
83.588415094300004 83.608235849099998 1.36086338742 1.36146906443 0.000244140625
83.608235849099998 83.628056603800005 1.3608577128499999 1.3614633874199999 0.000244140625
83.628056603800005 83.647877358499997 1.36085204071 1.3614577128500001 0.000244140625
83.647877358499997 83.667698113200004 1.3608463710100001 1.3614520407099999 0.000244140625
83.667698113200004 83.687518867899996 1.3608407037300001 1.36144637101 0.000244140625
83.687518867899996 83.707339622600003 1.3608350388799999 1.36144070373 0.000244140625
83.707339622600003 83.727160377399997 1.3608293764599999 1.3614350388800001 0.000244140625
83.727160377399997 83.746981132100004 1.3608237164700001 1.3614293764600001 0.000244140625
83.746981132100004 83.766801886799996 1.3608180589000001 1.36142371647 0.000244140625
83.766801886799996 83.786622641500003 1.36081240375 1.3614180589 0.000244140625
83.786622641500003 83.806443396199995 1.3608067510299999 1.3614124037499999 0.000244140625
83.806443396199995 83.826264150900002 1.36080110072 1.3614067510300001 0.000244140625
83.826264150900002 83.846084905699996 1.3607954528299999 1.36140110072 0.000244140625
83.846084905699996 83.865905660400003 1.36078980736 1.3613954528300001 0.000244140625
83.865905660400003 83.885726415099995 1.3607841643 1.3613898073599999 0.000244140625
83.885726415099995 83.905547169800002 1.3607785236500001 1.3613841643 0.000244140625
83.905547169800002 83.925367924499994 1.3607728854200001 1.36137852365 0.000244140625
83.925367924499994 83.945188679200001 1.3607672495900001 1.36137288542 0.000244140625
83.945188679200001 83.965009433999995 1.36076161617 1.36136724959 0.000244140625
83.965009433999995 83.984830188700002 1.36075598516 1.36136161617 0.000244140625
83.984830188700002 84.004650943399994 1.3607503565600001 1.3613559851599999 0.000244140625
84.004650943399994 84.024471698100001 1.36074473035 1.36135035656 0.000244140625
84.024471698100001 84.044292452799993 1.3607391065500001 1.3613447303499999 0.000244140625
84.044292452799993 84.0641132075 1.3607334851499999 1.36133910655 0.000244140625
84.0641132075 84.083933962299994 1.36072786615 1.3613334851500001 0.000244140625
84.083933962299994 84.103754717000001 1.36072224955 1.3613278661499999 0.000244140625
84.103754717000001 84.123575471699993 1.36071663534 1.3613222495499999 0.000244140625
84.123575471699993 84.1433962264 1.36071102352 1.3613166353399999 0.000244140625
84.1433962264 84.163216981100007 1.3607054140999999 1.3613110235200001 0.000244140625
84.163216981100007 84.183037735799999 1.36069980707 1.3613054141000001 0.000244140625
84.183037735799999 84.202858490599994 1.3606942024299999 1.36129980707 0.000244140625
84.202858490599994 84.2226792453 1.36068860017 1.3612942024300001 0.000244140625
84.2226792453 84.242500000000007 1.3606830002999999 1.36128860017 0.000244140625
84.242500000000007 84.262320754699999 1.3606774028199999 1.3612830003 0.000244140625
84.262320754699999 84.282141509400006 1.36067180772 1.3612774028200001 0.000244140625
84.282141509400006 84.3019622642 1.360666215 1.3612718077199999 0.000244140625
84.3019622642 84.321783018900007 1.3606606246599999 1.3612662149999999 0.000244140625
84.321783018900007 84.341603773599999 1.3606550367000001 1.3612606246600001 0.000244140625
84.341603773599999 84.361424528300006 1.36064945111 1.3612550367 0.000244140625
84.361424528300006 84.381245282999998 1.3606438678999999 1.36124945111 0.000244140625
84.381245282999998 84.401066037700005 1.36063828707 1.3612438679000001 0.000244140625
84.401066037700005 84.420886792499999 1.3606327086000001 1.3612382870699999 0.000244140625
84.420886792499999 84.440707547200006 1.3606271325099999 1.3612327086 0.000244140625
84.440707547200006 84.460528301899998 1.3606215587899999 1.36122713251 0.000244140625
84.460528301899998 84.480349056600005 1.3606159874299999 1.3612215587900001 0.000244140625
84.480349056600005 84.500169811299997 1.3606104184400001 1.3612159874300001 0.000244140625
84.500169811299997 84.519990566000004 1.36060485181 1.36121041844 0.000244140625
84.519990566000004 84.539811320799998 1.3605992875499999 1.3612048518099999 0.000244140625
84.539811320799998 84.559632075500005 1.36059372565 1.3611992875500001 0.000244140625
84.559632075500005 84.579452830199997 1.3605881661100001 1.36119372565 0.000244140625
84.579452830199997 84.599273584900004 1.3605826089199999 1.36118816611 0.000244140625
84.599273584900004 84.619094339599997 1.36057705409 1.3611826089200001 0.000244140625
84.619094339599997 84.638915094300003 1.36057150162 1.3611770540899999 0.000244140625
84.638915094300003 84.658735849099997 1.3605659514999999 1.3611715016199999 0.000244140625
84.658735849099997 84.678556603800004 1.3605604037400001 1.3611659515000001 0.000244140625
84.678556603800004 84.698377358499997 1.36055485832 1.36116040374 0.000244140625
84.698377358499997 84.718198113200003 1.3605493152499999 1.3611548583199999 0.000244140625
84.718198113200003 84.738018867899996 1.36054377453 1.36114931525 0.000244140625
84.738018867899996 84.757839622600002 1.36053823616 1.3611437745299999 0.000244140625
84.757839622600002 84.777660377399997 1.3605327001300001 1.36113823616 0.000244140625
84.777660377399997 84.797481132100003 1.36052716644 1.36113270013 0.000244140625
84.797481132100003 84.817301886799996 1.3605216351 1.36112716644 0.000244140625
84.817301886799996 84.837122641500002 1.3605161061 1.3611216350999999 0.000244140625
84.837122641500002 84.856943396199995 1.3605105794300001 1.3611161060999999 0.000244140625
84.856943396199995 84.876764150900001 1.3605050551 1.36111057943 0.000244140625
84.876764150900001 84.896584905699996 1.3604995331 1.3611050550999999 0.000244140625
84.896584905699996 84.916405660400002 1.3604940134400001 1.3610995331 0.000244140625
84.916405660400002 84.936226415099995 1.3604884961199999 1.36109401344 0.000244140625
84.936226415099995 84.956047169800001 1.3604829811200001 1.36108849612 0.000244140625
84.956047169800001 84.975867924499994 1.3604774684500001 1.36108298112 0.000244140625
84.975867924499994 84.995688679200001 1.36047195811 1.36107746845 0.000244140625
84.995688679200001 85.015509433999995 1.3604664500999999 1.3610719581099999 0.000244140625
85.015509433999995 85.035330188700001 1.36046094441 1.3610664501 0.000244140625
85.035330188700001 85.055150943399994 1.36045544104 1.3610609444099999 0.000244140625
85.055150943399994 85.074971698100001 1.3604499400000001 1.36105544104 0.000244140625
85.074971698100001 85.094792452799993 1.3604444412700001 1.36104994 0.000244140625
85.094792452799993 85.1146132075 1.3604389448700001 1.36104444127 0.000244140625
85.1146132075 85.134433962299994 1.36043345078 1.36103894487 0.000244140625
85.134433962299994 85.154254717000001 1.3604279589999999 1.3610334507799999 0.000244140625
85.154254717000001 85.174075471699993 1.36042246955 1.3610279590000001 0.000244140625
85.174075471699993 85.1938962264 1.3604169824000001 1.3610224695499999 0.000244140625
85.1938962264 85.213716981100006 1.3604114975699999 1.3610169824 0.000244140625
85.213716981100006 85.233537735799999 1.3604060150399999 1.3610114975700001 0.000244140625
85.233537735799999 85.253358490599993 1.3604005348199999 1.3610060150400001 0.000244140625
85.253358490599993 85.2731792453 1.3603950569100001 1.3610005348200001 0.000244140625
85.2731792453 85.293000000000006 1.36038958131 1.36099505691 0.000244140625
85.293000000000006 85.312820754699999 1.3603841080100001 1.3609895813099999 0.000244140625
85.312820754699999 85.332641509400005 1.3603786370099999 1.36098410801 0.000244140625
85.332641509400005 85.3524622642 1.36037316831 1.3609786370100001 0.000244140625
85.3524622642 85.372283018900006 1.36036770191 1.3609731683099999 0.000244140625
85.372283018900006 85.392103773599999 1.36036223781 1.3609677019099999 0.000244140625
85.392103773599999 85.411924528300005 1.3603567760099999 1.3609622378099999 0.000244140625
85.411924528300005 85.431745282999998 1.3603513165000001 1.3609567760100001 0.000244140625
85.431745282999998 85.451566037700005 1.36034585928 1.3609513165 0.000244140625
85.451566037700005 85.471386792499999 1.36034040436 1.3609458592799999 0.000244140625
85.471386792499999 85.491207547200005 1.3603349517200001 1.36094040436 0.000244140625
85.491207547200005 85.511028301899998 1.3603295013800001 1.36093495172 0.000244140625
85.511028301899998 85.530849056600005 1.3603240533200001 1.36092950138 0.000244140625
85.530849056600005 85.550669811299997 1.36031860755 1.36092405332 0.000244140625
85.550669811299997 85.570490566000004 1.3603131640599999 1.3609186075499999 0.000244140625
85.570490566000004 85.590311320799998 1.36030772286 1.3609131640600001 0.000244140625
85.590311320799998 85.610132075500005 1.3603022839300001 1.3609077228599999 0.000244140625
85.610132075500005 85.629952830199997 1.3602968472900001 1.36090228393 0.000244140625
85.629952830199997 85.649773584900004 1.3602914129300001 1.36089684729 0.000244140625
85.649773584900004 85.669594339599996 1.3602859808400001 1.36089141293 0.000244140625
85.669594339599996 85.689415094300003 1.36028055103 1.36088598084 0.000244140625
85.689415094300003 85.709235849099997 1.3602751234899999 1.3608805510299999 0.000244140625
85.709235849099997 85.729056603800004 1.36026969823 1.3608751234900001 0.000244140625
85.729056603800004 85.748877358499996 1.36026427523 1.3608696982299999 0.000244140625
85.748877358499996 85.768698113200003 1.3602588545100001 1.36086427524 0.000244140625
85.768698113200003 85.788518867899995 1.36025343606 1.36085885451 0.000244140625
85.788518867899995 85.808339622600002 1.36024801987 1.36085343606 0.000244140625
85.808339622600002 85.828160377399996 1.3602426059499999 1.3608480198699999 0.000244140625
85.828160377399996 85.847981132100003 1.36023719429 1.3608426059500001 0.000244140625
85.847981132100003 85.867801886799995 1.3602317848900001 1.3608371942899999 0.000244140625
85.867801886799995 85.887622641500002 1.3602263777600001 1.36083178489 0.000244140625
85.887622641500002 85.907443396199994 1.3602209728800001 1.36082637776 0.000244140625
85.907443396199994 85.927264150900001 1.3602155702700001 1.36082097288 0.000244140625
85.927264150900001 85.947084905699995 1.36021016991 1.36081557027 0.000244140625
85.947084905699995 85.966905660400002 1.3602047718000001 1.3608101699099999 0.000244140625
85.966905660400002 85.986726415099994 1.36019937595 1.3608047718 0.000244140625
85.986726415099994 86.006547169800001 1.36019398235 1.3607993759499999 0.000244140625
86.006547169800001 86.026367924499993 1.360188591 1.3607939823499999 0.000244140625
86.026367924499993 86.0461886792 1.36018320191 1.3607885909999999 0.000244140625
86.0461886792 86.066009433999994 1.3601778150599999 1.3607832019099999 0.000244140625
86.066009433999994 86.085830188700001 1.36017243045 1.3607778150600001 0.000244140625
86.085830188700001 86.105650943399993 1.3601670480900001 1.36077243045 0.000244140625
86.105650943399993 86.1254716981 1.3601616679799999 1.36076704809 0.000244140625
86.1254716981 86.145292452800007 1.3601562901099999 1.3607616679800001 0.000244140625
86.145292452800007 86.165113207499999 1.3601509144799999 1.3607562901100001 0.000244140625
86.165113207499999 86.184933962299993 1.3601455410800001 1.3607509144800001 0.000244140625
86.184933962299993 86.204754717 1.36014016993 1.36074554108 0.000244140625
86.204754717 86.224575471700007 1.3601348010100001 1.3607401699299999 0.000244140625
86.224575471700007 86.244396226399999 1.3601294343300001 1.36073480101 0.000244140625
86.244396226399999 86.264216981100006 1.3601240698799999 1.36072943433 0.000244140625
86.264216981100006 86.284037735799998 1.3601187076700001 1.3607240698800001 0.000244140625
86.284037735799998 86.303858490600007 1.36011334768 1.36071870767 0.000244140625
86.303858490600007 86.323679245299999 1.3601079899299999 1.36071334768 0.000244140625
86.323679245299999 86.343500000000006 1.3601026344 1.3607079899300001 0.000244140625
86.343500000000006 86.363320754699998 1.3600972811000001 1.3607026343999999 0.000244140625
86.363320754699998 86.383141509400005 1.3600919300200001 1.3606972811 0.000244140625
86.383141509400005 86.402962264199999 1.36008658117 1.36069193002 0.000244140625
86.402962264199999 86.422783018900006 1.36008123454 1.36068658117 0.000244140625
86.422783018900006 86.442603773599998 1.3600758901300001 1.3606812345399999 0.000244140625
86.442603773599998 86.462424528300005 1.3600705479399999 1.36067589013 0.000244140625
86.462424528300005 86.482245282999997 1.36006520797 1.3606705479400001 0.000244140625
86.482245282999997 86.502066037700004 1.36005987021 1.3606652079699999 0.000244140625
86.502066037700004 86.521886792499998 1.3600545346699999 1.3606598702099999 0.000244140625
86.521886792499998 86.541707547200005 1.3600492013500001 1.3606545346700001 0.000244140625
86.541707547200005 86.561528301899997 1.36004387024 1.36064920135 0.000244140625
86.561528301899997 86.581349056600004 1.36003854133 1.3606438702400001 0.000244140625
86.581349056600004 86.601169811299997 1.36003321464 1.36063854133 0.000244140625
86.601169811299997 86.620990566000003 1.36002789016 1.36063321464 0.000244140625
86.620990566000003 86.640811320799997 1.36002256788 1.36062789016 0.000244140625
86.640811320799997 86.660632075500004 1.3600172478100001 1.3606225678799999 0.000244140625
86.660632075500004 86.680452830199997 1.36001192994 1.36061724781 0.000244140625
86.680452830199997 86.700273584900003 1.36000661427 1.3606119299399999 0.000244140625
86.700273584900003 86.720094339599996 1.36000130081 1.36060661427 0.000244140625
86.720094339599996 86.739915094300002 1.35999598954 1.36060130081 0.000244140625
86.739915094300002 86.759735849099997 1.3599906804799999 1.3605959895399999 0.000244140625
86.759735849099997 86.779556603800003 1.35998537361 1.3605906804800001 0.000244140625
86.779556603800003 86.799377358499996 1.3599800689299999 1.36058537361 0.000244140625
86.799377358499996 86.819198113200002 1.3599747664499999 1.3605800689300001 0.000244140625
86.819198113200002 86.839018867899995 1.3599694661699999 1.3605747664500001 0.000244140625
86.839018867899995 86.858839622600001 1.3599641680700001 1.3605694661700001 0.000244140625
86.858839622600001 86.878660377399996 1.35995887217 1.36056416807 0.000244140625
86.878660377399996 86.898481132100002 1.3599535784500001 1.3605588721699999 0.000244140625
86.898481132100002 86.918301886799995 1.3599482869199999 1.36055357845 0.000244140625
86.918301886799995 86.938122641500001 1.3599429975799999 1.3605482869200001 0.000244140625
86.938122641500001 86.957943396199994 1.3599377104199999 1.3605429975800001 0.000244140625
86.957943396199994 86.977764150900001 1.35993242544 1.36053771042 0.000244140625
86.977764150900001 86.997584905699995 1.3599271426499999 1.36053242544 0.000244140625
86.997584905699995 87.017405660400001 1.35992186203 1.3605271426500001 0.000244140625
87.017405660400001 87.037226415099994 1.3599165836 1.3605218620299999 0.000244140625
87.037226415099994 87.057047169800001 1.35991130734 1.3605165835999999 0.000244140625
87.057047169800001 87.076867924499993 1.3599060332599999 1.3605113073399999 0.000244140625
87.076867924499993 87.0966886792 1.35990076135 1.3605060332600001 0.000244140625
87.0966886792 87.116509433999994 1.3598954916199999 1.36050076135 0.000244140625
87.116509433999994 87.136330188700001 1.3598902240599999 1.3604954916200001 0.000244140625
87.136330188700001 87.156150943399993 1.3598849586699999 1.3604902240600001 0.000244140625
87.156150943399993 87.1759716981 1.3598796954500001 1.3604849586700001 0.000244140625
87.1759716981 87.195792452800006 1.35987443439 1.36047969545 0.000244140625
87.195792452800006 87.215613207499999 1.3598691755100001 1.3604744343899999 0.000244140625
87.215613207499999 87.235433962299993 1.3598639187899999 1.36046917551 0.000244140625
87.235433962299993 87.255254717 1.3598586642299999 1.3604639187900001 0.000244140625
87.255254717 87.275075471700006 1.3598534118300001 1.3604586642300001 0.000244140625
87.275075471700006 87.294896226399999 1.3598481616 1.36045341183 0.000244140625
87.294896226399999 87.314716981100005 1.3598429135200001 1.3604481615999999 0.000244140625
87.314716981100005 87.334537735799998 1.3598376676099999 1.36044291352 0.000244140625
87.334537735799998 87.354358490600006 1.3598324238499999 1.3604376676100001 0.000244140625
87.354358490600006 87.374179245299999 1.3598271822400001 1.3604324238500001 0.000244140625
87.374179245299999 87.394000000000005 1.3598219428 1.36042718224 0.000244140625
87.394000000000005 87.413820754699998 1.3598167054999999 1.3604219428 0.000244140625
87.413820754699998 87.433641509400005 1.3598114703499999 1.3604167055 0.000244140625
87.433641509400005 87.453462264199999 1.3598062373599999 1.3604114703500001 0.000244140625
87.453462264199999 87.473283018900005 1.3598010065099999 1.3604062373600001 0.000244140625
87.473283018900005 87.493103773599998 1.3597957778100001 1.3604010065100001 0.000244140625
87.493103773599998 87.512924528300005 1.3597905512599999 1.36039577781 0.000244140625
87.512924528300005 87.532745282999997 1.35978532685 1.3603905512600001 0.000244140625
87.532745282999997 87.552566037700004 1.35978010459 1.3603853268499999 0.000244140625
87.552566037700004 87.572386792499998 1.3597748844699999 1.3603801045899999 0.000244140625
87.572386792499998 87.592207547200005 1.3597696664900001 1.3603748844700001 0.000244140625
87.592207547200005 87.612028301899997 1.35976445064 1.36036966649 0.000244140625
87.612028301899997 87.631849056600004 1.35975923694 1.3603644506399999 0.000244140625
87.631849056600004 87.651669811299996 1.35975402537 1.3603592369399999 0.000244140625
87.651669811299996 87.671490566000003 1.35974881594 1.3603540253699999 0.000244140625
87.671490566000003 87.691311320799997 1.3597436086400001 1.3603488159399999 0.000244140625
87.691311320799997 87.711132075500004 1.35973840348 1.36034360864 0.000244140625
87.711132075500004 87.730952830199996 1.35973320044 1.3603384034799999 0.000244140625
87.730952830199996 87.750773584900003 1.35972799954 1.3603332004399999 0.000244140625
87.750773584900003 87.770594339599995 1.35972280076 1.3603279995399999 0.000244140625
87.770594339599995 87.790415094300002 1.3597176041100001 1.3603228007599999 0.000244140625
87.790415094300002 87.810235849099996 1.3597124095899999 1.36031760411 0.000244140625
87.810235849099996 87.830056603800003 1.35970721719 1.3603124095900001 0.000244140625
87.830056603800003 87.849877358499995 1.35970202692 1.3603072171899999 0.000244140625
87.849877358499995 87.869698113200002 1.3596968387699999 1.3603020269199999 0.000244140625
87.869698113200002 87.889518867899994 1.35969165274 1.3602968387700001 0.000244140625
87.889518867899994 87.909339622600001 1.3596864688200001 1.36029165274 0.000244140625
87.909339622600001 87.929160377399995 1.3596812870299999 1.36028646882 0.000244140625
87.929160377399995 87.948981132100002 1.3596761073500001 1.3602812870300001 0.000244140625
87.948981132100002 87.968801886799994 1.35967092979 1.36027610735 0.000244140625
87.968801886799994 87.988622641500001 1.3596657543399999 1.36027092979 0.000244140625
87.988622641500001 88.008443396199993 1.359660581 1.3602657543400001 0.000244140625
88.008443396199993 88.0282641509 1.35965540978 1.3602605809999999 0.000244140625
88.0282641509 88.048084905699994 1.35965024066 1.3602554097799999 0.000244140625
88.048084905699994 88.067905660400001 1.3596450736500001 1.3602502406600001 0.000244140625
88.067905660400001 88.087726415099993 1.35963990876 1.36024507365 0.000244140625
88.087726415099993 88.1075471698 1.35963474596 1.3602399087599999 0.000244140625
88.1075471698 88.127367924500007 1.35962958527 1.3602347459599999 0.000244140625
88.127367924500007 88.147188679199999 1.3596244266899999 1.3602295852699999 0.000244140625
88.147188679199999 88.167009433999993 1.3596192702100001 1.3602244266900001 0.000244140625
88.167009433999993 88.1868301887 1.3596141158199999 1.36021927021 0.000244140625
88.1868301887 88.206650943400007 1.3596089635399999 1.3602141158200001 0.000244140625
88.206650943400007 88.226471698099999 1.3596038133599999 1.3602089635400001 0.000244140625
88.226471698099999 88.246292452800006 1.3595986652700001 1.3602038133600001 0.000244140625
88.246292452800006 88.266113207499998 1.3595935192799999 1.36019866527 0.000244140625
88.266113207499998 88.285933962300007 1.35958837538 1.3601935192800001 0.000244140625
88.285933962300007 88.305754716999999 1.35958323357 1.3601883753799999 0.000244140625
88.305754716999999 88.325575471700006 1.3595780938599999 1.3601832335699999 0.000244140625
88.325575471700006 88.345396226399998 1.3595729562400001 1.3601780938600001 0.000244140625
88.345396226399998 88.365216981100005 1.3595678206999999 1.36017295624 0.000244140625
88.365216981100005 88.385037735799997 1.35956268726 1.3601678207000001 0.000244140625
88.385037735799997 88.404858490600006 1.3595575558999999 1.3601626872599999 0.000244140625
88.404858490600006 88.424679245299998 1.3595524266200001 1.3601575559000001 0.000244140625
88.424679245299998 88.444500000000005 1.35954729943 1.36015242662 0.000244140625
88.444500000000005 88.464320754699997 1.35954217432 1.3601472994299999 0.000244140625
88.464320754699997 88.484141509400004 1.35953705129 1.36014217432 0.000244140625
88.484141509400004 88.503962264199998 1.35953193034 1.36013705129 0.000244140625
88.503962264199998 88.523783018900005 1.3595268114700001 1.3601319303399999 0.000244140625
88.523783018900005 88.543603773599997 1.3595216946799999 1.36012681147 0.000244140625
88.543603773599997 88.563424528300004 1.35951657996 1.3601216946800001 0.000244140625
88.563424528300004 88.583245282999997 1.3595114673199999 1.3601165799599999 0.000244140625
88.583245282999997 88.603066037700003 1.3595063567600001 1.3601114673200001 0.000244140625
88.603066037700003 88.622886792499997 1.35950124826 1.36010635676 0.000244140625
88.622886792499997 88.642707547200004 1.35949614183 1.3601012482599999 0.000244140625
88.642707547200004 88.662528301899997 1.35949103748 1.3600961418299999 0.000244140625
88.662528301899997 88.682349056600003 1.3594859351899999 1.3600910374799999 0.000244140625
88.682349056600003 88.702169811299996 1.3594808349700001 1.3600859351900001 0.000244140625
88.702169811299996 88.721990566000002 1.3594757368099999 1.36008083497 0.000244140625
88.721990566000002 88.741811320799997 1.3594706407199999 1.36007573681 0.000244140625
88.741811320799997 88.761632075500003 1.3594655467000001 1.3600706407200001 0.000244140625
88.761632075500003 88.781452830199996 1.35946045473 1.3600655467 0.000244140625
88.781452830199996 88.801273584900002 1.3594553648200001 1.3600604547299999 0.000244140625
88.801273584900002 88.821094339599995 1.3594502769800001 1.36005536482 0.000244140625
88.821094339599995 88.840915094300001 1.3594451911900001 1.36005027698 0.000244140625
88.840915094300001 88.860735849099996 1.35944010746 1.36004519119 0.000244140625
88.860735849099996 88.880556603800002 1.3594350257800001 1.3600401074599999 0.000244140625
88.880556603800002 88.900377358499995 1.3594299461599999 1.36003502578 0.000244140625
88.900377358499995 88.920198113200001 1.3594248685899999 1.3600299461600001 0.000244140625
88.920198113200001 88.940018867899994 1.35941979307 1.36002486859 0.000244140625
88.940018867899994 88.959839622600001 1.3594147196099999 1.36001979307 0.000244140625
88.959839622600001 88.979660377399995 1.35940964819 1.3600147196100001 0.000244140625
88.979660377399995 88.999481132100001 1.35940457882 1.3600096481899999 0.000244140625
88.999481132100001 89.019301886799994 1.3593995114999999 1.3600045788199999 0.000244140625
89.019301886799994 89.039122641500001 1.3593944462200001 1.3599995115000001 0.000244140625
89.039122641500001 89.058943396199993 1.3593893829799999 1.35999444622 0.000244140625
89.058943396199993 89.0787641509 1.3593843217899999 1.35998938298 0.000244140625
89.0787641509 89.098584905699994 1.3593792626400001 1.3599843217900001 0.000244140625
89.098584905699994 89.118405660400001 1.35937420553 1.35997926264 0.000244140625
89.118405660400001 89.138226415099993 1.3593691504600001 1.3599742055299999 0.000244140625
89.138226415099993 89.1580471698 1.3593640974200001 1.35996915046 0.000244140625
89.1580471698 89.177867924500006 1.3593590464300001 1.35996409742 0.000244140625
89.177867924500006 89.197688679199999 1.35935399746 1.35995904643 0.000244140625
89.197688679199999 89.217509433999993 1.35934895054 1.3599539974599999 0.000244140625
89.217509433999993 89.2373301887 1.3593439056400001 1.35994895054 0.000244140625
89.2373301887 89.257150943400006 1.35933886277 1.35994390564 0.000244140625
89.257150943400006 89.276971698099999 1.35933382194 1.35993886277 0.000244140625
89.276971698099999 89.296792452800005 1.3593287831300001 1.3599338219399999 0.000244140625
89.296792452800005 89.316613207499998 1.3593237463600001 1.35992878313 0.000244140625
89.316613207499998 89.336433962300006 1.3593187116000001 1.35992374636 0.000244140625
89.336433962300006 89.356254716999999 1.35931367888 1.3599187116 0.000244140625
89.356254716999999 89.376075471700005 1.3593086481700001 1.3599136788799999 0.000244140625
89.376075471700005 89.395896226399998 1.3593036194899999 1.35990864817 0.000244140625
89.395896226399998 89.415716981100005 1.3592985928400001 1.35990361949 0.000244140625
89.415716981100005 89.435537735799997 1.3592935682 1.35989859284 0.000244140625
89.435537735799997 89.455358490600005 1.3592885455799999 1.3598935682 0.000244140625
89.455358490600005 89.475179245299998 1.3592835249699999 1.3598885455800001 0.000244140625
89.475179245299998 89.495000000000005 1.3592785063899999 1.3598835249700001 0.000244140625
89.495000000000005 89.514820754699997 1.3592734898200001 1.3598785063900001 0.000244140625
89.514820754699997 89.534641509400004 1.3592684752599999 1.35987348982 0.000244140625
89.534641509400004 89.554462264199998 1.35926346271 1.3598684752600001 0.000244140625
89.554462264199998 89.574283018900005 1.35925845218 1.3598634627099999 0.000244140625
89.574283018900005 89.594103773599997 1.3592534436599999 1.3598584521799999 0.000244140625
89.594103773599997 89.613924528300004 1.35924843714 1.35985344366 0.000244140625
89.613924528300004 89.633745282999996 1.35924343264 1.3598484371399999 0.000244140625
89.633745282999996 89.653566037700003 1.35923843014 1.35984343264 0.000244140625
89.653566037700003 89.673386792499997 1.3592334296399999 1.3598384301399999 0.000244140625
89.673386792499997 89.693207547200004 1.35922843115 1.3598334296400001 0.000244140625
89.693207547200004 89.713028301899996 1.3592234346600001 1.35982843115 0.000244140625
89.713028301899996 89.732849056600003 1.35921844018 1.35982343466 0.000244140625
89.732849056600003 89.752669811299995 1.35921344769 1.35981844018 0.000244140625
89.752669811299995 89.772490566000002 1.3592084572000001 1.3598134476899999 0.000244140625
89.772490566000002 89.792311320799996 1.3592034687100001 1.3598084572 0.000244140625
89.792311320799996 89.812132075500003 1.3591984822200001 1.35980346871 0.000244140625
89.812132075500003 89.831952830199995 1.35919349772 1.35979848222 0.000244140625
89.831952830199995 89.851773584900002 1.3591885152200001 1.3597934977199999 0.000244140625
89.851773584900002 89.871594339599994 1.3591835347100001 1.35978851522 0.000244140625
89.871594339599994 89.891415094300001 1.3591785561900001 1.35978353471 0.000244140625
89.891415094300001 89.911235849099995 1.35917357966 1.35977855619 0.000244140625
89.911235849099995 89.931056603800002 1.35916860512 1.3597735796599999 0.000244140625
89.931056603800002 89.950877358499994 1.3591636325700001 1.35976860512 0.000244140625
89.950877358499994 89.970698113200001 1.359158662 1.35976363257 0.000244140625
89.970698113200001 89.990518867899993 1.3591536934199999 1.359758662 0.000244140625
89.990518867899993 90.0103396226 1.35914872683 1.3597536934200001 0.000244140625
90.0103396226 90.030160377399994 1.35914376221 1.3597487268299999 0.000244140625
90.030160377399994 90.049981132100001 1.3591387995899999 1.3597437622099999 0.000244140625
90.049981132100001 90.069801886799993 1.3591338389400001 1.3597387995900001 0.000244140625
90.069801886799993 90.0896226415 1.3591288802699999 1.35973383894 0.000244140625
90.0896226415 90.109443396200007 1.3591239235699999 1.3597288802700001 0.000244140625
90.109443396200007 90.129264150899999 1.3591189688600001 1.35972392357 0.000244140625
90.129264150899999 90.149084905699993 1.3591140161199999 1.35971896886 0.000244140625
90.149084905699993 90.1689056604 1.35910906536 1.3597140161200001 0.000244140625
90.1689056604 90.188726415100007 1.35910411657 1.3597090653599999 0.000244140625
90.188726415100007 90.208547169799999 1.3590991697499999 1.3597041165699999 0.000244140625
90.208547169799999 90.228367924500006 1.3590942249 1.35969916975 0.000244140625
90.228367924500006 90.248188679199998 1.35908928202 1.3596942248999999 0.000244140625
90.248188679199998 90.268009434000007 1.35908434111 1.3596892820199999 0.000244140625
90.268009434000007 90.287830188699999 1.3590794021699999 1.3596843411099999 0.000244140625
90.287830188699999 90.307650943400006 1.3590744652 1.3596794021700001 0.000244140625
90.307650943400006 90.327471698099998 1.35906953019 1.3596744651999999 0.000244140625
90.327471698099998 90.347292452800005 1.3590645971399999 1.3596695301899999 0.000244140625
90.347292452800005 90.367113207499997 1.3590596660600001 1.3596645971400001 0.000244140625
90.367113207499997 90.386933962300006 1.3590547369299999 1.35965966606 0.000244140625
90.386933962300006 90.406754716999998 1.3590498097699999 1.3596547369300001 0.000244140625
90.406754716999998 90.426575471700005 1.3590448845700001 1.3596498097700001 0.000244140625
90.426575471700005 90.446396226399997 1.3590399613199999 1.35964488457 0.000244140625
90.446396226399997 90.466216981100004 1.35903504003 1.3596399613200001 0.000244140625
90.466216981100004 90.486037735799997 1.3590301207 1.3596350400299999 0.000244140625
90.486037735799997 90.505858490600005 1.3590252033200001 1.3596301207000001 0.000244140625
90.505858490600005 90.525679245299997 1.35902028789 1.35962520332 0.000244140625
90.525679245299997 90.545500000000004 1.35901537442 1.3596202878899999 0.000244140625
90.545500000000004 90.565320754699997 1.3590104628999999 1.3596153744199999 0.000244140625
90.565320754699997 90.585141509400003 1.3590055533200001 1.3596104629000001 0.000244140625
90.585141509400003 90.604962264199997 1.3590006456999999 1.35960555332 0.000244140625
90.604962264199997 90.624783018900004 1.3589957400199999 1.3596006457000001 0.000244140625
90.624783018900004 90.644603773599997 1.3589908362800001 1.3595957400200001 0.000244140625
90.644603773599997 90.664424528300003 1.3589859344899999 1.35959083628 0.000244140625
90.664424528300003 90.684245282999996 1.35898103465 1.3595859344900001 0.000244140625
90.684245282999996 90.704066037700002 1.35897613675 1.3595810346499999 0.000244140625
90.704066037700002 90.723886792499997 1.3589712407900001 1.3595761367500001 0.000244140625
90.723886792499997 90.743707547200003 1.3589663467599999 1.35957124079 0.000244140625
90.743707547200003 90.763528301899996 1.35896145468 1.3595663467600001 0.000244140625
90.763528301899996 90.783349056600002 1.3589565645399999 1.3595614546799999 0.000244140625
90.783349056600002 90.803169811299995 1.35895167633 1.3595565645400001 0.000244140625
90.803169811299995 90.822990566000001 1.3589467900500001 1.35955167633 0.000244140625
90.822990566000001 90.842811320799996 1.3589419057200001 1.35954679005 0.000244140625
90.842811320799996 90.862632075500002 1.35893702331 1.35954190572 0.000244140625
90.862632075500002 90.882452830199995 1.3589321428300001 1.3595370233099999 0.000244140625
90.882452830199995 90.902273584900001 1.3589272642900001 1.35953214283 0.000244140625
90.902273584900001 90.922094339599994 1.3589223876800001 1.35952726429 0.000244140625
90.922094339599994 90.941915094300001 1.35891751299 1.35952238768 0.000244140625
90.941915094300001 90.961735849099995 1.35891264023 1.3595175129899999 0.000244140625
90.961735849099995 90.981556603800001 1.3589077694 1.35951264023 0.000244140625
90.981556603800001 91.001377358499994 1.35890290049 1.3595077694 0.000244140625
91.001377358499994 91.021198113200001 1.3588980335 1.3595029004900001 0.000244140625
91.021198113200001 91.041018867899993 1.3588931684400001 1.3594980335 0.000244140625
91.041018867899993 91.0608396226 1.3588883053 1.35949316844 0.000244140625
91.0608396226 91.080660377399994 1.3588834440799999 1.3594883053 0.000244140625
91.080660377399994 91.100481132100001 1.35887858477 1.3594834440800001 0.000244140625
91.100481132100001 91.120301886799993 1.35887372739 1.3594785847699999 0.000244140625
91.120301886799993 91.1401226415 1.3588688719199999 1.3594737273899999 0.000244140625
91.1401226415 91.159943396200006 1.35886401837 1.3594688719200001 0.000244140625
91.159943396200006 91.179764150899999 1.3588591667300001 1.35946401837 0.000244140625
91.179764150899999 91.199584905699993 1.358854317 1.35945916673 0.000244140625
91.199584905699993 91.2194056604 1.3588494691899999 1.359454317 0.000244140625
91.2194056604 91.239226415100006 1.35884462329 1.3594494691900001 0.000244140625
91.239226415100006 91.259047169799999 1.35883977929 1.3594446232899999 0.000244140625
91.259047169799999 91.278867924500005 1.3588349372099999 1.3594397792899999 0.000244140625
91.278867924500005 91.298688679199998 1.35883009703 1.3594349372100001 0.000244140625
91.298688679199998 91.318509434000006 1.35882525876 1.35943009703 0.000244140625
91.318509434000006 91.338330188699999 1.35882042239 1.35942525876 0.000244140625
91.338330188699999 91.358150943400005 1.3588155879299999 1.3594204223899999 0.000244140625
91.358150943400005 91.377971698099998 1.35881075537 1.3594155879300001 0.000244140625
91.377971698099998 91.397792452800005 1.3588059247099999 1.3594107553699999 0.000244140625
91.397792452800005 91.417613207499997 1.3588010959500001 1.3594059247100001 0.000244140625
91.417613207499997 91.437433962300005 1.35879626909 1.35940109595 0.000244140625
91.437433962300005 91.457254716999998 1.35879144413 1.3593962690900001 0.000244140625
91.457254716999998 91.477075471700005 1.3587866210699999 1.3593914441299999 0.000244140625
91.477075471700005 91.496896226399997 1.3587817999 1.3593866210700001 0.000244140625
91.496896226399997 91.516716981100004 1.3587769806300001 1.3593817999 0.000244140625
91.516716981100004 91.536537735799996 1.3587721632500001 1.35937698063 0.000244140625
91.536537735799996 91.556358490600005 1.35876734776 1.35937216325 0.000244140625
91.556358490600005 91.576179245299997 1.35876253416 1.3593673477599999 0.000244140625
91.576179245299997 91.596000000000004 1.35875772246 1.35936253416 0.000244140625
91.596000000000004 91.615820754699996 1.35875291264 1.35935772246 0.000244140625
91.615820754699996 91.635641509400003 1.3587481047100001 1.3593529126399999 0.000244140625
91.635641509400003 91.655462264199997 1.3587432986700001 1.35934810471 0.000244140625
91.655462264199997 91.675283018900004 1.3587384945100001 1.35934329867 0.000244140625
91.675283018900004 91.695103773599996 1.35873369224 1.35933849451 0.000244140625
91.695103773599996 91.714924528300003 1.35872889185 1.3593336922399999 0.000244140625
91.714924528300003 91.734745282999995 1.35872409334 1.3593288918499999 0.000244140625
91.734745282999995 91.754566037700002 1.3587192967099999 1.3593240933399999 0.000244140625
91.754566037700002 91.774386792499996 1.35871450197 1.3593192967100001 0.000244140625
91.774386792499996 91.794207547200003 1.3587097091 1.3593145019699999 0.000244140625
91.794207547200003 91.814028301899995 1.3587049181099999 1.3593097090999999 0.000244140625
91.814028301899995 91.833849056600002 1.358700129 1.3593049181100001 0.000244140625
91.833849056600002 91.853669811299994 1.3586953417600001 1.359300129 0.000244140625
91.853669811299994 91.873490566000001 1.35869055639 1.35929534176 0.000244140625
91.873490566000001 91.893311320799995 1.3586857728999999 1.35929055639 0.000244140625
91.893311320799995 91.913132075500002 1.35868099128 1.3592857729000001 0.000244140625
91.913132075500002 91.932952830199994 1.35867621153 1.3592809912799999 0.000244140625
91.932952830199994 91.952773584900001 1.3586714336600001 1.3592762115299999 0.000244140625
91.952773584900001 91.972594339599993 1.3586666576499999 1.35927143366 0.000244140625
91.972594339599993 91.9924150943 1.3586618834999999 1.3592666576500001 0.000244140625
91.9924150943 92.012235849099994 1.3586571112300001 1.3592618835000001 0.000244140625
92.012235849099994 92.032056603800001 1.35865234082 1.35925711123 0.000244140625
92.032056603800001 92.051877358499993 1.35864757227 1.3592523408199999 0.000244140625
92.051877358499993 92.0716981132 1.3586428055899999 1.3592475722699999 0.000244140625
92.0716981132 92.091518867900007 1.3586380407600001 1.3592428055900001 0.000244140625
92.091518867900007 92.111339622599999 1.3586332778000001 1.35923804076 0.000244140625
92.111339622599999 92.131160377399993 1.3586285167000001 1.3592332778 0.000244140625
92.131160377399993 92.1509811321 1.35862375746 1.3592285167 0.000244140625
92.1509811321 92.170801886800007 1.35861900007 1.3592237574599999 0.000244140625
92.170801886800007 92.190622641499999 1.35861424454 1.35921900007 0.000244140625
92.190622641499999 92.210443396200006 1.3586094908699999 1.3592142445399999 0.000244140625
92.210443396200006 92.230264150899998 1.35860473905 1.3592094908700001 0.000244140625
92.230264150899998 92.250084905700007 1.35859998908 1.3592047390499999 0.000244140625
92.250084905700007 92.269905660399999 1.35859524097 1.3591999890799999 0.000244140625
92.269905660399999 92.289726415100006 1.3585904947 1.3591952409700001 0.000244140625
92.289726415100006 92.309547169799998 1.3585857502900001 1.3591904947 0.000244140625
92.309547169799998 92.329367924500005 1.35858100772 1.35918575029 0.000244140625
92.329367924500005 92.349188679199997 1.3585762670099999 1.3591810077199999 0.000244140625
92.349188679199997 92.369009434000006 1.3585715281299999 1.35917626701 0.000244140625
92.369009434000006 92.388830188699998 1.3585667911099999 1.3591715281300001 0.000244140625
92.388830188699998 92.408650943400005 1.35856205592 1.35916679111 0.000244140625
92.408650943400005 92.428471698099997 1.3585573225800001 1.3591620559199999 0.000244140625
92.428471698099997 92.448292452800004 1.35855259109 1.35915732258 0.000244140625
92.448292452800004 92.468113207499997 1.3585478614299999 1.35915259109 0.000244140625
92.468113207499997 92.487933962300005 1.35854313361 1.3591478614300001 0.000244140625
92.487933962300005 92.507754716999997 1.35853840763 1.3591431336099999 0.000244140625
92.507754716999997 92.527575471700004 1.3585336834899999 1.3591384076299999 0.000244140625
92.527575471700004 92.547396226399997 1.35852896119 1.3591336834900001 0.000244140625
92.547396226399997 92.567216981100003 1.35852424072 1.3591289611899999 0.000244140625
92.567216981100003 92.587037735799996 1.3585195220799999 1.3591242407199999 0.000244140625
92.587037735799996 92.606858490600004 1.35851480528 1.3591195220800001 0.000244140625
92.606858490600004 92.626679245299997 1.35851009031 1.3591148052799999 0.000244140625
92.626679245299997 92.646500000000003 1.35850537717 1.35911009031 0.000244140625
92.646500000000003 92.666320754699996 1.3585006658600001 1.3591053771699999 0.000244140625
92.666320754699996 92.686141509400002 1.3584959563800001 1.35910066586 0.000244140625
92.686141509400002 92.705962264199997 1.35849124873 1.35909595638 0.000244140625
92.705962264199997 92.725783018900003 1.3584865428999999 1.35909124873 0.000244140625
92.725783018900003 92.745603773599996 1.3584818389 1.3590865429000001 0.000244140625
92.745603773599996 92.765424528300002 1.3584771367199999 1.3590818388999999 0.000244140625
92.765424528300002 92.785245282999995 1.35847243637 1.3590771367200001 0.000244140625
92.785245282999995 92.805066037700001 1.3584677378400001 1.35907243637 0.000244140625
92.805066037700001 92.824886792499996 1.35846304113 1.35906773784 0.000244140625
92.824886792499996 92.844707547200002 1.3584583462399999 1.35906304113 0.000244140625
92.844707547200002 92.864528301899995 1.35845365317 1.3590583462400001 0.000244140625
92.864528301899995 92.884349056600001 1.35844896192 1.3590536531699999 0.000244140625
92.884349056600001 92.904169811299994 1.3584442724800001 1.3590489619199999 0.000244140625
92.904169811299994 92.923990566000001 1.3584395848599999 1.35904427248 0.000244140625
92.923990566000001 92.943811320799995 1.3584348990599999 1.3590395848600001 0.000244140625
92.943811320799995 92.963632075500001 1.3584302150700001 1.3590348990600001 0.000244140625
92.963632075500001 92.983452830199994 1.3584255328899999 1.35903021507 0.000244140625
92.983452830199994 93.003273584900001 1.3584208525200001 1.3590255328900001 0.000244140625
93.003273584900001 93.023094339599993 1.35841617396 1.35902085252 0.000244140625
93.023094339599993 93.0429150943 1.3584114972200001 1.35901617396 0.000244140625
93.0429150943 93.062735849099994 1.3584068222800001 1.35901149722 0.000244140625
93.062735849099994 93.082556603800001 1.35840214914 1.35900682228 0.000244140625
93.082556603800001 93.102377358499993 1.3583974778200001 1.3590021491399999 0.000244140625
93.102377358499993 93.1221981132 1.3583928082900001 1.35899747782 0.000244140625
93.1221981132 93.142018867900006 1.35838814058 1.35899280829 0.000244140625
93.142018867900006 93.161839622599999 1.3583834746600001 1.3589881405799999 0.000244140625
93.161839622599999 93.181660377399993 1.3583788105500001 1.35898347466 0.000244140625
93.181660377399993 93.2014811321 1.35837414824 1.35897881055 0.000244140625
93.2014811321 93.221301886800006 1.3583694877200001 1.35897414824 0.000244140625
93.221301886800006 93.241122641499999 1.3583648290100001 1.35896948772 0.000244140625
93.241122641499999 93.260943396200005 1.35836017209 1.35896482901 0.000244140625
93.260943396200005 93.280764150899998 1.3583555169699999 1.35896017209 0.000244140625
93.280764150899998 93.300584905700006 1.3583508636499999 1.3589555169700001 0.000244140625
93.300584905700006 93.320405660399999 1.3583462121200001 1.3589508636500001 0.000244140625
93.320405660399999 93.340226415100005 1.3583415623799999 1.35894621212 0.000244140625
93.340226415100005 93.360047169799998 1.3583369144399999 1.3589415623800001 0.000244140625
93.360047169799998 93.379867924500005 1.3583322682800001 1.3589369144400001 0.000244140625
93.379867924500005 93.399688679199997 1.3583276239199999 1.35893226828 0.000244140625
93.399688679199997 93.419509434000005 1.35832298135 1.3589276239200001 0.000244140625
93.419509434000005 93.439330188699998 1.3583183405599999 1.3589229813499999 0.000244140625
93.439330188699998 93.459150943400005 1.35831370156 1.35891834056 0.000244140625
93.459150943400005 93.478971698099997 1.35830906435 1.3589137015599999 0.000244140625
93.478971698099997 93.498792452800004 1.3583044289199999 1.3589090643499999 0.000244140625
93.498792452800004 93.518613207499996 1.35829979527 1.3589044289200001 0.000244140625
93.518613207499996 93.538433962300005 1.35829516341 1.3588997952699999 0.000244140625
93.538433962300005 93.558254716999997 1.3582905333299999 1.3588951634099999 0.000244140625
93.558254716999997 93.578075471700004 1.35828590503 1.3588905333300001 0.000244140625
93.578075471700004 93.597896226399996 1.35828127851 1.35888590503 0.000244140625
93.597896226399996 93.617716981100003 1.35827665377 1.35888127851 0.000244140625
93.617716981100003 93.637537735799995 1.3582720308 1.3588766537700001 0.000244140625
93.637537735799995 93.657358490600004 1.35826740961 1.3588720308 0.000244140625
93.657358490600004 93.677179245299996 1.3582627902 1.35886740961 0.000244140625
93.677179245299996 93.697000000000003 1.35825817256 1.3588627901999999 0.000244140625
93.697000000000003 93.716820754699995 1.3582535567 1.35885817256 0.000244140625
93.716820754699995 93.736641509400002 1.3582489426 1.3588535567 0.000244140625
93.736641509400002 93.756462264199996 1.35824433028 1.3588489426000001 0.000244140625
93.756462264199996 93.776283018900003 1.35823971973 1.35884433028 0.000244140625
93.776283018900003 93.796103773599995 1.3582351109499999 1.35883971973 0.000244140625
93.796103773599995 93.815924528300002 1.35823050393 1.3588351109500001 0.000244140625
93.815924528300002 93.835745282999994 1.35822589869 1.3588305039299999 0.000244140625
93.835745282999994 93.855566037700001 1.3582212951999999 1.3588258986899999 0.000244140625
93.855566037700001 93.875386792499995 1.35821669349 1.3588212952000001 0.000244140625
93.875386792499995 93.895207547200002 1.3582120935299999 1.3588166934899999 0.000244140625
93.895207547200002 93.915028301899994 1.3582074953400001 1.3588120935300001 0.000244140625
93.915028301899994 93.934849056600001 1.3582028989199999 1.35880749534 0.000244140625
93.934849056600001 93.954669811299993 1.3581983042500001 1.3588028989200001 0.000244140625
93.954669811299993 93.974490566 1.35819371134 1.35879830425 0.000244140625
93.974490566 93.994311320799994 1.35818912019 1.3587937113399999 0.000244140625
93.994311320799994 94.014132075500001 1.3581845308 1.35878912019 0.000244140625
94.014132075500001 94.033952830199993 1.3581799431599999 1.3587845307999999 0.000244140625
94.033952830199993 94.0537735849 1.3581753572799999 1.3587799431600001 0.000244140625
94.0537735849 94.073594339600007 1.3581707731599999 1.3587753572800001 0.000244140625
94.073594339600007 94.093415094299999 1.35816619079 1.3587707731600001 0.000244140625
94.093415094299999 94.113235849099993 1.35816161017 1.3587661907899999 0.000244140625
94.113235849099993 94.1330566038 1.3581570313 1.35876161017 0.000244140625
94.1330566038 94.152877358500007 1.3581524541900001 1.3587570312999999 0.000244140625
94.152877358500007 94.172698113199999 1.3581478788200001 1.35875245419 0.000244140625
94.172698113199999 94.192518867900006 1.3581433052 1.35874787882 0.000244140625
94.192518867900006 94.212339622599998 1.3581387333299999 1.3587433052 0.000244140625
94.212339622599998 94.232160377400007 1.3581341631999999 1.3587387333300001 0.000244140625
94.232160377400007 94.251981132099999 1.3581295948200001 1.3587341632000001 0.000244140625
94.251981132099999 94.271801886800006 1.3581250281899999 1.35872959482 0.000244140625
94.271801886800006 94.291622641499998 1.3581204632999999 1.3587250281900001 0.000244140625
94.291622641499998 94.311443396200005 1.3581159001500001 1.3587204633000001 0.000244140625
94.311443396200005 94.331264150899997 1.3581113387399999 1.35871590015 0.000244140625
94.331264150899997 94.351084905700006 1.3581067790700001 1.3587113387400001 0.000244140625
94.351084905700006 94.370905660399998 1.35810222114 1.35870677907 0.000244140625
94.370905660399998 94.390726415100005 1.3580976649500001 1.3587022211399999 0.000244140625
94.390726415100005 94.410547169799997 1.35809311049 1.35869766495 0.000244140625
94.410547169799997 94.430367924500004 1.3580885577799999 1.35869311049 0.000244140625
94.430367924500004 94.450188679199996 1.35808400679 1.3586885577800001 0.000244140625
94.450188679199996 94.470009434000005 1.3580794575399999 1.3586840067899999 0.000244140625
94.470009434000005 94.489830188699997 1.35807491003 1.3586794575400001 0.000244140625
94.489830188699997 94.509650943400004 1.3580703642500001 1.35867491003 0.000244140625
94.509650943400004 94.529471698099997 1.35806582019 1.35867036425 0.000244140625
94.529471698099997 94.549292452800003 1.3580612778700001 1.3586658201899999 0.000244140625
94.549292452800003 94.569113207499996 1.3580567372800001 1.35866127787 0.000244140625
94.569113207499996 94.588933962300004 1.35805219841 1.35865673728 0.000244140625
94.588933962300004 94.608754716999997 1.3580476612700001 1.35865219841 0.000244140625
94.608754716999997 94.628575471700003 1.3580431258600001 1.35864766127 0.000244140625
94.628575471700003 94.648396226399996 1.35803859218 1.35864312586 0.000244140625
94.648396226399996 94.668216981100002 1.3580340602100001 1.3586385921799999 0.000244140625
94.668216981100002 94.688037735799995 1.35802952997 1.35863406021 0.000244140625
94.688037735799995 94.707858490600003 1.3580250014499999 1.35862952997 0.000244140625
94.707858490600003 94.727679245299996 1.35802047466 1.3586250014500001 0.000244140625
94.727679245299996 94.747500000000002 1.3580159495799999 1.3586204746599999 0.000244140625
94.747500000000002 94.767320754699995 1.35801142622 1.3586159495800001 0.000244140625
94.767320754699995 94.787141509400001 1.3580069045800001 1.35861142622 0.000244140625
94.787141509400001 94.806962264199996 1.35800238466 1.35860690458 0.000244140625
94.806962264199996 94.826783018900002 1.3579978664500001 1.3586023846599999 0.000244140625
94.826783018900002 94.846603773599995 1.3579933499600001 1.35859786645 0.000244140625
94.846603773599995 94.866424528300001 1.35798883518 1.35859334996 0.000244140625
94.866424528300001 94.886245282999994 1.3579843221100001 1.35858883518 0.000244140625
94.886245282999994 94.9060660377 1.3579798107600001 1.35858432211 0.000244140625
94.9060660377 94.925886792499995 1.35797530112 1.35857981076 0.000244140625
94.925886792499995 94.945707547200001 1.35797079319 1.3585753011199999 0.000244140625
94.945707547200001 94.965528301899994 1.35796628696 1.35857079319 0.000244140625
94.965528301899994 94.9853490566 1.3579617824500001 1.3585662869599999 0.000244140625
94.9853490566 95.005169811299993 1.3579572796399999 1.35856178245 0.000244140625
95.005169811299993 95.024990566 1.3579527785400001 1.3585572796400001 0.000244140625
95.024990566 95.044811320799994 1.3579482791399999 1.35855277854 0.000244140625
95.044811320799994 95.0646320755 1.3579437814499999 1.3585482791400001 0.000244140625
95.0646320755 95.084452830199993 1.3579392854600001 1.3585437814500001 0.000244140625
95.084452830199993 95.1042735849 1.3579347911699999 1.35853928546 0.000244140625
95.1042735849 95.124094339600006 1.3579302985799999 1.3585347911700001 0.000244140625
95.124094339600006 95.143915094299999 1.35792580769 1.3585302985800001 0.000244140625
95.143915094299999 95.163735849099993 1.3579213185100001 1.35852580769 0.000244140625
95.163735849099993 95.1835566038 1.35791683102 1.35852131851 0.000244140625
95.1835566038 95.203377358500006 1.3579123452199999 1.35851683102 0.000244140625
95.203377358500006 95.223198113199999 1.3579078611299999 1.3585123452200001 0.000244140625
95.223198113199999 95.243018867900005 1.3579033787300001 1.3585078611300001 0.000244140625
95.243018867900005 95.262839622599998 1.35789889802 1.35850337873 0.000244140625
95.262839622599998 95.282660377400006 1.35789441901 1.3584988980199999 0.000244140625
95.282660377400006 95.302481132099999 1.3578899416800001 1.3584944190099999 0.000244140625
95.302481132099999 95.322301886800005 1.3578854660499999 1.35848994168 0.000244140625
95.322301886800005 95.342122641499998 1.3578809921099999 1.3584854660500001 0.000244140625
95.342122641499998 95.361943396200004 1.35787651986 1.3584809921100001 0.000244140625
95.361943396200004 95.381764150899997 1.3578720493000001 1.35847651986 0.000244140625
95.381764150899997 95.401584905700005 1.35786758042 1.3584720493 0.000244140625
95.401584905700005 95.421405660399998 1.3578631132300001 1.3584675804199999 0.000244140625
95.421405660399998 95.441226415100004 1.3578586477300001 1.35846311323 0.000244140625
95.441226415100004 95.461047169799997 1.35785418391 1.35845864773 0.000244140625
95.461047169799997 95.480867924500004 1.3578497217700001 1.3584541839099999 0.000244140625
95.480867924500004 95.500688679199996 1.3578452613200001 1.35844972177 0.000244140625
95.500688679199996 95.520509434000004 1.3578408025499999 1.35844526132 0.000244140625
95.520509434000004 95.540330188699997 1.35783634546 1.3584408025500001 0.000244140625
95.540330188699997 95.560150943400004 1.3578318900399999 1.3584363454599999 0.000244140625
95.560150943400004 95.579971698099996 1.35782743631 1.3584318900400001 0.000244140625
95.579971698099996 95.599792452800003 1.35782298425 1.35842743631 0.000244140625
95.599792452800003 95.619613207499995 1.35781853387 1.35842298425 0.000244140625
95.619613207499995 95.639433962300004 1.35781408517 1.3584185338699999 0.000244140625
95.639433962300004 95.659254716999996 1.35780963814 1.35841408517 0.000244140625
95.659254716999996 95.679075471700003 1.3578051927899999 1.3584096381399999 0.000244140625
95.679075471700003 95.698896226399995 1.3578007490999999 1.35840519279 0.000244140625
95.698896226399995 95.718716981100002 1.3577963070900001 1.3584007491000001 0.000244140625
95.718716981100002 95.738537735799994 1.35779186675 1.35839630709 0.000244140625
95.738537735799994 95.758358490600003 1.35778742808 1.3583918667499999 0.000244140625
95.758358490600003 95.778179245299995 1.3577829910799999 1.3583874280799999 0.000244140625
95.778179245299995 95.798000000000002 1.3577785557399999 1.35838299108 0.000244140625
95.798000000000002 95.817820754699994 1.3577741220799999 1.3583785557400001 0.000244140625
95.817820754699994 95.837641509400001 1.35776969008 1.3583741220800001 0.000244140625
95.837641509400001 95.857462264199995 1.3577652597400001 1.35836969008 0.000244140625
95.857462264199995 95.877283018900002 1.35776083107 1.35836525974 0.000244140625
95.877283018900002 95.897103773599994 1.3577564040600001 1.3583608310699999 0.000244140625
95.897103773599994 95.916924528300001 1.3577519787100001 1.35835640406 0.000244140625
95.916924528300001 95.936745282999993 1.35774755503 1.35835197871 0.000244140625
95.936745282999993 95.9565660377 1.357743133 1.3583475550299999 0.000244140625
95.9565660377 95.976386792499994 1.35773871264 1.358343133 0.000244140625
95.976386792499994 95.996207547200001 1.3577342939299999 1.3583387126399999 0.000244140625
95.996207547200001 96.016028301899993 1.3577298768799999 1.35833429393 0.000244140625
96.016028301899993 96.0358490566 1.3577254614900001 1.3583298768800001 0.000244140625
96.0358490566 96.055669811300007 1.3577210477499999 1.35832546148 0.000244140625
96.055669811300007 96.075490565999999 1.3577166356599999 1.3583210477500001 0.000244140625
96.075490565999999 96.095311320799993 1.35771222523 1.35831663566 0.000244140625
96.095311320799993 96.1151320755 1.35770781645 1.3583122252299999 0.000244140625
96.1151320755 96.134952830200007 1.35770340933 1.35830781645 0.000244140625
96.134952830200007 96.154773584899999 1.3576990038500001 1.3583034093299999 0.000244140625
96.154773584899999 96.174594339600006 1.3576946000300001 1.35829900385 0.000244140625
96.174594339600006 96.194415094299998 1.35769019785 1.35829460003 0.000244140625
96.194415094299998 96.214235849100007 1.3576857973200001 1.3582901978499999 0.000244140625
96.214235849100007 96.234056603799999 1.35768139844 1.35828579732 0.000244140625
96.234056603799999 96.253877358500006 1.3576770011999999 1.35828139844 0.000244140625
96.253877358500006 96.273698113199998 1.3576726056099999 1.3582770012000001 0.000244140625
96.273698113199998 96.293518867900005 1.3576682116600001 1.3582726056100001 0.000244140625
96.293518867900005 96.313339622599997 1.3576638193599999 1.35826821166 0.000244140625
96.313339622599997 96.333160377400006 1.3576594286999999 1.3582638193600001 0.000244140625
96.333160377400006 96.352981132099998 1.35765503968 1.3582594287 0.000244140625
96.352981132099998 96.372801886800005 1.3576506523 1.3582550396799999 0.000244140625
96.372801886800005 96.392622641499997 1.35764626656 1.3582506523 0.000244140625
96.392622641499997 96.412443396200004 1.3576418824500001 1.3582462665599999 0.000244140625
96.412443396200004 96.432264150899996 1.3576374999900001 1.35824188245 0.000244140625
96.432264150899996 96.452084905700005 1.35763311916 1.35823749999 0.000244140625
96.452084905700005 96.471905660399997 1.35762873997 1.3582331191599999 0.000244140625
96.471905660399997 96.491726415100004 1.35762436241 1.3582287399699999 0.000244140625
96.491726415100004 96.511547169799996 1.35761998648 1.3582243624100001 0.000244140625
96.511547169799996 96.531367924500003 1.35761561219 1.35821998648 0.000244140625
96.531367924500003 96.551188679199996 1.35761123953 1.35821561219 0.000244140625
96.551188679199996 96.571009434000004 1.3576068685 1.3582112395299999 0.000244140625
96.571009434000004 96.590830188699996 1.3576024991 1.3582068684999999 0.000244140625
96.590830188699996 96.610650943400003 1.3575981313300001 1.3582024990999999 0.000244140625
96.610650943400003 96.630471698099996 1.3575937651900001 1.35819813133 0.000244140625
96.630471698099996 96.650292452800002 1.35758940068 1.35819376519 0.000244140625
96.650292452800002 96.670113207499995 1.3575850377900001 1.3581894006799999 0.000244140625
96.670113207499995 96.689933962300003 1.35758067653 1.35818503779 0.000244140625
96.689933962300003 96.709754716999996 1.3575763168899999 1.35818067653 0.000244140625
96.709754716999996 96.729575471700002 1.3575719588699999 1.3581763168900001 0.000244140625
96.729575471700002 96.749396226399995 1.3575676024800001 1.3581719588700001 0.000244140625
96.749396226399995 96.769216981100001 1.3575632477099999 1.35816760248 0.000244140625
96.769216981100001 96.789037735799994 1.3575588945599999 1.3581632477100001 0.000244140625
96.789037735799994 96.808858490600002 1.35755454303 1.3581588945600001 0.000244140625
96.808858490600002 96.828679245299995 1.35755019312 1.3581545430299999 0.000244140625
96.828679245299995 96.848500000000001 1.35754584482 1.35815019312 0.000244140625
96.848500000000001 96.868320754699994 1.35754149814 1.3581458448199999 0.000244140625
96.868320754699994 96.8881415094 1.35753715308 1.35814149814 0.000244140625
96.8881415094 96.907962264199995 1.3575328096399999 1.3581371530799999 0.000244140625
96.907962264199995 96.927783018900001 1.3575284678099999 1.35813280964 0.000244140625
96.927783018900001 96.947603773599994 1.3575241275900001 1.3581284678100001 0.000244140625
96.947603773599994 96.9674245283 1.3575197889799999 1.35812412759 0.000244140625
96.9674245283 96.987245282999993 1.3575154519899999 1.3581197889800001 0.000244140625
96.987245282999993 97.0070660377 1.35751111661 1.3581154519900001 0.000244140625
97.0070660377 97.026886792499994 1.35750678283 1.3581111166099999 0.000244140625
97.026886792499994 97.0467075472 1.35750245067 1.35810678283 0.000244140625
97.0467075472 97.066528301899993 1.35749812011 1.3581024506699999 0.000244140625
97.066528301899993 97.0863490566 1.35749379116 1.35809812011 0.000244140625
97.0863490566 97.106169811300006 1.3574894638099999 1.35809379116 0.000244140625
97.106169811300006 97.125990565999999 1.3574851380699999 1.3580894638100001 0.000244140625
97.125990565999999 97.145811320799993 1.3574808139400001 1.3580851380700001 0.000244140625
97.145811320799993 97.1656320755 1.3574764914099999 1.35808081394 0.000244140625
97.1656320755 97.185452830200006 1.3574721704799999 1.3580764914100001 0.000244140625
97.185452830200006 97.205273584899999 1.35746785115 1.3580721704800001 0.000244140625
97.205273584899999 97.225094339600005 1.35746353342 1.3580678511499999 0.000244140625
97.225094339600005 97.244915094299998 1.35745921729 1.35806353342 0.000244140625
97.244915094299998 97.264735849100006 1.35745490276 1.3580592172899999 0.000244140625
97.264735849100006 97.284556603799999 1.35745058983 1.35805490276 0.000244140625
97.284556603799999 97.304377358500005 1.3574462784900001 1.3580505898299999 0.000244140625
97.304377358500005 97.324198113199998 1.3574419687499999 1.35804627849 0.000244140625
97.324198113199998 97.344018867900004 1.35743766061 1.3580419687500001 0.000244140625
97.344018867900004 97.363839622599997 1.3574333540600001 1.35803766061 0.000244140625
97.363839622599997 97.383660377400005 1.3574290491000001 1.35803335406 0.000244140625
97.383660377400005 97.403481132099998 1.3574247457399999 1.3580290491 0.000244140625
97.403481132099998 97.423301886800004 1.3574204439599999 1.3580247457400001 0.000244140625
97.423301886800004 97.443122641499997 1.3574161437800001 1.3580204439600001 0.000244140625
97.443122641499997 97.462943396200004 1.3574118451899999 1.35801614378 0.000244140625
97.462943396200004 97.482764150899996 1.3574075481800001 1.3580118451900001 0.000244140625
97.482764150899996 97.502584905700004 1.35740325277 1.35800754818 0.000244140625
97.502584905700004 97.522405660399997 1.35739895894 1.3580032527699999 0.000244140625
97.522405660399997 97.542226415100004 1.3573946666900001 1.3579989589399999 0.000244140625
97.542226415100004 97.562047169799996 1.3573903760399999 1.35799466669 0.000244140625
97.562047169799996 97.581867924500003 1.3573860869600001 1.3579903760400001 0.000244140625
97.581867924500003 97.601688679199995 1.3573817994699999 1.35798608696 0.000244140625
97.601688679199995 97.621509434000004 1.3573775135599999 1.3579817994700001 0.000244140625
97.621509434000004 97.641330188699996 1.35737322924 1.3579775135600001 0.000244140625
97.641330188699996 97.661150943400003 1.3573689464900001 1.35797322924 0.000244140625
97.661150943400003 97.680971698099995 1.35736466532 1.35796894649 0.000244140625
97.680971698099995 97.700792452800002 1.3573603857400001 1.3579646653199999 0.000244140625
97.700792452800002 97.720613207499994 1.35735610773 1.35796038574 0.000244140625
97.720613207499994 97.740433962300003 1.3573518312899999 1.35795610773 0.000244140625
97.740433962300003 97.760254716999995 1.3573475564399999 1.3579518312900001 0.000244140625
97.760254716999995 97.780075471700002 1.3573432831500001 1.3579475564400001 0.000244140625
97.780075471700002 97.799896226399994 1.3573390114499999 1.35794328315 0.000244140625
97.799896226399994 97.819716981100001 1.3573347413100001 1.3579390114500001 0.000244140625
97.819716981100001 97.839537735799993 1.35733047275 1.35793474131 0.000244140625
97.839537735799993 97.859358490600002 1.35732620576 1.3579304727499999 0.000244140625
97.859358490600002 97.879179245299994 1.3573219403500001 1.3579262057599999 0.000244140625
97.879179245299994 97.899000000000001 1.3573176764999999 1.35792194035 0.000244140625
97.899000000000001 97.918820754699993 1.3573134142200001 1.3579176765000001 0.000244140625
97.918820754699993 97.9386415094 1.3573091535099999 1.35791341422 0.000244140625
97.9386415094 97.958462264199994 1.3573048943599999 1.3579091535100001 0.000244140625
97.958462264199994 97.978283018900001 1.35730063679 1.3579048943600001 0.000244140625
97.978283018900001 97.998103773599993 1.35729638077 1.3579006367899999 0.000244140625
97.998103773599993 98.0179245283 1.35729212633 1.35789638077 0.000244140625
98.0179245283 98.037745283000007 1.35728787344 1.3578921263299999 0.000244140625
98.037745283000007 98.057566037699999 1.35728362212 1.3578878734399999 0.000244140625
98.057566037699999 98.077386792499993 1.3572793723600001 1.3578836221199999 0.000244140625
98.077386792499993 98.0972075472 1.3572751241700001 1.35787937236 0.000244140625
98.0972075472 98.117028301900007 1.35727087753 1.35787512417 0.000244140625
98.117028301900007 98.136849056599999 1.35726663245 1.3578708775299999 0.000244140625
98.136849056599999 98.156669811300006 1.35726238893 1.3578666324499999 0.000244140625
98.156669811300006 98.176490565999998 1.35725814697 1.3578623889300001 0.000244140625
98.176490565999998 98.196311320800007 1.35725390656 1.35785814697 0.000244140625
98.196311320800007 98.216132075499999 1.3572496677100001 1.3578539065599999 0.000244140625
98.216132075499999 98.235952830200006 1.3572454304199999 1.35784966771 0.000244140625
98.235952830200006 98.255773584899998 1.35724119468 1.3578454304200001 0.000244140625
98.255773584899998 98.275594339600005 1.3572369604900001 1.35784119468 0.000244140625
98.275594339600005 98.295415094299997 1.35723272786 1.35783696049 0.000244140625
98.295415094299997 98.315235849100006 1.3572284967699999 1.35783272786 0.000244140625
98.315235849100006 98.335056603799998 1.3572242672399999 1.3578284967700001 0.000244140625
98.335056603799998 98.354877358500005 1.35722003926 1.35782426724 0.000244140625
98.354877358500005 98.374698113199997 1.35721581282 1.3578200392599999 0.000244140625
98.374698113199997 98.394518867900004 1.35721158794 1.35781581282 0.000244140625
98.394518867900004 98.414339622599996 1.3572073646 1.3578115879399999 0.000244140625
98.414339622599996 98.434160377400005 1.3572031428 1.3578073646 0.000244140625
98.434160377400005 98.453981132099997 1.3571989225600001 1.3578031427999999 0.000244140625
98.453981132099997 98.473801886800004 1.3571947038500001 1.35779892256 0.000244140625
98.473801886800004 98.493622641499996 1.35719048669 1.35779470385 0.000244140625
98.493622641499996 98.513443396200003 1.35718627108 1.3577904866899999 0.000244140625
98.513443396200003 98.533264150899996 1.3571820569999999 1.3577862710799999 0.000244140625
98.533264150899996 98.553084905700004 1.35717784447 1.3577820570000001 0.000244140625
98.553084905700004 98.572905660399996 1.35717363347 1.3577778444699999 0.000244140625
98.572905660399996 98.592726415100003 1.3571694240200001 1.3577736334699999 0.000244140625
98.592726415100003 98.612547169799996 1.3571652161000001 1.35776942402 0.000244140625
98.612547169799996 98.632367924500002 1.35716100972 1.3577652161 0.000244140625
98.632367924500002 98.652188679199995 1.35715680488 1.3577610097199999 0.000244140625
98.652188679199995 98.672009434000003 1.35715260158 1.3577568048799999 0.000244140625
98.672009434000003 98.691830188699996 1.35714839981 1.3577526015800001 0.000244140625
98.691830188699996 98.711650943400002 1.35714419957 1.35774839981 0.000244140625
98.711650943400002 98.731471698099995 1.3571400008700001 1.3577441995699999 0.000244140625
98.731471698099995 98.751292452800001 1.3571358036900001 1.35774000087 0.000244140625
98.751292452800001 98.771113207499994 1.35713160806 1.35773580369 0.000244140625
98.771113207499994 98.790933962300002 1.35712741395 1.3577316080599999 0.000244140625
98.790933962300002 98.810754716999995 1.35712322137 1.35772741395 0.000244140625
98.810754716999995 98.830575471700001 1.35711903032 1.3577232213699999 0.000244140625
98.830575471700001 98.850396226399994 1.3571148408 1.35771903032 0.000244140625
98.850396226399994 98.8702169811 1.3571106528000001 1.3577148407999999 0.000244140625
98.8702169811 98.890037735799993 1.3571064663300001 1.3577106528 0.000244140625
98.890037735799993 98.909858490600001 1.35710228139 1.35770646633 0.000244140625
98.909858490600001 98.929679245299994 1.35709809797 1.3577022813899999 0.000244140625
98.929679245299994 98.9495 1.35709391608 1.35769809797 0.000244140625
98.9495 98.969320754699993 1.35708973571 1.3576939160799999 0.000244140625
98.969320754699993 98.9891415094 1.35708555686 1.35768973571 0.000244140625
98.9891415094 99.008962264199994 1.3570813795300001 1.3576855568599999 0.000244140625
99.008962264199994 99.0287830189 1.3570772037200001 1.35768137953 0.000244140625
99.0287830189 99.048603773599993 1.35707302944 1.35767720372 0.000244140625
99.048603773599993 99.0684245283 1.35706885667 1.3576730294399999 0.000244140625
99.0684245283 99.088245283000006 1.3570646854199999 1.3576688566699999 0.000244140625
99.088245283000006 99.108066037699999 1.35706051568 1.3576646854200001 0.000244140625
99.108066037699999 99.127886792499993 1.3570563474699999 1.3576605156799999 0.000244140625
99.127886792499993 99.1477075472 1.35705218076 1.3576563474700001 0.000244140625
99.1477075472 99.167528301900006 1.35704801558 1.3576521807599999 0.000244140625
99.167528301900006 99.187349056599999 1.3570438519000001 1.3576480155799999 0.000244140625
99.187349056599999 99.207169811300005 1.3570396897400001 1.3576438519 0.000244140625
99.207169811300005 99.226990565999998 1.35703552909 1.35763968974 0.000244140625
99.226990565999998 99.246811320800006 1.3570313699500001 1.35763552909 0.000244140625
99.246811320800006 99.266632075499999 1.35702721233 1.35763136995 0.000244140625
99.266632075499999 99.286452830200005 1.3570230562100001 1.3576272123299999 0.000244140625
99.286452830200005 99.306273584899998 1.3570189016 1.35762305621 0.000244140625
99.306273584899998 99.326094339600004 1.3570147484999999 1.3576189016 0.000244140625
99.326094339600004 99.345915094299997 1.3570105968999999 1.3576147485000001 0.000244140625
99.345915094299997 99.365735849100005 1.35700644681 1.3576105969000001 0.000244140625
99.365735849100005 99.385556603799998 1.3570022982300001 1.35760644681 0.000244140625
99.385556603799998 99.405377358500004 1.35699815115 1.35760229823 0.000244140625
99.405377358500004 99.425198113199997 1.3569940055800001 1.3575981511499999 0.000244140625
99.425198113199997 99.445018867900004 1.3569898615 1.35759400558 0.000244140625
99.445018867900004 99.464839622599996 1.3569857189300001 1.3575898614999999 0.000244140625
99.464839622599996 99.484660377400004 1.3569815778600001 1.35758571893 0.000244140625
99.484660377400004 99.504481132099997 1.3569774382899999 1.35758157786 0.000244140625
99.504481132099997 99.524301886800004 1.35697330022 1.3575774382900001 0.000244140625
99.524301886800004 99.544122641499996 1.3569691636500001 1.3575733002199999 0.000244140625
99.544122641499996 99.563943396200003 1.3569650285799999 1.35756916365 0.000244140625
99.563943396200003 99.583764150899995 1.3569608950000001 1.3575650285800001 0.000244140625
99.583764150899995 99.603584905700004 1.3569567629199999 1.357560895 0.000244140625
99.603584905700004 99.623405660399996 1.3569526323400001 1.35755676292 0.000244140625
99.623405660399996 99.643226415100003 1.3569485032399999 1.35755263234 0.000244140625
99.643226415100003 99.663047169799995 1.3569443756499999 1.3575485032400001 0.000244140625
99.663047169799995 99.682867924500002 1.35694024954 1.3575443756500001 0.000244140625
99.682867924500002 99.702688679199994 1.35693612493 1.35754024954 0.000244140625
99.702688679199994 99.722509434000003 1.35693200181 1.35753612493 0.000244140625
99.722509434000003 99.742330188699995 1.35692788018 1.3575320018100001 0.000244140625
99.742330188699995 99.762150943400002 1.3569237600399999 1.3575278801799999 0.000244140625
99.762150943400002 99.781971698099994 1.35691964138 1.3575237600400001 0.000244140625
99.781971698099994 99.801792452800001 1.3569155242199999 1.3575196413799999 0.000244140625
99.801792452800001 99.821613207499993 1.35691140854 1.3575155242200001 0.000244140625
99.821613207499993 99.841433962300002 1.35690729435 1.35751140854 0.000244140625
99.841433962300002 99.861254716999994 1.3569031816399999 1.3575072943499999 0.000244140625
99.861254716999994 99.881075471700001 1.3568990704199999 1.3575031816400001 0.000244140625
99.881075471700001 99.900896226399993 1.35689496068 1.3574990704200001 0.000244140625
99.900896226399993 99.9207169811 1.3568908524200001 1.35749496068 0.000244140625
99.9207169811 99.940537735800007 1.35688674565 1.35749085242 0.000244140625
99.940537735800007 99.960358490600001 1.3568826403600001 1.3574867456499999 0.000244140625
99.960358490600001 99.980179245299993 1.35687853654 1.35748264036 0.000244140625
99.980179245299993 100 1.3568744342100001 1.3574785365399999 0.000244140625
