# Direct counterexample,  d = 4:   C(p) < 0 for every p in [2.0000001, 24.25]
claim 4 4 2.0000001 24.25 -
# p1 p2 lambda1 lambda2 tau0
2.0000000999999998 2.0000001009799999 1.9999999591299999 1.9999999655 0.0009765625
2.0000001009799999 2.00000010196 1.9999999587699999 1.99999996513 0.0009765625
2.00000010196 2.0000001029400001 1.9999999584000001 1.99999996477 0.0009765625
2.0000001029400001 2.0000001039200002 1.9999999580300001 1.9999999643999999 0.0009765625
2.0000001039200002 2.0000001048999998 1.99999995766 1.9999999640299999 0.0009765625
2.0000001048999998 2.0000001058799999 1.99999995729 1.9999999636600001 0.0009765625
2.0000001058799999 2.00000010686 1.99999995693 1.9999999632900001 0.0009765625
2.00000010686 2.00000010784 1.99999995656 1.99999996293 0.0009765625
2.00000010784 2.0000001088200001 1.9999999561899999 1.99999996256 0.0009765625
2.0000001088200001 2.0000001098000002 1.9999999558199999 1.99999996219 0.0009765625
2.0000001098000002 2.0000001107799998 1.9999999554600001 1.9999999618199999 0.0009765625
2.0000001107799998 2.0000001117599999 1.9999999550900001 1.9999999614599999 0.0009765625
2.0000001117599999 2.00000011275 1.99999995472 1.9999999610899999 0.0009765625
2.00000011275 2.0000001137300001 1.99999995435 1.9999999607200001 0.0009765625
2.0000001137300001 2.0000001147100002 1.99999995399 1.9999999603500001 0.0009765625
2.0000001147100002 2.0000001156899998 1.9999999536199999 1.99999995999 0.0009765625
2.0000001156899998 2.0000001166699999 1.9999999532499999 1.99999995962 0.0009765625
2.0000001166699999 2.00000011765 1.9999999528800001 1.99999995925 0.0009765625
2.00000011765 2.00000011863 1.9999999525200001 1.9999999588799999 0.0009765625
2.00000011863 2.0000001196100001 1.99999995215 1.9999999585199999 0.0009765625
2.0000001196100001 2.0000001205900002 1.99999995178 1.9999999581500001 0.0009765625
2.0000001205900002 2.0000001215699998 1.99999995141 1.9999999577800001 0.0009765625
2.0000001215699998 2.0000001225499999 1.9999999510399999 1.99999995741 0.0009765625
2.0000001225499999 2.00000012353 1.9999999506799999 1.99999995704 0.0009765625
2.00000012353 2.0000001245100001 1.9999999503100001 1.99999995668 0.0009765625
2.0000001245100001 2.0000001254900002 1.9999999499400001 1.9999999563099999 0.0009765625
2.0000001254900002 2.0000001264699998 1.99999994957 1.9999999559399999 0.0009765625
2.0000001264699998 2.0000001274499999 1.99999994921 1.9999999555700001 0.0009765625
2.0000001274499999 2.00000012843 1.99999994884 1.9999999552100001 0.0009765625
2.00000012843 2.00000012941 1.99999994147 1.99999996184 0.0009765625
2.00000012941 2.0000001303900001 1.9999999411 1.9999999614699999 0.0009765625
2.0000001303900001 2.0000001313700002 1.99999994074 1.9999999610999999 0.0009765625
2.0000001313700002 2.0000001323499998 1.99999994037 1.9999999607400001 0.0009765625
2.0000001323499998 2.0000001333299999 1.9999999399999999 1.9999999603700001 0.0009765625
2.0000001333299999 2.00000013431 1.9999999396299999 1.99999996 0.0009765625
2.00000013431 2.0000001352900001 1.9999999392700001 1.99999995963 0.0009765625
2.0000001352900001 2.0000001362700002 1.9999999389000001 1.99999995927 0.0009765625
2.0000001362700002 2.0000001372499998 1.99999993853 1.9999999588999999 0.0009765625
2.0000001372499998 2.0000001382399999 1.99999993816 1.9999999585299999 0.0009765625
2.0000001382399999 2.00000013922 1.99999993779 1.9999999581600001 0.0009765625
2.00000013922 2.0000001402000001 1.9999999374299999 1.9999999577900001 0.0009765625
2.0000001402000001 2.0000001411800001 1.9999999370599999 1.99999995743 0.0009765625
2.0000001411800001 2.0000001421600002 1.9999999366900001 1.99999995706 0.0009765625
2.0000001421600002 2.0000001431399999 1.9999999363200001 1.99999995669 0.0009765625
2.0000001431399999 2.0000001441199999 1.99999993596 1.9999999563199999 0.0009765625
2.0000001441199999 2.0000001451 1.99999993559 1.9999999559599999 0.0009765625
2.0000001451 2.0000001460800001 1.99999993522 1.9999999555900001 0.0009765625
2.0000001460800001 2.0000001470600002 1.9999999348499999 1.9999999552200001 0.0009765625
2.0000001470600002 2.0000001480399998 1.9999999344899999 1.99999995485 0.0009765625
2.0000001480399998 2.0000001490199999 1.9999999341200001 1.99999995449 0.0009765625
2.0000001490199999 2.00000015 1.9999999337500001 1.99999995412 0.0009765625
2.00000015 2.0000001509800001 1.99999993338 1.9999999537499999 0.0009765625
2.0000001509800001 2.0000001519600001 1.99999993302 1.9999999533799999 0.0009765625
2.0000001519600001 2.0000001529400002 1.99999993265 1.9999999530200001 0.0009765625
2.0000001529400002 2.0000001539199999 1.9999999322799999 1.9999999526500001 0.0009765625
2.0000001539199999 2.0000001548999999 1.9999999319099999 1.99999995228 0.0009765625
2.0000001548999999 2.00000015588 1.9999999315400001 1.99999995191 0.0009765625
2.00000015588 2.0000001568600001 1.9999999311800001 1.99999995154 0.0009765625
2.0000001568600001 2.0000001578400002 1.99999993081 1.99999995118 0.0009765625
2.0000001578400002 2.0000001588199998 1.99999993044 1.9999999508099999 0.0009765625
2.0000001588199998 2.0000001597999999 1.99999993007 1.9999999504399999 0.0009765625
2.0000001597999999 2.00000016078 1.99999992971 1.9999999500700001 0.0009765625
2.00000016078 2.0000001617600001 1.9999999293399999 1.9999999497100001 0.0009765625
2.0000001617600001 2.0000001627500001 1.9999999289699999 1.99999994934 0.0009765625
2.0000001627500001 2.0000001637299998 1.9999999286000001 1.99999994897 0.0009765625
2.0000001637299998 2.0000001647099999 1.9999999282400001 1.9999999486 0.0009765625
2.0000001647099999 2.0000001656899999 1.99999992787 1.9999999482399999 0.0009765625
2.0000001656899999 2.00000016667 1.9999999275 1.9999999478699999 0.0009765625
2.00000016667 2.0000001676500001 1.99999992713 1.9999999475000001 0.0009765625
2.0000001676500001 2.0000001686300002 1.9999999267699999 1.9999999471300001 0.0009765625
2.0000001686300002 2.0000001696099998 1.9999999263999999 1.99999994677 0.0009765625
2.0000001696099998 2.0000001705899999 1.9999999260300001 1.9999999464 0.0009765625
2.0000001705899999 2.00000017157 1.9999999256600001 1.99999994603 0.0009765625
2.00000017157 2.0000001725500001 1.99999992529 1.9999999456599999 0.0009765625
2.0000001725500001 2.0000001735300001 1.99999992493 1.9999999452899999 0.0009765625
2.0000001735300001 2.0000001745099998 1.99999992456 1.9999999449300001 0.0009765625
2.0000001745099998 2.0000001754899999 1.9999999241899999 1.9999999445600001 0.0009765625
2.0000001754899999 2.0000001764699999 1.9999999238199999 1.99999994419 0.0009765625
2.0000001764699999 2.00000017745 1.9999999234600001 1.99999994382 0.0009765625
2.00000017745 2.0000001784300001 1.9999999230900001 1.99999994346 0.0009765625
2.0000001784300001 2.0000001794100002 1.99999992272 1.99999994309 0.0009765625
2.0000001794100002 2.0000001803899998 1.99999992235 1.9999999427199999 0.0009765625
2.0000001803899998 2.0000001813699999 1.99999992199 1.9999999423499999 0.0009765625
2.0000001813699999 2.00000018235 1.99999992162 1.9999999419900001 0.0009765625
2.00000018235 2.0000001833300001 1.9999999212499999 1.9999999416200001 0.0009765625
2.0000001833300001 2.0000001843100002 1.9999999208799999 1.99999994125 0.0009765625
2.0000001843100002 2.0000001852899998 1.9999999205200001 1.99999994088 0.0009765625
2.0000001852899998 2.0000001862699999 1.9999999201500001 1.99999994052 0.0009765625
2.0000001862699999 2.00000018725 1.99999991978 1.9999999401499999 0.0009765625
2.00000018725 2.00000018824 1.99999991941 1.9999999397799999 0.0009765625
2.00000018824 2.0000001892200001 1.99999991904 1.9999999394100001 0.0009765625
2.0000001892200001 2.0000001902000002 1.9999999186799999 1.9999999390400001 0.0009765625
2.0000001902000002 2.0000001911799998 1.9999999183099999 1.99999993868 0.0009765625
2.0000001911799998 2.0000001921599999 1.9999999179400001 1.99999993831 0.0009765625
2.0000001921599999 2.00000019314 1.9999999175700001 1.99999993794 0.0009765625
2.00000019314 2.0000001941200001 1.99999991721 1.9999999375699999 0.0009765625
2.0000001941200001 2.0000001951000002 1.99999991684 1.9999999372099999 0.0009765625
2.0000001951000002 2.0000001960799998 1.99999991647 1.9999999368400001 0.0009765625
2.0000001960799998 2.0000001970599999 1.9999999160999999 1.9999999364700001 0.0009765625
2.0000001970599999 2.00000019804 1.9999999157399999 1.9999999361 0.0009765625
2.00000019804 2.00000019902 1.9999999153700001 1.99999993574 0.0009765625
2.00000019902 2.0000002000000001 1.9999999150000001 1.99999993537 0.0009765625
2.0000002000000001 2.0000002019599998 1.99999991426 1.999999935 0.0009765625
2.0000002019599998 2.00000020392 1.99999991353 1.9999999342699999 0.0009765625
2.00000020392 2.0000002058800002 1.9999999127899999 1.9999999335300001 0.0009765625
2.0000002058800002 2.0000002078399999 1.9999999120600001 1.99999993279 0.0009765625
2.0000002078399999 2.0000002098 1.99999991132 1.9999999320599999 0.0009765625
2.0000002098 2.0000002117600002 1.9999999105899999 1.9999999313200001 0.0009765625
2.0000002117600002 2.0000002137299999 1.9999999098500001 1.99999993059 0.0009765625
2.0000002137299999 2.0000002156900001 1.99999990912 1.99999992985 0.0009765625
2.0000002156900001 2.0000002176499998 1.99999990838 1.9999999291199999 0.0009765625
2.0000002176499998 2.00000021961 1.9999999076499999 1.9999999283800001 0.0009765625
2.00000021961 2.0000002215700001 1.9999999069100001 1.99999992765 0.0009765625
2.0000002215700001 2.0000002235299998 1.99999990618 1.9999999269099999 0.0009765625
2.0000002235299998 2.00000022549 1.9999999054399999 1.9999999261800001 0.0009765625
2.00000022549 2.0000002274500002 1.9999999047100001 1.99999992544 0.0009765625
2.0000002274500002 2.0000002294099999 1.99999990397 1.99999992471 0.0009765625
2.0000002294099999 2.00000023137 1.99999990324 1.9999999239699999 0.0009765625
2.00000023137 2.0000002333300002 1.9999999024999999 1.9999999232400001 0.0009765625
2.0000002333300002 2.0000002352899999 1.9999999017700001 1.9999999225 0.0009765625
2.0000002352899999 2.0000002372500001 1.99999990103 1.99999992177 0.0009765625
2.0000002372500001 2.0000002392199998 1.99999990029 1.9999999210299999 0.0009765625
2.0000002392199998 2.00000024118 1.9999998995599999 1.9999999202900001 0.0009765625
2.00000024118 2.0000002431400001 1.9999998988200001 1.99999991956 0.0009765625
2.0000002431400001 2.0000002450999999 1.99999989809 1.9999999188199999 0.0009765625
2.0000002450999999 2.00000024706 1.9999998973499999 1.9999999180900001 0.0009765625
2.00000024706 2.0000002490200002 1.9999998966200001 1.99999991735 0.0009765625
2.0000002490200002 2.0000002509799999 1.99999989588 1.99999991662 0.0009765625
2.0000002509799999 2.0000002529400001 1.99999989515 1.9999999158799999 0.0009765625
2.0000002529400001 2.0000002549000002 1.9999998944099999 1.9999999151500001 0.0009765625
2.0000002549000002 2.0000002568599999 1.9999998936800001 1.99999991441 0.0009765625
2.0000002568599999 2.0000002588200001 1.99999989294 1.99999991368 0.0009765625
2.0000002588200001 2.0000002607799998 1.99999989221 1.9999999129399999 0.0009765625
2.0000002607799998 2.00000026275 1.9999998914699999 1.9999999122100001 0.0009765625
2.00000026275 2.0000002647100001 1.9999998907400001 1.99999991147 0.0009765625
2.0000002647100001 2.0000002666699999 1.99999989 1.9999999107399999 0.0009765625
2.0000002666699999 2.00000026863 1.9999998892599999 1.9999999100000001 0.0009765625
2.00000026863 2.0000002705900002 1.9999998885300001 1.99999990927 0.0009765625
2.0000002705900002 2.0000002725499999 1.99999988779 1.99999990853 0.0009765625
2.0000002725499999 2.0000002745100001 1.99999988706 1.9999999077899999 0.0009765625
2.0000002745100001 2.0000002764699998 1.9999998863199999 1.9999999070600001 0.0009765625
2.0000002764699998 2.0000002784299999 1.9999998855900001 1.99999990632 0.0009765625
2.0000002784299999 2.0000002803900001 1.99999988485 1.99999990559 0.0009765625
2.0000002803900001 2.0000002823499998 1.99999988412 1.9999999048499999 0.0009765625
2.0000002823499998 2.00000028431 1.9999998833799999 1.9999999041200001 0.0009765625
2.00000028431 2.0000002862700001 1.9999998826500001 1.99999990338 0.0009765625
2.0000002862700001 2.0000002882399999 1.99999988191 1.9999999026499999 0.0009765625
2.0000002882399999 2.0000002902 1.9999998811799999 1.9999999019100001 0.0009765625
2.0000002902 2.0000002921600002 1.9999998804400001 1.99999990118 0.0009765625
2.0000002921600002 2.0000002941199999 1.99999987971 1.99999990044 0.0009765625
2.0000002941199999 2.0000002960800001 1.99999987897 1.9999998997099999 0.0009765625
2.0000002960800001 2.0000002980399998 1.9999998782399999 1.9999998989700001 0.0009765625
2.0000002980399998 2.0000003 1.9999998775000001 1.99999989824 0.0009765625
2.0000003 2.0000003019600001 1.99999987677 1.9999998975 0.0009765625
2.0000003019600001 2.0000003039199998 1.99999987603 1.9999998967699999 0.0009765625
2.0000003039199998 2.00000030588 1.9999998752899999 1.9999998960300001 0.0009765625
2.00000030588 2.0000003078400002 1.9999998745600001 1.99999989529 0.0009765625
2.0000003078400002 2.0000003097999999 1.99999987382 1.9999998945599999 0.0009765625
2.0000003097999999 2.00000031176 1.9999998730899999 1.9999998938200001 0.0009765625
2.00000031176 2.0000003137300002 1.9999998723500001 1.99999989309 0.0009765625
2.0000003137300002 2.0000003156899999 1.99999987162 1.99999989235 0.0009765625
2.0000003156899999 2.0000003176500001 1.99999987088 1.9999998916199999 0.0009765625
2.0000003176500001 2.0000003196099998 1.9999998701499999 1.9999998908800001 0.0009765625
2.0000003196099998 2.00000032157 1.9999998694100001 1.99999989015 0.0009765625
2.00000032157 2.0000003235300001 1.99999986868 1.99999988941 0.0009765625
2.0000003235300001 2.0000003254899998 1.99999986794 1.9999998886799999 0.0009765625
2.0000003254899998 2.00000032745 1.9999998672099999 1.9999998879400001 0.0009765625
2.00000032745 2.0000003294100002 1.9999998664700001 1.99999988721 0.0009765625
2.0000003294100002 2.0000003313699999 1.99999986574 1.9999998864699999 0.0009765625
2.0000003313699999 2.00000033333 1.9999998649999999 1.9999998857400001 0.0009765625
2.00000033333 2.0000003352900002 1.9999998642600001 1.999999885 0.0009765625
2.0000003352900002 2.0000003372499999 1.99999986353 1.99999988427 0.0009765625
2.0000003372499999 2.0000003392200001 1.99999986279 1.9999998835299999 0.0009765625
2.0000003392200001 2.0000003411799998 1.9999998620599999 1.9999998827900001 0.0009765625
2.0000003411799998 2.00000034314 1.9999998613200001 1.99999988206 0.0009765625
2.00000034314 2.0000003451000001 1.99999986059 1.99999988132 0.0009765625
2.0000003451000001 2.0000003470599999 1.99999985985 1.9999998805899999 0.0009765625
2.0000003470599999 2.00000034902 1.9999998591199999 1.9999998798500001 0.0009765625
2.00000034902 2.0000003509800002 1.9999998583800001 1.99999987912 0.0009765625
2.0000003509800002 2.0000003529399999 1.99999985765 1.9999998783799999 0.0009765625
2.0000003529399999 2.0000003549000001 1.9999998569099999 1.9999998776500001 0.0009765625
2.0000003549000001 2.0000003568600002 1.9999998561800001 1.99999987691 0.0009765625
2.0000003568600002 2.0000003588199999 1.99999985544 1.99999987618 0.0009765625
2.0000003588199999 2.0000003607800001 1.99999985471 1.9999998754399999 0.0009765625
2.0000003607800001 2.0000003627499998 1.9999998539699999 1.9999998747100001 0.0009765625
2.0000003627499998 2.00000036471 1.9999998532400001 1.99999987397 0.0009765625
2.00000036471 2.0000003666700001 1.9999998525 1.9999998732399999 0.0009765625
2.0000003666700001 2.0000003686299999 1.9999998517699999 1.9999998725000001 0.0009765625
2.0000003686299999 2.00000037059 1.9999998510300001 1.99999987177 0.0009765625
2.00000037059 2.0000003725500002 1.99999985029 1.99999987103 0.0009765625
2.0000003725500002 2.0000003745099999 1.99999984956 1.9999998702899999 0.0009765625
2.0000003745099999 2.0000003764700001 1.9999998488199999 1.9999998695600001 0.0009765625
2.0000003764700001 2.0000003784299998 1.9999998480900001 1.99999986882 0.0009765625
2.0000003784299998 2.0000003803899999 1.99999984735 1.99999986809 0.0009765625
2.0000003803899999 2.0000003823500001 1.99999984662 1.9999998673499999 0.0009765625
2.0000003823500001 2.0000003843099998 1.9999998458799999 1.9999998666200001 0.0009765625
2.0000003843099998 2.00000038627 1.9999998451500001 1.99999986588 0.0009765625
2.00000038627 2.0000003882400001 1.99999984441 1.9999998651499999 0.0009765625
2.0000003882400001 2.0000003901999999 1.9999998436799999 1.9999998644100001 0.0009765625
2.0000003901999999 2.00000039216 1.9999998429400001 1.99999986368 0.0009765625
2.00000039216 2.0000003941200002 1.99999984221 1.99999986294 0.0009765625
2.0000003941200002 2.0000003960799999 1.99999984147 1.9999998622099999 0.0009765625
2.0000003960799999 2.0000003980400001 1.9999998407399999 1.9999998614700001 0.0009765625
2.0000003980400001 2.0000003999999998 1.9999998400000001 1.99999986074 0.0009765625
2.0000003999999998 2.0000004039200001 1.99999983853 1.99999986 0.0009765625
2.0000004039200001 2.00000040784 1.9999998370600001 1.9999998585300001 0.0009765625
2.00000040784 2.0000004117599999 1.9999998355899999 1.9999998570599999 0.0009765625
2.0000004117599999 2.0000004156900002 1.99999983412 1.99999985559 0.0009765625
2.0000004156900002 2.0000004196100001 1.9999998326499999 1.9999998541199999 0.0009765625
2.0000004196100001 2.00000042353 1.99999983118 1.99999985265 0.0009765625
2.00000042353 2.0000004274499998 1.9999998297099999 1.9999998511799999 0.0009765625
2.0000004274499998 2.0000004313700002 1.99999982824 1.99999984971 0.0009765625
2.0000004313700002 2.00000043529 1.9999998267700001 1.9999998482400001 0.0009765625
2.00000043529 2.0000004392199999 1.99999982529 1.99999984677 0.0009765625
2.0000004392199999 2.0000004431399998 1.9999998238200001 1.9999998452900001 0.0009765625
2.0000004431399998 2.0000004470600001 1.99999982235 1.99999984382 0.0009765625
2.0000004470600001 2.00000045098 1.9999998208800001 1.9999998423500001 0.0009765625
2.00000045098 2.0000004548999999 1.9999998194099999 1.9999998408799999 0.0009765625
2.0000004548999999 2.0000004588200002 1.99999981794 1.99999983941 0.0009765625
2.0000004588200002 2.0000004627500001 1.9999998164699999 1.9999998379399999 0.0009765625
2.0000004627500001 2.00000046667 1.999999815 1.99999983647 0.0009765625
2.00000046667 2.0000004705899999 1.9999998135299999 1.9999998349999999 0.0009765625
2.0000004705899999 2.0000004745100002 1.99999981206 1.99999983353 0.0009765625
2.0000004745100002 2.0000004784300001 1.9999998105900001 1.9999998320600001 0.0009765625
2.0000004784300001 2.0000004823499999 1.99999980912 1.99999983059 0.0009765625
2.0000004823499999 2.0000004862699998 1.9999998076500001 1.9999998291200001 0.0009765625
2.0000004862699998 2.0000004902000001 1.99999980618 1.99999982765 0.0009765625
2.0000004902000001 2.00000049412 1.9999998047100001 1.9999998261800001 0.0009765625
2.00000049412 2.0000004980399999 1.9999998032399999 1.9999998247099999 0.0009765625
2.0000004980399999 2.0000005019599998 1.99999980177 1.99999982324 0.0009765625
2.0000005019599998 2.0000005058800001 1.9999998002899999 1.9999998217699999 0.0009765625
2.0000005058800001 2.0000005098 1.99999979882 1.99999982029 0.0009765625
2.0000005098 2.0000005137299999 1.9999997973500001 1.9999998188200001 0.0009765625
2.0000005137299999 2.0000005176500002 1.99999979588 1.99999981735 0.0009765625
2.0000005176500002 2.0000005215700001 1.9999997944100001 1.9999998158800001 0.0009765625
2.0000005215700001 2.00000052549 1.99999979294 1.99999981441 0.0009765625
2.00000052549 2.0000005294099998 1.9999997914700001 1.9999998129400001 0.0009765625
2.0000005294099998 2.0000005333300002 1.9999997899999999 1.9999998114699999 0.0009765625
2.0000005333300002 2.00000053725 1.99999978853 1.99999981 0.0009765625
2.00000053725 2.0000005411799999 1.9999997870599999 1.9999998085299999 0.0009765625
2.0000005411799999 2.0000005450999998 1.99999978559 1.99999980706 0.0009765625
2.0000005450999998 2.0000005490200001 1.9999997841199999 1.9999998055899999 0.0009765625
2.0000005490200001 2.00000055294 1.99999978265 1.99999980412 0.0009765625
2.00000055294 2.0000005568599999 1.9999997811800001 1.9999998026500001 0.0009765625
2.0000005568599999 2.0000005607800002 1.99999977971 1.99999980118 0.0009765625
2.0000005607800002 2.0000005647100001 1.9999997782400001 1.9999997997100001 0.0009765625
2.0000005647100001 2.00000056863 1.99999977677 1.99999979824 0.0009765625
2.00000056863 2.0000005725499999 1.9999997752900001 1.9999997967700001 0.0009765625
2.0000005725499999 2.0000005764700002 1.9999997738199999 1.9999997952899999 0.0009765625
2.0000005764700002 2.0000005803900001 1.99999977235 1.99999979382 0.0009765625
2.0000005803900001 2.0000005843099999 1.9999997708799999 1.9999997923499999 0.0009765625
2.0000005843099999 2.0000005882399998 1.99999976941 1.99999979088 0.0009765625
2.0000005882399998 2.0000005921600001 1.9999997679399999 1.9999997894099999 0.0009765625
2.0000005921600001 2.00000059608 1.99999976647 1.99999978794 0.0009765625
2.00000059608 2.0000005999999999 1.9999997650000001 1.9999997864700001 0.0009765625
2.0000005999999999 2.0000006039199998 1.99999976353 1.999999785 0.0009765625
2.0000006039199998 2.0000006078400001 1.9999997620600001 1.9999997835300001 0.0009765625
2.0000006078400001 2.00000061176 1.99999976059 1.99999978206 0.0009765625
2.00000061176 2.0000006156899999 1.9999997591200001 1.9999997805900001 0.0009765625
2.0000006156899999 2.0000006196100002 1.9999997576499999 1.9999997791199999 0.0009765625
2.0000006196100002 2.0000006235300001 1.99999975618 1.99999977765 0.0009765625
2.0000006235300001 2.00000062745 1.9999997547099999 1.9999997761799999 0.0009765625
2.00000062745 2.0000006313699998 1.99999975324 1.99999977471 0.0009765625
2.0000006313699998 2.0000006352900002 1.9999997517699999 1.9999997732399999 0.0009765625
2.0000006352900002 2.00000063922 1.99999975029 1.99999977177 0.0009765625
2.00000063922 2.0000006431399999 1.9999997488200001 1.9999997702900001 0.0009765625
2.0000006431399999 2.0000006470599998 1.99999974735 1.99999976882 0.0009765625
2.0000006470599998 2.0000006509800001 1.9999997458800001 1.9999997673500001 0.0009765625
2.0000006509800001 2.0000006549 1.9999997444099999 1.9999997658799999 0.0009765625
2.0000006549 2.0000006588199999 1.99999974294 1.99999976441 0.0009765625
2.0000006588199999 2.0000006627500002 1.9999997414699999 1.9999997629399999 0.0009765625
2.0000006627500002 2.0000006666700001 1.99999974 1.99999976147 0.0009765625
2.0000006666700001 2.00000067059 1.9999997385299999 1.9999997599999999 0.0009765625
2.00000067059 2.0000006745099999 1.99999973706 1.99999975853 0.0009765625
2.0000006745099999 2.0000006784300002 1.9999997355900001 1.9999997570600001 0.0009765625
2.0000006784300002 2.0000006823500001 1.99999973412 1.99999975559 0.0009765625
2.0000006823500001 2.0000006862699999 1.9999997326500001 1.9999997541200001 0.0009765625
2.0000006862699999 2.0000006901999998 1.99999973118 1.99999975265 0.0009765625
2.0000006901999998 2.0000006941200001 1.9999997297100001 1.9999997511800001 0.0009765625
2.0000006941200001 2.00000069804 1.9999997282399999 1.9999997497099999 0.0009765625
2.00000069804 2.0000007019599999 1.99999972677 1.99999974824 0.0009765625
2.0000007019599999 2.0000007058799998 1.9999997252899999 1.9999997467699999 0.0009765625
2.0000007058799998 2.0000007098000001 1.99999972382 1.99999974529 0.0009765625
2.0000007098000001 2.00000071373 1.9999997223499999 1.9999997438199999 0.0009765625
2.00000071373 2.0000007176499999 1.99999972088 1.99999974235 0.0009765625
2.0000007176499999 2.0000007215700002 1.9999997194100001 1.9999997408800001 0.0009765625
2.0000007215700002 2.0000007254900001 1.99999971794 1.99999973941 0.0009765625
2.0000007254900001 2.00000072941 1.9999997164700001 1.9999997379400001 0.0009765625
2.00000072941 2.0000007333299998 1.999999715 1.99999973647 0.0009765625
2.0000007333299998 2.0000007372500002 1.9999997135300001 1.9999997350000001 0.0009765625
2.0000007372500002 2.00000074118 1.9999997120599999 1.9999997335299999 0.0009765625
2.00000074118 2.0000007450999999 1.99999971059 1.99999973206 0.0009765625
2.0000007450999999 2.0000007490199998 1.9999997091199999 1.9999997305899999 0.0009765625
2.0000007490199998 2.0000007529400001 1.99999970765 1.99999972912 0.0009765625
2.0000007529400001 2.00000075686 1.9999997061799999 1.9999997276499999 0.0009765625
2.00000075686 2.0000007607799999 1.99999970471 1.99999972618 0.0009765625
2.0000007607799999 2.0000007647100002 1.9999997032400001 1.9999997247100001 0.0009765625
2.0000007647100002 2.0000007686300001 1.99999970177 1.99999972324 0.0009765625
2.0000007686300001 2.00000077255 1.9999997002900001 1.9999997217700001 0.0009765625
2.00000077255 2.0000007764699999 1.9999996988199999 1.9999997202899999 0.0009765625
2.0000007764699999 2.0000007803900002 1.99999969735 1.99999971882 0.0009765625
2.0000007803900002 2.0000007843100001 1.9999996958799999 1.9999997173499999 0.0009765625
2.0000007843100001 2.0000007882399999 1.99999969441 1.99999971588 0.0009765625
2.0000007882399999 2.0000007921599998 1.9999996929399999 1.9999997144099999 0.0009765625
2.0000007921599998 2.0000007960800001 1.99999969147 1.99999971294 0.0009765625
2.0000007960800001 2.0000008 1.9999996900000001 1.9999997114700001 0.0009765625
2.0000008 2.0000008078399998 1.9999996870600001 1.99999971 0.0009765625
2.0000008078399998 2.00000081569 1.9999996841200001 1.99999970706 0.0009765625
2.00000081569 2.0000008235300002 1.99999968118 1.9999997041199999 0.0009765625
2.0000008235300002 2.00000083137 1.99999967824 1.9999997011799999 0.0009765625
2.00000083137 2.0000008392200002 1.9999996753 1.9999996982399999 0.0009765625
2.0000008392200002 2.0000008470599999 1.99999967235 1.9999996953000001 0.0009765625
2.0000008470599999 2.0000008549000001 1.99999966941 1.9999996923500001 0.0009765625
2.0000008549000001 2.0000008627499999 1.9999996664699999 1.9999996894100001 0.0009765625
2.0000008627499999 2.0000008705900001 1.9999996635299999 1.99999968647 0.0009765625
2.0000008705900001 2.0000008784299999 1.9999996605899999 1.99999968353 0.0009765625
2.0000008784299999 2.0000008862700001 1.9999996576500001 1.99999968059 0.0009765625
2.0000008862700001 2.0000008941199998 1.9999996547100001 1.99999967765 0.0009765625
2.0000008941199998 2.00000090196 1.9999996517700001 1.99999967471 0.0009765625
2.00000090196 2.0000009097999998 1.99999964882 1.9999996717699999 0.0009765625
2.0000009097999998 2.00000091765 1.99999964588 1.9999996688199999 0.0009765625
2.00000091765 2.0000009254900002 1.99999964294 1.9999996658800001 0.0009765625
2.0000009254900002 2.00000093333 1.99999964 1.9999996629400001 0.0009765625
2.00000093333 2.0000009411800002 1.9999996370599999 1.9999996600000001 0.0009765625
2.0000009411800002 2.0000009490199999 1.9999996341199999 1.99999965706 0.0009765625
2.0000009490199999 2.0000009568600001 1.9999996311799999 1.99999965412 0.0009765625
2.0000009568600001 2.0000009647099999 1.9999996282400001 1.99999965118 0.0009765625
2.0000009647099999 2.0000009725500001 1.9999996253000001 1.99999964824 0.0009765625
2.0000009725500001 2.0000009803899998 1.9999996223500001 1.9999996453 0.0009765625
2.0000009803899998 2.0000009882400001 1.99999961941 1.9999996423499999 0.0009765625
2.0000009882400001 2.0000009960799998 1.99999961647 1.9999996394099999 0.0009765625
2.0000009960799998 2.00000100392 1.99999961353 1.9999996364699999 0.0009765625
2.00000100392 2.0000010117599998 1.99999961059 1.9999996335300001 0.0009765625
2.0000010117599998 2.00000101961 1.99999960765 1.9999996305900001 0.0009765625
2.00000101961 2.0000010274500002 1.9999996047099999 1.9999996276500001 0.0009765625
2.0000010274500002 2.00000103529 1.9999996017699999 1.99999962471 0.0009765625
2.00000103529 2.0000010431400002 1.9999995988199999 1.99999962177 0.0009765625
2.0000010431400002 2.0000010509799999 1.9999995958800001 1.99999961882 0.0009765625
2.0000010509799999 2.0000010588200001 1.9999995929400001 1.99999961588 0.0009765625
2.0000010588200001 2.0000010666699999 1.99999959 1.9999996129399999 0.0009765625
2.0000010666699999 2.0000010745100001 1.99999958706 1.9999996099999999 0.0009765625
2.0000010745100001 2.0000010823499998 1.99999958412 1.9999996070599999 0.0009765625
2.0000010823499998 2.0000010902000001 1.99999958118 1.9999996041200001 0.0009765625
2.0000010902000001 2.0000010980399998 1.99999957824 1.9999996011800001 0.0009765625
2.0000010980399998 2.00000110588 1.9999995752999999 1.9999995982400001 0.0009765625
2.00000110588 2.0000011137299998 1.9999995723499999 1.9999995953 0.0009765625
2.0000011137299998 2.00000112157 1.9999995694099999 1.99999959235 0.0009765625
2.00000112157 2.0000011294100002 1.9999995664700001 1.99999958941 0.0009765625
2.0000011294100002 2.0000011372499999 1.9999995635300001 1.99999958647 0.0009765625
2.0000011372499999 2.0000011451000002 1.9999995605900001 1.99999958353 0.0009765625
2.0000011451000002 2.0000011529399999 1.99999955765 1.9999995805899999 0.0009765625
2.0000011529399999 2.0000011607800001 1.99999955471 1.9999995776499999 0.0009765625
2.0000011607800001 2.0000011686299999 1.99999955177 1.9999995747099999 0.0009765625
2.0000011686299999 2.0000011764700001 1.99999954882 1.9999995717700001 0.0009765625
2.0000011764700001 2.0000011843099998 1.99999954588 1.9999995688200001 0.0009765625
2.0000011843099998 2.0000011921600001 1.9999995429399999 1.9999995658800001 0.0009765625
2.0000011921600001 2.0000011999999998 1.9999995399999999 1.99999956294 0.0009765625
2.0000011999999998 2.00000120784 1.9999995370600001 1.99999956 0.0009765625
2.00000120784 2.0000012156899998 1.9999995341200001 1.99999955706 0.0009765625
2.0000012156899998 2.00000122353 1.9999995311800001 1.99999955412 0.0009765625
2.00000122353 2.0000012313700002 1.99999952824 1.9999995511799999 0.0009765625
2.0000012313700002 2.0000012392199999 1.9999995253 1.9999995482399999 0.0009765625
2.0000012392199999 2.0000012470600002 1.99999952235 1.9999995452999999 0.0009765625
2.0000012470600002 2.0000012548999999 1.99999951941 1.9999995423500001 0.0009765625
2.0000012548999999 2.0000012627500001 1.99999951647 1.9999995394100001 0.0009765625
2.0000012627500001 2.0000012705899999 1.9999995135299999 1.9999995364700001 0.0009765625
2.0000012705899999 2.0000012784300001 1.99999942059 1.9999996235299999 0.0009765625
2.0000012784300001 2.0000012862699998 1.99999941765 1.9999996205899999 0.0009765625
2.0000012862699998 2.0000012941200001 1.99999941471 1.9999996176499999 0.0009765625
2.0000012941200001 2.0000013019599998 1.99999941177 1.9999996147100001 0.0009765625
2.0000013019599998 2.0000013098 1.9999994088199999 1.9999996117700001 0.0009765625
2.0000013098 2.0000013176500002 1.9999994058799999 1.9999996088200001 0.0009765625
2.0000013176500002 2.00000132549 1.9999994029399999 1.99999960588 0.0009765625
2.00000132549 2.0000013333300002 1.9999994000000001 1.99999960294 0.0009765625
2.0000013333300002 2.0000013411799999 1.9999993970600001 1.9999996 0.0009765625
2.0000013411799999 2.0000013490200002 1.9999993941200001 1.99999959706 0.0009765625
2.0000013490200002 2.0000013568599999 1.99999939118 1.9999995941199999 0.0009765625
2.0000013568599999 2.0000013647100001 1.99999938824 1.9999995911799999 0.0009765625
2.0000013647100001 2.0000013725499999 1.9999993853 1.9999995882399999 0.0009765625
2.0000013725499999 2.0000013803900001 1.99999938235 1.9999995853000001 0.0009765625
2.0000013803900001 2.0000013882399998 1.9999993794099999 1.9999995823500001 0.0009765625
2.0000013882399998 2.00000139608 1.9999993764699999 1.9999995794100001 0.0009765625
2.00000139608 2.0000014039199998 1.9999993735299999 1.99999957647 0.0009765625
2.0000014039199998 2.00000141176 1.9999993705900001 1.99999957353 0.0009765625
2.00000141176 2.0000014196100002 1.9999993676500001 1.99999957059 0.0009765625
2.0000014196100002 2.00000142745 1.9999993647100001 1.99999956765 0.0009765625
2.00000142745 2.0000014352900002 1.99999936177 1.99999956471 0.0009765625
2.0000014352900002 2.0000014431399999 1.99999935882 1.9999995617699999 0.0009765625
2.0000014431399999 2.0000014509800002 1.99999935588 1.9999995588199999 0.0009765625
2.0000014509800002 2.0000014588199999 1.99999935294 1.9999995558799999 0.0009765625
2.0000014588199999 2.0000014666700001 1.99999935 1.9999995529400001 0.0009765625
2.0000014666700001 2.0000014745099999 1.9999993470599999 1.9999995500000001 0.0009765625
2.0000014745099999 2.0000014823500001 1.9999993441199999 1.99999954706 0.0009765625
2.0000014823500001 2.0000014901999998 1.9999993411799999 1.99999954412 0.0009765625
2.0000014901999998 2.00000149804 1.9999993382400001 1.99999954118 0.0009765625
2.00000149804 2.0000015058799998 1.9999993353000001 1.99999953824 0.0009765625
2.0000015058799998 2.00000151373 1.99999933235 1.9999995353 0.0009765625
2.00000151373 2.0000015215700002 1.99999932941 1.9999995323499999 0.0009765625
2.0000015215700002 2.00000152941 1.99999932647 1.9999995294099999 0.0009765625
2.00000152941 2.0000015372500002 1.99999932353 1.9999995264699999 0.0009765625
2.0000015372500002 2.0000015450999999 1.99999932059 1.9999995235300001 0.0009765625
2.0000015450999999 2.0000015529400001 1.9999993176499999 1.9999995205900001 0.0009765625
2.0000015529400001 2.0000015607799999 1.9999993147099999 1.9999995176500001 0.0009765625
2.0000015607799999 2.0000015686300001 1.9999993117699999 1.99999951471 0.0009765625
2.0000015686300001 2.0000015764699999 1.9999993088200001 1.99999951177 0.0009765625
2.0000015764699999 2.0000015843100001 1.9999993058800001 1.99999950882 0.0009765625
2.0000015843100001 2.0000015921599998 1.9999993029400001 1.99999950588 0.0009765625
2.0000015921599998 2.0000016 1.9999993 1.99999950294 0.0009765625
2.0000016 2.00000161569 1.99999929412 1.9999994999999999 0.0009765625
2.00000161569 2.00000163137 1.99999928824 1.9999994941200001 0.0009765625
2.00000163137 2.0000016470599999 1.9999992823499999 1.9999994882400001 0.0009765625
2.0000016470599999 2.0000016627499999 1.9999992764700001 1.99999948235 0.0009765625
2.0000016627499999 2.0000016784299999 1.99999927059 1.99999947647 0.0009765625
2.0000016784299999 2.0000016941199998 1.99999926471 1.9999994705899999 0.0009765625
2.0000016941199998 2.0000017097999998 1.99999925883 1.9999994647099999 0.0009765625
2.0000017097999998 2.0000017254900002 1.9999992529399999 1.9999994588300001 0.0009765625
2.0000017254900002 2.0000017411800002 1.9999992470600001 1.99999945294 0.0009765625
2.0000017411800002 2.0000017568600001 1.9999992411800001 1.99999944706 0.0009765625
2.0000017568600001 2.0000017725500001 1.9999992353 1.9999994411799999 0.0009765625
2.0000017725500001 2.0000017882400001 1.99999922941 1.9999994352999999 0.0009765625
2.0000017882400001 2.00000180392 1.9999992235299999 1.9999994294100001 0.0009765625
2.00000180392 2.00000181961 1.9999992176500001 1.99999942353 0.0009765625
2.00000181961 2.00000183529 1.9999992117700001 1.99999941765 0.0009765625
2.00000183529 2.0000018509799999 1.99999920588 1.99999941177 0.0009765625
2.0000018509799999 2.0000018666699999 1.9999992 1.9999994058799999 0.0009765625
2.0000018666699999 2.0000018823499999 1.9999991941199999 1.9999994000000001 0.0009765625
2.0000018823499999 2.0000018980399998 1.9999991882399999 1.9999993941200001 0.0009765625
2.0000018980399998 2.0000019137299998 1.9999991823500001 1.99999938824 0.0009765625
2.0000019137299998 2.0000019294100002 1.99999917647 1.99999938235 0.0009765625
2.0000019294100002 2.0000019451000002 1.99999917059 1.9999993764699999 0.0009765625
2.0000019451000002 2.0000019607800001 1.9999991647099999 1.9999993705900001 0.0009765625
2.0000019607800001 2.0000019764700001 1.9999991588299999 1.9999993647100001 0.0009765625
2.0000019764700001 2.0000019921600001 1.9999991529400001 1.99999935883 0.0009765625
2.0000019921600001 2.00000200784 1.99999914706 1.99999935294 0.0009765625
2.00000200784 2.00000202353 1.99999914118 1.9999993470599999 0.0009765625
2.00000202353 2.00000203922 1.9999991353 1.9999993411799999 0.0009765625
2.00000203922 2.0000020548999999 1.9999991294099999 1.9999993353000001 0.0009765625
2.0000020548999999 2.0000020705899999 1.9999991235300001 1.99999932941 0.0009765625
2.0000020705899999 2.0000020862699999 1.99999911765 1.99999932353 0.0009765625
2.0000020862699999 2.0000021019599998 1.99999911177 1.9999993176499999 0.0009765625
2.0000021019599998 2.0000021176499998 1.99999910588 1.9999993117699999 0.0009765625
2.0000021176499998 2.0000021333300002 1.9999990999999999 1.9999993058800001 0.0009765625
2.0000021333300002 2.0000021490200002 1.9999990941200001 1.9999993 0.0009765625
2.0000021490200002 2.0000021647100001 1.9999990882400001 1.99999929412 0.0009765625
2.0000021647100001 2.0000021803900001 1.99999908236 1.99999928824 0.0009765625
2.0000021803900001 2.0000021960800001 1.99999907647 1.9999992823599999 0.0009765625
2.0000021960800001 2.00000221176 1.9999990705899999 1.9999992764700001 0.0009765625
2.00000221176 2.00000222745 1.9999990647100001 1.99999927059 0.0009765625
2.00000222745 2.00000224314 1.9999990588300001 1.99999926471 0.0009765625
2.00000224314 2.0000022588199999 1.99999905294 1.99999925883 0.0009765625
2.0000022588199999 2.0000022745099999 1.99999904706 1.9999992529399999 0.0009765625
2.0000022745099999 2.0000022901999999 1.9999990411799999 1.9999992470600001 0.0009765625
2.0000022901999999 2.0000023058799998 1.9999990352999999 1.9999992411800001 0.0009765625
2.0000023058799998 2.0000023215699998 1.9999990294100001 1.9999992353 0.0009765625
2.0000023215699998 2.0000023372500002 1.99999902353 1.99999922941 0.0009765625
2.0000023372500002 2.0000023529400002 1.99999901765 1.9999992235299999 0.0009765625
2.0000023529400002 2.0000023686300001 1.9999990117699999 1.9999992176500001 0.0009765625
2.0000023686300001 2.0000023843100001 1.9999990058799999 1.9999992117700001 0.0009765625
2.0000023843100001 2.0000024000000001 1.9999990000000001 1.99999920588 0.0009765625
2.0000024000000001 2.00000241569 1.99999899412 1.9999992 0.0009765625
2.00000241569 2.00000243137 1.99999898824 1.9999991941199999 0.0009765625
2.00000243137 2.00000244706 1.99999898236 1.9999991882399999 0.0009765625
2.00000244706 2.0000024627499999 1.9999989764699999 1.9999991823600001 0.0009765625
2.0000024627499999 2.0000024784299999 1.9999989705900001 1.99999917647 0.0009765625
2.0000024784299999 2.0000024941199999 1.99999896471 1.99999917059 0.0009765625
2.0000024941199999 2.0000025097999998 1.99999895883 1.9999991647099999 0.0009765625
2.0000025097999998 2.0000025254899998 1.99999895294 1.9999991588299999 0.0009765625
2.0000025254899998 2.0000025411800002 1.9999989470599999 1.9999991529400001 0.0009765625
2.0000025411800002 2.0000025568600002 1.9999989411800001 1.99999914706 0.0009765625
2.0000025568600002 2.0000025725500001 1.9999989353000001 1.99999914118 0.0009765625
2.0000025725500001 2.0000025882400001 1.99999892941 1.9999991353 0.0009765625
2.0000025882400001 2.0000026039200001 1.99999892353 1.9999991294099999 0.0009765625
2.0000026039200001 2.00000261961 1.9999989176499999 1.9999991235300001 0.0009765625
2.00000261961 2.00000263529 1.9999989117700001 1.99999911765 0.0009765625
2.00000263529 2.00000265098 1.9999989058900001 1.99999911177 0.0009765625
2.00000265098 2.0000026666699999 1.9999989 1.99999910589 0.0009765625
2.0000026666699999 2.0000026823499999 1.99999889412 1.9999990999999999 0.0009765625
2.0000026823499999 2.0000026980399999 1.9999988882399999 1.9999990941200001 0.0009765625
2.0000026980399999 2.0000027137299998 1.9999988823599999 1.9999990882400001 0.0009765625
2.0000027137299998 2.0000027294099998 1.9999988764700001 1.99999908236 0.0009765625
2.0000027294099998 2.0000027451000002 1.99999887059 1.99999907647 0.0009765625
2.0000027451000002 2.0000027607800002 1.99999886471 1.9999990705899999 0.0009765625
2.0000027607800002 2.0000027764700001 1.9999988588299999 1.9999990647100001 0.0009765625
2.0000027764700001 2.0000027921600001 1.9999988529399999 1.9999990588300001 0.0009765625
2.0000027921600001 2.0000028078400001 1.9999988470600001 1.99999905294 0.0009765625
2.0000028078400001 2.00000282353 1.99999884118 1.99999904706 0.0009765625
2.00000282353 2.00000283922 1.9999988353 1.9999990411799999 0.0009765625
2.00000283922 2.0000028549 1.99999882941 1.9999990352999999 0.0009765625
2.0000028549 2.0000028705899999 1.9999988235299999 1.9999990294100001 0.0009765625
2.0000028705899999 2.0000028862699999 1.9999988176500001 1.99999902353 0.0009765625
2.0000028862699999 2.0000029019599999 1.9999988117700001 1.99999901765 0.0009765625
2.0000029019599999 2.0000029176499998 1.99999880589 1.9999990117699999 0.0009765625
2.0000029176499998 2.0000029333299998 1.9999988 1.9999990058899999 0.0009765625
2.0000029333299998 2.0000029490200002 1.9999987941199999 1.9999990000000001 0.0009765625
2.0000029490200002 2.0000029647100002 1.9999987882400001 1.99999899412 0.0009765625
2.0000029647100002 2.0000029803900001 1.9999987823600001 1.99999898824 0.0009765625
2.0000029803900001 2.0000029960800001 1.99999877647 1.99999898236 0.0009765625
2.0000029960800001 2.0000030117600001 1.99999877059 1.9999989764699999 0.0009765625
2.0000030117600001 2.00000302745 1.9999987647099999 1.9999989705900001 0.0009765625
2.00000302745 2.00000304314 1.9999987588299999 1.99999896471 0.0009765625
2.00000304314 2.00000305882 1.9999987529400001 1.99999895883 0.0009765625
2.00000305882 2.0000030745099999 1.99999874706 1.99999895294 0.0009765625
2.0000030745099999 2.0000030901999999 1.99999874118 1.9999989470599999 0.0009765625
2.0000030901999999 2.0000031058799999 1.9999987352999999 1.9999989411800001 0.0009765625
2.0000031058799999 2.0000031215699998 1.9999987294199999 1.9999989353000001 0.0009765625
2.0000031215699998 2.0000031372499998 1.9999987235300001 1.99999892942 0.0009765625
2.0000031372499998 2.0000031529400002 1.99999871765 1.99999892353 0.0009765625
2.0000031529400002 2.0000031686300002 1.99999871177 1.9999989176499999 0.0009765625
2.0000031686300002 2.0000031843100001 1.99999870589 1.9999989117700001 0.0009765625
2.0000031843100001 2.0000032000000001 1.9999986999999999 1.9999989058900001 0.0009765625
2.0000032000000001 2.00000323137 1.99999868824 1.9999989 0.0009765625
2.00000323137 2.00000326275 1.99999867647 1.9999988882399999 0.0009765625
2.00000326275 2.0000032941199999 1.9999986647100001 1.9999988764700001 0.0009765625
2.0000032941199999 2.0000033254899998 1.99999865295 1.99999886471 0.0009765625
2.0000033254899998 2.0000033568600002 1.9999986411799999 1.9999988529499999 0.0009765625
2.0000033568600002 2.0000033882400001 1.9999986294200001 1.99999884118 0.0009765625
2.0000033882400001 2.0000034196100001 1.99999861765 1.99999882942 0.0009765625
2.0000034196100001 2.00000345098 1.9999986058899999 1.9999988176500001 0.0009765625
2.00000345098 2.0000034823499999 1.99999859412 1.99999880589 0.0009765625
2.0000034823499999 2.0000035137299998 1.9999985823599999 1.9999987941199999 0.0009765625
2.0000035137299998 2.0000035450999998 1.9999985705900001 1.9999987823600001 0.0009765625
2.0000035450999998 2.0000035764700002 1.99999855883 1.99999877059 0.0009765625
2.0000035764700002 2.0000036078400001 1.9999985470599999 1.9999987588299999 0.0009765625
2.0000036078400001 2.00000363922 1.9999985353 1.99999874706 0.0009765625
2.00000363922 2.0000036705899999 1.99999852353 1.9999987352999999 0.0009765625
2.0000036705899999 2.0000037019599999 1.9999985117700001 1.9999987235300001 0.0009765625
2.0000037019599999 2.0000037333299998 1.9999985 1.99999871177 0.0009765625
2.0000037333299998 2.0000037647100002 1.9999984882399999 1.9999986999999999 0.0009765625
2.0000037647100002 2.0000037960800001 1.9999984764800001 1.99999868824 0.0009765625
2.0000037960800001 2.00000382745 1.99999846471 1.99999867648 0.0009765625
2.00000382745 2.00000385882 1.9999984529499999 1.9999986647100001 0.0009765625
2.00000385882 2.0000038901999999 1.99999844118 1.99999865295 0.0009765625
2.0000038901999999 2.0000039215699998 1.9999984294199999 1.9999986411799999 0.0009765625
2.0000039215699998 2.0000039529400002 1.9999984176500001 1.9999986294200001 0.0009765625
2.0000039529400002 2.0000039843100001 1.99999840589 1.99999861765 0.0009765625
2.0000039843100001 2.0000040156900001 1.9999983941199999 1.9999986058899999 0.0009765625
2.0000040156900001 2.00000404706 1.99999838236 1.99999859412 0.0009765625
2.00000404706 2.0000040784299999 1.99999837059 1.9999985823599999 0.0009765625
2.0000040784299999 2.0000041097999999 1.9999983588300001 1.9999985705900001 0.0009765625
2.0000041097999999 2.0000041411799998 1.99999834706 1.99999855883 0.0009765625
2.0000041411799998 2.0000041725500002 1.9999983352999999 1.9999985470599999 0.0009765625
2.0000041725500002 2.0000042039200001 1.9999983235400001 1.9999985353 0.0009765625
2.0000042039200001 2.00000423529 1.99999831177 1.99999852354 0.0009765625
2.00000423529 2.00000426667 1.9999983000099999 1.9999985117700001 0.0009765625
2.00000426667 2.0000042980399999 1.99999828824 1.99999850001 0.0009765625
2.0000042980399999 2.0000043294099998 1.9999982764799999 1.9999984882399999 0.0009765625
2.0000043294099998 2.0000043607800002 1.9999982647100001 1.9999984764800001 0.0009765625
2.0000043607800002 2.0000043921600001 1.99999825295 1.99999846471 0.0009765625
2.0000043921600001 2.0000044235300001 1.9999982411799999 1.9999984529499999 0.0009765625
2.0000044235300001 2.0000044549 1.9999982294200001 1.99999844118 0.0009765625
2.0000044549 2.0000044862699999 1.99999821765 1.9999984294199999 0.0009765625
2.0000044862699999 2.0000045176499999 1.9999982058900001 1.9999984176500001 0.0009765625
2.0000045176499999 2.0000045490199998 1.99999819412 1.99999840589 0.0009765625
2.0000045490199998 2.0000045803900002 1.9999981823599999 1.9999983941199999 0.0009765625
2.0000045803900002 2.0000046117600001 1.9999981706000001 1.99999838236 0.0009765625
2.0000046117600001 2.00000464314 1.99999815883 1.9999983706 0.0009765625
2.00000464314 2.00000467451 1.9999981470699999 1.9999983588300001 0.0009765625
2.00000467451 2.0000047058799999 1.9999981353 1.99999834707 0.0009765625
2.0000047058799999 2.0000047372499998 1.99999812354 1.9999983352999999 0.0009765625
2.0000047372499998 2.0000047686300002 1.9999981117700001 1.9999983235400001 0.0009765625
2.0000047686300002 2.0000048000000001 1.99999810001 1.99999831177 0.0009765625
2.0000048000000001 2.0000048313700001 1.9999980882399999 1.9999983000099999 0.0009765625
2.0000048313700001 2.00000486275 1.9999980764800001 1.99999828824 0.0009765625
2.00000486275 2.0000048941199999 1.99999806471 1.9999982764799999 0.0009765625
2.0000048941199999 2.0000049254899999 1.9999980529500001 1.9999982647100001 0.0009765625
2.0000049254899999 2.0000049568599998 1.99999804118 1.99999825295 0.0009765625
2.0000049568599998 2.0000049882400002 1.9999980294199999 1.9999982411799999 0.0009765625
2.0000049882400002 2.0000050196100001 1.9999980176600001 1.9999982294200001 0.0009765625
2.0000050196100001 2.00000505098 1.99999800589 1.99999821766 0.0009765625
2.00000505098 2.00000508235 1.9999979941299999 1.9999982058900001 0.0009765625
2.00000508235 2.0000051137299999 1.99999798236 1.99999819413 0.0009765625
2.0000051137299999 2.0000051450999998 1.9999979706 1.9999981823599999 0.0009765625
2.0000051450999998 2.0000051764700002 1.9999979588300001 1.9999981706000001 0.0009765625
2.0000051764700002 2.0000052078400001 1.99999794707 1.99999815883 0.0009765625
2.0000052078400001 2.0000052392200001 1.9999979352999999 1.9999981470699999 0.0009765625
2.0000052392200001 2.00000527059 1.9999979235400001 1.9999981353 0.0009765625
2.00000527059 2.0000053019599999 1.99999791177 1.99999812354 0.0009765625
2.0000053019599999 2.0000053333299999 1.9999979000100001 1.9999981117700001 0.0009765625
2.0000053333299999 2.0000053647099998 1.99999788824 1.99999810001 0.0009765625
2.0000053647099998 2.0000053960800002 1.9999978764799999 1.9999980882399999 0.0009765625
2.0000053960800002 2.0000054274500001 1.9999978647200001 1.9999980764800001 0.0009765625
2.0000054274500001 2.00000545882 1.99999785295 1.99999806472 0.0009765625
2.00000545882 2.0000054902 1.9999978411899999 1.9999980529500001 0.0009765625
2.0000054902 2.0000055215699999 1.99999782942 1.99999804119 0.0009765625
2.0000055215699999 2.0000055529399998 1.99999781766 1.9999980294199999 0.0009765625
2.0000055529399998 2.0000055843100002 1.9999978058900001 1.9999980176600001 0.0009765625
2.0000055843100002 2.0000056156900001 1.99999779413 1.99999800589 0.0009765625
2.0000056156900001 2.0000056470600001 1.9999977823599999 1.9999979941299999 0.0009765625
2.0000056470600001 2.00000567843 1.9999977706000001 1.99999798236 0.0009765625
2.00000567843 2.0000057097999999 1.99999775883 1.9999979706 0.0009765625
2.0000057097999999 2.0000057411799999 1.9999977470700001 1.9999979588300001 0.0009765625
2.0000057411799999 2.0000057725499998 1.9999977353 1.99999794707 0.0009765625
2.0000057725499998 2.0000058039200002 1.9999977235399999 1.9999979352999999 0.0009765625
2.0000058039200002 2.0000058352900001 1.9999977117800001 1.9999979235400001 0.0009765625
2.0000058352900001 2.00000586667 1.99999770001 1.99999791178 0.0009765625
2.00000586667 2.00000589804 1.9999976882499999 1.9999979000100001 0.0009765625
2.00000589804 2.0000059294099999 1.99999767648 1.99999788825 0.0009765625
2.0000059294099999 2.0000059607799998 1.99999766472 1.9999978764799999 0.0009765625
2.0000059607799998 2.0000059921600002 1.9999976529500001 1.9999978647200001 0.0009765625
2.0000059921600002 2.0000060235300001 1.99999764119 1.99999785295 0.0009765625
2.0000060235300001 2.0000060549000001 1.9999976294199999 1.9999978411899999 0.0009765625
2.0000060549000001 2.00000608627 1.9999976176600001 1.99999782942 0.0009765625
2.00000608627 2.0000061176499999 1.99999760589 1.99999781766 0.0009765625
2.0000061176499999 2.0000061490199998 1.9999975941299999 1.9999978058900001 0.0009765625
2.0000061490199998 2.0000061803900002 1.99999758236 1.99999779413 0.0009765625
2.0000061803900002 2.0000062117600002 1.9999975705999999 1.9999977823599999 0.0009765625
2.0000062117600002 2.0000062431400001 1.9999975588400001 1.9999977706000001 0.0009765625
2.0000062431400001 2.00000627451 1.99999754707 1.99999775884 0.0009765625
2.00000627451 2.0000063058799999 1.9999975353099999 1.9999977470700001 0.0009765625
2.0000063058799999 2.0000063372499999 1.99999752354 1.99999773531 0.0009765625
2.0000063372499999 2.0000063686299998 1.99999751178 1.9999977235399999 0.0009765625
2.0000063686299998 2.0000064000000002 1.9999975000100001 1.9999977117800001 0.0009765625
2.0000064000000002 2.00000646275 1.9999974764799999 1.99999770001 0.0009765625
2.00000646275 2.0000065254899999 1.99999745295 1.99999767648 0.0009765625
2.0000065254899999 2.0000065882400002 1.99999742943 1.9999976529500001 0.0009765625
2.0000065882400002 2.0000066509800001 1.9999974059000001 1.9999976294299999 0.0009765625
2.0000066509800001 2.0000067137299999 1.9999973823699999 1.9999976059 0.0009765625
2.0000067137299999 2.0000067764699998 1.99999735884 1.99999758237 0.0009765625
2.0000067764699998 2.0000068392200001 1.99999733531 1.9999975588400001 0.0009765625
2.0000068392200001 2.00000690196 1.9999973117800001 1.9999975353099999 0.0009765625
2.00000690196 2.0000069647099998 1.9999972882499999 1.99999751178 0.0009765625
2.0000069647099998 2.0000070274500001 1.9999972647199999 1.99999748825 0.0009765625
2.0000070274500001 2.0000070902 1.99999724119 1.9999974647200001 0.0009765625
2.0000070902 2.0000071529399999 1.99999721766 1.9999974411899999 0.0009765625
2.0000071529399999 2.0000072156900002 1.9999971941300001 1.9999974176599999 0.0009765625
2.0000072156900002 2.00000727843 1.9999971705999999 1.99999739413 0.0009765625
2.00000727843 2.0000073411799999 1.99999714708 1.9999973706 0.0009765625
2.0000073411799999 2.0000074039200002 1.99999712355 1.9999973470800001 0.0009765625
2.0000074039200002 2.0000074666700001 1.9999971000200001 1.9999973235499999 0.0009765625
2.0000074666700001 2.0000075294099999 1.9999970764899999 1.99999730002 0.0009765625
2.0000075294099999 2.0000075921599998 1.99999705296 1.99999727649 0.0009765625
2.0000075921599998 2.0000076549000001 1.99999702943 1.9999972529600001 0.0009765625
2.0000076549000001 2.00000771765 1.9999970059000001 1.9999972294299999 0.0009765625
2.00000771765 2.0000077803899998 1.9999969823699999 1.9999972059 0.0009765625
2.0000077803899998 2.0000078431400001 1.9999969588399999 1.99999718237 0.0009765625
2.0000078431400001 2.00000790588 1.99999693531 1.9999971588400001 0.0009765625
2.00000790588 2.0000079686299999 1.9999969117800001 1.9999971353099999 0.0009765625
2.0000079686299999 2.0000080313700002 1.9999968882500001 1.9999971117799999 0.0009765625
2.0000080313700002 2.00000809412 1.9999968647299999 1.99999708825 0.0009765625
2.00000809412 2.0000081568599999 1.9999968412 1.9999970647300001 0.0009765625
2.0000081568599999 2.0000082196100002 1.99999681767 1.9999970412000001 0.0009765625
2.0000082196100002 2.0000082823500001 1.9999967941400001 1.9999970176699999 0.0009765625
2.0000082823500001 2.0000083450999999 1.9999967706099999 1.99999699414 0.0009765625
2.0000083450999999 2.0000084078399998 1.99999674708 1.99999697061 0.0009765625
2.0000084078399998 2.0000084705900001 1.99999672355 1.9999969470800001 0.0009765625
2.0000084705900001 2.0000085333299999 1.9999967000200001 1.9999969235499999 0.0009765625
2.0000085333299999 2.0000085960799998 1.9999966764899999 1.99999690002 0.0009765625
2.0000085960799998 2.0000086588200001 1.99999665296 1.99999687649 0.0009765625
2.0000086588200001 2.00000872157 1.99999662943 1.9999968529600001 0.0009765625
2.00000872157 2.0000087843099998 1.9999966059100001 1.9999968294299999 0.0009765625
2.0000087843099998 2.0000088470600002 1.9999965823800001 1.99999680591 0.0009765625
2.0000088470600002 2.0000089098 1.9999965588499999 1.99999678238 0.0009765625
2.0000089098 2.0000089725499999 1.99999653532 1.9999967588500001 0.0009765625
2.0000089725499999 2.0000090352900002 1.99999651179 1.9999967353200001 0.0009765625
2.0000090352900002 2.00000909804 1.9999964882600001 1.9999967117899999 0.0009765625
2.00000909804 2.0000091607799999 1.9999964647299999 1.99999668826 0.0009765625
2.0000091607799999 2.0000092235300002 1.9999964412 1.99999666473 0.0009765625
2.0000092235300002 2.0000092862700001 1.99999641767 1.9999966412000001 0.0009765625
2.0000092862700001 2.0000093490199999 1.9999963941400001 1.9999966176699999 0.0009765625
2.0000093490199999 2.0000094117599998 1.9999963706099999 1.99999659414 0.0009765625
2.0000094117599998 2.0000094745100001 1.99999634709 1.99999657061 0.0009765625
2.0000094745100001 2.00000953725 1.99999632356 1.9999965470900001 0.0009765625
2.00000953725 2.0000095999999998 1.9999963000300001 1.9999965235599999 0.0009765625
2.0000095999999998 2.0000096627500001 1.9999962764999999 1.99999650003 0.0009765625
2.0000096627500001 2.00000972549 1.9999962529699999 1.9999964765 0.0009765625
2.00000972549 2.0000097882399999 1.99999622944 1.9999964529700001 0.0009765625
2.0000097882399999 2.0000098509800002 1.99999620591 1.9999964294399999 0.0009765625
2.0000098509800002 2.00000991373 1.9999961823800001 1.9999964059099999 0.0009765625
2.00000991373 2.0000099764699999 1.9999961588499999 1.99999638238 0.0009765625
2.0000099764699999 2.0000100392200002 1.99999613532 1.99999635885 0.0009765625
2.0000100392200002 2.0000101019600001 1.9999961118 1.9999963353200001 0.0009765625
2.0000101019600001 2.0000101647099999 1.9999960882700001 1.9999963117999999 0.0009765625
2.0000101647099999 2.0000102274499998 1.9999960647399999 1.99999628827 0.0009765625
2.0000102274499998 2.0000102902000001 1.99999604121 1.99999626474 0.0009765625
2.0000102902000001 2.00001035294 1.99999601768 1.9999962412100001 0.0009765625
2.00001035294 2.0000104156899998 1.9999959941500001 1.9999962176799999 0.0009765625
2.0000104156899998 2.0000104784300001 1.9999959706199999 1.99999619415 0.0009765625
2.0000104784300001 2.00001054118 1.9999959470899999 1.99999617062 0.0009765625
2.00001054118 2.0000106039199999 1.99999592356 1.9999961470900001 0.0009765625
2.0000106039199999 2.0000106666700002 1.9999959000300001 1.9999961235599999 0.0009765625
2.0000106666700002 2.00001072941 1.9999958765000001 1.9999961000299999 0.0009765625
2.00001072941 2.0000107921599999 1.9999958529799999 1.99999607651 0.0009765625
2.0000107921599999 2.0000108549000002 1.99999582945 1.99999605298 0.0009765625
2.0000108549000002 2.0000109176500001 1.99999580592 1.9999960294500001 0.0009765625
2.0000109176500001 2.0000109803899999 1.9999957823900001 1.9999960059199999 0.0009765625
2.0000109803899999 2.0000110431400002 1.9999957588599999 1.99999598239 0.0009765625
2.0000110431400002 2.0000111058800001 1.99999573533 1.99999595886 0.0009765625
2.0000111058800001 2.0000111686299999 1.9999957118 1.9999959353300001 0.0009765625
2.0000111686299999 2.0000112313699998 1.9999956882700001 1.9999959117999999 0.0009765625
2.0000112313699998 2.0000112941200001 1.9999956647399999 1.99999588827 0.0009765625
2.0000112941200001 2.00001135686 1.99999564122 1.99999586474 0.0009765625
2.00001135686 2.0000114196099998 1.99999561769 1.9999958412200001 0.0009765625
2.0000114196099998 2.0000114823500001 1.9999955941600001 1.9999958176899999 0.0009765625
2.0000114823500001 2.0000115451 1.9999955706300001 1.99999579416 0.0009765625
2.0000115451 2.0000116078399999 1.9999955470999999 1.99999577063 0.0009765625
2.0000116078399999 2.0000116705900002 1.99999552357 1.9999957471000001 0.0009765625
2.0000116705900002 2.00001173333 1.99999550004 1.9999957235700001 0.0009765625
2.00001173333 2.0000117960799999 1.9999954765100001 1.9999957000399999 0.0009765625
2.0000117960799999 2.0000118588200002 1.9999954529799999 1.99999567651 0.0009765625
2.0000118588200002 2.0000119215700001 1.99999542945 1.99999565298 0.0009765625
2.0000119215700001 2.0000119843099999 1.99999540593 1.9999956294500001 0.0009765625
2.0000119843099999 2.0000120470599998 1.9999953824000001 1.9999956059299999 0.0009765625
2.0000120470599998 2.0000121098000001 1.9999953588699999 1.9999955824 0.0009765625
2.0000121098000001 2.00001217255 1.99999533534 1.99999555887 0.0009765625
2.00001217255 2.0000122352899998 1.99999531181 1.9999955353400001 0.0009765625
2.0000122352899998 2.0000122980400001 1.9999952882800001 1.9999955118099999 0.0009765625
2.0000122980400001 2.00001236078 1.9999952647499999 1.99999548828 0.0009765625
2.00001236078 2.0000124235299999 1.9999952412199999 1.99999546475 0.0009765625
2.0000124235299999 2.0000124862700002 1.99999521769 1.9999954412200001 0.0009765625
2.0000124862700002 2.00001254902 1.99999519416 1.9999954176900001 0.0009765625
2.00001254902 2.0000126117599999 1.99999427064 1.99999629416 0.0009765625
2.0000126117599999 2.0000126745100002 1.9999942471100001 1.9999962706400001 0.0009765625
2.0000126745100002 2.0000127372500001 1.9999942235799999 1.9999962471099999 0.0009765625
2.0000127372500001 2.0000127999999999 1.9999942000499999 1.99999622358 0.0009765625
2.0000127999999999 2.0000129254900001 1.9999950529899999 1.9999953000499999 0.0009765625
2.0000129254900001 2.0000130509799998 1.99999500593 1.99999525299 0.0009765625
2.0000130509799998 2.00001317647 1.9999949588799999 1.9999952059299999 0.0009765625
2.00001317647 2.0000133019600002 1.9999940118199999 1.9999960588800001 0.0009765625
2.0000133019600002 2.0000134274499999 1.99999396476 1.99999601182 0.0009765625
2.0000134274499999 2.0000135529400001 1.9999939176999999 1.9999959647600001 0.0009765625
2.0000135529400001 2.0000136784300002 1.99999387064 1.9999959177 0.0009765625
2.0000136784300002 2.0000138039199999 1.9999938235900001 1.9999958706400001 0.0009765625
2.0000138039199999 2.0000139294100001 1.99999377653 1.9999958235899999 0.0009765625
2.0000139294100001 2.0000140548999998 1.9999937294700001 1.99999577653 0.0009765625
2.0000140548999998 2.00001418039 1.99999368241 1.9999957294699999 0.0009765625
2.00001418039 2.0000143058800002 1.9999936353500001 1.99999568241 0.0009765625
2.0000143058800002 2.0000144313699999 1.9999935883 1.9999956353499999 0.0009765625
2.0000144313699999 2.0000145568600001 1.9999935412400001 1.9999955883 0.0009765625
2.0000145568600001 2.0000146823499998 1.9999934941799999 1.9999955412399999 0.0009765625
2.0000146823499998 2.00001480784 1.99999344712 1.99999549418 0.0009765625
2.00001480784 2.0000149333300001 1.9999934000699999 1.9999954471200001 0.0009765625
2.0000149333300001 2.0000150588199999 1.99999335301 1.99999540007 0.0009765625
2.0000150588199999 2.00001518431 1.9999933059499999 1.9999953530100001 0.0009765625
2.00001518431 2.0000153098000002 1.99999325889 1.99999530595 0.0009765625
2.0000153098000002 2.0000154352899999 1.9999932118399999 1.9999952588900001 0.0009765625
2.0000154352899999 2.0000155607800001 1.99999316478 1.99999521184 0.0009765625
2.0000155607800001 2.0000156862699998 1.9999931177200001 1.9999951647800001 0.0009765625
2.0000156862699998 2.00001581176 1.99999307066 1.9999951177199999 0.0009765625
2.00001581176 2.0000159372500002 1.9999930236000001 1.99999507066 0.0009765625
2.0000159372500002 2.0000160627499999 1.99999297655 1.9999950235999999 0.0009765625
2.0000160627499999 2.00001618824 1.9999929294900001 1.99999497655 0.0009765625
2.00001618824 2.0000163137300002 1.99999288243 1.9999949294899999 0.0009765625
2.0000163137300002 2.0000164392199999 1.9999928353700001 1.99999488243 0.0009765625
2.0000164392199999 2.0000165647100001 1.9999927883199999 1.9999948353699999 0.0009765625
2.0000165647100001 2.0000166901999998 1.99999274126 1.99999478832 0.0009765625
2.0000166901999998 2.00001681569 1.9999926941999999 1.9999947412600001 0.0009765625
2.00001681569 2.0000169411800002 1.99999264714 1.9999946942 0.0009765625
2.0000169411800002 2.0000170666699999 1.9999926000899999 1.9999946471400001 0.0009765625
2.0000170666699999 2.0000171921600001 1.99999255303 1.99999460009 0.0009765625
2.0000171921600001 2.0000173176499998 1.9999925059699999 1.9999945530300001 0.0009765625
2.0000173176499998 2.00001744314 1.99999245891 1.9999945059699999 0.0009765625
2.00001744314 2.0000175686300001 1.9999924118600001 1.9999944589100001 0.0009765625
2.0000175686300001 2.0000176941199999 1.9999923648 1.9999944118599999 0.0009765625
2.0000176941199999 2.00001781961 1.9999923177400001 1.9999943648 0.0009765625
2.00001781961 2.0000179451000002 1.99999227068 1.9999943177399999 0.0009765625
2.0000179451000002 2.0000180705899999 1.9999922236300001 1.99999427068 0.0009765625
2.0000180705899999 2.0000181960800001 1.9999921765699999 1.9999942236299999 0.0009765625
2.0000181960800001 2.0000183215699998 1.99999212951 1.99999417657 0.0009765625
2.0000183215699998 2.00001844706 1.9999920824499999 1.9999941295100001 0.0009765625
2.00001844706 2.0000185725500002 1.9999920354 1.99999408245 0.0009765625
2.0000185725500002 2.0000186980399999 1.9999919883399999 1.9999940354000001 0.0009765625
2.0000186980399999 2.00001882353 1.99999194128 1.99999398834 0.0009765625
2.00001882353 2.0000189490200002 1.9999918942199999 1.9999939412800001 0.0009765625
2.0000189490200002 2.0000190745099999 1.99999184717 1.99999389422 0.0009765625
2.0000190745099999 2.0000192000000001 1.9999918001100001 1.9999938471700001 0.0009765625
2.0000192000000001 2.0000193254899998 1.99999175305 1.9999938001099999 0.0009765625
2.0000193254899998 2.00001945098 1.9999917059900001 1.99999375305 0.0009765625
2.00001945098 2.0000195764700002 1.99999165894 1.9999937059899999 0.0009765625
2.0000195764700002 2.0000197019599999 1.9999916118800001 1.99999365894 0.0009765625
2.0000197019599999 2.0000198274500001 1.99999156482 1.9999936118799999 0.0009765625
2.0000198274500001 2.0000199529399998 1.9999915177600001 1.99999356482 0.0009765625
2.0000199529399998 2.00002007843 1.9999914707099999 1.9999935177599999 0.0009765625
2.00002007843 2.0000202039200001 1.99999142365 1.99999347071 0.0009765625
2.0000202039200001 2.0000203294099999 1.9999913765899999 1.9999934236500001 0.0009765625
2.0000203294099999 2.0000204549 1.99999132954 1.99999337659 0.0009765625
2.0000204549 2.0000205803900002 1.9999912824799999 1.9999933295400001 0.0009765625
2.0000205803900002 2.0000207058799999 1.99999123542 1.99999328248 0.0009765625
2.0000207058799999 2.0000208313700001 1.9999911883599999 1.9999932354200001 0.0009765625
2.0000208313700001 2.0000209568599998 1.99999114131 1.99999318836 0.0009765625
2.0000209568599998 2.00002108235 1.9999910942500001 1.9999931413100001 0.0009765625
2.00002108235 2.0000212078400001 1.99999104719 1.9999930942499999 0.0009765625
2.0000212078400001 2.0000213333299999 1.9999910001300001 1.99999304719 0.0009765625
2.0000213333299999 2.00002145882 1.99999095308 1.9999930001299999 0.0009765625
2.00002145882 2.0000215843100002 1.9999909060200001 1.99999295308 0.0009765625
2.0000215843100002 2.0000217097999999 1.99999085896 1.9999929060199999 0.0009765625
2.0000217097999999 2.0000218352900001 1.9999908119100001 1.99999285896 0.0009765625
2.0000218352900001 2.0000219607799998 1.9999907648499999 1.9999928119099999 0.0009765625
2.0000219607799998 2.00002208627 1.99999071779 1.99999276485 0.0009765625
2.00002208627 2.0000222117600002 1.9999906707299999 1.9999927177900001 0.0009765625
2.0000222117600002 2.0000223372499999 1.99999062368 1.99999267073 0.0009765625
2.0000223372499999 2.0000224627500001 1.9999905766199999 1.9999926236800001 0.0009765625
2.0000224627500001 2.0000225882399998 1.99999052956 1.99999257662 0.0009765625
2.0000225882399998 2.00002271373 1.9999904825099999 1.9999925295600001 0.0009765625
2.00002271373 2.0000228392200001 1.99999043545 1.9999924825099999 0.0009765625
2.0000228392200001 2.0000229647099999 1.9999903883900001 1.9999924354500001 0.0009765625
2.0000229647099999 2.0000230902 1.99999034133 1.9999923883899999 0.0009765625
2.0000230902 2.0000232156900002 1.9999902942800001 1.99999234133 0.0009765625
2.0000232156900002 2.0000233411799999 1.99999024722 1.9999922942799999 0.0009765625
2.0000233411799999 2.0000234666700001 1.9999902001600001 1.99999224722 0.0009765625
2.0000234666700001 2.0000235921599998 1.9999901531099999 1.9999922001599999 0.0009765625
2.0000235921599998 2.00002371765 1.99999010605 1.99999215311 0.0009765625
2.00002371765 2.0000238431400001 1.9999900589899999 1.9999921060500001 0.0009765625
2.0000238431400001 2.0000239686299999 1.99999001193 1.99999205899 0.0009765625
2.0000239686299999 2.00002409412 1.9999899648799999 1.9999920119300001 0.0009765625
2.00002409412 2.0000242196100002 1.99998991782 1.99999196488 0.0009765625
2.0000242196100002 2.0000243450999999 1.9999898707599999 1.9999919178200001 0.0009765625
2.0000243450999999 2.0000244705900001 1.99998982371 1.99999187076 0.0009765625
2.0000244705900001 2.0000245960799998 1.9999897766500001 1.9999918237100001 0.0009765625
2.0000245960799998 2.00002472157 1.99998972959 1.9999917766499999 0.0009765625
2.00002472157 2.0000248470600002 1.9999896825400001 1.99999172959 0.0009765625
2.0000248470600002 2.0000249725499999 1.99998963548 1.9999916825399999 0.0009765625
2.0000249725499999 2.0000250980400001 1.9999895884200001 1.99999163548 0.0009765625
2.0000250980400001 2.0000252235299998 1.99998954136 1.9999915884199999 0.0009765625
2.0000252235299998 2.00002534902 1.9999894943100001 1.99999154136 0.0009765625
2.00002534902 2.0000254745100001 1.9999894472499999 1.9999914943099999 0.0009765625
2.0000254745100001 2.0000255999999998 1.99998940019 1.99999144725 0.0009765625
2.0000255999999998 2.0000258509800002 1.99998930608 1.9999914001900001 0.0009765625
2.0000258509800002 2.0000261019600001 1.99998921197 1.9999913060800001 0.0009765625
2.0000261019600001 2.00002635294 1.99998911785 1.9999912119700001 0.0009765625
2.00002635294 2.0000266039199999 1.99998902374 1.9999911178500001 0.0009765625
2.0000266039199999 2.0000268549000002 1.99998892962 1.99999102374 0.0009765625
2.0000268549000002 2.0000271058800001 1.99998883551 1.99999092962 0.0009765625
2.0000271058800001 2.00002735686 1.9999887413999999 1.99999083551 0.0009765625
2.00002735686 2.0000276078399999 1.9999886472799999 1.9999907414 0.0009765625
2.0000276078399999 2.0000278588199998 1.9999885531699999 1.99999064728 0.0009765625
2.0000278588199998 2.0000281098000001 1.9999884590599999 1.99999055317 0.0009765625
2.0000281098000001 2.00002836078 1.9999883649400001 1.9999904590599999 0.0009765625
2.00002836078 2.0000286117599999 1.9999882708300001 1.9999903649399999 0.0009765625
2.0000286117599999 2.0000288627499998 1.9999881767200001 1.9999902708299999 0.0009765625
2.0000288627499998 2.0000291137300001 1.9999880826 1.9999901767199999 0.0009765625
2.0000291137300001 2.00002936471 1.99998798849 1.9999900826000001 0.0009765625
2.00002936471 2.0000296156899999 1.99998789438 1.9999899884900001 0.0009765625
2.0000296156899999 2.0000298666699998 1.99998780026 1.9999898943800001 0.0009765625
2.0000298666699998 2.0000301176500002 1.99998770615 1.9999898002600001 0.0009765625
2.0000301176500002 2.0000303686300001 1.99998761204 1.99998970615 0.0009765625
2.0000303686300001 2.0000306196099999 1.99998751792 1.99998961204 0.0009765625
2.0000306196099999 2.0000308705899998 1.9999874238099999 1.99998951792 0.0009765625
2.0000308705899998 2.0000311215700002 1.9999873296999999 1.99998942381 0.0009765625
2.0000311215700002 2.0000313725500001 1.9999872355799999 1.9999893297 0.0009765625
2.0000313725500001 2.00003162353 1.9999871414699999 1.99998923558 0.0009765625
2.00003162353 2.0000318745099999 1.9999870473600001 1.99998914147 0.0009765625
2.0000318745099999 2.0000321254900002 1.9999869532500001 1.9999890473599999 0.0009765625
2.0000321254900002 2.0000323764700001 1.9999868591300001 1.9999889532499999 0.0009765625
2.0000323764700001 2.00003262745 1.9999867650200001 1.9999888591299999 0.0009765625
2.00003262745 2.0000328784299999 1.99998667091 1.9999887650199999 0.0009765625
2.0000328784299999 2.0000331294100002 1.99998657679 1.9999886709100001 0.0009765625
2.0000331294100002 2.0000333803900001 1.99998648268 1.9999885767900001 0.0009765625
2.0000333803900001 2.00003363137 1.99998638857 1.9999884826800001 0.0009765625
2.00003363137 2.0000338823499999 1.99998629446 1.9999883885700001 0.0009765625
2.0000338823499999 2.0000341333299998 1.99998620034 1.99998829446 0.0009765625
2.0000341333299998 2.0000343843100001 1.9999861062299999 1.99998820034 0.0009765625
2.0000343843100001 2.00003463529 1.9999860121199999 1.99998810623 0.0009765625
2.00003463529 2.0000348862699999 1.9999859180099999 1.99998801212 0.0009765625
2.0000348862699999 2.0000351372499998 1.9999858238899999 1.99998791801 0.0009765625
2.0000351372499998 2.0000353882400002 1.9999857297800001 1.99998782389 0.0009765625
2.0000353882400002 2.00003563922 1.9999856356700001 1.9999877297799999 0.0009765625
2.00003563922 2.0000358901999999 1.9999855415600001 1.9999876356699999 0.0009765625
2.0000358901999999 2.0000361411799998 1.9999854474400001 1.9999875415599999 0.0009765625
2.0000361411799998 2.0000363921600002 1.99998535333 1.9999874474399999 0.0009765625
2.0000363921600002 2.0000366431400001 1.99998525922 1.9999873533300001 0.0009765625
2.0000366431400001 2.00003689412 1.99998516511 1.9999872592200001 0.0009765625
2.00003689412 2.0000371450999999 1.99998507099 1.9999871651100001 0.0009765625
2.0000371450999999 2.0000373960800002 1.99998497688 1.9999870709900001 0.0009765625
2.0000373960800002 2.0000376470600001 1.99998488277 1.99998697688 0.0009765625
2.0000376470600001 2.00003789804 1.99998478866 1.99998688277 0.0009765625
2.00003789804 2.0000381490199999 1.9999846945499999 1.99998678866 0.0009765625
2.0000381490199999 2.0000384000000002 1.9999846004299999 1.99998669455 0.0009765625
2.0000384000000002 2.0000386509800001 1.9999845063199999 1.99998660043 0.0009765625
2.0000386509800001 2.00003890196 1.9999844122099999 1.99998650632 0.0009765625
2.00003890196 2.0000391529399999 1.9999843181000001 1.99998641221 0.0009765625
2.0000391529399999 2.0000394039199998 1.9999842239900001 1.9999863180999999 0.0009765625
2.0000394039199998 2.0000396549000001 1.9999841298700001 1.9999862239899999 0.0009765625
2.0000396549000001 2.00003990588 1.9999840357600001 1.9999861298699999 0.0009765625
2.00003990588 2.0000401568599999 1.99998394165 1.9999860357599999 0.0009765625
2.0000401568599999 2.0000404078399998 1.99998384754 1.9999859416500001 0.0009765625
2.0000404078399998 2.0000406588200002 1.99998375343 1.9999858475400001 0.0009765625
2.0000406588200002 2.0000409098 1.99998365932 1.9999857534300001 0.0009765625
2.0000409098 2.0000411607799999 1.9999835652 1.9999856593200001 0.0009765625
2.0000411607799999 2.0000414117599998 1.99998347109 1.9999855652 0.0009765625
2.0000414117599998 2.0000416627500002 1.9999833769799999 1.99998547109 0.0009765625
2.0000416627500002 2.0000419137300001 1.9999832828699999 1.99998537698 0.0009765625
2.0000419137300001 2.00004216471 1.9999831887599999 1.99998528287 0.0009765625
2.00004216471 2.0000424156899999 1.9999830946499999 1.99998518876 0.0009765625
2.0000424156899999 2.0000426666700002 1.9999830005400001 1.99998509465 0.0009765625
2.0000426666700002 2.0000429176500001 1.9999829064200001 1.9999850005399999 0.0009765625
2.0000429176500001 2.00004316863 1.9999828123100001 1.9999849064199999 0.0009765625
2.00004316863 2.0000434196099999 1.9999827182000001 1.9999848123099999 0.0009765625
2.0000434196099999 2.0000436705900002 1.99998262409 1.9999847181999999 0.0009765625
2.0000436705900002 2.0000439215700001 1.99998252998 1.9999846240900001 0.0009765625
2.0000439215700001 2.00004417255 1.99998243587 1.9999845299800001 0.0009765625
2.00004417255 2.0000444235299999 1.99998234176 1.9999844358700001 0.0009765625
2.0000444235299999 2.0000446745099998 1.99998224765 1.9999843417600001 0.0009765625
2.0000446745099998 2.0000449254900001 1.99998215354 1.99998424765 0.0009765625
2.0000449254900001 2.00004517647 1.99998205942 1.99998415354 0.0009765625
2.00004517647 2.0000454274499999 1.9999819653099999 1.99998405942 0.0009765625
2.0000454274499999 2.0000456784299998 1.9999818711999999 1.99998396531 0.0009765625
2.0000456784299998 2.0000459294100001 1.9999817770899999 1.9999838712 0.0009765625
2.0000459294100001 2.00004618039 1.9999816829799999 1.99998377709 0.0009765625
2.00004618039 2.0000464313699999 1.9999815888700001 1.99998368298 0.0009765625
2.0000464313699999 2.0000466823499998 1.9999814947600001 1.9999835888699999 0.0009765625
2.0000466823499998 2.0000469333300002 1.9999814006500001 1.9999834947599999 0.0009765625
2.0000469333300002 2.0000471843100001 1.9999813065400001 1.9999834006499999 0.0009765625
2.0000471843100001 2.00004743529 1.99998121243 1.9999833065399999 0.0009765625
2.00004743529 2.0000476862699998 1.99998111832 1.9999832124300001 0.0009765625
2.0000476862699998 2.0000479372500002 1.99998102421 1.9999831183200001 0.0009765625
2.0000479372500002 2.0000481882400001 1.9999809301 1.9999830242100001 0.0009765625
2.0000481882400001 2.00004843922 1.99998083598 1.9999829301000001 0.0009765625
2.00004843922 2.0000486901999999 1.99998074187 1.99998283598 0.0009765625
2.0000486901999999 2.0000489411800002 1.99998064776 1.99998274187 0.0009765625
2.0000489411800002 2.0000491921600001 1.9999805536499999 1.99998264776 0.0009765625
2.0000491921600001 2.00004944314 1.9999804595399999 1.99998255365 0.0009765625
2.00004944314 2.0000496941199999 1.9999803654299999 1.99998245954 0.0009765625
2.0000496941199999 2.0000499450999998 1.9999802713199999 1.99998236543 0.0009765625
2.0000499450999998 2.0000501960800001 1.9999801772100001 1.9999822713199999 0.0009765625
2.0000501960800001 2.00005044706 1.9999800831000001 1.9999821772099999 0.0009765625
2.00005044706 2.0000506980399999 1.9999799889900001 1.9999820830999999 0.0009765625
2.0000506980399999 2.0000509490199998 1.9999798948800001 1.9999819889899999 0.0009765625
2.0000509490199998 2.0000512000000001 1.99997980077 1.9999818948800001 0.0009765625
2.0000512000000001 2.0000517019599999 1.99997961255 1.9999818007700001 0.0009765625
2.0000517019599999 2.0000522039200002 1.99997942433 1.9999816125500001 0.0009765625
2.0000522039200002 2.0000527058799999 1.9999792361099999 1.99998142433 0.0009765625
2.0000527058799999 2.0000532078400002 1.9999790478899999 1.99998123611 0.0009765625
2.0000532078400002 2.0000537098 1.9999788596700001 1.99998104789 0.0009765625
2.0000537098 2.0000542117600002 1.9999786714500001 1.9999808596699999 0.0009765625
2.0000542117600002 2.00005471373 1.99997848323 1.9999806714499999 0.0009765625
2.00005471373 2.0000552156900002 1.99997829501 1.9999804832300001 0.0009765625
2.0000552156900002 2.00005571765 1.9999781068 1.9999802950100001 0.0009765625
2.00005571765 2.0000562196099998 1.99997791858 1.9999801068 0.0009765625
2.0000562196099998 2.00005672157 1.9999777303599999 1.99997991858 0.0009765625
2.00005672157 2.0000572235299998 1.9999775421399999 1.99997973036 0.0009765625
2.0000572235299998 2.00005772549 1.9999773539200001 1.99997954214 0.0009765625
2.00005772549 2.0000582274499998 1.9999771657000001 1.9999793539199999 0.0009765625
2.0000582274499998 2.0000587294100001 1.99997697749 1.9999791656999999 0.0009765625
2.0000587294100001 2.0000592313699999 1.99997678927 1.9999789774900001 0.0009765625
2.0000592313699999 2.0000597333300001 1.99997660105 1.9999787892700001 0.0009765625
2.0000597333300001 2.0000602352899999 1.9999764128299999 1.99997860105 0.0009765625
2.0000602352899999 2.0000607372500001 1.9999762246099999 1.99997841283 0.0009765625
2.0000607372500001 2.0000612392199999 1.9999760364000001 1.99997822461 0.0009765625
2.0000612392199999 2.0000617411800001 1.9999758481800001 1.9999780363999999 0.0009765625
2.0000617411800001 2.0000622431399999 1.99997565996 1.9999778481799999 0.0009765625
2.0000622431399999 2.0000627451000001 1.99997547175 1.9999776599600001 0.0009765625
2.0000627451000001 2.0000632470599999 1.99997528353 1.9999774717500001 0.0009765625
2.0000632470599999 2.0000637490200002 1.99997509531 1.99997728353 0.0009765625
2.0000637490200002 2.00006425098 1.9999749070999999 1.99997709531 0.0009765625
2.00006425098 2.0000647529400002 1.9999747188799999 1.9999769071 0.0009765625
2.0000647529400002 2.0000652549 1.9999745306600001 1.9999767188799999 0.0009765625
2.0000652549 2.0000657568600002 1.9999743424500001 1.9999765306599999 0.0009765625
2.0000657568600002 2.00006625882 1.99997415423 1.9999763424500001 0.0009765625
2.00006625882 2.0000667607799998 1.99997396602 1.9999761542300001 0.0009765625
2.0000667607799998 2.00006726274 1.9999737778 1.9999759660200001 0.0009765625
2.00006726274 2.0000677647099998 1.9999735895899999 1.9999757778 0.0009765625
2.0000677647099998 2.00006826667 1.9999734013699999 1.99997558959 0.0009765625
2.00006826667 2.0000687686299998 1.9999732131500001 1.99997540137 0.0009765625
2.0000687686299998 2.0000692705900001 1.9999730249400001 1.9999752131599999 0.0009765625
2.0000692705900001 2.0000697725499998 1.99997283673 1.9999750249399999 0.0009765625
2.0000697725499998 2.0000702745100001 1.99997264851 1.9999748367300001 0.0009765625
2.0000702745100001 2.0000707764699999 1.9999724603 1.9999746485100001 0.0009765625
2.0000707764699999 2.0000712784300001 1.9999722720799999 1.9999744603 0.0009765625
2.0000712784300001 2.0000717803899999 1.9999720838699999 1.99997427208 0.0009765625
2.0000717803899999 2.0000722823500001 1.9999718956500001 1.99997408387 0.0009765625
2.0000722823500001 2.0000727843099999 1.9999717074400001 1.9999738956499999 0.0009765625
2.0000727843099999 2.0000732862700001 1.99997151923 1.9999737074399999 0.0009765625
2.0000732862700001 2.0000737882399999 1.99997133101 1.9999735192300001 0.0009765625
2.0000737882399999 2.0000742902000002 1.9999711428 1.9999733310100001 0.0009765625
2.0000742902000002 2.0000747921599999 1.99997095459 1.9999731428 0.0009765625
2.0000747921599999 2.0000752941200002 1.9999707663699999 1.99997295459 0.0009765625
2.0000752941200002 2.00007579608 1.9999705781599999 1.99997276637 0.0009765625
2.00007579608 2.0000762980400002 1.9999703899500001 1.99997257816 0.0009765625
2.0000762980400002 2.0000768 1.9999702017300001 1.9999723899499999 0.0009765625
2.0000768 2.0000773019600002 1.99997001352 1.9999722017299999 0.0009765625
2.0000773019600002 2.00007780392 1.99996982531 1.9999720135200001 0.0009765625
2.00007780392 2.0000783058799998 1.9999696371 1.9999718253100001 0.0009765625
2.0000783058799998 2.00007880784 1.9999694488899999 1.9999716371 0.0009765625
2.00007880784 2.0000793097999998 1.9999692606699999 1.99997144889 0.0009765625
2.0000793097999998 2.00007981176 1.9999690724600001 1.99997126067 0.0009765625
2.00007981176 2.0000803137299998 1.9999688842500001 1.9999710724599999 0.0009765625
2.0000803137299998 2.0000808156900001 1.99996869604 1.9999708842499999 0.0009765625
2.0000808156900001 2.0000813176499999 1.99996850783 1.9999706960400001 0.0009765625
2.0000813176499999 2.0000818196100001 1.99996831962 1.9999705078300001 0.0009765625
2.0000818196100001 2.0000823215699999 1.9999681314 1.99997031962 0.0009765625
2.0000823215699999 2.0000828235300001 1.9999679431899999 1.9999701314 0.0009765625
2.0000828235300001 2.0000833254899999 1.9999677549799999 1.99996994319 0.0009765625
2.0000833254899999 2.0000838274500001 1.9999675667700001 1.99996975498 0.0009765625
2.0000838274500001 2.0000843294099999 1.9999673785600001 1.9999695667699999 0.0009765625
2.0000843294099999 2.0000848313700001 1.99996719035 1.9999693785599999 0.0009765625
2.0000848313700001 2.0000853333299999 1.99996700214 1.9999691903500001 0.0009765625
2.0000853333299999 2.0000858352900002 1.99996681393 1.9999690021400001 0.0009765625
2.0000858352900002 2.00008633725 1.9999666257199999 1.99996881393 0.0009765625
2.00008633725 2.0000868392200002 1.9999664375099999 1.99996862572 0.0009765625
2.0000868392200002 2.00008734118 1.9999662493000001 1.99996843751 0.0009765625
2.00008734118 2.0000878431400002 1.9999660610900001 1.9999682492999999 0.0009765625
2.0000878431400002 2.0000883451 1.9999658728800001 1.9999680610899999 0.0009765625
2.0000883451 2.0000888470599998 1.99996568467 1.9999678728800001 0.0009765625
2.0000888470599998 2.00008934902 1.99996549647 1.9999676846700001 0.0009765625
2.00008934902 2.0000898509799998 1.99996530826 1.9999674964700001 0.0009765625
2.0000898509799998 2.00009035294 1.9999651200499999 1.99996730826 0.0009765625
2.00009035294 2.0000908548999998 1.9999649318399999 1.99996712005 0.0009765625
2.0000908548999998 2.0000913568600001 1.9999647436300001 1.99996693184 0.0009765625
2.0000913568600001 2.0000918588199998 1.9999645554200001 1.9999667436299999 0.0009765625
2.0000918588199998 2.0000923607800001 1.99996436721 1.9999665554199999 0.0009765625
2.0000923607800001 2.0000928627399999 1.99996417901 1.9999663672100001 0.0009765625
2.0000928627399999 2.0000933647100001 1.9999639908 1.9999661790100001 0.0009765625
2.0000933647100001 2.0000938666699999 1.99996380259 1.9999659908 0.0009765625
2.0000938666699999 2.0000943686300001 1.9999636143799999 1.99996580259 0.0009765625
2.0000943686300001 2.0000948705899999 1.9999634261799999 1.99996561438 0.0009765625
2.0000948705899999 2.0000953725500001 1.9999632379700001 1.9999654261799999 0.0009765625
2.0000953725500001 2.0000958745099999 1.9999630497600001 1.9999652379699999 0.0009765625
2.0000958745099999 2.0000963764700002 1.99996286155 1.9999650497599999 0.0009765625
2.0000963764700002 2.0000968784299999 1.99996267335 1.9999648615500001 0.0009765625
2.0000968784299999 2.0000973803900002 1.99996248514 1.9999646733500001 0.0009765625
2.0000973803900002 2.00009788235 1.9999622969299999 1.99996448514 0.0009765625
2.00009788235 2.0000983843100002 1.9999621087299999 1.99996429693 0.0009765625
2.0000983843100002 2.00009888627 1.9999619205200001 1.99996410873 0.0009765625
2.00009888627 2.0000993882400002 1.9999617323200001 1.9999639205199999 0.0009765625
2.0000993882400002 2.0000998902 1.99996154411 1.9999637323199999 0.0009765625
2.0000998902 2.0001003921599998 1.9999613559 1.9999635441100001 0.0009765625
2.0001003921599998 2.00010089412 1.9999611677 1.9999633559000001 0.0009765625
2.00010089412 2.0001013960799998 1.99996097949 1.9999631677 0.0009765625
2.0001013960799998 2.00010189804 1.9999607912899999 1.99996297949 0.0009765625
2.00010189804 2.0001023999999998 1.9999606030799999 1.99996279129 0.0009765625
2.0001023999999998 2.0001034039199999 1.9999602266700001 1.99996260308 0.0009765625
2.0001034039199999 2.0001044078399999 1.99995985026 1.9999622266699999 0.0009765625
2.0001044078399999 2.0001054117599999 1.9999594738599999 1.9999618502600001 0.0009765625
2.0001054117599999 2.0001064156899999 1.9999590974499999 1.99996147386 0.0009765625
2.0001064156899999 2.0001074196099999 1.9999587210400001 1.9999610974499999 0.0009765625
2.0001074196099999 2.00010842353 1.99995834463 1.9999607210399999 0.0009765625
2.00010842353 2.00010942745 1.9999579682299999 1.9999603446300001 0.0009765625
2.00010942745 2.00011043137 1.9999575918200001 1.99995996823 0.0009765625
2.00011043137 2.00011143529 1.99995721542 1.9999595918199999 0.0009765625
2.00011143529 2.00011243922 1.99995683901 1.9999592154200001 0.0009765625
2.00011243922 2.0001134431400001 1.9999564626099999 1.99995883901 0.0009765625
2.0001134431400001 2.0001144470600001 1.9999560862000001 1.99995846261 0.0009765625
2.0001144470600001 2.0001154509800001 1.9999557098 1.9999580861999999 0.0009765625
2.0001154509800001 2.0001164549000001 1.9999553334 1.9999577098000001 0.0009765625
2.0001164549000001 2.0001174588200001 1.9999549569999999 1.9999573334 0.0009765625
2.0001174588200001 2.0001184627400002 1.9999545806000001 1.999956957 0.0009765625
2.0001184627400002 2.0001194666700002 1.9999542042 1.9999565805999999 0.0009765625
2.0001194666700002 2.0001204705900002 1.9999538278 1.9999562042000001 0.0009765625
2.0001204705900002 2.0001214745100002 1.9999534513999999 1.9999558278 0.0009765625
2.0001214745100002 2.0001224784299998 1.9999530750000001 1.9999554514 0.0009765625
2.0001224784299998 2.0001234823499998 1.9999526986 1.9999550749999999 0.0009765625
2.0001234823499998 2.0001244862699998 1.9999523222 1.9999546986000001 0.0009765625
2.0001244862699998 2.0001254901999999 1.9999519458099999 1.9999543222 0.0009765625
2.0001254901999999 2.0001264941199999 1.9999515694100001 1.99995394581 0.0009765625
2.0001264941199999 2.0001274980399999 1.99995119301 1.9999535694099999 0.0009765625
2.0001274980399999 2.0001285019599999 1.99995081662 1.9999531930100001 0.0009765625
2.0001285019599999 2.0001295058799999 1.9999504402199999 1.99995281662 0.0009765625
2.0001295058799999 2.0001305098 1.9999410638299999 1.9999614402200001 0.0009765625
2.0001305098 2.00013151373 1.9999406874400001 1.9999610638300001 0.0009765625
2.00013151373 2.00013251765 1.99994031104 1.99996068744 0.0009765625
2.00013251765 2.00013352157 1.99993993465 1.9999603110399999 0.0009765625
2.00013352157 2.00013452549 1.9999395582599999 1.9999599346500001 0.0009765625
2.00013452549 2.0001355294100001 1.9999391818700001 1.99995955826 0.0009765625
2.0001355294100001 2.0001365333300001 1.99993880548 1.99995918187 0.0009765625
2.0001365333300001 2.0001375372500001 1.99993842909 1.9999588054799999 0.0009765625
2.0001375372500001 2.0001385411800001 1.9999380526999999 1.9999584290900001 0.0009765625
2.0001385411800001 2.0001395451000001 1.9999376763100001 1.9999580527 0.0009765625
2.0001395451000001 2.0001405490200002 1.99993729992 1.99995767631 0.0009765625
2.0001405490200002 2.0001415529400002 1.99993692354 1.9999572999199999 0.0009765625
2.0001415529400002 2.0001425568600002 1.9999365471499999 1.9999569235400001 0.0009765625
2.0001425568600002 2.0001435607800002 1.9999361707600001 1.99995654715 0.0009765625
2.0001435607800002 2.0001445647099998 1.99993579438 1.99995617076 0.0009765625
2.0001445647099998 2.0001455686299998 1.99993541799 1.9999557943799999 0.0009765625
2.0001455686299998 2.0001465725499998 1.9999350416099999 1.9999554179900001 0.0009765625
2.0001465725499998 2.0001475764699999 1.9999346652300001 1.99995504161 0.0009765625
2.0001475764699999 2.0001485803899999 1.99993428884 1.99995466523 0.0009765625
2.0001485803899999 2.0001495843099999 1.99993391246 1.9999542888399999 0.0009765625
2.0001495843099999 2.0001505882399999 1.9999335360799999 1.9999539124600001 0.0009765625
2.0001505882399999 2.0001515921599999 1.9999331597000001 1.99995353608 0.0009765625
2.0001515921599999 2.00015259608 1.99993278332 1.9999531597 0.0009765625
2.00015259608 2.0001536 1.99993240694 1.9999527833199999 0.0009765625
2.0001536 2.00015460392 1.9999320305599999 1.9999524069400001 0.0009765625
2.00015460392 2.00015560784 1.9999316541800001 1.99995203056 0.0009765625
2.00015560784 2.00015661176 1.9999312778 1.99995165418 0.0009765625
2.00015661176 2.0001576156900001 1.99993090142 1.9999512777999999 0.0009765625
2.0001576156900001 2.0001586196100001 1.9999305250399999 1.9999509014200001 0.0009765625
2.0001586196100001 2.0001596235300001 1.9999301486700001 1.99995052504 0.0009765625
2.0001596235300001 2.0001606274500001 1.99992977229 1.99995014867 0.0009765625
2.0001606274500001 2.0001616313700001 1.99992939591 1.9999497722899999 0.0009765625
2.0001616313700001 2.0001626352900002 1.9999290195399999 1.9999493959100001 0.0009765625
2.0001626352900002 2.0001636392200002 1.9999286431700001 1.99994901954 0.0009765625
2.0001636392200002 2.0001646431400002 1.99992826679 1.99994864317 0.0009765625
2.0001646431400002 2.0001656470600002 1.99992789042 1.9999482667899999 0.0009765625
2.0001656470600002 2.0001666509799998 1.9999275140499999 1.9999478904200001 0.0009765625
2.0001666509799998 2.0001676548999998 1.9999271376700001 1.99994751405 0.0009765625
2.0001676548999998 2.0001686588199998 1.9999267613 1.99994713767 0.0009765625
2.0001686588199998 2.0001696627399999 1.99992638493 1.9999467612999999 0.0009765625
2.0001696627399999 2.0001706666699999 1.9999260085599999 1.9999463849300001 0.0009765625
2.0001706666699999 2.0001716705899999 1.9999256321900001 1.99994600856 0.0009765625
2.0001716705899999 2.0001726745099999 1.99992525582 1.99994563219 0.0009765625
2.0001726745099999 2.0001736784299999 1.99992487946 1.9999452558199999 0.0009765625
2.0001736784299999 2.00017468235 1.9999245030899999 1.9999448794600001 0.0009765625
2.00017468235 2.00017568627 1.9999241267200001 1.99994450309 0.0009765625
2.00017568627 2.0001766902 1.99992375035 1.99994412672 0.0009765625
2.0001766902 2.00017769412 1.99992337399 1.9999437503499999 0.0009765625
2.00017769412 2.00017869804 1.9999229976199999 1.9999433739900001 0.0009765625
2.00017869804 2.0001797019600001 1.9999226212600001 1.9999429976200001 0.0009765625
2.0001797019600001 2.0001807058800001 1.99992224489 1.99994262126 0.0009765625
2.0001807058800001 2.0001817098000001 1.99992186853 1.9999422448899999 0.0009765625
2.0001817098000001 2.0001827137300001 1.9999214921699999 1.9999418685300001 0.0009765625
2.0001827137300001 2.0001837176500001 1.9999211158000001 1.9999414921700001 0.0009765625
2.0001837176500001 2.0001847215700002 1.99992073944 1.9999411158 0.0009765625
2.0001847215700002 2.0001857254900002 1.99992036308 1.9999407394399999 0.0009765625
2.0001857254900002 2.0001867294100002 1.9999199867199999 1.9999403630799999 0.0009765625
2.0001867294100002 2.0001877333300002 1.9999196103600001 1.9999399867200001 0.0009765625
2.0001877333300002 2.0001887372499998 1.999919234 1.99993961036 0.0009765625
2.0001887372499998 2.0001897411799998 1.99991885764 1.999939234 0.0009765625
2.0001897411799998 2.0001907450999998 1.9999184812799999 1.9999388576399999 0.0009765625
2.0001907450999998 2.0001917490199999 1.9999181049300001 1.9999384812800001 0.0009765625
2.0001917490199999 2.0001927529399999 1.9999177285700001 1.99993810493 0.0009765625
2.0001927529399999 2.0001937568599999 1.99991735221 1.99993772857 0.0009765625
2.0001937568599999 2.0001947607799999 1.9999169758599999 1.9999373522099999 0.0009765625
2.0001947607799999 2.0001957647099999 1.9999165994999999 1.9999369758600001 0.0009765625
2.0001957647099999 2.00019676863 1.9999162231500001 1.9999365995 0.0009765625
2.00019676863 2.00019777255 1.99991584679 1.99993622315 0.0009765625
2.00019777255 2.00019877647 1.99991547044 1.9999358467899999 0.0009765625
2.00019877647 2.00019978039 1.9999150940799999 1.9999354704400001 0.0009765625
2.00019978039 2.00020078431 1.9999147177300001 1.99993509408 0.0009765625
2.00020078431 2.0002017882300001 1.99991434138 1.99993471773 0.0009765625
2.0002017882300001 2.0002027921600001 1.99991396503 1.9999343413799999 0.0009765625
2.0002027921600001 2.0002037960800001 1.9999135886799999 1.9999339650300001 0.0009765625
2.0002037960800001 2.0002048000000001 1.9999132123300001 1.99993358868 0.0009765625
2.0002048000000001 2.0002068078400002 1.99991245963 1.99993321233 0.0009765625
2.0002068078400002 2.0002088156900002 1.9999117069300001 1.9999324596300001 0.0009765625
2.0002088156900002 2.0002108235299998 1.99991095424 1.99993170693 0.0009765625
2.0002108235299998 2.0002128313699998 1.9999102015500001 1.9999309542399999 0.0009765625
2.0002128313699998 2.0002148392199999 1.99990944886 1.99993020155 0.0009765625
2.0002148392199999 2.0002168470599999 1.9999086961700001 1.9999294488599999 0.0009765625
2.0002168470599999 2.0002188549 1.99990794349 1.99992869617 0.0009765625
2.0002188549 2.00022086274 1.9999071908099999 1.9999279434899999 0.0009765625
2.00022086274 2.00022287059 1.99990643813 1.99992719081 0.0009765625
2.00022287059 2.0002248784300001 1.9999056854499999 1.9999264381299999 0.0009765625
2.0002248784300001 2.0002268862700001 1.99990493278 1.99992568545 0.0009765625
2.0002268862700001 2.0002288941200002 1.9999041801099999 1.9999249327799999 0.0009765625
2.0002288941200002 2.0002309019600002 1.99990342744 1.9999241801100001 0.0009765625
2.0002309019600002 2.0002329097999998 1.9999026747699999 1.99992342744 0.0009765625
2.0002329097999998 2.0002349176499998 1.9999019221000001 1.9999226747700001 0.0009765625
2.0002349176499998 2.0002369254899999 1.99990116944 1.9999219221 0.0009765625
2.0002369254899999 2.0002389333299999 1.9999004167800001 1.9999211694400001 0.0009765625
2.0002389333299999 2.00024094118 1.99989966412 1.99992041678 0.0009765625
2.00024094118 2.00024294902 1.9998989114700001 1.9999196641200001 0.0009765625
2.00024294902 2.00024495686 1.99989815881 1.99991891147 0.0009765625
2.00024495686 2.0002469647100001 1.9998974061599999 1.9999181588099999 0.0009765625
2.0002469647100001 2.0002489725500001 1.99989665351 1.99991740616 0.0009765625
2.0002489725500001 2.0002509803900002 1.9998959008699999 1.9999166535099999 0.0009765625
2.0002509803900002 2.0002529882300002 1.99989514822 1.99991590087 0.0009765625
2.0002529882300002 2.0002549960799998 1.9998943955799999 1.9999151482199999 0.0009765625
2.0002549960799998 2.0002570039199998 1.99989364294 1.9999143955800001 0.0009765625
2.0002570039199998 2.0002590117599999 1.9998928903099999 1.99991364294 0.0009765625
2.0002590117599999 2.0002610196099999 1.9998921376700001 1.9999128903100001 0.0009765625
2.0002610196099999 2.00026302745 1.99989138504 1.99991213767 0.0009765625
2.00026302745 2.00026503529 1.9998906324100001 1.9999113850400001 0.0009765625
2.00026503529 2.00026704314 1.99988987978 1.99991063241 0.0009765625
2.00026704314 2.0002690509800001 1.9998891271599999 1.9999098797799999 0.0009765625
2.0002690509800001 2.0002710588200001 1.99988837454 1.99990912716 0.0009765625
2.0002710588200001 2.0002730666700002 1.9998876219199999 1.9999083745399999 0.0009765625
2.0002730666700002 2.0002750745100002 1.9998868693 1.99990762191 0.0009765625
2.0002750745100002 2.0002770823499998 1.9998861166799999 1.9999068692999999 0.0009765625
2.0002770823499998 2.0002790901999998 1.9998853640700001 1.9999061166800001 0.0009765625
2.0002790901999998 2.0002810980399999 1.99988461146 1.99990536407 0.0009765625
2.0002810980399999 2.0002831058799999 1.9998838588500001 1.9999046114600001 0.0009765625
2.0002831058799999 2.00028511373 1.99988310624 1.99990385885 0.0009765625
2.00028511373 2.00028712157 1.9998823536400001 1.9999031062399999 0.0009765625
2.00028712157 2.00028912941 1.99988160104 1.99990235364 0.0009765625
2.00028912941 2.0002911372500001 1.9998808484399999 1.9999016010399999 0.0009765625
2.0002911372500001 2.0002931451000001 1.99988009584 1.99990084844 0.0009765625
2.0002931451000001 2.0002951529400002 1.9998793432499999 1.9999000958399999 0.0009765625
2.0002951529400002 2.0002971607800002 1.9998785906600001 1.9998993432500001 0.0009765625
2.0002971607800002 2.0002991686299998 1.99987783807 1.99989859066 0.0009765625
2.0002991686299998 2.0003011764699998 1.9998770854800001 1.9998978380700001 0.0009765625
2.0003011764699998 2.0003031843099999 1.9998763329 1.99989708548 0.0009765625
2.0003031843099999 2.0003051921599999 1.9998755803199999 1.9998963328999999 0.0009765625
2.0003051921599999 2.0003072 1.99987482774 1.99989558032 0.0009765625
2.0003072 2.00030920784 1.9998740751599999 1.9998948277399999 0.0009765625
2.00030920784 2.00031121569 1.9998733225800001 1.9998940751600001 0.0009765625
2.00031121569 2.0003132235300001 1.99987257001 1.99989332258 0.0009765625
2.0003132235300001 2.0003152313700001 1.9998718174400001 1.9998925700100001 0.0009765625
2.0003152313700001 2.0003172392200002 1.99987106487 1.99989181744 0.0009765625
2.0003172392200002 2.0003192470600002 1.9998703123099999 1.9998910648699999 0.0009765625
2.0003192470600002 2.0003212548999998 1.99986955974 1.99989031231 0.0009765625
2.0003212548999998 2.0003232627399998 1.9998688071799999 1.9998895597399999 0.0009765625
2.0003232627399998 2.0003252705899999 1.9998680546200001 1.9998888071800001 0.0009765625
2.0003252705899999 2.0003272784299999 1.99986730207 1.99988805462 0.0009765625
2.0003272784299999 2.00032928627 1.9998665495100001 1.9998873020700001 0.0009765625
2.00032928627 2.00033129412 1.99986579696 1.99988654951 0.0009765625
2.00033129412 2.00033330196 1.9998650444099999 1.9998857969599999 0.0009765625
2.00033330196 2.0003353098000001 1.99986429187 1.99988504441 0.0009765625
2.0003353098000001 2.0003373176500001 1.9998635393199999 1.9998842918699999 0.0009765625
2.0003373176500001 2.0003393254900002 1.9998627867800001 1.9998835393200001 0.0009765625
2.0003393254900002 2.0003413333300002 1.99986203424 1.99988278678 0.0009765625
2.0003413333300002 2.0003433411799998 1.9998612817000001 1.9998820342400001 0.0009765625
2.0003433411799998 2.0003453490199998 1.99986052917 1.9998812817 0.0009765625
2.0003453490199998 2.0003473568599999 1.9998597766399999 1.9998805291699999 0.0009765625
2.0003473568599999 2.0003493647099999 1.99985902411 1.9998797766400001 0.0009765625
2.0003493647099999 2.00035137255 1.99985827158 1.99987902411 0.0009765625
2.00035137255 2.00035338039 1.9998575190500001 1.9998782715800001 0.0009765625
2.00035338039 2.00035538823 1.99985676653 1.99987751905 0.0009765625
2.00035538823 2.0003573960800001 1.9998560140099999 1.9998767665299999 0.0009765625
2.0003573960800001 2.0003594039200001 1.99985526149 1.99987601401 0.0009765625
2.0003594039200001 2.0003614117600002 1.9998545089699999 1.9998752614899999 0.0009765625
2.0003614117600002 2.0003634196100002 1.9998537564600001 1.9998745089700001 0.0009765625
2.0003634196100002 2.0003654274499998 1.99985300395 1.99987375646 0.0009765625
2.0003654274499998 2.0003674352899998 1.9998522514399999 1.9998730039499999 0.0009765625
2.0003674352899998 2.0003694431399999 1.99985149893 1.99987225144 0.0009765625
2.0003694431399999 2.0003714509799999 1.9998507464299999 1.9998714989299999 0.0009765625
2.0003714509799999 2.00037345882 1.9998499939300001 1.9998707464300001 0.0009765625
2.00037345882 2.00037546667 1.99984924143 1.99986999393 0.0009765625
2.00037546667 2.00037747451 1.9998484889299999 1.9998692414300001 0.0009765625
2.00037747451 2.0003794823500001 1.99984773644 1.99986848893 0.0009765625
2.0003794823500001 2.0003814902000001 1.99982698395 1.9998877364400001 0.0009765625
2.0003814902000001 2.0003834980400002 1.9998262314599999 1.99988698395 0.0009765625
2.0003834980400002 2.0003855058800002 1.9998254789700001 1.9998862314600001 0.0009765625
2.0003855058800002 2.0003875137199998 1.99982472648 1.99988547897 0.0009765625
2.0003875137199998 2.0003895215699998 1.9998239739999999 1.9998847264799999 0.0009765625
2.0003895215699998 2.0003915294099999 1.99982322152 1.9998839740000001 0.0009765625
2.0003915294099999 2.0003935372499999 1.9998224690399999 1.99988322152 0.0009765625
2.0003935372499999 2.0003955450999999 1.9998217165700001 1.9998824690400001 0.0009765625
2.0003955450999999 2.00039755294 1.99982096409 1.99988171657 0.0009765625
2.00039755294 2.00039956078 1.9998202116199999 1.9998809640899999 0.0009765625
2.00039956078 2.0004015686300001 1.99981945915 1.9998802116200001 0.0009765625
2.0004015686300001 2.0004035764700001 1.9998187066899999 1.99987945915 0.0009765625
2.0004035764700001 2.0004055843100002 1.9998179542200001 1.9998787066899999 0.0009765625
2.0004055843100002 2.0004075921600002 1.99981720176 1.99987795422 0.0009765625
2.0004075921600002 2.0004095999999998 1.9998164492999999 1.9998772017599999 0.0009765625
2.0004095999999998 2.0004136156899999 1.99981494439 1.9998764493000001 0.0009765625
2.0004136156899999 2.0004176313699999 1.99981343949 1.9998749443899999 0.0009765625
2.0004176313699999 2.00042164706 1.9998119346000001 1.99987343949 0.0009765625
2.00042164706 2.0004256627400001 1.9998104297199999 1.9998719346 0.0009765625
2.0004256627400001 2.0004296784300002 1.9998089248399999 1.9998704297200001 0.0009765625
2.0004296784300002 2.0004336941199998 1.99980741998 1.9998689248399999 0.0009765625
2.0004336941199998 2.0004377097999999 1.9998059151200001 1.9998674199799999 0.0009765625
2.0004377097999999 2.00044172549 1.9998044102800001 1.99986591512 0.0009765625
2.00044172549 2.0004457411800001 1.9998029054399999 1.9998644102800001 0.0009765625
2.0004457411800001 2.0004497568600002 1.99980140062 1.9998629054399999 0.0009765625
2.0004497568600002 2.0004537725499998 1.9997998958000001 1.99986140062 0.0009765625
2.0004537725499998 2.0004577882299999 1.9997983909999999 1.9998598958 0.0009765625
2.0004577882299999 2.0004618039199999 1.9997968862 1.9998583910000001 0.0009765625
2.0004618039199999 2.00046581961 1.99979538141 1.9998568861999999 0.0009765625
2.00046581961 2.0004698352900001 1.9997938766300001 1.99985538141 0.0009765625
2.0004698352900001 2.0004738509800002 1.9997923718599999 1.99985387663 0.0009765625
2.0004738509800002 2.0004778666699998 1.9997908671 1.9998523718600001 0.0009765625
2.0004778666699998 2.0004818823499999 1.99978936235 1.9998508670999999 0.0009765625
2.0004818823499999 2.00048589804 1.9997878576100001 1.99984936235 0.0009765625
2.00048589804 2.0004899137200001 1.99978635288 1.9998478576100001 0.0009765625
2.0004899137200001 2.0004939294100001 1.99978484816 1.9998463528799999 0.0009765625
2.0004939294100001 2.0004979450999998 1.9997833434500001 1.99984484816 0.0009765625
2.0004979450999998 2.0005019607799999 1.9997818387399999 1.99984334345 0.0009765625
2.0005019607799999 2.0005059764699999 1.99978033405 1.9998418387400001 0.0009765625
2.0005059764699999 2.00050999216 1.9997788293700001 1.9998403340499999 0.0009765625
2.00050999216 2.0005140078400001 1.9997773246899999 1.99983882937 0.0009765625
2.0005140078400001 2.0005180235300002 1.99977582003 1.9998373246900001 0.0009765625
2.0005180235300002 2.0005220392099998 1.9997743153700001 1.9998358200299999 0.0009765625
2.0005220392099998 2.0005260548999999 1.9997728107299999 1.99983431537 0.0009765625
2.0005260548999999 2.00053007059 1.99977130609 1.9998328107300001 0.0009765625
2.00053007059 2.0005340862700001 1.9997698014600001 1.9998313060899999 0.0009765625
2.0005340862700001 2.0005381019600001 1.9997682968499999 1.99982980146 0.0009765625
2.0005381019600001 2.0005421176499998 1.99976679224 1.9998282968500001 0.0009765625
2.0005421176499998 2.0005461333299999 1.9997652876400001 1.9998267922399999 0.0009765625
2.0005461333299999 2.0005501490199999 1.9997637830499999 1.99982528764 0.0009765625
2.0005501490199999 2.0005541647 1.99976227847 1.9998237830500001 0.0009765625
2.0005541647 2.0005581803900001 1.9997607739000001 1.9998222784699999 0.0009765625
2.0005581803900001 2.0005621960800002 1.9997592693399999 1.9998207739 0.0009765625
2.0005621960800002 2.0005662117599998 1.99975776479 1.9998192693400001 0.0009765625
2.0005662117599998 2.0005702274499999 1.9997562602500001 1.99981776479 0.0009765625
2.0005702274499999 2.00057424314 1.9997547557099999 1.99981626025 0.0009765625
2.00057424314 2.0005782588200001 1.99975325119 1.9998147557099999 0.0009765625
2.0005782588200001 2.0005822745100001 1.9997517466800001 1.99981325119 0.0009765625
2.0005822745100001 2.0005862901999998 1.99975024217 1.9998117466800001 0.0009765625
2.0005862901999998 2.0005903058799999 1.9997487376800001 1.9998102421699999 0.0009765625
2.0005903058799999 2.0005943215699999 1.9997472331899999 1.99980873768 0.0009765625
2.0005943215699999 2.00059833725 1.99974572872 1.9998072331900001 0.0009765625
2.00059833725 2.0006023529400001 1.9997442242500001 1.99980572872 0.0009765625
2.0006023529400001 2.0006063686300002 1.9997427198 1.99980422425 0.0009765625
2.0006063686300002 2.0006103843099998 1.99974121535 1.9998027197999999 0.0009765625
2.0006103843099998 2.0006143999999999 1.9997397109099999 1.99980121535 0.0009765625
2.0006143999999999 2.00061841569 1.99973820648 1.9997997109100001 0.0009765625
2.00061841569 2.0006224313700001 1.9997367020600001 1.99979820648 0.0009765625
2.0006224313700001 2.0006264470600001 1.99973519766 1.99979670206 0.0009765625
2.0006264470600001 2.0006304627399998 1.9997336932600001 1.9997951976599999 0.0009765625
2.0006304627399998 2.0006344784299999 1.9997321888699999 1.99979369326 0.0009765625
2.0006344784299999 2.0006384941199999 1.99973068448 1.9997921888700001 0.0009765625
2.0006384941199999 2.0006425098 1.9997291801099999 1.99979068448 0.0009765625
2.0006425098 2.0006465254900001 1.99972767575 1.9997891801100001 0.0009765625
2.0006465254900001 2.0006505411800002 1.9997261714000001 1.9997876757499999 0.0009765625
2.0006505411800002 2.0006545568599998 1.99972466706 1.9997861714 0.0009765625
2.0006545568599998 2.0006585725499999 1.9997231627200001 1.9997846670599999 0.0009765625
2.0006585725499999 2.00066258823 1.9997216583999999 1.99978316272 0.0009765625
2.00066258823 2.0006666039200001 1.99972015408 1.9997816584000001 0.0009765625
2.0006666039200001 2.0006706196100001 1.9997186497799999 1.99978015408 0.0009765625
2.0006706196100001 2.0006746352899998 1.99971714548 1.9997786497800001 0.0009765625
2.0006746352899998 2.0006786509799999 1.9997156411999999 1.99977714548 0.0009765625
2.0006786509799999 2.0006826666699999 1.99971413692 1.9997756412000001 0.0009765625
2.0006826666699999 2.00068668235 1.9997126326500001 1.9997741369199999 0.0009765625
2.00068668235 2.0006906980400001 1.99971112839 1.99977263265 0.0009765625
2.0006906980400001 2.0006947137200002 1.9997096241500001 1.9997711283899999 0.0009765625
2.0006947137200002 2.0006987294099998 1.99970811991 1.99976962415 0.0009765625
2.0006987294099998 2.0007027450999999 1.9997066156800001 1.9997681199099999 0.0009765625
2.0007027450999999 2.00070676078 1.99970511146 1.99976661568 0.0009765625
2.00070676078 2.0007107764700001 1.9997036072500001 1.9997651114599999 0.0009765625
2.0007107764700001 2.0007147921600001 1.99970210305 1.99976360725 0.0009765625
2.0007147921600001 2.0007188078399998 1.9997005988500001 1.9997621030499999 0.0009765625
2.0007188078399998 2.0007228235299999 1.99969909467 1.99976059885 0.0009765625
2.0007228235299999 2.0007268392099999 1.9996975905000001 1.9997590946699999 0.0009765625
2.0007268392099999 2.0007308549 1.99969608634 1.9997575905 0.0009765625
2.0007308549 2.0007348705900001 1.9996945821800001 1.9997560863399999 0.0009765625
2.0007348705900001 2.0007388862700002 1.99969307804 1.99975458218 0.0009765625
2.0007388862700002 2.0007429019599998 1.9996915739000001 1.9997530780399999 0.0009765625
2.0007429019599998 2.0007469176499999 1.99969006978 1.9997515739 0.0009765625
2.0007469176499999 2.00075093333 1.9996885656600001 1.9997500697799999 0.0009765625
2.00075093333 2.0007549490200001 1.99968706156 1.99974856566 0.0009765625
2.0007549490200001 2.0007589647000001 1.9996855574600001 1.9997470615599999 0.0009765625
2.0007589647000001 2.0007629803899998 1.99968405337 1.99974555746 0.0009765625
2.0007629803899998 2.0007669960799999 1.9996825492900001 1.9997440533699999 0.0009765625
2.0007669960799999 2.0007710117599999 1.99968104522 1.9997425492900001 0.0009765625
2.0007710117599999 2.00077502745 1.9996795411699999 1.99974104522 0.0009765625
2.00077502745 2.0007790431400001 1.99967803712 1.9997395411700001 0.0009765625
2.0007790431400001 2.0007830588200002 1.9996765330799999 1.99973803712 0.0009765625
2.0007830588200002 2.0007870745099998 1.9996750290500001 1.9997365330800001 0.0009765625
2.0007870745099998 2.0007910901899999 1.99967352502 1.99973502905 0.0009765625
2.0007910901899999 2.00079510588 1.9996720210100001 1.9997335250199999 0.0009765625
2.00079510588 2.0007991215700001 1.99967051701 1.99973202101 0.0009765625
2.0007991215700001 2.0008031372500001 1.9996690130200001 1.9997305170099999 0.0009765625
2.0008031372500001 2.0008071529400002 1.99966750903 1.9997290130200001 0.0009765625
2.0008071529400002 2.0008111686299999 1.9996660050599999 1.99972750903 0.0009765625
2.0008111686299999 2.0008151843099999 1.99966450109 1.9997260050600001 0.0009765625
2.0008151843099999 2.0008192 1.99966299714 1.99972450109 0.0009765625
2.0008192 2.0008272313700002 1.99965998926 1.9997229971399999 0.0009765625
2.0008272313700002 2.0008352627399999 1.99965698141 1.9997199892599999 0.0009765625
2.0008352627399999 2.0008432941200001 1.9996539736100001 1.99971698141 0.0009765625
2.0008432941200001 2.0008513254900002 1.9996509658399999 1.99971397361 0.0009765625
2.0008513254900002 2.0008593568599999 1.99964795811 1.9997109658400001 0.0009765625
2.0008593568599999 2.0008673882300001 1.99964495042 1.9997079581099999 0.0009765625
2.0008673882300001 2.0008754196099998 1.9996419427600001 1.99970495042 0.0009765625
2.0008754196099998 2.00088345098 1.9996389351499999 1.99970194276 0.0009765625
2.00088345098 2.0008914823500001 1.99963592757 1.9996989351500001 0.0009765625
2.0008914823500001 2.0008995137199999 1.99963292003 1.9996959275699999 0.0009765625
2.0008995137199999 2.0009075451 1.9996299125200001 1.99969292003 0.0009765625
2.0009075451 2.0009155764700002 1.99962690506 1.9996899125200001 0.0009765625
2.0009155764700002 2.0009236078399999 1.99962389763 1.9996869050599999 0.0009765625
2.0009236078399999 2.0009316392100001 1.9996208902399999 1.99968389763 0.0009765625
2.0009316392100001 2.0009396705900002 1.99961788289 1.9996808902400001 0.0009765625
2.0009396705900002 2.0009477019599999 1.9996148755700001 1.9996778828899999 0.0009765625
2.0009477019599999 2.0009557333300001 1.9996118682999999 1.99967487557 0.0009765625
2.0009557333300001 2.0009637646999998 1.99960886106 1.9996718683000001 0.0009765625
2.0009637646999998 2.00097179608 1.9996058538599999 1.99966886106 0.0009765625
2.00097179608 2.0009798274500001 1.9996028467 1.9996658538600001 0.0009765625
2.0009798274500001 2.0009878588199999 1.9995998395700001 1.9996628466999999 0.0009765625
2.0009878588199999 2.00099589019 1.99959683248 1.99965983957 0.0009765625
2.00099589019 2.0010039215700002 1.9995938254300001 1.9996568324799999 0.0009765625
2.0010039215700002 2.0010119529399999 1.99959081842 1.99965382543 0.0009765625
2.0010119529399999 2.0010199843100001 1.9995878114500001 1.9996508184199999 0.0009765625
2.0010199843100001 2.0010280156800002 1.99958480451 1.99964781145 0.0009765625
2.0010280156800002 2.0010360470599999 1.9995817976100001 1.9996448045099999 0.0009765625
2.0010360470599999 2.0010440784300001 1.99957879075 1.99964179761 0.0009765625
2.0010440784300001 2.0010521097999998 1.9995757839299999 1.99963879075 0.0009765625
2.0010521097999998 2.00106014117 1.99957277715 1.9996357839300001 0.0009765625
2.00106014117 2.0010681725500001 1.9995697703999999 1.99963277715 0.0009765625
2.0010681725500001 2.0010762039199999 1.9995667636900001 1.9996297703999999 0.0009765625
2.0010762039199999 2.00108423529 1.99956375702 1.99962676369 0.0009765625
2.00108423529 2.0010922666600002 1.9995607503899999 1.9996237570199999 0.0009765625
2.0010922666600002 2.0011002980399999 1.9995577437900001 1.9996207503900001 0.0009765625
2.0011002980399999 2.0011083294100001 1.99955473723 1.99961774379 0.0009765625
2.0011083294100001 2.0011163607800002 1.9995517307099999 1.9996147372299999 0.0009765625
2.0011163607800002 2.0011243921599999 1.9995487242300001 1.9996117307100001 0.0009765625
2.0011243921599999 2.0011324235300001 1.99954571779 1.99960872423 0.0009765625
2.0011324235300001 2.0011404548999998 1.9995427113799999 1.99960571779 0.0009765625
2.0011404548999998 2.00114848627 1.9995397050099999 1.9996027113799999 0.0009765625
2.00114848627 2.0011565176500001 1.9995366986800001 1.9995997050100001 0.0009765625
2.0011565176500001 2.0011645490199998 1.99953369239 1.99959669868 0.0009765625
2.0011645490199998 2.00117258039 1.99953068613 1.99959369239 0.0009765625
2.00117258039 2.0011806117600002 1.9995276799199999 1.9995906861299999 0.0009765625
2.0011806117600002 2.0011886431399999 1.9995246737400001 1.9995876799200001 0.0009765625
2.0011886431399999 2.0011966745100001 1.9995216675900001 1.99958467374 0.0009765625
2.0011966745100001 2.0012047058800002 1.99951866149 1.99958166759 0.0009765625
2.0012047058800002 2.0012127372499999 1.99951565542 1.99957866149 0.0009765625
2.0012127372499999 2.0012207686300001 1.9995126494 1.9995756554199999 0.0009765625
2.0012207686300001 2.0012287999999998 1.9995096434099999 1.9995726493999999 0.0009765625
2.0012287999999998 2.00123683137 1.9995066374499999 1.9995696434100001 0.0009765625
2.00123683137 2.0012448627400001 1.9995036315400001 1.9995666374500001 0.0009765625
2.0012448627400001 2.0012528941199998 1.9995006256600001 1.9995636315400001 0.0009765625
2.0012528941199998 2.00126092549 1.9994976198200001 1.99956062566 0.0009765625
2.00126092549 2.0012689568600002 1.9994946140200001 1.99955761982 0.0009765625
2.0012689568600002 2.0012769882299999 1.9994916082600001 1.99955461402 0.0009765625
2.0012769882299999 2.00128501961 1.99948860253 1.99955160826 0.0009765625
2.00128501961 2.0012930509800002 1.99941559684 1.99961860253 0.0009765625
2.0012930509800002 2.0013010823499999 1.99941259119 1.99961559684 0.0009765625
2.0013010823499999 2.0013091137200001 1.99940958558 1.99961259119 0.0009765625
2.0013091137200001 2.0013171450999998 1.99940658 1.99960958558 0.0009765625
2.0013171450999998 2.00132517647 1.9994035744700001 1.99960658 0.0009765625
2.00132517647 2.0013332078400001 1.9994005689700001 1.99960357447 0.0009765625
2.0013332078400001 2.0013412392099998 1.9993975635100001 1.99960056897 0.0009765625
2.0013412392099998 2.00134927059 1.9993945580800001 1.9995975635100001 0.0009765625
2.00134927059 2.0013573019600002 1.9993915526999999 1.9995945580800001 0.0009765625
2.0013573019600002 2.0013653333299999 1.9993885473499999 1.9995915527000001 0.0009765625
2.0013653333299999 2.0013733647 1.99938554204 1.9995885473499999 0.0009765625
2.0013733647 2.0013813960800002 1.99938253677 1.9995855420399999 0.0009765625
2.0013813960800002 2.0013894274499999 1.99937953153 1.99958253677 0.0009765625
2.0013894274499999 2.0013974588200001 1.9993765263300001 1.99957953153 0.0009765625
2.0013974588200001 2.0014054901899998 1.9993735211799999 1.99957652633 0.0009765625
2.0014054901899998 2.00141352157 1.9993705160499999 1.9995735211800001 0.0009765625
2.00141352157 2.0014215529400001 1.99936751097 1.9995705160499999 0.0009765625
2.0014215529400001 2.0014295843099998 1.99936450592 1.99956751097 0.0009765625
2.0014295843099998 2.00143761568 1.9993615009200001 1.99956450592 0.0009765625
2.00143761568 2.0014456470600002 1.9993584959499999 1.9995615009200001 0.0009765625
2.0014456470600002 2.0014536784299999 1.99935549101 1.9995584959499999 0.0009765625
2.0014536784299999 2.0014617098 1.99935248612 1.99955549101 0.0009765625
2.0014617098 2.0014697411700002 1.9993494812599999 1.99955248612 0.0009765625
2.0014697411700002 2.0014777725499999 1.99934647644 1.9995494812600001 0.0009765625
2.0014777725499999 2.0014858039200001 1.99934347166 1.9995464764399999 0.0009765625
2.0014858039200001 2.0014938352899998 1.9993404669199999 1.99954347166 0.0009765625
2.0014938352899998 2.00150186666 1.99933746221 1.9995404669200001 0.0009765625
2.00150186666 2.0015098980400001 1.9993344575500001 1.9995374622099999 0.0009765625
2.0015098980400001 2.0015179294099998 1.9993314529099999 1.99953445755 0.0009765625
2.0015179294099998 2.00152596078 1.99932844832 1.9995314529099999 0.0009765625
2.00152596078 2.0015339921500002 1.9993254437700001 1.99952844832 0.0009765625
2.0015339921500002 2.0015420235299999 1.99932243925 1.9995254437700001 0.0009765625
2.0015420235299999 2.0015500549 1.9993194347700001 1.9995224392499999 0.0009765625
2.0015500549 2.0015580862700002 1.9993164303299999 1.99951943477 0.0009765625
2.0015580862700002 2.0015661176399999 1.9993134259300001 1.9995164303299999 0.0009765625
2.0015661176399999 2.0015741490200001 1.9993104215599999 1.99951342593 0.0009765625
2.0015741490200001 2.0015821803899998 1.9993074172300001 1.9995104215599999 0.0009765625
2.0015821803899998 2.00159021176 1.9993044129399999 1.99950741723 0.0009765625
2.00159021176 2.0015982431300001 1.9993014086900001 1.9995044129399999 0.0009765625
2.0015982431300001 2.0016062745099998 1.99929840448 1.99950140869 0.0009765625
2.0016062745099998 2.00161430588 1.9992954003000001 1.9994984044799999 0.0009765625
2.00161430588 2.0016223372500002 1.99929239616 1.9994954003000001 0.0009765625
2.0016223372500002 2.0016303686199999 1.9992893920599999 1.99949239616 0.0009765625
2.0016303686199999 2.0016384 1.99928638799 1.9994893920600001 0.0009765625
2.0016384 2.0016544627399999 1.9992803799800001 1.99948638799 0.0009765625
2.0016544627399999 2.0016705254899998 1.9992743721199999 1.9994803799800001 0.0009765625
2.0016705254899998 2.0016865882300001 1.99926836441 1.9994743721199999 0.0009765625
2.0016865882300001 2.00170265098 1.9992623568400001 1.99946836441 0.0009765625
2.00170265098 2.0017187137199999 1.99925634943 1.9994623568400001 0.0009765625
2.0017187137199999 2.0017347764700002 1.9992503421800001 1.9994563494299999 0.0009765625
2.0017347764700002 2.0017508392100001 1.99924433507 1.9994503421800001 0.0009765625
2.0017508392100001 2.00176690196 1.9992383281099999 1.99944433507 0.0009765625
2.00176690196 2.0017829646999998 1.9992323213000001 1.9994383281100001 0.0009765625
2.0017829646999998 2.0017990274500002 1.99922631465 1.9994323213 0.0009765625
2.0017990274500002 2.00181509019 1.99922030815 1.99942631465 0.0009765625
2.00181509019 2.0018311529399999 1.9992143017899999 1.9994203081499999 0.0009765625
2.0018311529399999 2.0018472156799998 1.9992082955899999 1.9994143017899999 0.0009765625
2.0018472156799998 2.0018632784300001 1.9992022895399999 1.9994082955900001 0.0009765625
2.0018632784300001 2.00187934117 1.9991962836399999 1.9994022895400001 0.0009765625
2.00187934117 2.0018954039199999 1.9991902778899999 1.9993962836400001 0.0009765625
2.0018954039199999 2.0019114666600002 1.99918427229 1.9993902778899999 0.0009765625
2.0019114666600002 2.0019275294100001 1.99917826685 1.9993842722899999 0.0009765625
2.0019275294100001 2.00194359215 1.9991722615500001 1.99937826685 0.0009765625
2.00194359215 2.0019596548999998 1.9991662563999999 1.99937226155 0.0009765625
2.0019596548999998 2.0019757176400002 1.99916025141 1.9993662564000001 0.0009765625
2.0019757176400002 2.00199178039 1.9991542465700001 1.99936025141 0.0009765625
2.00199178039 2.0020078431299999 1.99914824187 1.99935424657 0.0009765625
2.0020078431299999 2.0020239058799998 1.9991422373300001 1.9993482418699999 0.0009765625
2.0020239058799998 2.0020399686200001 1.99913623294 1.99934223733 0.0009765625
2.0020399686200001 2.00205603137 1.9991302286999999 1.99933623294 0.0009765625
2.00205603137 2.0020720941099999 1.9991242246100001 1.9993302287000001 0.0009765625
2.0020720941099999 2.0020881568600002 1.99911822067 1.99932422461 0.0009765625
2.0020881568600002 2.0021042196000001 1.99911221689 1.99931822067 0.0009765625
2.0021042196000001 2.0021202823499999 1.9991062132499999 1.9993122168899999 0.0009765625
2.0021202823499999 2.0021363450899998 1.9991002097599999 1.9993062132499999 0.0009765625
2.0021363450899998 2.0021524078400001 1.9990942064299999 1.9993002097599999 0.0009765625
2.0021524078400001 2.00216847058 1.9990882032499999 1.9992942064300001 0.0009765625
2.00216847058 2.0021845333299999 1.9990822002099999 1.9992882032499999 0.0009765625
2.0021845333299999 2.0022005960699998 1.99907619733 1.9992822002099999 0.0009765625
2.0022005960699998 2.0022166588200001 1.9990701946 1.9992761973299999 0.0009765625
2.0022166588200001 2.00223272156 1.9990641920200001 1.9992701946 0.0009765625
2.00223272156 2.0022487843099999 1.9990581895899999 1.9992641920200001 0.0009765625
2.0022487843099999 2.0022648470600002 1.99905218731 1.9992581895899999 0.0009765625
2.0022648470600002 2.0022809098000001 1.9990461851800001 1.99925218731 0.0009765625
2.0022809098000001 2.0022969725499999 1.9990401832 1.9992461851800001 0.0009765625
2.0022969725499999 2.0023130352899998 1.9990341813800001 1.9992401832 0.0009765625
2.0023130352899998 2.0023290980400001 1.9990281797 1.9992341813800001 0.0009765625
2.0023290980400001 2.00234516078 1.9990221781799999 1.9992281797 0.0009765625
2.00234516078 2.0023612235299999 1.9990161768000001 1.9992221781799999 0.0009765625
2.0023612235299999 2.0023772862699998 1.99901017558 1.9992161768000001 0.0009765625
2.0023772862699998 2.0023933490200001 1.99900417451 1.99921017558 0.0009765625
2.0023933490200001 2.00240941176 1.99899817358 1.99920417451 0.0009765625
2.00240941176 2.0024254745099999 1.99899217281 1.99919817358 0.0009765625
2.0024254745099999 2.0024415372500002 1.99898617219 1.9991921728099999 0.0009765625
2.0024415372500002 2.0024576000000001 1.99898017172 1.9991861721899999 0.0009765625
2.0024576000000001 2.0024736627399999 1.9989741714 1.99918017172 0.0009765625
2.0024736627399999 2.0024897254899998 1.99896817123 1.9991741714 0.0009765625
2.0024897254899998 2.0025057882300001 1.9989621712200001 1.99916817123 0.0009765625
2.0025057882300001 2.00252185098 1.9989561713499999 1.9991621712200001 0.0009765625
2.00252185098 2.0025379137199999 1.99895017163 1.9991561713499999 0.0009765625
2.0025379137199999 2.0025539764700002 1.9989441720700001 1.99915017163 0.0009765625
2.0025539764700002 2.0025700392100001 1.99893817265 1.9991441720700001 0.0009765625
2.0025700392100001 2.00258610196 1.9989321733900001 1.9991381726499999 0.0009765625
2.00258610196 2.0026021646999999 1.99892617428 1.99913217339 0.0009765625
2.0026021646999999 2.0026182274500002 1.9989201753100001 1.9991261742799999 0.0009765625
2.0026182274500002 2.0026342901900001 1.9989141765 1.9991201753100001 0.0009765625
2.0026342901900001 2.0026503529399999 1.99890817784 1.9991141765 0.0009765625
2.0026503529399999 2.0026664156799998 1.9989021793299999 1.9991081778399999 0.0009765625
2.0026664156799998 2.0026824784300001 1.9988961809700001 1.9991021793299999 0.0009765625
2.0026824784300001 2.00269854117 1.9988901827600001 1.9990961809700001 0.0009765625
2.00269854117 2.0027146039199999 1.9988841847000001 1.9990901827600001 0.0009765625
2.0027146039199999 2.0027306666600002 1.9988781867900001 1.9990841847 0.0009765625
2.0027306666600002 2.0027467294100001 1.9988721890300001 1.99907818679 0.0009765625
2.0027467294100001 2.00276279215 1.9988661914300001 1.9990721890300001 0.0009765625
2.00276279215 2.0027788548999998 1.9988601939699999 1.9990661914300001 0.0009765625
2.0027788548999998 2.0027949176400002 1.99885419666 1.9990601939699999 0.0009765625
2.0027949176400002 2.0028109803900001 1.99884819951 1.9990541966599999 0.0009765625
2.0028109803900001 2.0028270431299999 1.9988422025000001 1.99904819951 0.0009765625
2.0028270431299999 2.0028431058799998 1.99883620565 1.9990422025000001 0.0009765625
2.0028431058799998 2.0028591686200001 1.9988302089500001 1.99903620565 0.0009765625
2.0028591686200001 2.00287523137 1.99882421239 1.9990302089500001 0.0009765625
2.00287523137 2.0028912941099999 1.9988182159900001 1.9990242123899999 0.0009765625
2.0028912941099999 2.0029073568600002 1.99881221974 1.9990182159900001 0.0009765625
2.0029073568600002 2.0029234196000001 1.9988062236399999 1.99901221974 0.0009765625
2.0029234196000001 2.00293948235 1.9988002276900001 1.9990062236399999 0.0009765625
2.00293948235 2.0029555450899998 1.9987942318900001 1.9990002276900001 0.0009765625
2.0029555450899998 2.0029716078400002 1.99878823624 1.99899423189 0.0009765625
2.0029716078400002 2.00298767058 1.99878224074 1.99898823624 0.0009765625
2.00298767058 2.0030037333299999 1.99877624539 1.99898224074 0.0009765625
2.0030037333299999 2.0030197960699998 1.99877025019 1.99897624539 0.0009765625
2.0030197960699998 2.0030358588200001 1.99876425514 1.99897025019 0.0009765625
2.0030358588200001 2.00305192156 1.99875826025 1.99896425514 0.0009765625
2.00305192156 2.0030679843099999 1.9987522655000001 1.99895826025 0.0009765625
2.0030679843099999 2.0030840470500002 1.9987462708999999 1.9989522655 0.0009765625
2.0030840470500002 2.0031001098000001 1.99874027646 1.9989462709000001 0.0009765625
2.0031001098000001 2.00311617254 1.99873428216 1.9989402764599999 0.0009765625
2.00311617254 2.0031322352899998 1.9987282880199999 1.99893428216 0.0009765625
2.0031322352899998 2.0031482980300002 1.99872229402 1.9989282880200001 0.0009765625
2.0031482980300002 2.00316436078 1.9987163001799999 1.99892229402 0.0009765625
2.00316436078 2.0031804235199999 1.99871030649 1.9989163001800001 0.0009765625
2.0031804235199999 2.0031964862699998 1.9987043129399999 1.99891030649 0.0009765625
2.0031964862699998 2.0032125490100001 1.9986983195500001 1.9989043129399999 0.0009765625
2.0032125490100001 2.00322861176 1.99869232631 1.9988983195500001 0.0009765625
2.00322861176 2.0032446744999999 1.99868633322 1.99889232631 0.0009765625
2.0032446744999999 2.0032607372500002 1.99868034027 1.99888633322 0.0009765625
2.0032607372500002 2.0032767999900001 1.9986743474799999 1.9988803402699999 0.0009765625
2.0032767999900001 2.0033089254799998 1.9986623623499999 1.9988743474799999 0.0009765625
2.0033089254799998 2.00334105097 1.99865037782 1.9988623623499999 0.0009765625
2.00334105097 2.0033731764699998 1.9986383939000001 1.99885037782 0.0009765625
2.0033731764699998 2.00340530196 1.99862641057 1.9988383939000001 0.0009765625
2.00340530196 2.0034374274500002 1.99861442785 1.99882641057 0.0009765625
2.0034374274500002 2.00346955294 1.99860244572 1.99881442785 0.0009765625
2.00346955294 2.0035016784300002 1.9985904642000001 1.99880244572 0.0009765625
2.0035016784300002 2.0035338039199999 1.99857848328 1.9987904642000001 0.0009765625
2.0035338039199999 2.0035659294100001 1.9985665029599999 1.99877848328 0.0009765625
2.0035659294100001 2.0035980548999999 1.9985545232399999 1.9987665029599999 0.0009765625
2.0035980548999999 2.0036301803900001 1.99854254413 1.9987545232399999 0.0009765625
2.0036301803900001 2.0036623058799998 1.9985305656100001 1.99874254413 0.0009765625
2.0036623058799998 2.00369443137 1.99851858769 1.9987305656100001 0.0009765625
2.00369443137 2.0037265568599998 1.99850661038 1.99871858769 0.0009765625
2.0037265568599998 2.00375868235 1.99849463367 1.99870661038 0.0009765625
2.00375868235 2.0037908078400002 1.9984826575500001 1.99869463367 0.0009765625
2.0037908078400002 2.0038229333299999 1.99847068204 1.9986826575500001 0.0009765625
2.0038229333299999 2.0038550588200001 1.99845870713 1.99867068204 0.0009765625
2.0038550588200001 2.0038871843099999 1.99844673282 1.9986587071299999 0.0009765625
2.0038871843099999 2.0039193098000001 1.99843475911 1.9986467328199999 0.0009765625
2.0039193098000001 2.0039514352899999 1.9984227859999999 1.99863475911 0.0009765625
2.0039514352899999 2.0039835607800001 1.99841081349 1.9986227860000001 0.0009765625
2.0039835607800001 2.0040156862699998 1.99839884159 1.99861081349 0.0009765625
2.0040156862699998 2.00404781176 1.9983868702800001 1.99859884159 0.0009765625
2.00404781176 2.0040799372500002 1.9981748995699999 1.99878687028 0.0009765625
2.0040799372500002 2.00411206274 1.9981629294700001 1.9987748995700001 0.0009765625
2.00411206274 2.0041441882300002 1.99815095996 1.99876292947 0.0009765625
2.0041441882300002 2.0041763137199999 1.99813899105 1.99875095996 0.0009765625
2.0041763137199999 2.0042084392100001 1.9981270227500001 1.99873899105 0.0009765625
2.0042084392100001 2.0042405646999999 1.99811505504 1.99872702275 0.0009765625
2.0042405646999999 2.0042726901900001 1.9981030879399999 1.9987150550399999 0.0009765625
2.0042726901900001 2.0043048156799999 1.9980911214299999 1.9987030879400001 0.0009765625
2.0043048156799999 2.0043369411700001 1.9980791555199999 1.9986911214300001 0.0009765625
2.0043369411700001 2.0043690666599998 1.99806719022 1.9986791555200001 0.0009765625
2.0043690666599998 2.00440119215 1.9980552255099999 1.9986671902199999 0.0009765625
2.00440119215 2.0044333176400002 1.9980432614100001 1.9986552255100001 0.0009765625
2.0044333176400002 2.00446544313 1.9980312978999999 1.99864326141 0.0009765625
2.00446544313 2.0044975686200002 1.99801933499 1.9986312979 0.0009765625
2.0044975686200002 2.0045296941099999 1.9980073726900001 1.9986193349900001 0.0009765625
2.0045296941099999 2.0045618196000001 1.99799541098 1.99860737269 0.0009765625
2.0045618196000001 2.0045939450899999 1.99798344987 1.9985954109799999 0.0009765625
2.0045939450899999 2.0046260705800001 1.99797148937 1.9985834498699999 0.0009765625
2.0046260705800001 2.0046581960699998 1.9979595294600001 1.99857148937 0.0009765625
2.0046581960699998 2.00469032156 1.99794757015 1.99855952946 0.0009765625
2.00469032156 2.0047224470499998 1.99793561144 1.99854757015 0.0009765625
2.0047224470499998 2.00475457254 1.99792365333 1.9985356114399999 0.0009765625
2.00475457254 2.0047866980300002 1.9979116958200001 1.9985236533299999 0.0009765625
2.0047866980300002 2.00481882352 1.9978997389099999 1.99851169582 0.0009765625
2.00481882352 2.0048509490100002 1.9978877825900001 1.9984997389100001 0.0009765625
2.0048509490100002 2.0048830744999999 1.9978758268800001 1.99848778259 0.0009765625
2.0048830744999999 2.0049151999900001 1.9978638717699999 1.99847582688 0.0009765625
2.0049151999900001 2.0049473254799999 1.99785191725 1.9984638717700001 0.0009765625
2.0049473254799999 2.0049794509700001 1.9978399633399999 1.9984519172499999 0.0009765625
2.0049794509700001 2.0050115764599998 1.9978280100200001 1.9984399633400001 0.0009765625
2.0050115764599998 2.00504370195 1.9978160572999999 1.99842801002 0.0009765625
2.00504370195 2.0050758274399998 1.99780410518 1.9984160573 0.0009765625
2.0050758274399998 2.00510795293 1.9977921536600001 1.9984041051799999 0.0009765625
2.00510795293 2.0051400784200002 1.99778020274 1.99839215366 0.0009765625
2.0051400784200002 2.00517220391 1.99776825241 1.9983802027399999 0.0009765625
2.00517220391 2.0052043294000002 1.99775630269 1.9983682524099999 0.0009765625
2.0052043294000002 2.0052364548899999 1.9977443535599999 1.99835630269 0.0009765625
2.0052364548899999 2.0052685803800001 1.99773240504 1.9983443535600001 0.0009765625
2.0052685803800001 2.0053007058699999 1.99772045711 1.99833240504 0.0009765625
2.0053007058699999 2.0053328313600001 1.99770850978 1.9983204571099999 0.0009765625
2.0053328313600001 2.0053649568499998 1.9976965630500001 1.99830850978 0.0009765625
2.0053649568499998 2.00539708234 1.99768461691 1.99829656305 0.0009765625
2.00539708234 2.0054292078299998 1.9976726713799999 1.9982846169099999 0.0009765625
2.0054292078299998 2.00546133332 1.9976607264399999 1.9982726713800001 0.0009765625
2.00546133332 2.0054934588100002 1.9976487821 1.9982607264400001 0.0009765625
2.0054934588100002 2.0055255842999999 1.9976368383600001 1.9982487820999999 0.0009765625
2.0055255842999999 2.0055577097900001 1.99762489522 1.99823683836 0.0009765625
2.0055577097900001 2.0055898352799999 1.9976129526699999 1.9982248952199999 0.0009765625
2.0055898352799999 2.0056219607800001 1.99760101073 1.9982129526700001 0.0009765625
2.0056219607800001 2.0056540862699999 1.99758906938 1.9982010107299999 0.0009765625
2.0056540862699999 2.0056862117600001 1.9975771286299999 1.99818906938 0.0009765625
2.0056862117600001 2.0057183372499998 1.9975651884700001 1.9981771286300001 0.0009765625
2.0057183372499998 2.00575046274 1.9975532489200001 1.99816518847 0.0009765625
2.00575046274 2.0057825882300002 1.9975413099599999 1.99815324892 0.0009765625
2.0057825882300002 2.00581471372 1.9975293716 1.9981413099600001 0.0009765625
2.00581471372 2.0058468392100002 1.9975174338399999 1.9981293715999999 0.0009765625
2.0058468392100002 2.0058789646999999 1.9975054966700001 1.9981174338400001 0.0009765625
2.0058789646999999 2.0059110901900001 1.9974935601099999 1.99810549667 0.0009765625
2.0059110901900001 2.0059432156799999 1.99748162414 1.9980935601100001 0.0009765625
2.0059432156799999 2.0059753411700001 1.9974696887700001 1.9980816241399999 0.0009765625
2.0059753411700001 2.0060074666599998 1.99745775399 1.99806968877 0.0009765625
2.0060074666599998 2.0060395921500001 1.99744581981 1.99805775399 0.0009765625
2.0060395921500001 2.0060717176399998 1.9974338862300001 1.99804581981 0.0009765625
2.0060717176399998 2.00610384313 1.9974219532499999 1.99803388623 0.0009765625
2.00610384313 2.0061359686200002 1.9974100208700001 1.9980219532500001 0.0009765625
2.0061359686200002 2.00616809411 1.99739808908 1.99801002087 0.0009765625
2.00616809411 2.0062002196000002 1.9973861578900001 1.99799808908 0.0009765625
2.0062002196000002 2.0062323450899999 1.9973742272899999 1.99798615789 0.0009765625
2.0062323450899999 2.0062644705800001 1.9973622973 1.9979742272900001 0.0009765625
2.0062644705800001 2.0062965960699999 1.9973503679 1.9979622973 0.0009765625
2.0062965960699999 2.0063287215600001 1.99733843909 1.9979503678999999 0.0009765625
2.0063287215600001 2.0063608470499998 1.99732651089 1.9979384390899999 0.0009765625
2.0063608470499998 2.00639297254 1.9973145832800001 1.99792651089 0.0009765625
2.00639297254 2.0064250980299998 1.99730265626 1.99791458328 0.0009765625
2.0064250980299998 2.00645722352 1.99729072985 1.99790265626 0.0009765625
2.00645722352 2.0064893490100002 1.99727880403 1.9978907298499999 0.0009765625
2.0064893490100002 2.0065214745 1.9972668788000001 1.99787880403 0.0009765625
2.0065214745 2.0065535999900002 1.99725495418 1.9978668788 0.0009765625
2.0065535999900002 2.0066178509700001 1.9972311067099999 1.9978549541799999 0.0009765625
2.0066178509700001 2.0066821019500001 1.9972072616400001 1.9978311067100001 0.0009765625
2.0066821019500001 2.00674635293 1.99718341894 1.99780726164 0.0009765625
2.00674635293 2.00681060391 1.99715957864 1.9977834189400001 0.0009765625
2.00681060391 2.0068748548899999 1.9971357407100001 1.99775957864 0.0009765625
2.0068748548899999 2.0069391058699999 1.9971119051699999 1.99773574071 0.0009765625
2.0069391058699999 2.0070033568499999 1.9970880720199999 1.9977119051700001 0.0009765625
2.0070033568499999 2.0070676078299998 1.9970642412499999 1.9976880720200001 0.0009765625
2.0070676078299998 2.0071318588099998 1.9970404128599999 1.9976642412500001 0.0009765625
2.0071318588099998 2.0071961097900002 1.9970165868500001 1.99764041286 0.0009765625
2.0071961097900002 2.0072603607700001 1.99699276322 1.99761658685 0.0009765625
2.0072603607700001 2.0073246117500001 1.9969689419800001 1.9975927632199999 0.0009765625
2.0073246117500001 2.0073888627300001 1.9969451231199999 1.99756894198 0.0009765625
2.0073888627300001 2.00745311371 1.99692130664 1.9975451231200001 0.0009765625
2.00745311371 2.00751736469 1.99689749254 1.9975213066399999 0.0009765625
2.00751736469 2.0075816156699999 1.9968736808200001 1.99749749254 0.0009765625
2.0075816156699999 2.0076458666499999 1.99684987147 1.99747368082 0.0009765625
2.0076458666499999 2.0077101176299998 1.99682606451 1.99744987147 0.0009765625
2.0077101176299998 2.0077743686099998 1.9968022599299999 1.9974260645099999 0.0009765625
2.0077743686099998 2.0078386196000002 1.9967784577200001 1.9974022599300001 0.0009765625
2.0078386196000002 2.0079028705800002 1.9967546579 1.99737845772 0.0009765625
2.0079028705800002 2.0079671215600001 1.99673086045 1.9973546579000001 0.0009765625
2.0079671215600001 2.0080313725400001 1.9967070653800001 1.99733086045 0.0009765625
2.0080313725400001 2.00809562352 1.9966832726799999 1.99730706538 0.0009765625
2.00809562352 2.0081598745 1.9966594823599999 1.9972832726800001 0.0009765625
2.0081598745 2.00822412548 1.9966356944200001 1.9972594823600001 0.0009765625
2.00822412548 2.0082883764599999 1.9966119088500001 1.99723569442 0.0009765625
2.0082883764599999 2.0083526274399999 1.99658812566 1.99721190885 0.0009765625
2.0083526274399999 2.0084168784199998 1.9965643448499999 1.9971881256599999 0.0009765625
2.0084168784199998 2.0084811293999998 1.9965405664 1.9971643448500001 0.0009765625
2.0084811293999998 2.0085453803800002 1.9965167903400001 1.9971405663999999 0.0009765625
2.0085453803800002 2.0086096313600001 1.9964930166399999 1.99711679034 0.0009765625
2.0086096313600001 2.0086738823400001 1.9964692453199999 1.9970930166400001 0.0009765625
2.0086738823400001 2.0087381333200001 1.9964454763699999 1.9970692453200001 0.0009765625
2.0087381333200001 2.0088023843 1.9964217098000001 1.9970454763700001 0.0009765625
2.0088023843 2.00886663528 1.9963979456000001 1.9970217098 0.0009765625
2.00886663528 2.0089308862599999 1.99637418376 1.9969979456 0.0009765625
2.0089308862599999 2.0089951372399999 1.9963504243000001 1.9969741837599999 0.0009765625
2.0089951372399999 2.0090593882199999 1.99632666721 1.9969504243 0.0009765625
2.0090593882199999 2.0091236391999998 1.9963029125 1.9969266672099999 0.0009765625
2.0091236391999998 2.0091878901800002 1.9962791601500001 1.9969029125 0.0009765625
2.0091878901800002 2.0092521411600002 1.9962554101700001 1.99687916015 0.0009765625
2.0092521411600002 2.0093163921400001 1.9962316625600001 1.99685541017 0.0009765625
2.0093163921400001 2.0093806431200001 1.99620791732 1.99683166256 0.0009765625
2.0093806431200001 2.0094448941 1.99618417445 1.99680791732 0.0009765625
2.0094448941 2.00950914508 1.9961604339400001 1.9967841744499999 0.0009765625
2.00950914508 2.00957339606 1.99613669581 1.99676043394 0.0009765625
2.00957339606 2.0096376470399999 1.9961129600400001 1.9967366958099999 0.0009765625
2.0096376470399999 2.0097018980199999 1.9960892266400001 1.99671296004 0.0009765625
2.0097018980199999 2.0097661489999998 1.9960654955999999 1.99668922664 0.0009765625
2.0097661489999998 2.0098303999799998 1.9960417669299999 1.9966654956000001 0.0009765625
2.0098303999799998 2.0098946509600002 1.9960180406300001 1.9966417669300001 0.0009765625
2.0098946509600002 2.0099589019400002 1.99599431669 1.99661804063 0.0009765625
2.0099589019400002 2.0100231529200001 1.99597059512 1.99659431669 0.0009765625
2.0100231529200001 2.0100874039100001 1.9959468759100001 1.9965705951199999 0.0009765625
2.0100874039100001 2.01015165489 1.99592315907 1.99654687591 0.0009765625
2.01015165489 2.01021590587 1.99589944459 1.9965231590700001 0.0009765625
2.01021590587 2.0102801568499999 1.9958757324700001 1.9964994445899999 0.0009765625
2.0102801568499999 2.0103444078299999 1.9958520227200001 1.99647573247 0.0009765625
2.0103444078299999 2.0104086588099999 1.99582831533 1.99645202272 0.0009765625
2.0104086588099999 2.0104729097899998 1.9958046103 1.99642831533 0.0009765625
2.0104729097899998 2.0105371607700002 1.9957809076299999 1.9964046102999999 0.0009765625
2.0105371607700002 2.0106014117500002 1.9957572073300001 1.9963809076300001 0.0009765625
2.0106014117500002 2.0106656627300001 1.9957335093899999 1.99635720733 0.0009765625
2.0106656627300001 2.0107299137100001 1.9957098138 1.9963335093900001 0.0009765625
2.0107299137100001 2.0107941646900001 1.9956861205800001 1.9963098137999999 0.0009765625
2.0107941646900001 2.01085841567 1.9956624297200001 1.99628612058 0.0009765625
2.01085841567 2.01092266665 1.9956387412100001 1.99626242972 0.0009765625
2.01092266665 2.0109869176299999 1.99561505507 1.99623874121 0.0009765625
2.0109869176299999 2.0110511686099999 1.99559137128 1.99621505507 0.0009765625
2.0110511686099999 2.0111154195899998 1.9955676898600001 1.9961913712799999 0.0009765625
2.0111154195899998 2.0111796705699998 1.99554401079 1.99616768986 0.0009765625
2.0111796705699998 2.0112439215500002 1.9955203340800001 1.9961440107899999 0.0009765625
2.0112439215500002 2.0113081725300002 1.9954966597199999 1.99612033408 0.0009765625
2.0113081725300002 2.0113724235100001 1.9954729877199999 1.9960966597200001 0.0009765625
2.0113724235100001 2.0114366744900001 1.9954493180799999 1.9960729877200001 0.0009765625
2.0114366744900001 2.01150092547 1.9954256507999999 1.9960493180800001 0.0009765625
2.01150092547 2.01156517645 1.9954019858700001 1.9960256508000001 0.0009765625
2.01156517645 2.01162942743 1.99537832329 1.99600198587 0.0009765625
2.01162942743 2.0116936784099999 1.9953546630700001 1.9959783232899999 0.0009765625
2.0116936784099999 2.0117579293899999 1.99533100521 1.99595466307 0.0009765625
2.0117579293899999 2.0118221803699998 1.9953073497 1.9959310052100001 0.0009765625
2.0118221803699998 2.0118864313499998 1.99528369654 1.9959073496999999 0.0009765625
2.0118864313499998 2.0119506823300002 1.99526004574 1.99588369654 0.0009765625
2.0119506823300002 2.0120149333100001 1.99523639729 1.99586004574 0.0009765625
2.0120149333100001 2.0120791842900001 1.99521275119 1.99583639729 0.0009765625
2.0120791842900001 2.0121434352700001 1.9951891074400001 1.9958127511899999 0.0009765625
2.0121434352700001 2.01220768625 1.99516546604 1.99578910744 0.0009765625
2.01220768625 2.01227193723 1.9951418270000001 1.9957654660399999 0.0009765625
2.01227193723 2.0123361882199999 1.9951181903099999 1.995741827 0.0009765625
2.0123361882199999 2.0124004391999999 1.99509455597 1.9957181903100001 0.0009765625
2.0124004391999999 2.0124646901799998 1.99507092397 1.9956945559699999 0.0009765625
2.0124646901799998 2.0125289411599998 1.9950472943299999 1.9956709239699999 0.0009765625
2.0125289411599998 2.0125931921400002 1.9950236670399999 1.9956472943300001 0.0009765625
2.0125931921400002 2.0126574431200002 1.99500004209 1.99562366704 0.0009765625
2.0126574431200002 2.0127216941000001 1.9949764194999999 1.99560004209 0.0009765625
2.0127216941000001 2.0127859450800001 1.99495279925 1.9955764195000001 0.0009765625
2.0127859450800001 2.01285019606 1.9949291813500001 1.99555279925 0.0009765625
2.01285019606 2.01291444704 1.9949055657999999 1.99552918135 0.0009765625
2.01291444704 2.01297869802 1.9948819525999999 1.9955055658 0.0009765625
2.01297869802 2.0130429489999999 1.9948583417400001 1.9954819526000001 0.0009765625
2.0130429489999999 2.0131071999799999 1.99483473323 1.99545834174 0.0009765625
2.0131071999799999 2.01376255998 1.9945940603300001 1.99543473323 0.0009765625
2.01376255998 2.0144179199800001 1.9943536310900001 1.99519406033 0.0009765625
2.0144179199800001 2.0150732799800002 1.99411344508 1.99495363109 0.0009765625
2.0150732799800002 2.0157286399699998 1.99387350191 1.9947134450799999 0.0009765625
2.0157286399699998 2.01638399997 1.9936338011500001 1.9944735019099999 0.0009765625
2.01638399997 2.0170393599700001 1.99339434241 1.99423380115 0.0009765625
2.0170393599700001 2.0176947199700002 1.9931551252699999 1.99399434241 0.0009765625
2.0176947199700002 2.0183500799699998 1.9929161493300001 1.9937551252700001 0.0009765625
2.0183500799699998 2.0190054399699999 1.9926774141900001 1.99351614933 0.0009765625
2.0190054399699999 2.01966079997 1.9924389194300001 1.99327741419 0.0009765625
2.01966079997 2.0203161599700001 1.9922006646499999 1.99303891943 0.0009765625
2.0203161599700001 2.0209715199699998 1.99196264945 1.9928006646500001 0.0009765625
2.0209715199699998 2.0216268799599999 1.9917248734399999 1.9925626494499999 0.0009765625
2.0216268799599999 2.02228223996 1.9914873362000001 1.9923248734400001 0.0009765625
2.02228223996 2.0229375999600001 1.9912500373499999 1.9920873362 0.0009765625
2.0229375999600001 2.0235929599600002 1.99101297647 1.9918500373500001 0.0009765625
2.0235929599600002 2.0242483199599999 1.9907761531699999 1.9916129764699999 0.0009765625
2.0242483199599999 2.02490367996 1.9905395670599999 1.9913761531700001 0.0009765625
2.02490367996 2.0255590399600001 1.99030321774 1.9911395670600001 0.0009765625
2.0255590399600001 2.0262143999600002 1.99006710482 1.9909032177399999 0.0009765625
2.0262143999600002 2.02752511995 1.9895955865699999 1.99066710482 0.0009765625
2.02752511995 2.0288358399500002 1.9891250091699999 1.9901955865700001 0.0009765625
2.0288358399500002 2.0301465599499999 1.9886553695 1.9897250091700001 0.0009765625
2.0301465599499999 2.0314572799500001 1.9881866644499999 1.9892553694999999 0.0009765625
2.0314572799500001 2.0327679999499999 1.9877188909000001 1.9887866644500001 0.0009765625
2.0327679999499999 2.0340787199400001 1.98725204579 1.9883188909 0.0009765625
2.0340787199400001 2.0353894399399999 1.9867861260299999 1.98785204579 0.0009765625
2.0353894399399999 2.0367001599400001 1.98632112857 1.9873861260300001 0.0009765625
2.0367001599400001 2.0380108799399999 1.9858570503599999 1.9869211285699999 0.0009765625
2.0380108799399999 2.0393215999400001 1.98539388838 1.9864570503600001 0.0009765625
2.0393215999400001 2.0406323199299998 1.9849316396200001 1.9859938883799999 0.0009765625
2.0406323199299998 2.04194303993 1.98447030106 1.98553163962 0.0009765625
2.04194303993 2.0432537599299998 1.9840098697299999 1.9850703010599999 0.0009765625
2.0432537599299998 2.04456447993 1.9835503426500001 1.9846098697300001 0.0009765625
2.04456447993 2.0458751999200002 1.98309171686 1.98415034265 0.0009765625
2.0458751999200002 2.04718591992 1.98263398942 1.9836917168599999 0.0009765625
2.04718591992 2.0484966399200002 1.98217715738 1.98323398942 0.0009765625
2.0484966399200002 2.04980735992 1.9817212178400001 1.9827771573799999 0.0009765625
2.04980735992 2.0511180799200002 1.9812661678800001 1.98232121784 0.0009765625
2.0511180799200002 2.0524287999099999 1.98081200461 1.98186616788 0.0009765625
2.0524287999099999 2.0550502399099999 1.9799063266400001 1.9814120046100001 0.0009765625
2.0550502399099999 2.0576716799099999 1.97900416105 1.98050632664 0.0009765625
2.0576716799099999 2.0602931198999999 1.97810548516 1.9796041610499999 0.0009765625
2.0602931198999999 2.0629145598999998 1.9772102764899999 1.9787054851600001 0.0009765625
2.0629145598999998 2.0655359998899998 1.97631851277 1.9778102764900001 0.0009765625
2.0655359998899998 2.0681574398899998 1.97543017193 1.97691851277 0.0009765625
2.0681574398899998 2.0707788798800002 1.9745452321100001 1.97603017193 0.0009765625
2.0707788798800002 2.0734003198800002 1.9736636716 1.97514523211 0.0009765625
2.0734003198800002 2.0760217598800002 1.97278546894 1.9742636715999999 0.0009765625
2.0760217598800002 2.0786431998700001 1.97191060282 1.9733854689400001 0.0009765625
2.0786431998700001 2.0812646398700001 1.9710390521400001 1.9725106028199999 0.0009765625
2.0812646398700001 2.0838860798600001 1.9701707959700001 1.97163905214 0.0009765625
2.0838860798600001 2.08650751986 1.9693058135699999 1.97077079597 0.0009765625
2.08650751986 2.08912895985 1.96844408439 1.9699058135700001 0.0009765625
2.08912895985 2.09175039985 1.9675855880599999 1.9690440843899999 0.0009765625
2.09175039985 2.09437183985 1.96673030438 1.9681855880600001 0.0009765625
2.09437183985 2.0969932798399999 1.9658782133199999 1.9673303043799999 0.0009765625
2.0969932798399999 2.0996147198399999 1.9650292950299999 1.9664782133200001 0.0009765625
2.0996147198399999 2.1022361598299999 1.9641835298500001 1.9656292950300001 0.0009765625
2.1022361598299999 2.1048575998299999 1.96334089826 1.96478352985 0.0009765625
2.1048575998299999 2.1101004798199998 1.9616649586899999 1.96394089826 0.0009765625
2.1101004798199998 2.1153433598100002 1.96000132362 1.9622649586900001 0.0009765625
2.1153433598100002 2.1205862398000002 1.9583498429399999 1.9606013236199999 0.0009765625
2.1205862398000002 2.1258291197900001 1.9567103691000001 1.9589498429400001 0.0009765625
2.1258291197900001 2.1310719997900001 1.95508275702 1.9573103691 0.0009765625
2.1310719997900001 2.13631487978 1.9534668640999999 1.9556827570199999 0.0009765625
2.13631487978 2.14155775977 1.9518625501 1.9540668641000001 0.0009765625
2.14155775977 2.1468006397599999 1.9502696771200001 1.9524625500999999 0.0009765625
2.1468006397599999 2.1520435197499999 1.9486881095399999 1.95086967712 0.0009765625
2.1520435197499999 2.1572863997399998 1.94711771399 1.9492881095400001 0.0009765625
2.1572863997399998 2.1625292797300002 1.9455583592900001 1.9477177139899999 0.0009765625
2.1625292797300002 2.1677721597300001 1.9440099164 1.94615835929 0.0009765625
2.1677721597300001 2.1730150397200001 1.94247225838 1.9446099163999999 0.0009765625
2.1730150397200001 2.17825791971 1.9409452603499999 1.94307225838 0.0009765625
2.17825791971 2.1835007997 1.9394287994399999 1.9415452603500001 0.0009765625
2.1835007997 2.1887436796899999 1.93792275475 1.9400287994400001 0.0009765625
2.1887436796899999 2.1939865596799999 1.9364270073300001 1.9385227547499999 0.0009765625
2.1939865596799999 2.1992294396699998 1.9349414401 1.93702700733 0.0009765625
2.1992294396699998 2.2044723196699998 1.9334659378400001 1.9355414401 0.0009765625
2.2044723196699998 2.2097151996600002 1.93200038716 1.93406593784 0.0009765625
2.2097151996600002 2.2202009596400001 1.9283986957799999 1.9333003871600001 0.0009765625
2.2202009596400001 2.23068671962 1.92553549372 1.9303986957799999 0.0009765625
2.23068671962 2.2411724796099999 1.9227099355499999 1.92753549372 0.0009765625
2.2411724796099999 2.2516582395900002 1.91992120162 1.9247099355499999 0.0009765625
2.2516582395900002 2.2621439995700001 1.91716849702 1.92192120162 0.0009765625
2.2621439995700001 2.27262975955 1.9144510506800001 1.91916849702 0.0009765625
2.27262975955 2.2831155195399999 1.9117681144300001 1.9164510506800001 0.0009765625
2.2831155195399999 2.2936012795199998 1.90911896212 1.9137681144300001 0.0009765625
2.2936012795199998 2.3040870395000002 1.90650288884 1.91111896212 0.0009765625
2.3040870395000002 2.3145727994900001 1.90391921008 1.90850288884 0.0009765625
2.3145727994900001 2.32505855947 1.9013672610200001 1.90591921008 0.0009765625
2.32505855947 2.3355443194499999 1.8988463957699999 1.9033672610200001 0.0009765625
2.3355443194499999 2.3460300794300002 1.8963559867299999 1.9008463957699999 0.0009765625
2.3460300794300002 2.3565158394200001 1.8938954238700001 1.8983559867299999 0.0009765625
2.3565158394200001 2.3670015994 1.8914641141699999 1.8958954238700001 0.0009765625
2.3670015994 2.3774873593799999 1.8890614809599999 1.8934641141699999 0.0009765625
2.3774873593799999 2.3879731193699998 1.8866869633800001 1.8910614809599999 0.0009765625
2.3879731193699998 2.3984588793500001 1.8843400158000001 1.8886869633800001 0.0009765625
2.3984588793500001 2.40894463933 1.88202010733 1.8863400158000001 0.0009765625
2.40894463933 2.4194303993099999 1.87972672128 1.88402010733 0.0009765625
2.4194303993099999 2.4294168373899998 1.8782667417900001 1.88102672128 0.0009765625
2.4294168373899998 2.4394032754700001 1.8761299393299999 1.87886674179 0.0009765625
2.4394032754700001 2.44938971355 1.8740159011899999 1.8767299393300001 0.0009765625
2.44938971355 2.4593761516299999 1.8719242248500001 1.8746159011900001 0.0009765625
2.4593761516299999 2.4693625897100002 1.8698545177300001 1.87252422485 0.0009765625
2.4693625897100002 2.4793490277900001 1.86780639682 1.87045451773 0.0009765625
2.4793490277900001 2.48933546587 1.8657794884000001 1.86840639682 0.0009765625
2.48933546587 2.4993219039399999 1.86377342776 1.8663794884 0.0009765625
2.4993219039399999 2.5093083420200002 1.8617878589100001 1.8643734277599999 0.0009765625
2.5093083420200002 2.5192947801000001 1.8598224343400001 1.86238785891 0.0009765625
2.5192947801000001 2.52928121818 1.85787681473 1.86042243434 0.0009765625
2.52928121818 2.5392676562599998 1.85595066872 1.8584768147299999 0.0009765625
2.5392676562599998 2.5492540943400002 1.85404367265 1.85655066872 0.0009765625
2.5492540943400002 2.55924053242 1.85215551039 1.85464367265 0.0009765625
2.55924053242 2.5692269704999999 1.85028587305 1.85275551039 0.0009765625
2.5692269704999999 2.5792134085799998 1.8484344587899999 1.85088587305 0.0009765625
2.5792134085799998 2.5891998466500001 1.8466009726399999 1.8490344587900001 0.0009765625
2.5891998466500001 2.59918628473 1.8447851262699999 1.84720097264 0.0009765625
2.59918628473 2.6091727228099999 1.8429866378099999 1.8453851262700001 0.0009765625
2.6091727228099999 2.6191591608899998 1.8412052316500001 1.8435866378100001 0.0009765625
2.6191591608899998 2.6291455989700001 1.8394406383099999 1.84180523165 0.0009765625
2.6291455989700001 2.63913203705 1.8376925942 1.8400406383100001 0.0009765625
2.63913203705 2.6491184751299999 1.8359608414999999 1.8382925941999999 0.0009765625
2.6491184751299999 2.6591049132100002 1.8342451280000001 1.8365608415000001 0.0009765625
2.6591049132100002 2.6690913512900001 1.8325452068999999 1.834845128 0.0009765625
2.6690913512900001 2.67907778936 1.8308608367300001 1.8331452069 0.0009765625
2.67907778936 2.6890642274399998 1.82919178114 1.83146083673 0.0009765625
2.6890642274399998 2.6990506655200002 1.8275378088000001 1.82979178114 0.0009765625
2.6990506655200002 2.7090371036000001 1.8258986932300001 1.8281378088 0.0009765625
2.7090371036000001 2.7190235416799999 1.82427421272 1.82649869323 0.0009765625
2.7190235416799999 2.7290099797599998 1.8226641501500001 1.8248742127199999 0.0009765625
2.7290099797599998 2.7389964178400001 1.8210682929099999 1.82326415015 0.0009765625
2.7389964178400001 2.74898285592 1.81948643273 1.8216682929100001 0.0009765625
2.74898285592 2.7589692939999999 1.81791836564 1.8200864327299999 0.0009765625
2.7589692939999999 2.7689557320699998 1.81636389177 1.8185183656399999 0.0009765625
2.7689557320699998 2.7789421701500001 1.8148228153299999 1.81696389177 0.0009765625
2.7789421701500001 2.7989150463099999 1.81108009105 1.81612281533 6.103515625e-05
2.7989150463099999 2.8188879224700001 1.8080887031999999 1.81308009105 0.0009765625
2.8188879224700001 2.8388607986299998 1.8051472204300001 1.8100887031999999 0.0009765625
2.8388607986299998 2.8567651543400001 1.8025516663100001 1.8071472204300001 0.0009765625
2.8567651543400001 2.8746695100399999 1.79999415401 1.8045516663100001 0.0009765625
2.8746695100399999 2.8925738657500002 1.79747376085 1.80199415401 0.0009765625
2.8925738657500002 2.91047822146 1.7949895952899999 1.79947376085 0.0009765625
2.91047822146 2.9283825771699998 1.7925407955199999 1.7969895952899999 0.0009765625
2.9283825771699998 2.9462869328800001 1.7901265282100001 1.7945407955199999 0.0009765625
2.9462869328800001 2.9641912885799999 1.7877459873599999 1.7921265282100001 0.0009765625
2.9641912885799999 2.9820956442900002 1.7853983930999999 1.7897459873599999 0.0009765625
2.9820956442900002 3 1.7830829906300001 1.7873983930999999 0.0009765625
3 3.0196759259300001 1.78057474497 1.7850829906300001 0.0009765625
3.0196759259300001 3.0393518518499998 1.7781035569800001 1.78257474497 0.0009765625
3.0393518518499998 3.0590277777799999 1.7756685210700001 1.7801035569799999 0.0009765625
3.0590277777799999 3.0787037037 1.7732687623700001 1.7776685210700001 0.0009765625
3.0787037037 3.0983796296300001 1.77090343547 1.7752687623700001 0.0009765625
3.0983796296300001 3.1180555555599998 1.76857172311 1.77290343547 0.0009765625
3.1180555555599998 3.1377314814799999 1.7662728349900001 1.77057172311 0.0009765625
3.1377314814799999 3.15740740741 1.7640060066600001 1.7682728349900001 0.0009765625
3.15740740741 3.1770833333300001 1.76177049841 1.7660060066600001 0.0009765625
3.1770833333300001 3.1967592592599998 1.7595655942999999 1.76377049841 0.0009765625
3.1967592592599998 3.2164351851899999 1.7573906011 1.7615655942999999 0.0009765625
3.2164351851899999 3.23611111111 1.75524484748 1.7593906011 0.0009765625
3.23611111111 3.2557870370400002 1.75312768303 1.75724484748 0.0009765625
3.2557870370400002 3.2754629629599998 1.7510384774900001 1.75512768303 0.0009765625
3.2754629629599998 3.29513888889 1.7489766199200001 1.7530384774900001 0.0009765625
3.29513888889 3.3148148148100001 1.7469415179800001 1.7509766199200001 0.0009765625
3.3148148148100001 3.3344907407400002 1.74493259717 1.7489415179800001 0.0009765625
3.3344907407400002 3.3541666666699999 1.74294930015 1.74693259717 0.0009765625
3.3541666666699999 3.37384259259 1.74099108612 1.74494930015 0.0009765625
3.37384259259 3.3935185185200001 1.7390574301499999 1.74299108612 0.0009765625
3.3935185185200001 3.4131944444400002 1.7371478226199999 1.7410574301499999 0.0009765625
3.4131944444400002 3.4328703703699999 1.73526176861 1.7391478226199999 0.0009765625
3.4328703703699999 3.4525462963 1.7333987874100001 1.73726176861 0.0009765625
3.4525462963 3.4722222222200001 1.73155841197 1.7353987874100001 0.0009765625
3.4722222222200001 3.4918981481500002 1.7297401883800001 1.73355841197 0.0009765625
3.4918981481500002 3.5115740740699999 1.7279436754599999 1.7317401883800001 0.0009765625
3.5115740740699999 3.53125 1.72616844425 1.7299436754599999 0.0009765625
3.53125 3.5509259259300001 1.7244140775900001 1.72816844425 0.0009765625
3.5509259259300001 3.5706018518499998 1.72268016972 1.7264140775900001 0.0009765625
3.5706018518499998 3.5902777777799999 1.7209663258800001 1.72468016972 0.0009765625
3.5902777777799999 3.6099537037 1.71927216192 1.7229663258800001 0.0009765625
3.6099537037 3.6296296296300001 1.7175973039300001 1.72127216192 0.0009765625
3.6296296296300001 3.6493055555599998 1.7159413879100001 1.7195973039300001 0.0009765625
3.6493055555599998 3.6689814814799999 1.7143040594100001 1.7179413879100001 0.0009765625
3.6689814814799999 3.68865740741 1.7133849732399999 1.7156040594099999 0.0009765625
3.68865740741 3.7083333333300001 1.71178379314 1.7139849732400001 0.0009765625
3.7083333333300001 3.7280092592599998 1.71020019148 1.7123837931400001 0.0009765625
3.7280092592599998 3.7476851851899999 1.7086338489999999 1.71080019148 0.0009765625
3.7476851851899999 3.76736111111 1.7070844545099999 1.7092338490000001 0.0009765625
3.76736111111 3.7870370370400002 1.7055517046599999 1.7076844545100001 0.0009765625
3.7870370370400002 3.8067129629599998 1.70403530364 1.7061517046600001 0.0009765625
3.8067129629599998 3.82638888889 1.70253496301 1.7046353036399999 0.0009765625
3.82638888889 3.8460648148100001 1.7010504013900001 1.7031349630099999 0.0009765625
3.8460648148100001 3.8657407407400002 1.6995813442800001 1.70165040139 0.0009765625
3.8657407407400002 3.8854166666699999 1.69812752387 1.70018134428 0.0009765625
3.8854166666699999 3.90509259259 1.69668867875 1.6987275238699999 0.0009765625
3.90509259259 3.9247685185200001 1.69526455382 1.6972886787499999 0.0009765625
3.9247685185200001 3.9444444444400002 1.6938548999900001 1.6958645538199999 0.0009765625
3.9444444444400002 3.9641203703699999 1.6924594740800001 1.69445489999 0.0009765625
3.9641203703699999 3.9837962963 1.6910780386099999 1.69305947408 0.0009765625
3.9837962963 4.0034722222200001 1.6897103616 1.6916780386100001 0.0009765625
4.0034722222200001 4.0231481481499998 1.6883562164799999 1.6903103615999999 0.0009765625
4.0231481481499998 4.0428240740700003 1.68701538184 1.68895621648 0.0009765625
4.0428240740700003 4.0625 1.6856876413499999 1.6876153818399999 0.0009765625
4.0625 4.0821759259299997 1.68437278359 1.6862876413500001 0.0009765625
4.0821759259299997 4.1018518518500002 1.6830706018799999 1.6849727835899999 0.0009765625
4.1018518518500002 4.1215277777799999 1.6817808941800001 1.6836706018800001 0.0009765625
4.1215277777799999 4.1412037036999996 1.68050346294 1.68238089418 0.0009765625
4.1412037036999996 4.1608796296300001 1.67923811497 1.6811034629399999 0.0009765625
4.1608796296300001 4.1805555555599998 1.67798466135 1.6798381149699999 0.0009765625
4.1805555555599998 4.2002314814800004 1.6767429172399999 1.67858466135 0.0009765625
4.2002314814800004 4.21990740741 1.67551270183 1.6773429172400001 0.0009765625
4.21990740741 4.2395833333299997 1.6742938382100001 1.6761127018299999 0.0009765625
4.2395833333299997 4.2592592592600003 1.6730861532400001 1.67489383821 0.0009765625
4.2592592592600003 4.2789351851899999 1.6718894774999999 1.67368615324 0.0009765625
4.2789351851899999 4.2986111111099996 1.6707036451099999 1.6724894775000001 0.0009765625
4.2986111111099996 4.3182870370400002 1.6695284937099999 1.6713036451100001 0.0009765625
4.3182870370400002 4.3379629629599998 1.6683638643200001 1.6701284937100001 0.0009765625
4.3379629629599998 4.3576388888900004 1.66720960127 1.66896386432 0.0009765625
4.3576388888900004 4.3773148148100001 1.6660655520900001 1.6678096012700001 0.0009765625
4.3773148148100001 4.3969907407399997 1.66493156745 1.66666555209 0.0009765625
4.3969907407399997 4.4166666666700003 1.66380750108 1.66553156745 0.0009765625
4.4166666666700003 4.43634259259 1.66269320966 1.6644075010799999 0.0009765625
4.43634259259 4.4560185185199996 1.6615885527500001 1.6632932096599999 0.0009765625
4.4560185185199996 4.4756944444400002 1.6604933927600001 1.66218855275 0.0009765625
4.4756944444400002 4.4953703703699999 1.65940759482 1.66109339276 0.0009765625
4.4953703703699999 4.5150462963000004 1.65833102674 1.6600075948199999 0.0009765625
4.5150462963000004 4.5347222222200001 1.65726355893 1.6589310267399999 0.0009765625
4.5347222222200001 4.5543981481499998 1.6562050643499999 1.6578635589299999 0.0009765625
4.5543981481499998 4.5740740740700003 1.6551554184199999 1.6568050643500001 0.0009765625
4.5740740740700003 4.59375 1.6541144990000001 1.6557554184200001 0.0009765625
4.59375 4.6134259259299997 1.65308218629 1.654714499 0.0009765625
4.6134259259299997 4.6331018518500002 1.6520583627700001 1.65368218629 0.0009765625
4.6331018518500002 4.6527777777799999 1.65104291318 1.65265836277 0.0009765625
4.6527777777799999 4.6724537036999996 1.6500357244499999 1.6516429131799999 0.0009765625
4.6724537036999996 4.6921296296300001 1.6490366856300001 1.6506357244500001 0.0009765625
4.6921296296300001 4.7118055555599998 1.6480456878400001 1.64963668563 0.0009765625
4.7118055555599998 4.7314814814800004 1.6470626242599999 1.64864568784 0.0009765625
4.7314814814800004 4.75115740741 1.6460873900399999 1.6476626242600001 0.0009765625
4.75115740741 4.7708333333299997 1.6451198822399999 1.6466873900400001 0.0009765625
4.7708333333299997 4.7905092592600003 1.6441599998400001 1.6457198822400001 0.0009765625
4.7905092592600003 4.8101851851899999 1.6432076436600001 1.64475999984 0.0009765625
4.8101851851899999 4.8298611111099996 1.6422627163100001 1.64380764366 0.0009765625
4.8298611111099996 4.8495370370400002 1.64132512216 1.64286271631 0.0009765625
4.8495370370400002 4.8692129629599998 1.6403947673199999 1.64192512216 0.0009765625
4.8692129629599998 4.8888888888900004 1.63947155955 1.64099476732 0.0009765625
4.8888888888900004 4.9085648148100001 1.63855540828 1.6400715595499999 0.0009765625
4.9085648148100001 4.9282407407399997 1.6376462245100001 1.6391554082799999 0.0009765625
4.9282407407399997 4.9479166666700003 1.6367439208300001 1.63824622451 0.0009765625
4.9479166666700003 4.96759259259 1.63584841136 1.63734392083 0.0009765625
4.96759259259 4.9872685185199996 1.63495961171 1.63644841136 0.0009765625
4.9872685185199996 5.0069444444400002 1.6340774389699999 1.63555961171 0.0009765625
5.0069444444400002 5.0266203703699999 1.63320181163 1.6346774389700001 0.0009765625
5.0266203703699999 5.0462962963000004 1.6323326495999999 1.6338018116299999 0.0009765625
5.0462962963000004 5.0659722222200001 1.63146987417 1.6329326496000001 0.0009765625
5.0659722222200001 5.0856481481499998 1.6306134079500001 1.6320698741699999 0.0009765625
5.0856481481499998 5.1053240740700003 1.6297631748600001 1.63121340795 0.0009765625
5.1053240740700003 5.125 1.6289191001100001 1.63036317486 0.0009765625
5.125 5.1446759259299997 1.6280811101599999 1.62951910011 0.0009765625
5.1446759259299997 5.1643518518500002 1.62724913269 1.6286811101600001 0.0009765625
5.1643518518500002 5.1840277777799999 1.62642309659 1.62784913269 0.0009765625
5.1840277777799999 5.2037037036999996 1.6256029319300001 1.6270230965900001 0.0009765625
5.2037037036999996 5.2233796296300001 1.6247885699 1.62620293193 0.0009765625
5.2233796296300001 5.2430555555599998 1.6239799428599999 1.6253885698999999 0.0009765625
5.2430555555599998 5.2627314814800004 1.6231769842299999 1.6245799428600001 0.0009765625
5.2627314814800004 5.28240740741 1.6223796285400001 1.6237769842300001 0.0009765625
5.28240740741 5.3020833333299997 1.62158781135 1.62297962854 0.0009765625
5.3020833333299997 5.3217592592600003 1.6208014692799999 1.6221878113499999 0.0009765625
5.3217592592600003 5.3414351851899999 1.6200205399500001 1.6214014692800001 0.0009765625
5.3414351851899999 5.3611111111099996 1.61924496197 1.62062053995 0.0009765625
5.3611111111099996 5.3807870370400002 1.6184746749300001 1.6198449619699999 0.0009765625
5.3807870370400002 5.4004629629599998 1.61770961938 1.61907467494 0.0009765625
5.4004629629599998 5.4201388888900004 1.6169497367700001 1.61830961938 0.0009765625
5.4201388888900004 5.4398148148100001 1.61619496951 1.61754973677 0.0009765625
5.4398148148100001 5.4594907407399997 1.6154452608700001 1.6167949695099999 0.0009765625
5.4594907407399997 5.4791666666700003 1.61470055501 1.61604526087 0.0009765625
5.4791666666700003 5.49884259259 1.6139607969600001 1.6153005550099999 0.0009765625
5.49884259259 5.5185185185199996 1.61322593259 1.61456079696 0.0009765625
5.5185185185199996 5.5381944444400002 1.6124959085799999 1.61382593259 0.0009765625
5.5381944444400002 5.5578703703699999 1.6117706724400001 1.6130959085800001 0.0009765625
5.5578703703699999 5.5775462963000004 1.6110501724799999 1.61237067244 0.0009765625
5.5775462963000004 5.5972222222200001 1.61033435777 1.6116501724800001 0.0009765625
5.5972222222200001 5.6168981481499998 1.6096231781599999 1.6109343577699999 0.0009765625
5.6168981481499998 5.6365740740700003 1.6089165842399999 1.61022317816 0.0009765625
5.6365740740700003 5.65625 1.6082145273399999 1.6095165842400001 0.0009765625
5.65625 5.6759259259299997 1.6075169595100001 1.6088145273400001 0.0009765625
5.6759259259299997 5.6956018518500002 1.60682383351 1.60811695951 0.0009765625
5.6956018518500002 5.7152777777799999 1.6061351027999999 1.60742383351 0.0009765625
5.7152777777799999 5.7349537036999996 1.6054507215 1.6067351028000001 0.0009765625
5.7349537036999996 5.7546296296300001 1.6047706444300001 1.6060507214999999 0.0009765625
5.7546296296300001 5.7743055555599998 1.6040948270399999 1.60537064443 0.0009765625
5.7743055555599998 5.7939814814800004 1.60342322544 1.6046948270400001 0.0009765625
5.7939814814800004 5.81365740741 1.6027557963500001 1.60402322544 0.0009765625
5.81365740741 5.8333333333299997 1.6020924971299999 1.60335579635 0.0009765625
5.8333333333299997 5.8530092592600003 1.60143328576 1.6026924971300001 0.0009765625
5.8530092592600003 5.8726851851899999 1.60077812078 1.6020332857599999 0.0009765625
5.8726851851899999 5.8923611111099996 1.60012696135 1.60137812078 0.0009765625
5.8923611111099996 5.9120370370400002 1.5994797671900001 1.6007269613499999 0.0009765625
5.9120370370400002 5.9317129629599998 1.5988364985900001 1.60007976719 0.0009765625
5.9317129629599998 5.9513888888900004 1.5981971163899999 1.59943649859 0.0009765625
5.9513888888900004 5.9710648148100001 1.59756158199 1.5987971163900001 0.0009765625
5.9710648148100001 5.9907407407399997 1.5969298573099999 1.5981615819899999 0.0009765625
5.9907407407399997 6.0104166666700003 1.5963019048 1.5975298573100001 0.0009765625
6.0104166666700003 6.03009259259 1.59567768744 1.5969019047999999 0.0009765625
6.03009259259 6.0497685185199996 1.5950571686899999 1.59627768744 0.0009765625
6.0497685185199996 6.0694444444400002 1.59444031255 1.5956571686900001 0.0009765625
6.0694444444400002 6.0891203703699999 1.5938270834599999 1.5950403125499999 0.0009765625
6.0891203703699999 6.1087962963000004 1.59321744638 1.5944270834600001 0.0009765625
6.1087962963000004 6.1284722222200001 1.5926113667299999 1.5938174463799999 0.0009765625
6.1284722222200001 6.1481481481499998 1.5920088103900001 1.5932113667300001 0.0009765625
6.1481481481499998 6.1678240740700003 1.5914097437000001 1.59260881039 0.0009765625
6.1678240740700003 6.1875 1.5908141334699999 1.5920097437 0.0009765625
6.1875 6.2071759259299997 1.5902219469100001 1.59141413347 0.0009765625
6.2071759259299997 6.2268518518500002 1.5896331517 1.59082194691 0.0009765625
6.2268518518500002 6.2465277777799999 1.58904771592 1.5902331516999999 0.0009765625
6.2465277777799999 6.2662037036999996 1.5884656080999999 1.58964771592 0.0009765625
6.2662037036999996 6.2858796296300001 1.5878867971499999 1.5890656081000001 0.0009765625
6.2858796296300001 6.3055555555599998 1.5873112523999999 1.5884867971500001 0.0009765625
6.3055555555599998 6.3252314814800004 1.5867389435799999 1.5879112524000001 0.0009765625
6.3252314814800004 6.34490740741 1.58616984082 1.5873389435800001 0.0009765625
6.34490740741 6.3645833333299997 1.5856039146100001 1.5867698408199999 0.0009765625
6.3645833333299997 6.3842592592600003 1.5850411358400001 1.58620391461 0.0009765625
6.3842592592600003 6.4039351851899999 1.5844814757600001 1.58564113584 0.0009765625
6.4039351851899999 6.4236111111099996 1.583924906 1.58508147576 0.0009765625
6.4236111111099996 6.4432870370400002 1.58337139855 1.584524906 0.0009765625
6.4432870370400002 6.4629629629599998 1.5828209257400001 1.5839713985499999 0.0009765625
6.4629629629599998 6.4826388888900004 1.5822734602499999 1.58342092574 0.0009765625
6.4826388888900004 6.5023148148100001 1.5817289751200001 1.5828734602500001 0.0009765625
6.5023148148100001 6.5219907407399997 1.58118744372 1.58232897512 0.0009765625
6.5219907407399997 6.5416666666700003 1.58064883975 1.5817874437199999 0.0009765625
6.5416666666700003 6.56134259259 1.5801131372299999 1.58124883975 0.0009765625
6.56134259259 6.5810185185199996 1.5795803105099999 1.5807131372300001 0.0009765625
6.5810185185199996 6.6006944444400002 1.57905033427 1.5801803105100001 0.0009765625
6.6006944444400002 6.6203703703699999 1.57852318347 1.5796503342699999 0.0009765625
6.6203703703699999 6.6400462963000004 1.5779988334099999 1.5791231834699999 0.0009765625
6.6400462963000004 6.6597222222200001 1.57747725966 1.5785988334100001 0.0009765625
6.6597222222200001 6.6793981481499998 1.5769584381099999 1.5780772596599999 0.0009765625
6.6793981481499998 6.6990740740700003 1.57644234494 1.5775584381100001 0.0009765625
6.6990740740700003 6.71875 1.5759289566100001 1.57704234494 0.0009765625
6.71875 6.7384259259299997 1.57541824986 1.57652895661 0.0009765625
6.7384259259299997 6.7581018518500002 1.5749102017300001 1.5760182498599999 0.0009765625
6.7581018518500002 6.7777777777799999 1.57440478952 1.57551020173 0.0009765625
6.7777777777799999 6.7974537036999996 1.57390199079 1.5750047895199999 0.0009765625
6.7974537036999996 6.8171296296300001 1.57340178338 1.57450199079 0.0009765625
6.8171296296300001 6.8368055555599998 1.5729041453999999 1.57400178338 0.0009765625
6.8368055555599998 6.8564814814800004 1.5724090552100001 1.5735041454000001 0.0009765625
6.8564814814800004 6.87615740741 1.5719164914099999 1.57300905521 0.0009765625
6.87615740741 6.8958333333299997 1.5714264328700001 1.5725164914100001 0.0009765625
6.8958333333299997 6.9155092592600003 1.5709388587099999 1.57202643287 0.0009765625
6.9155092592600003 6.9351851851899999 1.5704537482700001 1.5715388587100001 0.0009765625
6.9351851851899999 6.9548611111099996 1.5699710811500001 1.57105374827 0.0009765625
6.9548611111099996 6.9745370370400002 1.56949083718 1.57057108115 0.0009765625
6.9745370370400002 6.9942129629599998 1.5690129964199999 1.57009083718 0.0009765625
6.9942129629599998 7.0138888888900004 1.56853753916 1.5696129964200001 0.0009765625
7.0138888888900004 7.0335648148100001 1.5680644459199999 1.56913753916 0.0009765625
7.0335648148100001 7.0532407407399997 1.56759369743 1.5686644459200001 0.0009765625
7.0532407407399997 7.0729166666700003 1.56712527467 1.5681936974299999 0.0009765625
7.0729166666700003 7.09259259259 1.5666591587900001 1.5677252746699999 0.0009765625
7.09259259259 7.1122685185199996 1.5661953311800001 1.56725915879 0.0009765625
7.1122685185199996 7.1319444444400002 1.5657337734500001 1.56679533118 0.0009765625
7.1319444444400002 7.1516203703699999 1.5652744674000001 1.56633377345 0.0009765625
7.1516203703699999 7.1712962963000004 1.5648173950199999 1.5658744674 0.0009765625
7.1712962963000004 7.1909722222200001 1.56436253854 1.5654173950200001 0.0009765625
7.1909722222200001 7.2106481481499998 1.56390988035 1.5649625385399999 0.0009765625
7.2106481481499998 7.2303240740700003 1.56345940305 1.5645098803499999 0.0009765625
7.2303240740700003 7.25 1.56301108943 1.5640594030499999 0.0009765625
7.25 7.2696759259299997 1.56256492249 1.5636110894299999 0.0009765625
7.2696759259299997 7.2893518518500002 1.5621208853799999 1.5631649224899999 0.0009765625
7.2893518518500002 7.3090277777799999 1.56167896146 1.5627208853800001 0.0009765625
7.3090277777799999 7.3287037036999996 1.56123913426 1.5622789614599999 0.0009765625
7.3287037036999996 7.3483796296300001 1.5608013875 1.56183913426 0.0009765625
7.3483796296300001 7.3680555555599998 1.5603657050699999 1.5614013874999999 0.0009765625
7.3680555555599998 7.3877314814800004 1.55993207103 1.5609657050700001 0.0009765625
7.3877314814800004 7.40740740741 1.5595004696100001 1.5605320710299999 0.0009765625
7.40740740741 7.4270833333299997 1.5590708852299999 1.56010046961 0.0009765625
7.4270833333299997 7.4467592592600003 1.5586433024499999 1.5596708852300001 0.0009765625
7.4467592592600003 7.4664351851899999 1.55821770602 1.5592433024500001 0.0009765625
7.4664351851899999 7.4861111111099996 1.5577940808199999 1.5588177060199999 0.0009765625
7.4861111111099996 7.5057870370400002 1.5573724119200001 1.5583940808200001 0.0009765625
7.5057870370400002 7.5254629629599998 1.5569526845399999 1.55797241192 0.0009765625
7.5254629629599998 7.5451388888900004 1.55653488405 1.5575526845400001 0.0009765625
7.5451388888900004 7.5648148148100001 1.5561189959799999 1.5571348840499999 0.0009765625
7.5648148148100001 7.5844907407399997 1.5557050059999999 1.5567189959800001 0.0009765625
7.5844907407399997 7.6041666666700003 1.55529289995 1.5563050060000001 0.0009765625
7.6041666666700003 7.62384259259 1.5548826638 1.5558928999499999 0.0009765625
7.62384259259 7.6435185185199996 1.5544742836800001 1.5554826638000001 0.0009765625
7.6435185185199996 7.6631944444400002 1.5540677458400001 1.55507428368 0.0009765625
7.6631944444400002 7.6828703703699999 1.5536630366999999 1.55466774584 0.0009765625
7.6828703703699999 7.7025462963000004 1.5532601427999999 1.5542630367000001 0.0009765625
7.7025462963000004 7.7222222222200001 1.55285905083 1.5538601428000001 0.0009765625
7.7222222222200001 7.7418981481499998 1.5524597476099999 1.5534590508299999 0.0009765625
7.7418981481499998 7.7615740740700003 1.5520622201000001 1.5530597476100001 0.0009765625
7.7615740740700003 7.78125 1.5516664553799999 1.5526622201 0.0009765625
7.78125 7.8009259259299997 1.55127244068 1.5522664553800001 0.0009765625
7.8009259259299997 7.8206018518500002 1.55088016334 1.55187244068 0.0009765625
7.8206018518500002 7.8402777777799999 1.5504896108399999 1.5514801633399999 0.0009765625
7.8402777777799999 7.8599537036999996 1.5501007707900001 1.5510896108400001 0.0009765625
7.8599537036999996 7.8796296296300001 1.5497136309099999 1.55070077079 0.0009765625
7.8796296296300001 7.8993055555599998 1.54932817904 1.5503136309100001 0.0009765625
7.8993055555599998 7.9189814814800004 1.5489444031699999 1.5499281790399999 0.0009765625
7.9189814814800004 7.93865740741 1.5485622913799999 1.5495444031700001 0.0009765625
7.93865740741 7.9583333333299997 1.54818183188 1.5491622913800001 0.0009765625
7.9583333333299997 7.9780092592600003 1.54780301299 1.54878183188 0.0009765625
7.9780092592600003 7.9976851851899999 1.54742582316 1.5484030129899999 0.0009765625
7.9976851851899999 8.0173611111100005 1.5470502509399999 1.5480258231599999 0.0009765625
8.0173611111100005 8.0370370370399993 1.546676285 1.5476502509400001 0.0009765625
8.0370370370399993 8.0567129629600007 1.5463039140999999 1.5472762849999999 0.0009765625
8.0567129629600007 8.0763888888899995 1.5459331271400001 1.5469039141000001 0.0009765625
8.0763888888899995 8.0960648148099992 1.5455639131200001 1.54653312714 0.0009765625
8.0960648148099992 8.1157407407399997 1.5451962611300001 1.54616391312 0.0009765625
8.1157407407399997 8.1354166666700003 1.5448301603700001 1.54579626113 0.0009765625
8.1354166666700003 8.15509259259 1.5444656001699999 1.54543016037 0.0009765625
8.15509259259 8.1747685185200005 1.5441025699199999 1.5450656001700001 0.0009765625
8.1747685185200005 8.1944444444400002 1.54374105916 1.5447025699200001 0.0009765625
8.1944444444400002 8.2141203703700008 1.54338105748 1.54434105916 0.0009765625
8.2141203703700008 8.2337962962999995 1.54302255461 1.5439810574799999 0.0009765625
8.2337962962999995 8.2534722222199992 1.54266554036 1.54362255461 0.0009765625
8.2534722222199992 8.2731481481499998 1.54231000463 1.54326554036 0.0009765625
8.2731481481499998 8.2928240740699994 1.54195593743 1.5429100046299999 0.0009765625
8.2928240740699994 8.3125 1.54160332886 1.54255593743 0.0009765625
8.3125 8.3321759259300006 1.5412521691000001 1.5422033288599999 0.0009765625
8.3321759259300006 8.3518518518500002 1.54090244844 1.5418521691 0.0009765625
8.3518518518500002 8.3715277777800008 1.5405541572499999 1.54150244844 0.0009765625
8.3715277777800008 8.3912037037000005 1.540207286 1.54115415725 0.0009765625
8.3912037037000005 8.4108796296299992 1.53986182524 1.5408072859999999 0.0009765625
8.4108796296299992 8.4305555555599998 1.5395177656100001 1.54046182524 0.0009765625
8.4305555555599998 8.4502314814799995 1.5391750978400001 1.54011776561 0.0009765625
8.4502314814799995 8.46990740741 1.5388338127300001 1.53977509784 0.0009765625
8.46990740741 8.4895833333299997 1.5384939011900001 1.53943381273 0.0009765625
8.4895833333299997 8.5092592592600003 1.5381553541999999 1.53909390119 0.0009765625
8.5092592592600003 8.5289351851900008 1.5378181628100001 1.5387553541900001 0.0009765625
8.5289351851900008 8.5486111111100005 1.5374823181699999 1.53841816281 0.0009765625
8.5486111111100005 8.5682870370399993 1.5371478115099999 1.5380823181700001 0.0009765625
8.5682870370399993 8.5879629629600007 1.53681463414 1.5377478115100001 0.0009765625
8.5879629629600007 8.6076388888899995 1.5364827774300001 1.5374146341399999 0.0009765625
8.6076388888899995 8.6273148148099992 1.5361522328499999 1.53708277743 0.0009765625
8.6273148148099992 8.6469907407399997 1.5358229919299999 1.5367522328500001 0.0009765625
8.6469907407399997 8.6666666666700003 1.5354950463000001 1.5364229919300001 0.0009765625
8.6666666666700003 8.68634259259 1.53516838764 1.5360950463 0.0009765625
8.68634259259 8.7060185185200005 1.5348430077099999 1.5357683876399999 0.0009765625
8.7060185185200005 8.7256944444400002 1.53451889836 1.5354430077100001 0.0009765625
8.7256944444400002 8.7453703703700008 1.5341960514899999 1.5351188983599999 0.0009765625
8.7453703703700008 8.7650462962999995 1.53387445909 1.5347960514900001 0.0009765625
8.7650462962999995 8.7847222222199992 1.5335541131999999 1.5344744590899999 0.0009765625
8.7847222222199992 8.8043981481499998 1.53323500596 1.5341541132000001 0.0009765625
8.8043981481499998 8.8240740740699994 1.5329171295499999 1.5338350059600001 0.0009765625
8.8240740740699994 8.84375 1.5326004762400001 1.5335171295500001 0.0009765625
8.84375 8.8634259259300006 1.53228503835 1.53320047624 0.0009765625
8.8634259259300006 8.8831018518500002 1.5319708082800001 1.5328850383499999 0.0009765625
8.8831018518500002 8.9027777777800008 1.5316577785000001 1.53257080828 0.0009765625
8.9027777777800008 8.9224537037000005 1.5313459415299999 1.5322577785 0.0009765625
8.9224537037000005 8.9421296296299992 1.5310352899699999 1.5319459415300001 0.0009765625
8.9421296296299992 8.9618055555599998 1.5307258164599999 1.5316352899700001 0.0009765625
8.9618055555599998 8.9814814814799995 1.53041751374 1.5313258164600001 0.0009765625
8.9814814814799995 9.00115740741 1.53011037458 1.5310175137399999 0.0009765625
9.00115740741 9.0208333333299997 1.5298043918399999 1.5307103745799999 0.0009765625
9.0208333333299997 9.0405092592600003 1.52949955841 1.5304043918400001 0.0009765625
9.0405092592600003 9.0601851851900008 1.5291958672699999 1.5300995584099999 0.0009765625
9.0601851851900008 9.0798611111100005 1.5288933114300001 1.5297958672700001 0.0009765625
9.0798611111100005 9.0995370370399993 1.5285918839999999 1.52949331143 0.0009765625
9.0995370370399993 9.1192129629600007 1.5282915781099999 1.5291918840000001 0.0009765625
9.1192129629600007 9.1388888888899995 1.5279923869600001 1.5288915781100001 0.0009765625
9.1388888888899995 9.1585648148099992 1.5276943038199999 1.52859238696 0.0009765625
9.1585648148099992 9.1782407407399997 1.5273973220099999 1.5282943038200001 0.0009765625
9.1782407407399997 9.1979166666700003 1.5271014348900001 1.52799732201 0.0009765625
9.1979166666700003 9.21759259259 1.5268066359000001 1.52770143489 0.0009765625
9.21759259259 9.2372685185200005 1.5265129185199999 1.5274066359 0.0009765625
9.2372685185200005 9.2569444444400002 1.5262202762799999 1.5271129185200001 0.0009765625
9.2569444444400002 9.2766203703700008 1.5259287027899999 1.5268202762800001 0.0009765625
9.2766203703700008 9.2962962962999995 1.5256381916899999 1.5265287027900001 0.0009765625
9.2962962962999995 9.3159722222199992 1.52534873667 1.5262381916900001 0.0009765625
9.3159722222199992 9.3356481481499998 1.52506033149 1.52594873667 0.0009765625
9.3356481481499998 9.3553240740699994 1.5247729699399999 1.5256603314899999 0.0009765625
9.3553240740699994 9.375 1.5244866458899999 1.52537296994 0.0009765625
9.375 9.3946759259300006 1.5242013532200001 1.5250866458900001 0.0009765625
9.3946759259300006 9.4143518518500002 1.52391708591 1.52480135322 0.0009765625
9.4143518518500002 9.4340277777800008 1.5236338379400001 1.5245170859099999 0.0009765625
9.4340277777800008 9.4537037037000005 1.5233516033700001 1.52423383794 0.0009765625
9.4537037037000005 9.4733796296299992 1.5230703763 1.52395160337 0.0009765625
9.4733796296299992 9.4930555555599998 1.5227901508799999 1.5236703762999999 0.0009765625
9.4930555555599998 9.5127314814799995 1.5225109213000001 1.5233901508800001 0.0009765625
9.5127314814799995 9.53240740741 1.5222326818 1.5231109213 0.0009765625
9.53240740741 9.5520833333299997 1.5219554266799999 1.5228326818 0.0009765625
9.5520833333299997 9.5717592592600003 1.52167915026 1.5225554266800001 0.0009765625
9.5717592592600003 9.5914351851900008 1.52140384693 1.5222791502599999 0.0009765625
9.5914351851900008 9.6111111111100005 1.5211295111100001 1.5220038469299999 0.0009765625
9.6111111111100005 9.6307870370399993 1.52085613727 1.52172951111 0.0009765625
9.6307870370399993 9.6504629629600007 1.5205837199200001 1.52145613727 0.0009765625
9.6504629629600007 9.6701388888899995 1.52031225363 1.52118371992 0.0009765625
9.6701388888899995 9.6898148148099992 1.52004173298 1.5209122536299999 0.0009765625
9.6898148148099992 9.7094907407399997 1.5197721526200001 1.5206417329799999 0.0009765625
9.7094907407399997 9.7291666666700003 1.5195035072400001 1.52037215262 0.0009765625
9.7291666666700003 9.74884259259 1.5192357915700001 1.52010350724 0.0009765625
9.74884259259 9.7685185185200005 1.51896900037 1.51983579157 0.0009765625
9.7685185185200005 9.7881944444400002 1.5187031284500001 1.51956900037 0.0009765625
9.7881944444400002 9.8078703703700008 1.5184381706500001 1.51930312845 0.0009765625
9.8078703703700008 9.8275462962999995 1.51817412189 1.51903817065 0.0009765625
9.8275462962999995 9.8472222222199992 1.5179109770699999 1.5187741218899999 0.0009765625
9.8472222222199992 9.8668981481499998 1.51764873117 1.51851097707 0.0009765625
9.8668981481499998 9.8865740740699994 1.5173873791900001 1.5182487311699999 0.0009765625
9.8865740740699994 9.90625 1.5171269162000001 1.51798737919 0.0009765625
9.90625 9.9259259259300006 1.5168673372599999 1.5177269162 0.0009765625
9.9259259259300006 9.9456018518500002 1.5166086375100001 1.51746733726 0.0009765625
9.9456018518500002 9.9652777777800008 1.51635081209 1.51720863751 0.0009765625
9.9652777777800008 9.9849537037000005 1.5160938562199999 1.5169508120899999 0.0009765625
9.9849537037000005 10.0046296296 1.5158377651199999 1.5166938562200001 0.0009765625
10.0046296296 10.0243055556 1.51558253407 1.5164377651200001 0.0009765625
10.0243055556 10.043981481499999 1.51532815837 1.5161825340699999 0.0009765625
10.043981481499999 10.063657407399999 1.51507463336 1.5159281583699999 0.0009765625
10.063657407399999 10.083333333300001 1.5148219544299999 1.51567463336 0.0009765625
10.083333333300001 10.1030092593 1.5145701169700001 1.5154219544300001 0.0009765625
10.1030092593 10.1226851852 1.5143191164500001 1.51517011697 0.0009765625
10.1226851852 10.1423611111 1.5140689483400001 1.51491911645 0.0009765625
10.1423611111 10.162037036999999 1.5138196081599999 1.51466894834 0.0009765625
10.162037036999999 10.181712963000001 1.51357109146 1.5144196081600001 0.0009765625
10.181712963000001 10.2013888889 1.5133233938099999 1.51417109146 0.0009765625
10.2013888889 10.2210648148 1.5130765108399999 1.5139233938100001 0.0009765625
10.2210648148 10.2407407407 1.51283043819 1.5136765108400001 0.0009765625
10.2407407407 10.260416666699999 1.5125851715500001 1.5134304381899999 0.0009765625
10.260416666699999 10.280092592600001 1.5123407066200001 1.51318517155 0.0009765625
10.280092592600001 10.299768518500001 1.5120970391499999 1.51294070662 0.0009765625
10.299768518500001 10.3194444444 1.5118541649199999 1.5126970391500001 0.0009765625
10.3194444444 10.3391203704 1.5116120797299999 1.5124541649200001 0.0009765625
10.3391203704 10.3587962963 1.51137077942 1.51221207973 0.0009765625
10.3587962963 10.378472222199999 1.51113025986 1.5119707794199999 0.0009765625
10.378472222199999 10.398148148100001 1.51089051694 1.51173025986 0.0009765625
10.398148148100001 10.4178240741 1.5106515466099999 1.5114905169399999 0.0009765625
10.4178240741 10.4375 1.5104133447999999 1.5112515466100001 0.0009765625
10.4375 10.4571759259 1.5101759075200001 1.5110133448 0.0009765625
10.4571759259 10.476851851899999 1.5099392307799999 1.51077590752 0.0009765625
10.476851851899999 10.496527777800001 1.50970331062 1.5105392307800001 0.0009765625
10.496527777800001 10.5162037037 1.5094681431200001 1.5103033106199999 0.0009765625
10.5162037037 10.5358796296 1.50923372438 1.51006814312 0.0009765625
10.5358796296 10.5555555556 1.5090000505400001 1.50983372438 0.0009765625
10.5555555556 10.575231481499999 1.5087671177499999 1.50960005054 0.0009765625
10.575231481499999 10.594907407399999 1.50853492219 1.5093671177500001 0.0009765625
10.594907407399999 10.614583333300001 1.50830346009 1.5091349221899999 0.0009765625
10.614583333300001 10.6342592593 1.5080727276699999 1.50890346009 0.0009765625
10.6342592593 10.6539351852 1.5078427212200001 1.50867272767 0.0009765625
10.6539351852 10.6736111111 1.5076134370200001 1.50844272122 0.0009765625
10.6736111111 10.693287036999999 1.50738487139 1.50821343702 0.0009765625
10.693287036999999 10.712962963000001 1.50715702069 1.5079848713899999 0.0009765625
10.712962963000001 10.7326388889 1.50692988128 1.5077570206899999 0.0009765625
10.7326388889 10.7523148148 1.50670344955 1.50752988128 0.0009765625
10.7523148148 10.7719907407 1.5064777219500001 1.50730344955 0.0009765625
10.7719907407 10.791666666699999 1.5062526948999999 1.50707772195 0.0009765625
10.791666666699999 10.811342592600001 1.5060283648899999 1.5068526949000001 0.0009765625
10.811342592600001 10.831018518500001 1.50580472841 1.5066283648900001 0.0009765625
10.831018518500001 10.8506944444 1.5055817819899999 1.5064047284099999 0.0009765625
10.8506944444 10.8703703704 1.50535952218 1.5061817819900001 0.0009765625
10.8703703704 10.8900462963 1.50513794554 1.50595952218 0.0009765625
10.8900462963 10.909722222199999 1.5049170486600001 1.50573794554 0.0009765625
10.909722222199999 10.929398148100001 1.5046968281799999 1.50551704866 0.0009765625
10.929398148100001 10.9490740741 1.50447728072 1.5052968281800001 0.0009765625
10.9490740741 10.96875 1.5042584029599999 1.5050772807199999 0.0009765625
10.96875 10.9884259259 1.5040401915899999 1.5048584029600001 0.0009765625
10.9884259259 11.008101851899999 1.5038226432999999 1.5046401915900001 0.0009765625
11.008101851899999 11.027777777800001 1.5036057548399999 1.5044226433000001 0.0009765625
11.027777777800001 11.0474537037 1.5033895229700001 1.5042057548400001 0.0009765625
11.0474537037 11.0671296296 1.5031739444500001 1.50398952297 0.0009765625
11.0671296296 11.0868055556 1.5029590160999999 1.50377394445 0.0009765625
11.0868055556 11.106481481499999 1.50274473472 1.5035590161000001 0.0009765625
11.106481481499999 11.126157407399999 1.5025310971700001 1.50334473472 0.0009765625
11.126157407399999 11.145833333300001 1.5023181003199999 1.50313109717 0.0009765625
11.145833333300001 11.1655092593 1.5021057410400001 1.5029181003200001 0.0009765625
11.1655092593 11.1851851852 1.5018940162400001 1.50270574104 0.0009765625
11.1851851852 11.2048611111 1.5016829228499999 1.50249401624 0.0009765625
11.2048611111 11.224537036999999 1.5014724578300001 1.5022829228500001 0.0009765625
11.224537036999999 11.244212963000001 1.5012626181299999 1.50207245783 0.0009765625
11.244212963000001 11.2638888889 1.50105340075 1.5018626181300001 0.0009765625
11.2638888889 11.2835648148 1.5008448027100001 1.50165340075 0.0009765625
11.2835648148 11.3032407407 1.5006368210200001 1.50144480271 0.0009765625
11.3032407407 11.322916666699999 1.5004294527299999 1.50123682102 0.0009765625
11.322916666699999 11.342592592600001 1.5002226949299999 1.5010294527300001 0.0009765625
11.342592592600001 11.362268518500001 1.50001654469 1.5008226949300001 0.0009765625
11.362268518500001 11.3819444444 1.4998109991199999 1.5006165446899999 0.0009765625
11.3819444444 11.4016203704 1.4996060553599999 1.5004109991200001 0.0009765625
11.4016203704 11.4212962963 1.4994017105399999 1.5002060553600001 0.0009765625
11.4212962963 11.440972222199999 1.49919796183 1.5000017105400001 0.0009765625
11.440972222199999 11.460648148100001 1.49899480642 1.4997979618299999 0.0009765625
11.460648148100001 11.4803240741 1.4987922415099999 1.49959480642 0.0009765625
11.4803240741 11.5 1.49859026431 1.4993922415100001 0.0009765625
11.5 11.5196759259 1.49838887208 1.4991902643099999 0.0009765625
11.5196759259 11.539351851899999 1.4981880620500001 1.49898887208 0.0009765625
11.539351851899999 11.559027777800001 1.4979878315099999 1.49878806205 0.0009765625
11.559027777800001 11.5787037037 1.4977881777499999 1.4985878315100001 0.0009765625
11.5787037037 11.5983796296 1.49758909809 1.4983881777500001 0.0009765625
11.5983796296 11.6180555556 1.49739058984 1.4981890980899999 0.0009765625
11.6180555556 11.637731481499999 1.4971926503499999 1.4979905898400001 0.0009765625
11.637731481499999 11.657407407399999 1.4969952769899999 1.4977926503500001 0.0009765625
11.657407407399999 11.677083333300001 1.4967984671200001 1.4975952769900001 0.0009765625
11.677083333300001 11.6967592593 1.4966022181600001 1.49739846712 0.0009765625
11.6967592593 11.7164351852 1.49640652751 1.49720221816 0.0009765625
11.7164351852 11.7361111111 1.4962113926 1.49700652751 0.0009765625
11.7361111111 11.755787036999999 1.49601681088 1.4968113926 0.0009765625
11.755787036999999 11.775462963000001 1.4958227797999999 1.49661681088 0.0009765625
11.775462963000001 11.7951388889 1.49562929685 1.4964227798 0.0009765625
11.7951388889 11.8148148148 1.49543635951 1.4962292968499999 0.0009765625
11.8148148148 11.8344907407 1.49524396531 1.4960363595099999 0.0009765625
11.8344907407 11.854166666699999 1.49505211177 1.49584396531 0.0009765625
11.854166666699999 11.873842592600001 1.49486079642 1.4956521117699999 0.0009765625
11.873842592600001 11.893518518500001 1.49467001682 1.49546079642 0.0009765625
11.893518518500001 11.9131944444 1.4944797705499999 1.4952700168199999 0.0009765625
11.9131944444 11.9328703704 1.4942900552 1.4950797705500001 0.0009765625
11.9328703704 11.9525462963 1.4941008683699999 1.4948900552 0.0009765625
11.9525462963 11.972222222199999 1.49391220766 1.49470086837 0.0009765625
11.972222222199999 11.991898148100001 1.4937240707299999 1.4945122076599999 0.0009765625
11.991898148100001 12.0115740741 1.4935364552199999 1.4943240707300001 0.0009765625
12.0115740741 12.03125 1.49334935878 1.49413645522 0.0009765625
12.03125 12.0509259259 1.4931627790999999 1.4939493587799999 0.0009765625
12.0509259259 12.070601851899999 1.4929767138600001 1.4937627791000001 0.0009765625
12.070601851899999 12.090277777800001 1.49279116078 1.49357671386 0.0009765625
12.090277777800001 12.1099537037 1.4926061175700001 1.4933911607799999 0.0009765625
12.1099537037 12.1296296296 1.49242158197 1.49320611757 0.0009765625
12.1296296296 12.1493055556 1.4922375517299999 1.4930215819699999 0.0009765625
12.1493055556 12.168981481499999 1.4920540246 1.4928375517300001 0.0009765625
12.168981481499999 12.188657407399999 1.49187099836 1.4926540246 0.0009765625
12.188657407399999 12.208333333300001 1.49168847081 1.49247099836 0.0009765625
12.208333333300001 12.2280092593 1.49150643974 1.4922884708099999 0.0009765625
12.2280092593 12.2476851852 1.49132490297 1.4921064397399999 0.0009765625
12.2476851852 12.2673611111 1.4911438583400001 1.4919249029699999 0.0009765625
12.2673611111 12.287037036999999 1.4909633036800001 1.49174385834 0.0009765625
12.287037036999999 12.306712963000001 1.49078323685 1.49156330368 0.0009765625
12.306712963000001 12.3263888889 1.49060365572 1.49138323685 0.0009765625
12.3263888889 12.3460648148 1.49042455817 1.4912036557199999 0.0009765625
12.3460648148 12.3657407407 1.4902459421000001 1.4910245581699999 0.0009765625
12.3657407407 12.385416666699999 1.4900678054200001 1.4908459421 0.0009765625
12.385416666699999 12.405092592600001 1.48989014604 1.49066780542 0.0009765625
12.405092592600001 12.424768518500001 1.4897129619 1.49049014604 0.0009765625
12.424768518500001 12.4444444444 1.4895362509400001 1.4903129619 0.0009765625
12.4444444444 12.4641203704 1.48936001112 1.49013625094 0.0009765625
12.4641203704 12.4837962963 1.48918424042 1.48996001112 0.0009765625
12.4837962963 12.503472222199999 1.4890089368099999 1.4897842404199999 0.0009765625
12.503472222199999 12.523148148100001 1.4888340982899999 1.4896089368100001 0.0009765625
12.523148148100001 12.5428240741 1.48865972286 1.4894340982900001 0.0009765625
12.5428240741 12.5625 1.4884858085399999 1.48925972286 0.0009765625
12.5625 12.5821759259 1.48831235337 1.4890858085400001 0.0009765625
12.5821759259 12.601851851899999 1.48813935537 1.4889123533699999 0.0009765625
12.601851851899999 12.621527777800001 1.4879668126200001 1.4887393553699999 0.0009765625
12.621527777800001 12.6412037037 1.4877947231599999 1.48856681262 0.0009765625
12.6412037037 12.6608796296 1.4876230850900001 1.4883947231600001 0.0009765625
12.6608796296 12.6805555556 1.4874518964700001 1.48822308509 0.0009765625
12.6805555556 12.700231481499999 1.4872811554200001 1.48805189647 0.0009765625
12.700231481499999 12.719907407399999 1.48711086005 1.48788115542 0.0009765625
12.719907407399999 12.739583333300001 1.4869410084600001 1.48771086005 0.0009765625
12.739583333300001 12.7592592593 1.4867715988100001 1.48754100846 0.0009765625
12.7592592593 12.7789351852 1.4866026292200001 1.48737159881 0.0009765625
12.7789351852 12.7986111111 1.4864340978599999 1.48720262922 0.0009765625
12.7986111111 12.818287036999999 1.4862660028800001 1.4870340978600001 0.0009765625
12.818287036999999 12.837962963000001 1.4860983424600001 1.48686600288 0.0009765625
12.837962963000001 12.8576388889 1.4859311147900001 1.48669834246 0.0009765625
12.8576388889 12.8773148148 1.48576431807 1.48653111479 0.0009765625
12.8773148148 12.8969907407 1.4855979505000001 1.4863643180699999 0.0009765625
12.8969907407 12.916666666699999 1.48543201029 1.4861979505 0.0009765625
12.916666666699999 12.936342592600001 1.4852664956899999 1.48603201029 0.0009765625
12.936342592600001 12.956018518500001 1.48510140491 1.4858664956900001 0.0009765625
12.956018518500001 12.9756944444 1.4849367362200001 1.4857014049099999 0.0009765625
12.9756944444 12.9953703704 1.4847724878599999 1.48553673622 0.0009765625
12.9953703704 13.0150462963 1.48460865811 1.4853724878600001 0.0009765625
13.0150462963 13.034722222199999 1.4844452452500001 1.4852086581099999 0.0009765625
13.034722222199999 13.054398148100001 1.4842822475599999 1.48504524525 0.0009765625
13.054398148100001 13.0740740741 1.48411966333 1.4848822475600001 0.0009765625
13.0740740741 13.09375 1.48395749089 1.4847196633299999 0.0009765625
13.09375 13.1134259259 1.4837957285300001 1.4845574908900001 0.0009765625
13.1134259259 13.133101851899999 1.4836343746 1.48439572853 0.0009765625
13.133101851899999 13.152777777800001 1.4834734274200001 1.4842343746 0.0009765625
13.152777777800001 13.1724537037 1.4833128853399999 1.48407342742 0.0009765625
13.1724537037 13.1921296296 1.4831527467200001 1.4839128853400001 0.0009765625
13.1921296296 13.2118055556 1.4829930099099999 1.48375274672 0.0009765625
13.2118055556 13.231481481499999 1.48283367329 1.4835930099100001 0.0009765625
13.231481481499999 13.251157407399999 1.48267473525 1.48343367329 0.0009765625
13.251157407399999 13.270833333300001 1.48251619417 1.48327473525 0.0009765625
13.270833333300001 13.2905092593 1.4823580484600001 1.48311619417 0.0009765625
13.2905092593 13.3101851852 1.4822002965200001 1.48295804846 0.0009765625
13.3101851852 13.3298611111 1.4820429367800001 1.48280029652 0.0009765625
13.3298611111 13.349537036999999 1.48188596765 1.48264293678 0.0009765625
13.349537036999999 13.369212963000001 1.4817293875799999 1.48248596765 0.0009765625
13.369212963000001 13.3888888889 1.48157319501 1.4823293875800001 0.0009765625
13.3888888889 13.4085648148 1.4814173883899999 1.4821731950100001 0.0009765625
13.4085648148 13.4282407407 1.4812619661799999 1.4820173883900001 0.0009765625
13.4282407407 13.447916666699999 1.4811069268599999 1.4818619661800001 0.0009765625
13.447916666699999 13.467592592600001 1.4809522689000001 1.4817069268600001 0.0009765625
13.467592592600001 13.487268518500001 1.48079799079 1.4815522689 0.0009765625
13.487268518500001 13.5069444444 1.4806440910200001 1.4813979907899999 0.0009765625
13.5069444444 13.5266203704 1.4804905681 1.48124409102 0.0009765625
13.5266203704 13.5462962963 1.4803374205399999 1.4810905680999999 0.0009765625
13.5462962963 13.565972222199999 1.48018464687 1.4809374205400001 0.0009765625
13.565972222199999 13.585648148100001 1.4800322455999999 1.4807846468700001 0.0009765625
13.585648148100001 13.6053240741 1.4798802152699999 1.4806322456000001 0.0009765625
13.6053240741 13.625 1.4797285544300001 1.4804802152700001 0.0009765625
13.625 13.6446759259 1.47957726164 1.48032855443 0.0009765625
13.6446759259 13.664351851899999 1.4794263354399999 1.48017726164 0.0009765625
13.664351851899999 13.684027777800001 1.47927577441 1.4800263354400001 0.0009765625
13.684027777800001 13.7037037037 1.47912557713 1.47987577441 0.0009765625
13.7037037037 13.7233796296 1.4789757421700001 1.47972557713 0.0009765625
13.7233796296 13.7430555556 1.47882626813 1.47957574217 0.0009765625
13.7430555556 13.762731481499999 1.4786771536000001 1.4794262681300001 0.0009765625
13.762731481499999 13.782407407399999 1.4785283972000001 1.4792771536 0.0009765625
13.782407407399999 13.802083333300001 1.47837999753 1.4791283972 0.0009765625
13.802083333300001 13.8217592593 1.4782319532199999 1.47897999753 0.0009765625
13.8217592593 13.8414351852 1.4780842628899999 1.4788319532200001 0.0009765625
13.8414351852 13.8611111111 1.4779369251900001 1.4786842628900001 0.0009765625
13.8611111111 13.880787036999999 1.47778993875 1.47853692519 0.0009765625
13.880787036999999 13.900462963000001 1.47764330222 1.4783899387499999 0.0009765625
13.900462963000001 13.9201388889 1.4774970142599999 1.4782433022200001 0.0009765625
13.9201388889 13.9398148148 1.4773510735499999 1.4780970142600001 0.0009765625
13.9398148148 13.9594907407 1.47720547873 1.4779510735500001 0.0009765625
13.9594907407 13.979166666699999 1.4770602285100001 1.4778054787299999 0.0009765625
13.979166666699999 13.998842592600001 1.4769153215599999 1.47766022851 0.0009765625
13.998842592600001 14.018518518500001 1.4767707565699999 1.4775153215600001 0.0009765625
14.018518518500001 14.0381944444 1.4766265322500001 1.4773707565700001 0.0009765625
14.0381944444 14.0578703704 1.4764826472999999 1.47722653225 0.0009765625
14.0578703704 14.0775462963 1.4763391004299999 1.4770826473000001 0.0009765625
14.0775462963 14.097222222199999 1.4761958903700001 1.4769391004300001 0.0009765625
14.097222222199999 14.116898148100001 1.47605301584 1.47679589037 0.0009765625
14.116898148100001 14.1365740741 1.4759104755800001 1.47665301584 0.0009765625
14.1365740741 14.15625 1.47576826832 1.47651047558 0.0009765625
14.15625 14.1759259259 1.47562639281 1.4763682683199999 0.0009765625
14.1759259259 14.195601851899999 1.47548484781 1.4762263928099999 0.0009765625
14.195601851899999 14.215277777800001 1.47534363208 1.4760848478099999 0.0009765625
14.215277777800001 14.2349537037 1.47520274438 1.4759436320799999 0.0009765625
14.2349537037 14.2546296296 1.47506218348 1.4758027443799999 0.0009765625
14.2546296296 14.2743055556 1.47492194816 1.4756621834799999 0.0009765625
14.2743055556 14.293981481499999 1.47478203722 1.4755219481599999 0.0009765625
14.293981481499999 14.313657407399999 1.4746424494299999 1.4753820372199999 0.0009765625
14.313657407399999 14.333333333300001 1.4745031836 1.47524244943 0.0009765625
14.333333333300001 14.3530092593 1.47436423854 1.4751031835999999 0.0009765625
14.3530092593 14.3726851852 1.47422561304 1.4749642385399999 0.0009765625
14.3726851852 14.3923611111 1.4740873059399999 1.4748256130399999 0.0009765625
14.3923611111 14.412037036999999 1.4739493160499999 1.4746873059400001 0.0009765625
14.412037036999999 14.431712963000001 1.47381164219 1.4745493160500001 0.0009765625
14.431712963000001 14.4513888889 1.47367428322 1.47441164219 0.0009765625
14.4513888889 14.4710648148 1.47353723795 1.47427428322 0.0009765625
14.4710648148 14.4907407407 1.4734005052500001 1.47413723795 0.0009765625
14.4907407407 14.510416666699999 1.47326408397 1.47400050525 0.0009765625
14.510416666699999 14.530092592600001 1.47312797295 1.4738640839699999 0.0009765625
14.530092592600001 14.549768518500001 1.47299217107 1.4737279729499999 0.0009765625
14.549768518500001 14.5694444444 1.4728566772 1.47359217107 0.0009765625
14.5694444444 14.5891203704 1.4727214902100001 1.4734566772 0.0009765625
14.5891203704 14.6087962963 1.4725866089799999 1.47332149021 0.0009765625
14.6087962963 14.628472222199999 1.4724520324000001 1.4731866089800001 0.0009765625
14.628472222199999 14.648148148100001 1.4723177593600001 1.4730520324 0.0009765625
14.648148148100001 14.6678240741 1.47218378876 1.47291775936 0.0009765625
14.6678240741 14.6875 1.4720501195 1.4727837887599999 0.0009765625
14.6875 14.7071759259 1.4719167504999999 1.4726501194999999 0.0009765625
14.7071759259 14.726851851899999 1.47178368066 1.4725167505000001 0.0009765625
14.726851851899999 14.746527777800001 1.4716509089100001 1.4723836806599999 0.0009765625
14.746527777800001 14.7662037037 1.4715184341800001 1.47225090891 0.0009765625
14.7662037037 14.7858796296 1.4713862553799999 1.47211843418 0.0009765625
14.7858796296 14.8055555556 1.4712543714699999 1.4719862553800001 0.0009765625
14.8055555556 14.825231481499999 1.4711227813800001 1.4718543714700001 0.0009765625
14.825231481499999 14.844907407399999 1.47099148405 1.47172278138 0.0009765625
14.844907407399999 14.864583333300001 1.4708604784399999 1.47159148405 0.0009765625
14.864583333300001 14.8842592593 1.4707297635100001 1.4714604784400001 0.0009765625
14.8842592593 14.9039351852 1.47059933822 1.47132976351 0.0009765625
14.9039351852 14.9236111111 1.47046920154 1.4711993382199999 0.0009765625
14.9236111111 14.943287036999999 1.4703393524299999 1.47106920154 0.0009765625
14.943287036999999 14.962962963000001 1.47020978988 1.4709393524300001 0.0009765625
14.962962963000001 14.9826388889 1.4700805128700001 1.4708097898800001 0.0009765625
14.9826388889 15.0023148148 1.46995152039 1.47068051287 0.0009765625
15.0023148148 15.0219907407 1.46982281143 1.4705515203899999 0.0009765625
15.0219907407 15.041666666699999 1.4696943849799999 1.47042281143 0.0009765625
15.041666666699999 15.061342592600001 1.46956624006 1.4702943849800001 0.0009765625
15.061342592600001 15.081018518500001 1.46943837566 1.47016624006 0.0009765625
15.081018518500001 15.1006944444 1.4693107908 1.47003837566 0.0009765625
15.1006944444 15.1203703704 1.4691834845 1.4699107908 0.0009765625
15.1203703704 15.1400462963 1.4690564557800001 1.4697834845 0.0009765625
15.1400462963 15.159722222199999 1.46892970366 1.46965645578 0.0009765625
15.159722222199999 15.179398148100001 1.46880322718 1.4695297036599999 0.0009765625
15.179398148100001 15.1990740741 1.4686770253700001 1.4694032271799999 0.0009765625
15.1990740741 15.21875 1.46855109728 1.46927702537 0.0009765625
15.21875 15.2384259259 1.46842544194 1.4691510972799999 0.0009765625
15.2384259259 15.258101851899999 1.4683000584100001 1.46902544194 0.0009765625
15.258101851899999 15.277777777800001 1.46817494575 1.46890005841 0.0009765625
15.277777777800001 15.2974537037 1.4680501030099999 1.4687749457499999 0.0009765625
15.2974537037 15.3171296296 1.46792552926 1.4686501030100001 0.0009765625
15.3171296296 15.3368055556 1.46780122356 1.4685255292599999 0.0009765625
15.3368055556 15.356481481499999 1.4676771849900001 1.4684012235599999 0.0009765625
15.356481481499999 15.376157407399999 1.4675534126200001 1.46827718499 0.0009765625
15.376157407399999 15.395833333300001 1.46742990554 1.46815341262 0.0009765625
15.395833333300001 15.4155092593 1.46730666283 1.4680299055399999 0.0009765625
15.4155092593 15.4351851852 1.4671836835900001 1.4679066628299999 0.0009765625
15.4351851852 15.4548611111 1.4670609669000001 1.46778368359 0.0009765625
15.4548611111 15.474537036999999 1.46693851186 1.4676609669 0.0009765625
15.474537036999999 15.494212963000001 1.46681631759 1.46753851186 0.0009765625
15.494212963000001 15.5138888889 1.4666943831799999 1.4674163175899999 0.0009765625
15.5138888889 15.5335648148 1.4665727077599999 1.4672943831800001 0.0009765625
15.5335648148 15.5532407407 1.46645129042 1.4671727077600001 0.0009765625
15.5532407407 15.572916666699999 1.4663301303 1.4670512904199999 0.0009765625
15.572916666699999 15.592592592600001 1.46620922652 1.4669301303 0.0009765625
15.592592592600001 15.612268518500001 1.4660885782099999 1.4668092265199999 0.0009765625
15.612268518500001 15.6319444444 1.4659681845000001 1.4666885782100001 0.0009765625
15.6319444444 15.6516203704 1.4658480445199999 1.4665681845 0.0009765625
15.6516203704 15.6712962963 1.4657281574300001 1.4664480445200001 0.0009765625
15.6712962963 15.690972222199999 1.4656085223499999 1.46632815743 0.0009765625
15.690972222199999 15.710648148100001 1.46548913845 1.4662085223500001 0.0009765625
15.710648148100001 15.7303240741 1.46537000486 1.4660891384500001 0.0009765625
15.7303240741 15.75 1.4652511207600001 1.46597000486 0.0009765625
15.75 15.7696759259 1.4651324853000001 1.46585112076 0.0009765625
15.7696759259 15.789351851899999 1.4650140976499999 1.4657324853 0.0009765625
15.789351851899999 15.809027777800001 1.46489595697 1.4656140976500001 0.0009765625
15.809027777800001 15.8287037037 1.46477806243 1.4654959569699999 0.0009765625
15.8287037037 15.8483796296 1.4646604132200001 1.4653780624299999 0.0009765625
15.8483796296 15.8680555556 1.46454300851 1.46526041322 0.0009765625
15.8680555556 15.887731481499999 1.46442584749 1.4651430085099999 0.0009765625
15.887731481499999 15.907407407399999 1.46430892934 1.46502584749 0.0009765625
15.907407407399999 15.927083333300001 1.46419225325 1.4649089293399999 0.0009765625
15.927083333300001 15.9467592593 1.46407581843 1.46479225325 0.0009765625
15.9467592593 15.9664351852 1.4639596240599999 1.4646758184299999 0.0009765625
15.9664351852 15.9861111111 1.4638436693500001 1.4645596240600001 0.0009765625
15.9861111111 16.005787037000001 1.4637279535200001 1.46444366935 0.0009765625
16.005787037000001 16.025462962999999 1.46361247576 1.46432795352 0.0009765625
16.025462962999999 16.045138888899999 1.46349723528 1.4642124757599999 0.0009765625
16.045138888899999 16.064814814799998 1.46338223132 1.4640972352799999 0.0009765625
16.064814814799998 16.084490740700002 1.46326746309 1.4639822313199999 0.0009765625
16.084490740700002 16.104166666699999 1.4631529297999999 1.4638674630899999 0.0009765625
16.104166666699999 16.123842592599999 1.4630386307000001 1.4637529298 0.0009765625
16.123842592599999 16.143518518499999 1.462924565 1.4636386307 0.0009765625
16.143518518499999 16.163194444399998 1.4628107319600001 1.4635245649999999 0.0009765625
16.163194444399998 16.1828703704 1.4626971307900001 1.46341073196 0.0009765625
16.1828703704 16.2025462963 1.4625837607500001 1.46329713079 0.0009765625
16.2025462963 16.222222222199999 1.46247062109 1.46318376075 0.0009765625
16.222222222199999 16.241898148099999 1.4623577110399999 1.46307062109 0.0009765625
16.241898148099999 16.2615740741 1.46224502986 1.4629577110400001 0.0009765625
16.2615740741 16.28125 1.4621325768 1.46284502986 0.0009765625
16.28125 16.3009259259 1.4620203511300001 1.4627325767999999 0.0009765625
16.3009259259 16.320601851900001 1.46190835211 1.46262035113 0.0009765625
16.320601851900001 16.340277777800001 1.461796579 1.46250835211 0.0009765625
16.340277777800001 16.3599537037 1.46168503107 1.462396579 0.0009765625
16.3599537037 16.3796296296 1.4615737075899999 1.46228503107 0.0009765625
16.3796296296 16.399305555600002 1.4614626078399999 1.4621737075900001 0.0009765625
16.399305555600002 16.418981481500001 1.4613517310899999 1.4620626078400001 0.0009765625
16.418981481500001 16.438657407400001 1.4612410766299999 1.4619517310900001 0.0009765625
16.438657407400001 16.458333333300001 1.46113064374 1.4618410766300001 0.0009765625
16.458333333300001 16.478009259299998 1.46102043172 1.4617306437399999 0.0009765625
16.478009259299998 16.497685185200002 1.4609104398399999 1.4616204317199999 0.0009765625
16.497685185200002 16.517361111100001 1.46080066741 1.4615104398400001 0.0009765625
16.517361111100001 16.537037037000001 1.46069111372 1.46140066741 0.0009765625
16.537037037000001 16.556712962999999 1.4605817780699999 1.46129111372 0.0009765625
16.556712962999999 16.576388888899999 1.46047265977 1.46118177807 0.0009765625
16.576388888899999 16.596064814799998 1.46036375812 1.4610726597699999 0.0009765625
16.596064814799998 16.615740740700002 1.4602550724400001 1.4609637581199999 0.0009765625
16.615740740700002 16.635416666699999 1.46014660203 1.46085507244 0.0009765625
16.635416666699999 16.655092592599999 1.4600383462199999 1.46074660203 0.0009765625
16.655092592599999 16.674768518499999 1.45993030431 1.4606383462200001 0.0009765625
16.674768518499999 16.694444444399998 1.45982247564 1.46053030431 0.0009765625
16.694444444399998 16.7141203704 1.45971485953 1.4604224756399999 0.0009765625
16.7141203704 16.7337962963 1.4596074553 1.46031485953 0.0009765625
16.7337962963 16.753472222199999 1.45950026228 1.4602074553 0.0009765625
16.753472222199999 16.773148148099999 1.45939327982 1.4601002622799999 0.0009765625
16.773148148099999 16.7928240741 1.4592865072400001 1.4599932798199999 0.0009765625
16.7928240741 16.8125 1.4591799438899999 1.45988650724 0.0009765625
16.8125 16.8321759259 1.45907358911 1.4597799438900001 0.0009765625
16.8321759259 16.851851851900001 1.4589674422400001 1.4596735891099999 0.0009765625
16.851851851900001 16.871527777800001 1.45886150263 1.45956744224 0.0009765625
16.871527777800001 16.8912037037 1.45875576963 1.45946150263 0.0009765625
16.8912037037 16.9108796296 1.4586502426000001 1.4593557696299999 0.0009765625
16.9108796296 16.930555555600002 1.4585449208900001 1.4592502426 0.0009765625
16.930555555600002 16.950231481500001 1.4584398038699999 1.45914492089 0.0009765625
16.950231481500001 16.969907407400001 1.45833489088 1.4590398038700001 0.0009765625
16.969907407400001 16.989583333300001 1.45823018131 1.4589348908799999 0.0009765625
16.989583333300001 17.009259259299998 1.45812567451 1.45883018131 0.0009765625
17.009259259299998 17.028935185200002 1.45802136986 1.4587256745099999 0.0009765625
17.028935185200002 17.048611111100001 1.45791726673 1.4586213698599999 0.0009765625
17.048611111100001 17.068287037000001 1.45781336449 1.4585172667299999 0.0009765625
17.068287037000001 17.087962962999999 1.4577096625299999 1.4584133644899999 0.0009765625
17.087962962999999 17.107638888899999 1.4576061602199999 1.4583096625300001 0.0009765625
17.107638888899999 17.127314814799998 1.4575028569599999 1.45820616022 0.0009765625
17.127314814799998 17.146990740700002 1.4573997521099999 1.4581028569600001 0.0009765625
17.146990740700002 17.166666666699999 1.4572968450799999 1.4579997521100001 0.0009765625
17.166666666699999 17.186342592599999 1.45719413525 1.4578968450800001 0.0009765625
17.186342592599999 17.206018518499999 1.4570916220300001 1.4577941352499999 0.0009765625
17.206018518499999 17.225694444399998 1.4569893048 1.45769162203 0.0009765625
17.225694444399998 17.2453703704 1.4568871829600001 1.4575893047999999 0.0009765625
17.2453703704 17.2650462963 1.4567852559200001 1.45748718296 0.0009765625
17.2650462963 17.284722222199999 1.4566835230899999 1.45738525592 0.0009765625
17.284722222199999 17.304398148099999 1.45658198386 1.4572835230900001 0.0009765625
17.304398148099999 17.3240740741 1.4564806376499999 1.45718198386 0.0009765625
17.3240740741 17.34375 1.4563794838699999 1.4570806376500001 0.0009765625
17.34375 17.3634259259 1.4562785219300001 1.4569794838700001 0.0009765625
17.3634259259 17.383101851900001 1.45617775126 1.45687852193 0.0009765625
17.383101851900001 17.402777777800001 1.45607717126 1.45677775126 0.0009765625
17.402777777800001 17.4224537037 1.45597678137 1.45667717126 0.0009765625
17.4224537037 17.4421296296 1.4558765810000001 1.4565767813699999 0.0009765625
17.4421296296 17.461805555600002 1.45577656958 1.456476581 0.0009765625
17.461805555600002 17.481481481500001 1.45567674655 1.4563765695799999 0.0009765625
17.481481481500001 17.501157407400001 1.45557711133 1.4562767465499999 0.0009765625
17.501157407400001 17.520833333300001 1.45547766336 1.4561771113299999 0.0009765625
17.520833333300001 17.540509259299998 1.45537840207 1.4560776633600001 0.0009765625
17.540509259299998 17.560185185200002 1.4552793268999999 1.45597840207 0.0009765625
17.560185185200002 17.579861111100001 1.4551804372899999 1.4558793269000001 0.0009765625
17.579861111100001 17.599537037000001 1.4550817326900001 1.4557804372900001 0.0009765625
17.599537037000001 17.619212962999999 1.45498321253 1.45568173269 0.0009765625
17.619212962999999 17.638888888899999 1.45488487628 1.4555832125299999 0.0009765625
17.638888888899999 17.658564814799998 1.45478672338 1.4554848762799999 0.0009765625
17.658564814799998 17.678240740700002 1.4546887532699999 1.45538672338 0.0009765625
17.678240740700002 17.697916666699999 1.45459096542 1.4552887532700001 0.0009765625
17.697916666699999 17.717592592599999 1.45449335929 1.4551909654199999 0.0009765625
17.717592592599999 17.737268518499999 1.4543959343199999 1.4550933592899999 0.0009765625
17.737268518499999 17.756944444399998 1.4542986899899999 1.4549959343200001 0.0009765625
17.756944444399998 17.7766203704 1.4542016257499999 1.45489868999 0.0009765625
17.7766203704 17.7962962963 1.4541047410800001 1.45480162575 0.0009765625
17.7962962963 17.815972222199999 1.45400803543 1.45470474108 0.0009765625
17.815972222199999 17.835648148099999 1.45391150829 1.4546080354299999 0.0009765625
17.835648148099999 17.8553240741 1.4538151591099999 1.45451150829 0.0009765625
17.8553240741 17.875 1.4537189873900001 1.4544151591100001 0.0009765625
17.875 17.8946759259 1.4536229925799999 1.45431898739 0.0009765625
17.8946759259 17.914351851900001 1.45352717418 1.4542229925800001 0.0009765625
17.914351851900001 17.934027777800001 1.4534315316599999 1.4541271741799999 0.0009765625
17.934027777800001 17.9537037037 1.4533360645 1.4540315316600001 0.0009765625
17.9537037037 17.9733796296 1.4532407722 1.4539360644999999 0.0009765625
17.9733796296 17.993055555600002 1.4531456542300001 1.4538407722 0.0009765625
17.993055555600002 18.012731481500001 1.4530507101000001 1.45374565423 0.0009765625
18.012731481500001 18.032407407400001 1.45295593927 1.4536507101 0.0009765625
18.032407407400001 18.052083333300001 1.45286134127 1.4535559392699999 0.0009765625
18.052083333300001 18.071759259299998 1.45276691556 1.4534613412699999 0.0009765625
18.071759259299998 18.091435185200002 1.4526726616700001 1.45336691556 0.0009765625
18.091435185200002 18.111111111100001 1.4525785790700001 1.45327266167 0.0009765625
18.111111111100001 18.130787037000001 1.45248466728 1.45317857907 0.0009765625
18.130787037000001 18.150462962999999 1.4523909258000001 1.45308466728 0.0009765625
18.150462962999999 18.170138888899999 1.4522973541399999 1.4529909258 0.0009765625
18.170138888899999 18.189814814799998 1.4522039518000001 1.4528973541400001 0.0009765625
18.189814814799998 18.209490740700002 1.4521107182799999 1.4528039518 0.0009765625
18.209490740700002 18.229166666699999 1.45201765312 1.4527107182800001 0.0009765625
18.229166666699999 18.248842592599999 1.4519247557999999 1.4526176531199999 0.0009765625
18.248842592599999 18.268518518499999 1.4518320258599999 1.4525247558000001 0.0009765625
18.268518518499999 18.288194444399998 1.45173946281 1.4524320258600001 0.0009765625
18.288194444399998 18.3078703704 1.4516470661700001 1.4523394628099999 0.0009765625
18.3078703704 18.3275462963 1.4515548354500001 1.45224706617 0.0009765625
18.3275462963 18.347222222199999 1.45146277019 1.45215483545 0.0009765625
18.347222222199999 18.366898148099999 1.4513708699100001 1.45206277019 0.0009765625
18.366898148099999 18.3865740741 1.45127913412 1.45197086991 0.0009765625
18.3865740741 18.40625 1.4511875623799999 1.4518791341199999 0.0009765625
18.40625 18.4259259259 1.45109615419 1.4517875623800001 0.0009765625
18.4259259259 18.445601851900001 1.4510049090999999 1.45169615419 0.0009765625
18.445601851900001 18.465277777800001 1.4509138266399999 1.4516049091000001 0.0009765625
18.465277777800001 18.4849537037 1.45082290635 1.4515138266400001 0.0009765625
18.4849537037 18.5046296296 1.4507321477599999 1.4514229063499999 0.0009765625
18.5046296296 18.524305555600002 1.4506415504100001 1.4513321477600001 0.0009765625
18.524305555600002 18.543981481500001 1.45055111385 1.45124155041 0.0009765625
18.543981481500001 18.563657407400001 1.4504608376200001 1.45115111385 0.0009765625
18.563657407400001 18.583333333300001 1.4503707212600001 1.45106083762 0.0009765625
18.583333333300001 18.603009259299998 1.45028076432 1.45097072126 0.0009765625
18.603009259299998 18.622685185200002 1.4501909663599999 1.4508807643199999 0.0009765625
18.622685185200002 18.642361111100001 1.45010132691 1.45079096636 0.0009765625
18.642361111100001 18.662037037000001 1.45001184553 1.45070132691 0.0009765625
18.662037037000001 18.681712962999999 1.44992252178 1.4506118455300001 0.0009765625
18.681712962999999 18.701388888899999 1.44983335521 1.45052252178 0.0009765625
18.701388888899999 18.721064814799998 1.4497443453900001 1.4504333552099999 0.0009765625
18.721064814799998 18.740740740700002 1.44965549186 1.45034434539 0.0009765625
18.740740740700002 18.760416666699999 1.4495667941899999 1.4502554918599999 0.0009765625
18.760416666699999 18.780092592599999 1.44947825194 1.4501667941900001 0.0009765625
18.780092592599999 18.799768518499999 1.4493898646800001 1.45007825194 0.0009765625
18.799768518499999 18.819444444399998 1.4493016319700001 1.44998986468 0.0009765625
18.819444444399998 18.8391203704 1.4492135533799999 1.44990163197 0.0009765625
18.8391203704 18.8587962963 1.44912562848 1.4498135533800001 0.0009765625
18.8587962963 18.878472222199999 1.44903785685 1.44972562848 0.0009765625
18.878472222199999 18.898148148099999 1.4489502380399999 1.4496378568499999 0.0009765625
18.898148148099999 18.9178240741 1.44886277164 1.44955023804 0.0009765625
18.9178240741 18.9375 1.44877545723 1.4494627716399999 0.0009765625
18.9375 18.9571759259 1.4486882943799999 1.4493754572299999 0.0009765625
18.9571759259 18.976851851900001 1.4486012826700001 1.4492882943800001 0.0009765625
18.976851851900001 18.996527777800001 1.4485144216800001 1.44920128267 0.0009765625
18.996527777800001 19.0162037037 1.4484277109899999 1.44911442168 0.0009765625
19.0162037037 19.0358796296 1.4483411501900001 1.4490277109900001 0.0009765625
19.0358796296 19.055555555600002 1.44825473887 1.44894115019 0.0009765625
19.055555555600002 19.075231481500001 1.44816847661 1.4488547388699999 0.0009765625
19.075231481500001 19.094907407400001 1.4480823629899999 1.44876847661 0.0009765625
19.094907407400001 19.114583333300001 1.4479963976200001 1.4486823629900001 0.0009765625
19.114583333300001 19.134259259299998 1.4479105800700001 1.44859639762 0.0009765625
19.134259259299998 19.153935185200002 1.44782490996 1.44851058007 0.0009765625
19.153935185200002 19.173611111100001 1.4477393868599999 1.44842490996 0.0009765625
19.173611111100001 19.193287037000001 1.44765401038 1.4483393868600001 0.0009765625
19.193287037000001 19.212962962999999 1.4475687801099999 1.4482540103799999 0.0009765625
19.212962962999999 19.232638888899999 1.4474836956599999 1.4481687801100001 0.0009765625
19.232638888899999 19.252314814799998 1.4473987566299999 1.4480836956600001 0.0009765625
19.252314814799998 19.271990740700002 1.44731396261 1.4479987566300001 0.0009765625
19.271990740700002 19.291666666699999 1.44722931322 1.4479139626099999 0.0009765625
19.291666666699999 19.311342592599999 1.44714480806 1.44782931322 0.0009765625
19.311342592599999 19.331018518499999 1.4470604467299999 1.4477448080599999 0.0009765625
19.331018518499999 19.350694444399998 1.4469762288400001 1.4476604467300001 0.0009765625
19.350694444399998 19.3703703704 1.4468921540099999 1.44757622884 0.0009765625
19.3703703704 19.3900462963 1.44680822185 1.4474921540100001 0.0009765625
19.3900462963 19.409722222199999 1.4467244319599999 1.44740822185 0.0009765625
19.409722222199999 19.429398148099999 1.44664078397 1.44732443196 0.0009765625
19.429398148099999 19.4490740741 1.44655727748 1.4472407839700001 0.0009765625
19.4490740741 19.46875 1.4464739121200001 1.4471572774799999 0.0009765625
19.46875 19.4884259259 1.4463906875100001 1.44707391212 0.0009765625
19.4884259259 19.508101851900001 1.44630760326 1.44699068751 0.0009765625
19.508101851900001 19.527777777800001 1.4462246590000001 1.4469076032599999 0.0009765625
19.527777777800001 19.5474537037 1.44614185435 1.446824659 0.0009765625
19.5474537037 19.5671296296 1.4460591889400001 1.4467418543599999 0.0009765625
19.5671296296 19.586805555600002 1.4459766623899999 1.44665918894 0.0009765625
19.586805555600002 19.606481481500001 1.4458942743200001 1.44657666239 0.0009765625
19.606481481500001 19.626157407400001 1.4458120243699999 1.44649427432 0.0009765625
19.626157407400001 19.645833333300001 1.44572991216 1.44641202437 0.0009765625
19.645833333300001 19.665509259299998 1.44564793734 1.44632991216 0.0009765625
19.665509259299998 19.685185185200002 1.4455660995199999 1.4462479373399999 0.0009765625
19.685185185200002 19.704861111100001 1.4454843983500001 1.4461660995200001 0.0009765625
19.704861111100001 19.724537037000001 1.44540283345 1.44608439835 0.0009765625
19.724537037000001 19.744212962999999 1.44532140448 1.4460028334499999 0.0009765625
19.744212962999999 19.763888888899999 1.4452401110599999 1.4459214044799999 0.0009765625
19.763888888899999 19.783564814799998 1.44515895283 1.4458401110600001 0.0009765625
19.783564814799998 19.803240740700002 1.44507792944 1.4457589528300001 0.0009765625
19.803240740700002 19.822916666699999 1.4449970405200001 1.44567792944 0.0009765625
19.822916666699999 19.842592592599999 1.44491628573 1.44559704052 0.0009765625
19.842592592599999 19.862268518499999 1.4448356647 1.4455162857299999 0.0009765625
19.862268518499999 19.881944444399998 1.44475517708 1.4454356647 0.0009765625
19.881944444399998 19.9016203704 1.4446748225199999 1.4453551770799999 0.0009765625
19.9016203704 19.9212962963 1.4445946006699999 1.4452748225200001 0.0009765625
19.9212962963 19.940972222199999 1.44451451117 1.4451946006700001 0.0009765625
19.940972222199999 19.960648148099999 1.4444345536800001 1.4451145111699999 0.0009765625
19.960648148099999 19.9803240741 1.44435472785 1.44503455368 0.0009765625
19.9803240741 20 1.4442750333400001 1.4449547278499999 0.0009765625
20 20.0196759259 1.4441954697999999 1.44487503334 0.0009765625
20.0196759259 20.039351851900001 1.4441160368799999 1.4447954698000001 0.0009765625
20.039351851900001 20.059027777800001 1.44403673424 1.4447160368800001 0.0009765625
20.059027777800001 20.0787037037 1.44395756155 1.4446367342399999 0.0009765625
20.0787037037 20.0983796296 1.44387851845 1.4445575615499999 0.0009765625
20.0983796296 20.118055555600002 1.4437996046199999 1.44447851845 0.0009765625
20.118055555600002 20.137731481500001 1.44372081972 1.4443996046200001 0.0009765625
20.137731481500001 20.157407407400001 1.4436421634000001 1.4443208197199999 0.0009765625
20.157407407400001 20.177083333300001 1.4435636353400001 1.4442421634 0.0009765625
20.177083333300001 20.196759259299998 1.44348523519 1.44416363534 0.0009765625
20.196759259299998 20.216435185200002 1.4434069626399999 1.44408523519 0.0009765625
20.216435185200002 20.236111111100001 1.4433288173300001 1.4440069626400001 0.0009765625
20.236111111100001 20.255787037000001 1.4432507989600001 1.44392881733 0.0009765625
20.255787037000001 20.275462962999999 1.4431729071699999 1.44385079896 0.0009765625
20.275462962999999 20.295138888899999 1.44309514166 1.4437729071700001 0.0009765625
20.295138888899999 20.314814814799998 1.44301750208 1.4436951416599999 0.0009765625
20.314814814799998 20.334490740700002 1.44293998812 1.4436175020799999 0.0009765625
20.334490740700002 20.354166666699999 1.44286259946 1.44353998812 0.0009765625
20.354166666699999 20.373842592599999 1.44278533575 1.4434625994600001 0.0009765625
20.373842592599999 20.393518518499999 1.4427081966999999 1.4433853357499999 0.0009765625
20.393518518499999 20.413194444399998 1.44263118196 1.4433081967000001 0.0009765625
20.413194444399998 20.4328703704 1.44255429124 1.4432311819600001 0.0009765625
20.4328703704 20.4525462963 1.4424775241900001 1.4431542912399999 0.0009765625
20.4525462963 20.472222222199999 1.4424008805199999 1.44307752419 0.0009765625
20.472222222199999 20.491898148099999 1.44232435989 1.4430008805200001 0.0009765625
20.491898148099999 20.5115740741 1.4422479619999999 1.4429243598899999 0.0009765625
20.5115740741 20.53125 1.4421716865300001 1.4428479620000001 0.0009765625
20.53125 20.5509259259 1.4420955331700001 1.44277168653 0.0009765625
20.5509259259 20.570601851900001 1.4420195016099999 1.44269553317 0.0009765625
20.570601851900001 20.590277777800001 1.4419435915300001 1.4426195016100001 0.0009765625
20.590277777800001 20.6099537037 1.44186780263 1.44254359153 0.0009765625
20.6099537037 20.6296296296 1.44179213459 1.44246780263 0.0009765625
20.6296296296 20.649305555600002 1.4417165871099999 1.4423921345899999 0.0009765625
20.649305555600002 20.668981481500001 1.4416411598900001 1.4423165871100001 0.0009765625
20.668981481500001 20.688657407400001 1.4415658526099999 1.44224115989 0.0009765625
20.688657407400001 20.708333333300001 1.4414906649699999 1.4421658526100001 0.0009765625
20.708333333300001 20.728009259299998 1.44141559667 1.44209066497 0.0009765625
20.728009259299998 20.747685185200002 1.4413406474099999 1.4420155966699999 0.0009765625
20.747685185200002 20.767361111100001 1.4412658168900001 1.4419406474100001 0.0009765625
20.767361111100001 20.787037037000001 1.4411911047999999 1.44186581689 0.0009765625
20.787037037000001 20.806712962999999 1.4411165108399999 1.4417911048000001 0.0009765625
20.806712962999999 20.826388888899999 1.4410420347299999 1.4417165108400001 0.0009765625
20.826388888899999 20.846064814799998 1.4409676761500001 1.4416420347300001 0.0009765625
20.846064814799998 20.865740740700002 1.44089343482 1.44156767615 0.0009765625
20.865740740700002 20.885416666699999 1.44081931044 1.4414934348199999 0.0009765625
20.885416666699999 20.905092592599999 1.4407453027199999 1.4414193104399999 0.0009765625
20.905092592599999 20.924768518499999 1.4406714113600001 1.4413453027200001 0.0009765625
20.924768518499999 20.944444444399998 1.4405976360699999 1.44127141136 0.0009765625
20.944444444399998 20.9641203704 1.44052397656 1.4411976360700001 0.0009765625
20.9641203704 20.9837962963 1.44045043254 1.4411239765599999 0.0009765625
20.9837962963 21.003472222199999 1.4403770037200001 1.44105043254 0.0009765625
21.003472222199999 21.023148148099999 1.4403036898099999 1.44097700372 0.0009765625
21.023148148099999 21.0428240741 1.4402304905300001 1.4409036898100001 0.0009765625
21.0428240741 21.0625 1.4401574055899999 1.44083049053 0.0009765625
21.0625 21.0821759259 1.4400844347099999 1.4407574055900001 0.0009765625
21.0821759259 21.101851851900001 1.4400115776 1.4406844347100001 0.0009765625
21.101851851900001 21.121527777800001 1.4399388339800001 1.4406115775999999 0.0009765625
21.121527777800001 21.1412037037 1.4398662035600001 1.44053883398 0.0009765625
21.1412037037 21.1608796296 1.43979368607 1.44046620356 0.0009765625
21.1608796296 21.180555555600002 1.43972128122 1.44039368607 0.0009765625
21.180555555600002 21.200231481500001 1.4396489887399999 1.4403212812199999 0.0009765625
21.200231481500001 21.219907407400001 1.43957680835 1.4402489887400001 0.0009765625
21.219907407400001 21.239583333300001 1.43950473977 1.4401768083499999 0.0009765625
21.239583333300001 21.259259259299998 1.43943278273 1.44010473977 0.0009765625
21.259259259299998 21.278935185200002 1.43936093694 1.4400327827299999 0.0009765625
21.278935185200002 21.298611111100001 1.4392892021399999 1.4399609369399999 0.0009765625
21.298611111100001 21.318287037000001 1.4392175780500001 1.43988920214 0.0009765625
21.318287037000001 21.337962962999999 1.4391460644 1.43981757805 0.0009765625
21.337962962999999 21.357638888899999 1.43907466092 1.4397460644 0.0009765625
21.357638888899999 21.377314814799998 1.43900336733 1.43967466092 0.0009765625
21.377314814799998 21.396990740700002 1.43893218337 1.4396033673299999 0.0009765625
21.396990740700002 21.416666666699999 1.4388611087700001 1.4395321833700001 0.0009765625
21.416666666699999 21.436342592599999 1.4387901432600001 1.43946110877 0.0009765625
21.436342592599999 21.456018518499999 1.43871928657 1.43939014326 0.0009765625
21.456018518499999 21.475694444399998 1.4386485384400001 1.43931928657 0.0009765625
21.475694444399998 21.4953703704 1.4385778986 1.43924853844 0.0009765625
21.4953703704 21.5150462963 1.4385073667899999 1.4391778985999999 0.0009765625
21.5150462963 21.534722222199999 1.4384369427399999 1.4391073667900001 0.0009765625
21.534722222199999 21.554398148099999 1.4383666261900001 1.43903694274 0.0009765625
21.554398148099999 21.5740740741 1.4382964168900001 1.43896662619 0.0009765625
21.5740740741 21.59375 1.4382263145600001 1.43889641689 0.0009765625
21.59375 21.6134259259 1.43815631895 1.43882631456 0.0009765625
21.6134259259 21.633101851900001 1.4380864298 1.4387563189499999 0.0009765625
21.633101851900001 21.652777777800001 1.43801664685 1.4386864297999999 0.0009765625
21.652777777800001 21.6724537037 1.43794696985 1.4386166468499999 0.0009765625
21.6724537037 21.6921296296 1.43787739854 1.43854696985 0.0009765625
21.6921296296 21.711805555600002 1.43780793266 1.4384773985399999 0.0009765625
21.711805555600002 21.731481481500001 1.43773857195 1.4384079326600001 0.0009765625
21.731481481500001 21.751157407400001 1.43766931617 1.4383385719499999 0.0009765625
21.751157407400001 21.770833333300001 1.4376001650600001 1.43826931617 0.0009765625
21.770833333300001 21.790509259299998 1.4375311183699999 1.43820016506 0.0009765625
21.790509259299998 21.810185185200002 1.4374621758499999 1.4381311183700001 0.0009765625
21.810185185200002 21.829861111100001 1.4373933372500001 1.4380621758500001 0.0009765625
21.829861111100001 21.849537037000001 1.4373246023099999 1.43799333725 0.0009765625
21.849537037000001 21.869212962999999 1.4372559707899999 1.4379246023100001 0.0009765625
21.869212962999999 21.888888888899999 1.43718744244 1.43785597079 0.0009765625
21.888888888899999 21.908564814799998 1.4371190170100001 1.4377874424399999 0.0009765625
21.908564814799998 21.928240740700002 1.4370506942600001 1.43771901701 0.0009765625
21.928240740700002 21.947916666699999 1.4369824739399999 1.43765069426 0.0009765625
21.947916666699999 21.967592592599999 1.4369143558099999 1.43758247394 0.0009765625
21.967592592599999 21.987268518499999 1.43684633962 1.4375143558100001 0.0009765625
21.987268518499999 22.006944444399998 1.43677842513 1.4374463396199999 0.0009765625
22.006944444399998 22.0266203704 1.4367106120899999 1.4373784251299999 0.0009765625
22.0266203704 22.0462962963 1.4366429002700001 1.4373106120900001 0.0009765625
22.0462962963 22.065972222199999 1.4365752894299999 1.43724290027 0.0009765625
22.065972222199999 22.085648148099999 1.4365077793200001 1.4371752894300001 0.0009765625
22.085648148099999 22.1053240741 1.4364403697100001 1.43710777932 0.0009765625
22.1053240741 22.125 1.43637306035 1.43704036971 0.0009765625
22.125 22.1446759259 1.43630585101 1.4369730603499999 0.0009765625
22.1446759259 22.164351851900001 1.43623874145 1.4369058510099999 0.0009765625
22.164351851900001 22.184027777800001 1.43617173145 1.4368387414499999 0.0009765625
22.184027777800001 22.2037037037 1.43610482075 1.4367717314499999 0.0009765625
22.2037037037 22.2233796296 1.43603800913 1.4367048207499999 0.0009765625
22.2233796296 22.243055555600002 1.43597129635 1.4366380091299999 0.0009765625
22.243055555600002 22.262731481500001 1.4359046821799999 1.4365712963499999 0.0009765625
22.262731481500001 22.282407407400001 1.4358381663899999 1.43650468218 0.0009765625
22.282407407400001 22.302083333300001 1.4357717487399999 1.4364381663900001 0.0009765625
22.302083333300001 22.321759259299998 1.43570542901 1.4363717487400001 0.0009765625
22.321759259299998 22.341435185200002 1.4356392069699999 1.4363054290099999 0.0009765625
22.341435185200002 22.361111111100001 1.4355730823799999 1.4362392069700001 0.0009765625
22.361111111100001 22.380787037000001 1.43550705502 1.4361730823800001 0.0009765625
22.380787037000001 22.400462962999999 1.4354411246600001 1.4361070550199999 0.0009765625
22.400462962999999 22.420138888899999 1.4353752910699999 1.43604112466 0.0009765625
22.420138888899999 22.439814814799998 1.43530955403 1.4359752910700001 0.0009765625
22.439814814799998 22.459490740700002 1.4352439133099999 1.43590955403 0.0009765625
22.459490740700002 22.479166666699999 1.4351783686899999 1.4358439133100001 0.0009765625
22.479166666699999 22.498842592599999 1.4351129199299999 1.4357783686900001 0.0009765625
22.498842592599999 22.518518518499999 1.43504756683 1.4357129199300001 0.0009765625
22.518518518499999 22.538194444399998 1.43498230915 1.4356475668299999 0.0009765625
22.538194444399998 22.5578703704 1.4349171466799999 1.43558230915 0.0009765625
22.5578703704 22.5775462963 1.4348520791899999 1.4355171466800001 0.0009765625
22.5775462963 22.597222222199999 1.43478710646 1.4354520791900001 0.0009765625
22.597222222199999 22.616898148099999 1.4347222282800001 1.4353871064599999 0.0009765625
22.616898148099999 22.6365740741 1.43465744441 1.43532222828 0.0009765625
22.6365740741 22.65625 1.4345927546599999 1.4352574444099999 0.0009765625
22.65625 22.6759259259 1.4345281587900001 1.4351927546600001 0.0009765625
22.6759259259 22.695601851900001 1.43446365659 1.43512815879 0.0009765625
22.695601851900001 22.715277777800001 1.4343992478400001 1.4350636565899999 0.0009765625
22.715277777800001 22.7349537037 1.4343349323300001 1.43499924784 0.0009765625
22.7349537037 22.7546296296 1.43427070985 1.43493493233 0.0009765625
22.7546296296 22.774305555600002 1.4342065801699999 1.43487070985 0.0009765625
22.774305555600002 22.793981481500001 1.4341425430900001 1.4348065801700001 0.0009765625
22.793981481500001 22.813657407400001 1.4340785984 1.43474254309 0.0009765625
22.813657407400001 22.833333333300001 1.4340147458700001 1.4346785983999999 0.0009765625
22.833333333300001 22.853009259299998 1.4339509853000001 1.43461474587 0.0009765625
22.853009259299998 22.872685185200002 1.4338873164799999 1.4345509853 0.0009765625
22.872685185200002 22.892361111100001 1.4338237391999999 1.4344873164800001 0.0009765625
22.892361111100001 22.912037037000001 1.43376025324 1.4344237392000001 0.0009765625
22.912037037000001 22.931712962999999 1.4336968584000001 1.4343602532399999 0.0009765625
22.931712962999999 22.951388888899999 1.4336335544800001 1.4342968584 0.0009765625
22.951388888899999 22.971064814799998 1.43357034126 1.43423355448 0.0009765625
22.971064814799998 22.990740740700002 1.43350721853 1.43417034126 0.0009765625
22.990740740700002 23.010416666699999 1.4334441861 1.4341072185299999 0.0009765625
23.010416666699999 23.030092592599999 1.43358124375 1.4338441861 0.0009765625
23.030092592599999 23.049768518499999 1.43351839127 1.4337812437499999 0.0009765625
23.049768518499999 23.069444444399998 1.43345562848 1.43371839127 0.0009765625
23.069444444399998 23.0891203704 1.43339295515 1.4336556284799999 0.0009765625
23.0891203704 23.1087962963 1.4333303711000001 1.43359295515 0.0009765625
23.1087962963 23.128472222199999 1.4332678761099999 1.4335303711 0.0009765625
23.128472222199999 23.148148148099999 1.4332054699800001 1.4334678761099999 0.0009765625
23.148148148099999 23.1678240741 1.43314315252 1.4334054699800001 0.0009765625
23.1678240741 23.1875 1.4330809235199999 1.43334315252 0.0009765625
23.1875 23.2071759259 1.4330187827800001 1.4332809235199999 0.0009765625
23.2071759259 23.226851851900001 1.4329567300999999 1.43321878278 0.0009765625
23.226851851900001 23.246527777800001 1.4328947652899999 1.4331567301000001 0.0009765625
23.246527777800001 23.2662037037 1.4328328881500001 1.4330947652899999 0.0009765625
23.2662037037 23.2858796296 1.4327710984699999 1.4330328881500001 0.0009765625
23.2858796296 23.305555555600002 1.4327093960699999 1.4329710984699999 0.0009765625
23.305555555600002 23.325231481500001 1.43264778075 1.4329093960699999 0.0009765625
23.325231481500001 23.344907407400001 1.4325862522999999 1.43284778075 0.0009765625
23.344907407400001 23.364583333300001 1.4325248105399999 1.4327862522999999 0.0009765625
23.364583333300001 23.384259259299998 1.43246345527 1.4327248105399999 0.0009765625
23.384259259299998 23.403935185200002 1.4324021863 1.4326634552699999 0.0009765625
23.403935185200002 23.423611111100001 1.4323410034399999 1.4326021863 0.0009765625
23.423611111100001 23.443287037000001 1.43227990648 1.4325410034399999 0.0009765625
23.443287037000001 23.462962962999999 1.4322188952499999 1.43247990648 0.0009765625
23.462962962999999 23.482638888899999 1.43215796954 1.4324188952500001 0.0009765625
23.482638888899999 23.502314814799998 1.43209712917 1.4323579695399999 0.0009765625
23.502314814799998 23.521990740700002 1.4320363739499999 1.43229712917 0.0009765625
23.521990740700002 23.541666666699999 1.43197570368 1.4322363739499999 0.0009765625
23.541666666699999 23.561342592599999 1.4319151181900001 1.43217570368 0.0009765625
23.561342592599999 23.581018518499999 1.43185461727 1.43211511819 0.0009765625
23.581018518499999 23.600694444399998 1.43179420075 1.4320546172699999 0.0009765625
23.600694444399998 23.6203703704 1.4317338684300001 1.4319942007499999 0.0009765625
23.6203703704 23.6400462963 1.43167362013 1.43193386843 0.0009765625
23.6400462963 23.659722222199999 1.43161345566 1.43187362013 0.0009765625
23.659722222199999 23.679398148099999 1.43155337484 1.43181345566 0.0009765625
23.679398148099999 23.6990740741 1.4314933774800001 1.43175337484 0.0009765625
23.6990740741 23.71875 1.4315034633899999 1.43162337748 0.0009765625
23.71875 23.7384259259 1.4314436323999999 1.4315634633900001 0.0009765625
23.7384259259 23.758101851900001 1.43138388432 1.4315036323999999 0.0009765625
23.758101851900001 23.777777777800001 1.43132421897 1.4314438843199999 0.0009765625
23.777777777800001 23.7974537037 1.4312646361600001 1.4313842189699999 0.0009765625
23.7974537037 23.8171296296 1.43120513571 1.4313246361600001 0.0009765625
23.8171296296 23.836805555600002 1.43114571744 1.4312651357099999 0.0009765625
23.836805555600002 23.856481481500001 1.4310863811800001 1.4312057174399999 0.0009765625
23.856481481500001 23.876157407400001 1.4310271267400001 1.43114638118 0.0009765625
23.876157407400001 23.895833333300001 1.43096795394 1.43108712674 0.0009765625
23.895833333300001 23.915509259299998 1.4309088625999999 1.4310279539399999 0.0009765625
23.915509259299998 23.935185185200002 1.4308698525400001 1.4309488626 0.0009765625
23.935185185200002 23.954861111100001 1.43081092359 1.43088985254 0.0009765625
23.954861111100001 23.974537037000001 1.4307520755800001 1.4308309235900001 0.0009765625
23.974537037000001 23.994212962999999 1.4306733083100001 1.4307920755800001 0.000244140625
23.994212962999999 24.013888888899999 1.43061462162 1.43073330831 0.000244140625
24.013888888899999 24.033564814799998 1.43057601533 1.43065462162 0.000244140625
24.033564814799998 24.053240740700002 1.4305174892700001 1.4305960153299999 0.000244140625
24.053240740700002 24.0630787037 1.43046825626 1.4305574892699999 0.0009765625
24.0630787037 24.072916666699999 1.43043904325 1.4305282562599999 0.0009765625
24.072916666699999 24.0827546296 1.43040985021 1.43049904325 0.0009765625
24.0827546296 24.092592592599999 1.4303806771100001 1.4304698502099999 0.0009765625
24.092592592599999 24.102430555600002 1.43035152394 1.43044067711 0.0009765625
24.102430555600002 24.112268518499999 1.4303423906799999 1.43039152394 0.0009765625
24.112268518499999 24.122106481500001 1.4303132773 1.43036239068 0.0009765625
24.122106481500001 24.131944444399998 1.43028418377 1.4303332772999999 0.0009765625
24.131944444399998 24.141782407400001 1.4302551100900001 1.4303041837699999 0.0009765625
24.141782407400001 24.1516203704 1.43022605622 1.43027511009 0.0009765625
24.1516203704 24.161458333300001 1.4302060221599999 1.43023705622 0.0009765625
24.161458333300001 24.1712962963 1.43017700786 1.43020802216 0.0009765625
24.1712962963 24.181134259299998 1.43013901332 1.43018800786 0.000244140625
24.181134259299998 24.190972222199999 1.43011903851 1.43015001332 0.000244140625
24.190972222199999 24.1958912037 1.4300955584999999 1.43013003851 0.0009765625
24.1958912037 24.200810185200002 1.43008108341 1.4301155585000001 0.0009765625
24.200810185200002 24.205729166699999 1.43006661325 1.4301010834100001 0.0009765625
24.205729166699999 24.210648148099999 1.4300521479999999 1.4300866132500001 0.0009765625
24.210648148099999 24.2155671296 1.4300376876800001 1.430072148 0.0009765625
24.2155671296 24.220486111100001 1.4300232322599999 1.43005768768 0.0009765625
24.220486111100001 24.225405092599999 1.43000878176 1.4300432322600001 0.0009765625
24.225405092599999 24.2303240741 1.42999433617 1.4300287817599999 0.0009765625
24.2303240741 24.235243055600002 1.42998889548 1.43000533617 0.0009765625
24.235243055600002 24.240162037000001 1.4299744596999999 1.42999089548 0.0009765625
24.240162037000001 24.245081018499999 1.4299600288200001 1.4299764597 0.0009765625
24.245081018499999 24.25 1.4299456028299999 1.4299620288199999 0.000244140625
