# Direct counterexample,  d = 4:   C(p) > 0 for every p in [24.36, 100]
claim 4 4 24.36 100 +
# p1 p2 lambda1 lambda2 tau0
24.359999999999999 24.3624881579 1.42960803771 1.4296352778700001 0.0009765625
24.3624881579 24.3649763158 1.4296007987799999 1.4296280377099999 0.0009765625
24.3649763158 24.3699526316 1.4295953246499999 1.4296117987800001 0.0009765625
24.3699526316 24.374928947400001 1.42958085545 1.42959732465 0.0009765625
24.374928947400001 24.379905263200001 1.4295663912000001 1.4295828554500001 0.0009765625
24.379905263200001 24.3848815789 1.4295429318899999 1.4295773912 0.0009765625
24.3848815789 24.3898578947 1.4295284775199999 1.4295629318900001 0.0009765625
24.3898578947 24.394834210500001 1.4295140280800001 1.42954847752 0.0009765625
24.394834210500001 24.399810526300001 1.42949958358 1.42953402808 0.0009765625
24.399810526300001 24.404786842099998 1.429485144 1.4295195835800001 0.0009765625
24.404786842099998 24.409763157899999 1.4294707093500001 1.4295051439999999 0.0009765625
24.409763157899999 24.414739473699999 1.4294562796200001 1.42949070935 0.0009765625
24.414739473699999 24.4197157895 1.4294418548100001 1.42947627962 0.0009765625
24.4197157895 24.429668421100001 1.4294220199500001 1.4294528548100001 0.000244140625
24.429668421100001 24.4396210526 1.4293842047400001 1.4294330199500001 0.000244140625
24.4396210526 24.449573684200001 1.42936440916 1.42939520474 0.0009765625
24.449573684200001 24.459526315800002 1.42933563319 1.42936640916 0.0009765625
24.459526315800002 24.469478947399999 1.42929787681 1.42934663319 0.0009765625
24.469478947399999 24.479431578900002 1.4292691399999999 1.4293178768100001 0.0009765625
24.479431578900002 24.489384210499999 1.42924042273 1.4292891400000001 0.0009765625
24.489384210499999 24.4993368421 1.42921172499 1.4292604227300001 0.0009765625
24.4993368421 24.509289473700001 1.42918304675 1.42923172499 0.0009765625
24.509289473700001 24.519242105299998 1.429134388 1.42922304675 0.0009765625
24.519242105299998 24.529194736800001 1.4291057487000001 1.429194388 0.0009765625
24.529194736800001 24.539147368399998 1.4290771288499999 1.4291657487 0.0009765625
24.539147368399998 24.549099999999999 1.4290485284100001 1.4291371288500001 0.0009765625
24.549099999999999 24.5590526316 1.42901994737 1.42910852841 0.0009765625
24.5590526316 24.569005263200001 1.4289913857100001 1.42907994737 0.0009765625
24.569005263200001 24.5789578947 1.4289628434099999 1.42905138571 0.0009765625
24.5789578947 24.598863157899999 1.4289258167900001 1.4290028434099999 0.000244140625
24.598863157899999 24.6187684211 1.4288488673499999 1.4289658167899999 0.000244140625
24.6187684211 24.6386736842 1.4287919949200001 1.4289088673499999 0.000244140625
24.6386736842 24.658578947399999 1.4287551993400001 1.4288319949199999 0.0009765625
24.658578947399999 24.678484210499999 1.42869848043 1.42877519934 0.0009765625
24.678484210499999 24.698389473700001 1.4286418380499999 1.4287184804299999 0.0009765625
24.698389473700001 24.718294736800001 1.4285652720099999 1.4286818380499999 0.0009765625
24.718294736800001 24.738199999999999 1.42850878216 1.4286252720099999 0.0009765625
24.738199999999999 24.758105263200001 1.4284523683300001 1.4285687821599999 0.0009765625
24.758105263200001 24.778010526300001 1.4283960303700001 1.4285123683300001 0.0009765625
24.778010526300001 24.797915789499999 1.4283397681100001 1.42845603037 0.0009765625
24.797915789499999 24.817821052599999 1.4282835813899999 1.42839976811 0.0009765625
24.817821052599999 24.837726315800001 1.4282274700399999 1.4283435813900001 0.0009765625
24.837726315800001 24.857631578900001 1.42817143391 1.4282874700399999 0.0009765625
24.857631578900001 24.8775368421 1.4281154728300001 1.42823143391 0.0009765625
24.8775368421 24.897442105300001 1.4280595866600001 1.42817547283 0.0009765625
24.897442105300001 24.917347368400002 1.4280037752200001 1.4281195866600001 0.0009765625
24.917347368400002 24.9372526316 1.42787803836 1.4281337752200001 0.0009765625
24.9372526316 24.9571578947 1.4278223759099999 1.42807803836 0.0009765625
24.9571578947 24.977063157900002 1.42776678773 1.4280223759099999 0.0009765625
24.977063157900002 24.9969684211 1.4277112736599999 1.42796678773 0.0009765625
24.9969684211 25.0168736842 1.42765583353 1.4279112736599999 0.0009765625
25.0168736842 25.036778947399998 1.42760046719 1.42785583353 0.0009765625
25.036778947399998 25.056684210499998 1.4275451744900001 1.42780046719 0.0009765625
25.056684210499998 25.0765894737 1.42748995527 1.42774517449 0.0009765625
25.0765894737 25.0964947368 1.42743480937 1.42768995527 0.0009765625
25.0964947368 25.116399999999999 1.4273797366400001 1.42763480937 0.0009765625
25.116399999999999 25.136305263200001 1.4273247369299999 1.42757973664 0.0009765625
25.136305263200001 25.156210526300001 1.4272698100700001 1.4275247369299999 0.0009765625
25.156210526300001 25.176115789499999 1.42721495593 1.4274698100700001 0.0009765625
25.176115789499999 25.196021052599999 1.42716017434 1.42741495593 0.0009765625
25.196021052599999 25.215926315800001 1.4271054651499999 1.42736017434 0.0009765625
25.215926315800001 25.235831578900001 1.4270508282200001 1.4273054651499999 0.0009765625
25.235831578900001 25.255736842099999 1.42699626338 1.42725082822 0.0009765625
25.255736842099999 25.275642105300001 1.42694177049 1.4271962633799999 0.0009765625
25.275642105300001 25.295547368400001 1.4268873494000001 1.42714177049 0.0009765625
25.295547368400001 25.315452631599999 1.42683299995 1.4270873494 0.0009765625
25.315452631599999 25.3353578947 1.4267787220000001 1.42703299995 0.0009765625
25.3353578947 25.355263157900001 1.4267245153999999 1.4269787220000001 0.0009765625
25.355263157900001 25.3751684211 1.42667038 1.4269245154000001 0.0009765625
25.3751684211 25.3950736842 1.42661631564 1.42687038 0.0009765625
25.3950736842 25.414978947400002 1.4265623221899999 1.42681631564 0.0009765625
25.414978947400002 25.434884210500002 1.4265083994900001 1.4267623221900001 0.0009765625
25.434884210500002 25.4547894737 1.4264545474000001 1.4267083994900001 0.0009765625
25.4547894737 25.4746947368 1.42640076577 1.4266545474000001 0.0009765625
25.4746947368 25.494599999999998 1.4263470544500001 1.4266007657699999 0.0009765625
25.494599999999998 25.5145052632 1.4262934133 1.4265470544500001 0.0009765625
25.5145052632 25.5344105263 1.42623984218 1.4264934133 0.0009765625
25.5344105263 25.554315789499999 1.42618634092 1.42643984218 0.0009765625
25.554315789499999 25.574221052599999 1.4261329093999999 1.4263863409199999 0.0009765625
25.574221052599999 25.594126315800001 1.4260795474700001 1.4263329093999999 0.0009765625
25.594126315800001 25.614031578900001 1.42602625498 1.4262795474700001 0.0009765625
25.614031578900001 25.633936842099999 1.4259730317999999 1.42622625498 0.0009765625
25.633936842099999 25.653842105300001 1.42591987776 1.4261730318000001 0.0009765625
25.653842105300001 25.673747368400001 1.4258667927499999 1.4261198777599999 0.0009765625
25.673747368400001 25.693652631599999 1.4258137766000001 1.4260667927499999 0.0009765625
25.693652631599999 25.713557894699999 1.4257608291799999 1.4260137766000001 0.0009765625
25.713557894699999 25.733463157900001 1.4257079503600001 1.4259608291799999 0.0009765625
25.733463157900001 25.753368421099999 1.42545513998 1.42610795036 0.0009765625
25.753368421099999 25.773273684199999 1.4254023978999999 1.4260551399800001 0.0009765625
25.773273684199999 25.793178947400001 1.4253497239999999 1.4260023979000001 0.0009765625
25.793178947400001 25.813084210500001 1.42529711812 1.4259497240000001 0.0009765625
25.813084210500001 25.8329894737 1.42524458012 1.42589711812 0.0009765625
25.8329894737 25.8528947368 1.42519210987 1.4258445801199999 0.0009765625
25.8528947368 25.872800000000002 1.4251397072400001 1.4257921098699999 0.0009765625
25.872800000000002 25.8927052632 1.4250873720699999 1.42573970724 0.0009765625
25.8927052632 25.9126105263 1.42503510424 1.4256873720700001 0.0009765625
25.9126105263 25.932515789499998 1.4249829035999999 1.42563510424 0.0009765625
25.932515789499998 25.952421052599998 1.42493077002 1.4255829036000001 0.0009765625
25.952421052599998 25.9723263158 1.4248787033600001 1.4255307700199999 0.0009765625
25.9723263158 25.9922315789 1.42482670348 1.42547870336 0.0009765625
25.9922315789 26.012136842099999 1.42477477026 1.4254267034799999 0.0009765625
26.012136842099999 26.0320421053 1.42472290354 1.4253747702599999 0.0009765625
26.0320421053 26.0519473684 1.4246711032099999 1.4253229035399999 0.0009765625
26.0519473684 26.071852631599999 1.42461936912 1.4252711032100001 0.0009765625
26.071852631599999 26.091757894699999 1.42456770113 1.4252193691199999 0.0009765625
26.091757894699999 26.111663157900001 1.4245160991200001 1.4251677011299999 0.0009765625
26.111663157900001 26.131568421099999 1.4244645629599999 1.42511609912 0.0009765625
26.131568421099999 26.151473684199999 1.4244130925 1.4250645629600001 0.0009765625
26.151473684199999 26.171378947400001 1.42436168761 1.4250130925 0.0009765625
26.171378947400001 26.191284210500001 1.4243103481599999 1.42496168761 0.0009765625
26.191284210500001 26.211189473699999 1.4242590740300001 1.4249103481600001 0.0009765625
26.211189473699999 26.231094736799999 1.4242078650700001 1.42485907403 0.0009765625
26.231094736799999 26.251000000000001 1.4241567211599999 1.42480786507 0.0009765625
26.251000000000001 26.2709052632 1.42410564216 1.4247567211600001 0.0009765625
26.2709052632 26.2908105263 1.4240546279499999 1.42470564216 0.0009765625
26.2908105263 26.310715789500001 1.4240036783900001 1.4246546279500001 0.0009765625
26.310715789500001 26.330621052600002 1.42395279335 1.42460367839 0.0009765625
26.330621052600002 26.3505263158 1.42390197271 1.42455279335 0.0009765625
26.3505263158 26.3704315789 1.4238512163299999 1.4245019727099999 0.0009765625
26.3704315789 26.390336842100002 1.42380052409 1.42445121633 0.0009765625
26.390336842100002 26.4102421053 1.4237498958499999 1.42440052409 0.0009765625
26.4102421053 26.4301473684 1.4236993314899999 1.42434989585 0.0009765625
26.4301473684 26.450052631599998 1.4236488308899999 1.4242993314900001 0.0009765625
26.450052631599998 26.469957894699998 1.4235983939000001 1.4242488308900001 0.0009765625
26.469957894699998 26.4898631579 1.4235480204199999 1.4241983939 0.0009765625
26.4898631579 26.509768421099999 1.4234977102999999 1.4241480204200001 0.0009765625
26.509768421099999 26.529673684199999 1.4234474634200001 1.4240977103000001 0.0009765625
26.529673684199999 26.549578947400001 1.4233972796600001 1.42404746342 0.0009765625
26.549578947400001 26.569484210500001 1.42334715889 1.42399727966 0.0009765625
26.569484210500001 26.589389473699999 1.42329710099 1.4239471588899999 0.0009765625
26.589389473699999 26.609294736799999 1.42324710582 1.4238971009900001 0.0009765625
26.609294736799999 26.629200000000001 1.4231971732699999 1.42384710582 0.0009765625
26.629200000000001 26.649105263199999 1.4231473032099999 1.4237971732700001 0.0009765625
26.649105263199999 26.669010526299999 1.42309749552 1.4237473032100001 0.0009765625
26.669010526299999 26.688915789500001 1.4230477500700001 1.4236974955199999 0.0009765625
26.688915789500001 26.708821052600001 1.42299806674 1.42364775007 0.0009765625
26.708821052600001 26.728726315799999 1.4229484454000001 1.4235980667399999 0.0009765625
26.728726315799999 26.7486315789 1.42289888594 1.4235484454 0.0009765625
26.7486315789 26.768536842100001 1.42284938823 1.42349888594 0.0009765625
26.768536842100001 26.7884421053 1.4227999521500001 1.4234493882299999 0.0009765625
26.7884421053 26.8083473684 1.42275057757 1.42339995215 0.0009765625
26.8083473684 26.828252631600002 1.4227012643900001 1.4233505775699999 0.0009765625
26.828252631600002 26.848157894700002 1.4226520124599999 1.42330126439 0.0009765625
26.848157894700002 26.8680631579 1.42260282168 1.4232520124600001 0.0009765625
26.8680631579 26.887968421099998 1.4225536919199999 1.4232028216799999 0.0009765625
26.887968421099998 26.907873684199998 1.42250462307 1.4231536919200001 0.0009765625
26.907873684199998 26.9277789474 1.4224556150000001 1.42310462307 0.0009765625
26.9277789474 26.9476842105 1.42240666759 1.423055615 0.0009765625
26.9476842105 26.967589473699999 1.4223577807300001 1.4230066675899999 0.0009765625
26.967589473699999 26.987494736799999 1.4223089543 1.42295778073 0.0009765625
26.987494736799999 27.007400000000001 1.4222601881700001 1.4229089543 0.0009765625
27.007400000000001 27.027305263199999 1.42221148223 1.42286018817 0.0009765625
27.027305263199999 27.047210526299999 1.4221628363700001 1.42281148223 0.0009765625
27.047210526299999 27.067115789500001 1.42211425045 1.42276283637 0.0009765625
27.067115789500001 27.087021052600001 1.4220657243799999 1.4227142504500001 0.0009765625
27.087021052600001 27.106926315799999 1.4220172580199999 1.4226657243800001 0.0009765625
27.106926315799999 27.126831578899999 1.4219688512699999 1.4226172580200001 0.0009765625
27.126831578899999 27.146736842100001 1.42192050401 1.4225688512700001 0.0009765625
27.146736842100001 27.166642105299999 1.4218722161099999 1.42252050401 0.0009765625
27.166642105299999 27.186547368399999 1.4218239874700001 1.4224722161100001 0.0009765625
27.186547368399999 27.206452631600001 1.42177581797 1.42242398747 0.0009765625
27.206452631600001 27.226357894700001 1.4217277075000001 1.4223758179699999 0.0009765625
27.226357894700001 27.2462631579 1.42167965594 1.4223277075 0.0009765625
27.2462631579 27.266168421100001 1.4216316631699999 1.4222796559399999 0.0009765625
27.266168421100001 27.286073684200002 1.42158372908 1.42223166317 0.0009765625
27.286073684200002 27.3059789474 1.42153585356 1.4221837290799999 0.0009765625
27.3059789474 27.3258842105 1.4214880365 1.4221358535599999 0.0009765625
27.3258842105 27.345789473699998 1.4214402777799999 1.4220880364999999 0.0009765625
27.345789473699998 27.365694736799998 1.42139257728 1.4220402777800001 0.0009765625
27.365694736799998 27.3856 1.42134493491 1.4219925772799999 0.0009765625
27.3856 27.405505263199998 1.4212973505299999 1.42194493491 0.0009765625
27.405505263199998 27.425410526299999 1.42124982405 1.4218973505300001 0.0009765625
27.425410526299999 27.4453157895 1.4212023553399999 1.4218498240499999 0.0009765625
27.4453157895 27.4652210526 1.42115494431 1.4218023553400001 0.0009765625
27.4652210526 27.485126315799999 1.4211075908299999 1.4217549443099999 0.0009765625
27.485126315799999 27.505031578899999 1.4210602948 1.4217075908300001 0.0009765625
27.505031578899999 27.524936842100001 1.4210130561000001 1.4216602947999999 0.0009765625
27.524936842100001 27.544842105299999 1.42096587463 1.4216130561 0.0009765625
27.544842105299999 27.564747368399999 1.42091875028 1.4215658746299999 0.0009765625
27.564747368399999 27.584652631600001 1.4208716829300001 1.42151875028 0.0009765625
27.584652631600001 27.604557894700001 1.42082467248 1.42147168293 0.0009765625
27.604557894700001 27.624463157899999 1.4207777188199999 1.4214246724799999 0.0009765625
27.624463157899999 27.644368421100001 1.4207308218300001 1.4213777188200001 0.0009765625
27.644368421100001 27.664273684200001 1.4206839814200001 1.42133082183 0.0009765625
27.664273684200001 27.6841789474 1.4206371974700001 1.42128398142 0.0009765625
27.6841789474 27.7040842105 1.42059046987 1.42123719747 0.0009765625
27.7040842105 27.723989473700001 1.42054379852 1.42119046987 0.0009765625
27.723989473700001 27.743894736800002 1.42049718331 1.4211437985199999 0.0009765625
27.743894736800002 27.7638 1.4204506241299999 1.4210971833099999 0.0009765625
27.7638 27.783705263200002 1.42040412087 1.4210506241300001 0.0009765625
27.783705263200002 27.803610526300002 1.4203576734400001 1.4210041208699999 0.0009765625
27.803610526300002 27.8235157895 1.4203112817200001 1.42095767344 0.0009765625
27.8235157895 27.8434210526 1.4202649456000001 1.42091128172 0.0009765625
27.8434210526 27.863326315799998 1.4202186649899999 1.4208649456 0.0009765625
27.863326315799998 27.883231578899998 1.42017243977 1.4208186649900001 0.0009765625
27.883231578899998 27.9031368421 1.4201262698399999 1.4207724397699999 0.0009765625
27.9031368421 27.923042105299999 1.4200801551 1.4207262698400001 0.0009765625
27.923042105299999 27.942947368399999 1.4200340954399999 1.4206801550999999 0.0009765625
27.942947368399999 27.962852631600001 1.41998809075 1.4206340954400001 0.0009765625
27.962852631600001 27.982757894700001 1.4199421409399999 1.4205880907499999 0.0009765625
27.982757894700001 28.002663157899999 1.4198962459 1.4205421409400001 0.0009765625
28.002663157899999 28.022568421100001 1.4198504055200001 1.4204962458999999 0.0009765625
28.022568421100001 28.042473684200001 1.41980461971 1.42045040552 0.0009765625
28.042473684200001 28.062378947399999 1.4197588883500001 1.42040461971 0.0009765625
28.062378947399999 28.082284210499999 1.4197132113499999 1.42035888835 0.0009765625
28.082284210499999 28.102189473700001 1.4196675886100001 1.4203132113500001 0.0009765625
28.102189473700001 28.122094736800001 1.41962202002 1.42026758861 0.0009765625
28.122094736800001 28.141999999999999 1.41957650547 1.42022202002 0.0009765625
28.141999999999999 28.161905263200001 1.41953104488 1.42017650547 0.0009765625
28.161905263200001 28.181810526300001 1.4194856381300001 1.42013104488 0.0009765625
28.181810526300001 28.2017157895 1.4194402851400001 1.42008563813 0.0009765625
28.2017157895 28.2216210526 1.4193949857799999 1.42004028514 0.0009765625
28.2216210526 28.241526315800002 1.4193497399699999 1.4199949857800001 0.0009765625
28.241526315800002 28.261431578900002 1.4193045476099999 1.4199497399700001 0.0009765625
28.261431578900002 28.2813368421 1.4192594085900001 1.4199045476100001 0.0009765625
28.2813368421 28.301242105299998 1.41921432281 1.41985940859 0.0009765625
28.301242105299998 28.321147368399998 1.4191692901799999 1.41981432281 0.0009765625
28.321147368399998 28.3410526316 1.41912431059 1.4197692901800001 0.0009765625
28.3410526316 28.3609578947 1.41907938396 1.4197243105899999 0.0009765625
28.3609578947 28.380863157899999 1.4190345101699999 1.4196793839599999 0.0009765625
28.380863157899999 28.4007684211 1.41898968912 1.4196345101700001 0.0009765625
28.4007684211 28.420673684200001 1.41894492074 1.4195896891199999 0.0009765625
28.420673684200001 28.440578947399999 1.4189002048999999 1.4195449207399999 0.0009765625
28.440578947399999 28.460484210499999 1.4188555415199999 1.4195002049000001 0.0009765625
28.460484210499999 28.480389473700001 1.4188109304900001 1.4194555415200001 0.0009765625
28.480389473700001 28.500294736800001 1.4187663717300001 1.41941093049 0.0009765625
28.500294736800001 28.520199999999999 1.41872186513 1.41936637173 0.0009765625
28.520199999999999 28.540105263200001 1.4186774106 1.4193218651299999 0.0009765625
28.540105263200001 28.560010526300001 1.41863300804 1.4192774105999999 0.0009765625
28.560010526300001 28.579915789499999 1.4185886573499999 1.41923300804 0.0009765625
28.579915789499999 28.599821052599999 1.4185443584399999 1.4191886573500001 0.0009765625
28.599821052599999 28.619726315800001 1.41850011122 1.4191443584400001 0.0009765625
28.619726315800001 28.639631578900001 1.4184559155800001 1.4191001112199999 0.0009765625
28.639631578900001 28.6595368421 1.41841177143 1.41905591558 0.0009765625
28.6595368421 28.679442105300001 1.4183676786699999 1.4190117714299999 0.0009765625
28.679442105300001 28.699347368400002 1.4183236372200001 1.4189676786700001 0.0009765625
28.699347368400002 28.7192526316 1.4182796469800001 1.41892363722 0.0009765625
28.7192526316 28.7391578947 1.4182357078500001 1.41887964698 0.0009765625
28.7391578947 28.759063157899998 1.4181918197300001 1.41883570785 0.0009765625
28.759063157899998 28.7789684211 1.4181479825500001 1.41879181973 0.0009765625
28.7789684211 28.7988736842 1.4181041961900001 1.41874798255 0.0009765625
28.7988736842 28.818778947399998 1.41806046057 1.41870419619 0.0009765625
28.818778947399998 28.838684210499999 1.4180167755899999 1.4186604605699999 0.0009765625
28.838684210499999 28.8585894737 1.4179731411700001 1.4186167755900001 0.0009765625
28.8585894737 28.8784947368 1.4179295572099999 1.41857314117 0.0009765625
28.8784947368 28.898399999999999 1.4178860236099999 1.4185295572100001 0.0009765625
28.898399999999999 28.918305263200001 1.4178425402899999 1.4184860236100001 0.0009765625
28.918305263200001 28.938210526300001 1.41779910714 1.4184425402900001 0.0009765625
28.938210526300001 28.958115789499999 1.4177557240900001 1.4183991071399999 0.0009765625
28.958115789499999 28.978021052599999 1.41771239104 1.41835572409 0.0009765625
28.978021052599999 28.997926315800001 1.4176691078999999 1.41831239104 0.0009765625
28.997926315800001 29.017831578900001 1.4176258745700001 1.4182691079 0.0009765625
29.017831578900001 29.037736842099999 1.41758269097 1.41822587457 0.0009765625
29.037736842099999 29.057642105300001 1.41753955701 1.4181826909699999 0.0009765625
29.057642105300001 29.077547368400001 1.4174964725800001 1.4181395570099999 0.0009765625
29.077547368400001 29.0974526316 1.4174534376200001 1.41809647258 0.0009765625
29.0974526316 29.1173578947 1.4174104520199999 1.41805343762 0.0009765625
29.1173578947 29.137263157900001 1.4173675156900001 1.4180104520200001 0.0009765625
29.137263157900001 29.1571684211 1.4173246285500001 1.41796751569 0.0009765625
29.1571684211 29.1770736842 1.4172817905099999 1.41792462855 0.0009765625
29.1770736842 29.196978947400002 1.41723900147 1.4178817905100001 0.0009765625
29.196978947400002 29.216884210500002 1.41719626136 1.41783900147 0.0009765625
29.216884210500002 29.2367894737 1.41715357007 1.4177962613599999 0.0009765625
29.2367894737 29.2566947368 1.41711092752 1.4177535700699999 0.0009765625
29.2566947368 29.276599999999998 1.4170683336300001 1.4177109275199999 0.0009765625
29.276599999999998 29.2965052632 1.4170257883099999 1.41766833363 0.0009765625
29.2965052632 29.3164105263 1.41698329146 1.4176257883100001 0.0009765625
29.3164105263 29.336315789499999 1.4169408429999999 1.41758329146 0.0009765625
29.336315789499999 29.356221052599999 1.41689844285 1.4175408430000001 0.0009765625
29.356221052599999 29.376126315800001 1.4168560909100001 1.4174984428499999 0.0009765625
29.376126315800001 29.396031578900001 1.4168137870999999 1.41745609091 0.0009765625
29.396031578900001 29.415936842099999 1.41677153133 1.4174137871000001 0.0009765625
29.415936842099999 29.435842105300001 1.41672932352 1.4173715313299999 0.0009765625
29.435842105300001 29.455747368400001 1.41668716358 1.41732932352 0.0009765625
29.455747368400001 29.475652631599999 1.41664505143 1.41728716358 0.0009765625
29.475652631599999 29.495557894699999 1.4166029869700001 1.4172450514299999 0.0009765625
29.495557894699999 29.515463157900001 1.4165609701299999 1.41720298697 0.0009765625
29.515463157900001 29.535368421099999 1.4165190008099999 1.4171609701300001 0.0009765625
29.535368421099999 29.555273684199999 1.4164770789400001 1.4171190008100001 0.0009765625
29.555273684199999 29.575178947400001 1.4164352044199999 1.41707707894 0.0009765625
29.575178947400001 29.595084210500001 1.4163933771799999 1.4170352044200001 0.0009765625
29.595084210500001 29.6149894737 1.41635159712 1.4169933771800001 0.0009765625
29.6149894737 29.6348947368 1.41630986417 1.41695159712 0.0009765625
29.6348947368 29.654800000000002 1.41626817824 1.41690986417 0.0009765625
29.654800000000002 29.6747052632 1.41622653924 1.4168681782400001 0.0009765625
29.6747052632 29.6946105263 1.4161849471000001 1.4168265392399999 0.0009765625
29.6946105263 29.714515789499998 1.4161434017200001 1.4167849471 0.0009765625
29.714515789499998 29.734421052599998 1.4161019030399999 1.41674340172 0.0009765625
29.734421052599998 29.7543263158 1.4160604509500001 1.4167019030400001 0.0009765625
29.7543263158 29.7742315789 1.4160190453799999 1.41666045095 0.0009765625
29.7742315789 29.794136842099999 1.41597768625 1.4166190453800001 0.0009765625
29.794136842099999 29.8140421053 1.4159363734799999 1.4165776862499999 0.0009765625
29.8140421053 29.8339473684 1.4158951069800001 1.4165363734800001 0.0009765625
29.8339473684 29.853852631599999 1.4158538866599999 1.41649510698 0.0009765625
29.853852631599999 29.873757894699999 1.41581271246 1.41645388666 0.0009765625
29.873757894699999 29.893663157900001 1.4157715842800001 1.4164127124599999 0.0009765625
29.893663157900001 29.913568421099999 1.41573050205 1.41637158428 0.0009765625
29.913568421099999 29.933473684199999 1.4156894656800001 1.4163305020500001 0.0009765625
29.933473684199999 29.953378947400001 1.4156484751 1.41628946568 0.0009765625
29.953378947400001 29.973284210500001 1.41560753022 1.4162484751 0.0009765625
29.973284210500001 29.993189473699999 1.4155666309599999 1.4162075302199999 0.0009765625
29.993189473699999 30.013094736799999 1.4155257772400001 1.4161666309600001 0.0009765625
30.013094736799999 30.033000000000001 1.41548496898 1.41612577724 0.0009765625
30.033000000000001 30.0529052632 1.4154442061000001 1.4160849689799999 0.0009765625
30.0529052632 30.0728105263 1.41540348852 1.4160442061 0.0009765625
30.0728105263 30.092715789500001 1.41536281616 1.4160034885199999 0.0009765625
30.092715789500001 30.112621052600002 1.4153221889500001 1.41596281616 0.0009765625
30.112621052600002 30.1325263158 1.4152816068 1.41592218895 0.0009765625
30.1325263158 30.1524315789 1.41524106963 1.4158816068 0.0009765625
30.1524315789 30.172336842100002 1.41520057736 1.4158410696299999 0.0009765625
30.172336842100002 30.1922421053 1.4151601299200001 1.41580057736 0.0009765625
30.1922421053 30.2121473684 1.41511972723 1.41576012992 0.0009765625
30.2121473684 30.232052631599998 1.4150793692100001 1.4157197272299999 0.0009765625
30.232052631599998 30.251957894699999 1.4150390557700001 1.41567936921 0.0009765625
30.251957894699999 30.2718631579 1.41499878685 1.41563905577 0.0009765625
30.2718631579 30.291768421099999 1.4149585623700001 1.41559878685 0.0009765625
30.291768421099999 30.311673684199999 1.41491838224 1.41555856237 0.0009765625
30.311673684199999 30.331578947400001 1.41487824639 1.4155183822399999 0.0009765625
30.331578947400001 30.351484210500001 1.41483815474 1.41547824639 0.0009765625
30.351484210500001 30.371389473699999 1.41479810722 1.4154381547399999 0.0009765625
30.371389473699999 30.391294736799999 1.4147581037500001 1.4153981072199999 0.0009765625
30.391294736799999 30.411200000000001 1.4147181442500001 1.41535810375 0.0009765625
30.411200000000001 30.431105263199999 1.4146782286499999 1.41531814425 0.0009765625
30.431105263199999 30.451010526299999 1.4146383568600001 1.4152782286500001 0.0009765625
30.451010526299999 30.470915789500001 1.41459852882 1.41523835686 0.0009765625
30.470915789500001 30.490821052600001 1.4145587444400001 1.41519852882 0.0009765625
30.490821052600001 30.510726315799999 1.4145190036599999 1.41515874444 0.0009765625
30.510726315799999 30.5306315789 1.4144793063900001 1.4151190036600001 0.0009765625
30.5306315789 30.550536842100001 1.41443965256 1.41507930639 0.0009765625
30.550536842100001 30.5704421053 1.4144000421 1.41503965256 0.0009765625
30.5704421053 30.5903473684 1.4143604749300001 1.4150000421 0.0009765625
30.5903473684 30.610252631600002 1.4143209509700001 1.41496047493 0.0009765625
30.610252631600002 30.630157894700002 1.4142814701499999 1.41492095097 0.0009765625
30.630157894700002 30.6500631579 1.4142420324 1.4148814701500001 0.0009765625
30.6500631579 30.669968421099998 1.4142026376400001 1.4148420323999999 0.0009765625
30.669968421099998 30.689873684199998 1.4141632857999999 1.41480263764 0.0009765625
30.689873684199998 30.7097789474 1.4141239768 1.4147632858000001 0.0009765625
30.7097789474 30.7296842105 1.4140847105800001 1.4147239767999999 0.0009765625
30.7296842105 30.749589473699999 1.4140454870400001 1.41468471057 0.0009765625
30.749589473699999 30.769494736799999 1.4140063061299999 1.41464548704 0.0009765625
30.769494736799999 30.789400000000001 1.4139671677700001 1.41460630613 0.0009765625
30.789400000000001 30.809305263199999 1.41392807189 1.41456716777 0.0009765625
30.809305263199999 30.829210526299999 1.4138890184099999 1.41452807189 0.0009765625
30.829210526299999 30.849115789500001 1.41385000726 1.4144890184100001 0.0009765625
30.849115789500001 30.869021052600001 1.41381103837 1.4144500072599999 0.0009765625
30.869021052600001 30.888926315799999 1.4137721116599999 1.4144110383699999 0.0009765625
30.888926315799999 30.908831578899999 1.41373322707 1.4143721116600001 0.0009765625
30.908831578899999 30.928736842100001 1.4136943845200001 1.41433322707 0.0009765625
30.928736842100001 30.948642105299999 1.41365558394 1.41429438452 0.0009765625
30.948642105299999 30.968547368399999 1.4136168252500001 1.4142555839399999 0.0009765625
30.968547368399999 30.988452631600001 1.4135781084000001 1.41421682525 0.0009765625
30.988452631600001 31.008357894700001 1.41353943329 1.4141781084 0.0009765625
31.008357894700001 31.0282631579 1.41350079987 1.4141394332899999 0.0009765625
31.0282631579 31.048168421100002 1.4134622080699999 1.4141007998699999 0.0009765625
31.048168421100002 31.068073684200002 1.4134236577999999 1.41406220807 0.0009765625
31.068073684200002 31.0879789474 1.41338514901 1.4140236578000001 0.0009765625
31.0879789474 31.1078842105 1.41334668161 1.4139851490099999 0.0009765625
31.1078842105 31.127789473699998 1.4133082555500001 1.4139466816099999 0.0009765625
31.127789473699998 31.147694736799998 1.41326987074 1.41390825555 0.0009765625
31.147694736799998 31.1676 1.41323152712 1.4138698707399999 0.0009765625
31.1676 31.187505263199998 1.4131932246300001 1.4138315271199999 0.0009765625
31.187505263199998 31.207410526299999 1.41315496318 1.41379322463 0.0009765625
31.207410526299999 31.2273157895 1.41311674271 1.4137549631799999 0.0009765625
31.2273157895 31.2472210526 1.41307856316 1.4137167427099999 0.0009765625
31.2472210526 31.267126315799999 1.4130404244400001 1.41367856316 0.0009765625
31.267126315799999 31.287031578899999 1.4130023265 1.41364042444 0.0009765625
31.287031578899999 31.306936842100001 1.41296426927 1.4136023265 0.0009765625
31.306936842100001 31.326842105299999 1.4129262526599999 1.4135642692699999 0.0009765625
31.326842105299999 31.346747368399999 1.4128882766299999 1.4135262526600001 0.0009765625
31.346747368399999 31.366652631600001 1.41285034109 1.4134882766300001 0.0009765625
31.366652631600001 31.386557894700001 1.41281244598 1.4134503410899999 0.0009765625
31.386557894700001 31.406463157899999 1.41277459123 1.4134124459799999 0.0009765625
31.406463157899999 31.426368421100001 1.4127367767700001 1.41337459123 0.0009765625
31.426368421100001 31.446273684200001 1.4126990025399999 1.41333677677 0.0009765625
31.446273684200001 31.4661789474 1.41266126847 1.4132990025400001 0.0009765625
31.4661789474 31.4860842105 1.41262357449 1.4132612684700001 0.0009765625
31.4860842105 31.505989473700001 1.41258592053 1.4132235744899999 0.0009765625
31.505989473700001 31.525894736800002 1.41254830652 1.4131859205299999 0.0009765625
31.525894736800002 31.5458 1.4125107324099999 1.4131483065199999 0.0009765625
31.5458 31.565705263200002 1.4124731981200001 1.4131107324100001 0.0009765625
31.565705263200002 31.585610526300002 1.4124357035799999 1.41307319812 0.0009765625
31.585610526300002 31.6055157895 1.41239824873 1.4130357035800001 0.0009765625
31.6055157895 31.6254210526 1.4123608335 1.4129982487299999 0.0009765625
31.6254210526 31.645326315799998 1.4123234578299999 1.4129608334999999 0.0009765625
31.645326315799998 31.665231578899999 1.41228612165 1.4129234578300001 0.0009765625
31.665231578899999 31.6851368421 1.41224882489 1.4128861216499999 0.0009765625
31.6851368421 31.705042105299999 1.41221156749 1.41284882489 0.0009765625
31.705042105299999 31.724947368399999 1.4121743493800001 1.4128115674899999 0.0009765625
31.724947368399999 31.744852631600001 1.4121371705000001 1.41277434938 0.0009765625
31.744852631600001 31.764757894700001 1.41210003078 1.4127371705 0.0009765625
31.764757894700001 31.784663157899999 1.4120629301500001 1.4127000307799999 0.0009765625
31.784663157899999 31.804568421100001 1.41202586856 1.41266293015 0.0009765625
31.804568421100001 31.824473684200001 1.4119888459300001 1.4126258685599999 0.0009765625
31.824473684200001 31.844378947399999 1.4119518622 1.41258884593 0.0009765625
31.844378947399999 31.864284210499999 1.4119149173100001 1.4125518622 0.0009765625
31.864284210499999 31.884189473700001 1.4118780112 1.41251491731 0.0009765625
31.884189473700001 31.904094736800001 1.41184114379 1.4124780111999999 0.0009765625
31.904094736800001 31.923999999999999 1.4118043150199999 1.41244114379 0.0009765625
31.923999999999999 31.943905263200001 1.4117675248299999 1.4124043150200001 0.0009765625
31.943905263200001 31.963810526300001 1.41173077316 1.4123675248300001 0.0009765625
31.963810526300001 31.9837157895 1.4116940599400001 1.4123307731600001 0.0009765625
31.9837157895 32.003621052600003 1.4116573851100001 1.41229405994 0.0009765625
32.003621052600003 32.023526315799998 1.4116207486100001 1.41225738511 0.0009765625
32.023526315799998 32.043431578899998 1.41158415036 1.41222074861 0.0009765625
32.043431578899998 32.0633368421 1.4115475903200001 1.4121841503599999 0.0009765625
32.0633368421 32.083242105300002 1.4115110684100001 1.41214759032 0.0009765625
32.083242105300002 32.103147368400002 1.4114745845700001 1.41211106841 0.0009765625
32.103147368400002 32.123052631599997 1.4114381387499999 1.41207458457 0.0009765625
32.123052631599997 32.142957894699997 1.41140173086 1.4120381387500001 0.0009765625
32.142957894699997 32.162863157899999 1.4113653608700001 1.4120017308599999 0.0009765625
32.162863157899999 32.1827684211 1.4113290287 1.41196536087 0.0009765625
32.1827684211 32.202673684200001 1.4112927342799999 1.4119290286999999 0.0009765625
32.202673684200001 32.222578947400002 1.4112564775700001 1.4118927342800001 0.0009765625
32.222578947400002 32.242484210500002 1.41122025849 1.41185647757 0.0009765625
32.242484210500002 32.262389473699997 1.4111840769899999 1.4118202584899999 0.0009765625
32.262389473699997 32.282294736799997 1.4111479330000001 1.4117840769900001 0.0009765625
32.282294736799997 32.302199999999999 1.41111182646 1.411747933 0.0009765625
32.302199999999999 32.322105263200001 1.4110757573099999 1.4117118264599999 0.0009765625
32.322105263200001 32.342010526300001 1.41103972549 1.4116757573100001 0.0009765625
32.342010526300001 32.361915789500003 1.4110037309400001 1.4116397254899999 0.0009765625
32.361915789500003 32.381821052600003 1.4109677735899999 1.41160373094 0.0009765625
32.381821052600003 32.401726315799998 1.4109318533999999 1.4115677735900001 0.0009765625
32.401726315799998 32.421631578899998 1.4108959702799999 1.4115318534000001 0.0009765625
32.421631578899998 32.4415368421 1.4108601241900001 1.4114959702800001 0.0009765625
32.4415368421 32.461442105300002 1.4108243150699999 1.41146012419 0.0009765625
32.461442105300002 32.481347368400002 1.41078854285 1.4114243150700001 0.0009765625
32.481347368400002 32.501252631600003 1.41075280748 1.4113885428499999 0.0009765625
32.501252631600003 32.521157894700004 1.4107171088899999 1.4113528074799999 0.0009765625
32.521157894700004 32.541063157899998 1.41068144702 1.4113171088900001 0.0009765625
32.541063157899998 32.5609684211 1.41064582182 1.4112814470199999 0.0009765625
32.5609684211 32.5808736842 1.4106102332299999 1.4112458218199999 0.0009765625
32.5808736842 32.600778947400002 1.41057468118 1.4112102332300001 0.0009765625
32.600778947400002 32.620684210500002 1.4105391656099999 1.4111746811799999 0.0009765625
32.620684210500002 32.640589473699997 1.41050368648 1.4111391656100001 0.0009765625
32.640589473699997 32.660494736799997 1.41046824371 1.41110368648 0.0009765625
32.660494736799997 32.680399999999999 1.4104328372499999 1.4110682437099999 0.0009765625
32.680399999999999 32.700305263200001 1.4103974670499999 1.4110328372500001 0.0009765625
32.700305263200001 32.720210526300001 1.41036213303 1.4109974670500001 0.0009765625
32.720210526300001 32.740115789500003 1.41032683515 1.41096213303 0.0009765625
32.740115789500003 32.760021052600003 1.4102915733400001 1.4109268351499999 0.0009765625
32.760021052600003 32.779926315799997 1.4102563475500001 1.41089157334 0.0009765625
32.779926315799997 32.799831578899997 1.4102211577199999 1.41085634755 0.0009765625
32.799831578899997 32.819736842099999 1.41018600379 1.4108211577200001 0.0009765625
32.819736842099999 32.839642105300001 1.4101508857 1.41078600379 0.0009765625
32.839642105300001 32.859547368400001 1.4101158034000001 1.4107508857 0.0009765625
32.859547368400001 32.879452631600003 1.41008075682 1.4107158034 0.0009765625
32.879452631600003 32.899357894700003 1.41004574592 1.4106807568199999 0.0009765625
32.899357894700003 32.919263157899998 1.41001077063 1.4106457459199999 0.0009765625
32.919263157899998 32.9391684211 1.4099758308899999 1.41061077063 0.0009765625
32.9391684211 32.9590736842 1.40994092665 1.41057583089 0.0009765625
32.9590736842 32.978978947400002 1.40990605785 1.41054092665 0.0009765625
32.978978947400002 32.998884210500002 1.40987122444 1.4105060578499999 0.0009765625
32.998884210500002 33.018789473699997 1.4098364263500001 1.4104712244399999 0.0009765625
33.018789473699997 33.038694736799997 1.4098016635399999 1.41043642635 0.0009765625
33.038694736799997 33.058599999999998 1.40976693594 1.4104016635400001 0.0009765625
33.058599999999998 33.0785052632 1.4097322434999999 1.41036693594 0.0009765625
33.0785052632 33.0984105263 1.4096975861600001 1.4103322435000001 0.0009765625
33.0984105263 33.118315789500002 1.40966296386 1.41029758616 0.0009765625
33.118315789500002 33.138221052600002 1.40962837656 1.4102629638599999 0.0009765625
33.138221052600002 33.158126315799997 1.4095938241899999 1.4102283765600001 0.0009765625
33.158126315799997 33.178031578899997 1.4095593067000001 1.4101938241900001 0.0009765625
33.178031578899997 33.197936842099999 1.40952482403 1.4101593067 0.0009765625
33.197936842099999 33.217842105300001 1.4094903761299999 1.4101248240299999 0.0009765625
33.217842105300001 33.237747368400001 1.4094559629400001 1.4100903761300001 0.0009765625
33.237747368400001 33.257652631600003 1.40942158441 1.41005596294 0.0009765625
33.257652631600003 33.277557894700003 1.4093872404800001 1.4100215844099999 0.0009765625
33.277557894700003 33.297463157899998 1.4093529310899999 1.40998724048 0.0009765625
33.297463157899998 33.317368421099999 1.4093186562 1.4099529310900001 0.0009765625
33.317368421099999 33.337273684199999 1.40928441574 1.4099186561999999 0.0009765625
33.337273684199999 33.357178947400001 1.4092502096699999 1.4098844157399999 0.0009765625
33.357178947400001 33.377084210500001 1.4092160379200001 1.4098502096700001 0.0009765625
33.377084210500001 33.396989473700003 1.4091819004499999 1.40981603792 0.0009765625
33.396989473700003 33.416894736800003 1.4091477971899999 1.4097819004500001 0.0009765625
33.416894736800003 33.436799999999998 1.4091137280999999 1.4097477971900001 0.0009765625
33.436799999999998 33.4567052632 1.40907969312 1.4097137281000001 0.0009765625
33.4567052632 33.4766105263 1.4090456922000001 1.40967969312 0.0009765625
33.4766105263 33.496515789500002 1.4090117252800001 1.4096456922 0.0009765625
33.496515789500002 33.516421052600002 1.40897779231 1.40961172528 0.0009765625
33.516421052600002 33.536326315799997 1.40894389324 1.4095777923099999 0.0009765625
33.536326315799997 33.556231578899997 1.408910028 1.40954389324 0.0009765625
33.556231578899997 33.576136842099999 1.4088761965600001 1.4095100279999999 0.0009765625
33.576136842099999 33.5960421053 1.4088423988500001 1.40947619656 0.0009765625
33.5960421053 33.615947368400001 1.40880863483 1.40944239885 0.0009765625
33.615947368400001 33.635852631600002 1.40877490443 1.4094086348299999 0.0009765625
33.635852631600002 33.655757894700002 1.4087412076100001 1.4093749044299999 0.0009765625
33.655757894700002 33.675663157899997 1.4087075443099999 1.40934120761 0.0009765625
33.675663157899997 33.695568421099999 1.40867391449 1.40930754431 0.0009765625
33.695568421099999 33.715473684199999 1.40864031808 1.4092739144899999 0.0009765625
33.715473684199999 33.735378947400001 1.4086067550400001 1.4092403180799999 0.0009765625
33.735378947400001 33.755284210500001 1.4085732253200001 1.40920675504 0.0009765625
33.755284210500001 33.775189473700003 1.4085397288499999 1.40917322532 0.0009765625
33.775189473700003 33.795094736800003 1.40850626559 1.4091397288500001 0.0009765625
33.795094736800003 33.814999999999998 1.4084728355 1.40910626559 0.0009765625
33.814999999999998 33.8349052632 1.4084394385000001 1.4090728355 0.0009765625
33.8349052632 33.8548105263 1.40840607456 1.4090394385 0.0009765625
33.8548105263 33.874715789500002 1.40837274363 1.4090060745599999 0.0009765625
33.874715789500002 33.894621052600002 1.40833944564 1.4089727436299999 0.0009765625
33.894621052600002 33.914526315800003 1.4083061805499999 1.40893944564 0.0009765625
33.914526315800003 33.934431578900004 1.4082729483100001 1.4089061805500001 0.0009765625
33.934431578900004 33.954336842099998 1.40823974887 1.40887294831 0.0009765625
33.954336842099998 33.9742421053 1.4082065821700001 1.40883974887 0.0009765625
33.9742421053 33.9941473684 1.4081734481699999 1.40880658217 0.0009765625
33.9941473684 34.014052631600002 1.40814034681 1.4087734481700001 0.0009765625
34.014052631600002 34.033957894700002 1.4081072780499999 1.4087403468099999 0.0009765625
34.033957894700002 34.053863157899997 1.4080742418200001 1.4087072780500001 0.0009765625
34.053863157899997 34.073768421099999 1.40804123809 1.40867424182 0.0009765625
34.073768421099999 34.093673684199999 1.4080082668 1.40864123809 0.0009765625
34.093673684199999 34.113578947400001 1.4079753279 1.4086082668 0.0009765625
34.113578947400001 34.133484210500001 1.40794242134 1.4085753279 0.0009765625
34.133484210500001 34.153389473700003 1.40790954707 1.40854242134 0.0009765625
34.153389473700003 34.173294736800003 1.4078767050400001 1.40850954707 0.0009765625
34.173294736800003 34.193199999999997 1.4078438952000001 1.40847670504 0.0009765625
34.193199999999997 34.213105263199999 1.4078111175000001 1.4084438952 0.0009765625
34.213105263199999 34.233010526299999 1.4077783718900001 1.4084111175 0.0009765625
34.233010526299999 34.252915789500001 1.4077456583300001 1.40837837189 0.0009765625
34.252915789500001 34.272821052600001 1.4077129767500001 1.40834565833 0.0009765625
34.272821052600001 34.292726315800003 1.40768032712 1.40831297675 0.0009765625
34.292726315800003 34.312631578900003 1.4076477093799999 1.40828032712 0.0009765625
34.312631578900003 34.332536842099998 1.4076151234900001 1.4082477093800001 0.0009765625
34.332536842099998 34.3524421053 1.4075825693899999 1.40821512349 0.0009765625
34.3524421053 34.3723473684 1.40755004704 1.4081825693900001 0.0009765625
34.3723473684 34.392252631600002 1.40751755638 1.4081500470399999 0.0009765625
34.392252631600002 34.412157894700002 1.4074850973699999 1.4081175563799999 0.0009765625
34.412157894700002 34.432063157899996 1.4074526699700001 1.4080850973700001 0.0009765625
34.432063157899996 34.451968421099998 1.4074202741099999 1.40805266997 0.0009765625
34.451968421099998 34.471873684199998 1.4073879097499999 1.4080202741100001 0.0009765625
34.471873684199998 34.4917789474 1.4073555768499999 1.4079879097500001 0.0009765625
34.4917789474 34.5116842105 1.40732327536 1.4079555768500001 0.0009765625
34.5116842105 34.531589473700002 1.4072910052200001 1.4079232753599999 0.0009765625
34.531589473700002 34.551494736800002 1.4072587664 1.40789100522 0.0009765625
34.551494736800002 34.571399999999997 1.4072265588299999 1.4078587664 0.0009765625
34.571399999999997 34.591305263199999 1.40719438248 1.4078265588300001 0.0009765625
34.591305263199999 34.611210526299999 1.4071622372999999 1.4077943824800001 0.0009765625
34.611210526299999 34.631115789500001 1.40713012323 1.4077622373000001 0.0009765625
34.631115789500001 34.651021052600001 1.40709804024 1.4077301232299999 0.0009765625
34.651021052600001 34.670926315800003 1.4070659882700001 1.4076980402399999 0.0009765625
34.670926315800003 34.690831578900003 1.4070339672700001 1.40766598827 0.0009765625
34.690831578900003 34.710736842099998 1.40700197721 1.40763396727 0.0009765625
34.710736842099998 34.730642105299999 1.40697001802 1.4076019772099999 0.0009765625
34.730642105299999 34.750547368399999 1.4069380896799999 1.4075700180199999 0.0009765625
34.750547368399999 34.770452631600001 1.4069061921099999 1.40753808968 0.0009765625
34.770452631600001 34.790357894700001 1.40687432529 1.4075061921100001 0.0009765625
34.790357894700001 34.810263157900003 1.40684248917 1.4074743252899999 0.0009765625
34.810263157900003 34.830168421099998 1.4068106836900001 1.4074424891699999 0.0009765625
34.830168421099998 34.850073684199998 1.40677890882 1.40741068369 0.0009765625
34.850073684199998 34.8699789474 1.40674716449 1.4073789088199999 0.0009765625
34.8699789474 34.8898842105 1.4067154506799999 1.40734716449 0.0009765625
34.8898842105 34.909789473700002 1.4066837673299999 1.4073154506800001 0.0009765625
34.909789473700002 34.929694736800002 1.4066521143899999 1.40728376733 0.0009765625
34.929694736800002 34.949599999999997 1.40662049182 1.4072521143900001 0.0009765625
34.949599999999997 34.969505263199999 1.40658889958 1.40722049182 0.0009765625
34.969505263199999 34.989410526299999 1.40655733762 1.4071888995799999 0.0009765625
34.989410526299999 35.0093157895 1.4065258058800001 1.4071573376199999 0.0009765625
35.0093157895 35.029221052600001 1.40649430434 1.40712580588 0.0009765625
35.029221052600001 35.049126315800002 1.40646283293 1.4070943043399999 0.0009765625
35.049126315800002 35.069031578900002 1.40643139162 1.4070628329299999 0.0009765625
35.069031578900002 35.088936842099997 1.40639998036 1.4070313916199999 0.0009765625
35.088936842099997 35.108842105299999 1.4063685991099999 1.40699998036 0.0009765625
35.108842105299999 35.128747368399999 1.40633724781 1.4069685991100001 0.0009765625
35.128747368399999 35.148652631600001 1.40630592643 1.40693724781 0.0009765625
35.148652631600001 35.168557894700001 1.4062746349099999 1.4069059264299999 0.0009765625
35.168557894700001 35.188463157900003 1.4062433732199999 1.4068746349100001 0.0009765625
35.188463157900003 35.208368421099998 1.4062121413099999 1.4068433732200001 0.0009765625
35.208368421099998 35.228273684199998 1.40618093914 1.4068121413100001 0.0009765625
35.228273684199998 35.2481789474 1.40614976665 1.4067809391399999 0.0009765625
35.2481789474 35.2680842105 1.4061186238100001 1.40674976665 0.0009765625
35.2680842105 35.287989473700001 1.4060875105799999 1.40671862381 0.0009765625
35.287989473700001 35.307894736800002 1.40605642689 1.4066875105800001 0.0009765625
35.307894736800002 35.327800000000003 1.4060253727200001 1.4066564268899999 0.0009765625
35.327800000000003 35.347705263199998 1.4059943480199999 1.40662537272 0.0009765625
35.347705263199998 35.367610526299998 1.4059633527399999 1.4065943480200001 0.0009765625
35.367610526299998 35.3875157895 1.40593238684 1.4065633527400001 0.0009765625
35.3875157895 35.4074210526 1.40590145028 1.4065323868399999 0.0009765625
35.4074210526 35.427326315800002 1.40587054301 1.40650145028 0.0009765625
35.427326315800002 35.447231578900002 1.40583966499 1.40647054301 0.0009765625
35.447231578900002 35.467136842099997 1.40580881617 1.4064396649899999 0.0009765625
35.467136842099997 35.487042105299999 1.4057779965099999 1.4064088161699999 0.0009765625
35.487042105299999 35.506947368399999 1.40574720597 1.4063779965100001 0.0009765625
35.506947368399999 35.526852631600001 1.4057164445100001 1.40634720597 0.0009765625
35.526852631600001 35.546757894700001 1.4056857120699999 1.40631644451 0.0009765625
35.546757894700001 35.566663157900003 1.4056550086299999 1.4062857120700001 0.0009765625
35.566663157900003 35.586568421099997 1.4056243341200001 1.4062550086300001 0.0009765625
35.586568421099997 35.606473684199997 1.40559368852 1.40622433412 0.0009765625
35.606473684199997 35.626378947399999 1.4055630717800001 1.4061936885199999 0.0009765625
35.626378947399999 35.646284210499999 1.4055324838500001 1.40616307178 0.0009765625
35.646284210499999 35.666189473700001 1.4055019247 1.40613248385 0.0009765625
35.666189473700001 35.686094736800001 1.4054713942799999 1.4061019246999999 0.0009765625
35.686094736800001 35.706000000000003 1.4054408925399999 1.4060713942800001 0.0009765625
35.706000000000003 35.725905263199998 1.4054104194499999 1.4060408925400001 0.0009765625
35.725905263199998 35.745810526299998 1.40537997496 1.40601041945 0.0009765625
35.745810526299998 35.7657157895 1.40534955903 1.4059799749599999 0.0009765625
35.7657157895 35.7856210526 1.40531917162 1.40594955903 0.0009765625
35.7856210526 35.805526315800002 1.4052888126900001 1.4059191716199999 0.0009765625
35.805526315800002 35.825431578900002 1.40525848219 1.40588881269 0.0009765625
35.825431578900002 35.845336842099996 1.4052281800799999 1.40585848219 0.0009765625
35.845336842099996 35.865242105299998 1.40519790632 1.4058281800800001 0.0009765625
35.865242105299998 35.885147368399998 1.4051676608699999 1.4057979063199999 0.0009765625
35.885147368399998 35.9050526316 1.4051374436799999 1.40576766087 0.0009765625
35.9050526316 35.9249578947 1.4051072547200001 1.4057374436800001 0.0009765625
35.9249578947 35.944863157900002 1.4050770939399999 1.40570725472 0.0009765625
35.944863157900002 35.964768421099997 1.4050469613100001 1.4056770939400001 0.0009765625
35.964768421099997 35.984673684199997 1.4050168567700001 1.40564696131 0.0009765625
35.984673684199997 36.004578947399999 1.40498678029 1.40561685677 0.0009765625
36.004578947399999 36.024484210499999 1.40495673183 1.4055867802899999 0.0009765625
36.024484210499999 36.044389473700001 1.4049267113499999 1.40555673183 0.0009765625
36.044389473700001 36.064294736800001 1.4048967188000001 1.4055267113500001 0.0009765625
36.064294736800001 36.084200000000003 1.40486675415 1.4054967188 0.0009765625
36.084200000000003 36.104105263199997 1.4048368173500001 1.4054667541500001 0.0009765625
36.104105263199997 36.124010526299998 1.4048069083600001 1.40543681735 0.0009765625
36.124010526299998 36.143915789499999 1.40477702714 1.40540690836 0.0009765625
36.143915789499999 36.163821052599999 1.4047471736599999 1.4053770271399999 0.0009765625
36.163821052599999 36.183726315800001 1.4047173478599999 1.4053471736600001 0.0009765625
36.183726315800001 36.203631578900001 1.40468754972 1.4053173478600001 0.0009765625
36.203631578900001 36.223536842100003 1.4046577791799999 1.4052875497199999 0.0009765625
36.223536842100003 36.243442105299998 1.4046280362200001 1.4052577791800001 0.0009765625
36.243442105299998 36.263347368399998 1.4045983207799999 1.40522803622 0.0009765625
36.263347368399998 36.2832526316 1.40456863283 1.4051983207800001 0.0009765625
36.2832526316 36.3031578947 1.4045389723299999 1.4051686328299999 0.0009765625
36.3031578947 36.323063157900002 1.4045093392400001 1.4051389723300001 0.0009765625
36.323063157900002 36.342968421099997 1.4044797335200001 1.40510933924 0.0009765625
36.342968421099997 36.362873684199997 1.4044501551299999 1.40507973352 0.0009765625
36.362873684199997 36.382778947399999 1.40442060402 1.4050501551300001 0.0009765625
36.382778947399999 36.402684210499999 1.4043910801699999 1.40502060402 0.0009765625
36.402684210499999 36.4225894737 1.4043615835300001 1.4049910801700001 0.0009765625
36.4225894737 36.442494736800001 1.40433211405 1.40496158353 0.0009765625
36.442494736800001 36.462400000000002 1.40430267171 1.40493211405 0.0009765625
36.462400000000002 36.482305263199997 1.40427325646 1.4049026717099999 0.0009765625
36.482305263199997 36.502210526299997 1.40424386825 1.4048732564599999 0.0009765625
36.502210526299997 36.522115789499999 1.4042145070700001 1.40484386825 0.0009765625
36.522115789499999 36.542021052599999 1.4041851728500001 1.40481450707 0.0009765625
36.542021052599999 36.561926315800001 1.4041558655799999 1.40478517285 0.0009765625
36.561926315800001 36.581831578900001 1.40412658519 1.4047558655800001 0.0009765625
36.581831578900001 36.601736842100003 1.4040973316700001 1.4047265851899999 0.0009765625
36.601736842100003 36.621642105299998 1.4040681049599999 1.40469733167 0.0009765625
36.621642105299998 36.641547368399998 1.40403890503 1.4046681049600001 0.0009765625
36.641547368399998 36.6614526316 1.40400973184 1.4046389050300001 0.0009765625
36.6614526316 36.6813578947 1.40398058535 1.4046097318399999 0.0009765625
36.6813578947 36.701263157900001 1.4039514655300001 1.40458058535 0.0009765625
36.701263157900001 36.721168421100003 1.4039223723300001 1.40455146553 0.0009765625
36.721168421100003 36.741073684200003 1.40389330572 1.40452237233 0.0009765625
36.741073684200003 36.760978947399998 1.40386426565 1.40449330572 0.0009765625
36.760978947399998 36.780884210499998 1.4038352520999999 1.4044642656499999 0.0009765625
36.780884210499998 36.8007894737 1.4038062650100001 1.4044352521000001 0.0009765625
36.8007894737 36.8206947368 1.4037773043699999 1.40440626501 0.0009765625
36.8206947368 36.840600000000002 1.40374837011 1.4043773043700001 0.0009765625
36.840600000000002 36.860505263199997 1.40371946222 1.4043483701099999 0.0009765625
36.860505263199997 36.880410526299997 1.40369058064 1.4043194622199999 0.0009765625
36.880410526299997 36.900315789499999 1.4036617253499999 1.4042905806399999 0.0009765625
36.900315789499999 36.920221052599999 1.4036328963 1.40426172535 0.0009765625
36.920221052599999 36.940126315800001 1.40360409346 1.4042328962999999 0.0009765625
36.940126315800001 36.960031578900001 1.40357531679 1.40420409346 0.0009765625
36.960031578900001 36.979936842100003 1.40354656625 1.40417531679 0.0009765625
36.979936842100003 36.999842105299997 1.4035178418000001 1.4041465662499999 0.0009765625
36.999842105299997 37.019747368399997 1.4034891434100001 1.4041178418 0.0009765625
37.019747368399997 37.039652631599999 1.40346047104 1.40408914341 0.0009765625
37.039652631599999 37.059557894699999 1.4034318246499999 1.40406047104 0.0009765625
37.059557894699999 37.079463157900001 1.40340320421 1.4040318246500001 0.0009765625
37.079463157900001 37.099368421100003 1.4033746096799999 1.4040032042099999 0.0009765625
37.099368421100003 37.119273684200003 1.40334604102 1.4039746096800001 0.0009765625
37.119273684200003 37.139178947399998 1.4033174981900001 1.40394604102 0.0009765625
37.139178947399998 37.159084210499998 1.40328898116 1.40391749819 0.0009765625
37.159084210499998 37.1789894737 1.4032604899000001 1.4038889811599999 0.0009765625
37.1789894737 37.1988947368 1.4032320243500001 1.4038604899 0.0009765625
37.1988947368 37.218800000000002 1.4032035844999999 1.40383202435 0.0009765625
37.218800000000002 37.238705263200004 1.4031751702899999 1.4038035845000001 0.0009765625
37.238705263200004 37.258610526299996 1.4031467817000001 1.4037751702900001 0.0009765625
37.258610526299996 37.278515789499998 1.4031184186900001 1.4037467817 0.0009765625
37.278515789499998 37.298421052599998 1.40309008122 1.40371841869 0.0009765625
37.298421052599998 37.3183263158 1.40306176926 1.4036900812199999 0.0009765625
37.3183263158 37.3382315789 1.40303348277 1.40366176926 0.0009765625
37.3382315789 37.358136842100002 1.40300522171 1.4036334827700001 0.0009765625
37.358136842100002 37.378042105299997 1.4029769860400001 1.4036052217099999 0.0009765625
37.378042105299997 37.397947368399997 1.4029487757400001 1.40357698604 0.0009765625
37.397947368399997 37.417852631599999 1.40292059077 1.40354877574 0.0009765625
37.417852631599999 37.437757894699999 1.4028924310799999 1.4035205907699999 0.0009765625
37.437757894699999 37.457663157900001 1.40286429665 1.4034924310800001 0.0009765625
37.457663157900001 37.477568421100003 1.4028361874299999 1.4034642966499999 0.0009765625
37.477568421100003 37.497473684200003 1.4028081034 1.4034361874300001 0.0009765625
37.497473684200003 37.517378947399997 1.40278004452 1.4034081034000001 0.0009765625
37.517378947399997 37.537284210499998 1.40275201075 1.40338004452 0.0009765625
37.537284210499998 37.557189473699999 1.40272400205 1.4033520107499999 0.0009765625
37.557189473699999 37.577094736799999 1.4026960183999999 1.40332400205 0.0009765625
37.577094736799999 37.597000000000001 1.4026680597500001 1.4032960184000001 0.0009765625
37.597000000000001 37.616905263200003 1.4026401260700001 1.40326805975 0.0009765625
37.616905263200003 37.636810526300003 1.40261221732 1.40324012607 0.0009765625
37.636810526300003 37.656715789499998 1.4025843334799999 1.4032122173199999 0.0009765625
37.656715789499998 37.676621052599998 1.4025564745000001 1.40318433348 0.0009765625
37.676621052599998 37.6965263158 1.4025286403499999 1.4031564745 0.0009765625
37.6965263158 37.7164315789 1.402500831 1.4031286403500001 0.0009765625
37.7164315789 37.736336842100002 1.4024730464099999 1.4031008309999999 0.0009765625
37.736336842100002 37.756242105299997 1.4024452865399999 1.4030730464100001 0.0009765625
37.756242105299997 37.776147368399997 1.4024175513599999 1.40304528654 0.0009765625
37.776147368399997 37.796052631599999 1.40238984085 1.4030175513600001 0.0009765625
37.796052631599999 37.815957894699999 1.4023621549500001 1.4029898408499999 0.0009765625
37.815957894699999 37.8358631579 1.40233449364 1.40296215495 0.0009765625
37.8358631579 37.855768421100002 1.4023068568799999 1.4029344936399999 0.0009765625
37.855768421100002 37.875673684200002 1.4022792446500001 1.4029068568800001 0.0009765625
37.875673684200002 37.895578947399997 1.4022516568900001 1.40287924465 0.0009765625
37.895578947399997 37.915484210499997 1.4022240935900001 1.40285165689 0.0009765625
37.915484210499997 37.935389473699999 1.4021965546999999 1.40282409359 0.0009765625
37.935389473699999 37.955294736799999 1.4021690402 1.4027965547000001 0.0009765625
37.955294736799999 37.975200000000001 1.4021415500400001 1.4027690401999999 0.0009765625
37.975200000000001 37.995105263200003 1.4021140841999999 1.40274155004 0.0009765625
37.995105263200003 38.015010526300003 1.40208664264 1.4027140842000001 0.0009765625
38.015010526300003 38.034915789499998 1.4020592253199999 1.40268664264 0.0009765625
38.034915789499998 38.054821052599998 1.4020318322200001 1.4026592253200001 0.0009765625
38.054821052599998 38.0747263158 1.4020044632999999 1.40263183222 0.0009765625
38.0747263158 38.0946315789 1.4019771185200001 1.4026044633000001 0.0009765625
38.0946315789 38.114536842100001 1.40194979785 1.40257711852 0.0009765625
38.114536842100001 38.134442105300003 1.4019225012600001 1.4025497978499999 0.0009765625
38.134442105300003 38.154347368400003 1.4018952287199999 1.40252250126 0.0009765625
38.154347368400003 38.174252631599998 1.40186798019 1.4024952287200001 0.0009765625
38.174252631599998 38.194157894699998 1.4018407556300001 1.40246798019 0.0009765625
38.194157894699998 38.2140631579 1.4018135550299999 1.40244075563 0.0009765625
38.2140631579 38.233968421100002 1.40178637833 1.4024135550300001 0.0009765625
38.233968421100002 38.253873684200002 1.40175922551 1.4023863783299999 0.0009765625
38.253873684200002 38.273778947399997 1.40173209654 1.4023592255099999 0.0009765625
38.273778947399997 38.293684210499997 1.4017049913799999 1.4023320965399999 0.0009765625
38.293684210499997 38.313589473699999 1.4016779100000001 1.4023049913800001 0.0009765625
38.313589473699999 38.333494736799999 1.40165085236 1.40227791 0.0009765625
38.333494736799999 38.353400000000001 1.4016238184400001 1.4022508523599999 0.0009765625
38.353400000000001 38.373305263200002 1.4015968082100001 1.40222381844 0.0009765625
38.373305263200002 38.393210526300003 1.4015698216200001 1.40219680821 0.0009765625
38.393210526300003 38.413115789499997 1.4015428586400001 1.40216982162 0.0009765625
38.413115789499997 38.433021052599997 1.40151591925 1.40214285864 0.0009765625
38.433021052599997 38.452926315799999 1.40148900341 1.4021159192499999 0.0009765625
38.452926315799999 38.472831578899999 1.4014621110900001 1.40208900341 0.0009765625
38.472831578899999 38.492736842100001 1.40143524226 1.40206211109 0.0009765625
38.492736842100001 38.512642105300003 1.40140839688 1.40203524226 0.0009765625
38.512642105300003 38.532547368400003 1.40138157492 1.4020083968799999 0.0009765625
38.532547368400003 38.552452631599998 1.4013547763500001 1.40198157492 0.0009765625
38.552452631599998 38.572357894699998 1.40132800114 1.40195477635 0.0009765625
38.572357894699998 38.5922631579 1.4013012492500001 1.4019280011399999 0.0009765625
38.5922631579 38.612168421100002 1.4012745206599999 1.40190124925 0.0009765625
38.612168421100002 38.632073684200002 1.4012478153300001 1.4018745206600001 0.0009765625
38.632073684200002 38.651978947400004 1.40122113323 1.40184781533 0.0009765625
38.651978947400004 38.671884210499996 1.40119447432 1.4018211332299999 0.0009765625
38.671884210499996 38.691789473699998 1.4011678385799999 1.4017944743199999 0.0009765625
38.691789473699998 38.711694736799998 1.40114122598 1.4017678385800001 0.0009765625
38.711694736799998 38.7316 1.40111463647 1.4017412259799999 0.0009765625
38.7316 38.751505263200002 1.4010880700399999 1.4017146364699999 0.0009765625
38.751505263200002 38.771410526300002 1.4010615266499999 1.4016880700400001 0.0009765625
38.771410526300002 38.791315789499997 1.4010350062700001 1.4016615266500001 0.0009765625
38.791315789499997 38.811221052599997 1.4010085088599999 1.40163500627 0.0009765625
38.811221052599997 38.831126315799999 1.4009820343899999 1.4016085088600001 0.0009765625
38.831126315799999 38.851031578899999 1.40095558285 1.4015820343900001 0.0009765625
38.851031578899999 38.870936842100001 1.40092915418 1.4015555828499999 0.0009765625
38.870936842100001 38.890842105300003 1.4009027483600001 1.4015291541799999 0.0009765625
38.890842105300003 38.910747368400003 1.40087636537 1.40150274836 0.0009765625
38.910747368400003 38.930652631599997 1.4008500051599999 1.40147636537 0.0009765625
38.930652631599997 38.950557894699998 1.4008236677200001 1.4014500051600001 0.0009765625
38.950557894699998 38.970463157899999 1.400797353 1.40142366772 0.0009765625
38.970463157899999 38.990368421100001 1.4007710609799999 1.4013973529999999 0.0009765625
38.990368421100001 39.010273684200001 1.40074479162 1.4013710609800001 0.0009765625
39.010273684200001 39.030178947400003 1.4007185448999999 1.4013447916199999 0.0009765625
39.030178947400003 39.050084210500003 1.4006923207799999 1.4013185449000001 0.0009765625
39.050084210500003 39.069989473699998 1.4006661192300001 1.4012923207800001 0.0009765625
39.069989473699998 39.089894736799998 1.40063994023 1.40126611923 0.0009765625
39.089894736799998 39.1098 1.4006137837399999 1.40123994023 0.0009765625
39.1098 39.129705263200002 1.4005876497300001 1.4012137837400001 0.0009765625
39.129705263200002 39.149610526300002 1.4005615381800001 1.40118764973 0.0009765625
39.149610526300002 39.169515789499997 1.4005354490399999 1.40116153818 0.0009765625
39.169515789499997 39.189421052599997 1.4005093823000001 1.4011354490400001 0.0009765625
39.189421052599997 39.209326315799998 1.4004833379099999 1.4011093823 0.0009765625
39.209326315799998 39.229231578899999 1.40045731586 1.4010833379100001 0.0009765625
39.229231578899999 39.2491368421 1.4004313160999999 1.4010573158599999 0.0009765625
39.2491368421 39.269042105300002 1.4004053386199999 1.4010313161000001 0.0009765625
39.269042105300002 39.288947368400002 1.40037938338 1.4010053386200001 0.0009765625
39.288947368400002 39.308852631599997 1.4003534503399999 1.4009793833799999 0.0009765625
39.308852631599997 39.328757894699997 1.4003275394900001 1.4009534503400001 0.0009765625
39.328757894699997 39.348663157899999 1.4003016507899999 1.40092753949 0.0009765625
39.348663157899999 39.368568421100001 1.4002757842 1.4009016507900001 0.0009765625
39.368568421100001 39.388473684200001 1.4002499397099999 1.4008757841999999 0.0009765625
39.388473684200001 39.408378947400003 1.4002241172800001 1.40084993971 0.0009765625
39.408378947400003 39.428284210500003 1.4001983168800001 1.40082411728 0.0009765625
39.428284210500003 39.448189473699998 1.4001725384799999 1.40079831688 0.0009765625
39.448189473699998 39.468094736799998 1.40014678206 1.4007725384800001 0.0009765625
39.468094736799998 39.488 1.4001210475800001 1.4007467820599999 0.0009765625
39.488 39.507905263200001 1.4000953350100001 1.40072104758 0.0009765625
39.507905263200001 39.527810526300001 1.40006964432 1.40069533501 0.0009765625
39.527810526300001 39.547715789500003 1.40004397549 1.40066964432 0.0009765625
39.547715789500003 39.567621052600003 1.4000183284800001 1.40064397549 0.0009765625
39.567621052600003 39.587526315799998 1.3999927032699999 1.40061832848 0.0009765625
39.587526315799998 39.607431578899998 1.39996709983 1.4005927032700001 0.0009765625
39.607431578899998 39.6273368421 1.3999415181299999 1.4005670998299999 0.0009765625
39.6273368421 39.647242105300002 1.39991595813 1.4005415181300001 0.0009765625
39.647242105300002 39.667147368400002 1.39989041981 1.40051595813 0.0009765625
39.667147368400002 39.687052631599997 1.3998649031499999 1.4004904198100001 0.0009765625
39.687052631599997 39.706957894699997 1.3998394081100001 1.4004649031500001 0.0009765625
39.706957894699997 39.726863157899999 1.39981393466 1.40043940811 0.0009765625
39.726863157899999 39.746768421100001 1.39978848277 1.40041393466 0.0009765625
39.746768421100001 39.766673684200001 1.39976305242 1.4003884827699999 0.0009765625
39.766673684200001 39.786578947400002 1.39973764358 1.4003630524199999 0.0009765625
39.786578947400002 39.806484210500003 1.3997122562099999 1.4003376435799999 0.0009765625
39.806484210500003 39.826389473699997 1.3996868902899999 1.4003122562100001 0.0009765625
39.826389473699997 39.846294736799997 1.3996615457999999 1.4002868902900001 0.0009765625
39.846294736799997 39.866199999999999 1.3996362227000001 1.4002615458000001 0.0009765625
39.866199999999999 39.886105263200001 1.3996109209600001 1.4002362227 0.0009765625
39.886105263200001 39.906010526300001 1.39958564056 1.40021092096 0.0009765625
39.906010526300001 39.925915789500003 1.3995603814699999 1.4001856405599999 0.0009765625
39.925915789500003 39.945821052600003 1.3995351436500001 1.4001603814700001 0.0009765625
39.945821052600003 39.965726315799998 1.39950992709 1.40013514365 0.0009765625
39.965726315799998 39.985631578899998 1.3994847317500001 1.4001099270899999 0.0009765625
39.985631578899998 40.0055368421 1.3994595576 1.40008473175 0.0009765625
40.0055368421 40.025442105300002 1.39943440462 1.4000595575999999 0.0009765625
40.025442105300002 40.045347368400002 1.39940927278 1.40003440462 0.0009765625
40.045347368400002 40.065252631600003 1.39938416205 1.40000927278 0.0009765625
40.065252631600003 40.085157894699996 1.3993590724 1.39998416205 0.0009765625
40.085157894699996 40.105063157899998 1.3993340038099999 1.3999590723999999 0.0009765625
40.105063157899998 40.1249684211 1.3993089562500001 1.3999340038100001 0.0009765625
40.1249684211 40.1448736842 1.3992839296799999 1.39990895625 0.0009765625
40.1448736842 40.164778947400002 1.39925892409 1.3998839296800001 0.0009765625
40.164778947400002 40.184684210500002 1.39923393944 1.3998589240899999 0.0009765625
40.184684210500002 40.204589473699997 1.3992089757099999 1.3998339394399999 0.0009765625
40.204589473699997 40.224494736799997 1.39918403286 1.3998089757100001 0.0009765625
40.224494736799997 40.244399999999999 1.3991591108799999 1.39978403286 0.0009765625
40.244399999999999 40.264305263200001 1.3991342097299999 1.39975911088 0.0009765625
40.264305263200001 40.284210526300001 1.3991093293900001 1.3997342097300001 0.0009765625
40.284210526300001 40.304115789500003 1.39908446983 1.39970932939 0.0009765625
40.304115789500003 40.324021052600003 1.3990596310200001 1.3996844698299999 0.0009765625
40.324021052600003 40.343926315799997 1.3990348129300001 1.39965963102 0.0009765625
40.343926315799997 40.363831578899998 1.39901001554 1.39963481293 0.0009765625
40.363831578899998 40.383736842099999 1.3989852388199999 1.39961001554 0.0009765625
40.383736842099999 40.403642105300001 1.39896048275 1.3995852388200001 0.0009765625
40.403642105300001 40.423547368400001 1.3989357472899999 1.3995604827499999 0.0009765625
40.423547368400001 40.443452631600003 1.39891103242 1.3995357472900001 0.0009765625
40.443452631600003 40.463357894700003 1.3988863381100001 1.39951103242 0.0009765625
40.463357894700003 40.483263157899998 1.39886166433 1.39948633811 0.0009765625
40.483263157899998 40.5031684211 1.3988370110699999 1.39946166433 0.0009765625
40.5031684211 40.5230736842 1.3988123782799999 1.3994370110700001 0.0009765625
40.5230736842 40.542978947400002 1.3987877659500001 1.3994123782800001 0.0009765625
40.542978947400002 40.562884210500002 1.3987631740499999 1.39938776595 0.0009765625
40.562884210500002 40.582789473699997 1.3987386025499999 1.3993631740500001 0.0009765625
40.582789473699997 40.602694736799997 1.39871405143 1.3993386025500001 0.0009765625
40.602694736799997 40.622599999999998 1.3986895206500001 1.39931405143 0.0009765625
40.622599999999998 40.6425052632 1.3986650102 1.39928952065 0.0009765625
40.6425052632 40.6624105263 1.3986405200300001 1.3992650101999999 0.0009765625
40.6624105263 40.682315789500002 1.39861605014 1.39924052003 0.0009765625
40.682315789500002 40.702221052600002 1.3985916004900001 1.3992160501399999 0.0009765625
40.702221052600002 40.722126315799997 1.3985671710600001 1.39919160049 0.0009765625
40.722126315799997 40.742031578899997 1.3985427618099999 1.39916717106 0.0009765625
40.742031578899997 40.761936842099999 1.3985183727299999 1.3991427618100001 0.0009765625
40.761936842099999 40.781842105300001 1.39849400379 1.3991183727300001 0.0009765625
40.781842105300001 40.801747368400001 1.39846965495 1.3990940037899999 0.0009765625
40.801747368400001 40.821652631600003 1.3984453262100001 1.3990696549499999 0.0009765625
40.821652631600003 40.841557894700003 1.39842101752 1.39904532621 0.0009765625
40.841557894700003 40.861463157899998 1.3983967288600001 1.39902101752 0.0009765625
40.861463157899998 40.881368421099999 1.3983724602100001 1.39899672886 0.0009765625
40.881368421099999 40.9012736842 1.3983482115400001 1.39897246021 0.0009765625
40.9012736842 40.921178947400001 1.39832398282 1.39894821154 0.0009765625
40.921178947400001 40.941084210500001 1.3982997740400001 1.39892398282 0.0009765625
40.941084210500001 40.960989473700003 1.3982755851599999 1.39889977404 0.0009765625
40.960989473700003 40.980894736800003 1.3982514161499999 1.3988755851600001 0.0009765625
40.980894736800003 41.000799999999998 1.398227267 1.3988514161500001 0.0009765625
41.000799999999998 41.0207052632 1.3982031376699999 1.3988272669999999 0.0009765625
41.0207052632 41.0406105263 1.3981790281499999 1.3988031376700001 0.0009765625
41.0406105263 41.060515789500002 1.3981549384 1.3987790281500001 0.0009765625
41.060515789500002 41.080421052600002 1.39813086839 1.3987549384 0.0009765625
41.080421052600002 41.100326315799997 1.39810681812 1.3987308683899999 0.0009765625
41.100326315799997 41.120231578899997 1.3980827875399999 1.39870681812 0.0009765625
41.120231578899997 41.140136842099999 1.3980587766300001 1.3986827875400001 0.0009765625
41.140136842099999 41.160042105300001 1.3980347853699999 1.39865877663 0.0009765625
41.160042105300001 41.179947368400001 1.39801081374 1.3986347853700001 0.0009765625
41.179947368400001 41.199852631600002 1.3979868617 1.39861081374 0.0009765625
41.199852631600002 41.219757894700003 1.39796292924 1.3985868616999999 0.0009765625
41.219757894700003 41.239663157899997 1.3979390163200001 1.3985629292399999 0.0009765625
41.239663157899997 41.259568421099999 1.39791512292 1.39853901632 0.0009765625
41.259568421099999 41.279473684199999 1.3978912490199999 1.3985151229199999 0.0009765625
41.279473684199999 41.299378947400001 1.39786739459 1.3984912490200001 0.0009765625
41.299378947400001 41.319284210500001 1.3978435596100001 1.3984673945899999 0.0009765625
41.319284210500001 41.339189473700003 1.39781974405 1.39844355961 0.0009765625
41.339189473700003 41.359094736800003 1.3977959478899999 1.3984197440499999 0.0009765625
41.359094736800003 41.378999999999998 1.3977721711 1.3983959478900001 0.0009765625
41.378999999999998 41.3989052632 1.39774841366 1.3983721710999999 0.0009765625
41.3989052632 41.4188105263 1.3977246755399999 1.39834841366 0.0009765625
41.4188105263 41.438715789500002 1.3977009567100001 1.3983246755400001 0.0009765625
41.438715789500002 41.458621052600002 1.39767725717 1.39830095671 0.0009765625
41.458621052600002 41.478526315800003 1.39765357686 1.39827725717 0.0009765625
41.478526315800003 41.498431578899996 1.3976299157900001 1.39825357686 0.0009765625
41.498431578899996 41.518336842099998 1.3976062739099999 1.39822991579 0.0009765625
41.518336842099998 41.5382421053 1.39758265121 1.3982062739100001 0.0009765625
41.5382421053 41.5581473684 1.3975590476599999 1.39818265121 0.0009765625
41.5581473684 41.578052631600002 1.3975354632300001 1.3981590476600001 0.0009765625
41.578052631600002 41.597957894700002 1.3975118979100001 1.39813546323 0.0009765625
41.597957894700002 41.617863157899997 1.3974883516600001 1.39811189791 0.0009765625
41.617863157899997 41.637768421099999 1.3974648244600001 1.39808835166 0.0009765625
41.637768421099999 41.657673684199999 1.3974413162999999 1.39806482446 0.0009765625
41.657673684199999 41.677578947400001 1.39741782714 1.3980413163000001 0.0009765625
41.677578947400001 41.697484210500001 1.39739435696 1.3980178271399999 0.0009765625
41.697484210500001 41.717389473700003 1.3973709057299999 1.39799435696 0.0009765625
41.717389473700003 41.737294736800003 1.39734747344 1.39797090573 0.0009765625
41.737294736800003 41.757199999999997 1.3973240600600001 1.3979474734399999 0.0009765625
41.757199999999997 41.777105263199999 1.39730066556 1.39792406006 0.0009765625
41.777105263199999 41.797010526299999 1.3972772899200001 1.3979006655599999 0.0009765625
41.797010526299999 41.816915789500001 1.39725393312 1.39787728992 0.0009765625
41.816915789500001 41.836821052600001 1.3972305951199999 1.3978539331199999 0.0009765625
41.836821052600001 41.856726315800003 1.39720727592 1.3978305951200001 0.0009765625
41.856726315800003 41.876631578900003 1.39718397549 1.39780727592 0.0009765625
41.876631578900003 41.896536842099998 1.3971606937900001 1.3977839754800001 0.0009765625
41.896536842099998 41.9164421053 1.39713743081 1.39776069379 0.0009765625
41.9164421053 41.9363473684 1.3971141865300001 1.3977374308099999 0.0009765625
41.9363473684 41.956252631600002 1.39709096091 1.39771418653 0.0009765625
41.956252631600002 41.976157894700002 1.39706775394 1.3976909609099999 0.0009765625
41.976157894700002 41.996063157899997 1.3970445655999999 1.39766775394 0.0009765625
41.996063157899997 42.015968421099998 1.39702139585 1.3976445656000001 0.0009765625
42.015968421099998 42.035873684199998 1.39699824468 1.3976213958499999 0.0009765625
42.035873684199998 42.0557789474 1.39697511206 1.3975982446799999 0.0009765625
42.0557789474 42.0756842105 1.39695199797 1.39757511206 0.0009765625
42.0756842105 42.095589473700002 1.39692890239 1.39755199797 0.0009765625
42.095589473700002 42.115494736800002 1.39690582529 1.3975289023899999 0.0009765625
42.115494736800002 42.135399999999997 1.3968827666500001 1.3975058252899999 0.0009765625
42.135399999999997 42.155305263199999 1.39685972645 1.39748276665 0.0009765625
42.155305263199999 42.175210526299999 1.3968367046500001 1.3974597264499999 0.0009765625
42.175210526299999 42.195115789500001 1.3968137012499999 1.39743670465 0.0009765625
42.195115789500001 42.215021052600001 1.39679071622 1.3974137012500001 0.0009765625
42.215021052600001 42.234926315800003 1.3967677495199999 1.3973907162200001 0.0009765625
42.234926315800003 42.254831578900003 1.3967448011500001 1.3973677495200001 0.0009765625
42.254831578900003 42.274736842099998 1.39672187108 1.39734480115 0.0009765625
42.274736842099998 42.294642105299999 1.3966989592800001 1.3973218710799999 0.0009765625
42.294642105299999 42.3145473684 1.3966760657299999 1.39729895928 0.0009765625
42.3145473684 42.334452631600001 1.3966531904199999 1.3972760657300001 0.0009765625
42.334452631600001 42.354357894700001 1.3966303333000001 1.3972531904200001 0.0009765625
42.354357894700001 42.374263157900003 1.39660749437 1.3972303333 0.0009765625
42.374263157900003 42.394168421099998 1.39658467361 1.3972074943699999 0.0009765625
42.394168421099998 42.414073684199998 1.3965618709800001 1.39718467361 0.0009765625
42.414073684199998 42.4339789474 1.39653908646 1.39716187098 0.0009765625
42.4339789474 42.4538842105 1.3965163200399999 1.39713908646 0.0009765625
42.4538842105 42.473789473700002 1.39649357169 1.3971163200400001 0.0009765625
42.473789473700002 42.493694736800002 1.39647084138 1.3970935716899999 0.0009765625
42.493694736800002 42.513599999999997 1.3964481290999999 1.3970708413799999 0.0009765625
42.513599999999997 42.533505263199999 1.39642543482 1.3970481291000001 0.0009765625
42.533505263199999 42.553410526299999 1.3964027585200001 1.39702543482 0.0009765625
42.553410526299999 42.573315789500001 1.39638010018 1.39700275852 0.0009765625
42.573315789500001 42.593221052600001 1.3963574597799999 1.39698010018 0.0009765625
42.593221052600001 42.613126315800002 1.39633483729 1.3969574597800001 0.0009765625
42.613126315800002 42.633031578900003 1.3963122326899999 1.3969348372899999 0.0009765625
42.633031578900003 42.652936842099997 1.39628964595 1.3969122326900001 0.0009765625
42.652936842099997 42.672842105299999 1.3962670770700001 1.39688964595 0.0009765625
42.672842105299999 42.692747368399999 1.396244526 1.39686707706 0.0009765625
42.692747368399999 42.712652631600001 1.3962219927399999 1.396844526 0.0009765625
42.712652631600001 42.732557894700001 1.3961994772599999 1.3968219927400001 0.0009765625
42.732557894700001 42.752463157900003 1.3961769795400001 1.3967994772600001 0.0009765625
42.752463157900003 42.772368421099998 1.3961544995499999 1.39677697954 0.0009765625
42.772368421099998 42.792273684199998 1.3961320372799999 1.3967544995500001 0.0009765625
42.792273684199998 42.8121789474 1.39610959269 1.3967320372800001 0.0009765625
42.8121789474 42.8320842105 1.39608716578 1.3967095926899999 0.0009765625
42.8320842105 42.851989473700002 1.3960647565199999 1.39668716578 0.0009765625
42.851989473700002 42.871894736800002 1.39604236488 1.3966647565200001 0.0009765625
42.871894736800002 42.891800000000003 1.3960199908499999 1.3966423648799999 0.0009765625
42.891800000000003 42.911705263199998 1.3959976344 1.3966199908500001 0.0009765625
42.911705263199998 42.931610526299998 1.39597529551 1.3965976344 0.0009765625
42.931610526299998 42.9515157895 1.3959529741600001 1.3965752955099999 0.0009765625
42.9515157895 42.9714210526 1.3959306703200001 1.39655297416 0.0009765625
42.9714210526 42.991326315800002 1.3959083839899999 1.39653067032 0.0009765625
42.991326315800002 43.011231578900002 1.3958861151199999 1.3965083839900001 0.0009765625
43.011231578900002 43.031136842099997 1.39586386372 1.3964861151200001 0.0009765625
43.031136842099997 43.051042105299999 1.39584162974 1.39646386372 0.0009765625
43.051042105299999 43.070947368399999 1.3958194131699999 1.39644162974 0.0009765625
43.070947368399999 43.090852631600001 1.3957972139899999 1.3964194131700001 0.0009765625
43.090852631600001 43.110757894700001 1.39577503218 1.3963972139900001 0.0009765625
43.110757894700001 43.130663157900003 1.39575286771 1.3963750321799999 0.0009765625
43.130663157900003 43.150568421099997 1.39573072057 1.3963528677099999 0.0009765625
43.150568421099997 43.170473684199997 1.39570859073 1.39633072057 0.0009765625
43.170473684199997 43.190378947399999 1.39568647817 1.3963085907299999 0.0009765625
43.190378947399999 43.210284210499999 1.3956643828799999 1.39628647817 0.0009765625
43.210284210499999 43.230189473700001 1.39564230482 1.3962643828800001 0.0009765625
43.230189473700001 43.250094736800001 1.3956202439800001 1.3962423048199999 0.0009765625
43.250094736800001 43.270000000000003 1.39559820034 1.39622024398 0.0009765625
43.270000000000003 43.289905263199998 1.3955761738700001 1.39619820034 0.0009765625
43.289905263199998 43.309810526299998 1.39555416456 1.39617617387 0.0009765625
43.309810526299998 43.3297157895 1.39553217239 1.39615416456 0.0009765625
43.3297157895 43.3496210526 1.3955101973299999 1.39613217239 0.0009765625
43.3496210526 43.369526315800002 1.3954882393600001 1.3961101973300001 0.0009765625
43.369526315800002 43.389431578900002 1.3954662984599999 1.39608823936 0.0009765625
43.389431578900002 43.409336842099997 1.39544437461 1.3960662984600001 0.0009765625
43.409336842099997 43.429242105299998 1.39542246779 1.39604437461 0.0009765625
43.429242105299998 43.449147368399998 1.3954005779800001 1.3960224677899999 0.0009765625
43.449147368399998 43.4690526316 1.39537870516 1.39600057798 0.0009765625
43.4690526316 43.4889578947 1.3953568493099999 1.3959787051600001 0.0009765625
43.4889578947 43.508863157900002 1.3953350104 1.3959568493100001 0.0009765625
43.508863157900002 43.528768421099997 1.3953131884200001 1.3959350103999999 0.0009765625
43.528768421099997 43.548673684199997 1.39529138334 1.39591318842 0.0009765625
43.548673684199997 43.568578947399999 1.39526959515 1.39589138334 0.0009765625
43.568578947399999 43.588484210499999 1.3952478238299999 1.39586959515 0.0009765625
43.588484210499999 43.608389473700001 1.39522606934 1.3958478238300001 0.0009765625
43.608389473700001 43.628294736800001 1.39520433168 1.39582606934 0.0009765625
43.628294736800001 43.648200000000003 1.3951826108300001 1.39580433168 0.0009765625
43.648200000000003 43.668105263199998 1.3951609067499999 1.39578261083 0.0009765625
43.668105263199998 43.688010526299998 1.3951392194400001 1.3957609067500001 0.0009765625
43.688010526299998 43.707915789499999 1.3951175488700001 1.39573921944 0.0009765625
43.707915789499999 43.7278210526 1.3950958950200001 1.39571754887 0.0009765625
43.7278210526 43.747726315800001 1.3950742578799999 1.39569589502 0.0009765625
43.747726315800001 43.767631578900001 1.3950526374100001 1.3956742578800001 0.0009765625
43.767631578900001 43.787536842100003 1.39503103361 1.39565263741 0.0009765625
43.787536842100003 43.807442105299998 1.39500944644 1.39563103361 0.0009765625
43.807442105299998 43.827347368399998 1.3949878759000001 1.39560944644 0.0009765625
43.827347368399998 43.8472526316 1.3949663219499999 1.3955878759 0.0009765625
43.8472526316 43.8671578947 1.39494478459 1.3955663219500001 0.0009765625
43.8671578947 43.887063157900002 1.39492326379 1.39554478459 0.0009765625
43.887063157900002 43.906968421099997 1.39490175952 1.3955232637899999 0.0009765625
43.906968421099997 43.926873684199997 1.39488027178 1.3955017595200001 0.0009765625
43.926873684199997 43.946778947399999 1.39485880054 1.3954802717799999 0.0009765625
43.946778947399999 43.966684210499999 1.3948373457800001 1.3954588005399999 0.0009765625
43.966684210499999 43.9865894737 1.3948159074699999 1.39543734578 0.0009765625
43.9865894737 44.006494736800001 1.3947944856100001 1.3954159074700001 0.0009765625
44.006494736800001 44.026400000000002 1.39477308017 1.39539448561 0.0009765625
44.026400000000002 44.046305263199997 1.39475169113 1.3953730801699999 0.0009765625
44.046305263199997 44.066210526299997 1.39473031848 1.3953516911299999 0.0009765625
44.066210526299997 44.086115789499999 1.39470896218 1.3953303184800001 0.0009765625
44.086115789499999 44.106021052599999 1.39468762223 1.3953089621799999 0.0009765625
44.106021052599999 44.125926315800001 1.3946662986 1.3952876222299999 0.0009765625
44.125926315800001 44.145831578900001 1.3946449912700001 1.3952662986 0.0009765625
44.145831578900001 44.165736842100003 1.3946237002199999 1.39524499127 0.0009765625
44.165736842100003 44.185642105299998 1.39460242544 1.3952237002200001 0.0009765625
44.185642105299998 44.205547368399998 1.3945811668999999 1.3952024254399999 0.0009765625
44.205547368399998 44.2254526316 1.39455992459 1.3951811669 0.0009765625
44.2254526316 44.2453578947 1.3945386984799999 1.3951599245899999 0.0009765625
44.2453578947 44.265263157900002 1.39451748855 1.3951386984800001 0.0009765625
44.265263157900002 44.285168421100003 1.3944962947999999 1.39511748855 0.0009765625
44.285168421100003 44.305073684200003 1.3944751171900001 1.3950962948000001 0.0009765625
44.305073684200003 44.324978947399998 1.39445395571 1.39507511719 0.0009765625
44.324978947399998 44.344884210499998 1.3944328103300001 1.3950539557099999 0.0009765625
44.344884210499998 44.3647894737 1.39441168105 1.39503281033 0.0009765625
44.3647894737 44.3846947368 1.3943905678299999 1.39501168105 0.0009765625
44.3846947368 44.404600000000002 1.3943694706700001 1.3949905678300001 0.0009765625
44.404600000000002 44.424505263199997 1.39434838954 1.39496947067 0.0009765625
44.424505263199997 44.444410526299997 1.3943273244200001 1.3949483895400001 0.0009765625
44.444410526299997 44.464315789499999 1.39430627529 1.39492732442 0.0009765625
44.464315789499999 44.484221052599999 1.39428524213 1.3949062752900001 0.0009765625
44.484221052599999 44.504126315800001 1.3942642249399999 1.39488524213 0.0009765625
44.504126315800001 44.524031578900001 1.39424322368 1.3948642249400001 0.0009765625
44.524031578900001 44.543936842100003 1.39422223833 1.3948432236799999 0.0009765625
44.543936842100003 44.563842105299997 1.3942012688800001 1.39482223833 0.0009765625
44.563842105299997 44.583747368399997 1.3941803153200001 1.39480126888 0.0009765625
44.583747368399997 44.603652631599999 1.3941593776100001 1.39478031532 0.0009765625
44.603652631599999 44.623557894699999 1.3941384557400001 1.39475937761 0.0009765625
44.623557894699999 44.643463157900001 1.3941175497 1.39473845574 0.0009765625
44.643463157900001 44.663368421100003 1.3940966594599999 1.3947175496999999 0.0009765625
44.663368421100003 44.683273684200003 1.3940757850100001 1.3946966594600001 0.0009765625
44.683273684200003 44.703178947399998 1.3940549263199999 1.39467578501 0.0009765625
44.703178947399998 44.723084210499998 1.39403408338 1.3946549263200001 0.0009765625
44.723084210499998 44.7429894737 1.39401325617 1.3946340833799999 0.0009765625
44.7429894737 44.7628947368 1.3939924446700001 1.39461325617 0.0009765625
44.7628947368 44.782800000000002 1.39397164886 1.39459244467 0.0009765625
44.782800000000002 44.802705263199996 1.39395086872 1.39457164886 0.0009765625
44.802705263199996 44.822610526299997 1.3939301042400001 1.3945508687199999 0.0009765625
44.822610526299997 44.842515789499998 1.3939093553999999 1.39453010424 0.0009765625
44.842515789499998 44.862421052599998 1.39388862217 1.3945093554000001 0.0009765625
44.862421052599998 44.8823263158 1.39386790454 1.3944886221699999 0.0009765625
44.8823263158 44.9022315789 1.3938472024899999 1.3944679045399999 0.0009765625
44.9022315789 44.922136842100002 1.3938265160100001 1.3944472024900001 0.0009765625
44.922136842100002 44.942042105299997 1.3938058450699999 1.39442651601 0.0009765625
44.942042105299997 44.961947368399997 1.39378518965 1.3944058450700001 0.0009765625
44.961947368399997 44.981852631599999 1.39376454974 1.3943851896499999 0.0009765625
44.981852631599999 45.001757894699999 1.3937439253199999 1.3943645497399999 0.0009765625
45.001757894699999 45.021663157900001 1.39372331637 1.3943439253200001 0.0009765625
45.021663157900001 45.041568421100003 1.3937027228700001 1.39432331637 0.0009765625
45.041568421100003 45.061473684200003 1.3936821448100001 1.39430272287 0.0009765625
45.061473684200003 45.081378947399998 1.39366158216 1.39428214481 0.0009765625
45.081378947399998 45.101284210499998 1.3936410349199999 1.39426158216 0.0009765625
45.101284210499998 45.121189473699999 1.39362050305 1.3942410349200001 0.0009765625
45.121189473699999 45.1410947368 1.3935999865399999 1.3942205030499999 0.0009765625
45.1410947368 45.161000000000001 1.3935794853800001 1.3941999865400001 0.0009765625
45.161000000000001 45.180905263200003 1.39355899954 1.39417948538 0.0009765625
45.180905263200003 45.200810526300003 1.39353852901 1.3941589995400001 0.0009765625
45.200810526300003 45.220715789499998 1.3935180737699999 1.3941385290099999 0.0009765625
45.220715789499998 45.240621052599998 1.3934976338 1.3941180737700001 0.0009765625
45.240621052599998 45.2605263158 1.3934772090900001 1.3940976338 0.0009765625
45.2605263158 45.2804315789 1.39345679961 1.39407720909 0.0009765625
45.2804315789 45.300336842100002 1.3934364053499999 1.39405679961 0.0009765625
45.300336842100002 45.320242105299997 1.3934160262899999 1.3940364053500001 0.0009765625
45.320242105299997 45.340147368399997 1.3933956624099999 1.3940160262900001 0.0009765625
45.340147368399997 45.360052631599999 1.3933753137 1.3939956624100001 0.0009765625
45.360052631599999 45.379957894699999 1.39335498014 1.3939753136999999 0.0009765625
45.379957894699999 45.3998631579 1.3933346617 1.39395498014 0.0009765625
45.3998631579 45.419768421100002 1.3933143583800001 1.3939346616999999 0.0009765625
45.419768421100002 45.439673684200002 1.3932940701500001 1.39391435838 0.0009765625
45.439673684200002 45.459578947399997 1.39327379699 1.39389407015 0.0009765625
45.459578947399997 45.479484210499997 1.3932535389 1.3938737969899999 0.0009765625
45.479484210499997 45.499389473699999 1.39323329584 1.3938535389 0.0009765625
45.499389473699999 45.519294736799999 1.3932130678100001 1.3938332958399999 0.0009765625
45.519294736799999 45.539200000000001 1.3931928547900001 1.39381306781 0.0009765625
45.539200000000001 45.559105263200003 1.39317265676 1.39379285479 0.0009765625
45.559105263200003 45.579010526300003 1.3931524736900001 1.39377265676 0.0009765625
45.579010526300003 45.598915789499998 1.39313230558 1.39375247369 0.0009765625
45.598915789499998 45.618821052599998 1.3931121524100001 1.3937323055799999 0.0009765625
45.618821052599998 45.6387263158 1.3930920141600001 1.39371215241 0.0009765625
45.6387263158 45.6586315789 1.3930718907999999 1.39369201416 0.0009765625
45.6586315789 45.678536842100002 1.3930517823399999 1.3936718908000001 0.0009765625
45.678536842100002 45.698442105300003 1.3930316887300001 1.3936517823400001 0.0009765625
45.698442105300003 45.718347368400003 1.3930116099800001 1.39363168873 0.0009765625
45.718347368400003 45.738252631599998 1.39299154607 1.39361160998 0.0009765625
45.738252631599998 45.758157894699998 1.39297149696 1.3935915460699999 0.0009765625
45.758157894699998 45.7780631579 1.3929514626599999 1.3935714969599999 0.0009765625
45.7780631579 45.797968421100002 1.3929314431299999 1.3935514626600001 0.0009765625
45.797968421100002 45.817873684200002 1.3929114383800001 1.3935314431300001 0.0009765625
45.817873684200002 45.837778947399997 1.3928914483599999 1.39351143838 0.0009765625
45.837778947399997 45.857684210499997 1.39287147308 1.3934914483600001 0.0009765625
45.857684210499997 45.877589473699999 1.3928515125100001 1.39347147308 0.0009765625
45.877589473699999 45.897494736799999 1.39283156664 1.39345151251 0.0009765625
45.897494736799999 45.917400000000001 1.39281163544 1.3934315666399999 0.0009765625
45.917400000000001 45.937305263200003 1.3927917189100001 1.3934116354399999 0.0009765625
45.937305263200003 45.957210526300003 1.3927718170200001 1.39339171891 0.0009765625
45.957210526300003 45.977115789499997 1.39275192976 1.39337181702 0.0009765625
45.977115789499997 45.997021052599997 1.3927320571099999 1.3933519297600001 0.0009765625
45.997021052599997 46.016926315799999 1.39271219906 1.3933320571100001 0.0009765625
46.016926315799999 46.036831578899999 1.3926923555799999 1.3933121990599999 0.0009765625
46.036831578899999 46.056736842100001 1.39267252666 1.3932923555800001 0.0009765625
46.056736842100001 46.076642105300003 1.3926527122900001 1.3932725266599999 0.0009765625
46.076642105300003 46.096547368400003 1.3926329124400001 1.39325271229 0.0009765625
46.096547368400003 46.116452631599998 1.39261312711 1.39323291244 0.0009765625
46.116452631599998 46.136357894699998 1.3925933562699999 1.3932131271099999 0.0009765625
46.136357894699998 46.1562631579 1.3925735999 1.3931933562700001 0.0009765625
46.1562631579 46.176168421100002 1.3925538580000001 1.3931735998999999 0.0009765625
46.176168421100002 46.196073684200002 1.3925341305400001 1.393153858 0.0009765625
46.196073684200002 46.215978947399996 1.3925144174999999 1.39313413054 0.0009765625
46.215978947399996 46.235884210499997 1.3924947188800001 1.3931144175000001 0.0009765625
46.235884210499997 46.255789473699998 1.3924750346500001 1.39309471888 0.0009765625
46.255789473699998 46.275694736799998 1.3924553648 1.39307503465 0.0009765625
46.275694736799998 46.2956 1.3924357093099999 1.3930553647999999 0.0009765625
46.2956 46.315505263200002 1.39241606817 1.3930357093100001 0.0009765625
46.315505263200002 46.335410526300002 1.3923964413500001 1.3930160681699999 0.0009765625
46.335410526300002 46.355315789499997 1.39237682884 1.39299644135 0.0009765625
46.355315789499997 46.375221052599997 1.3923572306300001 1.39297682884 0.0009765625
46.375221052599997 46.395126315799999 1.3923376466999999 1.39295723063 0.0009765625
46.395126315799999 46.415031578899999 1.3923180770300001 1.3929376467000001 0.0009765625
46.415031578899999 46.434936842100001 1.3922985216099999 1.39291807703 0.0009765625
46.434936842100001 46.454842105300003 1.39227898042 1.3928985216100001 0.0009765625
46.454842105300003 46.474747368400003 1.3922594534399999 1.3928789804199999 0.0009765625
46.474747368400003 46.494652631599998 1.3922399406599999 1.3928594534400001 0.0009765625
46.494652631599998 46.514557894699998 1.39222044207 1.3928399406600001 0.0009765625
46.514557894699998 46.534463157899999 1.3922009576300001 1.3928204420700001 0.0009765625
46.534463157899999 46.554368421100001 1.39218148735 1.39280095763 0.0009765625
46.554368421100001 46.574273684200001 1.3921620312 1.39278148735 0.0009765625
46.574273684200001 46.594178947400003 1.3921425891600001 1.3927620312 0.0009765625
46.594178947400003 46.614084210500003 1.39212316123 1.39274258916 0.0009765625
46.614084210500003 46.633989473699998 1.39210374738 1.39272316123 0.0009765625
46.633989473699998 46.653894736799998 1.3920843476 1.3927037473799999 0.0009765625
46.653894736799998 46.6738 1.3920649618800001 1.3926843475999999 0.0009765625
46.6738 46.693705263200002 1.39204559019 1.39266496188 0.0009765625
46.693705263200002 46.713610526300002 1.3920262325199999 1.3926455901899999 0.0009765625
46.713610526300002 46.733515789499997 1.3920068888499999 1.3926262325200001 0.0009765625
46.733515789499997 46.753421052599997 1.3919875591799999 1.3926068888500001 0.0009765625
46.753421052599997 46.773326315799999 1.39196824347 1.3925875591800001 0.0009765625
46.773326315799999 46.793231578899999 1.3919489417299999 1.39256824347 0.0009765625
46.793231578899999 46.8131368421 1.3919296539199999 1.3925489417300001 0.0009765625
46.8131368421 46.833042105300002 1.3919103800499999 1.3925296539200001 0.0009765625
46.833042105300002 46.852947368400002 1.3918911200799999 1.3925103800500001 0.0009765625
46.852947368400002 46.872852631599997 1.391871874 1.3924911200800001 0.0009765625
46.872852631599997 46.892757894699997 1.3918526418099999 1.3924718739999999 0.0009765625
46.892757894699997 46.912663157899999 1.3918334234800001 1.3924526418100001 0.0009765625
46.912663157899999 46.932568421100001 1.39181421899 1.39243342348 0.0009765625
46.932568421100001 46.952473684200001 1.39179502833 1.39241421899 0.0009765625
46.952473684200001 46.972378947400003 1.39177585149 1.39239502833 0.0009765625
46.972378947400003 46.992284210500003 1.3917566884599999 1.39237585149 0.0009765625
46.992284210500003 47.012189473699998 1.3917375392 1.39235668846 0.0009765625
47.012189473699998 47.032094736799998 1.3917184037200001 1.3923375391999999 0.0009765625
47.032094736799998 47.052 1.39169928198 1.39231840372 0.0009765625
47.052 47.071905263200001 1.39168017399 1.39229928198 0.0009765625
47.071905263200001 47.091810526300002 1.39166107972 1.3922801739899999 0.0009765625
47.091810526300002 47.111715789500003 1.39164199915 1.3922610797199999 0.0009765625
47.111715789500003 47.131621052600003 1.39162293228 1.3922419991499999 0.0009765625
47.131621052600003 47.151526315799998 1.3916038790800001 1.3922229322799999 0.0009765625
47.151526315799998 47.171431578899998 1.3915848395399999 1.39220387908 0.0009765625
47.171431578899998 47.1913368421 1.39156581365 1.3921848395400001 0.0009765625
47.1913368421 47.211242105300002 1.3915468013900001 1.3921658136499999 0.0009765625
47.211242105300002 47.231147368400002 1.39152780274 1.39214680139 0.0009765625
47.231147368400002 47.251052631599997 1.3915088176899999 1.3921278027399999 0.0009765625
47.251052631599997 47.270957894699997 1.39148984623 1.3921088176900001 0.0009765625
47.270957894699997 47.290863157899999 1.39147088834 1.39208984623 0.0009765625
47.290863157899999 47.310768421100001 1.3914519439899999 1.3920708883399999 0.0009765625
47.310768421100001 47.330673684200001 1.3914330131899999 1.3920519439900001 0.0009765625
47.330673684200001 47.350578947400003 1.3914140959100001 1.3920330131900001 0.0009765625
47.350578947400003 47.370484210500003 1.3913951921400001 1.39201409591 0.0009765625
47.370484210500003 47.390389473699997 1.3913763018600001 1.39199519214 0.0009765625
47.390389473699997 47.410294736799997 1.39135742506 1.39197630186 0.0009765625
47.410294736799997 47.430199999999999 1.39133856172 1.39195742506 0.0009765625
47.430199999999999 47.450105263200001 1.39131971183 1.39193856172 0.0009765625
47.450105263200001 47.470010526300001 1.39130087537 1.39191971183 0.0009765625
47.470010526300001 47.489915789500003 1.39128205233 1.39190087537 0.0009765625
47.489915789500003 47.509821052600003 1.39126324269 1.39188205233 0.0009765625
47.509821052600003 47.529726315799998 1.39124444644 1.3918632426899999 0.0009765625
47.529726315799998 47.549631578899998 1.39122566357 1.3918444464399999 0.0009765625
47.549631578899998 47.5695368421 1.39120689405 1.3918256635699999 0.0009765625
47.5695368421 47.589442105300002 1.39118813787 1.3918068940499999 0.0009765625
47.589442105300002 47.609347368400002 1.3911693950199999 1.3917881378700001 0.0009765625
47.609347368400002 47.629252631599996 1.3911506654800001 1.3917693950200001 0.0009765625
47.629252631599996 47.649157894699997 1.3911319492400001 1.39175066548 0.0009765625
47.649157894699997 47.669063157899998 1.39111324629 1.39173194924 0.0009765625
47.669063157899998 47.6889684211 1.3910945565999999 1.3917132462899999 0.0009765625
47.6889684211 47.7088736842 1.3910758801700001 1.3916945566000001 0.0009765625
47.7088736842 47.728778947400002 1.39105721698 1.39167588017 0.0009765625
47.728778947400002 47.748684210500002 1.3910385670100001 1.3916572169799999 0.0009765625
47.748684210500002 47.768589473699997 1.3910199302499999 1.39163856701 0.0009765625
47.768589473699997 47.788494736799997 1.39100130669 1.3916199302500001 0.0009765625
47.788494736799997 47.808399999999999 1.3909826963 1.3916013066899999 0.0009765625
47.808399999999999 47.828305263200001 1.3909640990800001 1.3915826963 0.0009765625
47.828305263200001 47.848210526300001 1.3909455150200001 1.39156409908 0.0009765625
47.848210526300001 47.868115789500003 1.3909269440900001 1.39154551502 0.0009765625
47.868115789500003 47.888021052600003 1.39090838628 1.39152694409 0.0009765625
47.888021052600003 47.907926315799997 1.39088984158 1.39150838628 0.0009765625
47.907926315799997 47.927831578899998 1.3908713099700001 1.3914898415800001 0.0009765625
47.927831578899998 47.947736842099999 1.39085279144 1.39147130997 0.0009765625
47.947736842099999 47.967642105300001 1.39083428597 1.3914527914399999 0.0009765625
47.967642105300001 47.987547368400001 1.3908157935600001 1.39143428597 0.0009765625
47.987547368400001 48.007452631600003 1.3907973141800001 1.39141579356 0.0009765625
48.007452631600003 48.027357894700003 1.3907788478200001 1.39139731418 0.0009765625
48.027357894700003 48.047263157899998 1.39076039446 1.39137884782 0.0009765625
48.047263157899998 48.0671684211 1.3907419540999999 1.3913603944599999 0.0009765625
48.0671684211 48.0870736842 1.39072352671 1.3913419541000001 0.0009765625
48.0870736842 48.106978947400002 1.39070511229 1.3913235267099999 0.0009765625
48.106978947400002 48.126884210500002 1.3906867108200001 1.39130511229 0.0009765625
48.126884210500002 48.146789473699997 1.39066832228 1.39128671082 0.0009765625
48.146789473699997 48.166694736799997 1.39064994666 1.39126832228 0.0009765625
48.166694736799997 48.186599999999999 1.3906315839500001 1.3912499466599999 0.0009765625
48.186599999999999 48.2065052632 1.3906132341299999 1.39123158395 0.0009765625
48.2065052632 48.2264105263 1.39059489718 1.3912132341300001 0.0009765625
48.2264105263 48.246315789500002 1.3905765730999999 1.3911948971799999 0.0009765625
48.246315789500002 48.266221052600002 1.3905582618700001 1.3911765731000001 0.0009765625
48.266221052600002 48.286126315799997 1.39053996348 1.39115826187 0.0009765625
48.286126315799997 48.306031578899997 1.3905216779 1.3911399634799999 0.0009765625
48.306031578899997 48.325936842099999 1.39050340514 1.3911216779 0.0009765625
48.325936842099999 48.345842105300001 1.39048514516 1.39110340514 0.0009765625
48.345842105300001 48.365747368400001 1.3904668979699999 1.3910851451599999 0.0009765625
48.365747368400001 48.385652631600003 1.39044866354 1.39106689797 0.0009765625
48.385652631600003 48.405557894700003 1.39043044186 1.3910486635399999 0.0009765625
48.405557894700003 48.425463157899998 1.3904122329199999 1.3910304418599999 0.0009765625
48.425463157899998 48.4453684211 1.3903940367000001 1.3910122329200001 0.0009765625
48.4453684211 48.4652736842 1.3903758531799999 1.3909940367 0.0009765625
48.4652736842 48.485178947400001 1.3903576823699999 1.3909758531800001 0.0009765625
48.485178947400001 48.505084210500002 1.3903395242300001 1.3909576823700001 0.0009765625
48.505084210500002 48.524989473700003 1.3903213787699999 1.39093952423 0.0009765625
48.524989473700003 48.544894736800003 1.39030324595 1.3909213787700001 0.0009765625
48.544894736800003 48.564799999999998 1.39028512578 1.3909032459499999 0.0009765625
48.564799999999998 48.5847052632 1.3902670182300001 1.3908851257799999 0.0009765625
48.5847052632 48.6046105263 1.3902489232899999 1.39086701823 0.0009765625
48.6046105263 48.624515789500002 1.3902308409499999 1.3908489232900001 0.0009765625
48.624515789500002 48.644421052600002 1.3902127712000001 1.3908308409500001 0.0009765625
48.644421052600002 48.664326315799997 1.3901947140099999 1.3908127712 0.0009765625
48.664326315799997 48.684231578899997 1.39017666938 1.3907947140100001 0.0009765625
48.684231578899997 48.704136842099999 1.3901586373000001 1.3907766693800001 0.0009765625
48.704136842099999 48.724042105300001 1.39014061774 1.3907586373 0.0009765625
48.724042105300001 48.743947368400001 1.39012261071 1.3907406177399999 0.0009765625
48.743947368400001 48.763852631600002 1.3901046161699999 1.3907226107099999 0.0009765625
48.763852631600002 48.783757894700003 1.39008663412 1.3907046161700001 0.0009765625
48.783757894700003 48.803663157899997 1.39006866455 1.3906866341199999 0.0009765625
48.803663157899997 48.823568421099999 1.3900507074399999 1.3906686645499999 0.0009765625
48.823568421099999 48.843473684199999 1.39003276277 1.3906507074400001 0.0009765625
48.843473684199999 48.863378947400001 1.39001483055 1.3906327627699999 0.0009765625
48.863378947400001 48.883284210500001 1.3899969107400001 1.3906148305499999 0.0009765625
48.883284210500001 48.903189473700003 1.3899790033399999 1.39059691074 0.0009765625
48.903189473700003 48.923094736800003 1.3899611083300001 1.3905790033400001 0.0009765625
48.923094736800003 48.942999999999998 1.3899432257 1.39056110833 0.0009765625
48.942999999999998 48.9629052632 1.38992535544 1.3905432257000001 0.0009765625
48.9629052632 48.9828105263 1.3899074975400001 1.3905253554400001 0.0009765625
48.9828105263 49.002715789500002 1.3898896519699999 1.39050749754 0.0009765625
49.002715789500002 49.022621052600002 1.3898718187300001 1.3904896519700001 0.0009765625
49.022621052600002 49.042526315800004 1.38985399781 1.39047181873 0.0009765625
49.042526315800004 49.062431578899997 1.38983618918 1.3904539978099999 0.0009765625
49.062431578899997 49.082336842099998 1.3898183928500001 1.3904361891799999 0.0009765625
49.082336842099998 49.1022421053 1.3898006087799999 1.39041839285 0.0009765625
49.1022421053 49.1221473684 1.38978283698 1.39040060878 0.0009765625
49.1221473684 49.142052631600002 1.3897650774200001 1.39038283698 0.0009765625
49.142052631600002 49.161957894700002 1.3897473301000001 1.39036507742 0.0009765625
49.161957894700002 49.181863157899997 1.3897295949899999 1.3903473301 0.0009765625
49.181863157899997 49.201768421099999 1.3897118720999999 1.3903295949900001 0.0009765625
49.201768421099999 49.221673684199999 1.3896941614 1.3903118721000001 0.0009765625
49.221673684199999 49.241578947400001 1.38967646288 1.3902941614 0.0009765625
49.241578947400001 49.261484210500001 1.3896587765199999 1.39027646288 0.0009765625
49.261484210500001 49.281389473700003 1.3896411023299999 1.3902587765200001 0.0009765625
49.281389473700003 49.301294736800003 1.3896234402700001 1.3902411023300001 0.0009765625
49.301294736800003 49.321199999999997 1.3896057903400001 1.39022344027 0.0009765625
49.321199999999997 49.341105263199999 1.38958815253 1.39020579034 0.0009765625
49.341105263199999 49.361010526299999 1.38957052682 1.3901881525299999 0.0009765625
49.361010526299999 49.380915789500001 1.3895529132 1.39017052682 0.0009765625
49.380915789500001 49.400821052600001 1.38953531166 1.3901529131999999 0.0009765625
49.400821052600001 49.420726315800003 1.3895177221799999 1.3901353116599999 0.0009765625
49.420726315800003 49.440631578900003 1.3895001447499999 1.3901177221800001 0.0009765625
49.440631578900003 49.460536842099998 1.3894825793600001 1.3901001447500001 0.0009765625
49.460536842099998 49.4804421053 1.3894650259900001 1.39008257936 0.0009765625
49.4804421053 49.5003473684 1.38944748464 1.39006502599 0.0009765625
49.5003473684 49.520252631600002 1.38942995528 1.3900474846399999 0.0009765625
49.520252631600002 49.540157894700002 1.3894124379099999 1.39002995528 0.0009765625
49.540157894700002 49.560063157899997 1.3893949325099999 1.3900124379100001 0.0009765625
49.560063157899997 49.579968421099998 1.38937743908 1.3899949325100001 0.0009765625
49.579968421099998 49.599873684199999 1.38935995759 1.3899774390799999 0.0009765625
49.599873684199999 49.6197789474 1.38934248803 1.3899599575899999 0.0009765625
49.6197789474 49.6396842105 1.3893250304 1.38994248803 0.0009765625
49.6396842105 49.659589473700002 1.38930758468 1.3899250303999999 0.0009765625
49.659589473700002 49.679494736800002 1.38929015085 1.38990758468 0.0009765625
49.679494736800002 49.699399999999997 1.38927272891 1.3898901508499999 0.0009765625
49.699399999999997 49.719305263199999 1.3892553188300001 1.3898727289099999 0.0009765625
49.719305263199999 49.739210526299999 1.3892379206200001 1.38985531883 0.0009765625
49.739210526299999 49.759115789500001 1.3892205342499999 1.38983792062 0.0009765625
49.759115789500001 49.779021052600001 1.3892031597200001 1.3898205342500001 0.0009765625
49.779021052600001 49.798926315800003 1.3891857970000001 1.38980315972 0.0009765625
49.798926315800003 49.818831578900003 1.3891684461 1.389785797 0.0009765625
49.818831578900003 49.838736842099998 1.38915110698 1.3897684460999999 0.0009765625
49.838736842099998 49.8586421053 1.3891337796500001 1.3897511069799999 0.0009765625
49.8586421053 49.8785473684 1.3891164641 1.38973377966 0.0009765625
49.8785473684 49.898452631600001 1.38909916029 1.3897164640999999 0.0009765625
49.898452631600001 49.918357894700002 1.3890818682399999 1.38969916029 0.0009765625
49.918357894700002 49.938263157900003 1.3890645879100001 1.3896818682400001 0.0009765625
49.938263157900003 49.958168421099998 1.3890473193099999 1.38966458791 0.0009765625
49.958168421099998 49.978073684199998 1.38903006242 1.3896473193100001 0.0009765625
49.978073684199998 49.9979789474 1.38901281721 1.38963006242 0.0009765625
49.9979789474 50.0178842105 1.3889955837000001 1.38961281721 0.0009765625
50.0178842105 50.037789473700002 1.38897836185 1.3895955837 0.0009765625
50.037789473700002 50.057694736800002 1.38896115166 1.3895783618499999 0.0009765625
50.057694736800002 50.077599999999997 1.3889439531100001 1.3895611516599999 0.0009765625
50.077599999999997 50.097505263199999 1.3889267662 1.38954395311 0.0009765625
50.097505263199999 50.117410526299999 1.38890959091 1.3895267661999999 0.0009765625
50.117410526299999 50.137315789500001 1.3888924272300001 1.3895095909099999 0.0009765625
50.137315789500001 50.157221052600001 1.38887527515 1.38949242723 0.0009765625
50.157221052600001 50.177126315800002 1.38885813464 1.3894752751499999 0.0009765625
50.177126315800002 50.197031578900003 1.38884100571 1.3894581346399999 0.0009765625
50.197031578900003 50.216936842099997 1.3888238883399999 1.38944100571 0.0009765625
50.216936842099997 50.236842105299999 1.3888067825199999 1.3894238883400001 0.0009765625
50.236842105299999 50.256747368399999 1.3887896882299999 1.38940678252 0.0009765625
50.256747368399999 50.276652631600001 1.38877260547 1.3893896882300001 0.0009765625
50.276652631600001 50.296557894700001 1.38875553421 1.38937260547 0.0009765625
50.296557894700001 50.316463157900003 1.38873847446 1.3893555342099999 0.0009765625
50.316463157900003 50.336368421099998 1.3887214261900001 1.3893384744599999 0.0009765625
50.336368421099998 50.356273684199998 1.38870438939 1.38932142619 0.0009765625
50.356273684199998 50.3761789474 1.3886873640599999 1.3893043893899999 0.0009765625
50.3761789474 50.3960842105 1.38867035018 1.3892873640600001 0.0009765625
50.3960842105 50.415989473700002 1.38865334773 1.3892703501799999 0.0009765625
50.415989473700002 50.435894736800002 1.38863635671 1.38925334773 0.0009765625
50.435894736800002 50.455800000000004 1.3886193771099999 1.3892363567099999 0.0009765625
50.455800000000004 50.475705263199998 1.3886024089 1.3892193771100001 0.0009765625
50.475705263199998 50.495610526299998 1.3885854520900001 1.3892024088999999 0.0009765625
50.495610526299998 50.5155157895 1.38856850665 1.38918545209 0.0009765625
50.5155157895 50.5354210526 1.3885515725799999 1.3891685066499999 0.0009765625
50.5354210526 50.555326315800002 1.38853464987 1.3891515725800001 0.0009765625
50.555326315800002 50.575231578900002 1.38851773849 1.3891346498699999 0.0009765625
50.575231578900002 50.595136842099997 1.3885008384499999 1.38911773849 0.0009765625
50.595136842099997 50.615042105299999 1.3884839497300001 1.3891008384500001 0.0009765625
50.615042105299999 50.634947368399999 1.3884670723100001 1.38908394973 0.0009765625
50.634947368399999 50.654852631600001 1.3884502061799999 1.38906707231 0.0009765625
50.654852631600001 50.674757894700001 1.38843335134 1.3890502061800001 0.0009765625
50.674757894700001 50.694663157900003 1.3884165077699999 1.3890333513399999 0.0009765625
50.694663157900003 50.714568421099997 1.3883996754600001 1.3890165077700001 0.0009765625
50.714568421099997 50.734473684199997 1.3883828543900001 1.38899967546 0.0009765625
50.734473684199997 50.754378947399999 1.3883660445599999 1.38898285439 0.0009765625
50.754378947399999 50.774284210499999 1.38834924596 1.3889660445600001 0.0009765625
50.774284210499999 50.794189473700001 1.3883324585600001 1.3889492459599999 0.0009765625
50.794189473700001 50.814094736800001 1.38831568237 1.38893245856 0.0009765625
50.814094736800001 50.834000000000003 1.38829891736 1.38891568237 0.0009765625
50.834000000000003 50.853905263199998 1.38828216354 1.3888989173599999 0.0009765625
50.853905263199998 50.873810526299998 1.38826542087 1.3888821635399999 0.0009765625
50.873810526299998 50.8937157895 1.3882486893599999 1.38886542087 0.0009765625
50.8937157895 50.9136210526 1.388231969 1.3888486893600001 0.0009765625
50.9136210526 50.933526315800002 1.3882152597599999 1.3888319689999999 0.0009765625
50.933526315800002 50.953431578900002 1.3881985616400001 1.3888152597600001 0.0009765625
50.953431578900002 50.973336842099997 1.3881818746300001 1.38879856164 0.0009765625
50.973336842099997 50.993242105299998 1.3881651987100001 1.38878187463 0.0009765625
50.993242105299998 51.013147368399999 1.3881485338799999 1.38876519871 0.0009765625
51.013147368399999 51.0330526316 1.38813188012 1.3887485338800001 0.0009765625
51.0330526316 51.0529578947 1.3881152374200001 1.3887318801199999 0.0009765625
51.0529578947 51.072863157900002 1.38809860576 1.38871523742 0.0009765625
51.072863157900002 51.092768421099997 1.3880819851499999 1.3886986057599999 0.0009765625
51.092768421099997 51.112673684199997 1.3880653755600001 1.3886819851500001 0.0009765625
51.112673684199997 51.132578947399999 1.3880487769900001 1.38866537556 0.0009765625
51.132578947399999 51.152484210499999 1.3880321894200001 1.38864877699 0.0009765625
51.152484210499999 51.172389473700001 1.3880156128500001 1.38863218942 0.0009765625
51.172389473700001 51.192294736800001 1.3879990472499999 1.38861561285 0.0009765625
51.192294736800001 51.212200000000003 1.38798249262 1.3885990472500001 0.0009765625
51.212200000000003 51.232105263199998 1.38796594895 1.3885824926200001 0.0009765625
51.232105263199998 51.252010526299998 1.3879494162299999 1.38856594895 0.0009765625
51.252010526299998 51.2719157895 1.38793289444 1.3885494162300001 0.0009765625
51.2719157895 51.2918210526 1.3879163835799999 1.3885328944399999 0.0009765625
51.2918210526 51.311726315800001 1.3878998836300001 1.3885163835800001 0.0009765625
51.311726315800001 51.331631578900002 1.38788339458 1.38849988363 0.0009765625
51.331631578900002 51.351536842100003 1.3878669164199999 1.3884833945799999 0.0009765625
51.351536842100003 51.371442105299998 1.3878504491300001 1.3884669164200001 0.0009765625
51.371442105299998 51.391347368399998 1.3878339927200001 1.38845044913 0.0009765625
51.391347368399998 51.4112526316 1.3878175471600001 1.38843399272 0.0009765625
51.4112526316 51.4311578947 1.38780111244 1.38841754716 0.0009765625
51.4311578947 51.451063157900002 1.38778468856 1.38840111244 0.0009765625
51.451063157900002 51.470968421099997 1.38776827551 1.38838468856 0.0009765625
51.470968421099997 51.490873684199997 1.38775187326 1.38836827551 0.0009765625
51.490873684199997 51.510778947399999 1.3877354818100001 1.38835187326 0.0009765625
51.510778947399999 51.530684210499999 1.3877191011500001 1.38833548181 0.0009765625
51.530684210499999 51.550589473700001 1.3877027312700001 1.38831910115 0.0009765625
51.550589473700001 51.570494736800001 1.3876863721599999 1.38830273127 0.0009765625
51.570494736800001 51.590400000000002 1.3876700237999999 1.3882863721600001 0.0009765625
51.590400000000002 51.610305263199997 1.38765368619 1.3882700238000001 0.0009765625
51.610305263199997 51.630210526299997 1.38763735931 1.3882536861899999 0.0009765625
51.630210526299997 51.650115789499999 1.38762104315 1.3882373593099999 0.0009765625
51.650115789499999 51.670021052599999 1.3876047377 1.3882210431499999 0.0009765625
51.670021052599999 51.689926315800001 1.3875884429600001 1.3882047377 0.0009765625
51.689926315800001 51.709831578900001 1.3875721589000001 1.38818844296 0.0009765625
51.709831578900001 51.729736842100003 1.3875558855200001 1.3881721589 0.0009765625
51.729736842100003 51.749642105299998 1.3875396228100001 1.38815588552 0.0009765625
51.749642105299998 51.769547368399998 1.3875233707600001 1.38813962281 0.0009765625
51.769547368399998 51.7894526316 1.3875071293500001 1.38812337076 0.0009765625
51.7894526316 51.8093578947 1.3874908985700001 1.38810712935 0.0009765625
51.8093578947 51.829263157900002 1.3874746784200001 1.38809089857 0.0009765625
51.829263157900002 51.849168421100003 1.38745846888 1.38807467842 0.0009765625
51.849168421100003 51.869073684200004 1.38744226995 1.38805846888 0.0009765625
51.869073684200004 51.888978947399998 1.3874260815999999 1.3880422699499999 0.0009765625
51.888978947399998 51.908884210499998 1.3874099038400001 1.3880260816000001 0.0009765625
51.908884210499998 51.9287894737 1.38739373664 1.38800990384 0.0009765625
51.9287894737 51.9486947368 1.3873775800100001 1.3879937366399999 0.0009765625
51.9486947368 51.968600000000002 1.38736143392 1.38797758001 0.0009765625
51.968600000000002 51.988505263199997 1.3873452983600001 1.3879614339199999 0.0009765625
51.988505263199997 52.008410526299997 1.3873291733399999 1.38794529836 0.0009765625
52.008410526299997 52.028315789499999 1.38731305883 1.3879291733400001 0.0009765625
52.028315789499999 52.048221052599999 1.38729695482 1.3879130588299999 0.0009765625
52.048221052599999 52.068126315800001 1.3872808613100001 1.38789695482 0.0009765625
52.068126315800001 52.088031578900001 1.3872647782800001 1.38788086131 0.0009765625
52.088031578900001 52.107936842100003 1.38724870572 1.38786477828 0.0009765625
52.107936842100003 52.127842105299997 1.38723264363 1.38784870572 0.0009765625
52.127842105299997 52.147747368399997 1.3872165919899999 1.3878326436299999 0.0009765625
52.147747368399997 52.167652631599999 1.38720055078 1.3878165919900001 0.0009765625
52.167652631599999 52.187557894699999 1.3871845200099999 1.38780055078 0.0009765625
52.187557894699999 52.207463157900001 1.38716849966 1.3877845200100001 0.0009765625
52.207463157900001 52.227368421100003 1.38715248971 1.3877684996599999 0.0009765625
52.227368421100003 52.247273684200003 1.3871364901600001 1.38775248971 0.0009765625
52.247273684200003 52.267178947399998 1.3871205010000001 1.38773649016 0.0009765625
52.267178947399998 52.287084210499998 1.38710452222 1.387720501 0.0009765625
52.287084210499998 52.3069894737 1.3870885538 1.38770452222 0.0009765625
52.3069894737 52.3268947368 1.3870725957400001 1.3876885537999999 0.0009765625
52.3268947368 52.346800000000002 1.38705664803 1.38767259574 0.0009765625
52.346800000000002 52.366705263199997 1.38704071065 1.3876566480300001 0.0009765625
52.366705263199997 52.386610526299997 1.38702478359 1.3876407106499999 0.0009765625
52.386610526299997 52.406515789499998 1.38700886685 1.38762478359 0.0009765625
52.406515789499998 52.426421052599999 1.38699296041 1.38760886685 0.0009765625
52.426421052599999 52.4463263158 1.3869770642699999 1.3875929604099999 0.0009765625
52.4463263158 52.4662315789 1.3869611784 1.38757706427 0.0009765625
52.4662315789 52.486136842100002 1.3869453028100001 1.3875611783999999 0.0009765625
52.486136842100002 52.506042105299997 1.3869294374800001 1.38754530281 0.0009765625
52.506042105299997 52.525947368399997 1.3869135824000001 1.38752943748 0.0009765625
52.525947368399997 52.545852631599999 1.38689773757 1.3875135824 0.0009765625
52.545852631599999 52.565757894699999 1.3868819029599999 1.3874977375699999 0.0009765625
52.565757894699999 52.585663157900001 1.38686607857 1.3874819029600001 0.0009765625
52.585663157900001 52.605568421100003 1.3868502644 1.3874660785699999 0.0009765625
52.605568421100003 52.625473684200003 1.38683446042 1.3874502644 0.0009765625
52.625473684200003 52.645378947399998 1.38681866663 1.38743446042 0.0009765625
52.645378947399998 52.665284210499998 1.3868028830200001 1.3874186666299999 0.0009765625
52.665284210499998 52.685189473699999 1.38678710958 1.38740288302 0.0009765625
52.685189473699999 52.7050947368 1.3867713463 1.3873871095800001 0.0009765625
52.7050947368 52.725000000000001 1.38675559316 1.3873713462999999 0.0009765625
52.725000000000001 52.744905263200003 1.3867398501699999 1.3873555931599999 0.0009765625
52.744905263200003 52.764810526300003 1.3867241173 1.3873398501700001 0.0009765625
52.764810526300003 52.784715789499998 1.3867083945500001 1.3873241172999999 0.0009765625
52.784715789499998 52.804621052599998 1.3866926819100001 1.38730839455 0.0009765625
52.804621052599998 52.8245263158 1.38667697936 1.38729268191 0.0009765625
52.8245263158 52.8444315789 1.3866612868999999 1.3872769793599999 0.0009765625
52.8444315789 52.864336842100002 1.38664560452 1.3872612869000001 0.0009765625
52.864336842100002 52.884242105299997 1.3866299322 1.3872456045199999 0.0009765625
52.884242105299997 52.904147368399997 1.3866142699399999 1.3872299321999999 0.0009765625
52.904147368399997 52.924052631599999 1.38659861773 1.3872142699400001 0.0009765625
52.924052631599999 52.943957894699999 1.3865829755500001 1.38719861773 0.0009765625
52.943957894699999 52.963863157900001 1.3865673434000001 1.38718297555 0.0009765625
52.963863157900001 52.983768421100002 1.38655172127 1.3871673434 0.0009765625
52.983768421100002 53.003673684200002 1.3865361091399999 1.38715172127 0.0009765625
53.003673684200002 53.023578947399997 1.38652050701 1.3871361091400001 0.0009765625
53.023578947399997 53.043484210499997 1.3865049148699999 1.3871205070099999 0.0009765625
53.043484210499997 53.063389473699999 1.3864893327000001 1.3871049148700001 0.0009765625
53.063389473699999 53.083294736799999 1.3864737604899999 1.3870893327 0.0009765625
53.083294736799999 53.103200000000001 1.3864581982499999 1.3870737604900001 0.0009765625
53.103200000000001 53.123105263200003 1.3864426459500001 1.3870581982500001 0.0009765625
53.123105263200003 53.143010526300003 1.38642710358 1.38704264595 0.0009765625
53.143010526300003 53.162915789499998 1.38641157114 1.3870271035799999 0.0009765625
53.162915789499998 53.182821052599998 1.38639604862 1.38701157114 0.0009765625
53.182821052599998 53.2027263158 1.3863805360100001 1.3869960486199999 0.0009765625
53.2027263158 53.2226315789 1.3863650332899999 1.38698053601 0.0009765625
53.2226315789 53.242536842100002 1.3863495404599999 1.3869650332900001 0.0009765625
53.242536842100002 53.262442105300003 1.3863340575 1.3869495404600001 0.0009765625
53.262442105300003 53.282347368400004 1.3863185844100001 1.3869340575 0.0009765625
53.282347368400004 53.302252631599998 1.3863031211800001 1.38691858441 0.0009765625
53.302252631599998 53.322157894699998 1.3862876678 1.38690312118 0.0009765625
53.322157894699998 53.3420631579 1.3862722242500001 1.3868876677999999 0.0009765625
53.3420631579 53.361968421100002 1.3862567905300001 1.38687222425 0.0009765625
53.361968421100002 53.381873684200002 1.38624136663 1.38685679053 0.0009765625
53.381873684200002 53.401778947399997 1.38622595254 1.3868413666299999 0.0009765625
53.401778947399997 53.421684210499997 1.38621054824 1.38682595254 0.0009765625
53.421684210499997 53.441589473699999 1.3861951537299999 1.3868105482399999 0.0009765625
53.441589473699999 53.461494736799999 1.38617976901 1.3867951537300001 0.0009765625
53.461494736799999 53.481400000000001 1.3861643940499999 1.3867797690100001 0.0009765625
53.481400000000001 53.501305263200003 1.38614902885 1.3867643940500001 0.0009765625
53.501305263200003 53.521210526300003 1.3861336734 1.38674902885 0.0009765625
53.521210526300003 53.541115789499997 1.38611832769 1.3867336734 0.0009765625
53.541115789499997 53.561021052599997 1.3861029917100001 1.3867183276899999 0.0009765625
53.561021052599997 53.580926315799999 1.3860876654500001 1.38670299171 0.0009765625
53.580926315799999 53.600831578899999 1.3860723489 1.38668766545 0.0009765625
53.600831578899999 53.620736842100001 1.38605704205 1.3866723488999999 0.0009765625
53.620736842100001 53.640642105300003 1.3860417449 1.38665704205 0.0009765625
53.640642105300003 53.660547368400003 1.3860264574300001 1.3866417448999999 0.0009765625
53.660547368400003 53.680452631599998 1.3860111796300001 1.38662645743 0.0009765625
53.680452631599998 53.700357894699998 1.38599591149 1.38661117963 0.0009765625
53.700357894699998 53.7202631579 1.3859806530000001 1.3865959114899999 0.0009765625
53.7202631579 53.740168421100002 1.38596540416 1.386580653 0.0009765625
53.740168421100002 53.760073684200002 1.3859501649599999 1.38656540416 0.0009765625
53.760073684200002 53.779978947399997 1.3859349353799999 1.3865501649600001 0.0009765625
53.779978947399997 53.799884210499997 1.38591971541 1.3865349353800001 0.0009765625
53.799884210499997 53.819789473699998 1.3859045050500001 1.38651971541 0.0009765625
53.819789473699998 53.839694736799999 1.38588930428 1.38650450505 0.0009765625
53.839694736799999 53.8596 1.3858741131100001 1.3864893042799999 0.0009765625
53.8596 53.879505263200002 1.3858589315100001 1.38647411311 0.0009765625
53.879505263200002 53.899410526300002 1.3858437594699999 1.38645893151 0.0009765625
53.899410526300002 53.919315789499997 1.3858285969999999 1.3864437594700001 0.0009765625
53.919315789499997 53.939221052599997 1.3858134440700001 1.3864285970000001 0.0009765625
53.939221052599997 53.959126315799999 1.3857983006900001 1.38641344407 0.0009765625
53.959126315799999 53.979031578899999 1.38578316683 1.38639830069 0.0009765625
53.979031578899999 53.998936842100001 1.3857680425000001 1.38638316683 0.0009765625
53.998936842100001 54.018842105300003 1.38575292767 1.3863680425 0.0009765625
54.018842105300003 54.038747368400003 1.3857378223500001 1.38635292767 0.0009765625
54.038747368400003 54.058652631599998 1.3857227265200001 1.38633782235 0.0009765625
54.058652631599998 54.078557894699998 1.3857076401799999 1.38632272652 0.0009765625
54.078557894699998 54.098463157899999 1.3856925633099999 1.3863076401800001 0.0009765625
54.098463157899999 54.118368421100001 1.3856774959 1.3862925633100001 0.0009765625
54.118368421100001 54.138273684200001 1.38566243795 1.3862774958999999 0.0009765625
54.138273684200001 54.158178947400003 1.3856473894400001 1.3862624379499999 0.0009765625
54.158178947400003 54.178084210500003 1.3856323503700001 1.38624738944 0.0009765625
54.178084210500003 54.197989473699998 1.38561732073 1.38623235037 0.0009765625
54.197989473699998 54.217894736799998 1.38560230051 1.3862173207299999 0.0009765625
54.217894736799998 54.2378 1.3855872896899999 1.3862023005099999 0.0009765625
54.2378 54.257705263200002 1.3855722882799999 1.38618728969 0.0009765625
54.257705263200002 54.277610526300002 1.38555729626 1.3861722882800001 0.0009765625
54.277610526300002 54.297515789499997 1.38554231361 1.3861572962599999 0.0009765625
54.297515789499997 54.317421052599997 1.3855273403399999 1.38614231361 0.0009765625
54.317421052599997 54.337326315799999 1.3855123764399999 1.3861273403400001 0.0009765625
54.337326315799999 54.357231578899999 1.38549742188 1.3861123764400001 0.0009765625
54.357231578899999 54.377136842100001 1.38548247668 1.38609742188 0.0009765625
54.377136842100001 54.397042105300002 1.3854675407999999 1.38608247668 0.0009765625
54.397042105300002 54.416947368400002 1.3854526142600001 1.3860675408000001 0.0009765625
54.416947368400002 54.436852631599997 1.38543769703 1.38605261426 0.0009765625
54.436852631599997 54.456757894699997 1.3854227891099999 1.3860376970299999 0.0009765625
54.456757894699997 54.476663157899999 1.38540789048 1.3860227891100001 0.0009765625
54.476663157899999 54.496568421100001 1.38539300115 1.3860078904799999 0.0009765625
54.496568421100001 54.516473684200001 1.3853781211 1.3859930011499999 0.0009765625
54.516473684200001 54.536378947400003 1.38536325032 1.3859781211 0.0009765625
54.536378947400003 54.556284210500003 1.38534838881 1.3859632503199999 0.0009765625
54.556284210500003 54.576189473699998 1.3853335365399999 1.3859483888099999 0.0009765625
54.576189473699998 54.596094736799998 1.3853186935299999 1.3859335365400001 0.0009765625
54.596094736799998 54.616 1.38530385974 1.3859186935300001 0.0009765625
54.616 54.635905263200002 1.38528903519 1.38590385974 0.0009765625
54.635905263200002 54.655810526300002 1.3852742198500001 1.38588903519 0.0009765625
54.655810526300002 54.675715789500003 1.3852594137200001 1.38587421985 0.0009765625
54.675715789500003 54.695621052600004 1.3852446168000001 1.38585941372 0.0009765625
54.695621052600004 54.715526315799998 1.38522982906 1.3858446168 0.0009765625
54.715526315799998 54.735431578899998 1.3852150505 1.38582982906 0.0009765625
54.735431578899998 54.7553368421 1.3852002811199999 1.3858150505 0.0009765625
54.7553368421 54.775242105300002 1.3851855208999999 1.3858002811200001 0.0009765625
54.775242105300002 54.795147368400002 1.38517076984 1.3857855209000001 0.0009765625
54.795147368400002 54.815052631599997 1.3851560279199999 1.3857707698399999 0.0009765625
54.815052631599997 54.834957894699997 1.38514129514 1.3857560279200001 0.0009765625
54.834957894699997 54.854863157899999 1.3851265714900001 1.3857412951400001 0.0009765625
54.854863157899999 54.874768421100001 1.3851118569600001 1.38572657149 0.0009765625
54.874768421100001 54.894673684200001 1.3850971515399999 1.38571185696 0.0009765625
54.894673684200001 54.914578947400003 1.3850824552300001 1.3856971515400001 0.0009765625
54.914578947400003 54.934484210500003 1.3850677680000001 1.38568245523 0.0009765625
54.934484210500003 54.954389473699997 1.38505308986 1.385667768 0.0009765625
54.954389473699997 54.974294736799997 1.3850384207999999 1.3856530898599999 0.0009765625
54.974294736799997 54.994199999999999 1.3850237608 1.3856384208000001 0.0009765625
54.994199999999999 55.014105263200001 1.3850091098599999 1.3856237607999999 0.0009765625
55.014105263200001 55.034010526300001 1.3849944679699999 1.3856091098600001 0.0009765625
55.034010526300001 55.053915789500003 1.38497983512 1.3855944679700001 0.0009765625
55.053915789500003 55.073821052600003 1.3849652113099999 1.3855798351199999 0.0009765625
55.073821052600003 55.093726315799998 1.38495059651 1.3855652113100001 0.0009765625
55.093726315799998 55.113631578899998 1.3849359907300001 1.3855505965099999 0.0009765625
55.113631578899998 55.1335368421 1.38492139396 1.38553599073 0.0009765625
55.1335368421 55.153442105300002 1.3849068061800001 1.38552139396 0.0009765625
55.153442105300002 55.173347368400002 1.3848922274 1.38550680618 0.0009765625
55.173347368400002 55.193252631599997 1.3848776575899999 1.3854922274000001 0.0009765625
55.193252631599997 55.213157894699997 1.38486309675 1.3854776575900001 0.0009765625
55.213157894699997 55.233063157899998 1.3848485448800001 1.3854630967499999 0.0009765625
55.233063157899998 55.2529684211 1.3848340019500001 1.38544854488 0.0009765625
55.2529684211 55.2728736842 1.3848194679800001 1.38543400195 0.0009765625
55.2728736842 55.292778947400002 1.38480494294 1.38541946798 0.0009765625
55.292778947400002 55.312684210500002 1.38479042683 1.3854049429399999 0.0009765625
55.312684210500002 55.332589473699997 1.38477591964 1.3853904268299999 0.0009765625
55.332589473699997 55.352494736799997 1.3847614213499999 1.38537591964 0.0009765625
55.352494736799997 55.372399999999999 1.3847469319800001 1.3853614213500001 0.0009765625
55.372399999999999 55.392305263200001 1.3847324514899999 1.38534693198 0.0009765625
55.392305263200001 55.412210526300001 1.38471797989 1.3853324514900001 0.0009765625
55.412210526300001 55.432115789500003 1.38470351717 1.3853179798899999 0.0009765625
55.432115789500003 55.452021052600003 1.38468906331 1.3853035171700001 0.0009765625
55.452021052600003 55.471926315799998 1.38467461831 1.3852890633099999 0.0009765625
55.471926315799998 55.491831578899998 1.38466018217 1.38527461831 0.0009765625
55.491831578899998 55.511736842099999 1.38464575487 1.3852601821699999 0.0009765625
55.511736842099999 55.531642105300001 1.3846313364 1.3852457548699999 0.0009765625
55.531642105300001 55.551547368400001 1.3846169267599999 1.3852313364 0.0009765625
55.551547368400001 55.571452631600003 1.3846025259300001 1.3852169267600001 0.0009765625
55.571452631600003 55.591357894700003 1.3845881339099999 1.38520252593 0.0009765625
55.591357894700003 55.611263157899998 1.3845737507 1.3851881339100001 0.0009765625
55.611263157899998 55.6311684211 1.3845593762699999 1.3851737506999999 0.0009765625
55.6311684211 55.6510736842 1.3845450106299999 1.3851593762700001 0.0009765625
55.6510736842 55.670978947400002 1.38453065377 1.3851450106300001 0.0009765625
55.670978947400002 55.690884210500002 1.3845163056700001 1.3851306537700001 0.0009765625
55.690884210500002 55.710789473699997 1.38450196632 1.38511630567 0.0009765625
55.710789473699997 55.730694736799997 1.38448763573 1.3851019663199999 0.0009765625
55.730694736799997 55.750599999999999 1.3844733138800001 1.3850876357299999 0.0009765625
55.750599999999999 55.7705052632 1.3844590007699999 1.38507331388 0.0009765625
55.7705052632 55.790410526300001 1.3844446963799999 1.3850590007700001 0.0009765625
55.790410526300001 55.810315789500002 1.3844304006999999 1.3850446963800001 0.0009765625
55.810315789500002 55.830221052600002 1.38441611374 1.3850304007000001 0.0009765625
55.830221052600002 55.850126315799997 1.3844018354700001 1.3850161137400001 0.0009765625
55.850126315799997 55.870031578899997 1.38438756589 1.38500183547 0.0009765625
55.870031578899997 55.889936842099999 1.384373305 1.3849875658899999 0.0009765625
55.889936842099999 55.909842105300001 1.38435905279 1.3849733049999999 0.0009765625
55.909842105300001 55.929747368400001 1.3843448092399999 1.38495905279 0.0009765625
55.929747368400001 55.949652631600003 1.3843305743500001 1.3849448092400001 0.0009765625
55.949652631600003 55.969557894700003 1.38431634811 1.38493057435 0.0009765625
55.969557894700003 55.989463157899998 1.3843021305100001 1.38491634811 0.0009765625
55.989463157899998 56.0093684211 1.3842879215399999 1.38490213051 0.0009765625
56.0093684211 56.0292736842 1.38427372121 1.3848879215400001 0.0009765625
56.0292736842 56.049178947400002 1.38425952948 1.38487372121 0.0009765625
56.049178947400002 56.069084210500002 1.38424534637 1.3848595294799999 0.0009765625
56.069084210500002 56.088989473700003 1.38423117186 1.3848453463699999 0.0009765625
56.088989473700003 56.108894736800003 1.3842170059500001 1.3848311718599999 0.0009765625
56.108894736800003 56.128799999999998 1.38420284861 1.38481700595 0.0009765625
56.128799999999998 56.1487052632 1.3841886998599999 1.3848028486099999 0.0009765625
56.1487052632 56.1686105263 1.3841745596699999 1.3847886998600001 0.0009765625
56.1686105263 56.188515789500002 1.3841604280399999 1.3847745596700001 0.0009765625
56.188515789500002 56.208421052600002 1.38414630497 1.3847604280400001 0.0009765625
56.208421052600002 56.228326315799997 1.3841321904399999 1.38474630497 0.0009765625
56.228326315799997 56.248231578899997 1.3841180844500001 1.3847321904400001 0.0009765625
56.248231578899997 56.268136842099999 1.38410398698 1.38471808445 0.0009765625
56.268136842099999 56.288042105300001 1.38408989804 1.38470398698 0.0009765625
56.288042105300001 56.307947368400001 1.3840758176000001 1.38468989804 0.0009765625
56.307947368400001 56.327852631600003 1.38406174567 1.3846758176 0.0009765625
56.327852631600003 56.347757894700003 1.3840476822400001 1.3846617456700001 0.0009765625
56.347757894700003 56.367663157899997 1.3840336273 1.38464768224 0.0009765625
56.367663157899997 56.387568421099999 1.38401958083 1.3846336272999999 0.0009765625
56.387568421099999 56.407473684199999 1.38400554284 1.3846195808299999 0.0009765625
56.407473684199999 56.427378947400001 1.38399151331 1.3846055428399999 0.0009765625
56.427378947400001 56.447284210500001 1.3839774922300001 1.38459151331 0.0009765625
56.447284210500001 56.467189473700003 1.38396347961 1.38457749223 0.0009765625
56.467189473700003 56.487094736800003 1.3839494754199999 1.3845634796099999 0.0009765625
56.487094736800003 56.506999999999998 1.3839354796700001 1.3845494754200001 0.0009765625
56.506999999999998 56.5269052632 1.3839214923400001 1.38453547967 0.0009765625
56.5269052632 56.5468105263 1.3839075134200001 1.38452149234 0.0009765625
56.5468105263 56.566715789500002 1.3838935429200001 1.38450751342 0.0009765625
56.566715789500002 56.586621052600002 1.38387958081 1.38449354292 0.0009765625
56.586621052600002 56.606526315799996 1.3838656271000001 1.3844795808100001 0.0009765625
56.606526315799996 56.626431578899997 1.38385168177 1.3844656271 0.0009765625
56.626431578899997 56.646336842099998 1.3838377448200001 1.3844516817700001 0.0009765625
56.646336842099998 56.6662421053 1.3838238162400001 1.38443774482 0.0009765625
56.6662421053 56.6861473684 1.38380989601 1.38442381624 0.0009765625
56.6861473684 56.706052631600002 1.38379598415 1.38440989601 0.0009765625
56.706052631600002 56.725957894700002 1.3837820806200001 1.38439598415 0.0009765625
56.725957894700002 56.745863157899997 1.3837681854399999 1.38438208062 0.0009765625
56.745863157899997 56.765768421099999 1.38375429858 1.3843681854400001 0.0009765625
56.765768421099999 56.785673684199999 1.3837404200400001 1.3843542985799999 0.0009765625
56.785673684199999 56.805578947400001 1.38372654982 1.38434042004 0.0009765625
56.805578947400001 56.825484210500001 1.3837126879099999 1.3843265498199999 0.0009765625
56.825484210500001 56.845389473700003 1.3836988342900001 1.3843126879100001 0.0009765625
56.845389473700003 56.865294736800003 1.38368498897 1.38429883429 0.0009765625
56.865294736800003 56.885199999999998 1.38367115192 1.38428498897 0.0009765625
56.885199999999998 56.905105263199999 1.38365732315 1.3842711519199999 0.0009765625
56.905105263199999 56.925010526299999 1.38364350265 1.3842573231499999 0.0009765625
56.925010526299999 56.944915789500001 1.3836296904100001 1.38424350265 0.0009765625
56.944915789500001 56.964821052600001 1.3836158864200001 1.38422969041 0.0009765625
56.964821052600001 56.984726315800003 1.38360209068 1.38421588642 0.0009765625
56.984726315800003 57.004631578900003 1.38358830317 1.3842020906800001 0.0009765625
57.004631578900003 57.024536842099998 1.3835745238899999 1.38418830317 0.0009765625
57.024536842099998 57.0444421053 1.38356075283 1.3841745238900001 0.0009765625
57.0444421053 57.0643473684 1.3835469899899999 1.38416075283 0.0009765625
57.0643473684 57.084252631600002 1.3835332353500001 1.3841469899900001 0.0009765625
57.084252631600002 57.104157894700002 1.38351948891 1.38413323535 0.0009765625
57.104157894700002 57.124063157899997 1.3835057506599999 1.3841194889099999 0.0009765625
57.124063157899997 57.143968421099999 1.3834920205900001 1.3841057506600001 0.0009765625
57.143968421099999 57.163873684199999 1.3834782986900001 1.38409202059 0.0009765625
57.163873684199999 57.1837789474 1.38346458497 1.38407829869 0.0009765625
57.1837789474 57.203684210500001 1.3834508794 1.38406458497 0.0009765625
57.203684210500001 57.223589473700002 1.38343718199 1.3840508793999999 0.0009765625
57.223589473700002 57.243494736800002 1.38342349272 1.3840371819899999 0.0009765625
57.243494736800002 57.263399999999997 1.38340981159 1.3840234927199999 0.0009765625
57.263399999999997 57.283305263199999 1.38339613859 1.3840098115899999 0.0009765625
57.283305263199999 57.303210526299999 1.38338247371 1.3839961385899999 0.0009765625
57.303210526299999 57.323115789500001 1.38336881695 1.3839824737099999 0.0009765625
57.323115789500001 57.343021052600001 1.38335516829 1.38396881695 0.0009765625
57.343021052600001 57.362926315800003 1.3833415277300001 1.38395516829 0.0009765625
57.362926315800003 57.382831578900003 1.3833278952700001 1.38394152773 0.0009765625
57.382831578900003 57.402736842099998 1.3833142708899999 1.38392789527 0.0009765625
57.402736842099998 57.4226421053 1.38330065458 1.3839142708900001 0.0009765625
57.4226421053 57.4425473684 1.38348704635 1.3837006545799999 0.0009765625
57.4425473684 57.462452631600001 1.38354344618 1.3836170463499999 0.0009765625
57.462452631600001 57.482357894700002 1.3832598540600001 1.38387344618 0.000244140625
57.482357894700002 57.502263157900003 1.3832462699900001 1.38385985406 0.000244140625
57.502263157900003 57.522168421099998 1.3832326939499999 1.38384626999 0.000244140625
57.522168421099998 57.542073684199998 1.38321912596 1.3838326939500001 0.000244140625
57.542073684199998 57.5619789474 1.38320556598 1.3838191259599999 0.000244140625
57.5619789474 57.5818842105 1.38319201402 1.3838055659799999 0.000244140625
57.5818842105 57.601789473700002 1.3831784700800001 1.38379201402 0.000244140625
57.601789473700002 57.621694736800002 1.3831649341300001 1.38377847008 0.000244140625
57.621694736800002 57.641599999999997 1.3831514061800001 1.38376493413 0.000244140625
57.641599999999997 57.661505263199999 1.3831378862199999 1.38375140618 0.000244140625
57.661505263199999 57.681410526299999 1.3831243742399999 1.38373788622 0.000244140625
57.681410526299999 57.701315789500001 1.3831108702299999 1.3837243742400001 0.000244140625
57.701315789500001 57.721221052600001 1.3830973741899999 1.3837108702300001 0.000244140625
57.721221052600001 57.741126315800003 1.3830838861000001 1.3836973741900001 0.000244140625
57.741126315800003 57.761031578900003 1.3830704059700001 1.3836838861 0.000244140625
57.761031578900003 57.780936842099997 1.3830569337800001 1.38367040597 0.000244140625
57.780936842099997 57.800842105299999 1.38304346953 1.38365693378 0.000244140625
57.800842105299999 57.820747368399999 1.3830300132 1.3836434695299999 0.000244140625
57.820747368399999 57.840652631600001 1.3830165647999999 1.3836300131999999 0.000244140625
57.840652631600001 57.860557894700001 1.3830031243100001 1.3836165648000001 0.000244140625
57.860557894700001 57.880463157900003 1.38298969173 1.38360312431 0.000244140625
57.880463157900003 57.900368421099998 1.3829762670500001 1.3835896917299999 0.000244140625
57.900368421099998 57.920273684199998 1.38296285026 1.38357626705 0.000244140625
57.920273684199998 57.9401789474 1.3829494413600001 1.3835628502599999 0.000244140625
57.9401789474 57.9600842105 1.3829360403299999 1.38354944136 0.000244140625
57.9600842105 57.979989473700002 1.38292264717 1.3835360403300001 0.000244140625
57.979989473700002 57.999894736800002 1.3829092618800001 1.38352264717 0.000244140625
57.999894736800002 58.019799999999996 1.3828958844499999 1.38350926188 0.000244140625
58.019799999999996 58.039705263199998 1.3828825148599999 1.38349588445 0.000244140625
58.039705263199998 58.059610526299998 1.3828691531199999 1.3834825148600001 0.000244140625
58.059610526299998 58.0795157895 1.3828557992099999 1.3834691531200001 0.000244140625
58.0795157895 58.0994210526 1.3828424531300001 1.3834557992100001 0.000244140625
58.0994210526 58.119326315800002 1.38282911487 1.38344245313 0.000244140625
58.119326315800002 58.139231578900002 1.38281578442 1.38342911487 0.000244140625
58.139231578900002 58.159136842099997 1.3828024617800001 1.3834157844199999 0.000244140625
58.159136842099997 58.179042105299999 1.38278914694 1.38340246178 0.000244140625
58.179042105299999 58.198947368399999 1.3827758398900001 1.3833891469399999 0.000244140625
58.198947368399999 58.218852631600001 1.3827625406199999 1.38337583989 0.000244140625
58.218852631600001 58.238757894700001 1.38274924913 1.3833625406200001 0.000244140625
58.238757894700001 58.258663157900003 1.38273596541 1.3833492491299999 0.000244140625
58.258663157900003 58.278568421099997 1.38272268946 1.3833359654099999 0.000244140625
58.278568421099997 58.298473684199998 1.38270942126 1.3833226894599999 0.000244140625
58.298473684199998 58.318378947399999 1.3826961608099999 1.3833094212599999 0.000244140625
58.318378947399999 58.338284210499999 1.3826829081000001 1.3832961608100001 0.000244140625
58.338284210499999 58.358189473700001 1.3826696631299999 1.3832829081 0.000244140625
58.358189473700001 58.378094736800001 1.38265642589 1.3832696631300001 0.000244140625
58.378094736800001 58.398000000000003 1.3826431963600001 1.38325642589 0.000244140625
58.398000000000003 58.417905263199998 1.3826299745499999 1.38324319636 0.000244140625
58.417905263199998 58.437810526299998 1.3826167604499999 1.3832299745500001 0.000244140625
58.437810526299998 58.4577157895 1.3826035540499999 1.3832167604500001 0.000244140625
58.4577157895 58.4776210526 1.3825903553400001 1.3832035540500001 0.000244140625
58.4776210526 58.497526315800002 1.38257716431 1.38319035534 0.000244140625
58.497526315800002 58.517431578900002 1.3825639809700001 1.3831771643099999 0.000244140625
58.517431578900002 58.537336842099997 1.38255080529 1.38316398097 0.000244140625
58.537336842099997 58.557242105299999 1.38253763729 1.3831508052899999 0.000244140625
58.557242105299999 58.577147368399999 1.38252447693 1.3831376372899999 0.000244140625
58.577147368399999 58.5970526316 1.38251132423 1.38312447693 0.000244140625
58.5970526316 58.616957894700001 1.38249817918 1.3831113242299999 0.000244140625
58.616957894700001 58.636863157900002 1.3824850417600001 1.3830981791800001 0.000244140625
58.636863157900002 58.656768421099997 1.38247191197 1.38308504176 0.000244140625
58.656768421099997 58.676673684199997 1.3824587898 1.3830719119699999 0.000244140625
58.676673684199997 58.696578947399999 1.3824456752500001 1.3830587898 0.000244140625
58.696578947399999 58.716484210499999 1.3824325683100001 1.38304567525 0.000244140625
58.716484210499999 58.736389473700001 1.38241946897 1.38303256831 0.000244140625
58.736389473700001 58.756294736800001 1.3824063772299999 1.3830194689699999 0.000244140625
58.756294736800001 58.776200000000003 1.38239329308 1.3830063772300001 0.000244140625
58.776200000000003 58.796105263199998 1.3823802165100001 1.38299329308 0.000244140625
58.796105263199998 58.816010526299998 1.3823671475099999 1.38298021651 0.000244140625
58.816010526299998 58.8359157895 1.3823540860800001 1.38296714751 0.000244140625
58.8359157895 58.8558210526 1.38234103221 1.38295408608 0.000244140625
58.8558210526 58.875726315800001 1.3823279858999999 1.38294103221 0.000244140625
58.875726315800001 58.895631578900002 1.38231494713 1.3829279859000001 0.000244140625
58.895631578900002 58.915536842100003 1.3823019159000001 1.38291494713 0.000244140625
58.915536842100003 58.935442105299998 1.3822888922100001 1.3829019159 0.000244140625
58.935442105299998 58.955347368399998 1.38227587605 1.38288889221 0.000244140625
58.955347368399998 58.9752526316 1.3822628673999999 1.38287587605 0.000244140625
58.9752526316 58.9951578947 1.38224986627 1.3828628674000001 0.000244140625
58.9951578947 59.015063157900002 1.3822368726400001 1.3828498662699999 0.000244140625
59.015063157900002 59.034968421099997 1.3822238865200001 1.38283687264 0.000244140625
59.034968421099997 59.054873684199997 1.38221090789 1.38282388652 0.000244140625
59.054873684199997 59.074778947399999 1.3821979367399999 1.3828109078899999 0.000244140625
59.074778947399999 59.094684210499999 1.38218497308 1.3827979367400001 0.000244140625
59.094684210499999 59.114589473700001 1.38217201688 1.3827849730799999 0.000244140625
59.114589473700001 59.134494736800001 1.38215906815 1.38277201688 0.000244140625
59.134494736800001 59.154400000000003 1.3821461268899999 1.3827590681499999 0.000244140625
59.154400000000003 59.174305263199997 1.38213319307 1.3827461268900001 0.000244140625
59.174305263199997 59.194210526299997 1.3821202667000001 1.38273319307 0.000244140625
59.194210526299997 59.214115789499999 1.3821073477700001 1.3827202667 0.000244140625
59.214115789499999 59.234021052599999 1.3820944362800001 1.38270734777 0.000244140625
59.234021052599999 59.253926315800001 1.3820815322 1.38269443628 0.000244140625
59.253926315800001 59.273831578900001 1.38206863555 1.3826815321999999 0.000244140625
59.273831578900001 59.293736842100003 1.3820557463100001 1.38266863555 0.000244140625
59.293736842100003 59.313642105299998 1.38204286448 1.38265574631 0.000244140625
59.313642105299998 59.333547368399998 1.3820299900399999 1.38264286448 0.000244140625
59.333547368399998 59.3534526316 1.382017123 1.3826299900400001 0.000244140625
59.3534526316 59.3733578947 1.38200426335 1.3826171229999999 0.000244140625
59.3733578947 59.393263157900002 1.38199141107 1.38260426335 0.000244140625
59.393263157900002 59.413168421100004 1.3819785661599999 1.3825914110699999 0.000244140625
59.413168421100004 59.433073684199996 1.38196572863 1.3825785661600001 0.000244140625
59.433073684199996 59.452978947399998 1.38195289845 1.3825657286299999 0.000244140625
59.452978947399998 59.472884210499998 1.38194007562 1.38255289845 0.000244140625
59.472884210499998 59.4927894737 1.3819272601399999 1.3825400756199999 0.000244140625
59.4927894737 59.5126947368 1.381914452 1.38252726014 0.000244140625
59.5126947368 59.532600000000002 1.3819016512 1.3825144519999999 0.000244140625
59.532600000000002 59.552505263199997 1.3818888577199999 1.3825016511999999 0.000244140625
59.552505263199997 59.572410526299997 1.38187607156 1.3824888577200001 0.000244140625
59.572410526299997 59.592315789499999 1.3818632927100001 1.38247607156 0.000244140625
59.592315789499999 59.612221052599999 1.3818505211700001 1.38246329271 0.000244140625
59.612221052599999 59.632126315800001 1.38183775693 1.38245052117 0.000244140625
59.632126315800001 59.652031578900001 1.3818249999900001 1.3824377569299999 0.000244140625
59.652031578900001 59.671936842100003 1.3818122503300001 1.38242499999 0.000244140625
59.671936842100003 59.691842105299997 1.3817995079500001 1.38241225033 0.000244140625
59.691842105299997 59.711747368399998 1.38178677285 1.38239950795 0.000244140625
59.711747368399998 59.731652631599999 1.38177404501 1.3823867728499999 0.000244140625
59.731652631599999 59.751557894699999 1.38176132444 1.3823740450099999 0.000244140625
59.751557894699999 59.771463157900001 1.3817486111199999 1.3823613244399999 0.000244140625
59.771463157900001 59.791368421100003 1.38173590505 1.3823486111200001 0.000244140625
59.791368421100003 59.811273684200003 1.38172320622 1.3823359050499999 0.000244140625
59.811273684200003 59.831178947399998 1.3817105146299999 1.3823232062199999 0.000244140625
59.831178947399998 59.851084210499998 1.38169783027 1.3823105146300001 0.000244140625
59.851084210499998 59.8709894737 1.3816851531300001 1.38229783027 0.000244140625
59.8709894737 59.8908947368 1.3816724832 1.38228515313 0.000244140625
59.8908947368 59.910800000000002 1.3816598204899999 1.3822724832 0.000244140625
59.910800000000002 59.930705263199997 1.38164716498 1.3822598204900001 0.000244140625
59.930705263199997 59.950610526299997 1.3816345166599999 1.3822471649800001 0.000244140625
59.950610526299997 59.970515789499999 1.38162187554 1.3822345166600001 0.000244140625
59.970515789499999 59.990421052599999 1.3816092416000001 1.38222187554 0.000244140625
59.990421052599999 60.0103263158 1.3815966148400001 1.3822092416 0.000244140625
60.0103263158 60.0302315789 1.38158399525 1.38219661484 0.000244140625
60.0302315789 60.050136842100002 1.38157138282 1.3821839952499999 0.000244140625
60.050136842100002 60.070042105299997 1.38155877755 1.38217138282 0.000244140625
60.070042105299997 60.089947368399997 1.3815461794399999 1.3821587775499999 0.000244140625
60.089947368399997 60.109852631599999 1.38153358847 1.3821461794400001 0.000244140625
60.109852631599999 60.129757894699999 1.3815210046399999 1.3821335884699999 0.000244140625
60.129757894699999 60.149663157900001 1.3815084279500001 1.3821210046400001 0.000244140625
60.149663157900001 60.169568421100003 1.3814958583800001 1.38210842795 0.000244140625
60.169568421100003 60.189473684200003 1.3814832959300001 1.38209585838 0.000244140625
60.189473684200003 60.209378947399998 1.3814707406 1.38208329593 0.000244140625
60.209378947399998 60.229284210499998 1.38145819238 1.3820707405999999 0.000244140625
60.229284210499998 60.2491894737 1.38144565125 1.3820581923799999 0.000244140625
60.2491894737 60.2690947368 1.3814331172300001 1.3820456512499999 0.000244140625
60.2690947368 60.289000000000001 1.3814205902900001 1.38203311723 0.000244140625
60.289000000000001 60.308905263200003 1.38140807043 1.38202059029 0.000244140625
60.308905263200003 60.328810526300003 1.3813955576600001 1.38200807043 0.000244140625
60.328810526300003 60.348715789499998 1.3813830519500001 1.38199555766 0.000244140625
60.348715789499998 60.368621052599998 1.3813705533 1.38198305195 0.000244140625
60.368621052599998 60.3885263158 1.3813580617200001 1.3819705533 0.000244140625
60.3885263158 60.4084315789 1.3813455771900001 1.38195806172 0.000244140625
60.4084315789 60.428336842100002 1.3813330997 1.38194557719 0.000244140625
60.428336842100002 60.448242105299997 1.38132062925 1.3819330996999999 0.000244140625
60.448242105299997 60.468147368399997 1.3813081658299999 1.3819206292499999 0.000244140625
60.468147368399997 60.488052631599999 1.38129570944 1.3819081658300001 0.000244140625
60.488052631599999 60.507957894699999 1.38128326008 1.38189570944 0.000244140625
60.507957894699999 60.527863157900001 1.3812708177199999 1.38188326008 0.000244140625
60.527863157900001 60.547768421100002 1.38125838238 1.3818708177200001 0.000244140625
60.547768421100002 60.567673684200003 1.3812459540399999 1.3818583823799999 0.000244140625
60.567673684200003 60.587578947399997 1.38123353269 1.3818459540400001 0.000244140625
60.587578947399997 60.607484210499997 1.3812211183300001 1.38183353269 0.000244140625
60.607484210499997 60.627389473699999 1.38120871096 1.38182111833 0.000244140625
60.627389473699999 60.647294736799999 1.38119631057 1.3818087109599999 0.000244140625
60.647294736799999 60.667200000000001 1.38118391714 1.38179631057 0.000244140625
60.667200000000001 60.687105263200003 1.3811715306800001 1.3817839171399999 0.000244140625
60.687105263200003 60.707010526300003 1.3811591511900001 1.38177153068 0.000244140625
60.707010526300003 60.726915789499998 1.38114677864 1.38175915119 0.000244140625
60.726915789499998 60.746821052599998 1.3811344130400001 1.38174677864 0.000244140625
60.746821052599998 60.7667263158 1.38112205438 1.38173441304 0.000244140625
60.7667263158 60.7866315789 1.3811097026600001 1.38172205438 0.000244140625
60.7866315789 60.806536842100002 1.3810973578700001 1.38170970266 0.000244140625
60.806536842100002 60.826442105300004 1.38108502 1.38169735787 0.000244140625
60.826442105300004 60.846347368399996 1.38107268904 1.3816850199999999 0.000244140625
60.846347368399996 60.866252631599998 1.381060365 1.38167268904 0.000244140625
60.866252631599998 60.886157894699998 1.38104804786 1.3816603649999999 0.000244140625
60.886157894699998 60.9060631579 1.38103573762 1.38164804786 0.000244140625
60.9060631579 60.925968421100002 1.3810234342700001 1.3816357376199999 0.000244140625
60.925968421100002 60.945873684200002 1.3810111378100001 1.38162343427 0.000244140625
60.945873684200002 60.965778947399997 1.38099884822 1.38161113781 0.000244140625
60.965778947399997 60.985684210499997 1.38098656552 1.3815988482199999 0.000244140625
60.985684210499997 61.005589473699999 1.3809742896799999 1.3815865655199999 0.000244140625
61.005589473699999 61.025494736799999 1.3809620207 1.3815742896800001 0.000244140625
61.025494736799999 61.045400000000001 1.3809497585799999 1.3815620206999999 0.000244140625
61.045400000000001 61.065305263200003 1.38093750331 1.3815497585800001 0.000244140625
61.065305263200003 61.085210526300003 1.38092525489 1.3815375033099999 0.000244140625
61.085210526300003 61.105115789499997 1.3809130133 1.3815252548900001 0.000244140625
61.105115789499997 61.125021052599998 1.38090077855 1.3815130133 0.000244140625
61.125021052599998 61.144926315799999 1.3808885506199999 1.38150077855 0.000244140625
61.144926315799999 61.164831578899999 1.3808763295099999 1.3814885506200001 0.000244140625
61.164831578899999 61.184736842100001 1.3808641152200001 1.3814763295100001 0.000244140625
61.184736842100001 61.204642105300003 1.3808519077300001 1.38146411522 0.000244140625
61.204642105300003 61.224547368400003 1.38083970705 1.38145190773 0.000244140625
61.224547368400003 61.244452631599998 1.3808275131700001 1.38143970705 0.000244140625
61.244452631599998 61.264357894699998 1.38081532607 1.38142751317 0.000244140625
61.264357894699998 61.2842631579 1.3808031457700001 1.3814153260699999 0.000244140625
61.2842631579 61.304168421100002 1.38079097224 1.38140314577 0.000244140625
61.304168421100002 61.324073684200002 1.3807788054800001 1.38139097224 0.000244140625
61.324073684200002 61.343978947399997 1.3807666454900001 1.38137880548 0.000244140625
61.343978947399997 61.363884210499997 1.3807544922599999 1.38136664549 0.000244140625
61.363884210499997 61.383789473699998 1.3807423457900001 1.3813544922600001 0.000244140625
61.383789473699998 61.403694736799999 1.38073020607 1.38134234579 0.000244140625
61.403694736799999 61.4236 1.3807180730899999 1.3813302060699999 0.000244140625
61.4236 61.443505263200002 1.38070594685 1.3813180730900001 0.000244140625
61.443505263200002 61.463410526300002 1.38069382734 1.38130594685 0.000244140625
61.463410526300002 61.483315789499997 1.3806817145600001 1.3812938273399999 0.000244140625
61.483315789499997 61.503221052599997 1.3806696085000001 1.38128171456 0.000244140625
61.503221052599997 61.523126315799999 1.38065750915 1.3812696085 0.000244140625
61.523126315799999 61.543031578899999 1.3806454165199999 1.3812575091499999 0.000244140625
61.543031578899999 61.562936842100001 1.38063333058 1.3812454165200001 0.000244140625
61.562936842100001 61.582842105300003 1.38062125134 1.38123333058 0.000244140625
61.582842105300003 61.602747368400003 1.3806091787999999 1.38122125134 0.000244140625
61.602747368400003 61.622652631599998 1.3805971129400001 1.3812091788 0.000244140625
61.622652631599998 61.642557894699998 1.38058505376 1.38119711294 0.000244140625
61.642557894699998 61.6624631579 1.3805730012499999 1.3811850537599999 0.000244140625
61.6624631579 61.682368421100001 1.38056095541 1.3811730012500001 0.000244140625
61.682368421100001 61.702273684200001 1.38054891623 1.3811609554099999 0.000244140625
61.702273684200001 61.722178947400003 1.3805368837200001 1.3811489162299999 0.000244140625
61.722178947400003 61.742084210500003 1.38052485785 1.38113688372 0.000244140625
61.742084210500003 61.761989473699998 1.3805128386200001 1.3811248578499999 0.000244140625
61.761989473699998 61.781894736799998 1.38050082604 1.38111283862 0.000244140625
61.781894736799998 61.8018 1.3804888200900001 1.38110082604 0.000244140625
61.8018 61.821705263200002 1.38047682077 1.38108882009 0.000244140625
61.821705263200002 61.841610526300002 1.38046482807 1.3810768207699999 0.000244140625
61.841610526300002 61.861515789499997 1.38045284199 1.38106482807 0.000244140625
61.861515789499997 61.881421052599997 1.38044086252 1.3810528419899999 0.000244140625
61.881421052599997 61.901326315799999 1.3804288896500001 1.3810408625199999 0.000244140625
61.901326315799999 61.921231578899999 1.3804169233800001 1.38102888965 0.000244140625
61.921231578899999 61.941136842100001 1.38040496371 1.38101692338 0.000244140625
61.941136842100001 61.961042105300002 1.38039301063 1.3810049637099999 0.000244140625
61.961042105300002 61.980947368400003 1.3803810641300001 1.3809930106299999 0.000244140625
61.980947368400003 62.000852631599997 1.3803691242 1.38098106413 0.000244140625
62.000852631599997 62.020757894699997 1.3803571908500001 1.3809691242 0.000244140625
62.020757894699997 62.040663157899999 1.38034526406 1.38095719085 0.000244140625
62.040663157899999 62.060568421100001 1.3803333438300001 1.38094526406 0.000244140625
62.060568421100001 62.080473684200001 1.38032143016 1.38093334383 0.000244140625
62.080473684200001 62.100378947400003 1.38030952303 1.3809214301599999 0.000244140625
62.100378947400003 62.120284210500003 1.3802976224500001 1.3809095230299999 0.000244140625
62.120284210500003 62.140189473699998 1.3802857284000001 1.38089762245 0.000244140625
62.140189473699998 62.160094736799998 1.3802738408899999 1.3808857284 0.000244140625
62.160094736799998 62.18 1.3802619598999999 1.3808738408900001 0.000244140625
62.18 62.199905263200002 1.3802500854399999 1.3808619599 0.000244140625
62.199905263200002 62.219810526300002 1.3802382174900001 1.3808500854400001 0.000244140625
62.219810526300002 62.239715789500003 1.3802263560500001 1.38083821749 0.000244140625
62.239715789500003 62.259621052599996 1.38021450111 1.38082635605 0.000244140625
62.259621052599996 62.279526315799998 1.38020265267 1.3808145011099999 0.000244140625
62.279526315799998 62.299431578899998 1.38019081072 1.3808026526699999 0.000244140625
62.299431578899998 62.3193368421 1.38017897526 1.38079081072 0.000244140625
62.3193368421 62.339242105300002 1.38016714628 1.3807789752599999 0.000244140625
62.339242105300002 62.359147368400002 1.3801553237799999 1.38076714628 0.000244140625
62.359147368400002 62.379052631599997 1.3801435077499999 1.3807553237800001 0.000244140625
62.379052631599997 62.398957894699997 1.38013169818 1.3807435077500001 0.000244140625
62.398957894699997 62.418863157899999 1.38011989508 1.38073169818 0.000244140625
62.418863157899999 62.438768421100001 1.38010809842 1.3807198950799999 0.000244140625
62.438768421100001 62.458673684200001 1.38009630822 1.38070809842 0.000244140625
62.458673684200001 62.478578947400003 1.38008452446 1.3806963082199999 0.000244140625
62.478578947400003 62.498484210500003 1.3800727471300001 1.3806845244599999 0.000244140625
62.498484210500003 62.518389473699997 1.38006097624 1.38067274713 0.000244140625
62.518389473699997 62.538294736799998 1.3800492117800001 1.3806609762399999 0.000244140625
62.538294736799998 62.558199999999999 1.38003745373 1.38064921178 0.000244140625
62.558199999999999 62.578105263200001 1.3800257021 1.3806374537299999 0.000244140625
62.578105263200001 62.598010526300001 1.3800139568800001 1.3806257020999999 0.000244140625
62.598010526300001 62.617915789500003 1.38000221807 1.38061395688 0.000244140625
62.617915789500003 62.637821052600003 1.37999048565 1.3806022180699999 0.000244140625
62.637821052600003 62.657726315799998 1.3799787596299999 1.38059048565 0.000244140625
62.657726315799998 62.677631578899998 1.3799670399999999 1.3805787596300001 0.000244140625
62.677631578899998 62.6975368421 1.37995532675 1.3805670400000001 0.000244140625
62.6975368421 62.717442105300002 1.3799436198699999 1.3805553267499999 0.000244140625
62.717442105300002 62.737347368400002 1.3799319193699999 1.3805436198700001 0.000244140625
62.737347368400002 62.757252631599997 1.37992022524 1.3805319193700001 0.000244140625
62.757252631599997 62.777157894699997 1.37990853746 1.38052022524 0.000244140625
62.777157894699997 62.797063157899998 1.37989685605 1.3805085374599999 0.000244140625
62.797063157899998 62.8169684211 1.3798851809799999 1.3804968560499999 0.000244140625
62.8169684211 62.8368736842 1.3798735122600001 1.3804851809800001 0.000244140625
62.8368736842 62.856778947400002 1.3798618498699999 1.38047351226 0.000244140625
62.856778947400002 62.876684210500002 1.3798501938200001 1.3804618498700001 0.000244140625
62.876684210500002 62.896589473699997 1.3798385441000001 1.38045019382 0.000244140625
62.896589473699997 62.916494736799997 1.3798269007099999 1.3804385441 0.000244140625
62.916494736799997 62.936399999999999 1.3798152636300001 1.3804269007100001 0.000244140625
62.936399999999999 62.956305263200001 1.3798036328600001 1.38041526363 0.000244140625
62.956305263200001 62.976210526300001 1.3797920083999999 1.38040363286 0.000244140625
62.976210526300001 62.996115789500003 1.3797803902500001 1.3803920084000001 0.000244140625
62.996115789500003 63.016021052600003 1.3797687783899999 1.38038039025 0.000244140625
63.016021052600003 63.035926315799998 1.37975717282 1.3803687783900001 0.000244140625
63.035926315799998 63.055831578899998 1.3797455735399999 1.3803571728199999 0.000244140625
63.055831578899998 63.0757368421 1.37973398054 1.3803455735400001 0.000244140625
63.0757368421 63.095642105300001 1.3797223938100001 1.3803339805399999 0.000244140625
63.095642105300001 63.115547368400001 1.37971081335 1.38032239381 0.000244140625
63.115547368400001 63.135452631600003 1.37969923916 1.3803108133499999 0.000244140625
63.135452631600003 63.155357894700003 1.3796876712299999 1.38029923916 0.000244140625
63.155357894700003 63.175263157899998 1.3796761095500001 1.3802876712300001 0.000244140625
63.175263157899998 63.1951684211 1.3796645541200001 1.38027610955 0.000244140625
63.1951684211 63.2150736842 1.37965300494 1.38026455412 0.000244140625
63.2150736842 63.234978947400002 1.3796414619899999 1.3802530049399999 0.000244140625
63.234978947400002 63.254884210500002 1.3796299252799999 1.3802414619900001 0.000244140625
63.254884210500002 63.274789473699997 1.37961839479 1.3802299252800001 0.000244140625
63.274789473699997 63.294694736799997 1.37960687053 1.38021839479 0.000244140625
63.294694736799997 63.314599999999999 1.37959535248 1.3802068705299999 0.000244140625
63.314599999999999 63.334505263200001 1.3795838406500001 1.3801953524799999 0.000244140625
63.334505263200001 63.354410526300001 1.37957233502 1.38018384065 0.000244140625
63.354410526300001 63.374315789500002 1.3795608356 1.3801723350199999 0.000244140625
63.374315789500002 63.394221052600003 1.37954934237 1.3801608355999999 0.000244140625
63.394221052600003 63.414126315799997 1.37953785533 1.38014934237 0.000244140625
63.414126315799997 63.434031578899997 1.3795263744799999 1.3801378553300001 0.000244140625
63.434031578899997 63.453936842099999 1.37951489981 1.3801263744800001 0.000244140625
63.453936842099999 63.473842105300001 1.3795034313200001 1.3801148998099999 0.000244140625
63.473842105300001 63.493747368400001 1.37949196899 1.38010343132 0.000244140625
63.493747368400001 63.513652631600003 1.3794805128300001 1.38009196899 0.000244140625
63.513652631600003 63.533557894700003 1.3794690628299999 1.38008051283 0.000244140625
63.533557894700003 63.553463157899998 1.3794576189900001 1.3800690628300001 0.000244140625
63.553463157899998 63.5733684211 1.3794461813000001 1.38005761899 0.000244140625
63.5733684211 63.5932736842 1.3794347497499999 1.3800461813 0.000244140625
63.5932736842 63.613178947400002 1.37942332434 1.3800347497500001 0.000244140625
63.613178947400002 63.633084210500002 1.37941190506 1.38002332434 0.000244140625
63.633084210500002 63.652989473700003 1.37940049191 1.3800119050599999 0.000244140625
63.652989473700003 63.672894736799996 1.3793890848899999 1.38000049191 0.000244140625
63.672894736799996 63.692799999999998 1.37937768399 1.3799890848900001 0.000244140625
63.692799999999998 63.7127052632 1.3793662892 1.37997768399 0.000244140625
63.7127052632 63.7326105263 1.3793549005200001 1.3799662892 0.000244140625
63.7326105263 63.752515789500002 1.37934351794 1.37995490052 0.000244140625
63.752515789500002 63.772421052600002 1.3793321414599999 1.3799435179399999 0.000244140625
63.772421052600002 63.792326315799997 1.37932077107 1.3799321414600001 0.000244140625
63.792326315799997 63.812231578899997 1.37930940678 1.3799207710700001 0.000244140625
63.812231578899997 63.832136842099999 1.3792980485599999 1.37990940678 0.000244140625
63.832136842099999 63.852042105300001 1.3792866964199999 1.3798980485600001 0.000244140625
63.852042105300001 63.871947368400001 1.3792753503599999 1.3798866964200001 0.000244140625
63.871947368400001 63.891852631600003 1.37926401037 1.3798753503600001 0.000244140625
63.891852631600003 63.911757894700003 1.3792526764299999 1.3798640103699999 0.000244140625
63.911757894700003 63.931663157899997 1.3792413485599999 1.3798526764300001 0.000244140625
63.931663157899997 63.951568421099999 1.3792300267299999 1.3798413485600001 0.000244140625
63.951568421099999 63.971473684199999 1.37921871096 1.3798300267300001 0.000244140625
63.971473684199999 63.991378947400001 1.37920740123 1.37981871096 0.000244140625
63.991378947400001 64.011284210499994 1.3791960975299999 1.3798074012299999 0.000244140625
64.011284210499994 64.031189473699996 1.37918479987 1.3797960975300001 0.000244140625
64.031189473699996 64.051094736799996 1.3791735082400001 1.3797847998699999 0.000244140625
64.051094736799996 64.070999999999998 1.37916222262 1.37977350824 0.000244140625
64.070999999999998 64.0909052632 1.37915094303 1.3797622226199999 0.000244140625
64.0909052632 64.1108105263 1.37913966945 1.3797509430299999 0.000244140625
64.1108105263 64.130715789500002 1.3791284018700001 1.3797396694499999 0.000244140625
64.130715789500002 64.150621052600002 1.3791171403 1.37972840187 0.000244140625
64.150621052600002 64.170526315800004 1.37910588473 1.3797171402999999 0.000244140625
64.170526315800004 64.190431578900004 1.37909463514 1.3797058847300001 0.000244140625
64.190431578900004 64.210336842100006 1.37908339155 1.3796946351399999 0.000244140625
64.210336842100006 64.230242105299993 1.3790721539399999 1.37968339155 0.000244140625
64.230242105299993 64.250147368399993 1.3790609223000001 1.3796721539400001 0.000244140625
64.250147368399993 64.270052631599995 1.3790496966400001 1.3796609223 0.000244140625
64.270052631599995 64.289957894699995 1.3790384769499999 1.37964969664 0.000244140625
64.289957894699995 64.309863157899997 1.37902726321 1.3796384769500001 0.000244140625
64.309863157899997 64.329768421099999 1.3790160554399999 1.37962726321 0.000244140625
64.329768421099999 64.349673684199999 1.3790048536199999 1.3796160554400001 0.000244140625
64.349673684199999 64.369578947400001 1.3789936577499999 1.3796048536200001 0.000244140625
64.369578947400001 64.389484210500001 1.37898246782 1.3795936577500001 0.000244140625
64.389484210500001 64.409389473700003 1.3789712838199999 1.3795824678199999 0.000244140625
64.409389473700003 64.429294736800003 1.3789601057600001 1.37957128382 0.000244140625
64.429294736800003 64.449200000000005 1.37894893363 1.37956010576 0.000244140625
64.449200000000005 64.469105263200007 1.3789377674300001 1.37954893363 0.000244140625
64.469105263200007 64.489010526300007 1.3789266071399999 1.37953776743 0.000244140625
64.489010526300007 64.508915789499994 1.37891545276 1.3795266071400001 0.000244140625
64.508915789499994 64.528821052599994 1.37890430429 1.37951545276 0.000244140625
64.528821052599994 64.548726315799996 1.37889316173 1.3795043042899999 0.000244140625
64.548726315799996 64.568631578899996 1.37888202506 1.3794931617299999 0.000244140625
64.568631578899996 64.588536842099998 1.3788708942900001 1.37948202506 0.000244140625
64.588536842099998 64.6084421053 1.37885976941 1.37947089429 0.000244140625
64.6084421053 64.6283473684 1.3788486504099999 1.3794597694099999 0.000244140625
64.6283473684 64.648252631600002 1.3788375372999999 1.3794486504100001 0.000244140625
64.648252631600002 64.668157894700002 1.3788264300499999 1.3794375373000001 0.000244140625
64.668157894700002 64.688063157900004 1.37881532868 1.3794264300500001 0.000244140625
64.688063157900004 64.707968421100006 1.3788042331699999 1.3794153286799999 0.000244140625
64.707968421100006 64.727873684200006 1.37879314352 1.37940423317 0.000244140625
64.727873684200006 64.747778947399993 1.37878205972 1.37939314352 0.000244140625
64.747778947399993 64.767684210499993 1.37877098178 1.3793820597199999 0.000244140625
64.767684210499993 64.787589473699995 1.3787599096800001 1.3793709817799999 0.000244140625
64.787589473699995 64.807494736799995 1.3787488434199999 1.37935990968 0.000244140625
64.807494736799995 64.827399999999997 1.3787377830000001 1.3793488434200001 0.000244140625
64.827399999999997 64.847305263199999 1.37872672841 1.379337783 0.000244140625
64.847305263199999 64.867210526299999 1.37871567965 1.3793267284099999 0.000244140625
64.867210526299999 64.887115789500001 1.3787046367 1.3793156796499999 0.000244140625
64.887115789500001 64.907021052600001 1.37869359958 1.3793046366999999 0.000244140625
64.907021052600001 64.926926315800003 1.3786825682599999 1.37929359958 0.000244140625
64.926926315800003 64.946831578900003 1.37867154275 1.3792825682600001 0.000244140625
64.946831578900003 64.966736842100005 1.37866052305 1.37927154275 0.000244140625
64.966736842100005 64.986642105300007 1.37864950914 1.3792605230499999 0.000244140625
64.986642105300007 65.006547368400007 1.37863850103 1.3792495091400001 0.000244140625
65.006547368400007 65.026452631599994 1.3786274987 1.3792385010299999 0.000244140625
65.026452631599994 65.046357894699995 1.3786165021600001 1.3792274986999999 0.000244140625
65.046357894699995 65.066263157899996 1.37860551139 1.37921650216 0.000244140625
65.066263157899996 65.086168421099998 1.3785945263999999 1.3792055113899999 0.000244140625
65.086168421099998 65.106073684199998 1.3785835471800001 1.3791945264000001 0.000244140625
65.106073684199998 65.1259789474 1.3785725737200001 1.37918354718 0.000244140625
65.1259789474 65.1458842105 1.3785616060200001 1.37917257372 0.000244140625
65.1458842105 65.165789473700002 1.3785506440799999 1.37916160602 0.000244140625
65.165789473700002 65.185694736800002 1.37853968789 1.3791506440800001 0.000244140625
65.185694736800002 65.205600000000004 1.3785287374399999 1.37913968789 0.000244140625
65.205600000000004 65.225505263200006 1.3785177927300001 1.3791287374400001 0.000244140625
65.225505263200006 65.245410526300006 1.37850685376 1.37911779273 0.000244140625
65.245410526300006 65.265315789499994 1.37849592053 1.37910685376 0.000244140625
65.265315789499994 65.285221052599994 1.37848499301 1.37909592053 0.000244140625
65.285221052599994 65.305126315799995 1.3784740712200001 1.37908499301 0.000244140625
65.305126315799995 65.325031578899996 1.37846315515 1.37907407122 0.000244140625
65.325031578899996 65.344936842099997 1.3784522447900001 1.3790631551500001 0.000244140625
65.344936842099997 65.364842105299999 1.37844134014 1.37905224479 0.000244140625
65.364842105299999 65.384747368399999 1.3784304411899999 1.3790413401399999 0.000244140625
65.384747368399999 65.404652631600001 1.3784195479400001 1.3790304411900001 0.000244140625
65.404652631600001 65.424557894700001 1.3784086603800001 1.37901954794 0.000244140625
65.424557894700001 65.444463157900003 1.3783977785199999 1.37900866038 0.000244140625
65.444463157900003 65.464368421100005 1.3783869023299999 1.3789977785200001 0.000244140625
65.464368421100005 65.484273684200005 1.37837603183 1.3789869023300001 0.000244140625
65.484273684200005 65.504178947400007 1.3783651670099999 1.3789760318299999 0.000244140625
65.504178947400007 65.524084210500007 1.37835430785 1.37896516701 0.000244140625
65.524084210500007 65.543989473699995 1.3783434543599999 1.3789543078499999 0.000244140625
65.543989473699995 65.563894736799995 1.3783326065299999 1.3789434543600001 0.000244140625
65.563894736799995 65.583799999999997 1.3783217643600001 1.37893260653 0.000244140625
65.583799999999997 65.603705263199998 1.3783109278400001 1.37892176436 0.000244140625
65.603705263199998 65.623610526299998 1.3783000969700001 1.37891092784 0.000244140625
65.623610526299998 65.6435157895 1.3782892717499999 1.37890009697 0.000244140625
65.6435157895 65.6634210526 1.37827845216 1.3788892717500001 0.000244140625
65.6634210526 65.683326315800002 1.3782676382100001 1.3788784521599999 0.000244140625
65.683326315800002 65.703231578900002 1.37825682988 1.37886763821 0.000244140625
65.703231578900002 65.723136842100004 1.3782460271800001 1.3788568298799999 0.000244140625
65.723136842100004 65.743042105300006 1.3782352301 1.37884602718 0.000244140625
65.743042105300006 65.762947368400006 1.37822443864 1.3788352301 0.000244140625
65.762947368400006 65.782852631599994 1.37821365278 1.3788244386399999 0.000244140625
65.782852631599994 65.802757894699994 1.37820287254 1.3788136527799999 0.000244140625
65.802757894699994 65.822663157899996 1.37819209789 1.3788028725399999 0.000244140625
65.822663157899996 65.842568421099998 1.37818132885 1.3787920978899999 0.000244140625
65.842568421099998 65.862473684199998 1.3781705654 1.3787813288499999 0.000244140625
65.862473684199998 65.882378947399999 1.3781598075299999 1.3787705654 0.000244140625
65.882378947399999 65.9022842105 1.37814905525 1.37875980753 0.000244140625
65.9022842105 65.922189473700001 1.3781383085500001 1.3787490552499999 0.000244140625
65.922189473700001 65.942094736800001 1.37812756742 1.37873830855 0.000244140625
65.942094736800001 65.962000000000003 1.3781168318699999 1.3787275674199999 0.000244140625
65.962000000000003 65.981905263200005 1.37810610188 1.37871683187 0.000244140625
65.981905263200005 66.001810526300005 1.37809537745 1.37870610188 0.000244140625
66.001810526300005 66.021715789500007 1.37808465858 1.3786953774499999 0.000244140625
66.021715789500007 66.041621052599993 1.3780739452599999 1.3786846585800001 0.000244140625
66.041621052599993 66.061526315799995 1.3780632374799999 1.3786739452600001 0.000244140625
66.061526315799995 66.081431578899995 1.3780525352599999 1.3786632374800001 0.000244140625
66.081431578899995 66.101336842099997 1.37804183857 1.3786525352600001 0.000244140625
66.101336842099997 66.121242105299999 1.37803114741 1.3786418385700001 0.000244140625
66.121242105299999 66.141147368399999 1.37802046179 1.3786311474099999 0.000244140625
66.141147368399999 66.1610526316 1.3780097816900001 1.37862046179 0.000244140625
66.1610526316 66.180957894700001 1.37799910711 1.37860978169 0.000244140625
66.180957894700001 66.200863157900002 1.37798843805 1.3785991071100001 0.000244140625
66.200863157900002 66.220768421100004 1.3779777744999999 1.37858843805 0.000244140625
66.220768421100004 66.240673684200004 1.37796711646 1.3785777745000001 0.000244140625
66.240673684200004 66.260578947400006 1.3779564639199999 1.37856711646 0.000244140625
66.260578947400006 66.280484210500006 1.3779458168800001 1.3785564639200001 0.000244140625
66.280484210500006 66.300389473699994 1.37793517534 1.37854581688 0.000244140625
66.300389473699994 66.320294736799994 1.3779245392799999 1.3785351753399999 0.000244140625
66.320294736799994 66.340199999999996 1.3779139087200001 1.3785245392800001 0.000244140625
66.340199999999996 66.360105263199998 1.37790328363 1.37851390872 0.000244140625
66.360105263199998 66.380010526299998 1.37789266402 1.37850328363 0.000244140625
66.380010526299998 66.3999157895 1.37788204988 1.3784926640199999 0.000244140625
66.3999157895 66.4198210526 1.3778714412099999 1.3784820498799999 0.000244140625
66.4198210526 66.439726315800002 1.3778608379999999 1.3784714412100001 0.000244140625
66.439726315800002 66.459631578900002 1.3778502402499999 1.3784608380000001 0.000244140625
66.459631578900002 66.479536842100003 1.3778396479599999 1.3784502402500001 0.000244140625
66.479536842100003 66.499442105300005 1.3778290611199999 1.3784396479600001 0.000244140625
66.499442105300005 66.519347368400005 1.3778184797199999 1.3784290611200001 0.000244140625
66.519347368400005 66.539252631599993 1.37780790376 1.3784184797200001 0.000244140625
66.539252631599993 66.559157894699993 1.37779733325 1.3784079037600001 0.000244140625
66.559157894699993 66.579063157899995 1.37778676816 1.3783973332499999 0.000244140625
66.579063157899995 66.598968421099997 1.37777620851 1.3783867681599999 0.000244140625
66.598968421099997 66.618873684199997 1.3777656542700001 1.37837620851 0.000244140625
66.618873684199997 66.638778947399999 1.3777551054599999 1.37836565427 0.000244140625
66.638778947399999 66.658684210499999 1.37774456206 1.3783551054600001 0.000244140625
66.658684210499999 66.678589473700001 1.37773402408 1.3783445620599999 0.000244140625
66.678589473700001 66.698494736800001 1.3777234915000001 1.3783340240799999 0.000244140625
66.698494736800001 66.718400000000003 1.3777129643199999 1.3783234915 0.000244140625
66.718400000000003 66.738305263200004 1.37770244255 1.3783129643200001 0.000244140625
66.738305263200004 66.758210526300005 1.37769192616 1.3783024425499999 0.000244140625
66.758210526300005 66.778115789500006 1.3776814151700001 1.37829192616 0.000244140625
66.778115789500006 66.798021052600006 1.3776709095599999 1.37828141517 0.000244140625
66.798021052600006 66.817926315799994 1.37766040933 1.3782709095600001 0.000244140625
66.817926315799994 66.837831578899994 1.3776499144800001 1.3782604093299999 0.000244140625
66.837831578899994 66.857736842099996 1.3776394249999999 1.37824991448 0.000244140625
66.857736842099996 66.877642105299998 1.37762894089 1.3782394250000001 0.000244140625
66.877642105299998 66.897547368399998 1.3776184621400001 1.3782289408899999 0.000244140625
66.897547368399998 66.9174526316 1.3776079887499999 1.37821846214 0.000244140625
66.9174526316 66.9373578947 1.37759752072 1.3782079887500001 0.000244140625
66.9373578947 66.957263157900002 1.37758705804 1.3781975207199999 0.000244140625
66.957263157900002 66.977168421100004 1.3775766007100001 1.37818705804 0.000244140625
66.977168421100004 66.997073684200004 1.3775661487099999 1.37817660071 0.000244140625
66.997073684200004 67.016978947400005 1.37755570206 1.3781661487100001 0.000244140625
67.016978947400005 67.036884210500006 1.3775452607400001 1.3781557020599999 0.000244140625
67.036884210500006 67.056789473699993 1.3775348247500001 1.37814526074 0.000244140625
67.056789473699993 67.076694736799993 1.3775243940799999 1.37813482475 0.000244140625
67.076694736799993 67.096599999999995 1.37751396874 1.3781243940800001 0.000244140625
67.096599999999995 67.116505263199997 1.37750354871 1.3781139687399999 0.000244140625
67.116505263199997 67.136410526299997 1.3774931340000001 1.37810354871 0.000244140625
67.136410526299997 67.156315789499999 1.3774827245900001 1.378093134 0.000244140625
67.156315789499999 67.176221052599999 1.3774723204899999 1.37808272459 0.000244140625
67.176221052599999 67.196126315800001 1.3774619216899999 1.3780723204900001 0.000244140625
67.196126315800001 67.216031578900001 1.3774515281799999 1.3780619216900001 0.000244140625
67.216031578900001 67.235936842100003 1.37744113997 1.3780515281800001 0.000244140625
67.235936842100003 67.255842105300005 1.37743075704 1.3780411399700001 0.000244140625
67.255842105300005 67.275747368400005 1.3774203794 1.3780307570400001 0.000244140625
67.275747368400005 67.295652631600007 1.3774100070399999 1.3780203794000001 0.000244140625
67.295652631600007 67.315557894700007 1.3773996399499999 1.3780100070400001 0.000244140625
67.315557894700007 67.335463157899994 1.3773892781299999 1.3779996399500001 0.000244140625
67.335463157899994 67.355368421099996 1.3773789215700001 1.3779892781300001 0.000244140625
67.355368421099996 67.375273684199996 1.37736857028 1.37797892157 0.000244140625
67.375273684199996 67.395178947399998 1.37735822425 1.37796857028 0.000244140625
67.395178947399998 67.415084210499998 1.3773478834699999 1.3779582242499999 0.000244140625
67.415084210499998 67.4349894737 1.3773375479500001 1.3779478834700001 0.000244140625
67.4349894737 67.4548947368 1.37732721766 1.37793754795 0.000244140625
67.4548947368 67.474800000000002 1.3773168926199999 1.3779272176599999 0.000244140625
67.474800000000002 67.494705263200004 1.37730657282 1.3779168926200001 0.000244140625
67.494705263200004 67.514610526300004 1.3772962582499999 1.37790657282 0.000244140625
67.514610526300004 67.534515789500006 1.37728594891 1.3778962582500001 0.000244140625
67.534515789500006 67.554421052600006 1.3772756447900001 1.3778859489099999 0.000244140625
67.554421052600006 67.574326315799993 1.3772653458899999 1.37787564479 0.000244140625
67.574326315799993 67.594231578899993 1.37725505222 1.3778653458900001 0.000244140625
67.594231578899993 67.614136842099995 1.37724476375 1.3778550522199999 0.000244140625
67.614136842099995 67.634042105299997 1.3772344804900001 1.37784476375 0.000244140625
67.634042105299997 67.653947368399997 1.3772242024400001 1.37783448049 0.000244140625
67.653947368399997 67.673852631599999 1.3772139295800001 1.37782420244 0.000244140625
67.673852631599999 67.693757894699999 1.3772036619300001 1.37781392958 0.000244140625
67.693757894699999 67.713663157900001 1.3771933994600001 1.37780366193 0.000244140625
67.713663157900001 67.733568421100003 1.37718314218 1.37779339946 0.000244140625
67.733568421100003 67.753473684200003 1.37717289009 1.37778314218 0.000244140625
67.753473684200003 67.773378947400005 1.3771626431799999 1.3777728900899999 0.000244140625
67.773378947400005 67.793284210500005 1.3771524014400001 1.3777626431800001 0.000244140625
67.793284210500005 67.813189473700007 1.37714216487 1.37775240144 0.000244140625
67.813189473700007 67.833094736800007 1.3771319334700001 1.3777421648699999 0.000244140625
67.833094736800007 67.852999999999994 1.3771217072299999 1.37773193347 0.000244140625
67.852999999999994 67.872905263199996 1.37711148616 1.3777217072300001 0.000244140625
67.872905263199996 67.892810526299996 1.3771012702400001 1.3777114861599999 0.000244140625
67.892810526299996 67.912715789499998 1.3770910594700001 1.37770127024 0.000244140625
67.912715789499998 67.932621052599998 1.3770808538399999 1.37769105947 0.000244140625
67.932621052599998 67.9525263158 1.3770706533599999 1.3776808538400001 0.000244140625
67.9525263158 67.9724315789 1.3770604580200001 1.3776706533600001 0.000244140625
67.9724315789 67.992336842100002 1.3770502678200001 1.37766045802 0.000244140625
67.992336842100002 68.012242105300004 1.37704008274 1.37765026782 0.000244140625
68.012242105300004 68.032147368400004 1.3770299027999999 1.3776400827399999 0.000244140625
68.032147368400004 68.052052631600006 1.3770197279700001 1.3776299028000001 0.000244140625
68.052052631600006 68.071957894700006 1.3770095582699999 1.37761972797 0.000244140625
68.071957894700006 68.091863157899994 1.37699939368 1.3776095582700001 0.000244140625
68.091863157899994 68.111768421099995 1.3769892342000001 1.37759939368 0.000244140625
68.111768421099995 68.131673684199995 1.3769790798199999 1.3775892342 0.000244140625
68.131673684199995 68.151578947399997 1.3769689305499999 1.3775790798200001 0.000244140625
68.151578947399997 68.171484210499997 1.3769587863799999 1.3775689305500001 0.000244140625
68.171484210499997 68.191389473699999 1.3769486473100001 1.3775587863800001 0.000244140625
68.191389473699999 68.211294736799999 1.3769385133200001 1.37754864731 0.000244140625
68.211294736799999 68.231200000000001 1.37692838442 1.37753851332 0.000244140625
68.231200000000001 68.251105263200003 1.3769182606100001 1.3775283844199999 0.000244140625
68.251105263200003 68.271010526300003 1.37690814187 1.37751826061 0.000244140625
68.271010526300003 68.290915789500005 1.3768980282100001 1.3775081418699999 0.000244140625
68.290915789500005 68.310821052600005 1.3768879196199999 1.37749802821 0.000244140625
68.310821052600005 68.330726315800007 1.3768778160899999 1.3774879196200001 0.000244140625
68.330726315800007 68.350631578900007 1.3768677176299999 1.3774778160900001 0.000244140625
68.350631578900007 68.370536842099995 1.3768576242299999 1.3774677176300001 0.000244140625
68.370536842099995 68.390442105299996 1.3768475358900001 1.3774576242300001 0.000244140625
68.390442105299996 68.410347368399997 1.37683745259 1.37744753589 0.000244140625
68.410347368399997 68.430252631599998 1.3768273743499999 1.3774374525899999 0.000244140625
68.430252631599998 68.450157894699998 1.37681730114 1.3774273743500001 0.000244140625
68.450157894699998 68.4700631579 1.3768072329800001 1.3774173011399999 0.000244140625
68.4700631579 68.489968421100002 1.3767971698499999 1.37740723298 0.000244140625
68.489968421100002 68.509873684200002 1.3767871117499999 1.37739716985 0.000244140625
68.509873684200002 68.529778947400004 1.3767770586800001 1.3773871117500001 0.000244140625
68.529778947400004 68.549684210500004 1.3767670106300001 1.37737705868 0.000244140625
68.549684210500004 68.569589473700006 1.37675696761 1.37736701063 0.000244140625
68.569589473700006 68.589494736800006 1.3767469295999999 1.3773569676099999 0.000244140625
68.589494736800006 68.609399999999994 1.3767368966 1.3773469296 0.000244140625
68.609399999999994 68.629305263199996 1.37672686861 1.3773368965999999 0.000244140625
68.629305263199996 68.649210526299996 1.3767168456200001 1.37732686861 0.000244140625
68.649210526299996 68.669115789499998 1.3767068276300001 1.37731684562 0.000244140625
68.669115789499998 68.689021052599998 1.37669681464 1.37730682763 0.000244140625
68.689021052599998 68.708926315799999 1.37668680665 1.37729681464 0.000244140625
68.708926315799999 68.728831578899999 1.3766768036399999 1.3772868066499999 0.000244140625
68.728831578899999 68.748736842100001 1.37666680561 1.37727680364 0.000244140625
68.748736842100001 68.768642105300003 1.3766568125700001 1.3772668056099999 0.000244140625
68.768642105300003 68.788547368400003 1.3766468245100001 1.37725681257 0.000244140625
68.788547368400003 68.808452631600005 1.3766368414100001 1.37724682451 0.000244140625
68.808452631600005 68.828357894700005 1.3766268632900001 1.37723684141 0.000244140625
68.828357894700005 68.848263157900007 1.37661689013 1.37722686329 0.000244140625
68.848263157900007 68.868168421099995 1.3766069219299999 1.3772168901299999 0.000244140625
68.868168421099995 68.888073684199995 1.3765969587 1.37720692193 0.000244140625
68.888073684199995 68.907978947399997 1.37658700041 1.3771969586999999 0.000244140625
68.907978947399997 68.927884210499997 1.3765770470800001 1.37718700041 0.000244140625
68.927884210499997 68.947789473699999 1.37656709869 1.37717704708 0.000244140625
68.947789473699999 68.967694736799999 1.37655715524 1.37716709869 0.000244140625
68.967694736799999 68.9876 1.3765472167299999 1.3771571552399999 0.000244140625
68.9876 69.007505263200002 1.37653728316 1.3771472167300001 0.000244140625
69.007505263200002 69.027410526300002 1.3765273545200001 1.3771372831599999 0.000244140625
69.027410526300002 69.047315789500004 1.3765174308000001 1.37712735452 0.000244140625
69.047315789500004 69.067221052600004 1.3765075120100001 1.3771174308 0.000244140625
69.067221052600004 69.087126315800006 1.3764975981400001 1.37710751201 0.000244140625
69.087126315800006 69.107031578900006 1.37648768918 1.37709759814 0.000244140625
69.107031578900006 69.126936842099994 1.3764777851300001 1.3770876891799999 0.000244140625
69.126936842099994 69.146842105299996 1.3764678859999999 1.37707778513 0.000244140625
69.146842105299996 69.166747368399996 1.3764579917599999 1.3770678860000001 0.000244140625
69.166747368399996 69.186652631599998 1.3764481024299999 1.3770579917600001 0.000244140625
69.186652631599998 69.206557894699998 1.3764382179900001 1.3770481024300001 0.000244140625
69.206557894699998 69.2264631579 1.37642833845 1.37703821799 0.000244140625
69.2264631579 69.246368421100001 1.3764184638000001 1.3770283384499999 0.000244140625
69.246368421100001 69.266273684200002 1.3764085940299999 1.3770184638 0.000244140625
69.266273684200002 69.286178947400003 1.3763987291399999 1.3770085940300001 0.000244140625
69.286178947400003 69.306084210500003 1.3763888691299999 1.3769987291400001 0.000244140625
69.306084210500003 69.325989473700005 1.3763790140000001 1.3769888691300001 0.000244140625
69.325989473700005 69.345894736800005 1.37636916373 1.376979014 0.000244140625
69.345894736800005 69.365799999999993 1.37635931833 1.3769691637299999 0.000244140625
69.365799999999993 69.385705263199995 1.3763494778000001 1.37695931833 0.000244140625
69.385705263199995 69.405610526299995 1.37633964212 1.3769494778 0.000244140625
69.405610526299995 69.425515789499997 1.3763298113 1.37693964212 0.000244140625
69.425515789499997 69.445421052599997 1.3763199853300001 1.3769298112999999 0.000244140625
69.445421052599997 69.465326315799999 1.37631016421 1.37691998533 0.000244140625
69.465326315799999 69.485231578899999 1.37630034793 1.3769101642099999 0.000244140625
69.485231578899999 69.505136842100001 1.37629053649 1.3769003479299999 0.000244140625
69.505136842100001 69.525042105300003 1.3762807298899999 1.3768905364899999 0.000244140625
69.525042105300003 69.544947368400003 1.3762709281200001 1.3768807298900001 0.000244140625
69.544947368400003 69.564852631600004 1.3762611311899999 1.37687092812 0.000244140625
69.564852631600004 69.584757894700004 1.37625133907 1.3768611311900001 0.000244140625
69.584757894700004 69.604663157900006 1.37624155178 1.3768513390699999 0.000244140625
69.604663157900006 69.624568421099994 1.3762317693099999 1.3768415517799999 0.000244140625
69.624568421099994 69.644473684199994 1.37622199165 1.3768317693100001 0.000244140625
69.644473684199994 69.664378947399996 1.3762122188000001 1.37682199165 0.000244140625
69.664378947399996 69.684284210499996 1.3762024507599999 1.3768122188 0.000244140625
69.684284210499996 69.704189473699998 1.3761926875199999 1.3768024507600001 0.000244140625
69.704189473699998 69.724094736799998 1.3761829290800001 1.3767926875200001 0.000244140625
69.724094736799998 69.744 1.37617317544 1.37678292908 0.000244140625
69.744 69.763905263200002 1.37616342659 1.3767731754400001 0.000244140625
69.763905263200002 69.783810526300002 1.37615368253 1.37676342659 0.000244140625
69.783810526300002 69.803715789500004 1.37614394325 1.37675368253 0.000244140625
69.803715789500004 69.823621052600004 1.3761342087599999 1.3767439432499999 0.000244140625
69.823621052600004 69.843526315800005 1.37612447904 1.3767342087600001 0.000244140625
69.843526315800005 69.863431578900006 1.3761147541000001 1.3767244790399999 0.000244140625
69.863431578900006 69.883336842099993 1.3761050339200001 1.3767147541 0.000244140625
69.883336842099993 69.903242105299995 1.37609531852 1.37670503392 0.000244140625
69.903242105299995 69.923147368399995 1.3760856078699999 1.3766953185199999 0.000244140625
69.923147368399995 69.943052631599997 1.37607590199 1.37668560787 0.000244140625
69.943052631599997 69.962957894699997 1.37606620086 1.3766759019899999 0.000244140625
69.962957894699997 69.982863157899999 1.3760565044799999 1.3766662008599999 0.000244140625
69.982863157899999 70.002768421100001 1.3760468128500001 1.3766565044800001 0.000244140625
70.002768421100001 70.022673684200001 1.3760371259699999 1.37664681285 0.000244140625
70.022673684200001 70.042578947400003 1.37602744383 1.3766371259700001 0.000244140625
70.042578947400003 70.062484210500003 1.37601776642 1.3766274438299999 0.000244140625
70.062484210500003 70.082389473700005 1.3760080937500001 1.3766177664200001 0.000244140625
70.082389473700005 70.102294736800005 1.37599842581 1.37660809375 0.000244140625
70.102294736800005 70.122200000000007 1.3759887626 1.3765984258099999 0.000244140625
70.122200000000007 70.142105263199994 1.37597910411 1.3765887626 0.000244140625
70.142105263199994 70.162010526299994 1.37596945034 1.37657910411 0.000244140625
70.162010526299994 70.181915789499996 1.3759598012900001 1.3765694503399999 0.000244140625
70.181915789499996 70.201821052599996 1.3759501569399999 1.37655980129 0.000244140625
70.201821052599996 70.221726315799998 1.3759405173100001 1.37655015694 0.000244140625
70.221726315799998 70.241631578899998 1.3759308823800001 1.37654051731 0.000244140625
70.241631578899998 70.2615368421 1.3759212521599999 1.37653088238 0.000244140625
70.2615368421 70.281442105300002 1.37591162663 1.3765212521600001 0.000244140625
70.281442105300002 70.301347368400002 1.37590200579 1.3765116266299999 0.000244140625
70.301347368400002 70.321252631600004 1.3758923896499999 1.3765020057899999 0.000244140625
70.321252631600004 70.341157894700004 1.3758827782 1.3764923896500001 0.000244140625
70.341157894700004 70.361063157900006 1.3758731714200001 1.3764827782 0.000244140625
70.361063157900006 70.380968421099993 1.3758635693300001 1.37647317142 0.000244140625
70.380968421099993 70.400873684199993 1.37585397192 1.37646356933 0.000244140625
70.400873684199993 70.420778947399995 1.3758443791799999 1.37645397192 0.000244140625
70.420778947399995 70.440684210499995 1.3758347911 1.3764443791800001 0.000244140625
70.440684210499995 70.460589473699997 1.3758252076999999 1.3764347911000001 0.000244140625
70.460589473699997 70.480494736799997 1.3758156289500001 1.3764252077000001 0.000244140625
70.480494736799997 70.500399999999999 1.37580605487 1.37641562895 0.000244140625
70.500399999999999 70.520305263200001 1.37579648544 1.3764060548699999 0.000244140625
70.520305263200001 70.540210526300001 1.37578692066 1.3763964854399999 0.000244140625
70.540210526300001 70.560115789500003 1.3757773605300001 1.3763869206599999 0.000244140625
70.560115789500003 70.580021052600003 1.37576780505 1.37637736053 0.000244140625
70.580021052600003 70.599926315800005 1.37575825421 1.3763678050499999 0.000244140625
70.599926315800005 70.619831578900005 1.3757487079999999 1.3763582542099999 0.000244140625
70.619831578900005 70.639736842100007 1.37573916643 1.3763487080000001 0.000244140625
70.639736842100007 70.659642105299994 1.3757296294900001 1.37633916643 0.000244140625
70.659642105299994 70.679547368399994 1.3757200971800001 1.37632962949 0.000244140625
70.679547368399994 70.699452631599996 1.37571056949 1.37632009718 0.000244140625
70.699452631599996 70.719357894699996 1.3757010464199999 1.37631056949 0.000244140625
70.719357894699996 70.739263157899998 1.3756915279699999 1.3763010464200001 0.000244140625
70.739263157899998 70.7591684211 1.3756820141299999 1.3762915279700001 0.000244140625
70.7591684211 70.7790736842 1.3756725049 1.3762820141300001 0.000244140625
70.7790736842 70.798978947400002 1.3756630002800001 1.3762725049 0.000244140625
70.798978947400002 70.818884210500002 1.3756535002600001 1.37626300028 0.000244140625
70.818884210500002 70.838789473700004 1.37564400484 1.37625350026 0.000244140625
70.838789473700004 70.858694736800004 1.3756345140099999 1.37624400484 0.000244140625
70.858694736800004 70.878600000000006 1.37562502778 1.3762345140100001 0.000244140625
70.878600000000006 70.898505263199993 1.3756155461399999 1.3762250277800001 0.000244140625
70.898505263199993 70.918410526299994 1.37560606908 1.3762155461400001 0.000244140625
70.918410526299994 70.938315789499995 1.3755965966100001 1.37620606908 0.000244140625
70.938315789499995 70.958221052599995 1.3755871287100001 1.37619659661 0.000244140625
70.958221052599995 70.978126315799997 1.37557766539 1.37618712871 0.000244140625
70.978126315799997 70.998031578899997 1.3755682066399999 1.37617766539 0.000244140625
70.998031578899997 71.017936842099999 1.3755587524599999 1.3761682066400001 0.000244140625
71.017936842099999 71.037842105300001 1.3755493028400001 1.3761587524600001 0.000244140625
71.037842105300001 71.057747368400001 1.37553985778 1.37614930284 0.000244140625
71.057747368400001 71.077652631600003 1.37553041729 1.3761398577799999 0.000244140625
71.077652631600003 71.097557894700003 1.37552098134 1.37613041729 0.000244140625
71.097557894700003 71.117463157900005 1.3755115499499999 1.3761209813399999 0.000244140625
71.117463157900005 71.137368421100007 1.37550212311 1.3761115499500001 0.000244140625
71.137368421100007 71.157273684200007 1.37549270081 1.3761021231099999 0.000244140625
71.157273684200007 71.177178947399995 1.3754832830499999 1.3760927008099999 0.000244140625
71.177178947399995 71.197084210499995 1.37547386983 1.3760832830500001 0.000244140625
71.197084210499995 71.216989473699996 1.37546446114 1.3760738698299999 0.000244140625
71.216989473699996 71.236894736799997 1.3754550569799999 1.3760644611399999 0.000244140625
71.236894736799997 71.256799999999998 1.37544565735 1.3760550569800001 0.000244140625
71.256799999999998 71.2767052632 1.37543626225 1.37604565735 0.000244140625
71.2767052632 71.2966105263 1.37542687166 1.37603626225 0.000244140625
71.2966105263 71.316515789500002 1.3754174855900001 1.3760268716599999 0.000244140625
71.316515789500002 71.336421052600002 1.3754081040399999 1.37601748559 0.000244140625
71.336421052600002 71.356326315800004 1.3753987270000001 1.3760081040400001 0.000244140625
71.356326315800004 71.376231578900004 1.37538935446 1.375998727 0.000244140625
71.376231578900004 71.396136842100006 1.37537998642 1.3759893544599999 0.000244140625
71.396136842100006 71.416042105299994 1.37537062289 1.37597998642 0.000244140625
71.416042105299994 71.435947368399994 1.3753612638499999 1.3759706228899999 0.000244140625
71.435947368399994 71.455852631599996 1.37535190931 1.3759612638500001 0.000244140625
71.455852631599996 71.475757894699996 1.3753425592599999 1.3759519093100001 0.000244140625
71.475757894699996 71.495663157899997 1.3753332136900001 1.3759425592600001 0.000244140625
71.495663157899997 71.515568421099999 1.3753238726100001 1.37593321369 0.000244140625
71.515568421099999 71.535473684199999 1.3753145360000001 1.37592387261 0.000244140625
71.535473684199999 71.555378947400001 1.37530520388 1.375914536 0.000244140625
71.555378947400001 71.575284210500001 1.37529587622 1.3759052038799999 0.000244140625
71.575284210500001 71.595189473700003 1.37528655304 1.37589587622 0.000244140625
71.595189473700003 71.615094736800003 1.3752772343199999 1.37588655304 0.000244140625
71.615094736800003 71.635000000000005 1.37526792007 1.3758772343200001 0.000244140625
71.635000000000005 71.654905263200007 1.37525861027 1.3758679200699999 0.000244140625
71.654905263200007 71.674810526300007 1.3752493049400001 1.3758586102699999 0.000244140625
71.674810526300007 71.694715789499995 1.3752400040499999 1.37584930494 0.000244140625
71.694715789499995 71.714621052599995 1.3752307076200001 1.3758400040500001 0.000244140625
71.714621052599995 71.734526315799997 1.37522141563 1.37583070762 0.000244140625
71.734526315799997 71.754431578899997 1.37521212809 1.3758214156299999 0.000244140625
71.754431578899997 71.774336842099999 1.37520284498 1.37581212809 0.000244140625
71.774336842099999 71.7942421053 1.3751935663199999 1.3758028449799999 0.000244140625
71.7942421053 71.8141473684 1.3751842920799999 1.37579356632 0.000244140625
71.8141473684 71.834052631600002 1.3751750222800001 1.3757842920800001 0.000244140625
71.834052631600002 71.853957894700002 1.3751657569 1.37577502228 0.000244140625
71.853957894700002 71.873863157900004 1.37515649595 1.3757657568999999 0.000244140625
71.873863157900004 71.893768421100006 1.3751472394199999 1.3757564959499999 0.000244140625
71.893768421100006 71.913673684200006 1.3751379873 1.3757472394200001 0.000244140625
71.913673684200006 71.933578947399994 1.3751287396 1.3757379873 0.000244140625
71.933578947399994 71.953484210499994 1.3751194963 1.3757287396 0.000244140625
71.953484210499994 71.973389473699996 1.37511025742 1.3757194962999999 0.000244140625
71.973389473699996 71.993294736799996 1.37510102294 1.37571025742 0.000244140625
71.993294736799996 72.013199999999998 1.3750917928599999 1.37570102294 0.000244140625
72.013199999999998 72.0331052632 1.37508256717 1.3756917928600001 0.000244140625
72.0331052632 72.0530105263 1.37507334588 1.3756825671699999 0.000244140625
72.0530105263 72.072915789500001 1.3750641289800001 1.3756733458799999 0.000244140625
72.072915789500001 72.092821052600002 1.3750549164700001 1.37566412898 0.000244140625
72.092821052600002 72.112726315800003 1.3750457083500001 1.37565491647 0.000244140625
72.112726315800003 72.132631578900003 1.3750365045999999 1.37564570835 0.000244140625
72.132631578900003 72.152536842100005 1.3750273052299999 1.3756365046000001 0.000244140625
72.152536842100005 72.172442105299993 1.3750181102400001 1.3756273052300001 0.000244140625
72.172442105299993 72.192347368399993 1.3750089196099999 1.37561811024 0.000244140625
72.192347368399993 72.212252631599995 1.3749997333599999 1.3756089196100001 0.000244140625
72.212252631599995 72.232157894699995 1.37499055147 1.3755997333600001 0.000244140625
72.232157894699995 72.252063157899997 1.3749813739400001 1.37559055147 0.000244140625
72.252063157899997 72.271968421099999 1.37497220077 1.37558137394 0.000244140625
72.271968421099999 72.291873684199999 1.3749630319599999 1.37557220077 0.000244140625
72.291873684199999 72.311778947400001 1.3749538674899999 1.3755630319600001 0.000244140625
72.311778947400001 72.331684210500001 1.3749447073800001 1.3755538674900001 0.000244140625
72.331684210500001 72.351589473700002 1.3749355516099999 1.37554470738 0.000244140625
72.351589473700002 72.371494736800003 1.3749264001799999 1.3755355516100001 0.000244140625
72.371494736800003 72.391400000000004 1.3749172531 1.3755264001800001 0.000244140625
72.391400000000004 72.411305263200006 1.37490811034 1.3755172530999999 0.000244140625
72.411305263200006 72.431210526300006 1.37489897192 1.37550811034 0.000244140625
72.431210526300006 72.451115789499994 1.3748898378300001 1.3754989719199999 0.000244140625
72.451115789499994 72.471021052599994 1.3748807080700001 1.37548983783 0.000244140625
72.471021052599994 72.490926315799996 1.37487158263 1.37548070807 0.000244140625
72.490926315799996 72.510831578899996 1.37486246151 1.3754715826299999 0.000244140625
72.510831578899996 72.530736842099998 1.3748533447 1.37546246151 0.000244140625
72.530736842099998 72.5506421053 1.3748442322100001 1.3754533446999999 0.000244140625
72.5506421053 72.5705473684 1.3748351240300001 1.37544423221 0.000244140625
72.5705473684 72.590452631600002 1.37482602016 1.37543512403 0.000244140625
72.590452631600002 72.610357894700002 1.37481692059 1.3754260201599999 0.000244140625
72.610357894700002 72.630263157900004 1.37480782532 1.37541692059 0.000244140625
72.630263157900004 72.650168421100005 1.3747987343500001 1.3754078253199999 0.000244140625
72.650168421100005 72.670073684200005 1.3747896476699999 1.37539873435 0.000244140625
72.670073684200005 72.689978947399993 1.37478056529 1.37538964767 0.000244140625
72.689978947399993 72.709884210499993 1.3747714871900001 1.37538056529 0.000244140625
72.709884210499993 72.729789473699995 1.37476241337 1.37537148719 0.000244140625
72.729789473699995 72.749694736799995 1.3747533438399999 1.37536241337 0.000244140625
72.749694736799995 72.769599999999997 1.3747442785899999 1.3753533438400001 0.000244140625
72.769599999999997 72.789505263199999 1.3747352176100001 1.3753442785900001 0.000244140625
72.789505263199999 72.809410526299999 1.3747261609100001 1.37533521761 0.000244140625
72.809410526299999 72.829315789500001 1.3747171084700001 1.37532616091 0.000244140625
72.829315789500001 72.849221052600001 1.3747080603099999 1.37531710847 0.000244140625
72.849221052600001 72.869126315800003 1.3746990163999999 1.3753080603100001 0.000244140625
72.869126315800003 72.889031578900003 1.37468997675 1.3752990164000001 0.000244140625
72.889031578900003 72.908936842100005 1.3746809413600001 1.37528997675 0.000244140625
72.908936842100005 72.928842105300006 1.37467191023 1.37528094136 0.000244140625
72.928842105300006 72.948747368400007 1.3746628833400001 1.3752719102299999 0.000244140625
72.948747368400007 72.968652631599994 1.3746538607000001 1.37526288334 0.000244140625
72.968652631599994 72.988557894699994 1.3746448423099999 1.3752538607 0.000244140625
72.988557894699994 73.008463157899996 1.37463582816 1.3752448423100001 0.000244140625
73.008463157899996 73.028368421099998 1.3746268182400001 1.3752358281599999 0.000244140625
73.028368421099998 73.048273684199998 1.3746178125599999 1.37522681824 0.000244140625
73.048273684199998 73.0681789474 1.3746088111100001 1.3752178125600001 0.000244140625
73.0681789474 73.0880842105 1.37459981389 1.37520881111 0.000244140625
73.0880842105 73.107989473700002 1.3745908209 1.3751998138899999 0.000244140625
73.107989473700002 73.127894736800002 1.3745818321300001 1.3751908209000001 0.000244140625
73.127894736800002 73.147800000000004 1.3745728475700001 1.37518183213 0.000244140625
73.147800000000004 73.167705263200006 1.37456386724 1.37517284757 0.000244140625
73.167705263200006 73.187610526300006 1.3745548911100001 1.3751638672399999 0.000244140625
73.187610526300006 73.207515789499993 1.3745459192 1.37515489111 0.000244140625
73.207515789499993 73.227421052599993 1.3745369515000001 1.3751459192 0.000244140625
73.227421052599993 73.247326315799995 1.3745279879900001 1.3751369515 0.000244140625
73.247326315799995 73.267231578899995 1.37451902869 1.37512798799 0.000244140625
73.267231578899995 73.287136842099997 1.37451007359 1.3751190286899999 0.000244140625
73.287136842099997 73.307042105299999 1.3745011226799999 1.3751100735899999 0.000244140625
73.307042105299999 73.326947368399999 1.37449217597 1.3751011226800001 0.000244140625
73.326947368399999 73.346852631600001 1.3744832334399999 1.3750921759700001 0.000244140625
73.346852631600001 73.366757894700001 1.3744742951 1.3750832334400001 0.000244140625
73.366757894700001 73.386663157900003 1.3744653609399999 1.3750742950999999 0.000244140625
73.386663157900003 73.406568421100005 1.37445643096 1.3750653609400001 0.000244140625
73.406568421100005 73.426473684200005 1.37444750516 1.37505643096 0.000244140625
73.426473684200005 73.446378947400007 1.3744385835299999 1.37504750516 0.000244140625
73.446378947400007 73.466284210500007 1.3744296660699999 1.3750385835300001 0.000244140625
73.466284210500007 73.486189473699994 1.3744207527700001 1.3750296660700001 0.000244140625
73.486189473699994 73.506094736799994 1.3744118436499999 1.37502075277 0.000244140625
73.506094736799994 73.525999999999996 1.3744029386800001 1.3750118436500001 0.000244140625
73.525999999999996 73.545905263199998 1.3743940378699999 1.37500293868 0.000244140625
73.545905263199998 73.565810526299998 1.3743851412200001 1.3749940378700001 0.000244140625
73.565810526299998 73.5857157895 1.37437624872 1.37498514122 0.000244140625
73.5857157895 73.6056210526 1.37436736037 1.3749762487199999 0.000244140625
73.6056210526 73.625526315800002 1.3743584761600001 1.3749673603699999 0.000244140625
73.625526315800002 73.645431578900002 1.3743495961000001 1.37495847616 0.000244140625
73.645431578900002 73.665336842100004 1.37434072018 1.3749495961 0.000244140625
73.665336842100004 73.685242105300006 1.37433184839 1.3749407201799999 0.000244140625
73.685242105300006 73.705147368400006 1.3743229807399999 1.3749318483899999 0.000244140625
73.705147368400006 73.725052631599993 1.37431411722 1.3749229807400001 0.000244140625
73.725052631599993 73.744957894699994 1.3743052578299999 1.3749141172199999 0.000244140625
73.744957894699994 73.764863157899995 1.37429640256 1.3749052578300001 0.000244140625
73.764863157899995 73.784768421099997 1.3742875514199999 1.3748964025599999 0.000244140625
73.784768421099997 73.804673684199997 1.37427870439 1.3748875514200001 0.000244140625
73.804673684199997 73.824578947399999 1.37426986148 1.3748787043899999 0.000244140625
73.824578947399999 73.844484210499999 1.3742610226900001 1.3748698614799999 0.000244140625
73.844484210499999 73.864389473700001 1.374252188 1.37486102269 0.000244140625
73.864389473700001 73.884294736800001 1.3742433574299999 1.374852188 0.000244140625
73.884294736800001 73.904200000000003 1.3742345309499999 1.3748433574300001 0.000244140625
73.904200000000003 73.924105263200005 1.37422570858 1.3748345309500001 0.000244140625
73.924105263200005 73.944010526300005 1.3742168903 1.37482570858 0.000244140625
73.944010526300005 73.963915789500007 1.37420807613 1.3748168903 0.000244140625
73.963915789500007 73.983821052600007 1.37419926604 1.3748080761299999 0.000244140625
73.983821052600007 74.003726315799994 1.3741904600399999 1.3747992660399999 0.000244140625
74.003726315799994 74.023631578899995 1.3741816581299999 1.3747904600400001 0.000244140625
74.023631578899995 74.043536842099996 1.3741728603000001 1.3747816581300001 0.000244140625
74.043536842099996 74.063442105299998 1.3741640665599999 1.3747728603 0.000244140625
74.063442105299998 74.083347368399998 1.3741552768900001 1.3747640665600001 0.000244140625
74.083347368399998 74.1032526316 1.3741464912900001 1.37475527689 0.000244140625
74.1032526316 74.1231578947 1.37413770977 1.37474649129 0.000244140625
74.1231578947 74.143063157900002 1.3741289323200001 1.37473770977 0.000244140625
74.143063157900002 74.162968421100004 1.3741201589300001 1.37472893232 0.000244140625
74.162968421100004 74.182873684200004 1.3741113895999999 1.37472015893 0.000244140625
74.182873684200004 74.202778947400006 1.3741026243400001 1.3747113896000001 0.000244140625
74.202778947400006 74.222684210500006 1.3740938631299999 1.37470262434 0.000244140625
74.222684210500006 74.242589473699994 1.3740851059800001 1.3746938631300001 0.000244140625
74.242589473699994 74.262494736799994 1.37407635287 1.37468510598 0.000244140625
74.262494736799994 74.282399999999996 1.3740676038199999 1.3746763528699999 0.000244140625
74.282399999999996 74.302305263199997 1.37405885881 1.3746676038200001 0.000244140625
74.302305263199997 74.322210526299997 1.37405011784 1.3746588588099999 0.000244140625
74.322210526299997 74.342115789499999 1.3740413809200001 1.3746501178399999 0.000244140625
74.342115789499999 74.362021052599999 1.37403264803 1.37464138092 0.000244140625
74.362021052599999 74.381926315800001 1.3740239191700001 1.37463264803 0.000244140625
74.381926315800001 74.401831578900001 1.3740151943500001 1.37462391917 0.000244140625
74.401831578900001 74.421736842100003 1.3740064735499999 1.37461519435 0.000244140625
74.421736842100003 74.441642105300005 1.3739977567699999 1.3746064735500001 0.000244140625
74.441642105300005 74.461547368400005 1.37398904402 1.3745977567700001 0.000244140625
74.461547368400005 74.481452631600007 1.37398033529 1.3745890440199999 0.000244140625
74.481452631600007 74.501357894700007 1.37397163058 1.3745803352899999 0.000244140625
74.501357894700007 74.521263157899995 1.37396292988 1.37457163058 0.000244140625
74.521263157899995 74.541168421099997 1.3739542331800001 1.37456292988 0.000244140625
74.541168421099997 74.561073684199997 1.3739455405000001 1.37455423319 0.000244140625
74.561073684199997 74.580978947399998 1.3739368518199999 1.3745455405 0.000244140625
74.580978947399998 74.600884210499999 1.3739281671500001 1.3745368518200001 0.000244140625
74.600884210499999 74.6207894737 1.37391948647 1.37452816715 0.000244140625
74.6207894737 74.6406947368 1.3739108097899999 1.3745194864700001 0.000244140625
74.6406947368 74.660600000000002 1.3739021371 1.3745108097900001 0.000244140625
74.660600000000002 74.680505263200004 1.3738934683999999 1.3745021370999999 0.000244140625
74.680505263200004 74.700410526300004 1.37388480369 1.3744934684000001 0.000244140625
74.700410526300004 74.720315789500006 1.3738761429699999 1.3744848036899999 0.000244140625
74.720315789500006 74.740221052600006 1.37386748623 1.3744761429700001 0.000244140625
74.740221052600006 74.760126315799994 1.3738588334599999 1.3744674862299999 0.000244140625
74.760126315799994 74.780031578899994 1.37385018468 1.3744588334600001 0.000244140625
74.780031578899994 74.799936842099996 1.3738415398599999 1.3744501846799999 0.000244140625
74.799936842099996 74.819842105299998 1.3738328990199999 1.3744415398600001 0.000244140625
74.819842105299998 74.839747368399998 1.3738242621400001 1.3744328990200001 0.000244140625
74.839747368399998 74.859652631599999 1.3738156292299999 1.37442426214 0.000244140625
74.859652631599999 74.8795578947 1.37380700028 1.37441562923 0.000244140625
74.8795578947 74.899463157900001 1.37379837529 1.37440700028 0.000244140625
74.899463157900001 74.919368421100003 1.3737897542599999 1.37439837529 0.000244140625
74.919368421100003 74.939273684200003 1.3737811371799999 1.3743897542600001 0.000244140625
74.939273684200003 74.959178947400005 1.3737725240500001 1.3743811371800001 0.000244140625
74.959178947400005 74.979084210500005 1.37376391487 1.37437252405 0.000244140625
74.979084210500005 74.998989473699993 1.3737553096299999 1.37436391487 0.000244140625
74.998989473699993 75.018894736799993 1.3737467083399999 1.3743553096300001 0.000244140625
75.018894736799993 75.038799999999995 1.37373811098 1.3743467083400001 0.000244140625
75.038799999999995 75.058705263199997 1.3737295175599999 1.3743381109799999 0.000244140625
75.058705263199997 75.078610526299997 1.37372092808 1.3743295175600001 0.000244140625
75.078610526299997 75.098515789499999 1.37371234253 1.3743209280799999 0.000244140625
75.098515789499999 75.118421052599999 1.3737037609 1.3743123425299999 0.000244140625
75.118421052599999 75.138326315800001 1.3736951831999999 1.3743037608999999 0.000244140625
75.138326315800001 75.158231578900001 1.37368660942 1.3742951832000001 0.000244140625
75.158231578900001 75.178136842100002 1.3736780395699999 1.3742866094199999 0.000244140625
75.178136842100002 75.198042105300004 1.3736694736299999 1.3742780395700001 0.000244140625
75.198042105300004 75.217947368400004 1.3736609116 1.3742694736300001 0.000244140625
75.217947368400004 75.237852631600006 1.37365235349 1.3742609116 0.000244140625
75.237852631600006 75.257757894700006 1.3736437992799999 1.37425235349 0.000244140625
75.257757894700006 75.277663157899994 1.3736352489799999 1.3742437992800001 0.000244140625
75.277663157899994 75.297568421099996 1.37362670259 1.37423524898 0.000244140625
75.297568421099996 75.317473684199996 1.3736181600899999 1.3742267025899999 0.000244140625
75.317473684199996 75.337378947399998 1.37360962149 1.3742181600900001 0.000244140625
75.337378947399998 75.357284210499998 1.3736010867899999 1.3742096214899999 0.000244140625
75.357284210499998 75.3771894737 1.37359255597 1.3742010867900001 0.000244140625
75.3771894737 75.3970947368 1.3735840290500001 1.3741925559699999 0.000244140625
75.3970947368 75.417000000000002 1.3735755060099999 1.37418402905 0.000244140625
75.417000000000002 75.436905263200003 1.37356698686 1.37417550601 0.000244140625
75.436905263200003 75.456810526300004 1.37355847159 1.3741669868599999 0.000244140625
75.456810526300004 75.476715789500005 1.3735499602000001 1.3741584715899999 0.000244140625
75.476715789500005 75.496621052600005 1.3735414526800001 1.3741499602 0.000244140625
75.496621052600005 75.516526315799993 1.3735329490399999 1.37414145268 0.000244140625
75.516526315799993 75.536431578899993 1.3735244492600001 1.3741329490400001 0.000244140625
75.536431578899993 75.556336842099995 1.3735159533500001 1.37412444926 0.000244140625
75.556336842099995 75.576242105299997 1.37350746131 1.37411595335 0.000244140625
75.576242105299997 75.596147368399997 1.37349897313 1.3741074613099999 0.000244140625
75.596147368399997 75.616052631599999 1.3734904888099999 1.37409897313 0.000244140625
75.616052631599999 75.635957894699999 1.3734820083399999 1.3740904888100001 0.000244140625
75.635957894699999 75.655863157900001 1.37347353173 1.37408200834 0.000244140625
75.655863157900001 75.675768421100003 1.3734650589599999 1.3740735317299999 0.000244140625
75.675768421100003 75.695673684200003 1.37345659005 1.3740650589600001 0.000244140625
75.695673684200003 75.715578947400004 1.3734481249799999 1.3740565900499999 0.000244140625
75.715578947400004 75.735484210500005 1.3734396637599999 1.3740481249800001 0.000244140625
75.735484210500005 75.755389473700006 1.37343120637 1.3740396637600001 0.000244140625
75.755389473700006 75.775294736800006 1.37342275282 1.37403120637 0.000244140625
75.775294736800006 75.795199999999994 1.3734143031099999 1.37402275282 0.000244140625
75.795199999999994 75.815105263199996 1.3734058572300001 1.3740143031100001 0.000244140625
75.815105263199996 75.835010526299996 1.3733974151699999 1.37400585723 0.000244140625
75.835010526299996 75.854915789499998 1.3733889769500001 1.3739974151700001 0.000244140625
75.854915789499998 75.874821052599998 1.3733805425500001 1.37398897695 0.000244140625
75.874821052599998 75.8947263158 1.37337211196 1.37398054255 0.000244140625
75.8947263158 75.9146315789 1.3733636852 1.3739721119599999 0.000244140625
75.9146315789 75.934536842100002 1.37335526225 1.3739636851999999 0.000244140625
75.934536842100002 75.954442105300004 1.37334684312 1.37395526225 0.000244140625
75.954442105300004 75.974347368400004 1.37333842779 1.3739468431199999 0.000244140625
75.974347368400004 75.994252631600006 1.37333001628 1.37393842779 0.000244140625
75.994252631600006 76.014157894700006 1.37332160856 1.3739300162800001 0.000244140625
76.014157894700006 76.034063157899993 1.3733132046500001 1.3739216085599999 0.000244140625
76.034063157899993 76.053968421099995 1.37330480454 1.37391320465 0.000244140625
76.053968421099995 76.073873684199995 1.3732964082300001 1.37390480454 0.000244140625
76.073873684199995 76.093778947399997 1.37328801571 1.37389640823 0.000244140625
76.093778947399997 76.113684210499997 1.3732796269800001 1.37388801571 0.000244140625
76.113684210499997 76.133589473699999 1.37327124204 1.37387962698 0.000244140625
76.133589473699999 76.153494736799999 1.3732628608899999 1.3738712420500001 0.000244140625
76.153494736799999 76.173400000000001 1.37325448352 1.3738628608900001 0.000244140625
76.173400000000001 76.193305263200003 1.37324610993 1.3738544835199999 0.000244140625
76.193305263200003 76.213210526300003 1.37323774012 1.3738461099299999 0.000244140625
76.213210526300003 76.233115789500005 1.3732293740899999 1.3738377401199999 0.000244140625
76.233115789500005 76.253021052600005 1.3732210118299999 1.3738293740900001 0.000244140625
76.253021052600005 76.272926315800007 1.37321265334 1.37382101183 0.000244140625
76.272926315800007 76.292831578900007 1.3732042986099999 1.3738126533399999 0.000244140625
76.292831578900007 76.312736842099994 1.37319594765 1.3738042986100001 0.000244140625
76.312736842099994 76.332642105299996 1.3731876004600001 1.3737959476499999 0.000244140625
76.332642105299996 76.352547368399996 1.3731792570200001 1.37378760046 0.000244140625
76.352547368399996 76.372452631599998 1.37317091734 1.37377925702 0.000244140625
76.372452631599998 76.392357894699998 1.3731625814099999 1.3737709173399999 0.000244140625
76.392357894699998 76.4122631579 1.37315424924 1.3737625814100001 0.000244140625
76.4122631579 76.432168421100002 1.3731459208200001 1.3737542492399999 0.000244140625
76.432168421100002 76.452073684200002 1.3731375961400001 1.37374592082 0.000244140625
76.452073684200002 76.471978947400004 1.3731292751999999 1.37373759614 0.000244140625
76.471978947400004 76.491884210500004 1.3731209580099999 1.3737292752000001 0.000244140625
76.491884210500004 76.511789473700006 1.3731126445599999 1.37372095801 0.000244140625
76.511789473700006 76.531694736800006 1.3731043348400001 1.3737126445600001 0.000244140625
76.531694736800006 76.551599999999993 1.37309602885 1.37370433484 0.000244140625
76.551599999999993 76.571505263199995 1.3730877265999999 1.37369602885 0.000244140625
76.571505263199995 76.591410526299995 1.3730794280700001 1.3736877266 0.000244140625
76.591410526299995 76.611315789499997 1.3730711332700001 1.37367942807 0.000244140625
76.611315789499997 76.631221052599997 1.37306284219 1.37367113327 0.000244140625
76.631221052599997 76.651126315799999 1.3730545548399999 1.3736628421899999 0.000244140625
76.651126315799999 76.671031578899999 1.3730462712 1.3736545548400001 0.000244140625
76.671031578899999 76.690936842100001 1.3730379912699999 1.3736462711999999 0.000244140625
76.690936842100001 76.710842105300003 1.3730297150599999 1.3736379912700001 0.000244140625
76.710842105300003 76.730747368400003 1.37302144256 1.3736297150600001 0.000244140625
76.730747368400003 76.750652631600005 1.37301317377 1.37362144256 0.000244140625
76.750652631600005 76.770557894700005 1.37300490868 1.3736131737699999 0.000244140625
76.770557894700005 76.790463157900007 1.3729966472899999 1.37360490868 0.000244140625
76.790463157900007 76.810368421099994 1.3729883895999999 1.3735966472900001 0.000244140625
76.810368421099994 76.830273684199994 1.37298013561 1.3735883896000001 0.000244140625
76.830273684199994 76.850178947399996 1.3729718853199999 1.3735801356099999 0.000244140625
76.850178947399996 76.870084210499996 1.3729636387099999 1.3735718853200001 0.000244140625
76.870084210499996 76.889989473699998 1.3729553958 1.3735636387100001 0.000244140625
76.889989473699998 76.909894736799998 1.37294715657 1.3735553958 0.000244140625
76.909894736799998 76.9298 1.37293892102 1.3735471565699999 0.000244140625
76.9298 76.949705263200002 1.3729306891599999 1.37353892103 0.000244140625
76.949705263200002 76.969610526300002 1.3729224609799999 1.3735306891600001 0.000244140625
76.969610526300002 76.989515789500004 1.37291423647 1.3735224609800001 0.000244140625
76.989515789500004 77.009421052600004 1.3729060156399999 1.3735142364699999 0.000244140625
77.009421052600004 77.029326315800006 1.3728977984799999 1.3735060156400001 0.000244140625
77.029326315800006 77.049231578900006 1.37288958499 1.3734977984800001 0.000244140625
77.049231578900006 77.069136842099994 1.37288137516 1.37348958499 0.000244140625
77.069136842099994 77.089042105299995 1.372873169 1.3734813751599999 0.000244140625
77.089042105299995 77.108947368399996 1.3728649664999999 1.3734731689999999 0.000244140625
77.108947368399996 77.128852631599997 1.3728567676600001 1.3734649665000001 0.000244140625
77.128852631599997 77.148757894699997 1.3728485724699999 1.37345676766 0.000244140625
77.148757894699997 77.168663157899999 1.37284038094 1.3734485724700001 0.000244140625
77.168663157899999 77.188568421100001 1.37283219306 1.37344038094 0.000244140625
77.188568421100001 77.208473684200001 1.3728240088200001 1.37343219306 0.000244140625
77.208473684200001 77.228378947400003 1.37281582824 1.37342400882 0.000244140625
77.228378947400003 77.248284210500003 1.37280765129 1.37341582824 0.000244140625
77.248284210500003 77.268189473700005 1.3727994779899999 1.37340765129 0.000244140625
77.268189473700005 77.288094736800005 1.3727913083300001 1.3733994779900001 0.000244140625
77.288094736800005 77.308000000000007 1.3727831423000001 1.37339130833 0.000244140625
77.308000000000007 77.327905263199995 1.3727749799 1.3733831423 0.000244140625
77.327905263199995 77.347810526299995 1.3727668211399999 1.3733749798999999 0.000244140625
77.347810526299995 77.367715789499997 1.372758666 1.3733668211400001 0.000244140625
77.367715789499997 77.387621052599997 1.3727505144900001 1.3733586659999999 0.000244140625
77.387621052599997 77.407526315799998 1.37274236661 1.37335051449 0.000244140625
77.407526315799998 77.427431578899998 1.3727342223400001 1.37334236661 0.000244140625
77.427431578899998 77.4473368421 1.37272608169 1.37333422234 0.000244140625
77.4473368421 77.467242105300002 1.37271794466 1.3733260816899999 0.000244140625
77.467242105300002 77.487147368400002 1.37270981124 1.3733179446599999 0.000244140625
77.487147368400002 77.507052631600004 1.3727016814299999 1.37330981124 0.000244140625
77.507052631600004 77.526957894700004 1.3726935552299999 1.3733016814300001 0.000244140625
77.526957894700004 77.546863157900006 1.37268543264 1.3732935552300001 0.000244140625
77.546863157900006 77.566768421099994 1.3726773136499999 1.3732854326399999 0.000244140625
77.566768421099994 77.586673684199994 1.3726691982599999 1.3732773136500001 0.000244140625
77.586673684199994 77.606578947399996 1.37266108647 1.37326919826 0.000244140625
77.606578947399996 77.626484210499996 1.3726529782700001 1.3732610864699999 0.000244140625
77.626484210499996 77.646389473699998 1.3726448736700001 1.37325297827 0.000244140625
77.646389473699998 77.666294736799998 1.3726367726599999 1.37324487367 0.000244140625
77.666294736799998 77.686199999999999 1.3726286752400001 1.3732367726600001 0.000244140625
77.686199999999999 77.706105263200001 1.3726205814000001 1.37322867524 0.000244140625
77.706105263200001 77.726010526300001 1.3726124911499999 1.3732205814 0.000244140625
77.726010526300001 77.745915789500003 1.3726044044800001 1.3732124911500001 0.000244140625
77.745915789500003 77.765821052600003 1.3725963213800001 1.37320440448 0.000244140625
77.765821052600003 77.785726315800005 1.3725882418699999 1.37319632138 0.000244140625
77.785726315800005 77.805631578900005 1.3725801659200001 1.3731882418700001 0.000244140625
77.805631578900005 77.825536842099993 1.3725720935500001 1.37318016592 0.000244140625
77.825536842099993 77.845442105299995 1.3725640247499999 1.37317209355 0.000244140625
77.845442105299995 77.865347368399995 1.3725559595100001 1.3731640247500001 0.000244140625
77.865347368399995 77.885252631599997 1.3725478978300001 1.37315595951 0.000244140625
77.885252631599997 77.905157894699997 1.3725398397199999 1.37314789783 0.000244140625
77.905157894699997 77.925063157899999 1.3725317851700001 1.3731398397200001 0.000244140625
77.925063157899999 77.9449684211 1.3725237341700001 1.37313178517 0.000244140625
77.9449684211 77.964873684200001 1.3725156867299999 1.37312373417 0.000244140625
77.964873684200001 77.984778947400002 1.37250764283 1.3731156867300001 0.000244140625
77.984778947400002 78.004684210500002 1.37249960249 1.37310764283 0.000244140625
78.004684210500002 78.024589473700004 1.3724915656900001 1.37309960249 0.000244140625
78.024589473700004 78.044494736800004 1.37248353244 1.37309156569 0.000244140625
78.044494736800004 78.064400000000006 1.37247550273 1.3730835324399999 0.000244140625
78.064400000000006 78.084305263199994 1.37246747656 1.3730755027299999 0.000244140625
78.084305263199994 78.104210526299994 1.3724594539299999 1.3730674765599999 0.000244140625
78.104210526299994 78.124115789499996 1.3724514348300001 1.3730594539300001 0.000244140625
78.124115789499996 78.144021052599996 1.3724434192599999 1.37305143483 0.000244140625
78.144021052599996 78.163926315799998 1.37243540722 1.3730434192600001 0.000244140625
78.163926315799998 78.183831578899998 1.37242739871 1.3730354072199999 0.000244140625
78.183831578899998 78.2037368421 1.37241939373 1.3730273987099999 0.000244140625
78.2037368421 78.223642105300002 1.3724113922600001 1.3730193937299999 0.000244140625
78.223642105300002 78.243547368400002 1.37240339432 1.37301139226 0.000244140625
78.243547368400002 78.263452631600003 1.3723953999 1.37300339432 0.000244140625
78.263452631600003 78.283357894700003 1.3723874089899999 1.3729953999 0.000244140625
78.283357894700003 78.303263157900005 1.37237942159 1.37298740899 0.000244140625
78.303263157900005 78.323168421099993 1.3723714377 1.37297942159 0.000244140625
78.323168421099993 78.343073684199993 1.3723634573200001 1.3729714377 0.000244140625
78.343073684199993 78.362978947399995 1.37235548045 1.37296345732 0.000244140625
78.362978947399995 78.382884210499995 1.37234750708 1.3729554804499999 0.000244140625
78.382884210499995 78.402789473699997 1.37233953721 1.3729475070799999 0.000244140625
78.402789473699997 78.422694736799997 1.3723315708399999 1.3729395372099999 0.000244140625
78.422694736799997 78.442599999999999 1.3723236079600001 1.3729315708400001 0.000244140625
78.442599999999999 78.462505263200001 1.3723156485800001 1.37292360796 0.000244140625
78.462505263200001 78.482410526300001 1.37230769269 1.37291564858 0.000244140625
78.482410526300001 78.502315789500003 1.3722997402899999 1.3729076926899999 0.000244140625
78.502315789500003 78.522221052600003 1.3722917913699999 1.3728997402900001 0.000244140625
78.522221052600003 78.542126315800004 1.37228384594 1.3728917913700001 0.000244140625
78.542126315800004 78.562031578900005 1.3722759039900001 1.3728838459399999 0.000244140625
78.562031578900005 78.581936842100006 1.3722679655200001 1.37287590399 0.000244140625
78.581936842100006 78.601842105299994 1.3722600305299999 1.37286796552 0.000244140625
78.601842105299994 78.621747368399994 1.37225209901 1.3728600305300001 0.000244140625
78.621747368399994 78.641652631599996 1.37224417096 1.3728520990099999 0.000244140625
78.641652631599996 78.661557894699996 1.37223624639 1.3728441709600001 0.000244140625
78.661557894699996 78.681463157899998 1.37222832528 1.3728362463899999 0.000244140625
78.681463157899998 78.7013684211 1.37222040763 1.37282832528 0.000244140625
78.7013684211 78.7212736842 1.37221249345 1.3728204076299999 0.000244140625
78.7212736842 78.741178947400002 1.37220458273 1.3728124934499999 0.000244140625
78.741178947400002 78.761084210500002 1.3721966754699999 1.3728045827299999 0.000244140625
78.761084210500002 78.780989473700004 1.3721887716600001 1.3727966754700001 0.000244140625
78.780989473700004 78.800894736800004 1.3721808713100001 1.37278877166 0.000244140625
78.800894736800004 78.820800000000006 1.37217297441 1.37278087131 0.000244140625
78.820800000000006 78.840705263199993 1.3721650809499999 1.3727729744099999 0.000244140625
78.840705263199993 78.860610526299993 1.3721571909400001 1.37276508095 0.000244140625
78.860610526299993 78.880515789499995 1.3721493043799999 1.37275719094 0.000244140625
78.880515789499995 78.900421052599995 1.37214142126 1.3727493043800001 0.000244140625
78.900421052599995 78.920326315799997 1.37213354157 1.37274142126 0.000244140625
78.920326315799997 78.940231578899997 1.37212566533 1.3727335415699999 0.000244140625
78.940231578899997 78.960136842099999 1.3721177925200001 1.37272566533 0.000244140625
78.960136842099999 78.980042105300001 1.37210992314 1.37271779252 0.000244140625
78.980042105300001 78.999947368400001 1.37210205719 1.37270992314 0.000244140625
78.999947368400001 79.019852631600003 1.37209419467 1.3727020571899999 0.000244140625
79.019852631600003 79.039757894700003 1.3720863355699999 1.37269419467 0.000244140625
79.039757894700003 79.059663157900005 1.3720784799000001 1.3726863355700001 0.000244140625
79.059663157900005 79.079568421100007 1.3720706276500001 1.3726784799 0.000244140625
79.079568421100007 79.099473684200007 1.3720627788099999 1.37267062765 0.000244140625
79.099473684200007 79.119378947399994 1.3720549333900001 1.3726627788100001 0.000244140625
79.119378947399994 79.139284210499994 1.37204709139 1.37265493339 0.000244140625
79.139284210499994 79.159189473699996 1.3720392528000001 1.37264709139 0.000244140625
79.159189473699996 79.179094736799996 1.3720314176099999 1.3726392528 0.000244140625
79.179094736799996 79.198999999999998 1.3720235858400001 1.3726314176100001 0.000244140625
79.198999999999998 79.2189052632 1.37201575746 1.37262358584 0.000244140625
79.2189052632 79.2388105263 1.3720079324900001 1.37261575746 0.000244140625
79.2388105263 79.258715789500002 1.37200011092 1.37260793249 0.000244140625
79.258715789500002 79.278621052600002 1.3719922927499999 1.3726001109199999 0.000244140625
79.278621052600002 79.298526315800004 1.3719844779699999 1.3725922927500001 0.000244140625
79.298526315800004 79.318431578900004 1.3719766665899999 1.37258447797 0.000244140625
79.318431578900004 79.338336842100006 1.3719688585900001 1.3725766665900001 0.000244140625
79.338336842100006 79.358242105299993 1.37196105399 1.37256885859 0.000244140625
79.358242105299993 79.378147368399993 1.37195325277 1.3725610539899999 0.000244140625
79.378147368399993 79.398052631599995 1.3719454549300001 1.37255325277 0.000244140625
79.398052631599995 79.417957894699995 1.37193766048 1.37254545493 0.000244140625
79.417957894699995 79.437863157899997 1.3719298693999999 1.3725376604799999 0.000244140625
79.437863157899997 79.457768421099999 1.37192208171 1.3725298694000001 0.000244140625
79.457768421099999 79.477673684199999 1.37191429738 1.3725220817099999 0.000244140625
79.477673684199999 79.497578947400001 1.3719065164299999 1.37251429738 0.000244140625
79.497578947400001 79.517484210500001 1.3718987388499999 1.3725065164300001 0.000244140625
79.517484210500001 79.537389473700003 1.3718909646399999 1.3724987388500001 0.000244140625
79.537389473700003 79.557294736800003 1.37188319379 1.3724909646400001 0.000244140625
79.557294736800003 79.577200000000005 1.3718754263099999 1.3724831937899999 0.000244140625
79.577200000000005 79.597105263200007 1.3718676621899999 1.3724754263100001 0.000244140625
79.597105263200007 79.617010526300007 1.3718599014199999 1.37246766219 0.000244140625
79.617010526300007 79.636915789499994 1.37185214401 1.3724599014200001 0.000244140625
79.636915789499994 79.656821052599994 1.3718443899599999 1.3724521440099999 0.000244140625
79.656821052599994 79.676726315799996 1.3718366392600001 1.3724443899600001 0.000244140625
79.676726315799996 79.696631578899996 1.3718288919099999 1.37243663926 0.000244140625
79.696631578899996 79.716536842099998 1.37182114791 1.3724288919100001 0.000244140625
79.716536842099998 79.7364421053 1.3718134072499999 1.3724211479099999 0.000244140625
79.7364421053 79.7563473684 1.3718056699300001 1.3724134072500001 0.000244140625
79.7563473684 79.776252631600002 1.3717979359600001 1.37240566993 0.000244140625
79.776252631600002 79.796157894700002 1.37179020532 1.37239793596 0.000244140625
79.796157894700002 79.816063157900004 1.3717824780200001 1.3723902053199999 0.000244140625
79.816063157900004 79.835968421100006 1.37177475406 1.37238247802 0.000244140625
79.835968421100006 79.855873684200006 1.3717670334200001 1.37237475406 0.000244140625
79.855873684200006 79.875778947399994 1.3717593161199999 1.37236703342 0.000244140625
79.875778947399994 79.895684210499994 1.37175160214 1.3723593161200001 0.000244140625
79.895684210499994 79.915589473699995 1.37174389149 1.37235160214 0.000244140625
79.915589473699995 79.935494736799996 1.37173618416 1.3723438914899999 0.000244140625
79.935494736799996 79.955399999999997 1.37172848015 1.3723361841599999 0.000244140625
79.955399999999997 79.975305263199999 1.3717207794599999 1.37232848015 0.000244140625
79.975305263199999 79.995210526299999 1.3717130820900001 1.3723207794600001 0.000244140625
79.995210526299999 80.015115789500001 1.3717053880300001 1.37231308209 0.000244140625
80.015115789500001 80.035021052600001 1.3716976972799999 1.37230538803 0.000244140625
80.035021052600001 80.054926315800003 1.37169000984 1.3722976972800001 0.000244140625
80.054926315800003 80.074831578900003 1.3716823257099999 1.3722900098399999 0.000244140625
80.074831578900003 80.094736842100005 1.3716746448799999 1.3722823257100001 0.000244140625
80.094736842100005 80.114642105300007 1.3716669673599999 1.3722746448800001 0.000244140625
80.114642105300007 80.134547368400007 1.37165929314 1.3722669673600001 0.000244140625
80.134547368400007 80.154452631599995 1.3716516222199999 1.3722592931399999 0.000244140625
80.154452631599995 80.174357894699995 1.3716439545900001 1.3722516222200001 0.000244140625
80.174357894699995 80.194263157899996 1.3716362902499999 1.37224395459 0.000244140625
80.194263157899996 80.214168421099998 1.3716286292099999 1.37223629025 0.000244140625
80.214168421099998 80.234073684199998 1.3716209714600001 1.3722286292100001 0.000244140625
80.234073684199998 80.2539789474 1.371613317 1.37222097146 0.000244140625
80.2539789474 80.2738842105 1.37160566582 1.3722133169999999 0.000244140625
80.2738842105 80.293789473700002 1.37159801792 1.3722056658199999 0.000244140625
80.293789473700002 80.313694736800002 1.3715903733100001 1.37219801792 0.000244140625
80.313694736800002 80.333600000000004 1.37158273197 1.37219037331 0.000244140625
80.333600000000004 80.353505263200006 1.37157509391 1.37218273197 0.000244140625
80.353505263200006 80.373410526300006 1.37156745912 1.3721750939099999 0.000244140625
80.373410526300006 80.393315789499994 1.3715598276100001 1.3721674591199999 0.000244140625
80.393315789499994 80.413221052599994 1.3715521993699999 1.37215982761 0.000244140625
80.413221052599994 80.433126315799996 1.3715445743900001 1.3721521993700001 0.000244140625
80.433126315799996 80.453031578899996 1.3715369526800001 1.37214457439 0.000244140625
80.453031578899996 80.472936842099998 1.3715293342299999 1.37213695268 0.000244140625
80.472936842099998 80.492842105299999 1.37152171905 1.3721293342300001 0.000244140625
80.492842105299999 80.512747368399999 1.3715141071200001 1.3721217190499999 0.000244140625
80.512747368399999 80.532652631600001 1.3715064984500001 1.37211410712 0.000244140625
80.532652631600001 80.552557894700001 1.3714988930300001 1.37210649845 0.000244140625
80.552557894700001 80.572463157900003 1.3714912908700001 1.37209889303 0.000244140625
80.572463157900003 80.592368421100005 1.37148369196 1.37209129087 0.000244140625
80.592368421100005 80.612273684200005 1.3714760962999999 1.3720836919599999 0.000244140625
80.612273684200005 80.632178947400007 1.3714685038800001 1.3720760963 0.000244140625
80.632178947400007 80.652084210500007 1.3714609147100001 1.37206850388 0.000244140625
80.652084210500007 80.671989473699995 1.3714533287699999 1.37206091471 0.000244140625
80.671989473699995 80.691894736799995 1.37144574608 1.3720533287700001 0.000244140625
80.691894736799995 80.711799999999997 1.37143816663 1.37204574608 0.000244140625
80.711799999999997 80.731705263199999 1.3714305904099999 1.3720381666299999 0.000244140625
80.731705263199999 80.751610526299999 1.3714230174199999 1.3720305904100001 0.000244140625
80.751610526299999 80.7715157895 1.37141544766 1.3720230174200001 0.000244140625
80.7715157895 80.791421052600001 1.3714078811399999 1.3720154476599999 0.000244140625
80.791421052600001 80.811326315800002 1.37140031784 1.3720078811400001 0.000244140625
80.811326315800002 80.831231578900002 1.37139275776 1.37200031784 0.000244140625
80.831231578900002 80.851136842100004 1.37138520091 1.37199275776 0.000244140625
80.851136842100004 80.871042105300006 1.3713776472799999 1.37198520091 0.000244140625
80.871042105300006 80.890947368400006 1.37137009686 1.37197764728 0.000244140625
80.890947368400006 80.910852631599994 1.3713625496599999 1.3719700968599999 0.000244140625
80.910852631599994 80.930757894699994 1.3713550056799999 1.3719625496600001 0.000244140625
80.930757894699994 80.950663157899996 1.3713474649099999 1.3719550056800001 0.000244140625
80.950663157899996 80.970568421099998 1.37133992734 1.3719474649100001 0.000244140625
80.970568421099998 80.990473684199998 1.3713323929900001 1.3719399273399999 0.000244140625
80.990473684199998 81.0103789474 1.37132486184 1.37193239299 0.000244140625
81.0103789474 81.0302842105 1.37131733389 1.37192486184 0.000244140625
81.0302842105 81.050189473700001 1.37130980915 1.3719173338899999 0.000244140625
81.050189473700001 81.070094736800002 1.3713022876000001 1.3719098091499999 0.000244140625
81.070094736800002 81.090000000000003 1.3712947692499999 1.3719022876 0.000244140625
81.090000000000003 81.109905263200005 1.3712872541000001 1.3718947692500001 0.000244140625
81.109905263200005 81.129810526300005 1.37127974213 1.3718872541 0.000244140625
81.129810526300005 81.149715789499993 1.37127223336 1.37187974213 0.000244140625
81.149715789499993 81.169621052599993 1.3712647277800001 1.37187223336 0.000244140625
81.169621052599993 81.189526315799995 1.3712572253799999 1.37186472778 0.000244140625
81.189526315799995 81.209431578899995 1.3712497261700001 1.3718572253800001 0.000244140625
81.209431578899995 81.229336842099997 1.37124223014 1.37184972617 0.000244140625
81.229336842099997 81.249242105299999 1.37123473729 1.37184223014 0.000244140625
81.249242105299999 81.269147368399999 1.37122724762 1.3718347372899999 0.000244140625
81.269147368399999 81.289052631600001 1.3712197611200001 1.37182724762 0.000244140625
81.289052631600001 81.308957894700001 1.3712122778 1.37181976112 0.000244140625
81.308957894700001 81.328863157900003 1.3712047976499999 1.3718122777999999 0.000244140625
81.328863157900003 81.348768421100004 1.3711973206700001 1.3718047976500001 0.000244140625
81.348768421100004 81.368673684200004 1.3711898468499999 1.37179732067 0.000244140625
81.368673684200004 81.388578947400006 1.3711823761999999 1.37178984685 0.000244140625
81.388578947400006 81.408484210500006 1.37117490872 1.3717823762000001 0.000244140625
81.408484210500006 81.428389473699994 1.3711674443899999 1.37177490872 0.000244140625
81.428389473699994 81.448294736799994 1.3711599832300001 1.3717674443900001 0.000244140625
81.448294736799994 81.468199999999996 1.3711525252200001 1.37175998323 0.000244140625
81.468199999999996 81.488105263199998 1.3711450703700001 1.37175252522 0.000244140625
81.488105263199998 81.508010526299998 1.3711376186699999 1.37174507037 0.000244140625
81.508010526299998 81.5279157895 1.37113017012 1.3717376186700001 0.000244140625
81.5279157895 81.5478210526 1.37112272472 1.37173017012 0.000244140625
81.5478210526 81.567726315800002 1.3711152824699999 1.3717227247199999 0.000244140625
81.567726315800002 81.587631578900002 1.3711078433599999 1.3717152824700001 0.000244140625
81.587631578900002 81.607536842100004 1.3711004073899999 1.3717078433600001 0.000244140625
81.607536842100004 81.627442105300005 1.37109297457 1.3717004073900001 0.000244140625
81.627442105300005 81.647347368400006 1.3710855448799999 1.3716929745699999 0.000244140625
81.647347368400006 81.667252631599993 1.37107811833 1.3716855448800001 0.000244140625
81.667252631599993 81.687157894699993 1.37107069491 1.37167811833 0.000244140625
81.687157894699993 81.707063157899995 1.37106327463 1.3716706949099999 0.000244140625
81.707063157899995 81.726968421099997 1.37105585747 1.3716632746299999 0.000244140625
81.726968421099997 81.746873684199997 1.3710484434500001 1.37165585747 0.000244140625
81.746873684199997 81.766778947399999 1.37104103255 1.37164844345 0.000244140625
81.766778947399999 81.786684210499999 1.3710336247699999 1.3716410325499999 0.000244140625
81.786684210499999 81.806589473700001 1.3710262201200001 1.3716336247700001 0.000244140625
81.806589473700001 81.826494736800001 1.3710188185900001 1.37162622012 0.000244140625
81.826494736800001 81.846400000000003 1.3710114201700001 1.37161881859 0.000244140625
81.846400000000003 81.866305263200005 1.3710040248699999 1.37161142017 0.000244140625
81.866305263200005 81.886210526300005 1.37099663268 1.3716040248700001 0.000244140625
81.886210526300005 81.906115789500006 1.37098924361 1.37159663268 0.000244140625
81.906115789500006 81.926021052600007 1.3709818576399999 1.3715892436099999 0.000244140625
81.926021052600007 81.945926315799994 1.3709744747899999 1.3715818576400001 0.000244140625
81.945926315799994 81.965831578899994 1.3709670950399999 1.3715744747900001 0.000244140625
81.965831578899994 81.985736842099996 1.37095971839 1.3715670950400001 0.000244140625
81.985736842099996 82.005642105299998 1.3709523448400001 1.3715597183899999 0.000244140625
82.005642105299998 82.025547368399998 1.3709449744 1.37155234484 0.000244140625
82.025547368399998 82.0454526316 1.3709376070499999 1.3715449743999999 0.000244140625
82.0454526316 82.0653578947 1.3709302427900001 1.3715376070500001 0.000244140625
82.0653578947 82.085263157900002 1.3709228816300001 1.37153024279 0.000244140625
82.085263157900002 82.105168421100004 1.3709155235699999 1.37152288163 0.000244140625
82.105168421100004 82.125073684200004 1.37090816859 1.3715155235700001 0.000244140625
82.125073684200004 82.144978947400006 1.3709008167000001 1.3715081685899999 0.000244140625
82.144978947400006 82.164884210500006 1.37089346789 1.3715008167 0.000244140625
82.164884210500006 82.184789473699993 1.3708861221699999 1.3714934678899999 0.000244140625
82.184789473699993 82.204694736799993 1.3708787795299999 1.3714861221700001 0.000244140625
82.204694736799993 82.224599999999995 1.3708714399599999 1.3714787795300001 0.000244140625
82.224599999999995 82.244505263199997 1.37086410348 1.3714714399600001 0.000244140625
82.244505263199997 82.264410526299997 1.3708567700700001 1.3714641034799999 0.000244140625
82.264410526299997 82.284315789499999 1.37084943974 1.37145677007 0.000244140625
82.284315789499999 82.304221052599999 1.3708421124700001 1.3714494397400001 0.000244140625
82.304221052599999 82.324126315800001 1.37083478828 1.37144211247 0.000244140625
82.324126315800001 82.344031578900001 1.37082746715 1.37143478828 0.000244140625
82.344031578900001 82.363936842100003 1.3708201490900001 1.37142746715 0.000244140625
82.363936842100003 82.383842105300005 1.3708128340900001 1.37142014909 0.000244140625
82.383842105300005 82.403747368400005 1.37080552215 1.37141283409 0.000244140625
82.403747368400005 82.423652631600007 1.3707982132700001 1.3714055221499999 0.000244140625
82.423652631600007 82.443557894700007 1.37079090745 1.37139821327 0.000244140625
82.443557894700007 82.463463157899994 1.3707836046899999 1.3713909074499999 0.000244140625
82.463463157899994 82.483368421099996 1.3707763049699999 1.3713836046900001 0.000244140625
82.483368421099996 82.503273684199996 1.3707690083099999 1.3713763049700001 0.000244140625
82.503273684199996 82.523178947399998 1.3707617147 1.3713690083100001 0.000244140625
82.523178947399998 82.543084210499998 1.37075442414 1.3713617146999999 0.000244140625
82.543084210499998 82.5629894737 1.3707471366199999 1.37135442414 0.000244140625
82.5629894737 82.5828947368 1.37073985215 1.3713471366200001 0.000244140625
82.5828947368 82.602800000000002 1.37073257071 1.37133985215 0.000244140625
82.602800000000002 82.622705263200004 1.37072529232 1.3713325707099999 0.000244140625
82.622705263200004 82.642610526300004 1.37071801697 1.3713252923200001 0.000244140625
82.642610526300004 82.662515789500006 1.37071074465 1.3713180169700001 0.000244140625
82.662515789500006 82.682421052600006 1.37070347536 1.3713107446499999 0.000244140625
82.682421052600006 82.702326315799993 1.3706962090999999 1.37130347536 0.000244140625
82.702326315799993 82.722231578899994 1.37068894588 1.3712962091000001 0.000244140625
82.722231578899994 82.742136842099995 1.3706816856799999 1.3712889458799999 0.000244140625
82.742136842099995 82.762042105299997 1.3706744285100001 1.3712816856800001 0.000244140625
82.762042105299997 82.781947368399997 1.3706671743600001 1.37127442851 0.000244140625
82.781947368399997 82.801852631599999 1.3706599232400001 1.37126717436 0.000244140625
82.801852631599999 82.821757894699999 1.3706526751300001 1.37125992324 0.000244140625
82.821757894699999 82.841663157900001 1.3706454300399999 1.37125267513 0.000244140625
82.841663157900001 82.861568421100003 1.37063818797 1.3712454300400001 0.000244140625
82.861568421100003 82.881473684200003 1.3706309489099999 1.37123818797 0.000244140625
82.881473684200003 82.901378947400005 1.3706237128700001 1.3712309489100001 0.000244140625
82.901378947400005 82.921284210500005 1.37061647983 1.37122371287 0.000244140625
82.921284210500005 82.941189473700007 1.3706092498 1.3712164798299999 0.000244140625
82.941189473700007 82.961094736800007 1.37060202278 1.3712092497999999 0.000244140625
82.961094736800007 82.980999999999995 1.37059479876 1.3712020227799999 0.000244140625
82.980999999999995 83.000905263199996 1.3705875777500001 1.3711947987599999 0.000244140625
83.000905263199996 83.020810526299996 1.3705803597299999 1.37118757775 0.000244140625
83.020810526299996 83.040715789499998 1.37057314472 1.3711803597300001 0.000244140625
83.040715789499998 83.060621052599998 1.3705659326999999 1.37117314472 0.000244140625
83.060621052599998 83.0805263158 1.3705587236700001 1.3711659327000001 0.000244140625
83.0805263158 83.1004315789 1.37055151764 1.37115872367 0.000244140625
83.1004315789 83.120336842100002 1.3705443146 1.37115151764 0.000244140625
83.120336842100002 83.140242105300004 1.37053711455 1.3711443146 0.000244140625
83.140242105300004 83.160147368400004 1.3705299174800001 1.37113711455 0.000244140625
83.160147368400004 83.180052631600006 1.3705227233999999 1.37112991748 0.000244140625
83.180052631600006 83.199957894700006 1.3705155323 1.3711227234000001 0.000244140625
83.199957894700006 83.219863157899994 1.3705083441899999 1.3711155322999999 0.000244140625
83.219863157899994 83.239768421099996 1.37050115905 1.3711083441900001 0.000244140625
83.239768421099996 83.259673684199996 1.37049397689 1.37110115905 0.000244140625
83.259673684199996 83.279578947399997 1.3704867976999999 1.3710939768899999 0.000244140625
83.279578947399997 83.299484210499998 1.3704796214899999 1.3710867977000001 0.000244140625
83.299484210499998 83.319389473699999 1.3704724482499999 1.3710796214900001 0.000244140625
83.319389473699999 83.339294736799999 1.37046527798 1.3710724482500001 0.000244140625
83.339294736799999 83.359200000000001 1.37045811068 1.3710652779800001 0.000244140625
83.359200000000001 83.379105263200003 1.3704509463400001 1.3710581106799999 0.000244140625
83.379105263200003 83.399010526300003 1.37044378497 1.37105094634 0.000244140625
83.399010526300003 83.418915789500005 1.3704366265600001 1.3710437849699999 0.000244140625
83.418915789500005 83.438821052600005 1.37042947111 1.37103662656 0.000244140625
83.438821052600005 83.458726315800007 1.37042231861 1.37102947111 0.000244140625
83.458726315800007 83.478631578900007 1.3704151690799999 1.3710223186099999 0.000244140625
83.478631578900007 83.498536842099995 1.3704080224999999 1.3710151690800001 0.000244140625
83.498536842099995 83.518442105299997 1.3704008788699999 1.3710080225000001 0.000244140625
83.518442105299997 83.538347368399997 1.37039373819 1.3710008788700001 0.000244140625
83.538347368399997 83.558252631599998 1.37038660046 1.3709937381899999 0.000244140625
83.558252631599998 83.578157894699999 1.3703794656699999 1.37098660046 0.000244140625
83.578157894699999 83.5980631579 1.37037233383 1.3709794656700001 0.000244140625
83.5980631579 83.617968421100002 1.3703652049399999 1.3709723338299999 0.000244140625
83.617968421100002 83.637873684200002 1.3703580789800001 1.3709652049400001 0.000244140625
83.637873684200002 83.657778947400004 1.37035095597 1.37095807898 0.000244140625
83.657778947400004 83.677684210500004 1.37034383589 1.3709509559699999 0.000244140625
83.677684210500004 83.697589473700006 1.37033671874 1.3709438358899999 0.000244140625
83.697589473700006 83.717494736800006 1.37032960453 1.3709367187399999 0.000244140625
83.717494736800006 83.737399999999994 1.37032249326 1.3709296045299999 0.000244140625
83.737399999999994 83.757305263199996 1.37031538491 1.3709224932599999 0.000244140625
83.757305263199996 83.777210526299996 1.3703082794899999 1.37091538491 0.000244140625
83.777210526299996 83.797115789499998 1.37030117699 1.37090827949 0.000244140625
83.797115789499998 83.817021052599998 1.3702940774200001 1.3709011769899999 0.000244140625
83.817021052599998 83.8369263158 1.37028698078 1.37089407742 0.000244140625
83.8369263158 83.8568315789 1.3702798870499999 1.3708869807799999 0.000244140625
83.8568315789 83.876736842100001 1.3702727962400001 1.3708798870500001 0.000244140625
83.876736842100001 83.896642105300003 1.3702657083500001 1.37087279624 0.000244140625
83.896642105300003 83.916547368400003 1.37025862337 1.37086570835 0.000244140625
83.916547368400003 83.936452631600005 1.37025154131 1.37085862337 0.000244140625
83.936452631600005 83.956357894700005 1.3702444621500001 1.37085154131 0.000244140625
83.956357894700005 83.976263157899993 1.3702373859100001 1.37084446215 0.000244140625
83.976263157899993 83.996168421099995 1.3702303125699999 1.37083738591 0.000244140625
83.996168421099995 84.016073684199995 1.37022324214 1.3708303125700001 0.000244140625
84.016073684199995 84.035978947399997 1.3702161746099999 1.37082324214 0.000244140625
84.035978947399997 84.055884210499997 1.37020910999 1.37081617461 0.000244140625
84.055884210499997 84.075789473699999 1.3702020482599999 1.3708091099899999 0.000244140625
84.075789473699999 84.095694736799999 1.3701949894400001 1.3708020482600001 0.000244140625
84.095694736799999 84.115600000000001 1.3701879335 1.37079498944 0.000244140625
84.115600000000001 84.135505263200002 1.37018088047 1.3707879334999999 0.000244140625
84.135505263200002 84.155410526300003 1.37017383032 1.3707808804699999 0.000244140625
84.155410526300003 84.175315789500004 1.3701667830699999 1.3707738303200001 0.000244140625
84.175315789500004 84.195221052600004 1.3701597387 1.3707667830700001 0.000244140625
84.195221052600004 84.215126315800006 1.37015269723 1.3707597386999999 0.000244140625
84.215126315800006 84.235031578900006 1.37014565863 1.3707526972299999 0.000244140625
84.235031578900006 84.254936842099994 1.3701386229300001 1.37074565863 0.000244140625
84.254936842099994 84.274842105299996 1.3701315901 1.37073862293 0.000244140625
84.274842105299996 84.294747368399996 1.3701245601500001 1.3707315900999999 0.000244140625
84.294747368399996 84.314652631599998 1.3701175330799999 1.37072456015 0.000244140625
84.314652631599998 84.334557894699998 1.3701105088800001 1.3707175330800001 0.000244140625
84.334557894699998 84.3544631579 1.37010348756 1.37071050888 0.000244140625
84.3544631579 84.374368421100002 1.3700964691199999 1.3707034875599999 0.000244140625
84.374368421100002 84.394273684200002 1.3700894535399999 1.3706964691200001 0.000244140625
84.394273684200002 84.414178947400003 1.3700824408300001 1.37068945354 0.000244140625
84.414178947400003 84.434084210500004 1.3700754309900001 1.37068244083 0.000244140625
84.434084210500004 84.453989473700005 1.3700684240100001 1.37067543099 0.000244140625
84.453989473700005 84.473894736800005 1.3700614199000001 1.37066842401 0.000244140625
84.473894736800005 84.493799999999993 1.3700544186500001 1.3706614199 0.000244140625
84.493799999999993 84.513705263199995 1.3700474202599999 1.37065441865 0.000244140625
84.513705263199995 84.533610526299995 1.37004042472 1.3706474202600001 0.000244140625
84.533610526299995 84.553515789499997 1.3700334320400001 1.3706404247199999 0.000244140625
84.553515789499997 84.573421052599997 1.3700264422199999 1.37063343204 0.000244140625
84.573421052599997 84.593326315799999 1.37001945525 1.3706264422200001 0.000244140625
84.593326315799999 84.613231578899999 1.3700124711199999 1.37061945525 0.000244140625
84.613231578899999 84.633136842100001 1.37000548985 1.3706124711200001 0.000244140625
84.633136842100001 84.653042105300003 1.36999851143 1.37060548985 0.000244140625
84.653042105300003 84.672947368400003 1.3699915358400001 1.3705985114300001 0.000244140625
84.672947368400003 84.692852631600005 1.3699845631100001 1.37059153584 0.000244140625
84.692852631600005 84.712757894700005 1.36997759321 1.37058456311 0.000244140625
84.712757894700005 84.732663157900006 1.36997062615 1.3705775932099999 0.000244140625
84.732663157900006 84.752568421099994 1.36996366194 1.3705706261499999 0.000244140625
84.752568421099994 84.772473684199994 1.36995670055 1.3705636619399999 0.000244140625
84.772473684199994 84.792378947399996 1.36994974201 1.3705567005499999 0.000244140625
84.792378947399996 84.812284210499996 1.36994278629 1.3705497420099999 0.000244140625
84.812284210499996 84.832189473699998 1.36993583341 1.3705427862899999 0.000244140625
84.832189473699998 84.852094736799998 1.3699288833500001 1.37053583341 0.000244140625
84.852094736799998 84.872 1.3699219361199999 1.37052888335 0.000244140625
84.872 84.891905263200002 1.36991499172 1.3705219361200001 0.000244140625
84.891905263200002 84.911810526300002 1.3699080501400001 1.3705149917199999 0.000244140625
84.911810526300002 84.931715789500004 1.3699011113799999 1.37050805014 0.000244140625
84.931715789500004 84.951621052600004 1.36989417544 1.3705011113800001 0.000244140625
84.951621052600004 84.971526315800006 1.3698872423199999 1.37049417544 0.000244140625
84.971526315800006 84.991431578900006 1.36988031202 1.3704872423200001 0.000244140625
84.991431578900006 85.011336842099993 1.36987338453 1.37048031202 0.000244140625
85.011336842099993 85.031242105299995 1.3698664598500001 1.3704733845299999 0.000244140625
85.031242105299995 85.051147368399995 1.36985953799 1.37046645985 0.000244140625
85.051147368399995 85.071052631599997 1.36985261893 1.37045953799 0.000244140625
85.071052631599997 85.090957894699997 1.3698457026899999 1.3704526189299999 0.000244140625
85.090957894699997 85.110863157899999 1.3698387892399999 1.3704457026900001 0.000244140625
85.110863157899999 85.130768421100001 1.3698318786100001 1.3704387892400001 0.000244140625
85.130768421100001 85.150673684200001 1.3698249707700001 1.37043187861 0.000244140625
85.150673684200001 85.170578947400003 1.3698180657400001 1.37042497077 0.000244140625
85.170578947400003 85.190484210500003 1.3698111635000001 1.37041806574 0.000244140625
85.190484210500003 85.210389473700005 1.3698042640600001 1.3704111635 0.000244140625
85.210389473700005 85.230294736800005 1.3697973674099999 1.37040426406 0.000244140625
85.230294736800005 85.250200000000007 1.3697904735599999 1.3703973674100001 0.000244140625
85.250200000000007 85.270105263199994 1.3697835825 1.3703904735600001 0.000244140625
85.270105263199994 85.290010526299994 1.36977669423 1.3703835824999999 0.000244140625
85.290010526299994 85.309915789499996 1.3697698087500001 1.37037669423 0.000244140625
85.309915789499996 85.329821052599996 1.3697629260599999 1.37036980875 0.000244140625
85.329821052599996 85.349726315799998 1.36975604615 1.3703629260600001 0.000244140625
85.349726315799998 85.369631578899998 1.3697491690200001 1.37035604615 0.000244140625
85.369631578899998 85.3895368421 1.36974229467 1.37034916902 0.000244140625
85.3895368421 85.409442105300002 1.3697354231100001 1.3703422946699999 0.000244140625
85.409442105300002 85.429347368400002 1.36972855432 1.37033542311 0.000244140625
85.429347368400002 85.449252631600004 1.3697216883000001 1.3703285543199999 0.000244140625
85.449252631600004 85.469157894700004 1.36971482507 1.3703216883 0.000244140625
85.469157894700004 85.489063157900006 1.3697079646000001 1.3703148250699999 0.000244140625
85.489063157900006 85.508968421099993 1.3697011069 1.3703079646 0.000244140625
85.508968421099993 85.528873684199993 1.3696942519799999 1.3703011069 0.000244140625
85.528873684199993 85.548778947399995 1.3696873998200001 1.3702942519800001 0.000244140625
85.548778947399995 85.568684210499995 1.36968055042 1.37028739982 0.000244140625
85.568684210499995 85.588589473699997 1.36967370379 1.37028055042 0.000244140625
85.588589473699997 85.608494736799997 1.3696668599199999 1.3702737037899999 0.000244140625
85.608494736799997 85.628399999999999 1.3696600188100001 1.3702668599200001 0.000244140625
85.628399999999999 85.648305263200001 1.3696531804600001 1.37026001881 0.000244140625
85.648305263200001 85.668210526300001 1.36964634487 1.37025318046 0.000244140625
85.668210526300001 85.688115789500003 1.36963951203 1.37024634487 0.000244140625
85.688115789500003 85.708021052600003 1.36963268195 1.3702395120299999 0.000244140625
85.708021052600003 85.727926315800005 1.36962585461 1.3702326819499999 0.000244140625
85.727926315800005 85.747831578900005 1.36961903003 1.3702258546099999 0.000244140625
85.747831578900005 85.767736842100007 1.3696122082 1.3702190300299999 0.000244140625
85.767736842100007 85.787642105299994 1.36960538911 1.3702122081999999 0.000244140625
85.787642105299994 85.807547368399995 1.36959857276 1.3702053891099999 0.000244140625
85.807547368399995 85.827452631599996 1.36959175916 1.3701985727599999 0.000244140625
85.827452631599996 85.847357894699996 1.3695849483 1.3701917591599999 0.000244140625
85.847357894699996 85.867263157899998 1.36957814018 1.3701849482999999 0.000244140625
85.867263157899998 85.8871684211 1.3695713348 1.3701781401799999 0.000244140625
85.8871684211 85.9070736842 1.3695645321600001 1.3701713348 0.000244140625
85.9070736842 85.926978947400002 1.3695577322400001 1.37016453216 0.000244140625
85.926978947400002 85.946884210500002 1.3695509350699999 1.37015773224 0.000244140625
85.946884210500002 85.966789473700004 1.36954414062 1.3701509350700001 0.000244140625
85.966789473700004 85.986694736800004 1.3695373489 1.3701441406199999 0.000244140625
85.986694736800004 86.006600000000006 1.3695305599100001 1.3701373488999999 0.000244140625
86.006600000000006 86.026505263199994 1.3695237736400001 1.37013055991 0.000244140625
86.026505263199994 86.046410526299994 1.3695169900999999 1.37012377364 0.000244140625
86.046410526299994 86.066315789499996 1.36951020929 1.3701169901000001 0.000244140625
86.066315789499996 86.086221052599996 1.3695034311900001 1.3701102092899999 0.000244140625
86.086221052599996 86.106126315799997 1.3694966558099999 1.37010343119 0.000244140625
86.106126315799997 86.126031578899997 1.36948988315 1.3700966558100001 0.000244140625
86.126031578899997 86.145936842099999 1.3694831132 1.3700898831499999 0.000244140625
86.145936842099999 86.165842105300001 1.3694763459699999 1.3700831132 0.000244140625
86.165842105300001 86.185747368400001 1.36946958145 1.3700763459700001 0.000244140625
86.185747368400001 86.205652631600003 1.3694628196500001 1.3700695814499999 0.000244140625
86.205652631600003 86.225557894700003 1.3694560605499999 1.37006281965 0.000244140625
86.225557894700003 86.245463157900005 1.36944930416 1.3700560605500001 0.000244140625
86.245463157900005 86.265368421100007 1.3694425504700001 1.3700493041599999 0.000244140625
86.265368421100007 86.285273684200007 1.3694357994899999 1.37004255047 0.000244140625
86.285273684200007 86.305178947399995 1.36942905121 1.3700357994900001 0.000244140625
86.305178947399995 86.325084210499995 1.3694223056299999 1.37002905121 0.000244140625
86.325084210499995 86.344989473699997 1.36941556275 1.37002230563 0.000244140625
86.344989473699997 86.364894736799997 1.3694088225700001 1.3700155627499999 0.000244140625
86.364894736799997 86.384799999999998 1.3694020850799999 1.37000882257 0.000244140625
86.384799999999998 86.4047052632 1.36939535028 1.3700020850800001 0.000244140625
86.4047052632 86.4246105263 1.3693886181799999 1.36999535028 0.000244140625
86.4246105263 86.444515789500002 1.36938188877 1.3699886181800001 0.000244140625
86.444515789500002 86.464421052600002 1.3693751620500001 1.3699818887699999 0.000244140625
86.464421052600002 86.484326315800004 1.36936843801 1.36997516205 0.000244140625
86.484326315800004 86.504231578900004 1.3693617166600001 1.3699684380099999 0.000244140625
86.504231578900004 86.524136842100006 1.3693549979999999 1.36996171666 0.000244140625
86.524136842100006 86.544042105299994 1.36934828201 1.3699549980000001 0.000244140625
86.544042105299994 86.563947368399994 1.3693415687099999 1.36994828201 0.000244140625
86.563947368399994 86.583852631599996 1.36933485809 1.3699415687100001 0.000244140625
86.583852631599996 86.603757894699996 1.3693281501400001 1.3699348580899999 0.000244140625
86.603757894699996 86.623663157899998 1.36932144487 1.36992815014 0.000244140625
86.623663157899998 86.643568421099999 1.3693147422700001 1.3699214448699999 0.000244140625
86.643568421099999 86.6634736842 1.3693080423399999 1.36991474227 0.000244140625
86.6634736842 86.683378947400001 1.36930134509 1.3699080423400001 0.000244140625
86.683378947400001 86.703284210500001 1.3692946505000001 1.3699013450899999 0.000244140625
86.703284210500001 86.723189473700003 1.36928795858 1.3698946505 0.000244140625
86.723189473700003 86.743094736800003 1.3692812693300001 1.3698879585799999 0.000244140625
86.743094736800003 86.763000000000005 1.3692745827399999 1.36988126933 0.000244140625
86.763000000000005 86.782905263200007 1.36926789881 1.3698745827400001 0.000244140625
86.782905263200007 86.802810526299993 1.3692612175400001 1.3698678988099999 0.000244140625
86.802810526299993 86.822715789499995 1.3692545389399999 1.36986121754 0.000244140625
86.822715789499995 86.842621052599995 1.36924786298 1.3698545389400001 0.000244140625
86.842621052599995 86.862526315799997 1.3692411896900001 1.3698478629799999 0.000244140625
86.862526315799997 86.882431578899997 1.3692345190499999 1.36984118969 0.000244140625
86.882431578899997 86.902336842099999 1.36922785106 1.3698345190500001 0.000244140625
86.902336842099999 86.922242105300001 1.3692211857200001 1.3698278510599999 0.000244140625
86.922242105300001 86.942147368400001 1.3692145230299999 1.36982118572 0.000244140625
86.942147368400001 86.962052631600002 1.36920786299 1.3698145230300001 0.000244140625
86.962052631600002 86.981957894700002 1.3692012056 1.3698078629899999 0.000244140625
86.981957894700002 87.001863157900004 1.3691945508500001 1.3698012056 0.000244140625
87.001863157900004 87.021768421100006 1.3691878987399999 1.36979455085 0.000244140625
87.021768421100006 87.041673684200006 1.36918124927 1.3697878987400001 0.000244140625
87.041673684200006 87.061578947399994 1.36917460244 1.3697812492699999 0.000244140625
87.061578947399994 87.081484210499994 1.36916795825 1.3697746024399999 0.000244140625
87.081484210499994 87.101389473699996 1.3691613167000001 1.36976795825 0.000244140625
87.101389473699996 87.121294736799996 1.3691546777800001 1.3697613167 0.000244140625
87.121294736799996 87.141199999999998 1.3691480414899999 1.36975467778 0.000244140625
87.141199999999998 87.1611052632 1.3691414078399999 1.3697480414900001 0.000244140625
87.1611052632 87.1810105263 1.36913477681 1.3697414078400001 0.000244140625
87.1810105263 87.200915789500002 1.36912814841 1.3697347768100001 0.000244140625
87.200915789500002 87.220821052600002 1.36912152264 1.3697281484099999 0.000244140625
87.220821052600002 87.240726315800003 1.36911489949 1.3697215226399999 0.000244140625
87.240726315800003 87.260631578900004 1.36910827897 1.3697148994899999 0.000244140625
87.260631578900004 87.280536842100005 1.36910166106 1.3697082789699999 0.000244140625
87.280536842100005 87.300442105299993 1.36909504578 1.3697016610599999 0.000244140625
87.300442105299993 87.320347368399993 1.3690884331199999 1.3696950457799999 0.000244140625
87.320347368399993 87.340252631599995 1.3690818230699999 1.3696884331200001 0.000244140625
87.340252631599995 87.360157894699995 1.3690752156399999 1.3696818230700001 0.000244140625
87.360157894699995 87.380063157899997 1.3690686108200001 1.3696752156400001 0.000244140625
87.380063157899997 87.399968421099999 1.36906200861 1.36966861082 0.000244140625
87.399968421099999 87.419873684199999 1.36905540901 1.36966200861 0.000244140625
87.419873684199999 87.439778947400001 1.3690488120199999 1.3696554090099999 0.000244140625
87.439778947400001 87.459684210500001 1.3690422176399999 1.3696488120200001 0.000244140625
87.459684210500001 87.479589473700003 1.3690356258700001 1.36964221764 0.000244140625
87.479589473700003 87.499494736800003 1.36902903669 1.36963562587 0.000244140625
87.499494736800003 87.519400000000005 1.3690224501199999 1.3696290366899999 0.000244140625
87.519400000000005 87.539305263200006 1.36901586615 1.3696224501200001 0.000244140625
87.539305263200006 87.559210526300006 1.3690092847799999 1.36961586615 0.000244140625
87.559210526300006 87.579115789499994 1.3690027060100001 1.3696092847800001 0.000244140625
87.579115789499994 87.599021052599994 1.36899612983 1.36960270601 0.000244140625
87.599021052599994 87.618926315799996 1.3689895562500001 1.3695961298299999 0.000244140625
87.618926315799996 87.638831578899996 1.36898298526 1.36958955625 0.000244140625
87.638831578899996 87.658736842099998 1.36897641686 1.3695829852600001 0.000244140625
87.658736842099998 87.6786421053 1.3689698510499999 1.36957641686 0.000244140625
87.6786421053 87.6985473684 1.36896328783 1.3695698510500001 0.000244140625
87.6985473684 87.718452631600002 1.3689567271900001 1.3695632878299999 0.000244140625
87.718452631600002 87.738357894700002 1.3689501691399999 1.36955672719 0.000244140625
87.738357894700002 87.758263157900004 1.3689436136699999 1.3695501691400001 0.000244140625
87.758263157900004 87.778168421100006 1.36893706079 1.3695436136700001 0.000244140625
87.778168421100006 87.798073684200006 1.36893051048 1.3695370607899999 0.000244140625
87.798073684200006 87.817978947399993 1.3689239627500001 1.36953051048 0.000244140625
87.817978947399993 87.837884210499993 1.3689174176000001 1.36952396275 0.000244140625
87.837884210499993 87.857789473699995 1.3689108750300001 1.3695174176 0.000244140625
87.857789473699995 87.877694736799995 1.3689043350200001 1.36951087503 0.000244140625
87.877694736799995 87.897599999999997 1.3688977975900001 1.36950433502 0.000244140625
87.897599999999997 87.917505263199999 1.3688912627300001 1.36949779759 0.000244140625
87.917505263199999 87.937410526299999 1.36888473044 1.36949126273 0.000244140625
87.937410526299999 87.957315789500001 1.36887820072 1.36948473044 0.000244140625
87.957315789500001 87.977221052600001 1.3688716735599999 1.3694782007199999 0.000244140625
87.977221052600001 87.997126315800003 1.3688651489699999 1.3694716735600001 0.000244140625
87.997126315800003 88.017031578900003 1.36885862694 1.36946514897 0.000244140625
88.017031578900003 88.036936842100005 1.36885210747 1.36945862694 0.000244140625
88.036936842100005 88.056842105300007 1.3688455905600001 1.3694521074699999 0.000244140625
88.056842105300007 88.076747368400007 1.36883907621 1.36944559056 0.000244140625
88.076747368400007 88.096652631599994 1.3688325644099999 1.3694390762099999 0.000244140625
88.096652631599994 88.116557894699994 1.36882605517 1.3694325644100001 0.000244140625
88.116557894699994 88.136463157899996 1.3688195484900001 1.3694260551699999 0.000244140625
88.136463157899996 88.156368421099998 1.36881304435 1.36941954849 0.000244140625
88.156368421099998 88.176273684199998 1.36880654277 1.3694130443500001 0.000244140625
88.176273684199998 88.1961789474 1.3688000437300001 1.36940654277 0.000244140625
88.1961789474 88.2160842105 1.3687935472399999 1.36940004373 0.000244140625
88.2160842105 88.235989473700002 1.3687870532999999 1.3693935472400001 0.000244140625
88.235989473700002 88.255894736800002 1.3687805619 1.3693870533000001 0.000244140625
88.255894736800002 88.275800000000004 1.36877407304 1.3693805618999999 0.000244140625
88.275800000000004 88.295705263200006 1.36876758672 1.3693740730399999 0.000244140625
88.295705263200006 88.315610526300006 1.36876110294 1.3693675867199999 0.000244140625
88.315610526300006 88.335515789499993 1.36875462171 1.3693611029399999 0.000244140625
88.335515789499993 88.355421052599993 1.3687481429999999 1.3693546217100001 0.000244140625
88.355421052599993 88.375326315799995 1.3687416668300001 1.3693481430000001 0.000244140625
88.375326315799995 88.395231578899995 1.3687351932 1.36934166683 0.000244140625
88.395231578899995 88.415136842099997 1.3687287221 1.3693351932 0.000244140625
88.415136842099997 88.435042105299999 1.3687222535200001 1.3693287220999999 0.000244140625
88.435042105299999 88.454947368399999 1.36871578748 1.36932225352 0.000244140625
88.454947368399999 88.474852631600001 1.3687093239599999 1.3693157874799999 0.000244140625
88.474852631600001 88.494757894700001 1.36870286297 1.36930932396 0.000244140625
88.494757894700001 88.514663157900003 1.3686964045000001 1.3693028629699999 0.000244140625
88.514663157900003 88.534568421100005 1.3686899485499999 1.3692964045 0.000244140625
88.534568421100005 88.554473684200005 1.36868349513 1.3692899485500001 0.000244140625
88.554473684200005 88.574378947400007 1.36867704422 1.3692834951299999 0.000244140625
88.574378947400007 88.594284210500007 1.3686705958300001 1.36927704422 0.000244140625
88.594284210500007 88.614189473699994 1.3686641499600001 1.36927059583 0.000244140625
88.614189473699994 88.634094736799995 1.3686577066100001 1.36926414996 0.000244140625
88.634094736799995 88.653999999999996 1.3686512657600001 1.36925770661 0.000244140625
88.653999999999996 88.673905263199998 1.36864482743 1.36925126576 0.000244140625
88.673905263199998 88.693810526299998 1.36863839161 1.36924482743 0.000244140625
88.693810526299998 88.7137157895 1.3686319583 1.3692383916099999 0.000244140625
88.7137157895 88.7336210526 1.3686255274900001 1.3692319583000001 0.000244140625
88.7336210526 88.753526315800002 1.36861909919 1.36922552749 0.000244140625
88.753526315800002 88.773431578900002 1.3686126733999999 1.36921909919 0.000244140625
88.773431578900002 88.793336842100004 1.3686062501 1.3692126734000001 0.000244140625
88.793336842100004 88.813242105300006 1.3685998293099999 1.3692062501 0.000244140625
88.813242105300006 88.833147368400006 1.36859341102 1.3691998293100001 0.000244140625
88.833147368400006 88.853052631599994 1.36858699522 1.3691934110199999 0.000244140625
88.853052631599994 88.872957894699994 1.3685805819300001 1.36918699522 0.000244140625
88.872957894699994 88.892863157899995 1.3685741711199999 1.36918058193 0.000244140625
88.892863157899995 88.912768421099997 1.3685677628099999 1.3691741711200001 0.000244140625
88.912768421099997 88.932673684199997 1.3685613569999999 1.3691677628100001 0.000244140625
88.932673684199997 88.952578947399999 1.3685549536699999 1.3691613570000001 0.000244140625
88.952578947399999 88.972484210499999 1.3685485528300001 1.3691549536700001 0.000244140625
88.972484210499999 88.992389473700001 1.3685421544800001 1.36914855283 0.000244140625
88.992389473700001 89.012294736800001 1.36853575862 1.36914215448 0.000244140625
89.012294736800001 89.032200000000003 1.3685293652399999 1.3691357586199999 0.000244140625
89.032200000000003 89.052105263200005 1.36852297434 1.3691293652400001 0.000244140625
89.052105263200005 89.072010526300005 1.3685165859299999 1.36912297434 0.000244140625
89.072010526300005 89.091915789500007 1.36851019999 1.3691165859300001 0.000244140625
89.091915789500007 89.111821052600007 1.3685038165400001 1.3691101999899999 0.000244140625
89.111821052600007 89.131726315799995 1.3684974355599999 1.36910381654 0.000244140625
89.131726315799995 89.151631578899995 1.36849105706 1.3690974355600001 0.000244140625
89.151631578899995 89.171536842099997 1.36848468103 1.3690910570599999 0.000244140625
89.171536842099997 89.191442105299998 1.36847830747 1.3690846810299999 0.000244140625
89.191442105299998 89.211347368399998 1.36847193638 1.3690783074699999 0.000244140625
89.211347368399998 89.2312526316 1.3684655677699999 1.3690719363799999 0.000244140625
89.2312526316 89.2511578947 1.3684592016199999 1.3690655677700001 0.000244140625
89.2511578947 89.271063157900002 1.3684528379400001 1.3690592016200001 0.000244140625
89.271063157900002 89.290968421100004 1.36844647672 1.36905283794 0.000244140625
89.290968421100004 89.310873684200004 1.3684401179700001 1.3690464767199999 0.000244140625
89.310873684200004 89.330778947400006 1.36843376168 1.36904011797 0.000244140625
89.330778947400006 89.350684210500006 1.3684274078500001 1.3690337616799999 0.000244140625
89.350684210500006 89.370589473699994 1.3684210564799999 1.36902740785 0.000244140625
89.370589473699994 89.390494736799994 1.3684147075599999 1.3690210564800001 0.000244140625
89.390494736799994 89.410399999999996 1.36840836111 1.3690147075600001 0.000244140625
89.410399999999996 89.430305263199998 1.3684020171 1.3690083611099999 0.000244140625
89.430305263199998 89.450210526299998 1.36839567556 1.3690020170999999 0.000244140625
89.450210526299998 89.470115789499999 1.3683893364599999 1.3689956755599999 0.000244140625
89.470115789499999 89.4900210526 1.3683829998099999 1.3689893364600001 0.000244140625
89.4900210526 89.509926315800001 1.36837666562 1.36898299981 0.000244140625
89.509926315800001 89.529831578900001 1.36837033387 1.36897666562 0.000244140625
89.529831578900001 89.549736842100003 1.3683640045600001 1.3689703338699999 0.000244140625
89.549736842100003 89.569642105300005 1.3683576776999999 1.36896400456 0.000244140625
89.569642105300005 89.589547368400005 1.36835135328 1.3689576777000001 0.000244140625
89.589547368400005 89.609452631600007 1.3683450313100001 1.3689513532799999 0.000244140625
89.609452631600007 89.629357894699993 1.3683387117700001 1.36894503131 0.000244140625
89.629357894699993 89.649263157899995 1.3683323946799999 1.36893871177 0.000244140625
89.649263157899995 89.669168421099997 1.3683260800199999 1.3689323946800001 0.000244140625
89.669168421099997 89.689073684199997 1.3683197677900001 1.36892608002 0.000244140625
89.689073684199997 89.708978947399999 1.36831345801 1.36891976779 0.000244140625
89.708978947399999 89.728884210499999 1.36830715065 1.36891345801 0.000244140625
89.728884210499999 89.7487894737 1.3683008457200001 1.3689071506499999 0.000244140625
89.7487894737 89.768694736800001 1.36829454323 1.36890084572 0.000244140625
89.768694736800001 89.788600000000002 1.3682882431600001 1.3688945432299999 0.000244140625
89.788600000000002 89.808505263200004 1.3682819455199999 1.36888824316 0.000244140625
89.808505263200004 89.828410526300004 1.36827565031 1.3688819455200001 0.000244140625
89.828410526300004 89.848315789500006 1.36826935752 1.3688756503099999 0.000244140625
89.848315789500006 89.868221052600006 1.36826306715 1.3688693575199999 0.000244140625
89.868221052600006 89.888126315799994 1.3682567792 1.3688630671499999 0.000244140625
89.888126315799994 89.908031578899994 1.36825049367 1.3688567791999999 0.000244140625
89.908031578899994 89.927936842099996 1.3682442105599999 1.3688504936699999 0.000244140625
89.927936842099996 89.947842105299998 1.36823792987 1.3688442105600001 0.000244140625
89.947842105299998 89.967747368399998 1.3682316515999999 1.36883792987 0.000244140625
89.967747368399998 89.9876526316 1.36822537573 1.3688316516000001 0.000244140625
89.9876526316 90.0075578947 1.3682191022800001 1.36882537573 0.000244140625
90.0075578947 90.027463157900002 1.3682128312399999 1.36881910228 0.000244140625
90.027463157900002 90.047368421100003 1.36820656261 1.3688128312400001 0.000244140625
90.047368421100003 90.067273684200003 1.36820029639 1.3688065626100001 0.000244140625
90.067273684200003 90.087178947400005 1.3681940325799999 1.3688002963899999 0.000244140625
90.087178947400005 90.107084210500005 1.3681877711699999 1.3687940325800001 0.000244140625
90.107084210500005 90.126989473699993 1.3681815121600001 1.3687877711700001 0.000244140625
90.126989473699993 90.146894736799993 1.36817525556 1.36878151216 0.000244140625
90.146894736799993 90.166799999999995 1.3681690013600001 1.3687752555599999 0.000244140625
90.166799999999995 90.186705263199997 1.3681627495499999 1.36876900136 0.000244140625
90.186705263199997 90.206610526299997 1.36815650015 1.3687627495500001 0.000244140625
90.206610526299997 90.226515789499999 1.36815025314 1.3687565001499999 0.000244140625
90.226515789499999 90.246421052599999 1.3681440085300001 1.36875025314 0.000244140625
90.246421052599999 90.266326315800001 1.3681377663100001 1.36874400853 0.000244140625
90.266326315800001 90.286231578900001 1.36813152648 1.36873776631 0.000244140625
90.286231578900001 90.306136842100003 1.36812528905 1.36873152648 0.000244140625
90.306136842100003 90.326042105300004 1.3681190539999999 1.3687252890499999 0.000244140625
90.326042105300004 90.345947368400005 1.36811282134 1.368719054 0.000244140625
90.345947368400005 90.365852631600006 1.3681065910700001 1.3687128213399999 0.000244140625
90.365852631600006 90.385757894700006 1.3681003631899999 1.36870659107 0.000244140625
90.385757894700006 90.405663157899994 1.36809413768 1.3687003631900001 0.000244140625
90.405663157899994 90.425568421099996 1.36808791457 1.3686941376799999 0.000244140625
90.425568421099996 90.445473684199996 1.36808169383 1.3686879145699999 0.000244140625
90.445473684199996 90.465378947399998 1.36807547547 1.3686816938299999 0.000244140625
90.465378947399998 90.485284210499998 1.3680692594899999 1.3686754754699999 0.000244140625
90.485284210499998 90.5051894737 1.3680630458800001 1.3686692594900001 0.000244140625
90.5051894737 90.5250947368 1.3680568346599999 1.36866304588 0.000244140625
90.5250947368 90.545000000000002 1.3680506258 1.3686568346600001 0.000244140625
90.545000000000002 90.564905263200004 1.3680444193200001 1.3686506258 0.000244140625
90.564905263200004 90.584810526300004 1.3680382152099999 1.36864441932 0.000244140625
90.584810526300004 90.604715789500005 1.3680320134699999 1.3686382152100001 0.000244140625
90.604715789500005 90.624621052600006 1.3680258140999999 1.3686320134700001 0.000244140625
90.624621052600006 90.644526315799993 1.3680196170900001 1.3686258141000001 0.000244140625
90.644526315799993 90.664431578899993 1.36801342245 1.36861961709 0.000244140625
90.664431578899993 90.684336842099995 1.3680072301799999 1.36861342245 0.000244140625
90.684336842099995 90.704242105299997 1.36800104026 1.3686072301800001 0.000244140625
90.704242105299997 90.724147368399997 1.3679948527100001 1.36860104026 0.000244140625
90.724147368399997 90.744052631599999 1.3679886675199999 1.36859485271 0.000244140625
90.744052631599999 90.763957894699999 1.3679824846899999 1.3685886675200001 0.000244140625
90.763957894699999 90.783863157900001 1.3679763042099999 1.3685824846900001 0.000244140625
90.783863157900001 90.803768421100003 1.3679701260899999 1.3685763042100001 0.000244140625
90.803768421100003 90.823673684200003 1.3679639503200001 1.3685701260900001 0.000244140625
90.823673684200003 90.843578947400005 1.36795777691 1.36856395032 0.000244140625
90.843578947400005 90.863484210500005 1.3679516058500001 1.3685577769099999 0.000244140625
90.863484210500005 90.883389473700007 1.3679454371399999 1.36855160585 0.000244140625
90.883389473700007 90.903294736800007 1.36793927077 1.3685454371400001 0.000244140625
90.903294736800007 90.923199999999994 1.36793310676 1.3685392707699999 0.000244140625
90.923199999999994 90.943105263199996 1.36792694509 1.36853310676 0.000244140625
90.943105263199996 90.963010526299996 1.36792078577 1.3685269450899999 0.000244140625
90.963010526299996 90.982915789499998 1.3679146287799999 1.3685207857699999 0.000244140625
90.982915789499998 91.002821052599998 1.3679084741500001 1.3685146287800001 0.000244140625
91.002821052599998 91.0227263158 1.3679023218499999 1.36850847415 0.000244140625
91.0227263158 91.0426315789 1.36789617189 1.3685023218500001 0.000244140625
91.0426315789 91.062536842100002 1.3678900242600001 1.3684961718899999 0.000244140625
91.062536842100002 91.082442105300004 1.3678838789800001 1.36849002426 0.000244140625
91.082442105300004 91.102347368400004 1.3678777360300001 1.36848387898 0.000244140625
91.102347368400004 91.122252631600006 1.36787159541 1.36847773603 0.000244140625
91.122252631600006 91.142157894700006 1.36786545713 1.36847159541 0.000244140625
91.142157894700006 91.162063157899993 1.3678593211700001 1.3684654571299999 0.000244140625
91.162063157899993 91.181968421099995 1.36785318755 1.36845932117 0.000244140625
91.181968421099995 91.201873684199995 1.36784705625 1.3684531875499999 0.000244140625
91.201873684199995 91.221778947399997 1.3678409272800001 1.36844705625 0.000244140625
91.221778947399997 91.241684210499997 1.3678348006300001 1.36844092728 0.000244140625
91.241684210499997 91.261589473699999 1.36782867631 1.36843480063 0.000244140625
91.261589473699999 91.281494736799999 1.36782255432 1.36842867631 0.000244140625
91.281494736799999 91.301400000000001 1.3678164346399999 1.3684225543199999 0.000244140625
91.301400000000001 91.321305263200003 1.36781031728 1.3684164346400001 0.000244140625
91.321305263200003 91.341210526300003 1.3678042022400001 1.36841031728 0.000244140625
91.341210526300003 91.361115789500005 1.3677980895199999 1.36840420224 0.000244140625
91.361115789500005 91.381021052600005 1.3677919791099999 1.3683980895200001 0.000244140625
91.381021052600005 91.400926315800007 1.3677858710199999 1.3683919791100001 0.000244140625
91.400926315800007 91.420831578900007 1.3677797652399999 1.3683858710200001 0.000244140625
91.420831578900007 91.440736842099994 1.36777366178 1.36837976524 0.000244140625
91.440736842099994 91.460642105299996 1.3677675606199999 1.36837366178 0.000244140625
91.460642105299996 91.480547368399996 1.36776146177 1.3683675606200001 0.000244140625
91.480547368399996 91.500452631599998 1.3677553652300001 1.36836146177 0.000244140625
91.500452631599998 91.520357894699998 1.3677492710000001 1.36835536523 0.000244140625
91.520357894699998 91.5402631579 1.3677431790700001 1.368349271 0.000244140625
91.5402631579 91.560168421100002 1.3677370894500001 1.36834317907 0.000244140625
91.560168421100002 91.580073684200002 1.36773100212 1.36833708945 0.000244140625
91.580073684200002 91.599978947400004 1.3677249171000001 1.3683310021199999 0.000244140625
91.599978947400004 91.619884210500004 1.36771883438 1.3683249171 0.000244140625
91.619884210500004 91.639789473700006 1.36771275395 1.3683188343799999 0.000244140625
91.639789473700006 91.659694736800006 1.3677066758200001 1.36831275395 0.000244140625
91.659694736800006 91.679599999999994 1.36770059999 1.36830667582 0.000244140625
91.679599999999994 91.699505263199995 1.36769452645 1.36830059999 0.000244140625
91.699505263199995 91.719410526299995 1.3676884552099999 1.3682945264499999 0.000244140625
91.719410526299995 91.739315789499997 1.36768238625 1.3682884552100001 0.000244140625
91.739315789499997 91.759221052599997 1.3676763195899999 1.36828238625 0.000244140625
91.759221052599997 91.779126315799999 1.36767025521 1.3682763195900001 0.000244140625
91.779126315799999 91.799031578899999 1.36766419312 1.3682702552099999 0.000244140625
91.799031578899999 91.818936842100001 1.36765813332 1.3682641931199999 0.000244140625
91.818936842100001 91.838842105300003 1.3676520758099999 1.3682581333199999 0.000244140625
91.838842105300003 91.858747368400003 1.3676460205700001 1.3682520758100001 0.000244140625
91.858747368400003 91.878652631600005 1.36763996762 1.36824602057 0.000244140625
91.878652631600005 91.898557894700005 1.36763391695 1.3682399676200001 0.000244140625
91.898557894700005 91.918463157900007 1.3676278685500001 1.36823391695 0.000244140625
91.918463157900007 91.938368421099995 1.3676218224400001 1.36822786855 0.000244140625
91.938368421099995 91.958273684199995 1.3676157786000001 1.36822182244 0.000244140625
91.958273684199995 91.978178947399996 1.36760973704 1.3682157786 0.000244140625
91.978178947399996 91.998084210499997 1.3676036977499999 1.3682097370399999 0.000244140625
91.998084210499997 92.017989473699998 1.36759766074 1.3682036977500001 0.000244140625
92.017989473699998 92.037894736799998 1.3675916259900001 1.3681976607399999 0.000244140625
92.037894736799998 92.0578 1.3675855935200001 1.36819162599 0.000244140625
92.0578 92.077705263200002 1.3675795633100001 1.36818559352 0.000244140625
92.077705263200002 92.097610526300002 1.36757353538 1.36817956331 0.000244140625
92.097610526300002 92.117515789500004 1.3675675097 1.36817353538 0.000244140625
92.117515789500004 92.137421052600004 1.3675614863000001 1.3681675096999999 0.000244140625
92.137421052600004 92.157326315800006 1.3675554651499999 1.3681614863 0.000244140625
92.157326315800006 92.177231578900006 1.36754944627 1.3681554651500001 0.000244140625
92.177231578900006 92.197136842099994 1.36754342965 1.3681494462699999 0.000244140625
92.197136842099994 92.217042105299996 1.3675374152899999 1.3681434296499999 0.000244140625
92.217042105299996 92.236947368399996 1.3675314031800001 1.3681374152900001 0.000244140625
92.236947368399996 92.256852631599997 1.36752539334 1.36813140318 0.000244140625
92.256852631599997 92.276757894699998 1.3675193857500001 1.3681253933399999 0.000244140625
92.276757894699998 92.296663157899999 1.3675133804099999 1.36811938575 0.000244140625
92.296663157899999 92.316568421100001 1.3675073773199999 1.3681133804100001 0.000244140625
92.316568421100001 92.336473684200001 1.3675013764899999 1.3681073773200001 0.000244140625
92.336473684200001 92.356378947400003 1.3674953779100001 1.3681013764900001 0.000244140625
92.356378947400003 92.376284210500003 1.36748938158 1.36809537791 0.000244140625
92.376284210500003 92.396189473700005 1.3674833874900001 1.3680893815799999 0.000244140625
92.396189473700005 92.416094736800005 1.3674773956499999 1.36808338749 0.000244140625
92.416094736800005 92.436000000000007 1.3674714060599999 1.3680773956500001 0.000244140625
92.436000000000007 92.455905263199995 1.3674654187099999 1.3680714060600001 0.000244140625
92.455905263199995 92.475810526299995 1.3674594336000001 1.3680654187100001 0.000244140625
92.475810526299995 92.495715789499997 1.36745345073 1.3680594336 0.000244140625
92.495715789499997 92.515621052599997 1.3674474700999999 1.36805345073 0.000244140625
92.515621052599997 92.535526315799999 1.36744149171 1.3680474701000001 0.000244140625
92.535526315799999 92.555431578899999 1.36743551556 1.3680414917099999 0.000244140625
92.555431578899999 92.5753368421 1.36742954165 1.3680355155599999 0.000244140625
92.5753368421 92.595242105300002 1.3674235699599999 1.3680295416499999 0.000244140625
92.595242105300002 92.615147368400002 1.3674176005200001 1.3680235699600001 0.000244140625
92.615147368400002 92.635052631600004 1.3674116332999999 1.36801760052 0.000244140625
92.635052631600004 92.654957894700004 1.36740566831 1.3680116333000001 0.000244140625
92.654957894700004 92.674863157900006 1.36739970556 1.3680056683099999 0.000244140625
92.674863157900006 92.694768421099994 1.36739374503 1.3679997055599999 0.000244140625
92.694768421099994 92.714673684199994 1.3673877867299999 1.3679937450299999 0.000244140625
92.714673684199994 92.734578947399996 1.3673818306500001 1.3679877867300001 0.000244140625
92.734578947399996 92.754484210499996 1.3673758767999999 1.36798183065 0.000244140625
92.754484210499996 92.774389473699998 1.36736992517 1.3679758768000001 0.000244140625
92.774389473699998 92.794294736799998 1.36736397577 1.3679699251699999 0.000244140625
92.794294736799998 92.8142 1.36735802858 1.36796397577 0.000244140625
92.8142 92.834105263200001 1.3673520836099999 1.3679580285799999 0.000244140625
92.834105263200001 92.854010526300002 1.3673461408600001 1.3679520836100001 0.000244140625
92.854010526300002 92.873915789500003 1.3673402003299999 1.36794614086 0.000244140625
92.873915789500003 92.893821052600003 1.36733426201 1.3679402003300001 0.000244140625
92.893821052600003 92.913726315800005 1.36732832591 1.3679342620099999 0.000244140625
92.913726315800005 92.933631578900005 1.3673223920199999 1.3679283259099999 0.000244140625
92.933631578900005 92.953536842099993 1.3673164603400001 1.3679223920200001 0.000244140625
92.953536842099993 92.973442105299995 1.36731053087 1.36791646034 0.000244140625
92.973442105299995 92.993347368399995 1.3673046036100001 1.3679105308699999 0.000244140625
92.993347368399995 93.013252631599997 1.3672986785500001 1.36790460361 0.000244140625
93.013252631599997 93.033157894699997 1.3672927557000001 1.36789867855 0.000244140625
93.033157894699997 93.053063157899999 1.36728683506 1.3678927557 0.000244140625
93.053063157899999 93.072968421100001 1.36728091662 1.36788683506 0.000244140625
93.072968421100001 93.092873684200001 1.3672750003900001 1.3678809166200001 0.000244140625
93.092873684200001 93.112778947400002 1.3672690863500001 1.36787500039 0.000244140625
93.112778947400002 93.132684210500003 1.3672631745199999 1.36786908635 0.000244140625
93.132684210500003 93.152589473700004 1.3672572648800001 1.3678631745200001 0.000244140625
93.152589473700004 93.172494736800004 1.36725135744 1.36785726488 0.000244140625
93.172494736800004 93.192400000000006 1.3672454521999999 1.36785135744 0.000244140625
93.192400000000006 93.212305263199994 1.36723954915 1.3678454522000001 0.000244140625
93.212305263199994 93.232210526299994 1.3672336483 1.3678395491499999 0.000244140625
93.232210526299994 93.252115789499996 1.36722774963 1.3678336483 0.000244140625
93.252115789499996 93.272021052599996 1.36722185316 1.36782774963 0.000244140625
93.272021052599996 93.291926315799998 1.3672159588799999 1.3678218531599999 0.000244140625
93.291926315799998 93.311831578899998 1.36721006679 1.3678159588800001 0.000244140625
93.311831578899998 93.3317368421 1.3672041768800001 1.3678100667899999 0.000244140625
93.3317368421 93.351642105300002 1.3671982891600001 1.36780417688 0.000244140625
93.351642105300002 93.371547368400002 1.3671924036300001 1.36779828916 0.000244140625
93.371547368400002 93.391452631600004 1.36718652027 1.36779240363 0.000244140625
93.391452631600004 93.411357894700004 1.3671806391100001 1.3677865202699999 0.000244140625
93.411357894700004 93.431263157900005 1.3671747601199999 1.36778063911 0.000244140625
93.431263157900005 93.451168421099993 1.36716888331 1.3677747601200001 0.000244140625
93.451168421099993 93.471073684199993 1.36716300868 1.3677688833099999 0.000244140625
93.471073684199993 93.490978947399995 1.3671571362199999 1.3677630086799999 0.000244140625
93.490978947399995 93.510884210499995 1.36715126595 1.3677571362200001 0.000244140625
93.510884210499995 93.530789473699997 1.3671453978400001 1.36775126595 0.000244140625
93.530789473699997 93.550694736799997 1.3671395319099999 1.36774539784 0.000244140625
93.550694736799997 93.570599999999999 1.3671336681599999 1.3677395319100001 0.000244140625
93.570599999999999 93.590505263200001 1.3671278065700001 1.3677336681600001 0.000244140625
93.590505263200001 93.610410526300001 1.36712194715 1.36772780657 0.000244140625
93.610410526300001 93.630315789500003 1.3671160899100001 1.36772194715 0.000244140625
93.630315789500003 93.650221052600003 1.3671102348199999 1.3677160899 0.000244140625
93.650221052600003 93.670126315800005 1.3671043819099999 1.3677102348200001 0.000244140625
93.670126315800005 93.690031578900005 1.3670985311599999 1.3677043819100001 0.000244140625
93.690031578900005 93.709936842100007 1.3670926825700001 1.3676985311600001 0.000244140625
93.709936842100007 93.729842105299994 1.3670868361499999 1.36769268257 0.000244140625
93.729842105299994 93.749747368399994 1.36708099188 1.3676868361500001 0.000244140625
93.749747368399994 93.769652631599996 1.36707514978 1.3676809918799999 0.000244140625
93.769652631599996 93.789557894699996 1.36706930983 1.3676751497799999 0.000244140625
93.789557894699996 93.809463157899998 1.3670634720399999 1.3676693098299999 0.000244140625
93.809463157899998 93.8293684211 1.36705763641 1.3676634720400001 0.000244140625
93.8293684211 93.8492736842 1.3670518029300001 1.3676576364099999 0.000244140625
93.8492736842 93.869178947400002 1.3670459716100001 1.36765180293 0.000244140625
93.869178947400002 93.889084210500002 1.3670401424400001 1.36764597161 0.000244140625
93.889084210500002 93.908989473700004 1.36703431542 1.36764014244 0.000244140625
93.908989473700004 93.928894736800004 1.3670284905500001 1.3676343154199999 0.000244140625
93.928894736800004 93.948800000000006 1.3670226678199999 1.36762849055 0.000244140625
93.948800000000006 93.968705263199993 1.3670168472499999 1.3676226678200001 0.000244140625
93.968705263199993 93.988610526299993 1.3670110288199999 1.3676168472500001 0.000244140625
93.988610526299993 94.008515789499995 1.3670052125400001 1.3676110288200001 0.000244140625
94.008515789499995 94.028421052599995 1.3669993984 1.36760521254 0.000244140625
94.028421052599995 94.048326315799997 1.3669935864 1.3675993984000001 0.000244140625
94.048326315799997 94.068231578899997 1.36698777654 1.3675935863999999 0.000244140625
94.068231578899997 94.088136842099999 1.36698196882 1.36758777654 0.000244140625
94.088136842099999 94.108042105300001 1.3669761632499999 1.3675819688199999 0.000244140625
94.108042105300001 94.127947368400001 1.36697035981 1.3675761632500001 0.000244140625
94.127947368400001 94.147852631600003 1.3669645585000001 1.36757035981 0.000244140625
94.147852631600003 94.167757894700003 1.3669587593300001 1.3675645585 0.000244140625
94.167757894700003 94.187663157900005 1.3669529623000001 1.36755875933 0.000244140625
94.187663157900005 94.207568421100007 1.3669471674 1.3675529623 0.000244140625
94.207568421100007 94.227473684200007 1.3669413746300001 1.3675471673999999 0.000244140625
94.227473684200007 94.247378947399994 1.3669355839899999 1.36754137463 0.000244140625
94.247378947399994 94.267284210499994 1.3669297954699999 1.3675355839900001 0.000244140625
94.267284210499994 94.287189473699996 1.3669240090899999 1.3675297954700001 0.000244140625
94.287189473699996 94.307094736799996 1.36691822483 1.36752400909 0.000244140625
94.307094736799996 94.326999999999998 1.3669124426999999 1.36751822483 0.000244140625
94.326999999999998 94.3469052632 1.3669066626899999 1.3675124427000001 0.000244140625
94.3469052632 94.3668105263 1.3669008848099999 1.3675066626900001 0.000244140625
94.3668105263 94.386715789500002 1.3668951090499999 1.3675008848100001 0.000244140625
94.386715789500002 94.406621052600002 1.3668893354 1.36749510905 0.000244140625
94.406621052600002 94.426526315800004 1.3668835638800001 1.3674893354 0.000244140625
94.426526315800004 94.446431578900004 1.3668777944799999 1.36748356388 0.000244140625
94.446431578900004 94.466336842100006 1.3668720271899999 1.3674777944800001 0.000244140625
94.466336842100006 94.486242105299993 1.3668662620200001 1.3674720271900001 0.000244140625
94.486242105299993 94.506147368399994 1.3668604989599999 1.36746626202 0.000244140625
94.506147368399994 94.526052631599995 1.36685473801 1.3674604989600001 0.000244140625
94.526052631599995 94.545957894699995 1.36684897918 1.3674547380099999 0.000244140625
94.545957894699995 94.565863157899997 1.36684322246 1.36744897918 0.000244140625
94.565863157899997 94.585768421099999 1.3668374678499999 1.3674432224599999 0.000244140625
94.585768421099999 94.605673684199999 1.36683171534 1.3674374678500001 0.000244140625
94.605673684199999 94.625578947400001 1.3668259649500001 1.36743171534 0.000244140625
94.625578947400001 94.645484210500001 1.3668202166600001 1.36742596495 0.000244140625
94.645484210500001 94.665389473700003 1.36681447047 1.36742021666 0.000244140625
94.665389473700003 94.685294736800003 1.36680872639 1.36741447047 0.000244140625
94.685294736800003 94.705200000000005 1.36680298441 1.3674087263900001 0.000244140625
94.705200000000005 94.725105263200007 1.3667972445400001 1.36740298441 0.000244140625
94.725105263200007 94.745010526300007 1.3667915067600001 1.36739724454 0.000244140625
94.745010526300007 94.764915789499995 1.36678577108 1.36739150676 0.000244140625
94.764915789499995 94.784821052599995 1.3667800375000001 1.3673857710799999 0.000244140625
94.784821052599995 94.804726315799996 1.3667743060099999 1.3673800375 0.000244140625
94.804726315799996 94.824631578899996 1.36676857663 1.3673743060100001 0.000244140625
94.824631578899996 94.844536842099998 1.3667628493299999 1.3673685766300001 0.000244140625
94.844536842099998 94.8644421053 1.3667571241300001 1.3673628493300001 0.000244140625
94.8644421053 94.8843473684 1.3667514010199999 1.36735712413 0.000244140625
94.8843473684 94.904252631600002 1.36674568 1.3673514010200001 0.000244140625
94.904252631600002 94.924157894700002 1.36673996107 1.3673456799999999 0.000244140625
94.924157894700002 94.944063157900004 1.3667342442299999 1.3673399610700001 0.000244140625
94.944063157900004 94.963968421100006 1.36672852947 1.3673342442300001 0.000244140625
94.963968421100006 94.983873684200006 1.3667228168000001 1.3673285294699999 0.000244140625
94.983873684200006 95.003778947399994 1.3667171062200001 1.3673228168 0.000244140625
95.003778947399994 95.023684210499994 1.3667113977200001 1.36731710622 0.000244140625
95.023684210499994 95.043589473699996 1.3667056913 1.36731139772 0.000244140625
95.043589473699996 95.063494736799996 1.3666999869600001 1.3673056912999999 0.000244140625
95.063494736799996 95.083399999999997 1.3666942847100001 1.36729998696 0.000244140625
95.083399999999997 95.103305263199999 1.3666885845300001 1.36729428471 0.000244140625
95.103305263199999 95.123210526299999 1.36668288643 1.36728858453 0.000244140625
95.123210526299999 95.143115789500001 1.3666771903999999 1.36728288643 0.000244140625
95.143115789500001 95.163021052600001 1.36667149645 1.3672771904000001 0.000244140625
95.163021052600001 95.182926315800003 1.36666580458 1.3672714964499999 0.000244140625
95.182926315800003 95.202831578900003 1.3666601147699999 1.3672658045799999 0.000244140625
95.202831578900003 95.222736842100005 1.3666544270400001 1.3672601147700001 0.000244140625
95.222736842100005 95.242642105300007 1.3666487413799999 1.36725442704 0.000244140625
95.242642105300007 95.262547368400007 1.3666430577899999 1.3672487413800001 0.000244140625
95.262547368400007 95.282452631599995 1.3666373762699999 1.3672430577900001 0.000244140625
95.282452631599995 95.302357894699995 1.3666316968200001 1.3672373762700001 0.000244140625
95.302357894699995 95.322263157899997 1.3666260194299999 1.36723169682 0.000244140625
95.322263157899997 95.342168421099998 1.3666203441 1.3672260194300001 0.000244140625
95.342168421099998 95.362073684199999 1.36661467084 1.3672203440999999 0.000244140625
95.362073684199999 95.3819789474 1.3666089996399999 1.3672146708399999 0.000244140625
95.3819789474 95.4018842105 1.3666033305 1.3672089996400001 0.000244140625
95.4018842105 95.421789473700002 1.3665976634300001 1.3672033305 0.000244140625
95.421789473700002 95.441694736800002 1.3665919984099999 1.36719766343 0.000244140625
95.441694736800002 95.461600000000004 1.3665863354500001 1.3671919984100001 0.000244140625
95.461600000000004 95.481505263200006 1.36658067454 1.36718633545 0.000244140625
95.481505263200006 95.501410526300006 1.3665750156900001 1.3671806745399999 0.000244140625
95.501410526300006 95.521315789499994 1.3665693589000001 1.36717501569 0.000244140625
95.521315789499994 95.541221052599994 1.3665637041600001 1.3671693589 0.000244140625
95.541221052599994 95.561126315799996 1.36655805147 1.36716370416 0.000244140625
95.561126315799996 95.581031578899996 1.3665524008300001 1.3671580514699999 0.000244140625
95.581031578899996 95.600936842099998 1.3665467522400001 1.36715240083 0.000244140625
95.600936842099998 95.6208421053 1.3665411057000001 1.36714675224 0.000244140625
95.6208421053 95.6407473684 1.36653546121 1.3671411057 0.000244140625
95.6407473684 95.660652631600001 1.3665298187599999 1.36713546121 0.000244140625
95.660652631600001 95.680557894700001 1.36652417836 1.3671298187600001 0.000244140625
95.680557894700001 95.700463157900003 1.3665185399999999 1.3671241783600001 0.000244140625
95.700463157900003 95.720368421100005 1.3665129036799999 1.3671185400000001 0.000244140625
95.720368421100005 95.740273684200005 1.36650726941 1.36711290368 0.000244140625
95.740273684200005 95.760178947399993 1.3665016371800001 1.3671072694099999 0.000244140625
95.760178947399993 95.780084210499993 1.3664960069800001 1.36710163718 0.000244140625
95.780084210499993 95.799989473699995 1.36649037883 1.36709600698 0.000244140625
95.799989473699995 95.819894736799995 1.3664847527099999 1.36709037883 0.000244140625
95.819894736799995 95.839799999999997 1.36647912862 1.3670847527100001 0.000244140625
95.839799999999997 95.859705263199999 1.36647350658 1.3670791286199999 0.000244140625
95.859705263199999 95.879610526299999 1.36646788656 1.3670735065799999 0.000244140625
95.879610526299999 95.899515789500001 1.3664622685800001 1.3670678865599999 0.000244140625
95.899515789500001 95.919421052600001 1.3664566526299999 1.36706226858 0.000244140625
95.919421052600001 95.939326315800002 1.36645103871 1.3670566526300001 0.000244140625
95.939326315800002 95.959231578900003 1.3664454268099999 1.3670510387100001 0.000244140625
95.959231578900003 95.979136842100004 1.3664398169500001 1.3670454268100001 0.000244140625
95.979136842100004 95.999042105300006 1.3664342091099999 1.36703981695 0.000244140625
95.999042105300006 96.018947368400006 1.3664286032999999 1.3670342091100001 0.000244140625
96.018947368400006 96.038852631599994 1.3664229995099999 1.3670286033000001 0.000244140625
96.038852631599994 96.058757894699994 1.36641739775 1.3670229995100001 0.000244140625
96.058757894699994 96.078663157899996 1.3664117980099999 1.36701739775 0.000244140625
96.078663157899996 96.098568421099998 1.3664062002799999 1.3670117980100001 0.000244140625
96.098568421099998 96.118473684199998 1.3664006045799999 1.3670062002800001 0.000244140625
96.118473684199998 96.1383789474 1.3663950109 1.3670006045800001 0.000244140625
96.1383789474 96.1582842105 1.3663894192399999 1.3669950109 0.000244140625
96.1582842105 96.178189473700002 1.3663838295899999 1.3669894192400001 0.000244140625
96.178189473700002 96.198094736800002 1.3663782419599999 1.3669838295900001 0.000244140625
96.198094736800002 96.218000000000004 1.36637265634 1.3669782419600001 0.000244140625
96.218000000000004 96.237905263200005 1.3663670727299999 1.36697265634 0.000244140625
96.237905263200005 96.257810526300005 1.3663614911399999 1.3669670727300001 0.000244140625
96.257810526300005 96.277715789499993 1.3663559115599999 1.3669614911400001 0.000244140625
96.277715789499993 96.297621052599993 1.3663503339800001 1.3669559115600001 0.000244140625
96.297621052599993 96.317526315799995 1.3663447584199999 1.36695033398 0.000244140625
96.317526315799995 96.337431578899995 1.3663391848599999 1.3669447584200001 0.000244140625
96.337431578899995 96.357336842099997 1.3663336133099999 1.3669391848600001 0.000244140625
96.357336842099997 96.377242105299999 1.3663280437700001 1.3669336133100001 0.000244140625
96.377242105299999 96.397147368399999 1.3663224762299999 1.36692804377 0.000244140625
96.397147368399999 96.417052631600001 1.3663169106899999 1.3669224762300001 0.000244140625
96.417052631600001 96.436957894700001 1.3663113471499999 1.3669169106900001 0.000244140625
96.436957894700001 96.456863157900003 1.36630578562 1.3669113471500001 0.000244140625
96.456863157900003 96.476768421100005 1.3663002260799999 1.36690578562 0.000244140625
96.476768421100005 96.496673684200005 1.3662946685499999 1.3669002260800001 0.000244140625
96.496673684200005 96.516578947400006 1.3662891130099999 1.3668946685500001 0.000244140625
96.516578947400006 96.536484210500006 1.36628355946 1.36688911301 0.000244140625
96.536484210500006 96.556389473699994 1.3662780079200001 1.36688355946 0.000244140625
96.556389473699994 96.576294736799994 1.3662724583600001 1.36687800792 0.000244140625
96.576294736799994 96.596199999999996 1.3662669108000001 1.36687245836 0.000244140625
96.596199999999996 96.616105263199998 1.36626136523 1.3668669108 0.000244140625
96.616105263199998 96.636010526299998 1.36625582166 1.3668613652299999 0.000244140625
96.636010526299998 96.6559157895 1.36625028007 1.36685582166 0.000244140625
96.6559157895 96.6758210526 1.36624474047 1.36685028007 0.000244140625
96.6758210526 96.695726315800002 1.3662392028599999 1.3668447404699999 0.000244140625
96.695726315800002 96.715631578900002 1.3662336672299999 1.36683920286 0.000244140625
96.715631578900002 96.735536842100004 1.3662281335899999 1.3668336672300001 0.000244140625
96.735536842100004 96.755442105300006 1.3662226019299999 1.3668281335900001 0.000244140625
96.755442105300006 96.775347368400006 1.36621707226 1.36682260193 0.000244140625
96.775347368400006 96.795252631599993 1.36621154457 1.3668170722599999 0.000244140625
96.795252631599993 96.815157894699993 1.36620601886 1.36681154457 0.000244140625
96.815157894699993 96.835063157899995 1.36620049512 1.36680601886 0.000244140625
96.835063157899995 96.854968421099997 1.3661949733700001 1.3668004951299999 0.000244140625
96.854968421099997 96.874873684199997 1.3661894536000001 1.36679497337 0.000244140625
96.874873684199997 96.894778947399999 1.3661839358000001 1.3667894536 0.000244140625
96.894778947399999 96.914684210499999 1.36617841998 1.3667839358 0.000244140625
96.914684210499999 96.934589473700001 1.3661729061300001 1.3667784199799999 0.000244140625
96.934589473700001 96.954494736800001 1.3661673942499999 1.36677290613 0.000244140625
96.954494736800001 96.974400000000003 1.3661618843500001 1.36676739425 0.000244140625
96.974400000000003 96.994305263200005 1.36615637641 1.36676188435 0.000244140625
96.994305263200005 97.014210526300005 1.3661508704500001 1.3667563764099999 0.000244140625
97.014210526300005 97.034115789500007 1.3661453664600001 1.36675087045 0.000244140625
97.034115789500007 97.054021052600007 1.36613986443 1.36674536646 0.000244140625
97.054021052600007 97.073926315799994 1.3661343643699999 1.36673986443 0.000244140625
97.073926315799994 97.093831578899994 1.36612886628 1.3667343643700001 0.000244140625
97.093831578899994 97.113736842099996 1.36612337015 1.3667288662799999 0.000244140625
97.113736842099996 97.133642105299998 1.3661178759799999 1.3667233701499999 0.000244140625
97.133642105299998 97.153547368399998 1.36611238377 1.3667178759800001 0.000244140625
97.153547368399998 97.1734526316 1.36610689353 1.3667123837699999 0.000244140625
97.1734526316 97.1933578947 1.36610140525 1.36670689353 0.000244140625
97.1933578947 97.213263157900002 1.3660959189199999 1.3667014052499999 0.000244140625
97.213263157900002 97.233168421100004 1.36609043456 1.3666959189200001 0.000244140625
97.233168421100004 97.253073684200004 1.36608495215 1.3666904345599999 0.000244140625
97.253073684200004 97.272978947400006 1.36607947169 1.36668495215 0.000244140625
97.272978947400006 97.292884210500006 1.3660739931899999 1.3666794716899999 0.000244140625
97.292884210500006 97.312789473699993 1.36606851665 1.36667399319 0.000244140625
97.312789473699993 97.332694736799994 1.36606304205 1.3666685166500001 0.000244140625
97.332694736799994 97.352599999999995 1.3660575694099999 1.3666630420500001 0.000244140625
97.352599999999995 97.372505263199997 1.36605209872 1.3666575694100001 0.000244140625
97.372505263199997 97.392410526299997 1.36604662997 1.3666520987199999 0.000244140625
97.392410526299997 97.412315789499999 1.36604116318 1.36664662997 0.000244140625
97.412315789499999 97.432221052599999 1.3660356983299999 1.36664116318 0.000244140625
97.432221052599999 97.452126315800001 1.36603023543 1.3666356983300001 0.000244140625
97.452126315800001 97.472031578900001 1.36602477447 1.36663023543 0.000244140625
97.472031578900001 97.491936842100003 1.36601931546 1.36662477447 0.000244140625
97.491936842100003 97.511842105300005 1.3660138583899999 1.3666193154599999 0.000244140625
97.511842105300005 97.531747368400005 1.3660084032599999 1.36661385839 0.000244140625
97.531747368400005 97.551652631600007 1.3660029500699999 1.3666084032600001 0.000244140625
97.551652631600007 97.571557894700007 1.3659974988300001 1.3666029500700001 0.000244140625
97.571557894700007 97.591463157899994 1.36599204952 1.36659749883 0.000244140625
97.591463157899994 97.611368421099996 1.36598660214 1.3665920495199999 0.000244140625
97.611368421099996 97.631273684199996 1.36598115671 1.3665866021399999 0.000244140625
97.631273684199996 97.651178947399998 1.3659757132100001 1.3665811567099999 0.000244140625
97.651178947399998 97.671084210499998 1.36597027164 1.36657571321 0.000244140625
97.671084210499998 97.6909894737 1.36596483201 1.3665702716399999 0.000244140625
97.6909894737 97.7108947368 1.3659593942999999 1.3665648320099999 0.000244140625
97.7108947368 97.730800000000002 1.36595395853 1.3665593943000001 0.000244140625
97.730800000000002 97.750705263200004 1.3659485246900001 1.3665539585299999 0.000244140625
97.750705263200004 97.770610526300004 1.36594309278 1.36654852469 0.000244140625
97.770610526300004 97.790515789500006 1.3659376628 1.36654309278 0.000244140625
97.790515789500006 97.810421052600006 1.36593223474 1.3665376628000001 0.000244140625
97.810421052600006 97.830326315799994 1.36592680861 1.36653223474 0.000244140625
97.830326315799994 97.850231578899994 1.3659213844 1.36652680861 0.000244140625
97.850231578899994 97.870136842099996 1.3659159621200001 1.3665213843999999 0.000244140625
97.870136842099996 97.890042105299997 1.3659105417599999 1.36651596212 0.000244140625
97.890042105299997 97.909947368399997 1.3659051233199999 1.3665105417600001 0.000244140625
97.909947368399997 97.929852631599999 1.3658997068000001 1.3665051233200001 0.000244140625
97.929852631599999 97.949757894699999 1.3658942921999999 1.3664997068 0.000244140625
97.949757894699999 97.969663157900001 1.3658888795199999 1.3664942922000001 0.000244140625
97.969663157900001 97.989568421100003 1.3658834687500001 1.3664888795200001 0.000244140625
97.989568421100003 98.009473684200003 1.36587805991 1.36648346875 0.000244140625
98.009473684200003 98.029378947400005 1.36587265297 1.3664780599099999 0.000244140625
98.029378947400005 98.049284210500005 1.36586724796 1.36647265297 0.000244140625
98.049284210500005 98.069189473700007 1.36586184485 1.36646724796 0.000244140625
98.069189473700007 98.089094736800007 1.36585644366 1.3664618448500001 0.000244140625
98.089094736800007 98.108999999999995 1.36585104437 1.36645644366 0.000244140625
98.108999999999995 98.128905263199997 1.365845647 1.36645104437 0.000244140625
98.128905263199997 98.148810526299997 1.3658402515400001 1.3664456469999999 0.000244140625
98.148810526299997 98.168715789499998 1.3658348579799999 1.36644025154 0.000244140625
98.168715789499998 98.188621052599999 1.3658294663299999 1.3664348579800001 0.000244140625
98.188621052599999 98.2085263158 1.36582407658 1.3664294663300001 0.000244140625
98.2085263158 98.2284315789 1.3658186887499999 1.36642407658 0.000244140625
98.2284315789 98.248336842100002 1.3658133028099999 1.3664186887500001 0.000244140625
98.248336842100002 98.268242105300004 1.3658079187800001 1.3664133028100001 0.000244140625
98.268242105300004 98.288147368400004 1.36580253664 1.36640791878 0.000244140625
98.288147368400004 98.308052631600006 1.36579715641 1.3664025366400001 0.000244140625
98.308052631600006 98.327957894700006 1.36579177808 1.3663971564099999 0.000244140625
98.327957894700006 98.347863157899994 1.3657864016500001 1.3663917780799999 0.000244140625
98.347863157899994 98.367768421099996 1.3657810271099999 1.36638640165 0.000244140625
98.367768421099996 98.387673684199996 1.3657756544699999 1.3663810271100001 0.000244140625
98.387673684199996 98.407578947399998 1.3657702837300001 1.3663756544700001 0.000244140625
98.407578947399998 98.427484210499998 1.36576491488 1.36637028373 0.000244140625
98.427484210499998 98.447389473699999 1.36575954792 1.3663649148799999 0.000244140625
98.447389473699999 98.4672947368 1.3657541828499999 1.3663595479199999 0.000244140625
98.4672947368 98.487200000000001 1.3657488196800001 1.3663541828500001 0.000244140625
98.487200000000001 98.507105263200003 1.3657434584000001 1.36634881968 0.000244140625
98.507105263200003 98.527010526300003 1.3657380990000001 1.3663434584 0.000244140625
98.527010526300003 98.546915789500005 1.36573274149 1.366338099 0.000244140625
98.546915789500005 98.566821052600005 1.3657273858700001 1.3663327414899999 0.000244140625
98.566821052600005 98.586726315799993 1.3657220321400001 1.36632738587 0.000244140625
98.586726315799993 98.606631578899993 1.36571668029 1.36632203214 0.000244140625
98.606631578899993 98.626536842099995 1.3657113303299999 1.36631668029 0.000244140625
98.626536842099995 98.646442105299997 1.3657059822399999 1.3663113303300001 0.000244140625
98.646442105299997 98.666347368399997 1.3657006360399999 1.3663059822400001 0.000244140625
98.666347368399997 98.686252631599999 1.36569529172 1.3663006360400001 0.000244140625
98.686252631599999 98.706157894699999 1.3656899492800001 1.36629529172 0.000244140625
98.706157894699999 98.726063157900001 1.3656846087200001 1.36628994928 0.000244140625
98.726063157900001 98.745968421100002 1.36567927004 1.36628460872 0.000244140625
98.745968421100002 98.765873684200002 1.3656739332300001 1.3662792700399999 0.000244140625
98.765873684200002 98.785778947400004 1.3656685983000001 1.36627393323 0.000244140625
98.785778947400004 98.805684210500004 1.36566326524 1.3662685983 0.000244140625
98.805684210500004 98.825589473700006 1.3656579340599999 1.36626326524 0.000244140625
98.825589473700006 98.845494736800006 1.3656526047499999 1.3662579340600001 0.000244140625
98.845494736800006 98.865399999999994 1.3656472773099999 1.3662526047500001 0.000244140625
98.865399999999994 98.885305263199996 1.36564195174 1.3662472773100001 0.000244140625
98.885305263199996 98.905210526299996 1.3656366280500001 1.36624195174 0.000244140625
98.905210526299996 98.925115789499998 1.3656313062200001 1.36623662805 0.000244140625
98.925115789499998 98.945021052599998 1.36562598625 1.36623130622 0.000244140625
98.945021052599998 98.9649263158 1.3656206681600001 1.3662259862499999 0.000244140625
98.9649263158 98.9848315789 1.3656153519300001 1.36622066816 0.000244140625
98.9848315789 99.004736842100002 1.36561003756 1.36621535193 0.000244140625
99.004736842100002 99.024642105300003 1.3656047250600001 1.3662100375599999 0.000244140625
99.024642105300003 99.044547368400004 1.3655994144200001 1.36620472506 0.000244140625
99.044547368400004 99.064452631600005 1.3655941056400001 1.36619941442 0.000244140625
99.064452631600005 99.084357894700005 1.3655887987199999 1.36619410564 0.000244140625
99.084357894700005 99.104263157899993 1.36558349366 1.3661887987200001 0.000244140625
99.104263157899993 99.124168421099995 1.36557819046 1.3661834936599999 0.000244140625
99.124168421099995 99.144073684199995 1.3655728891200001 1.3661781904600001 0.000244140625
99.144073684199995 99.163978947399997 1.3655675896299999 1.36617288912 0.000244140625
99.163978947399997 99.183884210499997 1.3655622919999999 1.3661675896300001 0.000244140625
99.183884210499997 99.203789473699999 1.36555699622 1.3661622920000001 0.000244140625
99.203789473699999 99.223694736799999 1.3655517022999999 1.36615699622 0.000244140625
99.223694736799999 99.243600000000001 1.3655464102299999 1.3661517023 0.000244140625
99.243600000000001 99.263505263200003 1.3655411200100001 1.3661464102300001 0.000244140625
99.263505263200003 99.283410526300003 1.3655358316399999 1.36614112001 0.000244140625
99.283410526300003 99.303315789500004 1.3655305451199999 1.3661358316400001 0.000244140625
99.303315789500004 99.323221052600005 1.3655252604499999 1.3661305451200001 0.000244140625
99.323221052600005 99.343126315800006 1.36551997762 1.36612526045 0.000244140625
99.343126315800006 99.363031578900006 1.36551469664 1.3661199776199999 0.000244140625
99.363031578900006 99.382936842099994 1.36550941751 1.36611469664 0.000244140625
99.382936842099994 99.402842105299996 1.3655041402200001 1.3661094175099999 0.000244140625
99.402842105299996 99.422747368399996 1.3654988647699999 1.36610414022 0.000244140625
99.422747368399996 99.442652631599998 1.3654935911699999 1.3660988647700001 0.000244140625
99.442652631599998 99.462557894699998 1.36548831941 1.3660935911700001 0.000244140625
99.462557894699998 99.4824631579 1.3654830494900001 1.36608831941 0.000244140625
99.4824631579 99.502368421100002 1.3654777814100001 1.36608304949 0.000244140625
99.502368421100002 99.522273684200002 1.36547251516 1.36607778141 0.000244140625
99.522273684200002 99.542178947400004 1.3654672507600001 1.3660725151599999 0.000244140625
99.542178947400004 99.562084210500004 1.3654619881800001 1.36606725076 0.000244140625
99.562084210500004 99.581989473700006 1.36545672745 1.36606198818 0.000244140625
99.581989473700006 99.601894736800006 1.3654514685500001 1.36605672745 0.000244140625
99.601894736800006 99.621799999999993 1.3654462114799999 1.36605146855 0.000244140625
99.621799999999993 99.641705263199995 1.3654409562500001 1.36604621148 0.000244140625
99.641705263199995 99.661610526299995 1.3654357028399999 1.36604095625 0.000244140625
99.661610526299995 99.681515789499997 1.36543045127 1.3660357028400001 0.000244140625
99.681515789499997 99.701421052599997 1.3654252015299999 1.3660304512699999 0.000244140625
99.701421052599997 99.721326315799999 1.36541995361 1.3660252015300001 0.000244140625
99.721326315799999 99.741231578899999 1.36541470752 1.3660199536099999 0.000244140625
99.741231578899999 99.761136842100001 1.36540946326 1.36601470752 0.000244140625
99.761136842100001 99.781042105300003 1.3654042208299999 1.3660094632599999 0.000244140625
99.781042105300003 99.800947368400003 1.3653989802199999 1.3660042208300001 0.000244140625
99.800947368400003 99.820852631600005 1.3653937414299999 1.3659989802200001 0.000244140625
99.820852631600005 99.840757894700005 1.36538850446 1.3659937414300001 0.000244140625
99.840757894700005 99.860663157900007 1.3653832693200001 1.36598850446 0.000244140625
99.860663157900007 99.880568421099994 1.3653780359900001 1.36598326932 0.000244140625
99.880568421099994 99.900473684199994 1.36537280449 1.36597803599 0.000244140625
99.900473684199994 99.920378947399996 1.3653675748 1.3659728044899999 0.000244140625
99.920378947399996 99.940284210499996 1.36536234694 1.3659675748 0.000244140625
99.940284210499996 99.960189473699998 1.3653571208899999 1.36596234694 0.000244140625
99.960189473699998 99.980094736799998 1.36535189665 1.3659571208900001 0.000244140625
99.980094736799998 100 1.36534667423 1.3659518966499999 0.000244140625
