# Direct counterexample,  d = 5:   C(p) < 0 for every p in [2.0000001, 32.28]
claim 5 5 2.0000001 32.28 -
# p1 p2 lambda1 lambda2 tau0
2.0000000999999998 2.0000001009799999 1.9999999550800001 1.99999997542 0.0009765625
2.0000001009799999 2.00000010196 1.99999995474 1.9999999750799999 0.0009765625
2.00000010196 2.0000001029400001 1.9999999544 1.9999999747399999 0.0009765625
2.0000001029400001 2.0000001039200002 1.99999995406 1.9999999744000001 0.0009765625
2.0000001039200002 2.0000001048999998 1.9999999537199999 1.9999999740600001 0.0009765625
2.0000001048999998 2.0000001058799999 1.9999999533799999 1.99999997372 0.0009765625
2.0000001058799999 2.00000010686 1.9999999530399999 1.99999997338 0.0009765625
2.00000010686 2.00000010784 1.9999999527000001 1.99999997304 0.0009765625
2.00000010784 2.0000001088200001 1.9999999523600001 1.9999999727 0.0009765625
2.0000001088200001 2.0000001098000002 1.99999995203 1.9999999723599999 0.0009765625
2.0000001098000002 2.0000001107799998 1.99999995169 1.9999999720299999 0.0009765625
2.0000001107799998 2.0000001117599999 1.99999995135 1.9999999716900001 0.0009765625
2.0000001117599999 2.00000011275 1.9999999510099999 1.9999999713500001 0.0009765625
2.00000011275 2.0000001137300001 1.9999999506699999 1.99999997101 0.0009765625
2.0000001137300001 2.0000001147100002 1.9999999503300001 1.99999997067 0.0009765625
2.0000001147100002 2.0000001156899998 1.9999999499900001 1.99999997033 0.0009765625
2.0000001156899998 2.0000001166699999 1.9999999496500001 1.99999996999 0.0009765625
2.0000001166699999 2.00000011765 1.99999994931 1.9999999696499999 0.0009765625
2.00000011765 2.00000011863 1.99999994897 1.9999999693099999 0.0009765625
2.00000011863 2.0000001196100001 1.99999994863 1.9999999689700001 0.0009765625
2.0000001196100001 2.0000001205900002 1.9999999482999999 1.9999999686300001 0.0009765625
2.0000001205900002 2.0000001215699998 1.9999999479599999 1.9999999683 0.0009765625
2.0000001215699998 2.0000001225499999 1.9999999476200001 1.99999996796 0.0009765625
2.0000001225499999 2.00000012353 1.9999999472800001 1.99999996762 0.0009765625
2.00000012353 2.0000001245100001 1.9999999469400001 1.99999996728 0.0009765625
2.0000001245100001 2.0000001254900002 1.9999999466 1.9999999669399999 0.0009765625
2.0000001254900002 2.0000001264699998 1.99999994626 1.9999999665999999 0.0009765625
2.0000001264699998 2.0000001274499999 1.99999994592 1.9999999662600001 0.0009765625
2.0000001274499999 2.00000012843 1.9999999455799999 1.9999999659200001 0.0009765625
2.00000012843 2.00000012941 1.9999999452399999 1.99999996558 0.0009765625
2.00000012941 2.0000001303900001 1.9999999449000001 1.99999996524 0.0009765625
2.0000001303900001 2.0000001313700002 1.9999999445700001 1.9999999649 0.0009765625
2.0000001313700002 2.0000001323499998 1.99999994423 1.99999996457 0.0009765625
2.0000001323499998 2.0000001333299999 1.99999994389 1.9999999642299999 0.0009765625
2.0000001333299999 2.00000013431 1.99999994355 1.9999999638899999 0.0009765625
2.00000013431 2.0000001352900001 1.99999994321 1.9999999635500001 0.0009765625
2.0000001352900001 2.0000001362700002 1.9999999428699999 1.9999999632100001 0.0009765625
2.0000001362700002 2.0000001372499998 1.9999999425299999 1.99999996287 0.0009765625
2.0000001372499998 2.0000001382399999 1.9999999421900001 1.99999996253 0.0009765625
2.0000001382399999 2.00000013922 1.9999999418500001 1.99999996219 0.0009765625
2.00000013922 2.0000001402000001 1.99999994151 1.99999996185 0.0009765625
2.0000001402000001 2.0000001411800001 1.99999994118 1.9999999615099999 0.0009765625
2.0000001411800001 2.0000001421600002 1.99999994084 1.9999999611799999 0.0009765625
2.0000001421600002 2.0000001431399999 1.9999999405 1.9999999608400001 0.0009765625
2.0000001431399999 2.0000001441199999 1.9999999401599999 1.9999999605000001 0.0009765625
2.0000001441199999 2.0000001451 1.9999999398199999 1.99999996016 0.0009765625
2.0000001451 2.0000001460800001 1.9999999394800001 1.99999995982 0.0009765625
2.0000001460800001 2.0000001470600002 1.9999999391400001 1.99999995948 0.0009765625
2.0000001470600002 2.0000001480399998 1.9999999388 1.9999999591399999 0.0009765625
2.0000001480399998 2.0000001490199999 1.99999993846 1.9999999587999999 0.0009765625
2.0000001490199999 2.00000015 1.99999993812 1.9999999584599999 0.0009765625
2.00000015 2.0000001509800001 1.99999993778 1.9999999581200001 0.0009765625
2.0000001509800001 2.0000001519600001 1.9999999374499999 1.9999999577800001 0.0009765625
2.0000001519600001 2.0000001529400002 1.9999999371099999 1.99999995745 0.0009765625
2.0000001529400002 2.0000001539199999 1.9999999367700001 1.99999995711 0.0009765625
2.0000001539199999 2.0000001548999999 1.9999999364300001 1.99999995677 0.0009765625
2.0000001548999999 2.00000015588 1.99999993609 1.9999999564299999 0.0009765625
2.00000015588 2.0000001568600001 1.99999993575 1.9999999560899999 0.0009765625
2.0000001568600001 2.0000001578400002 1.99999993541 1.9999999557499999 0.0009765625
2.0000001578400002 2.0000001588199998 1.99999993507 1.9999999554100001 0.0009765625
2.0000001588199998 2.0000001597999999 1.9999999347299999 1.9999999550700001 0.0009765625
2.0000001597999999 2.00000016078 1.9999999343899999 1.99999995473 0.0009765625
2.00000016078 2.0000001617600001 1.9999999340500001 1.99999995439 0.0009765625
2.0000001617600001 2.0000001627500001 1.9999999337200001 1.99999995405 0.0009765625
2.0000001627500001 2.0000001637299998 1.99999993338 1.9999999537199999 0.0009765625
2.0000001637299998 2.0000001647099999 1.99999993304 1.9999999533799999 0.0009765625
2.0000001647099999 2.0000001656899999 1.9999999327 1.9999999530399999 0.0009765625
2.0000001656899999 2.00000016667 1.99999993236 1.9999999527000001 0.0009765625
2.00000016667 2.0000001676500001 1.9999999320199999 1.9999999523600001 0.0009765625
2.0000001676500001 2.0000001686300002 1.9999999316799999 1.99999995202 0.0009765625
2.0000001686300002 2.0000001696099998 1.9999999313400001 1.99999995168 0.0009765625
2.0000001696099998 2.0000001705899999 1.9999999310000001 1.99999995134 0.0009765625
2.0000001705899999 2.00000017157 1.99999993066 1.9999999509999999 0.0009765625
2.00000017157 2.0000001725500001 1.99999993033 1.9999999506599999 0.0009765625
2.0000001725500001 2.0000001735300001 1.99999992999 1.9999999503300001 0.0009765625
2.0000001735300001 2.0000001745099998 1.99999992965 1.9999999499900001 0.0009765625
2.0000001745099998 2.0000001754899999 1.9999999293099999 1.9999999496500001 0.0009765625
2.0000001754899999 2.0000001764699999 1.9999999289699999 1.99999994931 0.0009765625
2.0000001764699999 2.00000017745 1.9999999286300001 1.99999994897 0.0009765625
2.00000017745 2.0000001784300001 1.9999999282900001 1.99999994863 0.0009765625
2.0000001784300001 2.0000001794100002 1.99999992795 1.9999999482899999 0.0009765625
2.0000001794100002 2.0000001803899998 1.99999992761 1.9999999479499999 0.0009765625
2.0000001803899998 2.0000001813699999 1.99999992727 1.9999999476100001 0.0009765625
2.0000001813699999 2.00000018235 1.9999999269299999 1.9999999472700001 0.0009765625
2.00000018235 2.0000001833300001 1.9999999265999999 1.99999994693 0.0009765625
2.0000001833300001 2.0000001843100002 1.9999999262599999 1.9999999466 0.0009765625
2.0000001843100002 2.0000001852899998 1.9999999259200001 1.99999994626 0.0009765625
2.0000001852899998 2.0000001862699999 1.9999999255800001 1.99999994592 0.0009765625
2.0000001862699999 2.00000018725 1.99999992524 1.9999999455799999 0.0009765625
2.00000018725 2.00000018824 1.9999999249 1.9999999452399999 0.0009765625
2.00000018824 2.0000001892200001 1.99999992456 1.9999999449000001 0.0009765625
2.0000001892200001 2.0000001902000002 1.9999999242199999 1.9999999445600001 0.0009765625
2.0000001902000002 2.0000001911799998 1.9999999238799999 1.99999994422 0.0009765625
2.0000001911799998 2.0000001921599999 1.9999999235399999 1.99999994388 0.0009765625
2.0000001921599999 2.00000019314 1.9999999232000001 1.99999994354 0.0009765625
2.00000019314 2.0000001941200001 1.9999999228700001 1.9999999432 0.0009765625
2.0000001941200001 2.0000001951000002 1.99999992253 1.9999999428699999 0.0009765625
2.0000001951000002 2.0000001960799998 1.99999992219 1.9999999425299999 0.0009765625
2.0000001960799998 2.0000001970599999 1.99999992185 1.9999999421900001 0.0009765625
2.0000001970599999 2.00000019804 1.9999999215099999 1.9999999418500001 0.0009765625
2.00000019804 2.00000019902 1.9999999211699999 1.99999994151 0.0009765625
2.00000019902 2.0000002000000001 1.9999999208300001 1.99999994117 0.0009765625
2.0000002000000001 2.0000002019599998 1.9999999201500001 1.99999994083 0.0009765625
2.0000002019599998 2.00000020392 1.99999991948 1.9999999401499999 0.0009765625
2.00000020392 2.0000002058800002 1.9999999187999999 1.9999999394800001 0.0009765625
2.0000002058800002 2.0000002078399999 1.9999999181200001 1.9999999388 0.0009765625
2.0000002078399999 2.0000002098 1.9999999174400001 1.99999993812 0.0009765625
2.0000002098 2.0000002117600002 1.99999991676 1.9999999374399999 0.0009765625
2.0000002117600002 2.0000002137299999 1.9999999160799999 1.9999999367600001 0.0009765625
2.0000002137299999 2.0000002156900001 1.9999999154100001 1.99999993608 0.0009765625
2.0000002156900001 2.0000002176499998 1.9999999147300001 1.99999993541 0.0009765625
2.0000002176499998 2.00000021961 1.99999991405 1.9999999347299999 0.0009765625
2.00000021961 2.0000002215700001 1.9999999133699999 1.9999999340500001 0.0009765625
2.0000002215700001 2.0000002235299998 1.9999999126900001 1.99999993337 0.0009765625
2.0000002235299998 2.00000022549 1.99999991202 1.99999993269 0.0009765625
2.00000022549 2.0000002274500002 1.99999991134 1.9999999320199999 0.0009765625
2.0000002274500002 2.0000002294099999 1.9999999106599999 1.9999999313400001 0.0009765625
2.0000002294099999 2.00000023137 1.9999999099800001 1.99999993066 0.0009765625
2.00000023137 2.0000002333300002 1.9999999093 1.99999992998 0.0009765625
2.0000002333300002 2.0000002352899999 1.99999990862 1.9999999292999999 0.0009765625
2.0000002352899999 2.0000002372500001 1.9999999079499999 1.9999999286200001 0.0009765625
2.0000002372500001 2.0000002392199998 1.9999999072700001 1.99999992795 0.0009765625
2.0000002392199998 2.00000024118 1.99999990659 1.99999992727 0.0009765625
2.00000024118 2.0000002431400001 1.99999990591 1.9999999265899999 0.0009765625
2.0000002431400001 2.0000002450999999 1.9999999052299999 1.9999999259100001 0.0009765625
2.0000002450999999 2.00000024706 1.9999999045600001 1.99999992523 0.0009765625
2.00000024706 2.0000002490200002 1.99999990388 1.99999992456 0.0009765625
2.0000002490200002 2.0000002509799999 1.9999999032 1.9999999238799999 0.0009765625
2.0000002509799999 2.0000002529400001 1.9999999025199999 1.9999999232000001 0.0009765625
2.0000002529400001 2.0000002549000002 1.9999999018400001 1.99999992252 0.0009765625
2.0000002549000002 2.0000002568599999 1.99999990117 1.99999992184 0.0009765625
2.0000002568599999 2.0000002588200001 1.99999990049 1.9999999211699999 0.0009765625
2.0000002588200001 2.0000002607799998 1.9999998998099999 1.9999999204900001 0.0009765625
2.0000002607799998 2.00000026275 1.9999998991300001 1.99999991981 0.0009765625
2.00000026275 2.0000002647100001 1.99999989845 1.99999991913 0.0009765625
2.0000002647100001 2.0000002666699999 1.99999989777 1.9999999184499999 0.0009765625
2.0000002666699999 2.00000026863 1.9999998970999999 1.9999999177700001 0.0009765625
2.00000026863 2.0000002705900002 1.9999998964200001 1.9999999171 0.0009765625
2.0000002705900002 2.0000002725499999 1.99999989574 1.99999991642 0.0009765625
2.0000002725499999 2.0000002745100001 1.99999989506 1.9999999157399999 0.0009765625
2.0000002745100001 2.0000002764699998 1.9999998943799999 1.9999999150600001 0.0009765625
2.0000002764699998 2.0000002784299999 1.9999998937100001 1.99999991438 0.0009765625
2.0000002784299999 2.0000002803900001 1.99999989303 1.99999991371 0.0009765625
2.0000002803900001 2.0000002823499998 1.99999989235 1.9999999130299999 0.0009765625
2.0000002823499998 2.00000028431 1.9999998916699999 1.9999999123500001 0.0009765625
2.00000028431 2.0000002862700001 1.9999998909900001 1.99999991167 0.0009765625
2.0000002862700001 2.0000002882399999 1.99999989032 1.99999991099 0.0009765625
2.0000002882399999 2.0000002902 1.99999988964 1.9999999103199999 0.0009765625
2.0000002902 2.0000002921600002 1.9999998889599999 1.9999999096400001 0.0009765625
2.0000002921600002 2.0000002941199999 1.9999998882800001 1.99999990896 0.0009765625
2.0000002941199999 2.0000002960800001 1.9999998876 1.99999990828 0.0009765625
2.0000002960800001 2.0000002980399998 1.99999988692 1.9999999075999999 0.0009765625
2.0000002980399998 2.0000003 1.9999998862499999 1.9999999069200001 0.0009765625
2.0000003 2.0000003019600001 1.9999998855700001 1.99999990625 0.0009765625
2.0000003019600001 2.0000003039199998 1.99999988489 1.99999990557 0.0009765625
2.0000003039199998 2.00000030588 1.99999988421 1.9999999048899999 0.0009765625
2.00000030588 2.0000003078400002 1.9999998835299999 1.9999999042100001 0.0009765625
2.0000003078400002 2.0000003097999999 1.9999998828600001 1.99999990353 0.0009765625
2.0000003097999999 2.00000031176 1.99999988218 1.99999990286 0.0009765625
2.00000031176 2.0000003137300002 1.9999998815 1.9999999021799999 0.0009765625
2.0000003137300002 2.0000003156899999 1.9999998808199999 1.9999999015000001 0.0009765625
2.0000003156899999 2.0000003176500001 1.9999998801400001 1.99999990082 0.0009765625
2.0000003176500001 2.0000003196099998 1.99999987947 1.99999990014 0.0009765625
2.0000003196099998 2.00000032157 1.99999987879 1.9999998994699999 0.0009765625
2.00000032157 2.0000003235300001 1.9999998781099999 1.9999998987900001 0.0009765625
2.0000003235300001 2.0000003254899998 1.9999998774300001 1.99999989811 0.0009765625
2.0000003254899998 2.00000032745 1.99999987675 1.99999989743 0.0009765625
2.00000032745 2.0000003294100002 1.99999987607 1.9999998967499999 0.0009765625
2.0000003294100002 2.0000003313699999 1.9999998753999999 1.9999998960700001 0.0009765625
2.0000003313699999 2.00000033333 1.9999998747200001 1.9999998954 0.0009765625
2.00000033333 2.0000003352900002 1.99999987404 1.9999998947199999 0.0009765625
2.0000003352900002 2.0000003372499999 1.99999987336 1.9999998940399999 0.0009765625
2.0000003372499999 2.0000003392200001 1.9999998726799999 1.9999998933600001 0.0009765625
2.0000003392200001 2.0000003411799998 1.9999998720100001 1.99999989268 0.0009765625
2.0000003411799998 2.00000034314 1.99999987133 1.9999998920099999 0.0009765625
2.00000034314 2.0000003451000001 1.99999987065 1.9999998913299999 0.0009765625
2.0000003451000001 2.0000003470599999 1.9999998699699999 1.9999998906500001 0.0009765625
2.0000003470599999 2.00000034902 1.9999998692900001 1.99999988997 0.0009765625
2.00000034902 2.0000003509800002 1.99999986862 1.9999998892899999 0.0009765625
2.0000003509800002 2.0000003529399999 1.99999986794 1.9999998886200001 0.0009765625
2.0000003529399999 2.0000003549000001 1.9999998672599999 1.9999998879400001 0.0009765625
2.0000003549000001 2.0000003568600002 1.9999998665800001 1.99999988726 0.0009765625
2.0000003568600002 2.0000003588199999 1.9999998659 1.9999998865799999 0.0009765625
2.0000003588199999 2.0000003607800001 1.99999986522 1.9999998859000001 0.0009765625
2.0000003607800001 2.0000003627499998 1.9999998645499999 1.9999998852200001 0.0009765625
2.0000003627499998 2.00000036471 1.9999998638700001 1.99999988455 0.0009765625
2.00000036471 2.0000003666700001 1.99999986319 1.9999998838699999 0.0009765625
2.0000003666700001 2.0000003686299999 1.9999998625099999 1.9999998831900001 0.0009765625
2.0000003686299999 2.00000037059 1.9999998618299999 1.99999988251 0.0009765625
2.00000037059 2.0000003725500002 1.9999998611600001 1.99999988183 0.0009765625
2.0000003725500002 2.0000003745099999 1.99999986048 1.9999998811599999 0.0009765625
2.0000003745099999 2.0000003764700001 1.9999998597999999 1.9999998804800001 0.0009765625
2.0000003764700001 2.0000003784299998 1.9999998591199999 1.9999998798 0.0009765625
2.0000003784299998 2.0000003803899999 1.9999998584400001 1.99999987912 0.0009765625
2.0000003803899999 2.0000003823500001 1.99999985777 1.9999998784399999 0.0009765625
2.0000003823500001 2.0000003843099998 1.9999998570899999 1.9999998777700001 0.0009765625
2.0000003843099998 2.00000038627 1.9999998564100001 1.99999987709 0.0009765625
2.00000038627 2.0000003882400001 1.9999998557300001 1.99999987641 0.0009765625
2.0000003882400001 2.0000003901999999 1.99999985505 1.9999998757299999 0.0009765625
2.0000003901999999 2.00000039216 1.9999998543699999 1.9999998750500001 0.0009765625
2.00000039216 2.0000003941200002 1.9999998537000001 1.99999987437 0.0009765625
2.0000003941200002 2.0000003960799999 1.9999998530200001 1.9999998737 0.0009765625
2.0000003960799999 2.0000003980400001 1.99999985234 1.9999998730199999 0.0009765625
2.0000003980400001 2.0000003999999998 1.9999998516599999 1.9999998723400001 0.0009765625
2.0000003999999998 2.0000004039200001 1.99999985031 1.99999987166 0.0009765625
2.0000004039200001 2.00000040784 1.9999998489499999 1.9999998703099999 0.0009765625
2.00000040784 2.0000004117599999 1.99999984759 1.99999986895 0.0009765625
2.0000004117599999 2.0000004156900002 1.9999998462399999 1.9999998675899999 0.0009765625
2.0000004156900002 2.0000004196100001 1.99999984488 1.99999986624 0.0009765625
2.0000004196100001 2.00000042353 1.9999998435199999 1.9999998648799999 0.0009765625
2.00000042353 2.0000004274499998 1.99999984217 1.99999986352 0.0009765625
2.0000004274499998 2.0000004313700002 1.9999998408099999 1.9999998621699999 0.0009765625
2.0000004313700002 2.00000043529 1.99999983946 1.99999986081 0.0009765625
2.00000043529 2.0000004392199999 1.9999998380999999 1.9999998594599999 0.0009765625
2.0000004392199999 2.0000004431399998 1.99999983674 1.9999998581 0.0009765625
2.0000004431399998 2.0000004470600001 1.9999998353899999 1.9999998567399999 0.0009765625
2.0000004470600001 2.00000045098 1.99999983403 1.99999985539 0.0009765625
2.00000045098 2.0000004548999999 1.9999998326699999 1.9999998540299999 0.0009765625
2.0000004548999999 2.0000004588200002 1.99999983132 1.99999985267 0.0009765625
2.0000004588200002 2.0000004627500001 1.9999998299599999 1.9999998513199999 0.0009765625
2.0000004627500001 2.00000046667 1.99999982861 1.99999984996 0.0009765625
2.00000046667 2.0000004705899999 1.9999998272499999 1.9999998486099999 0.0009765625
2.0000004705899999 2.0000004745100002 1.99999982589 1.99999984725 0.0009765625
2.0000004745100002 2.0000004784300001 1.9999998245399999 1.9999998458899999 0.0009765625
2.0000004784300001 2.0000004823499999 1.99999982318 1.99999984454 0.0009765625
2.0000004823499999 2.0000004862699998 1.9999998218199999 1.9999998431799999 0.0009765625
2.0000004862699998 2.0000004902000001 1.99999982047 1.99999984182 0.0009765625
2.0000004902000001 2.00000049412 1.9999998191099999 1.9999998404699999 0.0009765625
2.00000049412 2.0000004980399999 1.99999981776 1.99999983911 0.0009765625
2.0000004980399999 2.0000005019599998 1.9999998163999999 1.9999998377599999 0.0009765625
2.0000005019599998 2.0000005058800001 1.99999981504 1.9999998364 0.0009765625
2.0000005058800001 2.0000005098 1.9999998136899999 1.9999998350399999 0.0009765625
2.0000005098 2.0000005137299999 1.99999981233 1.99999983369 0.0009765625
2.0000005137299999 2.0000005176500002 1.9999998109699999 1.9999998323299999 0.0009765625
2.0000005176500002 2.0000005215700001 1.99999980962 1.99999983097 0.0009765625
2.0000005215700001 2.00000052549 1.9999998082599999 1.9999998296199999 0.0009765625
2.00000052549 2.0000005294099998 1.99999980691 1.99999982826 0.0009765625
2.0000005294099998 2.0000005333300002 1.9999998055499999 1.9999998269099999 0.0009765625
2.0000005333300002 2.00000053725 1.99999980419 1.99999982555 0.0009765625
2.00000053725 2.0000005411799999 1.9999998028399999 1.9999998241900001 0.0009765625
2.0000005411799999 2.0000005450999998 1.99999980148 1.99999982284 0.0009765625
2.0000005450999998 2.0000005490200001 1.9999998001199999 1.9999998214800001 0.0009765625
2.0000005490200001 2.00000055294 1.99999979877 1.99999982012 0.0009765625
2.00000055294 2.0000005568599999 1.9999997974099999 1.9999998187700001 0.0009765625
2.0000005568599999 2.0000005607800002 1.99999979606 1.99999981741 0.0009765625
2.0000005607800002 2.0000005647100001 1.9999997947000001 1.9999998160600001 0.0009765625
2.0000005647100001 2.00000056863 1.99999979334 1.9999998147 0.0009765625
2.00000056863 2.0000005725499999 1.9999997919900001 1.9999998133400001 0.0009765625
2.0000005725499999 2.0000005764700002 1.99999979063 1.99999981199 0.0009765625
2.0000005764700002 2.0000005803900001 1.9999997892700001 1.9999998106300001 0.0009765625
2.0000005803900001 2.0000005843099999 1.99999978792 1.99999980927 0.0009765625
2.0000005843099999 2.0000005882399998 1.9999997865600001 1.9999998079200001 0.0009765625
2.0000005882399998 2.0000005921600001 1.99999978521 1.99999980656 0.0009765625
2.0000005921600001 2.00000059608 1.9999997838500001 1.9999998052100001 0.0009765625
2.00000059608 2.0000005999999999 1.99999978249 1.99999980385 0.0009765625
2.0000005999999999 2.0000006039199998 1.9999997811400001 1.9999998024900001 0.0009765625
2.0000006039199998 2.0000006078400001 1.99999977978 1.99999980114 0.0009765625
2.0000006078400001 2.00000061176 1.9999997784200001 1.9999997997800001 0.0009765625
2.00000061176 2.0000006156899999 1.99999977707 1.99999979842 0.0009765625
2.0000006156899999 2.0000006196100002 1.9999997757100001 1.9999997970700001 0.0009765625
2.0000006196100002 2.0000006235300001 1.99999977436 1.99999979571 0.0009765625
2.0000006235300001 2.00000062745 1.9999997730000001 1.9999997943600001 0.0009765625
2.00000062745 2.0000006313699998 1.99999977164 1.999999793 0.0009765625
2.0000006313699998 2.0000006352900002 1.9999997702900001 1.9999997916400001 0.0009765625
2.0000006352900002 2.00000063922 1.99999976893 1.99999979029 0.0009765625
2.00000063922 2.0000006431399999 1.9999997675700001 1.9999997889300001 0.0009765625
2.0000006431399999 2.0000006470599998 1.99999976622 1.99999978757 0.0009765625
2.0000006470599998 2.0000006509800001 1.9999997648600001 1.9999997862200001 0.0009765625
2.0000006509800001 2.0000006549 1.99999976351 1.99999978486 0.0009765625
2.0000006549 2.0000006588199999 1.9999997621500001 1.9999997835100001 0.0009765625
2.0000006588199999 2.0000006627500002 1.99999976079 1.99999978215 0.0009765625
2.0000006627500002 2.0000006666700001 1.9999997594400001 1.9999997807900001 0.0009765625
2.0000006666700001 2.00000067059 1.99999975808 1.99999977944 0.0009765625
2.00000067059 2.0000006745099999 1.9999997567200001 1.9999997780800001 0.0009765625
2.0000006745099999 2.0000006784300002 1.99999975537 1.99999977672 0.0009765625
2.0000006784300002 2.0000006823500001 1.9999997540100001 1.9999997753700001 0.0009765625
2.0000006823500001 2.0000006862699999 1.99999975266 1.99999977401 0.0009765625
2.0000006862699999 2.0000006901999998 1.9999997513000001 1.9999997726600001 0.0009765625
2.0000006901999998 2.0000006941200001 1.99999974994 1.9999997713 0.0009765625
2.0000006941200001 2.00000069804 1.9999997485900001 1.9999997699400001 0.0009765625
2.00000069804 2.0000007019599999 1.99999974723 1.9999997685899999 0.0009765625
2.0000007019599999 2.0000007058799998 1.9999997458700001 1.9999997672300001 0.0009765625
2.0000007058799998 2.0000007098000001 1.99999974452 1.9999997658699999 0.0009765625
2.0000007098000001 2.00000071373 1.9999997431600001 1.9999997645200001 0.0009765625
2.00000071373 2.0000007176499999 1.99999974181 1.9999997631599999 0.0009765625
2.0000007176499999 2.0000007215700002 1.9999997404500001 1.9999997618100001 0.0009765625
2.0000007215700002 2.0000007254900001 1.99999973909 1.9999997604499999 0.0009765625
2.0000007254900001 2.00000072941 1.9999997377400001 1.9999997590900001 0.0009765625
2.00000072941 2.0000007333299998 1.9999997363799999 1.9999997577399999 0.0009765625
2.0000007333299998 2.0000007372500002 1.9999997350200001 1.99999975638 0.0009765625
2.0000007372500002 2.00000074118 1.9999997336699999 1.9999997550199999 0.0009765625
2.00000074118 2.0000007450999999 1.9999997323100001 1.99999975367 0.0009765625
2.0000007450999999 2.0000007490199998 1.9999997309599999 1.9999997523099999 0.0009765625
2.0000007490199998 2.0000007529400001 1.9999997296000001 1.99999975096 0.0009765625
2.0000007529400001 2.00000075686 1.9999997282399999 1.9999997495999999 0.0009765625
2.00000075686 2.0000007607799999 1.9999997268900001 1.99999974824 0.0009765625
2.0000007607799999 2.0000007647100002 1.9999997255299999 1.9999997468899999 0.0009765625
2.0000007647100002 2.0000007686300001 1.99999972417 1.99999974553 0.0009765625
2.0000007686300001 2.00000077255 1.9999997228199999 1.9999997441699999 0.0009765625
2.00000077255 2.0000007764699999 1.99999972146 1.99999974282 0.0009765625
2.0000007764699999 2.0000007803900002 1.9999997201099999 1.9999997414599999 0.0009765625
2.0000007803900002 2.0000007843100001 1.99999971875 1.99999974011 0.0009765625
2.0000007843100001 2.0000007882399999 1.9999997173899999 1.9999997387499999 0.0009765625
2.0000007882399999 2.0000007921599998 1.99999971604 1.99999973739 0.0009765625
2.0000007921599998 2.0000007960800001 1.9999997146799999 1.9999997360399999 0.0009765625
2.0000007960800001 2.0000008 1.99999971332 1.99999973468 0.0009765625
2.0000008 2.0000008078399998 1.99999971061 1.9999997333199999 0.0009765625
2.0000008078399998 2.00000081569 1.9999997079 1.9999997306099999 0.0009765625
2.00000081569 2.0000008235300002 1.99999970519 1.9999997278999999 0.0009765625
2.0000008235300002 2.00000083137 1.99999970247 1.9999997251899999 0.0009765625
2.00000083137 2.0000008392200002 1.99999969976 1.9999997224699999 0.0009765625
2.0000008392200002 2.0000008470599999 1.99999969705 1.9999997197599999 0.0009765625
2.0000008470599999 2.0000008549000001 1.99999969434 1.9999997170499999 0.0009765625
2.0000008549000001 2.0000008627499999 1.99999969162 1.9999997143399999 0.0009765625
2.0000008627499999 2.0000008705900001 1.99999968891 1.9999997116199999 0.0009765625
2.0000008705900001 2.0000008784299999 1.9999996862 1.9999997089099999 0.0009765625
2.0000008784299999 2.0000008862700001 1.99999968349 1.9999997061999999 0.0009765625
2.0000008862700001 2.0000008941199998 1.99999968077 1.9999997034899999 0.0009765625
2.0000008941199998 2.00000090196 1.99999967806 1.9999997007700001 0.0009765625
2.00000090196 2.0000009097999998 1.99999967535 1.9999996980600001 0.0009765625
2.0000009097999998 2.00000091765 1.99999967264 1.9999996953500001 0.0009765625
2.00000091765 2.0000009254900002 1.9999995799200001 1.99999978264 0.0009765625
2.0000009254900002 2.00000093333 1.9999995772100001 1.99999977992 0.0009765625
2.00000093333 2.0000009411800002 1.9999995745000001 1.99999977721 0.0009765625
2.0000009411800002 2.0000009490199999 1.9999995717900001 1.9999997745 0.0009765625
2.0000009490199999 2.0000009568600001 1.9999995690700001 1.99999977179 0.0009765625
2.0000009568600001 2.0000009647099999 1.9999995663600001 1.99999976907 0.0009765625
2.0000009647099999 2.0000009725500001 1.9999995636500001 1.99999976636 0.0009765625
2.0000009725500001 2.0000009803899998 1.9999995609400001 1.99999976365 0.0009765625
2.0000009803899998 2.0000009882400001 1.9999995582200001 1.99999976094 0.0009765625
2.0000009882400001 2.0000009960799998 1.9999995555100001 1.99999975822 0.0009765625
2.0000009960799998 2.00000100392 1.9999995528000001 1.99999975551 0.0009765625
2.00000100392 2.0000010117599998 1.9999995500900001 1.9999997528 0.0009765625
2.0000010117599998 2.00000101961 1.9999995473700001 1.99999975009 0.0009765625
2.00000101961 2.0000010274500002 1.9999995446600001 1.99999974737 0.0009765625
2.0000010274500002 2.00000103529 1.9999995419500001 1.99999974466 0.0009765625
2.00000103529 2.0000010431400002 1.9999995392400001 1.99999974195 0.0009765625
2.0000010431400002 2.0000010509799999 1.9999995365200001 1.99999973924 0.0009765625
2.0000010509799999 2.0000010588200001 1.9999995338100001 1.99999973652 0.0009765625
2.0000010588200001 2.0000010666699999 1.9999995311000001 1.99999973381 0.0009765625
2.0000010666699999 2.0000010745100001 1.9999995283900001 1.9999997311 0.0009765625
2.0000010745100001 2.0000010823499998 1.9999995256700001 1.99999972839 0.0009765625
2.0000010823499998 2.0000010902000001 1.9999995229600001 1.99999972567 0.0009765625
2.0000010902000001 2.0000010980399998 1.9999995202500001 1.9999997229599999 0.0009765625
2.0000010980399998 2.00000110588 1.99999951754 1.9999997202499999 0.0009765625
2.00000110588 2.0000011137299998 1.99999951482 1.9999997175399999 0.0009765625
2.0000011137299998 2.00000112157 1.99999951211 1.9999997148199999 0.0009765625
2.00000112157 2.0000011294100002 1.9999995094 1.9999997121099999 0.0009765625
2.0000011294100002 2.0000011372499999 1.99999950669 1.9999997093999999 0.0009765625
2.0000011372499999 2.0000011451000002 1.99999950397 1.9999997066899999 0.0009765625
2.0000011451000002 2.0000011529399999 1.99999950126 1.9999997039699999 0.0009765625
2.0000011529399999 2.0000011607800001 1.99999949855 1.9999997012599999 0.0009765625
2.0000011607800001 2.0000011686299999 1.99999949584 1.9999996985499999 0.0009765625
2.0000011686299999 2.0000011764700001 1.99999949312 1.9999996958399999 0.0009765625
2.0000011764700001 2.0000011843099998 1.99999949041 1.9999996931199999 0.0009765625
2.0000011843099998 2.0000011921600001 1.9999994877 1.9999996904099999 0.0009765625
2.0000011921600001 2.0000011999999998 1.99999948499 1.9999996876999999 0.0009765625
2.0000011999999998 2.00000120784 1.99999948227 1.9999996849899999 0.0009765625
2.00000120784 2.0000012156899998 1.99999947956 1.9999996822699999 0.0009765625
2.0000012156899998 2.00000122353 1.99999947685 1.9999996795599999 0.0009765625
2.00000122353 2.0000012313700002 1.99999947414 1.9999996768499999 0.0009765625
2.0000012313700002 2.0000012392199999 1.99999947142 1.9999996741399999 0.0009765625
2.0000012392199999 2.0000012470600002 1.99999946871 1.9999996714199999 0.0009765625
2.0000012470600002 2.0000012548999999 1.999999466 1.9999996687099999 0.0009765625
2.0000012548999999 2.0000012627500001 1.99999946329 1.9999996659999999 0.0009765625
2.0000012627500001 2.0000012705899999 1.99999946057 1.9999996632899999 0.0009765625
2.0000012705899999 2.0000012784300001 1.99999945786 1.9999996605699999 0.0009765625
2.0000012784300001 2.0000012862699998 1.99999945515 1.9999996578599999 0.0009765625
2.0000012862699998 2.0000012941200001 1.99999945244 1.9999996551500001 0.0009765625
2.0000012941200001 2.0000013019599998 1.99999944972 1.9999996524400001 0.0009765625
2.0000013019599998 2.0000013098 1.99999944701 1.9999996497200001 0.0009765625
2.0000013098 2.0000013176500002 1.9999994443 1.9999996470100001 0.0009765625
2.0000013176500002 2.00000132549 1.99999944159 1.9999996443000001 0.0009765625
2.00000132549 2.0000013333300002 1.99999943887 1.9999996415900001 0.0009765625
2.0000013333300002 2.0000013411799999 1.99999943616 1.9999996388700001 0.0009765625
2.0000013411799999 2.0000013490200002 1.99999943345 1.9999996361600001 0.0009765625
2.0000013490200002 2.0000013568599999 1.99999943074 1.9999996334500001 0.0009765625
2.0000013568599999 2.0000013647100001 1.99999942802 1.9999996307400001 0.0009765625
2.0000013647100001 2.0000013725499999 1.99999942531 1.9999996280200001 0.0009765625
2.0000013725499999 2.0000013803900001 1.9999994226 1.9999996253100001 0.0009765625
2.0000013803900001 2.0000013882399998 1.99999941989 1.9999996226000001 0.0009765625
2.0000013882399998 2.00000139608 1.99999941717 1.9999996198900001 0.0009765625
2.00000139608 2.0000014039199998 1.99999941446 1.9999996171700001 0.0009765625
2.0000014039199998 2.00000141176 1.99999941175 1.9999996144600001 0.0009765625
2.00000141176 2.0000014196100002 1.99999940904 1.9999996117500001 0.0009765625
2.0000014196100002 2.00000142745 1.99999940632 1.9999996090400001 0.0009765625
2.00000142745 2.0000014352900002 1.9999994036099999 1.9999996063200001 0.0009765625
2.0000014352900002 2.0000014431399999 1.9999994008999999 1.9999996036100001 0.0009765625
2.0000014431399999 2.0000014509800002 1.9999993981899999 1.9999996009000001 0.0009765625
2.0000014509800002 2.0000014588199999 1.9999993954699999 1.9999995981900001 0.0009765625
2.0000014588199999 2.0000014666700001 1.9999993927599999 1.9999995954700001 0.0009765625
2.0000014666700001 2.0000014745099999 1.9999993900499999 1.9999995927600001 0.0009765625
2.0000014745099999 2.0000014823500001 1.9999993873399999 1.9999995900500001 0.0009765625
2.0000014823500001 2.0000014901999998 1.9999993846199999 1.9999995873400001 0.0009765625
2.0000014901999998 2.00000149804 1.9999993819099999 1.99999958462 0.0009765625
2.00000149804 2.0000015058799998 1.9999993791999999 1.99999958191 0.0009765625
2.0000015058799998 2.00000151373 1.9999993764899999 1.9999995792 0.0009765625
2.00000151373 2.0000015215700002 1.9999993737699999 1.99999957649 0.0009765625
2.0000015215700002 2.00000152941 1.9999993710599999 1.99999957377 0.0009765625
2.00000152941 2.0000015372500002 1.9999993683499999 1.99999957106 0.0009765625
2.0000015372500002 2.0000015450999999 1.9999993656399999 1.99999956835 0.0009765625
2.0000015450999999 2.0000015529400001 1.9999993629199999 1.99999956564 0.0009765625
2.0000015529400001 2.0000015607799999 1.9999993602099999 1.99999956292 0.0009765625
2.0000015607799999 2.0000015686300001 1.9999993574999999 1.99999956021 0.0009765625
2.0000015686300001 2.0000015764699999 1.9999993547899999 1.9999995575 0.0009765625
2.0000015764699999 2.0000015843100001 1.9999993520699999 1.99999955479 0.0009765625
2.0000015843100001 2.0000015921599998 1.9999993493599999 1.99999955207 0.0009765625
2.0000015921599998 2.0000016 1.9999993466499999 1.99999954936 0.0009765625
2.0000016 2.00000161569 1.9999993412199999 1.99999954665 0.0009765625
2.00000161569 2.00000163137 1.9999993358000001 1.99999954122 0.0009765625
2.00000163137 2.0000016470599999 1.9999993303700001 1.9999995358 0.0009765625
2.0000016470599999 2.0000016627499999 1.9999993249500001 1.99999953037 0.0009765625
2.0000016627499999 2.0000016784299999 1.9999993195200001 1.99999952495 0.0009765625
2.0000016784299999 2.0000016941199998 1.9999993141000001 1.99999951952 0.0009765625
2.0000016941199998 2.0000017097999998 1.9999993086700001 1.9999995141 0.0009765625
2.0000017097999998 2.0000017254900002 1.9999993032500001 1.99999950867 0.0009765625
2.0000017254900002 2.0000017411800002 1.9999992978200001 1.99999950325 0.0009765625
2.0000017411800002 2.0000017568600001 1.9999992924000001 1.99999949782 0.0009765625
2.0000017568600001 2.0000017725500001 1.9999992869700001 1.9999994924 0.0009765625
2.0000017725500001 2.0000017882400001 1.9999992815500001 1.99999948697 0.0009765625
2.0000017882400001 2.00000180392 1.9999992761200001 1.99999948155 0.0009765625
2.00000180392 2.00000181961 1.9999992707000001 1.99999947612 0.0009765625
2.00000181961 2.00000183529 1.99999926527 1.9999994706999999 0.0009765625
2.00000183529 2.0000018509799999 1.99999925985 1.9999994652699999 0.0009765625
2.0000018509799999 2.0000018666699999 1.99999925442 1.9999994598499999 0.0009765625
2.0000018666699999 2.0000018823499999 1.999999249 1.9999994544199999 0.0009765625
2.0000018823499999 2.0000018980399998 1.99999924357 1.9999994489999999 0.0009765625
2.0000018980399998 2.0000019137299998 1.99999923815 1.9999994435699999 0.0009765625
2.0000019137299998 2.0000019294100002 1.99999923272 1.9999994381499999 0.0009765625
2.0000019294100002 2.0000019451000002 1.9999992273 1.9999994327199999 0.0009765625
2.0000019451000002 2.0000019607800001 1.99999922187 1.9999994272999999 0.0009765625
2.0000019607800001 2.0000019764700001 1.99999921645 1.9999994218699999 0.0009765625
2.0000019764700001 2.0000019921600001 1.99999921102 1.9999994164499999 0.0009765625
2.0000019921600001 2.00000200784 1.9999992056 1.9999994110199999 0.0009765625
2.00000200784 2.00000202353 1.99999920017 1.9999994055999999 0.0009765625
2.00000202353 2.00000203922 1.99999919475 1.9999994001700001 0.0009765625
2.00000203922 2.0000020548999999 1.99999918932 1.9999993947500001 0.0009765625
2.0000020548999999 2.0000020705899999 1.9999991839 1.9999993893200001 0.0009765625
2.0000020705899999 2.0000020862699999 1.99999917847 1.9999993839000001 0.0009765625
2.0000020862699999 2.0000021019599998 1.99999917305 1.9999993784700001 0.0009765625
2.0000021019599998 2.0000021176499998 1.99999916762 1.9999993730500001 0.0009765625
2.0000021176499998 2.0000021333300002 1.9999991622 1.9999993676200001 0.0009765625
2.0000021333300002 2.0000021490200002 1.99999915677 1.9999993622000001 0.0009765625
2.0000021490200002 2.0000021647100001 1.9999991513499999 1.9999993567700001 0.0009765625
2.0000021647100001 2.0000021803900001 1.9999991459199999 1.9999993513500001 0.0009765625
2.0000021803900001 2.0000021960800001 1.9999991404999999 1.9999993459200001 0.0009765625
2.0000021960800001 2.00000221176 1.9999991350699999 1.9999993405000001 0.0009765625
2.00000221176 2.00000222745 1.9999991296499999 1.9999993350700001 0.0009765625
2.00000222745 2.00000224314 1.9999991242199999 1.99999932965 0.0009765625
2.00000224314 2.0000022588199999 1.9999991187999999 1.99999932422 0.0009765625
2.0000022588199999 2.0000022745099999 1.9999991133699999 1.9999993188 0.0009765625
2.0000022745099999 2.0000022901999999 1.9999991079499999 1.99999931337 0.0009765625
2.0000022901999999 2.0000023058799998 1.9999991025199999 1.99999930795 0.0009765625
2.0000023058799998 2.0000023215699998 1.9999990970999999 1.99999930252 0.0009765625
2.0000023215699998 2.0000023372500002 1.9999990916699999 1.9999992971 0.0009765625
2.0000023372500002 2.0000023529400002 1.9999990862499999 1.99999929167 0.0009765625
2.0000023529400002 2.0000023686300001 1.9999990808200001 1.99999928625 0.0009765625
2.0000023686300001 2.0000023843100001 1.9999990754000001 1.99999928082 0.0009765625
2.0000023843100001 2.0000024000000001 1.9999990699700001 1.9999992754 0.0009765625
2.0000024000000001 2.00000241569 1.9999990645500001 1.99999926997 0.0009765625
2.00000241569 2.00000243137 1.9999990591200001 1.99999926455 0.0009765625
2.00000243137 2.00000244706 1.9999990537000001 1.99999925912 0.0009765625
2.00000244706 2.0000024627499999 1.9999990482700001 1.9999992537 0.0009765625
2.0000024627499999 2.0000024784299999 1.9999990428500001 1.99999924827 0.0009765625
2.0000024784299999 2.0000024941199999 1.9999990374200001 1.99999924285 0.0009765625
2.0000024941199999 2.0000025097999998 1.9999990320000001 1.99999923742 0.0009765625
2.0000025097999998 2.0000025254899998 1.9999990265700001 1.999999232 0.0009765625
2.0000025254899998 2.0000025411800002 1.9999990211500001 1.99999922657 0.0009765625
2.0000025411800002 2.0000025568600002 1.9999990157200001 1.99999922115 0.0009765625
2.0000025568600002 2.0000025725500001 1.9999990103 1.9999992157199999 0.0009765625
2.0000025725500001 2.0000025882400001 1.99999900487 1.9999992102999999 0.0009765625
2.0000025882400001 2.0000026039200001 1.99999899945 1.9999992048699999 0.0009765625
2.0000026039200001 2.00000261961 1.99999899402 1.9999991994499999 0.0009765625
2.00000261961 2.00000263529 1.9999989886 1.9999991940199999 0.0009765625
2.00000263529 2.00000265098 1.99999898317 1.9999991885999999 0.0009765625
2.00000265098 2.0000026666699999 1.99999897775 1.9999991831699999 0.0009765625
2.0000026666699999 2.0000026823499999 1.99999897232 1.9999991777499999 0.0009765625
2.0000026823499999 2.0000026980399999 1.9999989669 1.9999991723199999 0.0009765625
2.0000026980399999 2.0000027137299998 1.99999896147 1.9999991668999999 0.0009765625
2.0000027137299998 2.0000027294099998 1.99999895605 1.9999991614699999 0.0009765625
2.0000027294099998 2.0000027451000002 1.99999895062 1.9999991560499999 0.0009765625
2.0000027451000002 2.0000027607800002 1.9999989452 1.9999991506200001 0.0009765625
2.0000027607800002 2.0000027764700001 1.99999893977 1.9999991452000001 0.0009765625
2.0000027764700001 2.0000027921600001 1.99999893435 1.9999991397700001 0.0009765625
2.0000027921600001 2.0000028078400001 1.99999892892 1.9999991343500001 0.0009765625
2.0000028078400001 2.00000282353 1.9999989235 1.9999991289200001 0.0009765625
2.00000282353 2.00000283922 1.99999891807 1.9999991235000001 0.0009765625
2.00000283922 2.0000028549 1.99999891265 1.9999991180700001 0.0009765625
2.0000028549 2.0000028705899999 1.99999890722 1.9999991126500001 0.0009765625
2.0000028705899999 2.0000028862699999 1.9999989018 1.9999991072200001 0.0009765625
2.0000028862699999 2.0000029019599999 1.9999988963699999 1.9999991018000001 0.0009765625
2.0000029019599999 2.0000029176499998 1.9999988909499999 1.9999990963700001 0.0009765625
2.0000029176499998 2.0000029333299998 1.9999988855199999 1.9999990909500001 0.0009765625
2.0000029333299998 2.0000029490200002 1.9999988800999999 1.9999990855200001 0.0009765625
2.0000029490200002 2.0000029647100002 1.9999988746699999 1.9999990801 0.0009765625
2.0000029647100002 2.0000029803900001 1.9999988692499999 1.99999907467 0.0009765625
2.0000029803900001 2.0000029960800001 1.9999988638199999 1.99999906925 0.0009765625
2.0000029960800001 2.0000030117600001 1.9999988583999999 1.99999906382 0.0009765625
2.0000030117600001 2.00000302745 1.9999988529699999 1.9999990584 0.0009765625
2.00000302745 2.00000304314 1.9999988475499999 1.99999905297 0.0009765625
2.00000304314 2.00000305882 1.9999988421199999 1.99999904755 0.0009765625
2.00000305882 2.0000030745099999 1.9999988366999999 1.99999904212 0.0009765625
2.0000030745099999 2.0000030901999999 1.9999988312700001 1.9999990367 0.0009765625
2.0000030901999999 2.0000031058799999 1.9999988258500001 1.99999903127 0.0009765625
2.0000031058799999 2.0000031215699998 1.9999988204200001 1.99999902585 0.0009765625
2.0000031215699998 2.0000031372499998 1.9999988150000001 1.99999902042 0.0009765625
2.0000031372499998 2.0000031529400002 1.9999988095700001 1.999999015 0.0009765625
2.0000031529400002 2.0000031686300002 1.9999988041500001 1.99999900957 0.0009765625
2.0000031686300002 2.0000031843100001 1.9999987987200001 1.99999900415 0.0009765625
2.0000031843100001 2.0000032000000001 1.9999987933000001 1.99999899872 0.0009765625
2.0000032000000001 2.00000323137 1.9999987824500001 1.9999989933 0.0009765625
2.00000323137 2.00000326275 1.9999987716000001 1.99999898245 0.0009765625
2.00000326275 2.0000032941199999 1.99999876075 1.9999989716 0.0009765625
2.0000032941199999 2.0000033254899998 1.9999987499 1.9999989607499999 0.0009765625
2.0000033254899998 2.0000033568600002 1.99999873905 1.9999989498999999 0.0009765625
2.0000033568600002 2.0000033882400001 1.9999987282 1.9999989390499999 0.0009765625
2.0000033882400001 2.0000034196100001 1.99999871735 1.9999989281999999 0.0009765625
2.0000034196100001 2.00000345098 1.9999987065 1.9999989173499999 0.0009765625
2.00000345098 2.0000034823499999 1.99999869565 1.9999989064999999 0.0009765625
2.0000034823499999 2.0000035137299998 1.9999986848 1.9999988956500001 0.0009765625
2.0000035137299998 2.0000035450999998 1.99999867395 1.9999988848000001 0.0009765625
2.0000035450999998 2.0000035764700002 1.9999986631 1.9999988739500001 0.0009765625
2.0000035764700002 2.0000036078400001 1.99999865225 1.9999988631000001 0.0009765625
2.0000036078400001 2.00000363922 1.9999986413999999 1.9999988522500001 0.0009765625
2.00000363922 2.0000036705899999 1.9999986305499999 1.9999988414000001 0.0009765625
2.0000036705899999 2.0000037019599999 1.9999986196999999 1.9999988305500001 0.0009765625
2.0000037019599999 2.0000037333299998 1.9999986088499999 1.9999988197 0.0009765625
2.0000037333299998 2.0000037647100002 1.9999985979999999 1.99999880885 0.0009765625
2.0000037647100002 2.0000037960800001 1.9999985871499999 1.999998798 0.0009765625
2.0000037960800001 2.00000382745 1.9999985763000001 1.99999878715 0.0009765625
2.00000382745 2.00000385882 1.9999985654500001 1.9999987763 0.0009765625
2.00000385882 2.0000038901999999 1.9999985546000001 1.99999876545 0.0009765625
2.0000038901999999 2.0000039215699998 1.9999985437500001 1.9999987546 0.0009765625
2.0000039215699998 2.0000039529400002 1.9999985329000001 1.99999874375 0.0009765625
2.0000039529400002 2.0000039843100001 1.9999985220500001 1.9999987329 0.0009765625
2.0000039843100001 2.0000040156900001 1.9999985112000001 1.99999872205 0.0009765625
2.0000040156900001 2.00000404706 1.99999850035 1.9999987111999999 0.0009765625
2.00000404706 2.0000040784299999 1.9999984895 1.9999987003499999 0.0009765625
2.0000040784299999 2.0000041097999999 1.99999847865 1.9999986894999999 0.0009765625
2.0000041097999999 2.0000041411799998 1.9999984678 1.9999986786499999 0.0009765625
2.0000041411799998 2.0000041725500002 1.99999845695 1.9999986677999999 0.0009765625
2.0000041725500002 2.0000042039200001 1.9999984461 1.9999986569499999 0.0009765625
2.0000042039200001 2.00000423529 1.99999843525 1.9999986461000001 0.0009765625
2.00000423529 2.00000426667 1.9999984244 1.9999986352500001 0.0009765625
2.00000426667 2.0000042980399999 1.99999841355 1.9999986244000001 0.0009765625
2.0000042980399999 2.0000043294099998 1.9999984027 1.9999986135500001 0.0009765625
2.0000043294099998 2.0000043607800002 1.9999983918499999 1.9999986027000001 0.0009765625
2.0000043607800002 2.0000043921600001 1.9999983809999999 1.9999985918500001 0.0009765625
2.0000043921600001 2.0000044235300001 1.9999983701499999 1.9999985810000001 0.0009765625
2.0000044235300001 2.0000044549 1.9999983592999999 1.99999857015 0.0009765625
2.0000044549 2.0000044862699999 1.9999983484499999 1.9999985593 0.0009765625
2.0000044862699999 2.0000045176499999 1.9999983375999999 1.99999854845 0.0009765625
2.0000045176499999 2.0000045490199998 1.9999983267500001 1.9999985376 0.0009765625
2.0000045490199998 2.0000045803900002 1.9999983159000001 1.99999852675 0.0009765625
2.0000045803900002 2.0000046117600001 1.9999983050500001 1.9999985159 0.0009765625
2.0000046117600001 2.00000464314 1.9999982942000001 1.99999850505 0.0009765625
2.00000464314 2.00000467451 1.9999982833500001 1.9999984942 0.0009765625
2.00000467451 2.0000047058799999 1.9999982725000001 1.99999848335 0.0009765625
2.0000047058799999 2.0000047372499998 1.9999982616500001 1.9999984725 0.0009765625
2.0000047372499998 2.0000047686300002 1.9999982508 1.9999984616499999 0.0009765625
2.0000047686300002 2.0000048000000001 1.99999823995 1.9999984507999999 0.0009765625
2.0000048000000001 2.0000048313700001 1.9999982291 1.9999984399499999 0.0009765625
2.0000048313700001 2.00000486275 1.99999821825 1.9999984290999999 0.0009765625
2.00000486275 2.0000048941199999 1.9999982074 1.9999984182499999 0.0009765625
2.0000048941199999 2.0000049254899999 1.99999819655 1.9999984073999999 0.0009765625
2.0000049254899999 2.0000049568599998 1.9999981857 1.9999983965499999 0.0009765625
2.0000049568599998 2.0000049882400002 1.99999817485 1.9999983857000001 0.0009765625
2.0000049882400002 2.0000050196100001 1.999998164 1.9999983748500001 0.0009765625
2.0000050196100001 2.00000505098 1.99999815315 1.9999983640000001 0.0009765625
2.00000505098 2.00000508235 1.9999981422999999 1.9999983531500001 0.0009765625
2.00000508235 2.0000051137299999 1.9999981314499999 1.9999983423000001 0.0009765625
2.0000051137299999 2.0000051450999998 1.9999981205999999 1.9999983314500001 0.0009765625
2.0000051450999998 2.0000051764700002 1.9999981097499999 1.9999983206 0.0009765625
2.0000051764700002 2.0000052078400001 1.9999980988999999 1.99999830975 0.0009765625
2.0000052078400001 2.0000052392200001 1.9999980880499999 1.9999982989 0.0009765625
2.0000052392200001 2.00000527059 1.9999980771999999 1.99999828805 0.0009765625
2.00000527059 2.0000053019599999 1.9999980663500001 1.9999982772 0.0009765625
2.0000053019599999 2.0000053333299999 1.9999980555000001 1.99999826635 0.0009765625
2.0000053333299999 2.0000053647099998 1.9999980446500001 1.9999982555 0.0009765625
2.0000053647099998 2.0000053960800002 1.9999980338000001 1.99999824465 0.0009765625
2.0000053960800002 2.0000054274500001 1.9999980229500001 1.9999982338 0.0009765625
2.0000054274500001 2.00000545882 1.9999980121000001 1.99999822295 0.0009765625
2.00000545882 2.0000054902 1.99999800125 1.9999982121 0.0009765625
2.0000054902 2.0000055215699999 1.9999979904 1.9999982012499999 0.0009765625
2.0000055215699999 2.0000055529399998 1.99999797955 1.9999981903999999 0.0009765625
2.0000055529399998 2.0000055843100002 1.9999979687 1.9999981795499999 0.0009765625
2.0000055843100002 2.0000056156900001 1.99999795785 1.9999981686999999 0.0009765625
2.0000056156900001 2.0000056470600001 1.999997947 1.9999981578499999 0.0009765625
2.0000056470600001 2.00000567843 1.99999793615 1.9999981469999999 0.0009765625
2.00000567843 2.0000057097999999 1.9999979253 1.9999981361500001 0.0009765625
2.0000057097999999 2.0000057411799999 1.99999791445 1.9999981253000001 0.0009765625
2.0000057411799999 2.0000057725499998 1.9999979036 1.9999981144500001 0.0009765625
2.0000057725499998 2.0000058039200002 1.99999789275 1.9999981036000001 0.0009765625
2.0000058039200002 2.0000058352900001 1.9999978818999999 1.9999980927500001 0.0009765625
2.0000058352900001 2.00000586667 1.9999978710499999 1.9999980819000001 0.0009765625
2.00000586667 2.00000589804 1.9999978601999999 1.99999807105 0.0009765625
2.00000589804 2.0000059294099999 1.9999978493499999 1.9999980602 0.0009765625
2.0000059294099999 2.0000059607799998 1.9999978384999999 1.99999804935 0.0009765625
2.0000059607799998 2.0000059921600002 1.9999978276499999 1.9999980385 0.0009765625
2.0000059921600002 2.0000060235300001 1.9999978168000001 1.99999802765 0.0009765625
2.0000060235300001 2.0000060549000001 1.9999978059500001 1.9999980168 0.0009765625
2.0000060549000001 2.00000608627 1.9999977951000001 1.99999800595 0.0009765625
2.00000608627 2.0000061176499999 1.9999977842500001 1.9999979951 0.0009765625
2.0000061176499999 2.0000061490199998 1.9999977734000001 1.99999798425 0.0009765625
2.0000061490199998 2.0000061803900002 1.9999977625500001 1.9999979734 0.0009765625
2.0000061803900002 2.0000062117600002 1.9999977517 1.99999796255 0.0009765625
2.0000062117600002 2.0000062431400001 1.99999774085 1.9999979516999999 0.0009765625
2.0000062431400001 2.00000627451 1.99999773 1.9999979408499999 0.0009765625
2.00000627451 2.0000063058799999 1.99999771915 1.9999979299999999 0.0009765625
2.0000063058799999 2.0000063372499999 1.9999977083 1.9999979191499999 0.0009765625
2.0000063372499999 2.0000063686299998 1.99999769745 1.9999979082999999 0.0009765625
2.0000063686299998 2.0000064000000002 1.9999976866 1.9999978974499999 0.0009765625
2.0000064000000002 2.00000646275 1.9999976649 1.9999978866000001 0.0009765625
2.00000646275 2.0000065254899999 1.9999976432 1.9999978649000001 0.0009765625
2.0000065254899999 2.0000065882400002 1.9999976214999999 1.9999978432000001 0.0009765625
2.0000065882400002 2.0000066509800001 1.9999975997999999 1.9999978215000001 0.0009765625
2.0000066509800001 2.0000067137299999 1.9999975780999999 1.9999977998 0.0009765625
2.0000067137299999 2.0000067764699998 1.9999975564000001 1.9999977781 0.0009765625
2.0000067764699998 2.0000068392200001 1.9999975347000001 1.9999977564 0.0009765625
2.0000068392200001 2.00000690196 1.9999975130000001 1.9999977347 0.0009765625
2.00000690196 2.0000069647099998 1.9999974913 1.999997713 0.0009765625
2.0000069647099998 2.0000070274500001 1.99999746961 1.9999976912999999 0.0009765625
2.0000070274500001 2.0000070902 1.99999744791 1.9999976696099999 0.0009765625
2.0000070902 2.0000071529399999 1.99999742621 1.9999976479099999 0.0009765625
2.0000071529399999 2.0000072156900002 1.99999740451 1.9999976262100001 0.0009765625
2.0000072156900002 2.00000727843 1.9999973828099999 1.9999976045100001 0.0009765625
2.00000727843 2.0000073411799999 1.9999973611099999 1.9999975828100001 0.0009765625
2.0000073411799999 2.0000074039200002 1.9999973394099999 1.99999756111 0.0009765625
2.0000074039200002 2.0000074666700001 1.9999973177100001 1.99999753941 0.0009765625
2.0000074666700001 2.0000075294099999 1.9999972960100001 1.99999751771 0.0009765625
2.0000075294099999 2.0000075921599998 1.9999972743100001 1.99999749601 0.0009765625
2.0000075921599998 2.0000076549000001 1.9999972526100001 1.99999747431 0.0009765625
2.0000076549000001 2.00000771765 1.99999723091 1.9999974526099999 0.0009765625
2.00000771765 2.0000077803899998 1.99999720921 1.9999974309099999 0.0009765625
2.0000077803899998 2.0000078431400001 1.99999718751 1.9999974092099999 0.0009765625
2.0000078431400001 2.00000790588 1.99999716581 1.9999973875099999 0.0009765625
2.00000790588 2.0000079686299999 1.99999714411 1.9999973658100001 0.0009765625
2.0000079686299999 2.0000080313700002 1.9999971224099999 1.9999973441100001 0.0009765625
2.0000080313700002 2.00000809412 1.9999971007099999 1.9999973224100001 0.0009765625
2.00000809412 2.0000081568599999 1.9999970790099999 1.99999730071 0.0009765625
2.0000081568599999 2.0000082196100002 1.9999970573100001 1.99999727901 0.0009765625
2.0000082196100002 2.0000082823500001 1.9999970356100001 1.99999725731 0.0009765625
2.0000082823500001 2.0000083450999999 1.9999970139100001 1.99999723561 0.0009765625
2.0000083450999999 2.0000084078399998 1.99999699221 1.99999721391 0.0009765625
2.0000084078399998 2.0000084705900001 1.99999697051 1.9999971922099999 0.0009765625
2.0000084705900001 2.0000085333299999 1.99999694881 1.9999971705099999 0.0009765625
2.0000085333299999 2.0000085960799998 1.99999692711 1.9999971488099999 0.0009765625
2.0000085960799998 2.0000086588200001 1.99999690541 1.9999971271100001 0.0009765625
2.0000086588200001 2.00000872157 1.99999688371 1.9999971054100001 0.0009765625
2.00000872157 2.0000087843099998 1.9999968620099999 1.9999970837100001 0.0009765625
2.0000087843099998 2.0000088470600002 1.9999968403099999 1.99999706201 0.0009765625
2.0000088470600002 2.0000089098 1.9999968186099999 1.99999704031 0.0009765625
2.0000089098 2.0000089725499999 1.9999967969100001 1.99999701861 0.0009765625
2.0000089725499999 2.0000090352900002 1.9999967752100001 1.99999699691 0.0009765625
2.0000090352900002 2.00000909804 1.9999967535100001 1.99999697521 0.0009765625
2.00000909804 2.0000091607799999 1.99999583181 1.99999785351 0.0009765625
2.0000091607799999 2.0000092235300002 1.9999958101099999 1.99999783181 0.0009765625
2.0000092235300002 2.0000092862700001 1.9999957884099999 1.99999781011 0.0009765625
2.0000092862700001 2.0000093490199999 1.9999957667099999 1.99999778841 0.0009765625
2.0000093490199999 2.0000094117599998 1.9999957450100001 1.99999776671 0.0009765625
2.0000094117599998 2.0000094745100001 1.9999957233100001 1.9999977450099999 0.0009765625
2.0000094745100001 2.00000953725 1.9999957016100001 1.9999977233099999 0.0009765625
2.00000953725 2.0000095999999998 1.99999567991 1.9999977016099999 0.0009765625
2.0000095999999998 2.0000096627500001 1.99999565821 1.9999976799100001 0.0009765625
2.0000096627500001 2.00000972549 1.99999563651 1.9999976582100001 0.0009765625
2.00000972549 2.0000097882399999 1.99999561481 1.9999976365100001 0.0009765625
2.0000097882399999 2.0000098509800002 1.99999559311 1.99999761481 0.0009765625
2.0000098509800002 2.00000991373 1.99999557141 1.99999759311 0.0009765625
2.00000991373 2.0000099764699999 1.9999955497099999 1.99999757141 0.0009765625
2.0000099764699999 2.0000100392200002 1.9999955280199999 1.99999754971 0.0009765625
2.0000100392200002 2.0000101019600001 1.9999955063199999 1.99999752802 0.0009765625
2.0000101019600001 2.0000101647099999 1.9999954846200001 1.99999750632 0.0009765625
2.0000101647099999 2.0000102274499998 1.9999954629200001 1.9999974846199999 0.0009765625
2.0000102274499998 2.0000102902000001 1.9999954412200001 1.9999974629199999 0.0009765625
2.0000102902000001 2.00001035294 1.99999541952 1.9999974412199999 0.0009765625
2.00001035294 2.0000104156899998 1.99999539782 1.9999974195200001 0.0009765625
2.0000104156899998 2.0000104784300001 1.99999537612 1.9999973978200001 0.0009765625
2.0000104784300001 2.00001054118 1.99999535442 1.9999973761200001 0.0009765625
2.00001054118 2.0000106039199999 1.99999533272 1.99999735442 0.0009765625
2.0000106039199999 2.0000106666700002 1.9999953110199999 1.99999733272 0.0009765625
2.0000106666700002 2.00001072941 1.9999952893199999 1.99999731102 0.0009765625
2.00001072941 2.0000107921599999 1.9999952676199999 1.99999728932 0.0009765625
2.0000107921599999 2.0000108549000002 1.9999952459200001 1.99999726762 0.0009765625
2.0000108549000002 2.0000109176500001 1.9999952242200001 1.9999972459199999 0.0009765625
2.0000109176500001 2.0000109803899999 1.9999952025200001 1.9999972242199999 0.0009765625
2.0000109803899999 2.0000110431400002 1.9999951808200001 1.9999972025199999 0.0009765625
2.0000110431400002 2.0000111058800001 1.99999515912 1.9999971808200001 0.0009765625
2.0000111058800001 2.0000111686299999 1.99999513742 1.9999971591200001 0.0009765625
2.0000111686299999 2.0000112313699998 1.99999511572 1.9999971374200001 0.0009765625
2.0000112313699998 2.0000112941200001 1.99999509402 1.9999971157200001 0.0009765625
2.0000112941200001 2.00001135686 1.99999507232 1.99999709402 0.0009765625
2.00001135686 2.0000114196099998 1.9999950506199999 1.99999707232 0.0009765625
2.0000114196099998 2.0000114823500001 1.9999950289199999 1.99999705062 0.0009765625
2.0000114823500001 2.0000115451 1.9999950072199999 1.99999702892 0.0009765625
2.0000115451 2.0000116078399999 1.9999949855200001 1.99999700722 0.0009765625
2.0000116078399999 2.0000116705900002 1.9999949638200001 1.9999969855199999 0.0009765625
2.0000116705900002 2.00001173333 1.9999949421200001 1.9999969638199999 0.0009765625
2.00001173333 2.0000117960799999 1.99999492042 1.9999969421199999 0.0009765625
2.0000117960799999 2.0000118588200002 1.99999489872 1.9999969204200001 0.0009765625
2.0000118588200002 2.0000119215700001 1.99999487702 1.9999968987200001 0.0009765625
2.0000119215700001 2.0000119843099999 1.99999485532 1.9999968770200001 0.0009765625
2.0000119843099999 2.0000120470599998 1.99999483362 1.99999685532 0.0009765625
2.0000120470599998 2.0000121098000001 1.9999948119199999 1.99999683362 0.0009765625
2.0000121098000001 2.00001217255 1.9999947902299999 1.99999681192 0.0009765625
2.00001217255 2.0000122352899998 1.9999947685299999 1.99999679023 0.0009765625
2.0000122352899998 2.0000122980400001 1.9999947468299999 1.99999676853 0.0009765625
2.0000122980400001 2.00001236078 1.9999947251300001 1.9999967468299999 0.0009765625
2.00001236078 2.0000124235299999 1.9999947034300001 1.9999967251299999 0.0009765625
2.0000124235299999 2.0000124862700002 1.9999946817300001 1.9999967034299999 0.0009765625
2.0000124862700002 2.00001254902 1.99999466003 1.9999966817299999 0.0009765625
2.00001254902 2.0000126117599999 1.99999463833 1.9999966600300001 0.0009765625
2.0000126117599999 2.0000126745100002 1.99999461663 1.9999966383300001 0.0009765625
2.0000126745100002 2.0000127372500001 1.99999459493 1.9999966166300001 0.0009765625
2.0000127372500001 2.0000127999999999 1.99999457323 1.99999659493 0.0009765625
2.0000127999999999 2.0000129254900001 1.9999945298299999 1.99999657323 0.0009765625
2.0000129254900001 2.0000130509799998 1.9999944864300001 1.99999652983 0.0009765625
2.0000130509799998 2.00001317647 1.9999944430300001 1.9999964864299999 0.0009765625
2.00001317647 2.0000133019600002 1.99999439963 1.9999964430299999 0.0009765625
2.0000133019600002 2.0000134274499999 1.99999435623 1.9999963996300001 0.0009765625
2.0000134274499999 2.0000135529400001 1.99999431283 1.99999635623 0.0009765625
2.0000135529400001 2.0000136784300002 1.9999942694299999 1.99999631283 0.0009765625
2.0000136784300002 2.0000138039199999 1.9999942260300001 1.99999626943 0.0009765625
2.0000138039199999 2.0000139294100001 1.9999941826400001 1.9999962260299999 0.0009765625
2.0000139294100001 2.0000140548999998 1.99999413924 1.9999961826399999 0.0009765625
2.0000140548999998 2.00001418039 1.99999409584 1.9999961392400001 0.0009765625
2.00001418039 2.0000143058800002 1.9999940524399999 1.99999609584 0.0009765625
2.0000143058800002 2.0000144313699999 1.9999940090399999 1.99999605244 0.0009765625
2.0000144313699999 2.0000145568600001 1.9999939656400001 1.99999600904 0.0009765625
2.0000145568600001 2.0000146823499998 1.9999939222400001 1.9999959656399999 0.0009765625
2.0000146823499998 2.00001480784 1.99999387884 1.9999959222399999 0.0009765625
2.00001480784 2.0000149333300001 1.99999383544 1.9999958788400001 0.0009765625
2.0000149333300001 2.0000150588199999 1.9999937920399999 1.99999583544 0.0009765625
2.0000150588199999 2.00001518431 1.9999937486399999 1.99999579204 0.0009765625
2.00001518431 2.0000153098000002 1.9999937052400001 1.99999574864 0.0009765625
2.0000153098000002 2.0000154352899999 1.99999366185 1.9999957052399999 0.0009765625
2.0000154352899999 2.0000155607800001 1.99999361845 1.9999956618500001 0.0009765625
2.0000155607800001 2.0000156862699998 1.99999357505 1.9999956184500001 0.0009765625
2.0000156862699998 2.00001581176 1.9999935316499999 1.99999557505 0.0009765625
2.00001581176 2.0000159372500002 1.9999934882499999 1.99999553165 0.0009765625
2.0000159372500002 2.0000160627499999 1.9999934448500001 1.99999548825 0.0009765625
2.0000160627499999 2.00001618824 1.99999340145 1.9999954448499999 0.0009765625
2.00001618824 2.0000163137300002 1.99999335805 1.9999954014500001 0.0009765625
2.0000163137300002 2.0000164392199999 1.99999331465 1.9999953580500001 0.0009765625
2.0000164392199999 2.0000165647100001 1.9999932712499999 1.99999531465 0.0009765625
2.0000165647100001 2.0000166901999998 1.9999932278500001 1.99999527125 0.0009765625
2.0000166901999998 2.00001681569 1.9999931844600001 1.9999952278499999 0.0009765625
2.00001681569 2.0000169411800002 1.99999314106 1.9999951844599999 0.0009765625
2.0000169411800002 2.0000170666699999 1.99999309766 1.9999951410600001 0.0009765625
2.0000170666699999 2.0000171921600001 1.99999305426 1.9999950976600001 0.0009765625
2.0000171921600001 2.0000173176499998 1.9999930108599999 1.99999505426 0.0009765625
2.0000173176499998 2.00001744314 1.9999929674600001 1.99999501086 0.0009765625
2.00001744314 2.0000175686300001 1.9999929240600001 1.9999949674599999 0.0009765625
2.0000175686300001 2.0000176941199999 1.99999288066 1.9999949240599999 0.0009765625
2.0000176941199999 2.00001781961 1.99999283726 1.9999948806600001 0.0009765625
2.00001781961 2.0000179451000002 1.99999279386 1.99999483726 0.0009765625
2.0000179451000002 2.0000180705899999 1.9999927504699999 1.99999479386 0.0009765625
2.0000180705899999 2.0000181960800001 1.9999927070700001 1.99999475047 0.0009765625
2.0000181960800001 2.0000183215699998 1.9999926636700001 1.9999947070699999 0.0009765625
2.0000183215699998 2.00001844706 1.99999262027 1.9999946636699999 0.0009765625
2.00001844706 2.0000185725500002 1.99999257687 1.9999946202700001 0.0009765625
2.0000185725500002 2.0000186980399999 1.9999925334699999 1.99999457687 0.0009765625
2.0000186980399999 2.00001882353 1.9999924900699999 1.99999453347 0.0009765625
2.00001882353 2.0000189490200002 1.9999924466700001 1.99999449007 0.0009765625
2.0000189490200002 2.0000190745099999 1.9999924032700001 1.9999944466699999 0.0009765625
2.0000190745099999 2.0000192000000001 1.99999235988 1.9999944032700001 0.0009765625
2.0000192000000001 2.0000193254899998 1.99999231648 1.9999943598800001 0.0009765625
2.0000193254899998 2.00001945098 1.9999922730799999 1.99999431648 0.0009765625
2.00001945098 2.0000195764700002 1.9999922296799999 1.99999427308 0.0009765625
2.0000195764700002 2.0000197019599999 1.9999921862800001 1.99999422968 0.0009765625
2.0000197019599999 2.0000198274500001 1.99999214288 1.9999941862799999 0.0009765625
2.0000198274500001 2.0000199529399998 1.99999209948 1.9999941428800001 0.0009765625
2.0000199529399998 2.00002007843 1.99999205608 1.9999940994800001 0.0009765625
2.00002007843 2.0000202039200001 1.9999920126799999 1.99999405608 0.0009765625
2.0000202039200001 2.0000203294099999 1.9999919692899999 1.99999401268 0.0009765625
2.0000203294099999 2.0000204549 1.9999919258900001 1.99999396929 0.0009765625
2.0000204549 2.0000205803900002 1.99999188249 1.9999939258899999 0.0009765625
2.0000205803900002 2.0000207058799999 1.99999183909 1.9999938824900001 0.0009765625
2.0000207058799999 2.0000208313700001 1.99999179569 1.9999938390900001 0.0009765625
2.0000208313700001 2.0000209568599998 1.9999917522899999 1.99999379569 0.0009765625
2.0000209568599998 2.00002108235 1.9999917088900001 1.99999375229 0.0009765625
2.00002108235 2.0000212078400001 1.9999916654900001 1.9999937088899999 0.0009765625
2.0000212078400001 2.0000213333299999 1.9999916221 1.9999936654899999 0.0009765625
2.0000213333299999 2.00002145882 1.9999915787 1.9999936221000001 0.0009765625
2.00002145882 2.0000215843100002 1.9999915353 1.9999935787000001 0.0009765625
2.0000215843100002 2.0000217097999999 1.9999914918999999 1.9999935353 0.0009765625
2.0000217097999999 2.0000218352900001 1.9999914485000001 1.9999934919 0.0009765625
2.0000218352900001 2.0000219607799998 1.9999914051000001 1.9999934484999999 0.0009765625
2.0000219607799998 2.00002208627 1.9999913617 1.9999934050999999 0.0009765625
2.00002208627 2.0000222117600002 1.9999913183 1.9999933617000001 0.0009765625
2.0000222117600002 2.0000223372499999 1.9999912749099999 1.9999933183 0.0009765625
2.0000223372499999 2.0000224627500001 1.9999912315099999 1.99999327491 0.0009765625
2.0000224627500001 2.0000225882399998 1.9999911881100001 1.99999323151 0.0009765625
2.0000225882399998 2.00002271373 1.9999911447100001 1.9999931881099999 0.0009765625
2.00002271373 2.0000228392200001 1.99999110131 1.9999931447099999 0.0009765625
2.0000228392200001 2.0000229647099999 1.99999105791 1.9999931013100001 0.0009765625
2.0000229647099999 2.0000230902 1.9999910145099999 1.99999305791 0.0009765625
2.0000230902 2.0000232156900002 1.9999909711199999 1.99999301451 0.0009765625
2.0000232156900002 2.0000233411799999 1.9999909277200001 1.99999297112 0.0009765625
2.0000233411799999 2.0000234666700001 1.9999908843200001 1.9999929277199999 0.0009765625
2.0000234666700001 2.0000235921599998 1.99999084092 1.9999928843200001 0.0009765625
2.0000235921599998 2.00002371765 1.99999079752 1.9999928409200001 0.0009765625
2.00002371765 2.0000238431400001 1.9999907541199999 1.99999279752 0.0009765625
2.0000238431400001 2.0000239686299999 1.9999907107199999 1.99999275412 0.0009765625
2.0000239686299999 2.00002409412 1.9999906673300001 1.99999271072 0.0009765625
2.00002409412 2.0000242196100002 1.99999062393 1.9999926673299999 0.0009765625
2.0000242196100002 2.0000243450999999 1.99999058053 1.9999926239300001 0.0009765625
2.0000243450999999 2.0000244705900001 1.99999053713 1.9999925805300001 0.0009765625
2.0000244705900001 2.0000245960799998 1.9999904937299999 1.99999253713 0.0009765625
2.0000245960799998 2.00002472157 1.9999904503299999 1.99999249373 0.0009765625
2.00002472157 2.0000248470600002 1.9999904069300001 1.9999924503299999 0.0009765625
2.0000248470600002 2.0000249725499999 1.99999036354 1.9999924069299999 0.0009765625
2.0000249725499999 2.0000250980400001 1.99999032014 1.9999923635400001 0.0009765625
2.0000250980400001 2.0000252235299998 1.99999027674 1.9999923201400001 0.0009765625
2.0000252235299998 2.00002534902 1.9999902333399999 1.99999227674 0.0009765625
2.00002534902 2.0000254745100001 1.9999901899400001 1.99999223334 0.0009765625
2.0000254745100001 2.0000255999999998 1.9999901465400001 1.9999921899399999 0.0009765625
2.0000255999999998 2.0000258509800002 1.99999005975 1.9999921465399999 0.0009765625
2.0000258509800002 2.0000261019600001 1.9999899729499999 1.9999920597500001 0.0009765625
2.0000261019600001 2.00002635294 1.9999898861500001 1.99999197295 0.0009765625
2.00002635294 2.0000266039199999 1.99998979936 1.9999918861499999 0.0009765625
2.0000266039199999 2.0000268549000002 1.9999897125599999 1.99999179936 0.0009765625
2.0000268549000002 2.0000271058800001 1.9999896257600001 1.99999171256 0.0009765625
2.0000271058800001 2.00002735686 1.99998953897 1.9999916257599999 0.0009765625
2.00002735686 2.0000276078399999 1.9999894521699999 1.99999153897 0.0009765625
2.0000276078399999 2.0000278588199998 1.99998936537 1.99999145217 0.0009765625
2.0000278588199998 2.0000281098000001 1.99998927858 1.9999913653700001 0.0009765625
2.0000281098000001 2.00002836078 1.9999891917799999 1.99999127858 0.0009765625
2.00002836078 2.0000286117599999 1.99998910498 1.99999119178 0.0009765625
2.0000286117599999 2.0000288627499998 1.99998901819 1.9999911049800001 0.0009765625
2.0000288627499998 2.0000291137300001 1.9999889313899999 1.99999101819 0.0009765625
2.0000291137300001 2.00002936471 1.99998884459 1.9999909313899999 0.0009765625
2.00002936471 2.0000296156899999 1.9999887578 1.9999908445900001 0.0009765625
2.0000296156899999 2.0000298666699998 1.9999886710000001 1.9999907578 0.0009765625
2.0000298666699998 2.0000301176500002 1.9999885842 1.9999906709999999 0.0009765625
2.0000301176500002 2.0000303686300001 1.99998849741 1.9999905842000001 0.0009765625
2.0000303686300001 2.0000306196099999 1.9999884106100001 1.99999049741 0.0009765625
2.0000306196099999 2.0000308705899998 1.99998832382 1.9999904106099999 0.0009765625
2.0000308705899998 2.0000311215700002 1.9999882370199999 1.9999903238200001 0.0009765625
2.0000311215700002 2.0000313725500001 1.9999881502200001 1.99999023702 0.0009765625
2.0000313725500001 2.00003162353 1.99998806343 1.9999901502199999 0.0009765625
2.00003162353 2.0000318745099999 1.9999879766299999 1.9999900634300001 0.0009765625
2.0000318745099999 2.0000321254900002 1.9999878898400001 1.99998997663 0.0009765625
2.0000321254900002 2.0000323764700001 1.99998780304 1.9999898898399999 0.0009765625
2.0000323764700001 2.00003262745 1.9999877162399999 1.9999898030400001 0.0009765625
2.00003262745 2.0000328784299999 1.9999876294500001 1.99998971624 0.0009765625
2.0000328784299999 2.0000331294100002 1.99998754265 1.9999896294499999 0.0009765625
2.0000331294100002 2.0000333803900001 1.9999874558599999 1.9999895426500001 0.0009765625
2.0000333803900001 2.00003363137 1.9999873690600001 1.99998945586 0.0009765625
2.00003363137 2.0000338823499999 1.99998728226 1.9999893690599999 0.0009765625
2.0000338823499999 2.0000341333299998 1.9999871954699999 1.9999892822600001 0.0009765625
2.0000341333299998 2.0000343843100001 1.9999871086700001 1.99998919547 0.0009765625
2.0000343843100001 2.00003463529 1.99998702188 1.9999891086699999 0.0009765625
2.00003463529 2.0000348862699999 1.9999869350799999 1.9999890218800001 0.0009765625
2.0000348862699999 2.0000351372499998 1.9999868482800001 1.99998893508 0.0009765625
2.0000351372499998 2.0000353882400002 1.99998676149 1.9999888482799999 0.0009765625
2.0000353882400002 2.00003563922 1.9999866746899999 1.99998876149 0.0009765625
2.00003563922 2.0000358901999999 1.9999865879000001 1.99998867469 0.0009765625
2.0000358901999999 2.0000361411799998 1.9999865011 1.9999885878999999 0.0009765625
2.0000361411799998 2.0000363921600002 1.9999864143099999 1.9999885011 0.0009765625
2.0000363921600002 2.0000366431400001 1.9999863275100001 1.99998841431 0.0009765625
2.0000366431400001 2.00003689412 1.99998624072 1.9999883275100001 0.0009765625
2.00003689412 2.0000371450999999 1.9999861539199999 1.99998824072 0.0009765625
2.0000371450999999 2.0000373960800002 1.99998606713 1.99998815392 0.0009765625
2.0000373960800002 2.0000376470600001 1.99998598033 1.9999880671300001 0.0009765625
2.0000376470600001 2.00003789804 1.9999858935299999 1.99998798033 0.0009765625
2.00003789804 2.0000381490199999 1.99998580674 1.9999878935299999 0.0009765625
2.0000381490199999 2.0000384000000002 1.99998571994 1.9999878067400001 0.0009765625
2.0000384000000002 2.0000386509800001 1.9999856331500001 1.99998771994 0.0009765625
2.0000386509800001 2.00003890196 1.99998554635 1.9999876331499999 0.0009765625
2.00003890196 2.0000391529399999 1.99998545956 1.9999875463500001 0.0009765625
2.0000391529399999 2.0000394039199998 1.9999853727600001 1.99998745956 0.0009765625
2.0000394039199998 2.0000396549000001 1.99998528597 1.9999873727599999 0.0009765625
2.0000396549000001 2.00003990588 1.9999851991699999 1.9999872859700001 0.0009765625
2.00003990588 2.0000401568599999 1.9999851123800001 1.99998719917 0.0009765625
2.0000401568599999 2.0000404078399998 1.99998502558 1.9999871123799999 0.0009765625
2.0000404078399998 2.0000406588200002 1.9999849387899999 1.9999870255800001 0.0009765625
2.0000406588200002 2.0000409098 1.9999848519900001 1.99998693879 0.0009765625
2.0000409098 2.0000411607799999 1.9999847652 1.9999868519899999 0.0009765625
2.0000411607799999 2.0000414117599998 1.9999846783999999 1.9999867652000001 0.0009765625
2.0000414117599998 2.0000416627500002 1.9999845916100001 1.9999866784 0.0009765625
2.0000416627500002 2.0000419137300001 1.99998450481 1.9999865916099999 0.0009765625
2.0000419137300001 2.00004216471 1.9999844180199999 1.9999865048100001 0.0009765625
2.00004216471 2.0000424156899999 1.9999843312300001 1.99998641802 0.0009765625
2.0000424156899999 2.0000426666700002 1.99998424443 1.9999863312299999 0.0009765625
2.0000426666700002 2.0000429176500001 1.9999841576399999 1.9999862444300001 0.0009765625
2.0000429176500001 2.00004316863 1.9999840708400001 1.99998615764 0.0009765625
2.00004316863 2.0000434196099999 1.99998398405 1.9999860708399999 0.0009765625
2.0000434196099999 2.0000436705900002 1.9999838972499999 1.9999859840500001 0.0009765625
2.0000436705900002 2.0000439215700001 1.9999838104600001 1.99998589725 0.0009765625
2.0000439215700001 2.00004417255 1.99998372366 1.9999858104599999 0.0009765625
2.00004417255 2.0000444235299999 1.9999836368699999 1.99998572366 0.0009765625
2.0000444235299999 2.0000446745099998 1.9999835500700001 1.99998563687 0.0009765625
2.0000446745099998 2.0000449254900001 1.99998346328 1.9999855500699999 0.0009765625
2.0000449254900001 2.00004517647 1.9999833764899999 1.99998546328 0.0009765625
2.00004517647 2.0000454274499999 1.9999832896900001 1.99998537649 0.0009765625
2.0000454274499999 2.0000456784299998 1.9999832029 1.9999852896899999 0.0009765625
2.0000456784299998 2.0000459294100001 1.9999831160999999 1.9999852029 0.0009765625
2.0000459294100001 2.00004618039 1.99998302931 1.9999851161 0.0009765625
2.00004618039 2.0000464313699999 1.99998294251 1.9999850293100001 0.0009765625
2.0000464313699999 2.0000466823499998 1.9999828557199999 1.99998494251 0.0009765625
2.0000466823499998 2.0000469333300002 1.99998276893 1.99998485572 0.0009765625
2.0000469333300002 2.0000471843100001 1.99998268213 1.9999847689300001 0.0009765625
2.0000471843100001 2.00004743529 1.9999825953399999 1.99998468213 0.0009765625
2.00004743529 2.0000476862699998 1.99998250854 1.9999845953399999 0.0009765625
2.0000476862699998 2.0000479372500002 1.99998242175 1.9999845085400001 0.0009765625
2.0000479372500002 2.0000481882400001 1.9999823349600001 1.99998442175 0.0009765625
2.0000481882400001 2.00004843922 1.99998224816 1.9999843349599999 0.0009765625
2.00004843922 2.0000486901999999 1.99998216137 1.9999842481600001 0.0009765625
2.0000486901999999 2.0000489411800002 1.9999820745800001 1.99998416137 0.0009765625
2.0000489411800002 2.0000491921600001 1.99998198778 1.9999840745799999 0.0009765625
2.0000491921600001 2.00004944314 1.99998190099 1.9999839877800001 0.0009765625
2.00004944314 2.0000496941199999 1.9999818141900001 1.99998390099 0.0009765625
2.0000496941199999 2.0000499450999998 1.9999817274 1.9999838141899999 0.0009765625
2.0000499450999998 2.0000501960800001 1.9999816406099999 1.9999837274000001 0.0009765625
2.0000501960800001 2.00005044706 1.9999815538100001 1.99998364061 0.0009765625
2.00005044706 2.0000506980399999 1.99998146702 1.9999835538099999 0.0009765625
2.0000506980399999 2.0000509490199998 1.9999813802299999 1.9999834670200001 0.0009765625
2.0000509490199998 2.0000512000000001 1.9999812934300001 1.99998338023 0.0009765625
2.0000512000000001 2.0000517019599999 1.9999811198499999 1.9999832934299999 0.0009765625
2.0000517019599999 2.0000522039200002 1.99998094626 1.99998311985 0.0009765625
2.0000522039200002 2.0000527058799999 1.9999807726700001 1.9999829462600001 0.0009765625
2.0000527058799999 2.0000532078400002 1.9999805990899999 1.9999827726699999 0.0009765625
2.0000532078400002 2.0000537098 1.9999804255 1.99998259909 0.0009765625
2.0000537098 2.0000542117600002 1.9999802519100001 1.9999824255 0.0009765625
2.0000542117600002 2.00005471373 1.9999800783299999 1.9999822519099999 0.0009765625
2.00005471373 2.0000552156900002 1.99997990474 1.99998207833 0.0009765625
2.0000552156900002 2.00005571765 1.9999797311500001 1.99998190474 0.0009765625
2.00005571765 2.0000562196099998 1.9999795575699999 1.9999817311500001 0.0009765625
2.0000562196099998 2.00005672157 1.99997938398 1.99998155757 0.0009765625
2.00005672157 2.0000572235299998 1.9999792104 1.99998138398 0.0009765625
2.0000572235299998 2.00005772549 1.9999790368100001 1.9999812104000001 0.0009765625
2.00005772549 2.0000582274499998 1.99997886323 1.9999810368099999 0.0009765625
2.0000582274499998 2.0000587294100001 1.99997868964 1.99998086323 0.0009765625
2.0000587294100001 2.0000592313699999 1.9999785160600001 1.9999806896400001 0.0009765625
2.0000592313699999 2.0000597333300001 1.9999783424699999 1.9999805160599999 0.0009765625
2.0000597333300001 2.0000602352899999 1.99997816889 1.99998034247 0.0009765625
2.0000602352899999 2.0000607372500001 1.9999779953000001 1.9999801688900001 0.0009765625
2.0000607372500001 2.0000612392199999 1.9999778217199999 1.9999799952999999 0.0009765625
2.0000612392199999 2.0000617411800001 1.99997764813 1.99997982172 0.0009765625
2.0000617411800001 2.0000622431399999 1.9999774745500001 1.9999796481300001 0.0009765625
2.0000622431399999 2.0000627451000001 1.9999773009699999 1.9999794745499999 0.0009765625
2.0000627451000001 2.0000632470599999 1.99997712738 1.99997930097 0.0009765625
2.0000632470599999 2.0000637490200002 1.9999769538000001 1.9999791273800001 0.0009765625
2.0000637490200002 2.00006425098 1.9999767802099999 1.9999789537999999 0.0009765625
2.00006425098 2.0000647529400002 1.99997660663 1.99997878021 0.0009765625
2.0000647529400002 2.0000652549 1.9999764330500001 1.99997860663 0.0009765625
2.0000652549 2.0000657568600002 1.9999762594599999 1.9999784330499999 0.0009765625
2.0000657568600002 2.00006625882 1.99997608588 1.99997825946 0.0009765625
2.00006625882 2.0000667607799998 1.9999759123 1.99997808588 0.0009765625
2.0000667607799998 2.00006726274 1.9999757387199999 1.9999779123000001 0.0009765625
2.00006726274 2.0000677647099998 1.99997556513 1.99997773872 0.0009765625
2.0000677647099998 2.00006826667 1.99997539155 1.99997756513 0.0009765625
2.00006826667 2.0000687686299998 1.9999752179700001 1.9999773915500001 0.0009765625
2.0000687686299998 2.0000692705900001 1.99997504439 1.9999772179699999 0.0009765625
2.0000692705900001 2.0000697725499998 1.9999748708 1.99997704439 0.0009765625
2.0000697725499998 2.0000702745100001 1.9999746972200001 1.9999768708000001 0.0009765625
2.0000702745100001 2.0000707764699999 1.9999745236399999 1.9999766972199999 0.0009765625
2.0000707764699999 2.0000712784300001 1.99997435006 1.99997652364 0.0009765625
2.0000712784300001 2.0000717803899999 1.9999741764800001 1.9999763500600001 0.0009765625
2.0000717803899999 2.0000722823500001 1.9999740028899999 1.9999761764799999 0.0009765625
2.0000722823500001 2.0000727843099999 1.99997382931 1.99997600289 0.0009765625
2.0000727843099999 2.0000732862700001 1.9999736557300001 1.9999758293100001 0.0009765625
2.0000732862700001 2.0000737882399999 1.9999734821499999 1.9999756557299999 0.0009765625
2.0000737882399999 2.0000742902000002 1.99997330857 1.99997548215 0.0009765625
2.0000742902000002 2.0000747921599999 1.9999731349900001 1.9999753085700001 0.0009765625
2.0000747921599999 2.0000752941200002 1.9999729614099999 1.9999751349899999 0.0009765625
2.0000752941200002 2.00007579608 1.99997278783 1.99997496141 0.0009765625
2.00007579608 2.0000762980400002 1.9999726142500001 1.99997478783 0.0009765625
2.0000762980400002 2.0000768 1.9999724406699999 1.9999746142499999 0.0009765625
2.0000768 2.0000773019600002 1.99997226709 1.99997444067 0.0009765625
2.0000773019600002 2.00007780392 1.99997209351 1.99997426709 0.0009765625
2.00007780392 2.0000783058799998 1.9999719199299999 1.9999740935100001 0.0009765625
2.0000783058799998 2.00007880784 1.99997174635 1.99997391993 0.0009765625
2.00007880784 2.0000793097999998 1.99997157277 1.99997374635 0.0009765625
2.0000793097999998 2.00007981176 1.9999713991900001 1.9999735727700001 0.0009765625
2.00007981176 2.0000803137299998 1.99997122561 1.9999733991899999 0.0009765625
2.0000803137299998 2.0000808156900001 1.99997105203 1.99997322561 0.0009765625
2.0000808156900001 2.0000813176499999 1.9999708784500001 1.9999730520300001 0.0009765625
2.0000813176499999 2.0000818196100001 1.9999707048699999 1.9999728784499999 0.0009765625
2.0000818196100001 2.0000823215699999 1.99997053129 1.99997270487 0.0009765625
2.0000823215699999 2.0000828235300001 1.9999703577100001 1.9999725312900001 0.0009765625
2.0000828235300001 2.0000833254899999 1.9999701841399999 1.9999723577099999 0.0009765625
2.0000833254899999 2.0000838274500001 1.99997001056 1.99997218414 0.0009765625
2.0000838274500001 2.0000843294099999 1.9999698369800001 1.9999720105600001 0.0009765625
2.0000843294099999 2.0000848313700001 1.9999696633999999 1.9999718369799999 0.0009765625
2.0000848313700001 2.0000853333299999 1.99996948982 1.9999716634 0.0009765625
2.0000853333299999 2.0000858352900002 1.9999693162400001 1.9999714898200001 0.0009765625
2.0000858352900002 2.00008633725 1.9999691426699999 1.9999713162399999 0.0009765625
2.00008633725 2.0000868392200002 1.99996896909 1.99997114267 0.0009765625
2.0000868392200002 2.00008734118 1.9999687955100001 1.9999709690900001 0.0009765625
2.00008734118 2.0000878431400002 1.9999686219299999 1.9999707955099999 0.0009765625
2.0000878431400002 2.0000883451 1.99996844836 1.99997062193 0.0009765625
2.0000883451 2.0000888470599998 1.9999682747800001 1.99997044836 0.0009765625
2.0000888470599998 2.00008934902 1.9999681011999999 1.9999702747799999 0.0009765625
2.00008934902 2.0000898509799998 1.99996792763 1.9999701012 0.0009765625
2.0000898509799998 2.00009035294 1.9999587540499999 1.99997892763 0.0009765625
2.00009035294 2.0000908548999998 1.99995858047 1.99997875405 0.0009765625
2.0000908548999998 2.0000913568600001 1.9999584069 1.9999785804700001 0.0009765625
2.0000913568600001 2.0000918588199998 1.9999582333199999 1.9999784068999999 0.0009765625
2.0000918588199998 2.0000923607800001 1.99995805974 1.99997823332 0.0009765625
2.0000923607800001 2.0000928627399999 1.99995788617 1.9999780597400001 0.0009765625
2.0000928627399999 2.0000933647100001 1.9999577125900001 1.9999778861699999 0.0009765625
2.0000933647100001 2.0000938666699999 1.99995753902 1.99997771259 0.0009765625
2.0000938666699999 2.0000943686300001 1.99995736544 1.9999775390200001 0.0009765625
2.0000943686300001 2.0000948705899999 1.9999571918700001 1.9999773654399999 0.0009765625
2.0000948705899999 2.0000953725500001 1.9999570182899999 1.99997719187 0.0009765625
2.0000953725500001 2.0000958745099999 1.99995684471 1.9999770182900001 0.0009765625
2.0000958745099999 2.0000963764700002 1.9999566711400001 1.9999768447099999 0.0009765625
2.0000963764700002 2.0000968784299999 1.9999564975599999 1.99997667114 0.0009765625
2.0000968784299999 2.0000973803900002 1.99995632399 1.9999764975600001 0.0009765625
2.0000973803900002 2.00009788235 1.9999561504100001 1.9999763239899999 0.0009765625
2.00009788235 2.0000983843100002 1.9999559768399999 1.99997615041 0.0009765625
2.0000983843100002 2.00009888627 1.99995580327 1.9999759768400001 0.0009765625
2.00009888627 2.0000993882400002 1.9999556296900001 1.9999758032699999 0.0009765625
2.0000993882400002 2.0000998902 1.9999554561199999 1.99997562969 0.0009765625
2.0000998902 2.0001003921599998 1.99995528254 1.9999754561200001 0.0009765625
2.0001003921599998 2.00010089412 1.9999551089700001 1.9999752825399999 0.0009765625
2.00010089412 2.0001013960799998 1.9999549353999999 1.99997510897 0.0009765625
2.0001013960799998 2.00010189804 1.99995476182 1.9999749354 0.0009765625
2.00010189804 2.0001023999999998 1.9999545882500001 1.9999747618199999 0.0009765625
2.0001023999999998 2.0001034039199999 1.9999542411 1.99997458825 0.0009765625
2.0001034039199999 2.0001044078399999 1.9999538939599999 1.9999742411000001 0.0009765625
2.0001044078399999 2.0001054117599999 1.99995354681 1.99997389396 0.0009765625
2.0001054117599999 2.0001064156899999 1.99995319967 1.9999735468099999 0.0009765625
2.0001064156899999 2.0001074196099999 1.9999528525200001 1.9999731996700001 0.0009765625
2.0001074196099999 2.00010842353 1.99995250538 1.99997285252 0.0009765625
2.00010842353 2.00010942745 1.9999521582299999 1.9999725053799999 0.0009765625
2.00010942745 2.00011043137 1.9999518110900001 1.9999721582300001 0.0009765625
2.00011043137 2.00011143529 1.99995146395 1.99997181109 0.0009765625
2.00011143529 2.00011243922 1.9999511168099999 1.9999714639499999 0.0009765625
2.00011243922 2.0001134431400001 1.9999507696600001 1.9999711168100001 0.0009765625
2.0001134431400001 2.0001144470600001 1.99995042252 1.99997076966 0.0009765625
2.0001144470600001 2.0001154509800001 1.9999500753799999 1.9999704225199999 0.0009765625
2.0001154509800001 2.0001164549000001 1.9999497282400001 1.99997007538 0.0009765625
2.0001164549000001 2.0001174588200001 1.9999493811 1.99996972824 0.0009765625
2.0001174588200001 2.0001184627400002 1.9999490339699999 1.9999693811000001 0.0009765625
2.0001184627400002 2.0001194666700002 1.99994868683 1.99996903397 0.0009765625
2.0001194666700002 2.0001204705900002 1.99994833969 1.99996868683 0.0009765625
2.0001204705900002 2.0001214745100002 1.9999479925500001 1.9999683396900001 0.0009765625
2.0001214745100002 2.0001224784299998 1.99994764542 1.99996799255 0.0009765625
2.0001224784299998 2.0001234823499998 1.99994729828 1.9999676454199999 0.0009765625
2.0001234823499998 2.0001244862699998 1.9999469511500001 1.9999672982800001 0.0009765625
2.0001244862699998 2.0001254901999999 1.99994660401 1.99996695115 0.0009765625
2.0001254901999999 2.0001264941199999 1.9999462568799999 1.9999666040099999 0.0009765625
2.0001264941199999 2.0001274980399999 1.9999459097400001 1.9999662568800001 0.0009765625
2.0001274980399999 2.0001285019599999 1.99994556261 1.99996590974 0.0009765625
2.0001285019599999 2.0001295058799999 1.9999452154799999 1.9999655626099999 0.0009765625
2.0001295058799999 2.0001305098 1.9999448683400001 1.9999652154800001 0.0009765625
2.0001305098 2.00013151373 1.99994452121 1.99996486834 0.0009765625
2.00013151373 2.00013251765 1.9999441740799999 1.9999645212099999 0.0009765625
2.00013251765 2.00013352157 1.9999438269500001 1.99996417408 0.0009765625
2.00013352157 2.00013452549 1.99994347982 1.99996382695 0.0009765625
2.00013452549 2.0001355294100001 1.9999431326899999 1.9999634798199999 0.0009765625
2.0001355294100001 2.0001365333300001 1.99994278556 1.99996313269 0.0009765625
2.0001365333300001 2.0001375372500001 1.99994243843 1.99996278556 0.0009765625
2.0001375372500001 2.0001385411800001 1.9999420912999999 1.9999624384300001 0.0009765625
2.0001385411800001 2.0001395451000001 1.99994174418 1.9999620913 0.0009765625
2.0001395451000001 2.0001405490200002 1.99994139705 1.9999617441799999 0.0009765625
2.0001405490200002 2.0001415529400002 1.9999410499200001 1.9999613970500001 0.0009765625
2.0001415529400002 2.0001425568600002 1.9999407028 1.99996104992 0.0009765625
2.0001425568600002 2.0001435607800002 1.9999403556699999 1.9999607027999999 0.0009765625
2.0001435607800002 2.0001445647099998 1.9999400085500001 1.9999603556700001 0.0009765625
2.0001445647099998 2.0001455686299998 1.99993966142 1.99996000855 0.0009765625
2.0001455686299998 2.0001465725499998 1.9999393142999999 1.9999596614199999 0.0009765625
2.0001465725499998 2.0001475764699999 1.9999389671800001 1.9999593143000001 0.0009765625
2.0001475764699999 2.0001485803899999 1.99993862005 1.99995896718 0.0009765625
2.0001485803899999 2.0001495843099999 1.9999382729299999 1.9999586200499999 0.0009765625
2.0001495843099999 2.0001505882399999 1.9999379258100001 1.9999582729300001 0.0009765625
2.0001505882399999 2.0001515921599999 1.99993757869 1.99995792581 0.0009765625
2.0001515921599999 2.00015259608 1.9999372315699999 1.9999575786899999 0.0009765625
2.00015259608 2.0001536 1.9999368844500001 1.99995723157 0.0009765625
2.0001536 2.00015460392 1.99993653733 1.99995688445 0.0009765625
2.00015460392 2.00015560784 1.9999361902099999 1.9999565373299999 0.0009765625
2.00015560784 2.00015661176 1.9999358430900001 1.99995619021 0.0009765625
2.00015661176 2.0001576156900001 1.99993549597 1.99995584309 0.0009765625
2.0001576156900001 2.0001586196100001 1.9999351488599999 1.9999554959700001 0.0009765625
2.0001586196100001 2.0001596235300001 1.99993480174 1.99995514886 0.0009765625
2.0001596235300001 2.0001606274500001 1.99993445462 1.99995480174 0.0009765625
2.0001606274500001 2.0001616313700001 1.9999341075099999 1.9999544546200001 0.0009765625
2.0001616313700001 2.0001626352900002 1.99993376039 1.99995410751 0.0009765625
2.0001626352900002 2.0001636392200002 1.99993341328 1.9999537603899999 0.0009765625
2.0001636392200002 2.0001646431400002 1.9999330661600001 1.9999534132800001 0.0009765625
2.0001646431400002 2.0001656470600002 1.99993271905 1.99995306616 0.0009765625
2.0001656470600002 2.0001666509799998 1.99993237194 1.9999527190499999 0.0009765625
2.0001666509799998 2.0001676548999998 1.9999320248200001 1.9999523719400001 0.0009765625
2.0001676548999998 2.0001686588199998 1.99993167771 1.99995202482 0.0009765625
2.0001686588199998 2.0001696627399999 1.9999313305999999 1.9999516777099999 0.0009765625
2.0001696627399999 2.0001706666699999 1.9999309834900001 1.9999513306000001 0.0009765625
2.0001706666699999 2.0001716705899999 1.99993063638 1.99995098349 0.0009765625
2.0001716705899999 2.0001726745099999 1.9999302892699999 1.9999506363799999 0.0009765625
2.0001726745099999 2.0001736784299999 1.9999299421600001 1.9999502892700001 0.0009765625
2.0001736784299999 2.00017468235 1.99992959505 1.99994994216 0.0009765625
2.00017468235 2.00017568627 1.9999292479399999 1.9999495950499999 0.0009765625
2.00017568627 2.0001766902 1.9999289008300001 1.9999492479400001 0.0009765625
2.0001766902 2.00017769412 1.99992855373 1.99994890083 0.0009765625
2.00017769412 2.00017869804 1.9999282066199999 1.9999485537299999 0.0009765625
2.00017869804 2.0001797019600001 1.9999278595100001 1.9999482066200001 0.0009765625
2.0001797019600001 2.0001807058800001 1.99992751241 1.99994785951 0.0009765625
2.0001807058800001 2.0001817098000001 1.9999271652999999 1.9999475124099999 0.0009765625
2.0001817098000001 2.0001827137300001 1.9999268182000001 1.9999471653000001 0.0009765625
2.0001827137300001 2.0001837176500001 1.9999264711 1.9999468182 0.0009765625
2.0001837176500001 2.0001847215700002 1.9999261239899999 1.9999464710999999 0.0009765625
2.0001847215700002 2.0001857254900002 1.9999257768900001 1.99994612399 0.0009765625
2.0001857254900002 2.0001867294100002 1.99992542979 1.99994577689 0.0009765625
2.0001867294100002 2.0001877333300002 1.9999250826799999 1.9999454297899999 0.0009765625
2.0001877333300002 2.0001887372499998 1.9999247355800001 1.99994508268 0.0009765625
2.0001887372499998 2.0001897411799998 1.99992438848 1.99994473558 0.0009765625
2.0001897411799998 2.0001907450999998 1.9999240413799999 1.9999443884799999 0.0009765625
2.0001907450999998 2.0001917490199999 1.9999236942800001 1.99994404138 0.0009765625
2.0001917490199999 2.0001927529399999 1.99992334718 1.99994369428 0.0009765625
2.0001927529399999 2.0001937568599999 1.9999230000799999 1.9999433471800001 0.0009765625
2.0001937568599999 2.0001947607799999 1.99992265299 1.99994300008 0.0009765625
2.0001947607799999 2.0001957647099999 1.99992230589 1.99994265299 0.0009765625
2.0001957647099999 2.00019676863 1.9999219587899999 1.9999423058900001 0.0009765625
2.00019676863 2.00019777255 1.99992161169 1.99994195879 0.0009765625
2.00019777255 2.00019877647 1.9999212646 1.99994161169 0.0009765625
2.00019877647 2.00019978039 1.9999209174999999 1.9999412646000001 0.0009765625
2.00019978039 2.00020078431 1.99992057041 1.9999409175 0.0009765625
2.00020078431 2.0002017882300001 1.99992022331 1.99994057041 0.0009765625
2.0002017882300001 2.0002027921600001 1.9999198762199999 1.9999402233100001 0.0009765625
2.0002027921600001 2.0002037960800001 1.99991952913 1.99993987622 0.0009765625
2.0002037960800001 2.0002048000000001 1.99991918203 1.9999395291299999 0.0009765625
2.0002048000000001 2.0002068078400002 1.99991848785 1.9999391820300001 0.0009765625
2.0002068078400002 2.0002088156900002 1.9999177936700001 1.9999384878499999 0.0009765625
2.0002088156900002 2.0002108235299998 1.99991709949 1.99993779367 0.0009765625
2.0002108235299998 2.0002128313699998 1.99991640531 1.9999370994900001 0.0009765625
2.0002128313699998 2.0002148392199999 1.9999157111300001 1.9999364053099999 0.0009765625
2.0002148392199999 2.0002168470599999 1.99991501696 1.99993571113 0.0009765625
2.0002168470599999 2.0002188549 1.99991432279 1.9999350169600001 0.0009765625
2.0002188549 2.00022086274 1.9999136286200001 1.9999343227899999 0.0009765625
2.00022086274 2.00022287059 1.99991293445 1.99993362862 0.0009765625
2.00022287059 2.0002248784300001 1.99991224029 1.9999329344500001 0.0009765625
2.0002248784300001 2.0002268862700001 1.9999115461200001 1.9999322402899999 0.0009765625
2.0002268862700001 2.0002288941200002 1.99991085196 1.99993154612 0.0009765625
2.0002288941200002 2.0002309019600002 1.9999101578 1.9999308519600001 0.0009765625
2.0002309019600002 2.0002329097999998 1.9999094636500001 1.9999301577999999 0.0009765625
2.0002329097999998 2.0002349176499998 1.99990876949 1.99992946365 0.0009765625
2.0002349176499998 2.0002369254899999 1.99990807534 1.9999287694900001 0.0009765625
2.0002369254899999 2.0002389333299999 1.9999073811900001 1.9999280753399999 0.0009765625
2.0002389333299999 2.00024094118 1.99990668704 1.99992738119 0.0009765625
2.00024094118 2.00024294902 1.9999059929 1.9999266870400001 0.0009765625
2.00024294902 2.00024495686 1.9999052987499999 1.9999259928999999 0.0009765625
2.00024495686 2.0002469647100001 1.99990460461 1.99992529875 0.0009765625
2.0002469647100001 2.0002489725500001 1.99990391047 1.9999246046100001 0.0009765625
2.0002489725500001 2.0002509803900002 1.9999032163299999 1.99992391047 0.0009765625
2.0002509803900002 2.0002529882300002 1.9999025222 1.99992321633 0.0009765625
2.0002529882300002 2.0002549960799998 1.9999018280700001 1.9999225222000001 0.0009765625
2.0002549960799998 2.0002570039199998 1.9999011339299999 1.99992182807 0.0009765625
2.0002570039199998 2.0002590117599999 1.99990043981 1.99992113393 0.0009765625
2.0002590117599999 2.0002610196099999 1.9998997456800001 1.9999204398099999 0.0009765625
2.0002610196099999 2.00026302745 1.9998990515499999 1.99991974568 0.0009765625
2.00026302745 2.00026503529 1.99989835743 1.99991905155 0.0009765625
2.00026503529 2.00026704314 1.9998976633100001 1.9999183574299999 0.0009765625
2.00026704314 2.0002690509800001 1.9998969691899999 1.99991766331 0.0009765625
2.0002690509800001 2.0002710588200001 1.99989627508 1.9999169691900001 0.0009765625
2.0002710588200001 2.0002730666700002 1.9998955809600001 1.9999162750799999 0.0009765625
2.0002730666700002 2.0002750745100002 1.99987488685 1.9999355809599999 0.0009765625
2.0002750745100002 2.0002770823499998 1.9998741927399999 1.99993488685 0.0009765625
2.0002770823499998 2.0002790901999998 1.99987349863 1.9999341927400001 0.0009765625
2.0002790901999998 2.0002810980399999 1.99987280453 1.9999334986299999 0.0009765625
2.0002810980399999 2.0002831058799999 1.9998721104299999 1.99993280453 0.0009765625
2.0002831058799999 2.00028511373 1.99987141632 1.9999321104300001 0.0009765625
2.00028511373 2.00028712157 1.9998707222200001 1.9999314163199999 0.0009765625
2.00028712157 2.00028912941 1.9998700281299999 1.99993072222 0.0009765625
2.00028912941 2.0002911372500001 1.99986933403 1.9999300281300001 0.0009765625
2.0002911372500001 2.0002931451000001 1.9998686399400001 1.9999293340299999 0.0009765625
2.0002931451000001 2.0002951529400002 1.9998679458499999 1.99992863994 0.0009765625
2.0002951529400002 2.0002971607800002 1.99986725176 1.9999279458500001 0.0009765625
2.0002971607800002 2.0002991686299998 1.9998665576800001 1.99992725176 0.0009765625
2.0002991686299998 2.0003011764699998 1.99986586359 1.99992655768 0.0009765625
2.0003011764699998 2.0003031843099999 1.99986516951 1.9999258635899999 0.0009765625
2.0003031843099999 2.0003051921599999 1.9998644754299999 1.99992516951 0.0009765625
2.0003051921599999 2.0003072 1.99986378135 1.9999244754300001 0.0009765625
2.0003072 2.00030920784 1.9998630872800001 1.9999237813499999 0.0009765625
2.00030920784 2.00031121569 1.9998623931999999 1.99992308728 0.0009765625
2.00031121569 2.0003132235300001 1.99986169913 1.9999223932000001 0.0009765625
2.0003132235300001 2.0003152313700001 1.9998610050600001 1.99992169913 0.0009765625
2.0003152313700001 2.0003172392200002 1.9998603109899999 1.99992100506 0.0009765625
2.0003172392200002 2.0003192470600002 1.99985961693 1.9999203109899999 0.0009765625
2.0003192470600002 2.0003212548999998 1.9998589228700001 1.99991961693 0.0009765625
2.0003212548999998 2.0003232627399998 1.9998582288 1.9999189228700001 0.0009765625
2.0003232627399998 2.0003252705899999 1.9998575347500001 1.9999182287999999 0.0009765625
2.0003252705899999 2.0003272784299999 1.9998568406899999 1.99991753475 0.0009765625
2.0003272784299999 2.00032928627 1.99985614664 1.9999168406900001 0.0009765625
2.00032928627 2.00033129412 1.9998554525800001 1.9999161466399999 0.0009765625
2.00033129412 2.00033330196 1.9998547585299999 1.99991545258 0.0009765625
2.00033330196 2.0003353098000001 1.99985406448 1.9999147585299999 0.0009765625
2.0003353098000001 2.0003373176500001 1.9998533704400001 1.99991406448 0.0009765625
2.0003373176500001 2.0003393254900002 1.9998526764 1.9999133704400001 0.0009765625
2.0003393254900002 2.0003413333300002 1.9998519823500001 1.9999126763999999 0.0009765625
2.0003413333300002 2.0003433411799998 1.9998512883099999 1.99991198235 0.0009765625
2.0003433411799998 2.0003453490199998 1.99985059428 1.9999112883100001 0.0009765625
2.0003453490199998 2.0003473568599999 1.9998499002400001 1.99991059428 0.0009765625
2.0003473568599999 2.0003493647099999 1.99984920621 1.99990990024 0.0009765625
2.0003493647099999 2.00035137255 1.99984851218 1.9999092062099999 0.0009765625
2.00035137255 2.00035338039 1.9998478181499999 1.99990851218 0.0009765625
2.00035338039 2.00035538823 1.99984712412 1.9999078181500001 0.0009765625
2.00035538823 2.0003573960800001 1.9998464301000001 1.9999071241199999 0.0009765625
2.0003573960800001 2.0003594039200001 1.9998457360699999 1.9999064301 0.0009765625
2.0003594039200001 2.0003614117600002 1.99984504205 1.9999057360700001 0.0009765625
2.0003614117600002 2.0003634196100002 1.9998443480400001 1.99990504205 0.0009765625
2.0003634196100002 2.0003654274499998 1.99984365402 1.9999043480400001 0.0009765625
2.0003654274499998 2.0003674352899998 1.9998429600100001 1.9999036540199999 0.0009765625
2.0003674352899998 2.0003694431399999 1.9998422659899999 1.99990296001 0.0009765625
2.0003694431399999 2.0003714509799999 1.99984157198 1.9999022659900001 0.0009765625
2.0003714509799999 2.00037345882 1.9998408779800001 1.99990157198 0.0009765625
2.00037345882 2.00037546667 1.99984018397 1.99990087798 0.0009765625
2.00037546667 2.00037747451 1.9998394899700001 1.9999001839699999 0.0009765625
2.00037747451 2.0003794823500001 1.9998387959699999 1.99989948997 0.0009765625
2.0003794823500001 2.0003814902000001 1.99983810197 1.9998987959700001 0.0009765625
2.0003814902000001 2.0003834980400002 1.9998374079700001 1.99989810197 0.0009765625
2.0003834980400002 2.0003855058800002 1.99983671397 1.99989740797 0.0009765625
2.0003855058800002 2.0003875137199998 1.99983601998 1.9998967139699999 0.0009765625
2.0003875137199998 2.0003895215699998 1.9998353259899999 1.99989601998 0.0009765625
2.0003895215699998 2.0003915294099999 1.999834632 1.9998953259900001 0.0009765625
2.0003915294099999 2.0003935372499999 1.9998339380200001 1.9998946319999999 0.0009765625
2.0003935372499999 2.0003955450999999 1.99983324403 1.99989393802 0.0009765625
2.0003955450999999 2.00039755294 1.99983255005 1.9998932440299999 0.0009765625
2.00039755294 2.00039956078 1.9998318560699999 1.99989255005 0.0009765625
2.00039956078 2.0004015686300001 1.99983116209 1.9998918560700001 0.0009765625
2.0004015686300001 2.0004035764700001 1.9998304681200001 1.99989116209 0.0009765625
2.0004035764700001 2.0004055843100002 1.99982977414 1.99989046812 0.0009765625
2.0004055843100002 2.0004075921600002 1.9998290801700001 1.9998897741399999 0.0009765625
2.0004075921600002 2.0004095999999998 1.9998283861999999 1.99988908017 0.0009765625
2.0004095999999998 2.0004136156899999 1.9998269982700001 1.9998883862000001 0.0009765625
2.0004136156899999 2.0004176313699999 1.9998256103500001 1.99988699827 0.0009765625
2.0004176313699999 2.00042164706 1.99982422243 1.99988561035 0.0009765625
2.00042164706 2.0004256627400001 1.99982283452 1.99988422243 0.0009765625
2.0004256627400001 2.0004296784300002 1.9998214466299999 1.9998828345199999 0.0009765625
2.0004296784300002 2.0004336941199998 1.9998200587399999 1.9998814466299999 0.0009765625
2.0004336941199998 2.0004377097999999 1.9998186708500001 1.9998800587400001 0.0009765625
2.0004377097999999 2.00044172549 1.9998172829800001 1.99987867085 0.0009765625
2.00044172549 2.0004457411800001 1.99981589512 1.99987728298 0.0009765625
2.0004457411800001 2.0004497568600002 1.99981450726 1.99987589512 0.0009765625
2.0004497568600002 2.0004537725499998 1.99981311941 1.9998745072599999 0.0009765625
2.0004537725499998 2.0004577882299999 1.9998117315799999 1.9998731194099999 0.0009765625
2.0004577882299999 2.0004618039199999 1.9998103437500001 1.9998717315800001 0.0009765625
2.0004618039199999 2.00046581961 1.9998089559200001 1.9998703437500001 0.0009765625
2.00046581961 2.0004698352900001 1.99980756811 1.99986895592 0.0009765625
2.0004698352900001 2.0004738509800002 1.99980618031 1.99986756811 0.0009765625
2.0004738509800002 2.0004778666699998 1.99980479251 1.99986618031 0.0009765625
2.0004778666699998 2.0004818823499999 1.99980340472 1.9998647925099999 0.0009765625
2.0004818823499999 2.00048589804 1.9998020169399999 1.9998634047199999 0.0009765625
2.00048589804 2.0004899137200001 1.9998006291699999 1.9998620169400001 0.0009765625
2.0004899137200001 2.0004939294100001 1.9997992414100001 1.9998606291700001 0.0009765625
2.0004939294100001 2.0004979450999998 1.9997978536600001 1.99985924141 0.0009765625
2.0004979450999998 2.0005019607799999 1.99979646591 1.99985785366 0.0009765625
2.0005019607799999 2.0005059764699999 1.99979507817 1.99985646591 0.0009765625
2.0005059764699999 2.00050999216 1.99979369045 1.99985507817 0.0009765625
2.00050999216 2.0005140078400001 1.99979230273 1.9998536904499999 0.0009765625
2.0005140078400001 2.0005180235300002 1.9997909150199999 1.9998523027299999 0.0009765625
2.0005180235300002 2.0005220392099998 1.9997895273099999 1.9998509150199999 0.0009765625
2.0005220392099998 2.0005260548999999 1.9997881396199999 1.9998495273100001 0.0009765625
2.0005260548999999 2.00053007059 1.9997867519300001 1.9998481396200001 0.0009765625
2.00053007059 2.0005340862700001 1.9997853642600001 1.9998467519300001 0.0009765625
2.0005340862700001 2.0005381019600001 1.9997839765900001 1.99984536426 0.0009765625
2.0005381019600001 2.0005421176499998 1.99978258893 1.99984397659 0.0009765625
2.0005421176499998 2.0005461333299999 1.99978120128 1.99984258893 0.0009765625
2.0005461333299999 2.0005501490199999 1.99977981363 1.99984120128 0.0009765625
2.0005501490199999 2.0005541647 1.999778426 1.99983981363 0.0009765625
2.0005541647 2.0005581803900001 1.99977703837 1.9998384259999999 0.0009765625
2.0005581803900001 2.0005621960800002 1.99977565075 1.9998370383699999 0.0009765625
2.0005621960800002 2.0005662117599998 1.99977426314 1.9998356507499999 0.0009765625
2.0005662117599998 2.0005702274499999 1.9997728755399999 1.9998342631399999 0.0009765625
2.0005702274499999 2.00057424314 1.9997714879499999 1.9998328755400001 0.0009765625
2.00057424314 2.0005782588200001 1.9997701003699999 1.9998314879500001 0.0009765625
2.0005782588200001 2.0005822745100001 1.9997687127899999 1.9998301003700001 0.0009765625
2.0005822745100001 2.0005862901999998 1.9997673252299999 1.9998287127900001 0.0009765625
2.0005862901999998 2.0005903058799999 1.9997659376700001 1.9998273252300001 0.0009765625
2.0005903058799999 2.0005943215699999 1.9997645501200001 1.9998259376700001 0.0009765625
2.0005943215699999 2.00059833725 1.9997631625800001 1.99982455012 0.0009765625
2.00059833725 2.0006023529400001 1.9997617750400001 1.99982316258 0.0009765625
2.0006023529400001 2.0006063686300002 1.9997603875200001 1.99982177504 0.0009765625
2.0006063686300002 2.0006103843099998 1.9997590000100001 1.99982038752 0.0009765625
2.0006103843099998 2.0006143999999999 1.9997576125000001 1.99981900001 0.0009765625
2.0006143999999999 2.00061841569 1.9997562250000001 1.9998176125 0.0009765625
2.00061841569 2.0006224313700001 1.99975483751 1.999816225 0.0009765625
2.0006224313700001 2.0006264470600001 1.99975345003 1.99981483751 0.0009765625
2.0006264470600001 2.0006304627399998 1.99975206255 1.99981345003 0.0009765625
2.0006304627399998 2.0006344784299999 1.99975067509 1.99981206255 0.0009765625
2.0006344784299999 2.0006384941199999 1.99974928763 1.99981067509 0.0009765625
2.0006384941199999 2.0006425098 1.99974790019 1.99980928763 0.0009765625
2.0006425098 2.0006465254900001 1.99974651275 1.99980790019 0.0009765625
2.0006465254900001 2.0006505411800002 1.99974512532 1.99980651275 0.0009765625
2.0006505411800002 2.0006545568599998 1.99974373789 1.99980512532 0.0009765625
2.0006545568599998 2.0006585725499999 1.99974235048 1.99980373789 0.0009765625
2.0006585725499999 2.00066258823 1.99974096308 1.99980235048 0.0009765625
2.00066258823 2.0006666039200001 1.99973957568 1.99980096308 0.0009765625
2.0006666039200001 2.0006706196100001 1.9997381882900001 1.99979957568 0.0009765625
2.0006706196100001 2.0006746352899998 1.9997368009100001 1.99979818829 0.0009765625
2.0006746352899998 2.0006786509799999 1.9997354135400001 1.99979680091 0.0009765625
2.0006786509799999 2.0006826666699999 1.9997340261800001 1.99979541354 0.0009765625
2.0006826666699999 2.00068668235 1.9997326388200001 1.99979402618 0.0009765625
2.00068668235 2.0006906980400001 1.9997312514800001 1.99979263882 0.0009765625
2.0006906980400001 2.0006947137200002 1.9997298641400001 1.99979125148 0.0009765625
2.0006947137200002 2.0006987294099998 1.9997284768100001 1.99978986414 0.0009765625
2.0006987294099998 2.0007027450999999 1.9997270894900001 1.99978847681 0.0009765625
2.0007027450999999 2.00070676078 1.9997257021799999 1.9997870894900001 0.0009765625
2.00070676078 2.0007107764700001 1.9997243148799999 1.9997857021800001 0.0009765625
2.0007107764700001 2.0007147921600001 1.9997229275799999 1.9997843148800001 0.0009765625
2.0007147921600001 2.0007188078399998 1.9997215402999999 1.9997829275800001 0.0009765625
2.0007188078399998 2.0007228235299999 1.9997201530199999 1.9997815403000001 0.0009765625
2.0007228235299999 2.0007268392099999 1.99971876575 1.9997801530199999 0.0009765625
2.0007268392099999 2.0007308549 1.99971737849 1.9997787657499999 0.0009765625
2.0007308549 2.0007348705900001 1.99971599124 1.9997773784899999 0.0009765625
2.0007348705900001 2.0007388862700002 1.99971460399 1.9997759912399999 0.0009765625
2.0007388862700002 2.0007429019599998 1.99971321676 1.99977460399 0.0009765625
2.0007429019599998 2.0007469176499999 1.99971182953 1.99977321676 0.0009765625
2.0007469176499999 2.00075093333 1.9997104423100001 1.99977182953 0.0009765625
2.00075093333 2.0007549490200001 1.9997090551100001 1.99977044231 0.0009765625
2.0007549490200001 2.0007589647000001 1.9997076679000001 1.99976905511 0.0009765625
2.0007589647000001 2.0007629803899998 1.9997062807099999 1.9997676679 0.0009765625
2.0007629803899998 2.0007669960799999 1.9997048935299999 1.9997662807100001 0.0009765625
2.0007669960799999 2.0007710117599999 1.9997035063499999 1.9997648935300001 0.0009765625
2.0007710117599999 2.00077502745 1.99970211919 1.9997635063500001 0.0009765625
2.00077502745 2.0007790431400001 1.99970073203 1.9997621191899999 0.0009765625
2.0007790431400001 2.0007830588200002 1.99969934488 1.9997607320299999 0.0009765625
2.0007830588200002 2.0007870745099998 1.99969795773 1.99975934488 0.0009765625
2.0007870745099998 2.0007910901899999 1.9996965706000001 1.99975795773 0.0009765625
2.0007910901899999 2.00079510588 1.9996951834800001 1.9997565706 0.0009765625
2.00079510588 2.0007991215700001 1.9996937963600001 1.99975518348 0.0009765625
2.0007991215700001 2.0008031372500001 1.9996924092499999 1.9997537963600001 0.0009765625
2.0008031372500001 2.0008071529400002 1.9996910221499999 1.9997524092500001 0.0009765625
2.0008071529400002 2.0008111686299999 1.99968963506 1.9997510221499999 0.0009765625
2.0008111686299999 2.0008151843099999 1.99968824798 1.9997496350599999 0.0009765625
2.0008151843099999 2.0008192 1.99968686091 1.9997482479799999 0.0009765625
2.0008192 2.0008272313700002 1.9996840867900001 1.99974686091 0.0009765625
2.0008272313700002 2.0008352627399999 1.9996813126999999 1.99974408679 0.0009765625
2.0008352627399999 2.0008432941200001 1.99967853864 1.9997413127000001 0.0009765625
2.0008432941200001 2.0008513254900002 1.9996757646300001 1.99973853864 0.0009765625
2.0008513254900002 2.0008593568599999 1.9996729906399999 1.99973576463 0.0009765625
2.0008593568599999 2.0008673882300001 1.99967021669 1.9997329906400001 0.0009765625
2.0008673882300001 2.0008754196099998 1.9996674427700001 1.99973021669 0.0009765625
2.0008754196099998 2.00088345098 1.9996646688899999 1.99972744277 0.0009765625
2.00088345098 2.0008914823500001 1.99966189504 1.9997246688899999 0.0009765625
2.0008914823500001 2.0008995137199999 1.9996591212199999 1.99972189504 0.0009765625
2.0008995137199999 2.0009075451 1.99965634744 1.9997191212200001 0.0009765625
2.0009075451 2.0009155764700002 1.9996535736900001 1.9997163474399999 0.0009765625
2.0009155764700002 2.0009236078399999 1.9996507999799999 1.99971357369 0.0009765625
2.0009236078399999 2.0009316392100001 1.9996480263 1.9997107999799999 0.0009765625
2.0009316392100001 2.0009396705900002 1.9995752526499999 1.9997780263 0.0009765625
2.0009396705900002 2.0009477019599999 1.99957247904 1.9997752526499999 0.0009765625
2.0009477019599999 2.0009557333300001 1.9995697054599999 1.99977247904 0.0009765625
2.0009557333300001 2.0009637646999998 1.99956693192 1.9997697054600001 0.0009765625
2.0009637646999998 2.00097179608 1.9995641584099999 1.99976693192 0.0009765625
2.00097179608 2.0009798274500001 1.99956138493 1.9997641584100001 0.0009765625
2.0009798274500001 2.0009878588199999 1.9995586114899999 1.99976138493 0.0009765625
2.0009878588199999 2.00099589019 1.99955583808 1.9997586114899999 0.0009765625
2.00099589019 2.0010039215700002 1.9995530647099999 1.99975583808 0.0009765625
2.0010039215700002 2.0010119529399999 1.9995502913700001 1.9997530647099999 0.0009765625
2.0010119529399999 2.0010199843100001 1.99954751806 1.99975029137 0.0009765625
2.0010199843100001 2.0010280156800002 1.9995447447900001 1.99974751806 0.0009765625
2.0010280156800002 2.0010360470599999 1.99954197155 1.9997447447900001 0.0009765625
2.0010360470599999 2.0010440784300001 1.9995391983499999 1.99974197155 0.0009765625
2.0010440784300001 2.0010521097999998 1.9995364251800001 1.9997391983499999 0.0009765625
2.0010521097999998 2.00106014117 1.99953365204 1.9997364251800001 0.0009765625
2.00106014117 2.0010681725500001 1.9995308789399999 1.99973365204 0.0009765625
2.0010681725500001 2.0010762039199999 1.9995281058700001 1.9997308789399999 0.0009765625
2.0010762039199999 2.00108423529 1.99952533283 1.9997281058700001 0.0009765625
2.00108423529 2.0010922666600002 1.9995225598299999 1.99972533283 0.0009765625
2.0010922666600002 2.0011002980399999 1.9995197868700001 1.9997225598299999 0.0009765625
2.0011002980399999 2.0011083294100001 1.99951701394 1.9997197868700001 0.0009765625
2.0011083294100001 2.0011163607800002 1.99951424104 1.99971701394 0.0009765625
2.0011163607800002 2.0011243921599999 1.9995114681699999 1.99971424104 0.0009765625
2.0011243921599999 2.0011324235300001 1.9995086953400001 1.9997114681699999 0.0009765625
2.0011324235300001 2.0011404548999998 1.99950592255 1.9997086953400001 0.0009765625
2.0011404548999998 2.00114848627 1.99950314978 1.99970592255 0.0009765625
2.00114848627 2.0011565176500001 1.9995003770499999 1.99970314978 0.0009765625
2.0011565176500001 2.0011645490199998 1.9994976043599999 1.9997003770499999 0.0009765625
2.0011645490199998 2.00117258039 1.9994948317000001 1.9996976043600001 0.0009765625
2.00117258039 2.0011806117600002 1.99949205907 1.9996948317000001 0.0009765625
2.0011806117600002 2.0011886431399999 1.99948928648 1.99969205907 0.0009765625
2.0011886431399999 2.0011966745100001 1.99948651392 1.99968928648 0.0009765625
2.0011966745100001 2.0012047058800002 1.99948374139 1.99968651392 0.0009765625
2.0012047058800002 2.0012127372499999 1.9994809688999999 1.9996837413899999 0.0009765625
2.0012127372499999 2.0012207686300001 1.9994781964499999 1.9996809688999999 0.0009765625
2.0012207686300001 2.0012287999999998 1.9994754240199999 1.9996781964499999 0.0009765625
2.0012287999999998 2.00123683137 1.9994726516300001 1.9996754240200001 0.0009765625
2.00123683137 2.0012448627400001 1.9994698792800001 1.9996726516300001 0.0009765625
2.0012448627400001 2.0012528941199998 1.9994671069600001 1.9996698792800001 0.0009765625
2.0012528941199998 2.00126092549 1.9994643346700001 1.9996671069600001 0.0009765625
2.00126092549 2.0012689568600002 1.9994615624200001 1.99966433467 0.0009765625
2.0012689568600002 2.0012769882299999 1.9994587902000001 1.99966156242 0.0009765625
2.0012769882299999 2.00128501961 1.9994560180100001 1.9996587902 0.0009765625
2.00128501961 2.0012930509800002 1.9994532458600001 1.99965601801 0.0009765625
2.0012930509800002 2.0013010823499999 1.9994504737400001 1.99965324586 0.0009765625
2.0013010823499999 2.0013091137200001 1.9994477016600001 1.99965047374 0.0009765625
2.0013091137200001 2.0013171450999998 1.9994449296100001 1.9996477016600001 0.0009765625
2.0013171450999998 2.00132517647 1.9994421576000001 1.9996449296100001 0.0009765625
2.00132517647 2.0013332078400001 1.9994393856099999 1.9996421576000001 0.0009765625
2.0013332078400001 2.0013412392099998 1.9994366136699999 1.9996393856100001 0.0009765625
2.0013412392099998 2.00134927059 1.9994338417499999 1.9996366136699999 0.0009765625
2.00134927059 2.0013573019600002 1.99943106987 1.9996338417499999 0.0009765625
2.0013573019600002 2.0013653333299999 1.99942829803 1.9996310698699999 0.0009765625
2.0013653333299999 2.0013733647 1.99942552621 1.99962829803 0.0009765625
2.0013733647 2.0013813960800002 1.9994227544400001 1.99962552621 0.0009765625
2.0013813960800002 2.0013894274499999 1.9994199826900001 1.99962275444 0.0009765625
2.0013894274499999 2.0013974588200001 1.9994172109799999 1.9996199826900001 0.0009765625
2.0013974588200001 2.0014054901899998 1.99941443931 1.9996172109799999 0.0009765625
2.0014054901899998 2.00141352157 1.99941166766 1.9996144393099999 0.0009765625
2.00141352157 2.0014215529400001 1.9994088960600001 1.99961166766 0.0009765625
2.0014215529400001 2.0014295843099998 1.9994061244800001 1.99960889606 0.0009765625
2.0014295843099998 2.00143761568 1.9994033529399999 1.9996061244800001 0.0009765625
2.00143761568 2.0014456470600002 1.99940058143 1.9996033529399999 0.0009765625
2.0014456470600002 2.0014536784299999 1.99939780996 1.99960058143 0.0009765625
2.0014536784299999 2.0014617098 1.9993950385199999 1.99959780996 0.0009765625
2.0014617098 2.0014697411700002 1.99939226712 1.9995950385200001 0.0009765625
2.0014697411700002 2.0014777725499999 1.99938949575 1.9995922671199999 0.0009765625
2.0014777725499999 2.0014858039200001 1.9993867244100001 1.99958949575 0.0009765625
2.0014858039200001 2.0014938352899998 1.9993839531099999 1.9995867244100001 0.0009765625
2.0014938352899998 2.00150186666 1.99938118184 1.9995839531099999 0.0009765625
2.00150186666 2.0015098980400001 1.9993784106000001 1.99958118184 0.0009765625
2.0015098980400001 2.0015179294099998 1.9993756394 1.9995784106000001 0.0009765625
2.0015179294099998 2.00152596078 1.99937286823 1.9995756393999999 0.0009765625
2.00152596078 2.0015339921500002 1.9993700970999999 1.99957286823 0.0009765625
2.0015339921500002 2.0015420235299999 1.999367326 1.9995700971000001 0.0009765625
2.0015420235299999 2.0015500549 1.9993645549400001 1.999567326 0.0009765625
2.0015500549 2.0015580862700002 1.99936178391 1.9995645549400001 0.0009765625
2.0015580862700002 2.0015661176399999 1.9993590129100001 1.9995617839099999 0.0009765625
2.0015661176399999 2.0015741490200001 1.9993562419399999 1.99955901291 0.0009765625
2.0015741490200001 2.0015821803899998 1.99935347101 1.9995562419399999 0.0009765625
2.0015821803899998 2.00159021176 1.9993507001199999 1.99955347101 0.0009765625
2.00159021176 2.0015982431300001 1.99934792926 1.9995507001199999 0.0009765625
2.0015982431300001 2.0016062745099998 1.9993451584299999 1.99954792926 0.0009765625
2.0016062745099998 2.00161430588 1.9993423876300001 1.9995451584299999 0.0009765625
2.00161430588 2.0016223372500002 1.9993396168699999 1.99954238763 0.0009765625
2.0016223372500002 2.0016303686199999 1.9993368461500001 1.9995396168699999 0.0009765625
2.0016303686199999 2.0016384 1.99933407546 1.99953684615 0.0009765625
2.0016384 2.0016544627399999 1.99932853417 1.9995340754599999 0.0009765625
2.0016544627399999 2.0016705254899998 1.9993229930300001 1.99952853417 0.0009765625
2.0016705254899998 2.0016865882300001 1.9993174520200001 1.99952299303 0.0009765625
2.0016865882300001 2.00170265098 1.99931191114 1.9995174520200001 0.0009765625
2.00170265098 2.0017187137199999 1.9993063704 1.9995119111399999 0.0009765625
2.0017187137199999 2.0017347764700002 1.9993008297899999 1.9995063704 0.0009765625
2.0017347764700002 2.0017508392100001 1.99929528933 1.9995008297900001 0.0009765625
2.0017508392100001 2.00176690196 1.9992897489899999 1.99949528933 0.0009765625
2.00176690196 2.0017829646999998 1.9992842088 1.9994897489900001 0.0009765625
2.0017829646999998 2.0017990274500002 1.9992786687299999 1.9994842088 0.0009765625
2.0017990274500002 2.00181509019 1.9992731288100001 1.9994786687299999 0.0009765625
2.00181509019 2.0018311529399999 1.99926758902 1.9994731288100001 0.0009765625
2.0018311529399999 2.0018472156799998 1.99926204936 1.99946758902 0.0009765625
2.0018472156799998 2.0018632784300001 1.9992565098399999 1.9994620493599999 0.0009765625
2.0018632784300001 2.00187934117 1.9992509704600001 1.9994565098399999 0.0009765625
2.00187934117 2.0018954039199999 1.9992454312100001 1.9994509704600001 0.0009765625
2.0018954039199999 2.0019114666600002 1.9992398921000001 1.9994454312100001 0.0009765625
2.0019114666600002 2.0019275294100001 1.9992343531200001 1.9994398921000001 0.0009765625
2.0019275294100001 2.00194359215 1.9992288142800001 1.9994343531200001 0.0009765625
2.00194359215 2.0019596548999998 1.9992232755699999 1.9994288142800001 0.0009765625
2.0019596548999998 2.0019757176400002 1.9992177369999999 1.9994232755700001 0.0009765625
2.0019757176400002 2.00199178039 1.99921219857 1.9994177369999999 0.0009765625
2.00199178039 2.0020078431299999 1.99920666027 1.99941219857 0.0009765625
2.0020078431299999 2.0020239058799998 1.9992011220999999 1.99940666027 0.0009765625
2.0020239058799998 2.0020399686200001 1.99919558408 1.9994011221000001 0.0009765625
2.0020399686200001 2.00205603137 1.9991900461800001 1.99939558408 0.0009765625
2.00205603137 2.0020720941099999 1.99918450843 1.99939004618 0.0009765625
2.0020720941099999 2.0020881568600002 1.9991789708000001 1.9993845084299999 0.0009765625
2.0020881568600002 2.0021042196000001 1.99917343332 1.9993789708 0.0009765625
2.0021042196000001 2.0021202823499999 1.9991678959700001 1.9993734333199999 0.0009765625
2.0021202823499999 2.0021363450899998 1.99916235875 1.9993678959700001 0.0009765625
2.0021363450899998 2.0021524078400001 1.99915682167 1.99936235875 0.0009765625
2.0021524078400001 2.00216847058 1.9991512847299999 1.99935682167 0.0009765625
2.00216847058 2.0021845333299999 1.9991457479200001 1.9993512847299999 0.0009765625
2.0021845333299999 2.0022005960699998 1.9991402112500001 1.9993457479200001 0.0009765625
2.0022005960699998 2.0022166588200001 1.9991346747100001 1.9993402112500001 0.0009765625
2.0022166588200001 2.00223272156 1.9991291383100001 1.99933467471 0.0009765625
2.00223272156 2.0022487843099999 1.9991236020400001 1.99932913831 0.0009765625
2.0022487843099999 2.0022648470600002 1.9991180659100001 1.99932360204 0.0009765625
2.0022648470600002 2.0022809098000001 1.9991125299100001 1.9993180659100001 0.0009765625
2.0022809098000001 2.0022969725499999 1.9991069940499999 1.9993125299100001 0.0009765625
2.0022969725499999 2.0023130352899998 1.99910145833 1.9993069940499999 0.0009765625
2.0023130352899998 2.0023290980400001 1.99909592274 1.9993014583299999 0.0009765625
2.0023290980400001 2.00234516078 1.9990903872900001 1.99929592274 0.0009765625
2.00234516078 2.0023612235299999 1.99908485197 1.9992903872900001 0.0009765625
2.0023612235299999 2.0023772862699998 1.9990793167800001 1.9992848519699999 0.0009765625
2.0023772862699998 2.0023933490200001 1.9990737817399999 1.99927931678 0.0009765625
2.0023933490200001 2.00240941176 1.9990682468200001 1.9992737817399999 0.0009765625
2.00240941176 2.0024254745099999 1.99906271205 1.99926824682 0.0009765625
2.0024254745099999 2.0024415372500002 1.9990571774100001 1.9992627120499999 0.0009765625
2.0024415372500002 2.0024576000000001 1.9990516429 1.9992571774100001 0.0009765625
2.0024576000000001 2.0024736627399999 1.99904610853 1.9992516429 0.0009765625
2.0024736627399999 2.0024897254899998 1.9990405742899999 1.99924610853 0.0009765625
2.0024897254899998 2.0025057882300001 1.9990350401899999 1.9992405742899999 0.0009765625
2.0025057882300001 2.00252185098 1.9990295062300001 1.9992350401900001 0.0009765625
2.00252185098 2.0025379137199999 1.9990239724000001 1.9992295062300001 0.0009765625
2.0025379137199999 2.0025539764700002 1.9990184387100001 1.9992239724 0.0009765625
2.0025539764700002 2.0025700392100001 1.9990129051500001 1.99921843871 0.0009765625
2.0025700392100001 2.00258610196 1.9990073717200001 1.9992129051500001 0.0009765625
2.00258610196 2.0026021646999999 1.9990018384399999 1.9992073717200001 0.0009765625
2.0026021646999999 2.0026182274500002 1.9989963052799999 1.9992018384400001 0.0009765625
2.0026182274500002 2.0026342901900001 1.99899077227 1.9991963052799999 0.0009765625
2.0026342901900001 2.0026503529399999 1.9989852393900001 1.99919077227 0.0009765625
2.0026503529399999 2.0026664156799998 1.9989797066399999 1.99918523939 0.0009765625
2.0026664156799998 2.0026824784300001 1.99897417403 1.9991797066400001 0.0009765625
2.0026824784300001 2.00269854117 1.9989686415500001 1.99917417403 0.0009765625
2.00269854117 2.0027146039199999 1.99896310921 1.9991686415500001 0.0009765625
2.0027146039199999 2.0027306666600002 1.9989575770100001 1.99916310921 0.0009765625
2.0027306666600002 2.0027467294100001 1.99895204494 1.9991575770100001 0.0009765625
2.0027467294100001 2.00276279215 1.9989465129999999 1.99915204494 0.0009765625
2.00276279215 2.0027788548999998 1.9989409812000001 1.9991465129999999 0.0009765625
2.0027788548999998 2.0027949176400002 1.99893544954 1.9991409812000001 0.0009765625
2.0027949176400002 2.0028109803900001 1.99892991801 1.99913544954 0.0009765625
2.0028109803900001 2.0028270431299999 1.99872438662 1.9993299180099999 0.0009765625
2.0028270431299999 2.0028431058799998 1.9987188553599999 1.9993243866199999 0.0009765625
2.0028431058799998 2.0028591686200001 1.9987133242399999 1.9993188553600001 0.0009765625
2.0028591686200001 2.00287523137 1.9987077932499999 1.9993133242400001 0.0009765625
2.00287523137 2.0028912941099999 1.9987022623899999 1.9993077932500001 0.0009765625
2.0028912941099999 2.0029073568600002 1.9986967316799999 1.9993022623900001 0.0009765625
2.0029073568600002 2.0029234196000001 1.9986912011 1.9992967316800001 0.0009765625
2.0029234196000001 2.00293948235 1.99868567065 1.9992912010999999 0.0009765625
2.00293948235 2.0029555450899998 1.9986801403400001 1.99928567065 0.0009765625
2.0029555450899998 2.0029716078400002 1.9986746101599999 1.99928014034 0.0009765625
2.0029716078400002 2.00298767058 1.99866908012 1.9992746101600001 0.0009765625
2.00298767058 2.0030037333299999 1.9986635502100001 1.9992690801199999 0.0009765625
2.0030037333299999 2.0030197960699998 1.99865802044 1.99926355021 0.0009765625
2.0030197960699998 2.0030358588200001 1.9986524908100001 1.9992580204399999 0.0009765625
2.0030358588200001 2.00305192156 1.99864696131 1.99925249081 0.0009765625
2.00305192156 2.0030679843099999 1.9986414319400001 1.9992469613099999 0.0009765625
2.0030679843099999 2.0030840470500002 1.99863590271 1.99924143194 0.0009765625
2.0030840470500002 2.0031001098000001 1.99863037362 1.99923590271 0.0009765625
2.0031001098000001 2.00311617254 1.9986248446599999 1.9992303736199999 0.0009765625
2.00311617254 2.0031322352899998 1.9986193158300001 1.9992248446600001 0.0009765625
2.0031322352899998 2.0031482980300002 1.99861378714 1.99921931583 0.0009765625
2.0031482980300002 2.00316436078 1.99860825859 1.99921378714 0.0009765625
2.00316436078 2.0031804235199999 1.99860273017 1.99920825859 0.0009765625
2.0031804235199999 2.0031964862699998 1.99859720189 1.9992027301699999 0.0009765625
2.0031964862699998 2.0032125490100001 1.99859167374 1.9991972018899999 0.0009765625
2.0032125490100001 2.00322861176 1.99858614572 1.99919167374 0.0009765625
2.00322861176 2.0032446744999999 1.9985806178500001 1.99918614572 0.0009765625
2.0032446744999999 2.0032607372500002 1.9985750900999999 1.99918061785 0.0009765625
2.0032607372500002 2.0032767999900001 1.99856956249 1.9991750901000001 0.0009765625
2.0032767999900001 2.0033089254799998 1.9985585076800001 1.9991695624900001 0.0009765625
2.0033089254799998 2.00334105097 1.9985474534100001 1.99915850768 0.0009765625
2.00334105097 2.0033731764699998 1.9985363996800001 1.99914745341 0.0009765625
2.0033731764699998 2.00340530196 1.9985253464899999 1.99913639968 0.0009765625
2.00340530196 2.0034374274500002 1.99851429384 1.9991253464900001 0.0009765625
2.0034374274500002 2.00346955294 1.9985032417299999 1.9991142938399999 0.0009765625
2.00346955294 2.0035016784300002 1.9984921901599999 1.9991032417300001 0.0009765625
2.0035016784300002 2.0035338039199999 1.9984811391299999 1.9990921901600001 0.0009765625
2.0035338039199999 2.0035659294100001 1.99847008864 1.9990811391300001 0.0009765625
2.0035659294100001 2.0035980548999999 1.9984590386900001 1.9990700886399999 0.0009765625
2.0035980548999999 2.0036301803900001 1.99844798928 1.99905903869 0.0009765625
2.0036301803900001 2.0036623058799998 1.99843694041 1.9990479892799999 0.0009765625
2.0036623058799998 2.00369443137 1.99842589208 1.9990369404099999 0.0009765625
2.00369443137 2.0037265568599998 1.99841484429 1.9990258920799999 0.0009765625
2.0037265568599998 2.00375868235 1.9984037970399999 1.99901484429 0.0009765625
2.00375868235 2.0037908078400002 1.9983927503300001 1.9990037970400001 0.0009765625
2.0037908078400002 2.0038229333299999 1.99838170416 1.99899275033 0.0009765625
2.0038229333299999 2.0038550588200001 1.9983706585300001 1.99898170416 0.0009765625
2.0038550588200001 2.0038871843099999 1.9983596134399999 1.99897065853 0.0009765625
2.0038871843099999 2.0039193098000001 1.99834856889 1.9989596134400001 0.0009765625
2.0039193098000001 2.0039514352899999 1.9983375248799999 1.9989485688899999 0.0009765625
2.0039514352899999 2.0039835607800001 1.9983264813999999 1.9989375248800001 0.0009765625
2.0039835607800001 2.0040156862699998 1.9983154384699999 1.9989264814000001 0.0009765625
2.0040156862699998 2.00404781176 1.99830439608 1.9989154384700001 0.0009765625
2.00404781176 2.0040799372500002 1.9982933542200001 1.9989043960799999 0.0009765625
2.0040799372500002 2.00411206274 1.99828231291 1.99889335422 0.0009765625
2.00411206274 2.0041441882300002 1.99827127213 1.99888231291 0.0009765625
2.0041441882300002 2.0041763137199999 1.9982602319 1.9988712721299999 0.0009765625
2.0041763137199999 2.0042084392100001 1.9982491922000001 1.9988602319 0.0009765625
2.0042084392100001 2.0042405646999999 1.99823815304 1.9988491922 0.0009765625
2.0042405646999999 2.0042726901900001 1.9982271144199999 1.9988381530399999 0.0009765625
2.0042726901900001 2.0043048156799999 1.9982160763400001 1.9988271144200001 0.0009765625
2.0043048156799999 2.0043369411700001 1.9982050388000001 1.99881607634 0.0009765625
2.0043369411700001 2.0043690666599998 1.9981940018 1.9988050388 0.0009765625
2.0043690666599998 2.00440119215 1.9981829653300001 1.9987940018000001 0.0009765625
2.00440119215 2.0044333176400002 1.99817192941 1.99878296533 0.0009765625
2.0044333176400002 2.00446544313 1.99816089402 1.9987719294099999 0.0009765625
2.00446544313 2.0044975686200002 1.99814985918 1.9987608940199999 0.0009765625
2.0044975686200002 2.0045296941099999 1.9981388248700001 1.9987498591799999 0.0009765625
2.0045296941099999 2.0045618196000001 1.9981277910999999 1.99873882487 0.0009765625
2.0045618196000001 2.0045939450899999 1.9981167578700001 1.9987277911000001 0.0009765625
2.0045939450899999 2.0046260705800001 1.9981057251700001 1.99871675787 0.0009765625
2.0046260705800001 2.0046581960699998 1.9980946930200001 1.99870572517 0.0009765625
2.0046581960699998 2.00469032156 1.9980836614099999 1.99869469302 0.0009765625
2.00469032156 2.0047224470499998 1.99807263033 1.9986836614100001 0.0009765625
2.0047224470499998 2.00475457254 1.99806159979 1.99867263033 0.0009765625
2.00475457254 2.0047866980300002 1.99805056979 1.9986615997899999 0.0009765625
2.0047866980300002 2.00481882352 1.99803954033 1.9986505697900001 0.0009765625
2.00481882352 2.0048509490100002 1.99802851141 1.9986395403299999 0.0009765625
2.0048509490100002 2.0048830744999999 1.9980174830199999 1.99862851141 0.0009765625
2.0048830744999999 2.0049151999900001 1.9980064551700001 1.9986174830200001 0.0009765625
2.0049151999900001 2.0049473254799999 1.9979954278600001 1.99860645517 0.0009765625
2.0049473254799999 2.0049794509700001 1.9979844010900001 1.99859542786 0.0009765625
2.0049794509700001 2.0050115764599998 1.9979733748599999 1.99858440109 0.0009765625
2.0050115764599998 2.00504370195 1.99796234917 1.9985733748600001 0.0009765625
2.00504370195 2.0050758274399998 1.99795132401 1.99856234917 0.0009765625
2.0050758274399998 2.00510795293 1.99794029939 1.9985513240099999 0.0009765625
2.00510795293 2.0051400784200002 1.99792927531 1.9985402993900001 0.0009765625
2.0051400784200002 2.00517220391 1.99791825177 1.9985292753099999 0.0009765625
2.00517220391 2.0052043294000002 1.9979072287599999 1.99851825177 0.0009765625
2.0052043294000002 2.0052364548899999 1.9978962062900001 1.9985072287600001 0.0009765625
2.0052364548899999 2.0052685803800001 1.9978851843600001 1.99849620629 0.0009765625
2.0052685803800001 2.0053007058699999 1.9978741629700001 1.99848518436 0.0009765625
2.0053007058699999 2.0053328313600001 1.9978631421199999 1.99847416297 0.0009765625
2.0053328313600001 2.0053649568499998 1.9978521218 1.9984631421200001 0.0009765625
2.0053649568499998 2.00539708234 1.99784110202 1.9984521218 0.0009765625
2.00539708234 2.0054292078299998 1.99783008278 1.9984411020199999 0.0009765625
2.0054292078299998 2.00546133332 1.99781906408 1.9984300827799999 0.0009765625
2.00546133332 2.0054934588100002 1.9978080459100001 1.9984190640799999 0.0009765625
2.0054934588100002 2.0055255842999999 1.9977970282799999 1.99840804591 0.0009765625
2.0055255842999999 2.0055577097900001 1.9977860111900001 1.9983970282800001 0.0009765625
2.0055577097900001 2.0055898352799999 1.9977749946300001 1.99838601119 0.0009765625
2.0055898352799999 2.0056219607800001 1.9977639786100001 1.99837499463 0.0009765625
2.0056219607800001 2.0056540862699999 1.9977529631299999 1.99836397861 0.0009765625
2.0056540862699999 2.0056862117600001 1.9977419481900001 1.9983529631300001 0.0009765625
2.0056862117600001 2.0057183372499998 1.99773093378 1.99834194819 0.0009765625
2.0057183372499998 2.00575046274 1.99771991991 1.9983309337799999 0.0009765625
2.00575046274 2.0057825882300002 1.99770890658 1.9983199199099999 0.0009765625
2.0057825882300002 2.00581471372 1.9976978937900001 1.9983089065799999 0.0009765625
2.00581471372 2.0058468392100002 1.99768688153 1.99829789379 0.0009765625
2.0058468392100002 2.0058789646999999 1.9976758698099999 1.9982868815299999 0.0009765625
2.0058789646999999 2.0059110901900001 1.9976648586200001 1.99827586981 0.0009765625
2.0059110901900001 2.0059432156799999 1.9976538479699999 1.99826485862 0.0009765625
2.0059432156799999 2.0059753411700001 1.99764283786 1.9982538479700001 0.0009765625
2.0059753411700001 2.0060074666599998 1.9976318282900001 1.9982428378599999 0.0009765625
2.0060074666599998 2.0060395921500001 1.99762081925 1.99823182829 0.0009765625
2.0060395921500001 2.0060717176399998 1.99760981075 1.9982208192499999 0.0009765625
2.0060717176399998 2.00610384313 1.99759880278 1.9982098107499999 0.0009765625
2.00610384313 2.0061359686200002 1.9975877953500001 1.9981988027799999 0.0009765625
2.0061359686200002 2.00616809411 1.99757678846 1.99818779535 0.0009765625
2.00616809411 2.0062002196000002 1.9975657821099999 1.9981767884599999 0.0009765625
2.0062002196000002 2.0062323450899999 1.9975547762899999 1.9981657821100001 0.0009765625
2.0062323450899999 2.0062644705800001 1.9975437710099999 1.99815477629 0.0009765625
2.0062644705800001 2.0062965960699999 1.99753276626 1.9981437710100001 0.0009765625
2.0062965960699999 2.0063287215600001 1.9975217620500001 1.9981327662599999 0.0009765625
2.0063287215600001 2.0063608470499998 1.99751075837 1.99812176205 0.0009765625
2.0063608470499998 2.00639297254 1.99749975524 1.99811075837 0.0009765625
2.00639297254 2.0064250980299998 1.99748875264 1.9980997552399999 0.0009765625
2.0064250980299998 2.00645722352 1.9974777505700001 1.99808875264 0.0009765625
2.00645722352 2.0064893490100002 1.99746674904 1.99807775057 0.0009765625
2.0064893490100002 2.0065214745 1.9974557480499999 1.9980667490399999 0.0009765625
2.0065214745 2.0065535999900002 1.9974447475899999 1.9980557480500001 0.0009765625
2.0065535999900002 2.0066178509700001 1.99742274828 1.9980447475900001 0.0009765625
2.0066178509700001 2.0066821019500001 1.99740075112 1.9980227482799999 0.0009765625
2.0066821019500001 2.00674635293 1.9973787561 1.99800075112 0.0009765625
2.00674635293 2.00681060391 1.99735676322 1.9979787561 0.0009765625
2.00681060391 2.0068748548899999 1.9973347724799999 1.9979567632199999 0.0009765625
2.0068748548899999 2.0069391058699999 1.99731278388 1.9979347724800001 0.0009765625
2.0069391058699999 2.0070033568499999 1.99729079743 1.9979127838799999 0.0009765625
2.0070033568499999 2.0070676078299998 1.99726881312 1.99789079743 0.0009765625
2.0070676078299998 2.0071318588099998 1.99724683095 1.99786881312 0.0009765625
2.0071318588099998 2.0071961097900002 1.9972248509099999 1.9978468309499999 0.0009765625
2.0071961097900002 2.0072603607700001 1.99720287302 1.9978248509100001 0.0009765625
2.0072603607700001 2.0073246117500001 1.99718089727 1.9978028730199999 0.0009765625
2.0073246117500001 2.0073888627300001 1.99715892366 1.99778089727 0.0009765625
2.0073888627300001 2.00745311371 1.99713695219 1.99775892366 0.0009765625
2.00745311371 2.00751736469 1.9971149828500001 1.9977369521899999 0.0009765625
2.00751736469 2.0075816156699999 1.99709301566 1.99771498285 0.0009765625
2.0075816156699999 2.0076458666499999 1.9970710506 1.9976930156599999 0.0009765625
2.0076458666499999 2.0077101176299998 1.99704908768 1.9976710505999999 0.0009765625
2.0077101176299998 2.0077743686099998 1.9970271268899999 1.9976490876799999 0.0009765625
2.0077743686099998 2.0078386196000002 1.9970051682500001 1.9976271268900001 0.0009765625
2.0078386196000002 2.0079028705800002 1.9969832117399999 1.99760516825 0.0009765625
2.0079028705800002 2.0079671215600001 1.99696125736 1.9975832117400001 0.0009765625
2.0079671215600001 2.0080313725400001 1.99693930512 1.9975612573599999 0.0009765625
2.0080313725400001 2.00809562352 1.9969173550199999 1.9975393051200001 0.0009765625
2.00809562352 2.0081598745 1.99689540705 1.9975173550200001 0.0009765625
2.0081598745 2.00822412548 1.9968734612200001 1.9974954070499999 0.0009765625
2.00822412548 2.0082883764599999 1.9968515175199999 1.99747346122 0.0009765625
2.0082883764599999 2.0083526274399999 1.9968295759600001 1.9974515175200001 0.0009765625
2.0083526274399999 2.0084168784199998 1.99680763653 1.99742957596 0.0009765625
2.0084168784199998 2.0084811293999998 1.9967856992299999 1.99740763653 0.0009765625
2.0084811293999998 2.0085453803800002 1.99676376407 1.9973856992300001 0.0009765625
2.0085453803800002 2.0086096313600001 1.99674183104 1.9973637640699999 0.0009765625
2.0086096313600001 2.0086738823400001 1.99671990014 1.99734183104 0.0009765625
2.0086738823400001 2.0087381333200001 1.9966979713699999 1.9973199001399999 0.0009765625
2.0087381333200001 2.0088023843 1.99667604473 1.9972979713700001 0.0009765625
2.0088023843 2.00886663528 1.9966541202300001 1.99727604473 0.0009765625
2.00886663528 2.0089308862599999 1.9966321978599999 1.99725412023 0.0009765625
2.0089308862599999 2.0089951372399999 1.9966102776100001 1.9972321978600001 0.0009765625
2.0089951372399999 2.0090593882199999 1.9965883595 1.99721027761 0.0009765625
2.0090593882199999 2.0091236391999998 1.9965664435199999 1.9971883595 0.0009765625
2.0091236391999998 2.0091878901800002 1.99654452967 1.9971664435200001 0.0009765625
2.0091878901800002 2.0092521411600002 1.99652261794 1.9971445296699999 0.0009765625
2.0092521411600002 2.0093163921400001 1.9965007083499999 1.9971226179399999 0.0009765625
2.0093163921400001 2.0093806431200001 1.9964788008800001 1.9971007083500001 0.0009765625
2.0093806431200001 2.0094448941 1.9964568955399999 1.99707880088 0.0009765625
2.0094448941 2.00950914508 1.99643499233 1.9970568955400001 0.0009765625
2.00950914508 2.00957339606 1.99641309125 1.9970349923299999 0.0009765625
2.00957339606 2.0096376470399999 1.9963911922899999 1.9970130912499999 0.0009765625
2.0096376470399999 2.0097018980199999 1.9963692954600001 1.9969911922900001 0.0009765625
2.0097018980199999 2.0097661489999998 1.9963474007599999 1.99696929546 0.0009765625
2.0097661489999998 2.0098303999799998 1.99632550818 1.9969474007600001 0.0009765625
2.0098303999799998 2.0098946509600002 1.99630361773 1.9969255081799999 0.0009765625
2.0098946509600002 2.0099589019400002 1.9962817294099999 1.9969036177299999 0.0009765625
2.0099589019400002 2.0100231529200001 1.9962598432100001 1.9968817294100001 0.0009765625
2.0100231529200001 2.0100874039100001 1.9962379591299999 1.99685984321 0.0009765625
2.0100874039100001 2.01015165489 1.9962160771799999 1.9968379591300001 0.0009765625
2.01015165489 2.01021590587 1.9961941973499999 1.9968160771800001 0.0009765625
2.01021590587 2.0102801568499999 1.9961723196500001 1.9967941973500001 0.0009765625
2.0102801568499999 2.0103444078299999 1.99615044406 1.99677231965 0.0009765625
2.0103444078299999 2.0104086588099999 1.99612857061 1.9967504440599999 0.0009765625
2.0104086588099999 2.0104729097899998 1.9961066992700001 1.99672857061 0.0009765625
2.0104729097899998 2.0105371607700002 1.99608483006 1.99670669927 0.0009765625
2.0105371607700002 2.0106014117500002 1.99606296296 1.99668483006 0.0009765625
2.0106014117500002 2.0106656627300001 1.9960410979900001 1.9966629629599999 0.0009765625
2.0106656627300001 2.0107299137100001 1.9960192351499999 1.99664109799 0.0009765625
2.0107299137100001 2.0107941646900001 1.9959973744199999 1.9966192351500001 0.0009765625
2.0107941646900001 2.01085841567 1.9959755158100001 1.9965973744200001 0.0009765625
2.01085841567 2.01092266665 1.99595365932 1.99657551581 0.0009765625
2.01092266665 2.0109869176299999 1.9959318049500001 1.99655365932 0.0009765625
2.0109869176299999 2.0110511686099999 1.9959099527099999 1.99653180495 0.0009765625
2.0110511686099999 2.0111154195899998 1.9958881025799999 1.9965099527100001 0.0009765625
2.0111154195899998 2.0111796705699998 1.9958662545700001 1.9964881025800001 0.0009765625
2.0111796705699998 2.0112439215500002 1.99584440867 1.99646625457 0.0009765625
2.0112439215500002 2.0113081725300002 1.9958225649000001 1.9964444086699999 0.0009765625
2.0113081725300002 2.0113724235100001 1.9958007232399999 1.9964225649 0.0009765625
2.0113724235100001 2.0114366744900001 1.9957788836999999 1.9964007232400001 0.0009765625
2.0114366744900001 2.01150092547 1.9957570462800001 1.9963788837000001 0.0009765625
2.01150092547 2.01156517645 1.99573521097 1.99635704628 0.0009765625
2.01156517645 2.01162942743 1.99571337779 1.9963352109700001 0.0009765625
2.01162942743 2.0116936784099999 1.99569154671 1.99631337779 0.0009765625
2.0116936784099999 2.0117579293899999 1.99566971775 1.99629154671 0.0009765625
2.0117579293899999 2.0118221803699998 1.9956478909099999 1.99626971775 0.0009765625
2.0118221803699998 2.0118864313499998 1.99562606618 1.9962478909100001 0.0009765625
2.0118864313499998 2.0119506823300002 1.9956042435700001 1.99622606618 0.0009765625
2.0119506823300002 2.0120149333100001 1.9955824230700001 1.99620424357 0.0009765625
2.0120149333100001 2.0120791842900001 1.9955606046900001 1.99618242307 0.0009765625
2.0120791842900001 2.0121434352700001 1.99553878842 1.99616060469 0.0009765625
2.0121434352700001 2.01220768625 1.9955169742600001 1.9961387884199999 0.0009765625
2.01220768625 2.01227193723 1.9954951622099999 1.99611697426 0.0009765625
2.01227193723 2.0123361882199999 1.9954733522799999 1.9960951622100001 0.0009765625
2.0123361882199999 2.0124004391999999 1.9954515444600001 1.99607335228 0.0009765625
2.0124004391999999 2.0124646901799998 1.99542973875 1.99605154446 0.0009765625
2.0124646901799998 2.0125289411599998 1.99540793515 1.9960297387499999 0.0009765625
2.0125289411599998 2.0125931921400002 1.9953861336700001 1.99600793515 0.0009765625
2.0125931921400002 2.0126574431200002 1.99536433429 1.99598613367 0.0009765625
2.0126574431200002 2.0127216941000001 1.99534253702 1.99596433429 0.0009765625
2.0127216941000001 2.0127859450800001 1.9953207418700001 1.9959425370199999 0.0009765625
2.0127859450800001 2.01285019606 1.9952989488199999 1.99592074187 0.0009765625
2.01285019606 2.01291444704 1.9952771578899999 1.9958989488200001 0.0009765625
2.01291444704 2.01297869802 1.9952553690599999 1.9958771578900001 0.0009765625
2.01297869802 2.0130429489999999 1.99523358234 1.9958553690600001 0.0009765625
2.0130429489999999 2.0131071999799999 1.9952117977299999 1.99583358234 0.0009765625
2.0131071999799999 2.01376255998 1.99498971506 1.9958117977300001 0.0009765625
2.01376255998 2.0144179199800001 1.99476785133 1.9955897150599999 0.0009765625
2.0144179199800001 2.0150732799800002 1.9945462061999999 1.9953678513299999 0.0009765625
2.0150732799800002 2.0157286399699998 1.9943247792800001 1.9951462062 0.0009765625
2.0157286399699998 2.01638399997 1.9941035702300001 1.99492477928 0.0009765625
2.01638399997 2.0170393599700001 1.9938825786700001 1.99470357023 0.0009765625
2.0170393599700001 2.0176947199700002 1.9936618042500001 1.99448257867 0.0009765625
2.0176947199700002 2.0183500799699998 1.9934412466 1.99426180425 0.0009765625
2.0183500799699998 2.0190054399699999 1.9932209053700001 1.9940412465999999 0.0009765625
2.0190054399699999 2.01966079997 1.9930007802 1.99382090537 0.0009765625
2.01966079997 2.0203161599700001 1.9927808707300001 1.9936007802 0.0009765625
2.0203161599700001 2.0209715199699998 1.9925611766 1.99338087073 0.0009765625
2.0209715199699998 2.0216268799599999 1.9923416974599999 1.9931611765999999 0.0009765625
2.0216268799599999 2.02228223996 1.99212243295 1.9929416974600001 0.0009765625
2.02228223996 2.0229375999600001 1.9919033827099999 1.99272243295 0.0009765625
2.0229375999600001 2.0235929599600002 1.9916845463999999 1.99250338271 0.0009765625
2.0235929599600002 2.0242483199599999 1.9914659236600001 1.9922845464000001 0.0009765625
2.0242483199599999 2.02490367996 1.9912475141299999 1.99206592366 0.0009765625
2.02490367996 2.0255590399600001 1.99102931748 1.9918475141300001 0.0009765625
2.0255590399600001 2.0262143999600002 1.9908113333399999 1.9916293174799999 0.0009765625
2.0262143999600002 2.02752511995 1.99037600121 1.9914113333400001 0.0009765625
2.02752511995 2.0288358399500002 1.9899415149599999 1.99097600121 0.0009765625
2.0288358399500002 2.0301465599499999 1.9895078718100001 1.9905415149600001 0.0009765625
2.0301465599499999 2.0314572799500001 1.9890750690100001 1.99010787181 0.0009765625
2.0314572799500001 2.0327679999499999 1.9886431038000001 1.98967506901 0.0009765625
2.0327679999499999 2.0340787199400001 1.9882119734499999 1.9892431038 0.0009765625
2.0340787199400001 2.0353894399399999 1.9877816752299999 1.98881197345 0.0009765625
2.0353894399399999 2.0367001599400001 1.98735220644 1.9883816752300001 0.0009765625
2.0367001599400001 2.0380108799399999 1.9869235643700001 1.9879522064399999 0.0009765625
2.0380108799399999 2.0393215999400001 1.9864957463299999 1.98752356437 0.0009765625
2.0393215999400001 2.0406323199299998 1.98606874965 1.9870957463300001 0.0009765625
2.0406323199299998 2.04194303993 1.9856425716799999 1.98666874965 0.0009765625
2.04194303993 2.0432537599299998 1.98521720975 1.9862425716800001 0.0009765625
2.0432537599299998 2.04456447993 1.98479266123 1.98581720975 0.0009765625
2.04456447993 2.0458751999200002 1.9843689234899999 1.9853926612299999 0.0009765625
2.0458751999200002 2.04718591992 1.9839459939199999 1.9849689234900001 0.0009765625
2.04718591992 2.0484966399200002 1.98352386992 1.9845459939200001 0.0009765625
2.0484966399200002 2.04980735992 1.9831025489 1.9841238699199999 0.0009765625
2.04980735992 2.0511180799200002 1.98268202827 1.9837025489 0.0009765625
2.0511180799200002 2.0524287999099999 1.9822623054699999 1.9832820282700001 0.0009765625
2.0524287999099999 2.0550502399099999 1.9814252431399999 1.9828623054700001 0.0009765625
2.0550502399099999 2.0576716799099999 1.9805913416000001 1.9820252431400001 0.0009765625
2.0576716799099999 2.0602931198999999 1.9797605807300001 1.9811913416 0.0009765625
2.0602931198999999 2.0629145598999998 1.97893294057 1.98036058073 0.0009765625
2.0629145598999998 2.0655359998899998 1.9781084013500001 1.97953294057 0.0009765625
2.0655359998899998 2.0681574398899998 1.97728694347 1.97870840135 0.0009765625
2.0681574398899998 2.0707788798800002 1.9764685475199999 1.9778869434699999 0.0009765625
2.0707788798800002 2.0734003198800002 1.97565319423 1.9770685475200001 0.0009765625
2.0734003198800002 2.0760217598800002 1.97484086454 1.9762531942299999 0.0009765625
2.0760217598800002 2.0786431998700001 1.9740315395100001 1.9754408645399999 0.0009765625
2.0786431998700001 2.0812646398700001 1.9732252004099999 1.97463153951 0.0009765625
2.0812646398700001 2.0838860798600001 1.9724218286599999 1.9738252004100001 0.0009765625
2.0838860798600001 2.08650751986 1.9716214058199999 1.9730218286600001 0.0009765625
2.08650751986 2.08912895985 1.9708239136400001 1.9722214058200001 0.0009765625
2.08912895985 2.09175039985 1.9700293340099999 1.97142391364 0.0009765625
2.09175039985 2.09437183985 1.9692376489800001 1.9706293340100001 0.0009765625
2.09437183985 2.0969932798399999 1.96844884077 1.96983764898 0.0009765625
2.0969932798399999 2.0996147198399999 1.9676628917400001 1.96904884077 0.0009765625
2.0996147198399999 2.1022361598299999 1.9668797844000001 1.96826289174 0.0009765625
2.1022361598299999 2.1048575998299999 1.9660995014 1.9674797844 0.0009765625
2.1048575998299999 2.1101004798199998 1.96454733986 1.9666995013999999 0.0009765625
2.1101004798199998 2.1153433598100002 1.9630062713600001 1.9651473398599999 0.0009765625
2.1153433598100002 2.1205862398000002 1.9614761624199999 1.96360627136 0.0009765625
2.1205862398000002 2.1258291197900001 1.9599568818399999 1.96207616242 0.0009765625
2.1258291197900001 2.1310719997900001 1.95844830059 1.9605568818400001 0.0009765625
2.1310719997900001 2.13631487978 1.9569502917899999 1.9590483005899999 0.0009765625
2.13631487978 2.14155775977 1.9554627306700001 1.9575502917900001 0.0009765625
2.14155775977 2.1468006397599999 1.9539854945399999 1.95606273067 0.0009765625
2.1468006397599999 2.1520435197499999 1.9525184627000001 1.9545854945400001 0.0009765625
2.1520435197499999 2.1572863997399998 1.95106151642 1.9531184627 0.0009765625
2.1572863997399998 2.1625292797300002 1.9496145389199999 1.95166151642 0.0009765625
2.1625292797300002 2.1677721597300001 1.94817741532 1.9502145389200001 0.0009765625
2.1677721597300001 2.1730150397200001 1.94675003256 1.9487774153199999 0.0009765625
2.1730150397200001 2.17825791971 1.9453322794200001 1.9473500325599999 0.0009765625
2.17825791971 2.1835007997 1.9439240464500001 1.94593227942 0.0009765625
2.1835007997 2.1887436796899999 1.9425252259500001 1.94452404645 0.0009765625
2.1887436796899999 2.1939865596799999 1.9411357119099999 1.94312522595 0.0009765625
2.1939865596799999 2.1992294396699998 1.9397553999999999 1.9417357119100001 0.0009765625
2.1992294396699998 2.2044723196699998 1.9383841875200001 1.9403554000000001 0.0009765625
2.2044723196699998 2.2097151996600002 1.93702197339 1.93898418752 0.0009765625
2.2097151996600002 2.2202009596400001 1.9336241436399999 1.9383219733899999 0.0009765625
2.2202009596400001 2.23068671962 1.93096113292 1.9356241436399999 0.0009765625
2.23068671962 2.2411724796099999 1.9283321870700001 1.93296113292 0.0009765625
2.2411724796099999 2.2516582395900002 1.9257365747399999 1.9303321870700001 0.0009765625
2.2516582395900002 2.2621439995700001 1.9231735864699999 1.9277365747399999 0.0009765625
2.2621439995700001 2.27262975955 1.9206425338399999 1.9251735864699999 0.0009765625
2.27262975955 2.2831155195399999 1.9181427487 1.9226425338399999 0.0009765625
2.2831155195399999 2.2936012795199998 1.91567358242 1.9201427487 0.0009765625
2.2936012795199998 2.3040870395000002 1.9132344051200001 1.91767358242 0.0009765625
2.3040870395000002 2.3145727994900001 1.91082460503 1.9152344051200001 0.0009765625
2.3145727994900001 2.32505855947 1.9084435877599999 1.91282460503 0.0009765625
2.32505855947 2.3355443194499999 1.9060907757300001 1.9104435877599999 0.0009765625
2.3355443194499999 2.3460300794300002 1.90376560756 1.9080907757300001 0.0009765625
2.3460300794300002 2.3565158394200001 1.9014675374300001 1.90576560756 0.0009765625
2.3565158394200001 2.3670015994 1.8991960345900001 1.9034675374300001 0.0009765625
2.3670015994 2.3774873593799999 1.8969505828 1.9011960345900001 0.0009765625
2.3774873593799999 2.3879731193699998 1.8947306798600001 1.8989505828 0.0009765625
2.3879731193699998 2.3984588793500001 1.8925358370400001 1.8967306798600001 0.0009765625
2.3984588793500001 2.40894463933 1.89036557873 1.8945358370400001 0.0009765625
2.40894463933 2.4194303993099999 1.88821944189 1.89236557873 0.0009765625
2.4194303993099999 2.4294168373899998 1.8861975152699999 1.89021944189 0.0009765625
2.4294168373899998 2.4394032754700001 1.88419667903 1.8881975152699999 0.0009765625
2.4394032754700001 2.44938971355 1.8822165630100001 1.88619667903 0.0009765625
2.44938971355 2.4593761516299999 1.88025680618 1.8842165630100001 0.0009765625
2.4593761516299999 2.4693625897100002 1.87831705629 1.88225680618 0.0009765625
2.4693625897100002 2.4793490277900001 1.8763969696 1.88031705629 0.0009765625
2.4793490277900001 2.48933546587 1.87449621065 1.8783969696 0.0009765625
2.48933546587 2.4993219039399999 1.8726144519900001 1.8764962106500001 0.0009765625
2.4993219039399999 2.5093083420200002 1.8714513739 1.87391445199 0.0009765625
2.5093083420200002 2.5192947801000001 1.86960666423 1.8720513739 0.0009765625
2.5192947801000001 2.52928121818 1.8677800180999999 1.8702066642299999 0.0009765625
2.52928121818 2.5392676562599998 1.8659711377099999 1.8683800181000001 0.0009765625
2.5392676562599998 2.5492540943400002 1.86417973216 1.8665711377100001 0.0009765625
2.5492540943400002 2.55924053242 1.86240551719 1.8647797321599999 0.0009765625
2.55924053242 2.5692269704999999 1.8606482150100001 1.86300551719 0.0009765625
2.5692269704999999 2.5792134085799998 1.85890755415 1.86124821501 0.0009765625
2.5792134085799998 2.5891998466500001 1.8571832692000001 1.8595075541499999 0.0009765625
2.5891998466500001 2.59918628473 1.8554751006900001 1.8577832692 0.0009765625
2.59918628473 2.6091727228099999 1.8537827949200001 1.85607510069 0.0009765625
2.6091727228099999 2.6191591608899998 1.85210610378 1.85438279492 0.0009765625
2.6191591608899998 2.6291455989700001 1.8504447845700001 1.8527061037799999 0.0009765625
2.6291455989700001 2.63913203705 1.8487985999100001 1.85104478457 0.0009765625
2.63913203705 2.6491184751299999 1.8471673175200001 1.84939859991 0.0009765625
2.6491184751299999 2.6591049132100002 1.8455507101499999 1.84776731752 0.0009765625
2.6591049132100002 2.6690913512900001 1.8439485553799999 1.8461507101500001 0.0009765625
2.6690913512900001 2.67907778936 1.84236063551 1.8445485553800001 0.0009765625
2.67907778936 2.6890642274399998 1.84078673746 1.8429606355099999 0.0009765625
2.6890642274399998 2.6990506655200002 1.8392266526000001 1.8413867374599999 0.0009765625
2.6990506655200002 2.7090371036000001 1.8376801766399999 1.8398266526 0.0009765625
2.7090371036000001 2.7190235416799999 1.8361471095599999 1.8382801766400001 0.0009765625
2.7190235416799999 2.7290099797599998 1.83462725544 1.8367471095600001 0.0009765625
2.7290099797599998 2.7389964178400001 1.8331204223499999 1.83522725544 0.0009765625
2.7389964178400001 2.74898285592 1.8316264223100001 1.8337204223500001 0.0009765625
2.74898285592 2.7589692939999999 1.83014507112 1.83222642231 0.0009765625
2.7589692939999999 2.7689557320699998 1.8286761883 1.83074507112 0.0009765625
2.7689557320699998 2.7789421701500001 1.82721959696 1.8292761882999999 0.0009765625
2.7789421701500001 2.78892860823 1.82577512375 1.82781959696 0.0009765625
2.78892860823 2.7989150463099999 1.8243425987399999 1.8263751237500001 0.0009765625
2.7989150463099999 2.8089014843900002 1.82292185534 1.8249425987400001 0.0009765625
2.8089014843900002 2.8188879224700001 1.82151273022 1.8235218553400001 0.0009765625
2.8188879224700001 2.82887436055 1.8201150632200001 1.82211273022 0.0009765625
2.82887436055 2.8388607986299998 1.8187286973000001 1.82071506322 0.0009765625
2.8388607986299998 2.8567651543400001 1.81557093538 1.8200286972999999 0.0009765625
2.8567651543400001 2.8746695100399999 1.8131481416699999 1.81757093538 0.0009765625
2.8746695100399999 2.8925738657500002 1.8107594810600001 1.8151481416699999 0.0009765625
2.8925738657500002 2.91047822146 1.8084041463 1.8127594810600001 0.0009765625
2.91047822146 2.9283825771699998 1.8060813568 1.8104041463 0.0009765625
2.9283825771699998 2.9462869328800001 1.8037903575500001 1.8080813568 0.0009765625
2.9462869328800001 2.9641912885799999 1.80153041801 1.8057903575500001 0.0009765625
2.9641912885799999 2.9820956442900002 1.7993008310900001 1.80353041801 0.0009765625
2.9820956442900002 3 1.7971009122499999 1.8013008310900001 0.0009765625
3 3.0197837837799999 1.7947037725299999 1.7991009122499999 0.0009765625
3.0197837837799999 3.0395675675699998 1.7923411822399999 1.7967037725299999 0.0009765625
3.0395675675699998 3.0593513513500001 1.7900123058099999 1.7943411822399999 0.0009765625
3.0593513513500001 3.07913513514 1.7877163359399999 1.7920123058099999 0.0009765625
3.07913513514 3.0989189189199999 1.7854524923199999 1.7897163359399999 0.0009765625
3.0989189189199999 3.1187027026999998 1.78322002054 1.7874524923199999 0.0009765625
3.1187027026999998 3.1384864864900002 1.78101819094 1.78522002054 0.0009765625
3.1384864864900002 3.1582702702700001 1.7788462975899999 1.78301819094 0.0009765625
3.1582702702700001 3.17805405405 1.7767036572999999 1.7808462975899999 0.0009765625
3.17805405405 3.1978378378399999 1.7745896086999999 1.7787036572999999 0.0009765625
3.1978378378399999 3.2176216216200002 1.7725035113400001 1.7765896086999999 0.0009765625
3.2176216216200002 3.2374054054100001 1.77044474481 1.7745035113400001 0.0009765625
3.2374054054100001 3.25718918919 1.7684127080100001 1.77244474481 0.0009765625
3.25718918919 3.2769729729699999 1.7664068182999999 1.7704127080100001 0.0009765625
3.2769729729699999 3.2967567567599998 1.7644265108499999 1.7684068182999999 0.0009765625
3.2967567567599998 3.3165405405400001 1.76247123787 1.7664265108499999 0.0009765625
3.3165405405400001 3.33632432432 1.7605404680200001 1.76447123787 0.0009765625
3.33632432432 3.3561081081099999 1.75863368574 1.7625404680200001 0.0009765625
3.3561081081099999 3.3758918918899998 1.7567503906499999 1.76063368574 0.0009765625
3.3758918918899998 3.3956756756800002 1.7548900969800001 1.7587503906499999 0.0009765625
3.3956756756800002 3.4154594594600001 1.7530523330500001 1.7568900969800001 0.0009765625
3.4154594594600001 3.43524324324 1.75123664072 1.7550523330500001 0.0009765625
3.43524324324 3.4550270270299999 1.74944257488 1.75323664072 0.0009765625
3.4550270270299999 3.4748108108100002 1.7476697030099999 1.75144257488 0.0009765625
3.4748108108100002 3.4945945945900001 1.74591760472 1.7496697030099999 0.0009765625
3.4945945945900001 3.51437837838 1.74418587127 1.74791760472 0.0009765625
3.51437837838 3.5341621621599999 1.7424741052199999 1.74618587127 0.0009765625
3.5341621621599999 3.5539459459499998 1.7407819199700001 1.7444741052199999 0.0009765625
3.5539459459499998 3.5737297297300001 1.7391089394499999 1.7427819199700001 0.0009765625
3.5737297297300001 3.59351351351 1.7374547976600001 1.7411089394499999 0.0009765625
3.59351351351 3.6132972972999999 1.7358191384299999 1.7394547976600001 0.0009765625
3.6132972972999999 3.6330810810799998 1.7342016149799999 1.7378191384299999 0.0009765625
3.6330810810799998 3.6528648648600002 1.73260188969 1.7362016149799999 0.0009765625
3.6528648648600002 3.6726486486500001 1.7310196337199999 1.73460188969 0.0009765625
3.6726486486500001 3.69243243243 1.7294545267799999 1.7330196337199999 0.0009765625
3.69243243243 3.7122162162199999 1.7279062567900001 1.7314545267799999 0.0009765625
3.7122162162199999 3.7320000000000002 1.72637451963 1.7299062567900001 0.0009765625
3.7320000000000002 3.7517837837800001 1.7248590189099999 1.72837451963 0.0009765625
3.7517837837800001 3.77156756757 1.72335946567 1.7268590189099999 0.0009765625
3.77156756757 3.7913513513499999 1.7218755781699999 1.72535946567 0.0009765625
3.7913513513499999 3.8111351351399998 1.72110708164 1.72317557817 0.0009765625
3.8111351351399998 3.8309189189200001 1.7196537080900001 1.72170708164 0.0009765625
3.8309189189200001 3.8507027027 1.7182151960600001 1.72025370809 0.0009765625
3.8507027027 3.8704864864899999 1.71679129044 1.71881519606 0.0009765625
3.8704864864899999 3.8902702702699998 1.71538174225 1.7173912904399999 0.0009765625
3.8902702702699998 3.9100540540500002 1.71398630849 1.7159817422500001 0.0009765625
3.9100540540500002 3.9298378378400001 1.7126047519000001 1.7145863084899999 0.0009765625
3.9298378378400001 3.94962162162 1.7112368408500001 1.7132047519 0.0009765625
3.94962162162 3.9694054054099999 1.7098823490999999 1.71183684085 0.0009765625
3.9694054054099999 3.9891891891900002 1.70854105569 1.7104823491000001 0.0009765625
3.9891891891900002 4.0089729729699997 1.7072127447800001 1.70914105569 0.0009765625
4.0089729729699997 4.02875675676 1.7058972054599999 1.70781274478 0.0009765625
4.02875675676 4.0485405405400003 1.70459423165 1.7064972054600001 0.0009765625
4.0485405405400003 4.0683243243199998 1.70330362192 1.7051942316499999 0.0009765625
4.0683243243199998 4.0881081081100001 1.7020251793700001 1.7039036219200001 0.0009765625
4.0881081081100001 4.1078918918899996 1.70075871153 1.70262517937 0.0009765625
4.1078918918899996 4.1276756756799999 1.69950403017 1.70135871153 0.0009765625
4.1276756756799999 4.1474594594600003 1.69826095123 1.7001040301699999 0.0009765625
4.1474594594600003 4.1672432432399997 1.6970292947000001 1.6988609512299999 0.0009765625
4.1672432432399997 4.1870270270300001 1.6958088844600001 1.6976292947 0.0009765625
4.1870270270300001 4.2068108108100004 1.69459954821 1.69640888446 0.0009765625
4.2068108108100004 4.2265945945899999 1.6934011173900001 1.69519954821 0.0009765625
4.2265945945899999 4.2463783783800002 1.692213427 1.69400111739 0.0009765625
4.2463783783800002 4.2661621621599997 1.6910363155599999 1.6928134269999999 0.0009765625
4.2661621621599997 4.28594594595 1.68986962501 1.69163631556 0.0009765625
4.28594594595 4.3057297297300003 1.6887132005900001 1.69046962501 0.0009765625
4.3057297297300003 4.3255135135099998 1.6875668907900001 1.68931320059 0.0009765625
4.3255135135099998 4.3452972973000001 1.6864305472100001 1.68816689079 0.0009765625
4.3452972973000001 4.3650810810799996 1.6853040245299999 1.68703054721 0.0009765625
4.3650810810799996 4.3848648648599999 1.6841871804099999 1.6859040245300001 0.0009765625
4.3848648648599999 4.4046486486500003 1.68307987538 1.6847871804100001 0.0009765625
4.4046486486500003 4.4244324324299997 1.6819819728200001 1.68367987538 0.0009765625
4.4244324324299997 4.4442162162200001 1.68089333885 1.68258197282 0.0009765625
4.4442162162200001 4.4640000000000004 1.67981384227 1.68149333885 0.0009765625
4.4640000000000004 4.4837837837799999 1.6787433544799999 1.6804138422699999 0.0009765625
4.4837837837799999 4.5035675675700002 1.67768174943 1.6793433544800001 0.0009765625
4.5035675675700002 4.5233513513499997 1.6766289035399999 1.67828174943 0.0009765625
4.5233513513499997 4.54313513514 1.67558469566 1.6772289035400001 0.0009765625
4.54313513514 4.5629189189200003 1.67454900698 1.6761846956599999 0.0009765625
4.5629189189200003 4.5827027026999998 1.67352172099 1.6751490069799999 0.0009765625
4.5827027026999998 4.6024864864900001 1.6725027234300001 1.6741217209899999 0.0009765625
4.6024864864900001 4.6222702702699996 1.6714919022000001 1.67310272343 0.0009765625
4.6222702702699996 4.6420540540499999 1.6704891473500001 1.6720919022 0.0009765625
4.6420540540499999 4.6618378378400003 1.669494351 1.67108914735 0.0009765625
4.6618378378400003 4.6816216216199997 1.6685074072999999 1.6700943509999999 0.0009765625
4.6816216216199997 4.7014054054100001 1.6675282123699999 1.6691074073000001 0.0009765625
4.7014054054100001 4.7211891891900004 1.66655666426 1.6681282123700001 0.0009765625
4.7211891891900004 4.7409729729699999 1.66559266293 1.66715666426 0.0009765625
4.7409729729699999 4.7607567567600002 1.66463611015 1.6661926629299999 0.0009765625
4.7607567567600002 4.7805405405399997 1.6636869095 1.6652361101499999 0.0009765625
4.7805405405399997 4.80032432432 1.6627449663 1.6642869094999999 0.0009765625
4.80032432432 4.8201081081100003 1.66181018761 1.6633449662999999 0.0009765625
4.8201081081100003 4.8398918918899998 1.6608824821499999 1.6624101876099999 0.0009765625
4.8398918918899998 4.8596756756800001 1.6599617602600001 1.6614824821500001 0.0009765625
4.8596756756800001 4.8794594594599996 1.6590479338899999 1.66056176026 0.0009765625
4.8794594594599996 4.8992432432399999 1.6581409165500001 1.6596479338900001 0.0009765625
4.8992432432399999 4.9190270270300003 1.6572406232900001 1.65874091655 0.0009765625
4.9190270270300003 4.9388108108099997 1.65634697061 1.65784062329 0.0009765625
4.9388108108099997 4.9585945945900001 1.6554598764999999 1.65694697061 0.0009765625
4.9585945945900001 4.9783783783800004 1.65457926037 1.6560598765000001 0.0009765625
4.9783783783800004 4.9981621621599999 1.653705043 1.65517926037 0.0009765625
4.9981621621599999 5.0179459459500002 1.65283714657 1.6543050429999999 0.0009765625
5.0179459459500002 5.0377297297299997 1.65197549456 1.65343714657 0.0009765625
5.0377297297299997 5.05751351351 1.65112001175 1.65257549456 0.0009765625
5.05751351351 5.0772972973000003 1.65027062421 1.6517200117499999 0.0009765625
5.0772972973000003 5.0970810810799998 1.6494272592500001 1.65087062421 0.0009765625
5.0970810810799998 5.1168648648600001 1.6485898454000001 1.65002725925 0.0009765625
5.1168648648600001 5.1366486486499996 1.6477583123799999 1.6491898454 0.0009765625
5.1366486486499996 5.1564324324299999 1.6469325910699999 1.6483583123800001 0.0009765625
5.1564324324299999 5.1762162162200003 1.6461126134999999 1.6475325910700001 0.0009765625
5.1762162162200003 5.1959999999999997 1.6452983128100001 1.6467126135000001 0.0009765625
5.1959999999999997 5.2157837837800001 1.6444896232599999 1.64589831281 0.0009765625
5.2157837837800001 5.2355675675700004 1.64368648014 1.6450896232600001 0.0009765625
5.2355675675700004 5.2553513513499999 1.64288881981 1.6442864801399999 0.0009765625
5.2553513513499999 5.2751351351400002 1.64209657967 1.6434888198099999 0.0009765625
5.2751351351400002 5.2949189189199997 1.6413096980999999 1.6426965796699999 0.0009765625
5.2949189189199997 5.3147027027 1.6405281144699999 1.6419096981000001 0.0009765625
5.3147027027 5.3344864864900003 1.6397517691200001 1.6411281144700001 0.0009765625
5.3344864864900003 5.3542702702699998 1.6389806033500001 1.64035176912 0.0009765625
5.3542702702699998 5.3740540540500001 1.6382145593499999 1.63958060335 0.0009765625
5.3740540540500001 5.3938378378399996 1.6374535802400001 1.6388145593500001 0.0009765625
5.3938378378399996 5.4136216216199999 1.6366976100299999 1.63805358024 0.0009765625
5.4136216216199999 5.4334054054100003 1.6359465935799999 1.6372976100300001 0.0009765625
5.4334054054100003 5.4531891891899997 1.6352004766399999 1.6365465935800001 0.0009765625
5.4531891891899997 5.4729729729700001 1.63445920575 1.6358004766400001 0.0009765625
5.4729729729700001 5.4927567567600004 1.6337227283 1.63505920575 0.0009765625
5.4927567567600004 5.5125405405399999 1.6329909924699999 1.6343227282999999 0.0009765625
5.5125405405399999 5.5323243243200002 1.63226394724 1.6335909924700001 0.0009765625
5.5323243243200002 5.5521081081099997 1.6315415423499999 1.6328639472399999 0.0009765625
5.5521081081099997 5.57189189189 1.63082372831 1.6321415423500001 0.0009765625
5.57189189189 5.5916756756800003 1.63011045635 1.6314237283099999 0.0009765625
5.5916756756800003 5.6114594594599998 1.6294016784500001 1.6307104563499999 0.0009765625
5.6114594594599998 5.6312432432400001 1.6286973472999999 1.63000167845 0.0009765625
5.6312432432400001 5.6510270270299996 1.6279974162799999 1.6292973473000001 0.0009765625
5.6510270270299996 5.6708108108099999 1.6273018394500001 1.6285974162800001 0.0009765625
5.6708108108099999 5.6905945945900003 1.6266105715800001 1.62790183945 0.0009765625
5.6905945945900003 5.7103783783799997 1.6259235680699999 1.62721057158 0.0009765625
5.7103783783799997 5.7301621621600001 1.6252407849699999 1.6265235680700001 0.0009765625
5.7301621621600001 5.7499459459500004 1.62456217898 1.6258407849700001 0.0009765625
5.7499459459500004 5.7697297297299999 1.62388770741 1.6251621789799999 0.0009765625
5.7697297297299999 5.7895135135100002 1.62321732821 1.6244877074099999 0.0009765625
5.7895135135100002 5.8092972972999997 1.6225509998900001 1.6238173282099999 0.0009765625
5.8092972972999997 5.82908108108 1.62188868159 1.62315099989 0.0009765625
5.82908108108 5.8488648648600003 1.62123033301 1.6224886815899999 0.0009765625
5.8488648648600003 5.8686486486499998 1.62057591442 1.6218303330099999 0.0009765625
5.8686486486499998 5.8884324324300001 1.6199253866500001 1.62117591442 0.0009765625
5.8884324324300001 5.9082162162199996 1.61927871109 1.62052538665 0.0009765625
5.9082162162199996 5.9279999999999999 1.61863584965 1.6198787110899999 0.0009765625
5.9279999999999999 5.9477837837800003 1.61799676478 1.6192358496499999 0.0009765625
5.9477837837800003 5.9675675675699997 1.6173614194499999 1.6185967647799999 0.0009765625
5.9675675675699997 5.9873513513500001 1.61672977715 1.61796141945 0.0009765625
5.9873513513500001 6.0071351351400004 1.61610180184 1.6173297771499999 0.0009765625
6.0071351351400004 6.0269189189199999 1.61547745801 1.6167018018399999 0.0009765625
6.0269189189199999 6.0467027027000002 1.61485671061 1.6160774580099999 0.0009765625
6.0467027027000002 6.0664864864899997 1.6142395250799999 1.61545671061 0.0009765625
6.0664864864899997 6.08627027027 1.6136258672999999 1.6148395250800001 0.0009765625
6.08627027027 6.1060540540500003 1.6130157036499999 1.6142258673000001 0.0009765625
6.1060540540500003 6.1258378378399998 1.6124090009300001 1.6136157036500001 0.0009765625
6.1258378378399998 6.1456216216200001 1.6118057263900001 1.61300900093 0.0009765625
6.1456216216200001 6.1654054054099996 1.61120584772 1.61240572639 0.0009765625
6.1654054054099996 6.1851891891899999 1.61060933304 1.6118058477199999 0.0009765625
6.1851891891899999 6.2049729729700003 1.6100161508899999 1.6112093330399999 0.0009765625
6.2049729729700003 6.2247567567599997 1.60942627021 1.6106161508900001 0.0009765625
6.2247567567599997 6.2445405405400001 1.6088396603699999 1.6100262702100001 0.0009765625
6.2445405405400001 6.2643243243200004 1.60825629112 1.6094396603700001 0.0009765625
6.2643243243200004 6.2841081081099999 1.60767613261 1.6088562911199999 0.0009765625
6.2841081081099999 6.3038918918900002 1.60709915538 1.6082761326099999 0.0009765625
6.3038918918900002 6.3236756756799997 1.60652533035 1.60769915538 0.0009765625
6.3236756756799997 6.34345945946 1.6059546288 1.6071253303499999 0.0009765625
6.34345945946 6.3632432432400003 1.6053870224 1.6065546288000001 0.0009765625
6.3632432432400003 6.3830270270299998 1.60482248316 1.6059870223999999 0.0009765625
6.3830270270299998 6.4028108108100001 1.6042609834599999 1.6054224831599999 0.0009765625
6.4028108108100001 6.4225945945899996 1.6037024960299999 1.6048609834600001 0.0009765625
6.4225945945899996 6.4423783783799999 1.60314699394 1.6043024960300001 0.0009765625
6.4423783783799999 6.4621621621600003 1.6025944505900001 1.60374699394 0.0009765625
6.4621621621600003 6.4819459459499997 1.60204483972 1.60319445059 0.0009765625
6.4819459459499997 6.5017297297300001 1.6014981354 1.6026448397199999 0.0009765625
6.5017297297300001 6.5215135135100004 1.60095431203 1.6020981353999999 0.0009765625
6.5215135135100004 6.5412972972999999 1.6004133443099999 1.60155431203 0.0009765625
6.5412972972999999 6.5610810810800002 1.59987520726 1.6010133443100001 0.0009765625
6.5610810810800002 6.5808648648599997 1.5993398762 1.6004752072599999 0.0009765625
6.5808648648599997 6.60064864865 1.59880732678 1.5999398762000001 0.0009765625
6.60064864865 6.6204324324300003 1.59827753491 1.59940732678 0.0009765625
6.6204324324300003 6.6402162162199998 1.5977504768099999 1.59887753491 0.0009765625
6.6402162162199998 6.6600000000000001 1.59722612899 1.5983504768100001 0.0009765625
6.6600000000000001 6.6797837837799996 1.59670446825 1.59782612899 0.0009765625
6.6797837837799996 6.6995675675699999 1.5961854716599999 1.5973044682499999 0.0009765625
6.6995675675699999 6.7193513513500003 1.5956691165500001 1.5967854716600001 0.0009765625
6.7193513513500003 6.7391351351399997 1.5951553805500001 1.59626911655 0.0009765625
6.7391351351399997 6.7589189189200001 1.59464424155 1.59575538055 0.0009765625
6.7589189189200001 6.7787027027000004 1.59413567768 1.5952442415500001 0.0009765625
6.7787027027000004 6.7984864864899999 1.5936296673499999 1.5947356776799999 0.0009765625
6.7984864864899999 6.8182702702700002 1.5931261892299999 1.59422966735 0.0009765625
6.8182702702700002 6.8380540540499997 1.5926252222099999 1.5937261892300001 0.0009765625
6.8380540540499997 6.85783783784 1.5921267454600001 1.5932252222100001 0.0009765625
6.85783783784 6.8776216216200003 1.5916307383799999 1.59272674546 0.0009765625
6.8776216216200003 6.8974054054099998 1.5911371806100001 1.5922307383800001 0.0009765625
6.8974054054099998 6.9171891891900001 1.5906460520100001 1.59173718061 0.0009765625
6.9171891891900001 6.9369729729699996 1.59015733271 1.59124605201 0.0009765625
6.9369729729699996 6.9567567567599999 1.5896710030300001 1.59075733271 0.0009765625
6.9567567567599999 6.9765405405400003 1.58918704354 1.59027100303 0.0009765625
6.9765405405400003 6.9963243243199997 1.5887054350200001 1.5897870435400001 0.0009765625
6.9963243243199997 7.0161081081100001 1.5882261584699999 1.58930543502 0.0009765625
7.0161081081100001 7.0358918918900004 1.58774919512 1.5888261584700001 0.0009765625
7.0358918918900004 7.0556756756799999 1.5872745263900001 1.5883491951199999 0.0009765625
7.0556756756799999 7.0754594594600002 1.58680213393 1.58787452639 0.0009765625
7.0754594594600002 7.0952432432399997 1.58633199959 1.58740213393 0.0009765625
7.0952432432399997 7.11502702703 1.5858641054 1.58693199959 0.0009765625
7.11502702703 7.1348108108100003 1.58539843364 1.5864641053999999 0.0009765625
7.1348108108100003 7.1545945945899998 1.5849349667399999 1.5859984336399999 0.0009765625
7.1545945945899998 7.1743783783800001 1.58447368734 1.5855349667400001 0.0009765625
7.1743783783800001 7.1941621621599996 1.5840145782999999 1.58507368734 0.0009765625
7.1941621621599996 7.2139459459499999 1.5835576226200001 1.5846145783000001 0.0009765625
7.2139459459499999 7.2337297297300003 1.5831028035200001 1.58415762262 0.0009765625
7.2337297297300003 7.2535135135099997 1.5826501043900001 1.58370280352 0.0009765625
7.2535135135099997 7.2732972973000001 1.58219950882 1.58325010439 0.0009765625
7.2732972973000001 7.2930810810800004 1.58175100056 1.58279950882 0.0009765625
7.2930810810800004 7.3128648648599999 1.58130456354 1.5823510005600001 0.0009765625
7.3128648648599999 7.3326486486500002 1.5808601818700001 1.58190456354 0.0009765625
7.3326486486500002 7.3524324324299997 1.5804178398199999 1.58146018187 0.0009765625
7.3524324324299997 7.37221621622 1.5799775218300001 1.5810178398200001 0.0009765625
7.37221621622 7.3920000000000003 1.5795392125300001 1.58057752183 0.0009765625
7.3920000000000003 7.4117837837799998 1.57910289669 1.58013921253 0.0009765625
7.4117837837799998 7.4315675675700001 1.57866855925 1.57970289669 0.0009765625
7.4315675675700001 7.4513513513499996 1.5782361853 1.57926855925 0.0009765625
7.4513513513499996 7.4711351351399999 1.5778057601 1.5788361852999999 0.0009765625
7.4711351351399999 7.4909189189200003 1.5773772690800001 1.5784057601000001 0.0009765625
7.4909189189200003 7.5107027026999997 1.5769506977800001 1.57797726908 0.0009765625
7.5107027026999997 7.5304864864900001 1.5765260319300001 1.57755069778 0.0009765625
7.5304864864900001 7.5502702702700004 1.5761032574 1.57712603193 0.0009765625
7.5502702702700004 7.5700540540499999 1.5756823602000001 1.5767032573999999 0.0009765625
7.5700540540499999 7.5898378378400002 1.57526332648 1.5762823602 0.0009765625
7.5898378378400002 7.6096216216199997 1.57484614255 1.5758633264799999 0.0009765625
7.6096216216199997 7.62940540541 1.57443079486 1.5754461425499999 0.0009765625
7.62940540541 7.6491891891900003 1.5740172699799999 1.57503079486 0.0009765625
7.6491891891900003 7.6689729729699998 1.5736055546400001 1.5746172699800001 0.0009765625
7.6689729729699998 7.6887567567600001 1.5731956357000001 1.57420555464 0.0009765625
7.6887567567600001 7.7085405405399996 1.57278750014 1.5737956357 0.0009765625
7.7085405405399996 7.7283243243199999 1.5723811350900001 1.57338750014 0.0009765625
7.7283243243199999 7.7481081081100003 1.5719765278 1.57298113509 0.0009765625
7.7481081081100003 7.7678918918899997 1.5715736656599999 1.5725765277999999 0.0009765625
7.7678918918899997 7.7876756756800001 1.57117253618 1.5721736656600001 0.0009765625
7.7876756756800001 7.8074594594600004 1.57077312698 1.5717725361799999 0.0009765625
7.8074594594600004 7.8272432432399999 1.57037542584 1.57137312698 0.0009765625
7.8272432432399999 7.8470270270300002 1.56997942063 1.5709754258399999 0.0009765625
7.8470270270300002 7.8668108108099997 1.56958509936 1.5705794206299999 0.0009765625
7.8668108108099997 7.88659459459 1.5691924501500001 1.5701850993599999 0.0009765625
7.88659459459 7.9063783783800003 1.5688014612300001 1.56979245015 0.0009765625
7.9063783783800003 7.9261621621599998 1.5684121209599999 1.56940146123 0.0009765625
7.9261621621599998 7.9459459459500001 1.56802441782 1.5690121209600001 0.0009765625
7.9459459459500001 7.9657297297299996 1.5676383403900001 1.5686244178199999 0.0009765625
7.9657297297299996 7.9855135135099999 1.56725387736 1.56823834039 0.0009765625
7.9855135135099999 8.0052972973000003 1.56687101754 1.5678538773599999 0.0009765625
8.0052972973000003 8.0250810810799997 1.5664897498399999 1.56747101754 0.0009765625
8.0250810810799997 8.0448648648599992 1.56611006329 1.56708974984 0.0009765625
8.0448648648599992 8.0646486486499995 1.56573194701 1.56671006329 0.0009765625
8.0646486486499995 8.0844324324300008 1.5653553902399999 1.5663319470099999 0.0009765625
8.0844324324300008 8.1042162162199993 1.5649803823199999 1.5659553902400001 0.0009765625
8.1042162162199993 8.1240000000000006 1.56460691269 1.5655803823200001 0.0009765625
8.1240000000000006 8.14378378378 1.5642349708800001 1.5652069126899999 0.0009765625
8.14378378378 8.1635675675700003 1.5638645465500001 1.56483497088 0.0009765625
8.1635675675700003 8.1833513513499998 1.56349562942 1.56446454655 0.0009765625
8.1833513513499998 8.2031351351400001 1.5631282093300001 1.5640956294199999 0.0009765625
8.2031351351400001 8.2229189189199996 1.56276227623 1.56372820933 0.0009765625
8.2229189189199996 8.2427027027000008 1.5623978201299999 1.5633622762299999 0.0009765625
8.2427027027000008 8.2624864864899994 1.5620348311600001 1.5629978201300001 0.0009765625
8.2624864864899994 8.2822702702700006 1.56167329953 1.56263483116 0.0009765625
8.2822702702700006 8.3020540540500001 1.56131321555 1.5622732995299999 0.0009765625
8.3020540540500001 8.3218378378400004 1.56095456962 1.56191321555 0.0009765625
8.3218378378400004 8.3416216216199999 1.5605973522300001 1.5615545696199999 0.0009765625
8.3416216216199999 8.3614054054100002 1.5602415539400001 1.56119735223 0.0009765625
8.3614054054100002 8.3811891891899997 1.5598871654199999 1.56084155394 0.0009765625
8.3811891891899997 8.4009729729699991 1.55953417743 1.5604871654200001 0.0009765625
8.4009729729699991 8.4207567567599995 1.5591825807899999 1.5601341774299999 0.0009765625
8.4207567567599995 8.4405405405400007 1.5588323664099999 1.5597825807900001 0.0009765625
8.4405405405400007 8.4603243243200001 1.55848352532 1.55943236641 0.0009765625
8.4603243243200001 8.4801081081100005 1.55813604857 1.5590835253199999 0.0009765625
8.4801081081100005 8.4998918918899999 1.55778992735 1.5587360485699999 0.0009765625
8.4998918918899999 8.5196756756800003 1.5574451529 1.5583899273499999 0.0009765625
8.5196756756800003 8.5394594594599997 1.5571017165300001 1.5580451528999999 0.0009765625
8.5394594594599997 8.5592432432399992 1.55675960966 1.55770171653 0.0009765625
8.5592432432399992 8.5790270270299995 1.5564188237600001 1.55735960966 0.0009765625
8.5790270270299995 8.5988108108100008 1.5560793503899999 1.55701882376 0.0009765625
8.5988108108100008 8.6185945945900002 1.5557411811899999 1.55667935039 0.0009765625
8.6185945945900002 8.6383783783800006 1.5554043078599999 1.5563411811900001 0.0009765625
8.6383783783800006 8.65816216216 1.5550687221799999 1.5560043078600001 0.0009765625
8.65816216216 8.6779459459500004 1.5547344160100001 1.5556687221800001 0.0009765625
8.6779459459500004 8.6977297297299998 1.5544013812699999 1.55533441601 0.0009765625
8.6977297297299998 8.7175135135099993 1.55406960997 1.5550013812700001 0.0009765625
8.7175135135099993 8.7372972972999996 1.55373909417 1.5546696099699999 0.0009765625
8.7372972972999996 8.7570810810800008 1.55340982602 1.5543390941699999 0.0009765625
8.7570810810800008 8.7768648648600003 1.55308179772 1.5540098260199999 0.0009765625
8.7768648648600003 8.7966486486500006 1.55275500154 1.5536817977199999 0.0009765625
8.7966486486500006 8.8164324324300001 1.5524294298400001 1.5533550015399999 0.0009765625
8.8164324324300001 8.8362162162200004 1.5521050750200001 1.55302942984 0.0009765625
8.8362162162200004 8.8559999999999999 1.5517819295699999 1.55270507502 0.0009765625
8.8559999999999999 8.8757837837799993 1.55145998601 1.5523819295700001 0.0009765625
8.8757837837799993 8.8955675675699997 1.5511392369699999 1.5520599860099999 0.0009765625
8.8955675675699997 8.9153513513499991 1.5508196751000001 1.55173923697 0.0009765625
8.9153513513499991 8.9351351351399995 1.55050129315 1.5514196751 0.0009765625
8.9351351351399995 8.9549189189200007 1.5501840839100001 1.5511012931499999 0.0009765625
8.9549189189200007 8.9747027027000001 1.54986804024 1.55078408391 0.0009765625
8.9747027027000001 8.9944864864900005 1.5495531550499999 1.55046804024 0.0009765625
8.9944864864900005 9.0142702702699999 1.54923942134 1.5501531550500001 0.0009765625
9.0142702702699999 9.0340540540499994 1.54892683212 1.54983942134 0.0009765625
9.0340540540499994 9.0538378378399997 1.54861538052 1.54952683212 0.0009765625
9.0538378378399997 9.0736216216199992 1.5483050596700001 1.54921538052 0.0009765625
9.0736216216199992 9.0934054054099995 1.5479958627899999 1.54890505967 0.0009765625
9.0934054054099995 9.1131891891900008 1.54768778317 1.5485958627900001 0.0009765625
9.1131891891900008 9.1329729729700002 1.5473808141100001 1.5482877831699999 0.0009765625
9.1329729729700002 9.1527567567600006 1.54707494902 1.54798081411 0.0009765625
9.1527567567600006 9.17254054054 1.5467701813200001 1.5476749490199999 0.0009765625
9.17254054054 9.1923243243199995 1.5464665045199999 1.54737018132 0.0009765625
9.1923243243199995 9.2121081081099998 1.5461639121499999 1.5470665045200001 0.0009765625
9.2121081081099998 9.2318918918899993 1.5458623978199999 1.5467639121500001 0.0009765625
9.2318918918899993 9.2516756756799996 1.5455619551899999 1.5464623978200001 0.0009765625
9.2516756756799996 9.2714594594600008 1.54526257796 1.5461619551900001 0.0009765625
9.2714594594600008 9.2912432432400003 1.5449642599 1.5458625779599999 0.0009765625
9.2912432432400003 9.3110270270300006 1.5446669948 1.5455642598999999 0.0009765625
9.3110270270300006 9.3308108108100001 1.5443707765400001 1.5452669948 0.0009765625
9.3308108108100001 9.3505945945899995 1.5440755990099999 1.54497077653 0.0009765625
9.3505945945899995 9.3703783783799999 1.5437814562000001 1.5446755990100001 0.0009765625
9.3703783783799999 9.3901621621599993 1.5434883420900001 1.5443814562 0.0009765625
9.3901621621599993 9.4099459459499997 1.5431962507600001 1.54408834209 0.0009765625
9.4099459459499997 9.4297297297299991 1.5429051763099999 1.54379625076 0.0009765625
9.4297297297299991 9.4495135135100004 1.5426151129000001 1.5435051763100001 0.0009765625
9.4495135135100004 9.4692972973000007 1.5423260547099999 1.5432151129 0.0009765625
9.4692972973000007 9.4890810810800001 1.5420379960099999 1.5429260547100001 0.0009765625
9.4890810810800001 9.5088648648599996 1.5417509310899999 1.5426379960100001 0.0009765625
9.5088648648599996 9.5286486486499999 1.54146485429 1.5423509310900001 0.0009765625
9.5286486486499999 9.5484324324299994 1.5411797599899999 1.54206485429 0.0009765625
9.5484324324299994 9.5682162162199997 1.54089564262 1.5417797599900001 0.0009765625
9.5682162162199997 9.5879999999999992 1.5406124966600001 1.5414956426199999 0.0009765625
9.5879999999999992 9.6077837837800004 1.54033031663 1.54121249666 0.0009765625
9.6077837837800004 9.6275675675700008 1.54004909708 1.5409303166299999 0.0009765625
9.6275675675700008 9.6473513513500002 1.5397688326200001 1.54064909708 0.0009765625
9.6473513513500002 9.6671351351400006 1.5394895179100001 1.54036883262 0.0009765625
9.6671351351400006 9.68691891892 1.5392111476200001 1.54008951791 0.0009765625
9.68691891892 9.7067027026999995 1.5389337164900001 1.53981114762 0.0009765625
9.7067027026999995 9.7264864864899998 1.5386572192800001 1.53953371649 0.0009765625
9.7264864864899998 9.7462702702699993 1.5383816508299999 1.53925721928 0.0009765625
9.7462702702699993 9.7660540540500005 1.5381070059699999 1.53898165083 0.0009765625
9.7660540540500005 9.7858378378400008 1.53783327959 1.5387070059700001 0.0009765625
9.7858378378400008 9.8056216216200003 1.53756046664 1.53843327959 0.0009765625
9.8056216216200003 9.8254054054100006 1.5372885620900001 1.5381604666399999 0.0009765625
9.8254054054100006 9.8451891891900001 1.5370175609400001 1.53788856209 0.0009765625
9.8451891891900001 9.8649729729699995 1.53674745824 1.53761756094 0.0009765625
9.8649729729699995 9.8847567567599999 1.53647824909 1.53734745824 0.0009765625
9.8847567567599999 9.9045405405399993 1.5362099285999999 1.5370782490899999 0.0009765625
9.9045405405399993 9.9243243243200006 1.53594249195 1.5368099286000001 0.0009765625
9.9243243243200006 9.9441081081099991 1.5356759343199999 1.5365424919499999 0.0009765625
9.9441081081099991 9.9638918918900004 1.5354102509500001 1.5362759343200001 0.0009765625
9.9638918918900004 9.9836756756800007 1.53514543712 1.53601025095 0.0009765625
9.9836756756800007 10.0034594595 1.5348814881399999 1.5357454371199999 0.0009765625
10.0034594595 10.0232432432 1.53461839934 1.5354814881400001 0.0009765625
10.0232432432 10.043027027000001 1.53435616611 1.5352183993399999 0.0009765625
10.043027027000001 10.0628108108 1.5340947838600001 1.53495616611 0.0009765625
10.0628108108 10.0825945946 1.53383424803 1.53469478386 0.0009765625
10.0825945946 10.102378378399999 1.5335745541200001 1.5344342480299999 0.0009765625
10.102378378399999 10.1221621622 1.53331569763 1.53417455412 0.0009765625
10.1221621622 10.1419459459 1.5330576741099999 1.5339156976299999 0.0009765625
10.1419459459 10.161729729699999 1.5328004791500001 1.5336576741100001 0.0009765625
10.161729729699999 10.181513513500001 1.53254410836 1.53340047915 0.0009765625
10.181513513500001 10.2012972973 1.53228855739 1.5331441083599999 0.0009765625
10.2012972973 10.221081081099999 1.53203382192 1.53288855739 0.0009765625
10.221081081099999 10.240864864900001 1.5317798976599999 1.53263382192 0.0009765625
10.240864864900001 10.2606486486 1.5315267803599999 1.53237989766 0.0009765625
10.2606486486 10.2804324324 1.5312744657799999 1.5321267803600001 0.0009765625
10.2804324324 10.300216216200001 1.5310229497400001 1.5318744657800001 0.0009765625
10.300216216200001 10.32 1.53077222808 1.53162294974 0.0009765625
10.32 10.3397837838 1.5305222966500001 1.53137222808 0.0009765625
10.3397837838 10.359567567599999 1.5302731513600001 1.53112229665 0.0009765625
10.359567567599999 10.3793513514 1.53002478814 1.53087315136 0.0009765625
10.3793513514 10.3991351351 1.5297772029300001 1.5306247881399999 0.0009765625
10.3991351351 10.418918918899999 1.52953039173 1.53037720293 0.0009765625
10.418918918899999 10.438702702700001 1.52928435055 1.53013039173 0.0009765625
10.438702702700001 10.4584864865 1.5290390754400001 1.5298843505499999 0.0009765625
10.4584864865 10.478270270299999 1.5287945624599999 1.52963907544 0.0009765625
10.478270270299999 10.498054054100001 1.5285508077200001 1.5293945624600001 0.0009765625
10.498054054100001 10.5178378378 1.52830780735 1.52915080772 0.0009765625
10.5178378378 10.5376216216 1.5280655574999999 1.52890780735 0.0009765625
10.5376216216 10.557405405400001 1.5278240543599999 1.5286655575000001 0.0009765625
10.557405405400001 10.5771891892 1.52758329413 1.5284240543600001 0.0009765625
10.5771891892 10.596972973 1.5273432730500001 1.52818329413 0.0009765625
10.596972973 10.616756756799999 1.5271039873900001 1.52794327305 0.0009765625
10.616756756799999 10.6365405405 1.52686543345 1.52770398739 0.0009765625
10.6365405405 10.6563243243 1.52662760753 1.52746543345 0.0009765625
10.6563243243 10.676108108099999 1.52639050597 1.52722760753 0.0009765625
10.676108108099999 10.695891891900001 1.5261541251599999 1.52699050597 0.0009765625
10.695891891900001 10.7156756757 1.5259184614800001 1.5267541251600001 0.0009765625
10.7156756757 10.735459459499999 1.52568351135 1.52651846148 0.0009765625
10.735459459499999 10.755243243200001 1.5254492712200001 1.52628351135 0.0009765625
10.755243243200001 10.775027027 1.52521573755 1.52604927122 0.0009765625
10.775027027 10.7948108108 1.52498290685 1.5258157375500001 0.0009765625
10.7948108108 10.814594594600001 1.5247507756200001 1.52558290685 0.0009765625
10.814594594600001 10.8343783784 1.5245193404199999 1.52535077562 0.0009765625
10.8343783784 10.8541621622 1.5242885978 1.5251193404200001 0.0009765625
10.8541621622 10.873945945899999 1.5240585443700001 1.5248885978 0.0009765625
10.873945945899999 10.8937297297 1.5238291767200001 1.52465854437 0.0009765625
10.8937297297 10.9135135135 1.5236004915000001 1.52442917672 0.0009765625
10.9135135135 10.933297297299999 1.5233724853799999 1.5242004915 0.0009765625
10.933297297299999 10.953081081100001 1.5231451550299999 1.5239724853800001 0.0009765625
10.953081081100001 10.9728648649 1.5229184971500001 1.5237451550300001 0.0009765625
10.9728648649 10.992648648599999 1.52269250848 1.52351849715 0.0009765625
10.992648648599999 11.012432432400001 1.5224671857700001 1.52329250848 0.0009765625
11.012432432400001 11.0322162162 1.5222425257900001 1.52306718577 0.0009765625
11.0322162162 11.052 1.52201852534 1.52284252579 0.0009765625
11.052 11.071783783800001 1.5217951812199999 1.52261852534 0.0009765625
11.071783783800001 11.0915675676 1.5215724902900001 1.5223951812200001 0.0009765625
11.0915675676 11.1113513514 1.5213504493900001 1.52217249029 0.0009765625
11.1113513514 11.131135135099999 1.5211290554200001 1.52195044939 0.0009765625
11.131135135099999 11.1509189189 1.5209083052600001 1.52172905542 0.0009765625
11.1509189189 11.1707027027 1.52068819585 1.52150830526 0.0009765625
11.1707027027 11.190486486499999 1.5204687241199999 1.52128819585 0.0009765625
11.190486486499999 11.210270270300001 1.5202498870400001 1.52106872412 0.0009765625
11.210270270300001 11.2300540541 1.5200316815899999 1.52084988704 0.0009765625
11.2300540541 11.249837837799999 1.51981410478 1.5206316815900001 0.0009765625
11.249837837799999 11.269621621600001 1.5195971536299999 1.5204141047799999 0.0009765625
11.269621621600001 11.2894054054 1.5193808251800001 1.5201971536300001 0.0009765625
11.2894054054 11.3091891892 1.51916511649 1.51998082518 0.0009765625
11.3091891892 11.328972973000001 1.5189500246600001 1.5197651164899999 0.0009765625
11.328972973000001 11.3487567568 1.5187355467699999 1.51955002466 0.0009765625
11.3487567568 11.3685405405 1.5185216799500001 1.51933554677 0.0009765625
11.3685405405 11.388324324299999 1.51830842134 1.51912167995 0.0009765625
11.388324324299999 11.4081081081 1.51809576809 1.5189084213399999 0.0009765625
11.4081081081 11.4278918919 1.5178837173899999 1.51869576809 0.0009765625
11.4278918919 11.447675675699999 1.51767226643 1.5184837173900001 0.0009765625
11.447675675699999 11.467459459500001 1.5174614124200001 1.5182722664299999 0.0009765625
11.467459459500001 11.4872432432 1.5172511525900001 1.51806141242 0.0009765625
11.4872432432 11.507027026999999 1.5170414842 1.51785115259 0.0009765625
11.507027026999999 11.526810810800001 1.5168324045099999 1.5176414841999999 0.0009765625
11.526810810800001 11.5465945946 1.5166239108099999 1.5174324045100001 0.0009765625
11.5465945946 11.5663783784 1.51641600039 1.5172239108100001 0.0009765625
11.5663783784 11.586162162200001 1.51620867059 1.51701600039 0.0009765625
11.586162162200001 11.6059459459 1.51600191873 1.5168086705899999 0.0009765625
11.6059459459 11.6257297297 1.5157957421699999 1.5166019187299999 0.0009765625
11.6257297297 11.645513513499999 1.5155901382800001 1.5163957421700001 0.0009765625
11.645513513499999 11.6652972973 1.51538510445 1.51619013828 0.0009765625
11.6652972973 11.6850810811 1.5151806380899999 1.5159851044499999 0.0009765625
11.6850810811 11.704864864899999 1.51497673661 1.5157806380900001 0.0009765625
11.704864864899999 11.724648648600001 1.5147733974599999 1.5155767366099999 0.0009765625
11.724648648600001 11.7444324324 1.51457061809 1.5153733974600001 0.0009765625
11.7444324324 11.764216216199999 1.5143683959600001 1.51517061809 0.0009765625
11.764216216199999 11.784000000000001 1.51416672857 1.51496839596 0.0009765625
11.784000000000001 11.8037837838 1.5139656134199999 1.5147667285699999 0.0009765625
11.8037837838 11.8235675676 1.51376504802 1.5145656134200001 0.0009765625
11.8235675676 11.843351351400001 1.5135650299100001 1.5143650480199999 0.0009765625
11.843351351400001 11.8631351351 1.5133655566399999 1.51416502991 0.0009765625
11.8631351351 11.8829189189 1.5131666257700001 1.5139655566400001 0.0009765625
11.8829189189 11.902702702699999 1.51296823488 1.51376662577 0.0009765625
11.902702702699999 11.9224864865 1.51277038156 1.5135682348799999 0.0009765625
11.9224864865 11.9422702703 1.5125730634300001 1.5133703815599999 0.0009765625
11.9422702703 11.962054054099999 1.5123762781100001 1.51317306343 0.0009765625
11.962054054099999 11.981837837800001 1.51218002324 1.51297627811 0.0009765625
11.981837837800001 12.0016216216 1.5119842964800001 1.5127800232399999 0.0009765625
12.0016216216 12.021405405399999 1.51178909548 1.51258429648 0.0009765625
12.021405405399999 12.041189189200001 1.51159441794 1.5123890954799999 0.0009765625
12.041189189200001 12.060972973 1.51140026155 1.51219441794 0.0009765625
12.060972973 12.0807567568 1.5112066240299999 1.5120002615499999 0.0009765625
12.0807567568 12.100540540500001 1.51101350309 1.5118066240300001 0.0009765625
12.100540540500001 12.1203243243 1.5108208964800001 1.51161350309 0.0009765625
12.1203243243 12.1401081081 1.51062880196 1.51142089648 0.0009765625
12.1401081081 12.159891891899999 1.51043721728 1.51122880196 0.0009765625
12.159891891899999 12.1796756757 1.51024614023 1.51103721728 0.0009765625
12.1796756757 12.1994594595 1.5100555685999999 1.51084614023 0.0009765625
12.1994594595 12.219243243199999 1.5098655002100001 1.5106555686000001 0.0009765625
12.219243243199999 12.239027027000001 1.50967593286 1.51046550021 0.0009765625
12.239027027000001 12.2588108108 1.5094868644099999 1.5102759328599999 0.0009765625
12.2588108108 12.278594594599999 1.50929829268 1.5100868644100001 0.0009765625
12.278594594599999 12.298378378400001 1.50911021555 1.50989829268 0.0009765625
12.298378378400001 12.3181621622 1.5089226308799999 1.50971021555 0.0009765625
12.3181621622 12.3379459459 1.5087355365699999 1.50952263088 0.0009765625
12.3379459459 12.357729729700001 1.5085489305099999 1.5093355365700001 0.0009765625
12.357729729700001 12.3775135135 1.5083628106 1.5091489305100001 0.0009765625
12.3775135135 12.3972972973 1.5081771747899999 1.5089628105999999 0.0009765625
12.3972972973 12.417081081099999 1.507992021 1.5087771747900001 0.0009765625
12.417081081099999 12.4368648649 1.50780734717 1.5085920209999999 0.0009765625
12.4368648649 12.4566486486 1.50762315128 1.5084073471699999 0.0009765625
12.4566486486 12.476432432399999 1.5074394312899999 1.50822315128 0.0009765625
12.476432432399999 12.496216216200001 1.5072561851899999 1.5080394312900001 0.0009765625
12.496216216200001 12.516 1.5070734109699999 1.5078561851900001 0.0009765625
12.516 12.535783783799999 1.5068911066499999 1.5076734109700001 0.0009765625
12.535783783799999 12.555567567600001 1.50670927024 1.5074911066500001 0.0009765625
12.555567567600001 12.5753513514 1.50652789978 1.5073092702399999 0.0009765625
12.5753513514 12.5951351351 1.5063469933 1.5071278997799999 0.0009765625
12.5951351351 12.614918918900001 1.50616654888 1.5069469932999999 0.0009765625
12.614918918900001 12.6347027027 1.5059865645599999 1.5067665488799999 0.0009765625
12.6347027027 12.6544864865 1.50580703843 1.5065865645600001 0.0009765625
12.6544864865 12.674270270299999 1.50562796858 1.5064070384299999 0.0009765625
12.674270270299999 12.6940540541 1.5054493531099999 1.50622796858 0.0009765625
12.6940540541 12.7138378378 1.50527119013 1.5060493531100001 0.0009765625
12.7138378378 12.733621621599999 1.50509347776 1.5058711901299999 0.0009765625
12.733621621599999 12.753405405400001 1.5049162141300001 1.50569347776 0.0009765625
12.753405405400001 12.7731891892 1.5047393973900001 1.50551621413 0.0009765625
12.7731891892 12.792972972999999 1.5045630257 1.50533939739 0.0009765625
12.792972972999999 12.812756756800001 1.50438709722 1.5051630256999999 0.0009765625
12.812756756800001 12.8325405405 1.50421161012 1.5049870972199999 0.0009765625
12.8325405405 12.8523243243 1.5040365625900001 1.50481161012 0.0009765625
12.8523243243 12.872108108100001 1.5038619528299999 1.50463656259 0.0009765625
12.872108108100001 12.8918918919 1.5036877790500001 1.5044619528300001 0.0009765625
12.8918918919 12.9116756757 1.50351403946 1.50428777905 0.0009765625
12.9116756757 12.931459459499999 1.5033407322900001 1.5041140394600001 0.0009765625
12.931459459499999 12.9512432432 1.5031678557799999 1.50394073229 0.0009765625
12.9512432432 12.971027027 1.5029954081700001 1.5037678557800001 0.0009765625
12.971027027 12.990810810799999 1.5028233877299999 1.50359540817 0.0009765625
12.990810810799999 13.010594594600001 1.50265179272 1.5034233877300001 0.0009765625
13.010594594600001 13.0303783784 1.5024806214199999 1.50325179272 0.0009765625
13.0303783784 13.050162162199999 1.5023098721199999 1.5030806214200001 0.0009765625
13.050162162199999 13.069945945900001 1.50213954311 1.50290987212 0.0009765625
13.069945945900001 13.0897297297 1.5019696327000001 1.5027395431099999 0.0009765625
13.0897297297 13.1095135135 1.50180013921 1.5025696327 0.0009765625
13.1095135135 13.129297297300001 1.5016310609600001 1.5024001392099999 0.0009765625
13.129297297300001 13.1490810811 1.50146239629 1.50223106096 0.0009765625
13.1490810811 13.1688648649 1.50129414354 1.5020623962899999 0.0009765625
13.1688648649 13.188648648599999 1.50112630107 1.5018941435399999 0.0009765625
13.188648648599999 13.2084324324 1.50095886723 1.5017263010699999 0.0009765625
13.2084324324 13.2282162162 1.5007918404 1.50155886723 0.0009765625
13.2282162162 13.247999999999999 1.50062521897 1.5013918404 0.0009765625
13.247999999999999 13.267783783800001 1.5004590013100001 1.5012252189699999 0.0009765625
13.267783783800001 13.2875675676 1.5002931858399999 1.50105900131 0.0009765625
13.2875675676 13.307351351399999 1.5001277709500001 1.5008931858400001 0.0009765625
13.307351351399999 13.327135135100001 1.4999627550700001 1.50072777095 0.0009765625
13.327135135100001 13.3469189189 1.4997981366199999 1.50056275507 0.0009765625
13.3469189189 13.3667027027 1.4996339140299999 1.5003981366200001 0.0009765625
13.3667027027 13.386486486500001 1.4994700857500001 1.5002339140300001 0.0009765625
13.386486486500001 13.4062702703 1.4993066502200001 1.50007008575 0.0009765625
13.4062702703 13.4260540541 1.4991436059200001 1.49990665022 0.0009765625
13.4260540541 13.445837837799999 1.4989809513000001 1.49974360592 0.0009765625
13.445837837799999 13.4656216216 1.49881868484 1.4995809513 0.0009765625
13.4656216216 13.4854054054 1.49865680504 1.49941868484 0.0009765625
13.4854054054 13.505189189199999 1.4984953103700001 1.4992568050399999 0.0009765625
13.505189189199999 13.524972973000001 1.4983341993499999 1.49909531037 0.0009765625
13.524972973000001 13.5447567568 1.49817347047 1.4989341993500001 0.0009765625
13.5447567568 13.564540540499999 1.4980131222699999 1.49877347047 0.0009765625
13.564540540499999 13.584324324300001 1.4978531532699999 1.4986131222700001 0.0009765625
13.584324324300001 13.6041081081 1.49769356199 1.4984531532700001 0.0009765625
13.6041081081 13.6238918919 1.49753434698 1.49829356199 0.0009765625
13.6238918919 13.643675675700001 1.4973755068000001 1.4981343469799999 0.0009765625
13.643675675700001 13.6634594595 1.49721703999 1.4979755068 0.0009765625
13.6634594595 13.6832432432 1.49705894513 1.4978170399899999 0.0009765625
13.6832432432 13.703027026999999 1.4969012207800001 1.49765894513 0.0009765625
13.703027026999999 13.7228108108 1.49674386552 1.49750122078 0.0009765625
13.7228108108 13.7425945946 1.49658687796 1.49734386552 0.0009765625
13.7425945946 13.762378378399999 1.4964302566700001 1.4971868779599999 0.0009765625
13.762378378399999 13.782162162200001 1.4962740002599999 1.49703025667 0.0009765625
13.782162162200001 13.8019459459 1.4961181073500001 1.4968740002600001 0.0009765625
13.8019459459 13.821729729699999 1.49596257655 1.49671810735 0.0009765625
13.821729729699999 13.841513513500001 1.49580740648 1.4965625765499999 0.0009765625
13.841513513500001 13.8612972973 1.49565259579 1.4964074064799999 0.0009765625
13.8612972973 13.8810810811 1.4954981431000001 1.4962525957899999 0.0009765625
13.8810810811 13.900864864900001 1.4953440470799999 1.4960981431 0.0009765625
13.900864864900001 13.9206486486 1.4951903063600001 1.4959440470800001 0.0009765625
13.9206486486 13.9404324324 1.49503691961 1.49579030636 0.0009765625
13.9404324324 13.960216216199999 1.4948838855 1.4956369196099999 0.0009765625
13.960216216199999 13.98 1.4947312027099999 1.4954838855000001 0.0009765625
13.98 13.9997837838 1.49457886992 1.4953312027100001 0.0009765625
13.9997837838 14.019567567599999 1.49442688581 1.4951788699199999 0.0009765625
14.019567567599999 14.039351351400001 1.49427524909 1.49502688581 0.0009765625
14.039351351400001 14.0591351351 1.4941239584499999 1.4948752490899999 0.0009765625
14.0591351351 14.078918918899999 1.4939730125999999 1.4947239584500001 0.0009765625
14.078918918899999 14.098702702700001 1.49382241027 1.4945730126000001 0.0009765625
14.098702702700001 14.1184864865 1.4936721501800001 1.4944224102699999 0.0009765625
14.1184864865 14.1382702703 1.49352223104 1.49427215018 0.0009765625
14.1382702703 14.158054054100001 1.4933726516100001 1.49412223104 0.0009765625
14.158054054100001 14.1778378378 1.49322341062 1.49397265161 0.0009765625
14.1778378378 14.1976216216 1.49307450683 1.4938234106199999 0.0009765625
14.1976216216 14.217405405399999 1.49292593898 1.4936745068299999 0.0009765625
14.217405405399999 14.2371891892 1.49277770585 1.49352593898 0.0009765625
14.2371891892 14.256972973 1.4926298061900001 1.49337770585 0.0009765625
14.256972973 14.276756756799999 1.4924822387900001 1.49322980619 0.0009765625
14.276756756799999 14.296540540500001 1.4923350024199999 1.49308223879 0.0009765625
14.296540540500001 14.3163243243 1.49218809588 1.4929350024200001 0.0009765625
14.3163243243 14.336108108099999 1.49204151795 1.4927880958799999 0.0009765625
14.336108108099999 14.355891891900001 1.4918952674399999 1.4926415179500001 0.0009765625
14.355891891900001 14.3756756757 1.49174934315 1.4924952674400001 0.0009765625
14.3756756757 14.3954594595 1.4916037438900001 1.4923493431499999 0.0009765625
14.3954594595 14.415243243200001 1.4914584684900001 1.49220374389 0.0009765625
14.415243243200001 14.435027027 1.4913135157599999 1.49205846849 0.0009765625
14.435027027 14.4548108108 1.49116888454 1.4919135157600001 0.0009765625
14.4548108108 14.474594594599999 1.4910245736600001 1.4917688845399999 0.0009765625
14.474594594599999 14.4943783784 1.49088058197 1.49162457366 0.0009765625
14.4943783784 14.5141621622 1.4907369082999999 1.4914805819700001 0.0009765625
14.5141621622 14.533945945899999 1.4905935515299999 1.4913369083000001 0.0009765625
14.533945945899999 14.553729729700001 1.4904505104900001 1.4911935515300001 0.0009765625
14.553729729700001 14.5735135135 1.4903077840700001 1.49105051049 0.0009765625
14.5735135135 14.593297297299999 1.49016537113 1.49090778407 0.0009765625
14.593297297299999 14.613081081100001 1.4900232705400001 1.49076537113 0.0009765625
14.613081081100001 14.6328648649 1.4898814811900001 1.49062327054 0.0009765625
14.6328648649 14.6526486486 1.48974000197 1.49048148119 0.0009765625
14.6526486486 14.672432432400001 1.48959883177 1.4903400019699999 0.0009765625
14.672432432400001 14.6922162162 1.4894579694800001 1.4901988317699999 0.0009765625
14.6922162162 14.712 1.4893174140200001 1.49005796948 0.0009765625
14.712 14.731783783799999 1.48917716429 1.48991741402 0.0009765625
14.731783783799999 14.7515675676 1.4890372192000001 1.48977716429 0.0009765625
14.7515675676 14.7713513514 1.48889757768 1.4896372192 0.0009765625
14.7713513514 14.791135135099999 1.48875823866 1.4894975776799999 0.0009765625
14.791135135099999 14.810918918900001 1.4886192010599999 1.4893582386599999 0.0009765625
14.810918918900001 14.8307027027 1.48848046382 1.4892192010600001 0.0009765625
14.8307027027 14.850486486499999 1.48834202588 1.4890804638199999 0.0009765625
14.850486486499999 14.870270270300001 1.48820388619 1.4889420258799999 0.0009765625
14.870270270300001 14.8900540541 1.48806604369 1.4888038861799999 0.0009765625
14.8900540541 14.9098378378 1.48792849736 1.4886660436900001 0.0009765625
14.9098378378 14.929621621600001 1.48779124615 1.4885284973599999 0.0009765625
14.929621621600001 14.9494054054 1.48765428902 1.48839124615 0.0009765625
14.9494054054 14.9691891892 1.48751762495 1.4882542890199999 0.0009765625
14.9691891892 14.988972972999999 1.4873812529199999 1.4881176249500001 0.0009765625
14.988972972999999 15.0087567568 1.4872451719099999 1.4879812529200001 0.0009765625
15.0087567568 15.0285405405 1.4871093809 1.4878451719100001 0.0009765625
15.0285405405 15.048324324299999 1.48697387889 1.4877093808999999 0.0009765625
15.048324324299999 15.068108108100001 1.48683866488 1.4875738788899999 0.0009765625
15.068108108100001 15.0878918919 1.4867037378600001 1.48743866488 0.0009765625
15.0878918919 15.107675675699999 1.48656909685 1.48730373786 0.0009765625
15.107675675699999 15.127459459500001 1.48643474086 1.48716909685 0.0009765625
15.127459459500001 15.1472432432 1.48630066889 1.48703474086 0.0009765625
15.1472432432 15.167027027 1.4861668799800001 1.4869006688899999 0.0009765625
15.167027027 15.186810810800001 1.4860333731499999 1.48676687998 0.0009765625
15.186810810800001 15.2065945946 1.48590014742 1.4866333731500001 0.0009765625
15.2065945946 15.2263783784 1.4857672018500001 1.4865001474199999 0.0009765625
15.2263783784 15.246162162199999 1.48563453545 1.48636720185 0.0009765625
15.246162162199999 15.2659459459 1.4855021472900001 1.4862345354499999 0.0009765625
15.2659459459 15.2857297297 1.4853700364 1.48610214729 0.0009765625
15.2857297297 15.305513513499999 1.4852382018400001 1.4859700363999999 0.0009765625
15.305513513499999 15.325297297300001 1.4851066426699999 1.48583820184 0.0009765625
15.325297297300001 15.3450810811 1.48497535795 1.4857066426700001 0.0009765625
15.3450810811 15.364864864899999 1.4848443467500001 1.48557535795 0.0009765625
15.364864864899999 15.384648648600001 1.4847136081400001 1.48544434675 0.0009765625
15.384648648600001 15.4044324324 1.4845831411999999 1.48531360814 0.0009765625
15.4044324324 15.4242162162 1.4844529449999999 1.4851831412000001 0.0009765625
15.4242162162 15.444000000000001 1.48432301863 1.4850529450000001 0.0009765625
15.444000000000001 15.4637837838 1.48419336118 1.48492301863 0.0009765625
15.4637837838 15.4835675676 1.4840639717399999 1.4847933611799999 0.0009765625
15.4835675676 15.503351351399999 1.48393484941 1.4846639717400001 0.0009765625
15.503351351399999 15.5231351351 1.4838059932900001 1.4845348494099999 0.0009765625
15.5231351351 15.5429189189 1.4836774024899999 1.48440599329 0.0009765625
15.5429189189 15.562702702699999 1.4835490761200001 1.4842774024900001 0.0009765625
15.562702702699999 15.582486486500001 1.4834210132800001 1.48414907612 0.0009765625
15.582486486500001 15.6022702703 1.4832932131000001 1.48402101328 0.0009765625
15.6022702703 15.622054054099999 1.4831656747099999 1.4838932131 0.0009765625
15.622054054099999 15.641837837800001 1.4830383972200001 1.4837656747100001 0.0009765625
15.641837837800001 15.6616216216 1.48291137977 1.48363839722 0.0009765625
15.6616216216 15.6814054054 1.4827846215 1.4835113797699999 0.0009765625
15.6814054054 15.701189189200001 1.4826581215300001 1.4833846214999999 0.0009765625
15.701189189200001 15.720972973 1.4825318790199999 1.48325812153 0.0009765625
15.720972973 15.7407567568 1.4824058931099999 1.4831318790200001 0.0009765625
15.7407567568 15.760540540499999 1.48228016296 1.4830058931100001 0.0009765625
15.760540540499999 15.7803243243 1.48215468771 1.4828801629599999 0.0009765625
15.7803243243 15.8001081081 1.48202946652 1.48275468771 0.0009765625
15.8001081081 15.819891891899999 1.4819044985600001 1.4826294665199999 0.0009765625
15.819891891899999 15.839675675700001 1.4817797829899999 1.48250449856 0.0009765625
15.839675675700001 15.8594594595 1.4816553189899999 1.4823797829900001 0.0009765625
15.8594594595 15.879243243199999 1.48153110572 1.4822553189900001 0.0009765625
15.879243243199999 15.899027027000001 1.4814071423699999 1.48213110572 0.0009765625
15.899027027000001 15.9188108108 1.48128342811 1.4820071423700001 0.0009765625
15.9188108108 15.9385945946 1.48115996213 1.48188342811 0.0009765625
15.9385945946 15.958378378400001 1.48103674362 1.4817599621299999 0.0009765625
15.958378378400001 15.9781621622 1.4809137717800001 1.48163674362 0.0009765625
15.9781621622 15.9979459459 1.48079104579 1.48151377178 0.0009765625
15.9979459459 16.017729729700001 1.48066856486 1.4813910457899999 0.0009765625
16.017729729700001 16.037513513499999 1.48054632819 1.4812685648599999 0.0009765625
16.037513513499999 16.0572972973 1.4804243349899999 1.4811463281899999 0.0009765625
16.0572972973 16.077081081100001 1.48030258447 1.4810243349900001 0.0009765625
16.077081081100001 16.096864864899999 1.48018107584 1.4809025844699999 0.0009765625
16.096864864899999 16.116648648599998 1.4800598083200001 1.48078107584 0.0009765625
16.116648648599998 16.136432432399999 1.47993878114 1.48065980832 0.0009765625
16.136432432399999 16.156216216200001 1.47981799351 1.4805387811399999 0.0009765625
16.156216216200001 16.175999999999998 1.47969744466 1.4804179935099999 0.0009765625
16.175999999999998 16.1957837838 1.4795771338399999 1.4802974446599999 0.0009765625
16.1957837838 16.215567567600001 1.4794570602699999 1.48017713384 0.0009765625
16.215567567600001 16.235351351399999 1.4793372231799999 1.4800570602700001 0.0009765625
16.235351351399999 16.255135135100002 1.4792176218299999 1.4799372231800001 0.0009765625
16.255135135100002 16.274918918899999 1.4790982554600001 1.4798176218300001 0.0009765625
16.274918918899999 16.2947027027 1.47897912332 1.47969825546 0.0009765625
16.2947027027 16.314486486500002 1.47886022466 1.47957912332 0.0009765625
16.314486486500002 16.334270270299999 1.4787415587299999 1.4794602246599999 0.0009765625
16.334270270299999 16.354054054100001 1.4786231247899999 1.4793415587300001 0.0009765625
16.354054054100001 16.3738378378 1.47850492211 1.4792231247900001 0.0009765625
16.3738378378 16.393621621600001 1.47838694995 1.4791049221100001 0.0009765625
16.393621621600001 16.413405405399999 1.4782692075899999 1.4789869499499999 0.0009765625
16.413405405399999 16.4331891892 1.4781516942799999 1.4788692075900001 0.0009765625
16.4331891892 16.452972973000001 1.47803440931 1.4787516942800001 0.0009765625
16.452972973000001 16.472756756799999 1.47791735196 1.4786344093099999 0.0009765625
16.472756756799999 16.492540540499999 1.4778005215000001 1.4785173519599999 0.0009765625
16.492540540499999 16.5123243243 1.47768391722 1.4784005215 0.0009765625
16.5123243243 16.532108108100001 1.47756753841 1.47828391722 0.0009765625
16.532108108100001 16.551891891899999 1.4774513843699999 1.4781675384099999 0.0009765625
16.551891891899999 16.5716756757 1.4773354543699999 1.4780513843700001 0.0009765625
16.5716756757 16.591459459500001 1.47721974773 1.4779354543700001 0.0009765625
16.591459459500001 16.611243243200001 1.47710426374 1.4778197477299999 0.0009765625
16.611243243200001 16.631027026999998 1.4769890017 1.47770426374 0.0009765625
16.631027026999998 16.650810810799999 1.4768739609299999 1.4775890017 0.0009765625
16.650810810799999 16.670594594600001 1.47675914072 1.4774739609300001 0.0009765625
16.670594594600001 16.690378378399998 1.4766445403999999 1.47735914072 0.0009765625
16.690378378399998 16.7101621622 1.47653015928 1.4772445404000001 0.0009765625
16.7101621622 16.729945945899999 1.4764159966699999 1.4771301592799999 0.0009765625
16.729945945899999 16.7497297297 1.4763020519000001 1.4770159966700001 0.0009765625
16.7497297297 16.769513513500002 1.47618832428 1.4769020519 0.0009765625
16.769513513500002 16.789297297299999 1.4760748131600001 1.47678832428 0.0009765625
16.789297297299999 16.8090810811 1.4759615178600001 1.47667481316 0.0009765625
16.8090810811 16.828864864900002 1.4758484377100001 1.47656151786 0.0009765625
16.828864864900002 16.848648648600001 1.4757355720400001 1.47644843771 0.0009765625
16.848648648600001 16.868432432399999 1.47562292021 1.47633557204 0.0009765625
16.868432432399999 16.8882162162 1.47551048153 1.4762229202099999 0.0009765625
16.8882162162 16.908000000000001 1.47539825538 1.4761104815299999 0.0009765625
16.908000000000001 16.927783783799999 1.4752862410700001 1.47599825538 0.0009765625
16.927783783799999 16.9475675676 1.47517443798 1.47588624107 0.0009765625
16.9475675676 16.967351351400001 1.4750628454500001 1.47577443798 0.0009765625
16.967351351400001 16.987135135100001 1.47495146284 1.47566284545 0.0009765625
16.987135135100001 17.006918918899999 1.4748402894999999 1.4755514628399999 0.0009765625
17.006918918899999 17.0267027027 1.4747293248 1.4754402895000001 0.0009765625
17.0267027027 17.046486486500001 1.4746185680999999 1.4753293247999999 0.0009765625
17.046486486500001 17.066270270299999 1.4745080187599999 1.4752185681000001 0.0009765625
17.066270270299999 17.0860540541 1.4743976761599999 1.4751080187600001 0.0009765625
17.0860540541 17.105837837799999 1.4742875396699999 1.4749976761600001 0.0009765625
17.105837837799999 17.125621621600001 1.47417760865 1.4748875396700001 0.0009765625
17.125621621600001 17.145405405399998 1.4740678825 1.47477760865 0.0009765625
17.145405405399998 17.165189189199999 1.47395836059 1.4746678824999999 0.0009765625
17.165189189199999 17.184972973000001 1.4738490422899999 1.4745583605899999 0.0009765625
17.184972973000001 17.204756756799998 1.473739927 1.4744490422900001 0.0009765625
17.204756756799998 17.224540540500001 1.4736310141 1.4743399269999999 0.0009765625
17.224540540500001 17.244324324299999 1.47352230299 1.4742310140999999 0.0009765625
17.244324324299999 17.2641081081 1.47341379305 1.4741223029899999 0.0009765625
17.2641081081 17.283891891900002 1.4733054836799999 1.4740137930499999 0.0009765625
17.283891891900002 17.303675675699999 1.47319737429 1.4739054836800001 0.0009765625
17.303675675699999 17.3234594595 1.4730894642600001 1.4737973742899999 0.0009765625
17.3234594595 17.3432432432 1.472981753 1.47368946426 0.0009765625
17.3432432432 17.363027027000001 1.4728742399200001 1.4735817529999999 0.0009765625
17.363027027000001 17.382810810799999 1.4727669244199999 1.47347423992 0.0009765625
17.382810810799999 17.4025945946 1.47265980592 1.4733669244200001 0.0009765625
17.4025945946 17.422378378400001 1.4725528838199999 1.4732598059199999 0.0009765625
17.422378378400001 17.442162162199999 1.4724461575500001 1.4731528838200001 0.0009765625
17.442162162199999 17.461945945899998 1.4723396265199999 1.47304615755 0.0009765625
17.461945945899998 17.4817297297 1.4722332901499999 1.4729396265200001 0.0009765625
17.4817297297 17.501513513500001 1.47212714786 1.4728332901500001 0.0009765625
17.501513513500001 17.521297297299999 1.4720211990800001 1.4727271478599999 0.0009765625
17.521297297299999 17.5410810811 1.4719154432299999 1.47262119908 0.0009765625
17.5410810811 17.560864864900001 1.4718098797400001 1.4725154432300001 0.0009765625
17.560864864900001 17.5806486486 1.47170450806 1.47240987974 0.0009765625
17.5806486486 17.600432432400002 1.4715993275999999 1.4723045080599999 0.0009765625
17.600432432400002 17.620216216199999 1.4714943378000001 1.4721993276000001 0.0009765625
17.620216216199999 17.640000000000001 1.47138953812 1.4720943378 0.0009765625
17.640000000000001 17.659783783799998 1.47128492797 1.4719895381200001 0.0009765625
17.659783783799998 17.679567567599999 1.4711805068199999 1.4718849279699999 0.0009765625
17.679567567599999 17.699351351400001 1.4710762741100001 1.4717805068200001 0.0009765625
17.699351351400001 17.7191351351 1.47097222927 1.47167627411 0.0009765625
17.7191351351 17.738918918900001 1.47086837177 1.47157222927 0.0009765625
17.738918918900001 17.758702702699999 1.47076470106 1.4714683717699999 0.0009765625
17.758702702699999 17.7784864865 1.4706612165799999 1.4713647010599999 0.0009765625
17.7784864865 17.798270270300002 1.4705579177999999 1.4712612165800001 0.0009765625
17.798270270300002 17.818054054099999 1.4704548041800001 1.4711579178 0.0009765625
17.818054054099999 17.837837837799999 1.47035187518 1.47105480418 0.0009765625
17.837837837799999 17.8576216216 1.47024913026 1.4709518751799999 0.0009765625
17.8576216216 17.877405405400001 1.4701465688799999 1.47084913026 0.0009765625
17.877405405400001 17.897189189199999 1.4700441905199999 1.4707465688800001 0.0009765625
17.897189189199999 17.916972973 1.4699419946500001 1.4706441905200001 0.0009765625
17.916972973 17.936756756800001 1.46983998073 1.47054199465 0.0009765625
17.936756756800001 17.956540540500001 1.46973814824 1.4704399807299999 0.0009765625
17.956540540500001 17.976324324299998 1.46963649666 1.47033814824 0.0009765625
17.976324324299998 17.9961081081 1.4695350254699999 1.4702364966599999 0.0009765625
17.9961081081 18.015891891900001 1.4694337341399999 1.4701350254700001 0.0009765625
18.015891891900001 18.035675675699999 1.46933262216 1.47003373414 0.0009765625
18.035675675699999 18.0554594595 1.4692316890099999 1.46993262216 0.0009765625
18.0554594595 18.075243243199999 1.4691309341900001 1.4698316890100001 0.0009765625
18.075243243199999 18.095027027 1.4690303571700001 1.46973093419 0.0009765625
18.095027027 18.114810810800002 1.4689299574500001 1.46963035717 0.0009765625
18.114810810800002 18.134594594599999 1.4688297345300001 1.46952995745 0.0009765625
18.134594594599999 18.154378378400001 1.4687296879 1.46942973453 0.0009765625
18.154378378400001 18.174162162199998 1.4686298170500001 1.4693296879 0.0009765625
18.174162162199998 18.193945945900001 1.46853012148 1.46922981705 0.0009765625
18.193945945900001 18.213729729699999 1.4684306007000001 1.4691301214800001 0.0009765625
18.213729729699999 18.2335135135 1.4683312542 1.4690306007 0.0009765625
18.2335135135 18.253297297300001 1.4682320815000001 1.4689312541999999 0.0009765625
18.253297297300001 18.273081081099999 1.4681330821 1.4688320815 0.0009765625
18.273081081099999 18.2928648649 1.4680342555000001 1.4687330821 0.0009765625
18.2928648649 18.3126486486 1.46793560123 1.4686342555 0.0009765625
18.3126486486 18.332432432400001 1.4678371187799999 1.4685356012299999 0.0009765625
18.332432432400001 18.352216216199999 1.46773880769 1.4684371187800001 0.0009765625
18.352216216199999 18.372 1.46764066745 1.4683388076899999 0.0009765625
18.372 18.391783783800001 1.4675426975899999 1.4682406674499999 0.0009765625
18.391783783800001 18.411567567599999 1.4674448976400001 1.46814269759 0.0009765625
18.411567567599999 18.4313513514 1.4673472671100001 1.46804489764 0.0009765625
18.4313513514 18.451135135099999 1.4672498055300001 1.46794726711 0.0009765625
18.451135135099999 18.470918918900001 1.46715251242 1.46784980553 0.0009765625
18.470918918900001 18.490702702699998 1.4670553873100001 1.4677525124199999 0.0009765625
18.490702702699998 18.5104864865 1.46695842973 1.46765538731 0.0009765625
18.5104864865 18.530270270300001 1.46686163921 1.4675584297299999 0.0009765625
18.530270270300001 18.550054054099999 1.46676501529 1.4674616392099999 0.0009765625
18.550054054099999 18.569837837800002 1.4666685575 1.46736501529 0.0009765625
18.569837837800002 18.589621621599999 1.46657226537 1.4672685575 0.0009765625
18.589621621599999 18.6094054054 1.46647613845 1.4671722653699999 0.0009765625
18.6094054054 18.629189189200002 1.4663801762799999 1.46707613845 0.0009765625
18.629189189200002 18.648972972999999 1.4662843783999999 1.4669801762800001 0.0009765625
18.648972972999999 18.668756756800001 1.4661887443499999 1.4668843784000001 0.0009765625
18.668756756800001 18.6885405405 1.4660932736700001 1.4667887443500001 0.0009765625
18.6885405405 18.708324324300001 1.46599796592 1.46669327367 0.0009765625
18.708324324300001 18.728108108099999 1.46590282065 1.4665979659199999 0.0009765625
18.728108108099999 18.7478918919 1.4658078374000001 1.4665028206499999 0.0009765625
18.7478918919 18.767675675700001 1.46571301574 1.4664078374 0.0009765625
18.767675675700001 18.787459459499999 1.4656183551999999 1.4663130157399999 0.0009765625
18.787459459499999 18.807243243199999 1.4655238553600001 1.4662183552000001 0.0009765625
18.807243243199999 18.827027027 1.4654295157599999 1.46612385536 0.0009765625
18.827027027 18.846810810800001 1.4653353359700001 1.4660295157600001 0.0009765625
18.846810810800001 18.866594594599999 1.4652413155399999 1.46593533597 0.0009765625
18.866594594599999 18.8863783784 1.46514745405 1.4658413155400001 0.0009765625
18.8863783784 18.906162162200001 1.4650537510599999 1.46574745405 0.0009765625
18.906162162200001 18.925945945900001 1.46496020612 1.4656537510600001 0.0009765625
18.925945945900001 18.945729729699998 1.46486681882 1.4655602061199999 0.0009765625
18.945729729699998 18.965513513499999 1.46477358871 1.46546681882 0.0009765625
18.965513513499999 18.985297297300001 1.46468051537 1.4653735887099999 0.0009765625
18.985297297300001 19.005081081099998 1.4645875983800001 1.4652805153699999 0.0009765625
19.005081081099998 19.0248648649 1.46449483731 1.46518759838 0.0009765625
19.0248648649 19.044648648599999 1.4644022317300001 1.4650948373099999 0.0009765625
19.044648648599999 19.0644324324 1.4643097812200001 1.46500223173 0.0009765625
19.0644324324 19.084216216200002 1.4642174853600001 1.46490978122 0.0009765625
19.084216216200002 19.103999999999999 1.4641253437299999 1.46481748536 0.0009765625
19.103999999999999 19.1237837838 1.4640333559200001 1.4647253437300001 0.0009765625
19.1237837838 19.143567567600002 1.46394152151 1.46463335592 0.0009765625
19.143567567600002 19.163351351399999 1.46384984008 1.4645415215099999 0.0009765625
19.163351351399999 19.183135135099999 1.4637583112200001 1.4644498400799999 0.0009765625
19.183135135099999 19.2029189189 1.46366693452 1.46435831122 0.0009765625
19.2029189189 19.222702702700001 1.4635757095699999 1.4642669345199999 0.0009765625
19.222702702700001 19.242486486499999 1.46348463596 1.4641757095700001 0.0009765625
19.242486486499999 19.2622702703 1.4633937132799999 1.4640846359599999 0.0009765625
19.2622702703 19.282054054100001 1.46330294113 1.4639937132800001 0.0009765625
19.282054054100001 19.301837837800001 1.4632123191199999 1.46390294113 0.0009765625
19.301837837800001 19.321621621599999 1.46312184682 1.4638123191200001 0.0009765625
19.321621621599999 19.3414054054 1.46303152385 1.4637218468199999 0.0009765625
19.3414054054 19.361189189200001 1.4629413497999999 1.4636315238499999 0.0009765625
19.361189189200001 19.380972972999999 1.4628513242700001 1.4635413498000001 0.0009765625
19.380972972999999 19.4007567568 1.4627614468800001 1.46345132427 0.0009765625
19.4007567568 19.420540540499999 1.4626717172199999 1.46336144688 0.0009765625
19.420540540499999 19.440324324300001 1.4625821349100001 1.46327171722 0.0009765625
19.440324324300001 19.460108108099998 1.4624926995400001 1.46318213491 0.0009765625
19.460108108099998 19.479891891899999 1.4624034107299999 1.46309269954 0.0009765625
19.479891891899999 19.499675675700001 1.4623142681000001 1.4630034107300001 0.0009765625
19.499675675700001 19.519459459499998 1.4622252712399999 1.4629142681 0.0009765625
19.519459459499998 19.539243243200001 1.46213641979 1.4628252712400001 0.0009765625
19.539243243200001 19.559027026999999 1.4620477133500001 1.4627364197899999 0.0009765625
19.559027026999999 19.5788108108 1.4619591515299999 1.46264771335 0.0009765625
19.5788108108 19.598594594600002 1.4618707339699999 1.46255915153 0.0009765625
19.598594594600002 19.618378378399999 1.46178246027 1.46247073397 0.0009765625
19.618378378399999 19.6381621622 1.46169433006 1.46238246027 0.0009765625
19.6381621622 19.6579459459 1.4616063429599999 1.46229433006 0.0009765625
19.6579459459 19.677729729700001 1.4615184986 1.4622063429600001 0.0009765625
19.677729729700001 19.697513513499999 1.46143079659 1.4621184986 0.0009765625
19.697513513499999 19.7172972973 1.4613432365700001 1.4620307965899999 0.0009765625
19.7172972973 19.737081081100001 1.4612558181599999 1.46194323657 0.0009765625
19.737081081100001 19.756864864899999 1.4611685409999999 1.4618558181600001 0.0009765625
19.756864864899999 19.776648648599998 1.46108140471 1.4617685410000001 0.0009765625
19.776648648599998 19.7964324324 1.46099440893 1.46168140471 0.0009765625
19.7964324324 19.816216216200001 1.46090755328 1.4615944089299999 0.0009765625
19.816216216200001 19.835999999999999 1.46082083741 1.4615075532799999 0.0009765625
19.835999999999999 19.8557837838 1.46073426095 1.46142083741 0.0009765625
19.8557837838 19.875567567600001 1.46064782354 1.46133426095 0.0009765625
19.875567567600001 19.895351351399999 1.4605615248099999 1.4612478235399999 0.0009765625
19.895351351399999 19.915135135100002 1.4604753643999999 1.4611615248100001 0.0009765625
19.915135135100002 19.934918918899999 1.46038934197 1.4610753644000001 0.0009765625
19.934918918899999 19.954702702700001 1.46030345714 1.46098934197 0.0009765625
19.954702702700001 19.974486486499998 1.46021770956 1.4609034571399999 0.0009765625
19.974486486499998 19.994270270299999 1.46013209888 1.4608177095599999 0.0009765625
19.994270270299999 20.014054054100001 1.4600466247399999 1.4607320988800001 0.0009765625
20.014054054100001 20.0338378378 1.4599612868 1.4606466247400001 0.0009765625
20.0338378378 20.053621621600001 1.4598760847000001 1.4605612868 0.0009765625
20.053621621600001 20.073405405399999 1.45979101808 1.4604760847 0.0009765625
20.073405405399999 20.0931891892 1.45970608661 1.4603910180799999 0.0009765625
20.0931891892 20.112972973000002 1.4596212899300001 1.4603060866099999 0.0009765625
20.112972973000002 20.132756756799999 1.4595366276999999 1.46022128993 0.0009765625
20.132756756799999 20.152540540499999 1.45945209958 1.4601366277000001 0.0009765625
20.152540540499999 20.1723243243 1.45936770521 1.4600520995799999 0.0009765625
20.1723243243 20.192108108100001 1.45928344426 1.45996770521 0.0009765625
20.192108108100001 20.211891891899999 1.4591993163899999 1.4598834442599999 0.0009765625
20.211891891899999 20.2316756757 1.4591153212500001 1.45979931639 0.0009765625
20.2316756757 20.251459459500001 1.4590314585199999 1.45971532125 0.0009765625
20.251459459500001 20.271243243200001 1.45894772784 1.4596314585200001 0.0009765625
20.271243243200001 20.291027026999998 1.4588641288799999 1.45954772784 0.0009765625
20.291027026999998 20.3108108108 1.4587806613100001 1.4594641288800001 0.0009765625
20.3108108108 20.330594594600001 1.4586973247999999 1.45938066131 0.0009765625
20.330594594600001 20.350378378399999 1.4586141189999999 1.4592973248000001 0.0009765625
20.350378378399999 20.3701621622 1.4585310436000001 1.4592141190000001 0.0009765625
20.3701621622 20.389945945899999 1.4584480982500001 1.4591310436 0.0009765625
20.389945945899999 20.4097297297 1.45836528264 1.45904809825 0.0009765625
20.4097297297 20.429513513500002 1.4582825964199999 1.4589652826399999 0.0009765625
20.429513513500002 20.449297297299999 1.4582000392800001 1.4588825964200001 0.0009765625
20.449297297299999 20.469081081100001 1.45811761089 1.45880003928 0.0009765625
20.469081081100001 20.488864864899998 1.4580353109199999 1.45871761089 0.0009765625
20.488864864899998 20.508648648600001 1.45795313906 1.4586353109200001 0.0009765625
20.508648648600001 20.528432432399999 1.45787109497 1.4585531390599999 0.0009765625
20.528432432399999 20.5482162162 1.4577891783400001 1.4584710949699999 0.0009765625
20.5482162162 20.568000000000001 1.4577073888400001 1.45838917834 0.0009765625
20.568000000000001 20.587783783799999 1.4576257261600001 1.45830738884 0.0009765625
20.587783783799999 20.6075675676 1.4575441899799999 1.45822572616 0.0009765625
20.6075675676 20.627351351400002 1.45746277998 1.4581441899800001 0.0009765625
20.627351351400002 20.647135135100001 1.45738149585 1.4580627799799999 0.0009765625
20.647135135100001 20.666918918899999 1.45730033727 1.4579814958499999 0.0009765625
20.666918918899999 20.6867027027 1.4572193039300001 1.4579003372699999 0.0009765625
20.6867027027 20.706486486500001 1.4571383955199999 1.45781930393 0.0009765625
20.706486486500001 20.726270270299999 1.45705761172 1.4577383955200001 0.0009765625
20.726270270299999 20.7460540541 1.45697695222 1.45765761172 0.0009765625
20.7460540541 20.765837837799999 1.45689641672 1.4575769522199999 0.0009765625
20.765837837799999 20.785621621600001 1.4568160049100001 1.45749641672 0.0009765625
20.785621621600001 20.805405405399998 1.4567357164800001 1.45741600491 0.0009765625
20.805405405399998 20.8251891892 1.4566555511199999 1.45733571648 0.0009765625
20.8251891892 20.844972973000001 1.4565755085300001 1.45725555112 0.0009765625
20.844972973000001 20.864756756799999 1.4564955883999999 1.45717550853 0.0009765625
20.864756756799999 20.884540540500002 1.4564157904399999 1.4570955884000001 0.0009765625
20.884540540500002 20.904324324299999 1.45633611434 1.4570157904400001 0.0009765625
20.904324324299999 20.9241081081 1.4562565597899999 1.4569361143399999 0.0009765625
20.9241081081 20.943891891900002 1.4561771265100001 1.4568565597900001 0.0009765625
20.943891891900002 20.963675675699999 1.4560978141900001 1.45677712651 0.0009765625
20.963675675699999 20.983459459500001 1.45601862253 1.45669781419 0.0009765625
20.983459459500001 21.0032432432 1.45593955123 1.45661862253 0.0009765625
21.0032432432 21.023027027000001 1.4558606000100001 1.4565395512299999 0.0009765625
21.023027027000001 21.042810810799999 1.4557817685700001 1.45646060001 0.0009765625
21.042810810799999 21.0625945946 1.4557030566 1.45638176857 0.0009765625
21.0625945946 21.082378378400001 1.45562446383 1.4563030565999999 0.0009765625
21.082378378400001 21.102162162199999 1.4555459899500001 1.4562244638299999 0.0009765625
21.102162162199999 21.121945945899999 1.45546763468 1.45614598995 0.0009765625
21.121945945899999 21.1417297297 1.4553893977300001 1.4560676346799999 0.0009765625
21.1417297297 21.161513513500001 1.45531127881 1.45598939773 0.0009765625
21.161513513500001 21.181297297299999 1.4552332776300001 1.4559112788099999 0.0009765625
21.181297297299999 21.2010810811 1.4551553939099999 1.45583327763 0.0009765625
21.2010810811 21.220864864900001 1.4550776273499999 1.4557553939100001 0.0009765625
21.220864864900001 21.240648648600001 1.45499997768 1.4556776273500001 0.0009765625
21.240648648600001 21.260432432399998 1.45492244461 1.4555999776799999 0.0009765625
21.260432432399998 21.280216216199999 1.45484502786 1.4555224446099999 0.0009765625
21.280216216199999 21.300000000000001 1.4547677271399999 1.45544502786 0.0009765625
21.300000000000001 21.319783783799998 1.45469054217 1.4553677271400001 0.0009765625
21.319783783799998 21.3395675676 1.45461347269 1.45529054217 0.0009765625
21.3395675676 21.359351351400001 1.4545365183900001 1.4552134726899999 0.0009765625
21.359351351400001 21.3791351351 1.45445967901 1.45513651839 0.0009765625
21.3791351351 21.398918918900002 1.45438295428 1.4550596790100001 0.0009765625
21.398918918900002 21.418702702699999 1.4543063438999999 1.4549829542799999 0.0009765625
21.418702702699999 21.4384864865 1.45422984762 1.4549063439000001 0.0009765625
21.4384864865 21.458270270300002 1.4541534651500001 1.4548298476199999 0.0009765625
21.458270270300002 21.478054054099999 1.4540771962200001 1.45475346515 0.0009765625
21.478054054099999 21.497837837799999 1.4540010405499999 1.45467719622 0.0009765625
21.497837837799999 21.5176216216 1.45392499789 1.4546010405500001 0.0009765625
21.5176216216 21.537405405400001 1.45384906795 1.4545249978899999 0.0009765625
21.537405405400001 21.557189189199999 1.4537732504600001 1.45444906795 0.0009765625
21.557189189199999 21.576972973 1.45369754516 1.45437325046 0.0009765625
21.576972973 21.596756756800001 1.45362195178 1.45429754516 0.0009765625
21.596756756800001 21.616540540500001 1.45354647005 1.4542219517799999 0.0009765625
21.616540540500001 21.636324324299999 1.4534710997 1.45414647005 0.0009765625
21.636324324299999 21.6561081081 1.45339584048 1.4540710996999999 0.0009765625
21.6561081081 21.675891891900001 1.4533206920999999 1.45399584048 0.0009765625
21.675891891900001 21.695675675699999 1.4532456543200001 1.4539206921000001 0.0009765625
21.695675675699999 21.7154594595 1.45317072687 1.45384565432 0.0009765625
21.7154594595 21.735243243199999 1.45309590949 1.45377072687 0.0009765625
21.735243243199999 21.755027027000001 1.4530212018999999 1.4536959094899999 0.0009765625
21.755027027000001 21.774810810799998 1.4529466038700001 1.4536212019000001 0.0009765625
21.774810810799998 21.794594594599999 1.4528721151199999 1.45354660387 0.0009765625
21.794594594599999 21.814378378400001 1.4527977353999999 1.4534721151200001 0.0009765625
21.814378378400001 21.834162162199998 1.45272346444 1.4533977354000001 0.0009765625
21.834162162199998 21.853945945900001 1.452649302 1.4533234644399999 0.0009765625
21.853945945900001 21.873729729699999 1.45257524782 1.4532493019999999 0.0009765625
21.873729729699999 21.8935135135 1.4525013016399999 1.45317524782 0.0009765625
21.8935135135 21.913297297300002 1.4524274632 1.4531013016400001 0.0009765625
21.913297297300002 21.933081081099999 1.45235373226 1.4530274632 0.0009765625
21.933081081099999 21.9528648649 1.4522801085599999 1.4529537322599999 0.0009765625
21.9528648649 21.9726486486 1.45220659185 1.45288010856 0.0009765625
21.9726486486 21.992432432400001 1.4521331818800001 1.4528065918499999 0.0009765625
21.992432432400001 22.012216216199999 1.4520598783900001 1.45273318188 0.0009765625
22.012216216199999 22.032 1.45198668115 1.45265987839 0.0009765625
22.032 22.051783783800001 1.45191358989 1.4525866811499999 0.0009765625
22.051783783800001 22.071567567599999 1.4518406043800001 1.4525135898899999 0.0009765625
22.071567567599999 22.0913513514 1.45176772437 1.45244060438 0.0009765625
22.0913513514 22.1111351351 1.4516949496 1.4523677243699999 0.0009765625
22.1111351351 22.130918918900001 1.45162227984 1.4522949495999999 0.0009765625
22.130918918900001 22.150702702699999 1.4515497148400001 1.45222227984 0.0009765625
22.150702702699999 22.1704864865 1.4514772543500001 1.45214971484 0.0009765625
22.1704864865 22.190270270300001 1.4514048981400001 1.45207725435 0.0009765625
22.190270270300001 22.210054054099999 1.45133264595 1.45200489814 0.0009765625
22.210054054099999 22.229837837800002 1.4512604975600001 1.4519326459499999 0.0009765625
22.229837837800002 22.249621621599999 1.4511884527200001 1.45186049756 0.0009765625
22.249621621599999 22.269405405400001 1.45111651118 1.45178845272 0.0009765625
22.269405405400001 22.289189189199998 1.4510446727199999 1.4517165111799999 0.0009765625
22.289189189199998 22.308972972999999 1.45097293708 1.4516446727200001 0.0009765625
22.308972972999999 22.328756756800001 1.4509013040500001 1.4515729370799999 0.0009765625
22.328756756800001 22.3485405405 1.45082977336 1.45150130405 0.0009765625
22.3485405405 22.368324324300001 1.4507583448000001 1.4514297733599999 0.0009765625
22.368324324300001 22.388108108099999 1.45068701813 1.4513583448 0.0009765625
22.388108108099999 22.4078918919 1.4506157931100001 1.4512870181299999 0.0009765625
22.4078918919 22.427675675700002 1.4505446694999999 1.45121579311 0.0009765625
22.427675675700002 22.447459459499999 1.4504736470899999 1.4511446695000001 0.0009765625
22.447459459499999 22.467243243199999 1.4504027256200001 1.4510736470900001 0.0009765625
22.467243243199999 22.487027027 1.4503319048700001 1.45100272562 0.0009765625
22.487027027 22.506810810800001 1.45026118462 1.45093190487 0.0009765625
22.506810810800001 22.526594594599999 1.45019056463 1.4508611846199999 0.0009765625
22.526594594599999 22.5463783784 1.45012004466 1.4507905646299999 0.0009765625
22.5463783784 22.566162162200001 1.4500496245000001 1.4507200446599999 0.0009765625
22.566162162200001 22.585945945900001 1.44997930392 1.4506496245 0.0009765625
22.585945945900001 22.605729729699998 1.4499090826800001 1.4505793039199999 0.0009765625
22.605729729699998 22.6255135135 1.4498389605599999 1.45050908268 0.0009765625
22.6255135135 22.645297297300001 1.44976893734 1.4504389605600001 0.0009765625
22.645297297300001 22.665081081099999 1.44969901279 1.4503689373399999 0.0009765625
22.665081081099999 22.6848648649 1.44962918668 1.45029901279 0.0009765625
22.6848648649 22.704648648599999 1.4495594588 1.4502291866799999 0.0009765625
22.704648648599999 22.7244324324 1.44948982892 1.4501594588 0.0009765625
22.7244324324 22.744216216200002 1.4494202968100001 1.4500898289199999 0.0009765625
22.744216216200002 22.763999999999999 1.44935086226 1.45002029681 0.0009765625
22.763999999999999 22.783783783800001 1.44928152505 1.4499508622599999 0.0009765625
22.783783783800001 22.803567567599998 1.44921228495 1.4498815250499999 0.0009765625
22.803567567599998 22.823351351399999 1.44914314175 1.4498122849499999 0.0009765625
22.823351351399999 22.843135135099999 1.4490740952200001 1.44974314175 0.0009765625
22.843135135099999 22.8629189189 1.4490051451599999 1.44967409522 0.0009765625
22.8629189189 22.882702702700001 1.4489362913299999 1.4496051451600001 0.0009765625
22.882702702700001 22.902486486499999 1.4488675335300001 1.4495362913300001 0.0009765625
22.902486486499999 22.9222702703 1.44879887154 1.44946753353 0.0009765625
22.9222702703 22.942054054100002 1.44873030515 1.4493988715399999 0.0009765625
22.942054054100002 22.961837837800001 1.4486618341299999 1.4493303051499999 0.0009765625
22.961837837800001 22.981621621599999 1.44859345828 1.4492618341300001 0.0009765625
22.981621621599999 23.0014054054 1.4485251773900001 1.4491934582799999 0.0009765625
23.0014054054 23.021189189200001 1.44845699123 1.44912517739 0.0009765625
23.021189189200001 23.040972972999999 1.4483888996000001 1.44905699123 0.0009765625
23.040972972999999 23.0607567568 1.4483209022900001 1.4489888996 0.0009765625
23.0607567568 23.080540540499999 1.4482529990799999 1.44892090229 0.0009765625
23.080540540499999 23.100324324300001 1.44818518977 1.4488529990800001 0.0009765625
23.100324324300001 23.120108108099998 1.44811747414 1.4487851897699999 0.0009765625
23.120108108099998 23.1398918919 1.44804985199 1.44871747414 0.0009765625
23.1398918919 23.159675675700001 1.44798232312 1.44864985199 0.0009765625
23.159675675700001 23.179459459499999 1.4479148873000001 1.4485823231199999 0.0009765625
23.179459459499999 23.199243243200002 1.4478475443400001 1.4485148873 0.0009765625
23.199243243200002 23.219027026999999 1.44778029403 1.44844754434 0.0009765625
23.219027026999999 23.2388108108 1.44771313617 1.4483802940299999 0.0009765625
23.2388108108 23.258594594600002 1.4476460705400001 1.4483131361699999 0.0009765625
23.258594594600002 23.278378378399999 1.44757909695 1.44824607054 0.0009765625
23.278378378399999 23.298162162200001 1.44751221519 1.4481790969499999 0.0009765625
23.298162162200001 23.3179459459 1.44744542506 1.4481122151900001 0.0009765625
23.3179459459 23.337729729700001 1.44737872635 1.4480454250599999 0.0009765625
23.337729729700001 23.357513513499999 1.44731211887 1.4479787263499999 0.0009765625
23.357513513499999 23.3772972973 1.44724560241 1.4479121188699999 0.0009765625
23.3772972973 23.397081081100001 1.44717917678 1.4478456024099999 0.0009765625
23.397081081100001 23.416864864899999 1.4471128417700001 1.4477791767799999 0.0009765625
23.416864864899999 23.436648648599999 1.4470465971799999 1.44771284177 0.0009765625
23.436648648599999 23.4564324324 1.4469804428099999 1.4476465971800001 0.0009765625
23.4564324324 23.476216216200001 1.44691437848 1.4475804428100001 0.0009765625
23.476216216200001 23.495999999999999 1.44684840397 1.44751437848 0.0009765625
23.495999999999999 23.5157837838 1.4467825191000001 1.44744840397 0.0009765625
23.5157837838 23.535567567600001 1.44671672366 1.4473825191 0.0009765625
23.535567567600001 23.555351351399999 1.44665101747 1.44731672366 0.0009765625
23.555351351399999 23.575135135099998 1.44658540032 1.44725101747 0.0009765625
23.575135135099998 23.594918918899999 1.4465198720200001 1.44718540032 0.0009765625
23.594918918899999 23.614702702700001 1.4464544323799999 1.44711987202 0.0009765625
23.614702702700001 23.634486486499998 1.4463890812 1.4470544323800001 0.0009765625
23.634486486499998 23.6542702703 1.44632381829 1.4469890811999999 0.0009765625
23.6542702703 23.674054054100001 1.44625864347 1.4469238182899999 0.0009765625
23.674054054100001 23.6938378378 1.4461935565299999 1.4468586434699999 0.0009765625
23.6938378378 23.713621621600002 1.44612855729 1.4467935565300001 0.0009765625
23.713621621600002 23.733405405399999 1.44606364556 1.4467285572899999 0.0009765625
23.733405405399999 23.7531891892 1.4459988211399999 1.4466636455599999 0.0009765625
23.7531891892 23.772972973000002 1.4459340838500001 1.44659882114 0.0009765625
23.772972973000002 23.792756756799999 1.4458694335 1.44653408385 0.0009765625
23.792756756799999 23.812540540499999 1.4458048698999999 1.4464694334999999 0.0009765625
23.812540540499999 23.8323243243 1.4457403928599999 1.4464048699000001 0.0009765625
23.8323243243 23.852108108100001 1.4456760021999999 1.44634039286 0.0009765625
23.852108108100001 23.871891891899999 1.44561169773 1.4462760022000001 0.0009765625
23.871891891899999 23.8916756757 1.44554747926 1.4462116977299999 0.0009765625
23.8916756757 23.911459459500001 1.4454833466100001 1.44614747926 0.0009765625
23.911459459500001 23.931243243200001 1.4454192995999999 1.44608334661 0.0009765625
23.931243243200001 23.951027026999999 1.4453553380299999 1.4460192996000001 0.0009765625
23.951027026999999 23.9708108108 1.4452914617399999 1.4459553380300001 0.0009765625
23.9708108108 23.990594594600001 1.44522767052 1.4458914617400001 0.0009765625
23.990594594600001 24.010378378399999 1.44516396421 1.4458276705199999 0.0009765625
24.010378378399999 24.0301621622 1.44510034261 1.44576396421 0.0009765625
24.0301621622 24.049945945899999 1.44503680555 1.4457003426099999 0.0009765625
24.049945945899999 24.069729729700001 1.4449733528499999 1.44563680555 0.0009765625
24.069729729700001 24.089513513499998 1.44490998433 1.4455733528500001 0.0009765625
24.089513513499998 24.109297297299999 1.4448466998 1.4455099843300001 0.0009765625
24.109297297299999 24.129081081100001 1.4447834990799999 1.4454466998 0.0009765625
24.129081081100001 24.148864864899998 1.4447203820100001 1.4453834990800001 0.0009765625
24.148864864899998 24.168648648600001 1.44465734839 1.44532038201 0.0009765625
24.168648648600001 24.188432432399999 1.44459439806 1.44525734839 0.0009765625
24.188432432399999 24.2082162162 1.44453153083 1.4451943980599999 0.0009765625
24.2082162162 24.228000000000002 1.4444687465299999 1.4451315308299999 0.0009765625
24.228000000000002 24.247783783799999 1.44440604498 1.4450687465300001 0.0009765625
24.247783783799999 24.2675675676 1.4443434260100001 1.44500604498 0.0009765625
24.2675675676 24.287351351400002 1.4442808894400001 1.44494342601 0.0009765625
24.287351351400002 24.307135135100001 1.44421843509 1.44488088944 0.0009765625
24.307135135100001 24.326918918899999 1.4441560628000001 1.44481843509 0.0009765625
24.326918918899999 24.3467027027 1.44409377239 1.4447560628 0.0009765625
24.3467027027 24.366486486500001 1.4440315636800001 1.44469377239 0.0009765625
24.366486486500001 24.386270270299999 1.44396943651 1.44463156368 0.0009765625
24.386270270299999 24.4060540541 1.4439073907 1.4445694365099999 0.0009765625
24.4060540541 24.4258378378 1.44384542607 1.4445073906999999 0.0009765625
24.4258378378 24.445621621600001 1.4437835424700001 1.4444454260699999 0.0009765625
24.445621621600001 24.465405405399999 1.44372173971 1.44438354247 0.0009765625
24.465405405399999 24.4851891892 1.4436600176400001 1.4443217397100001 0.0009765625
24.4851891892 24.504972973000001 1.44359837607 1.44426001764 0.0009765625
24.504972973000001 24.524756756799999 1.4435368148400001 1.4441983760699999 0.0009765625
24.524756756799999 24.544540540500002 1.4434753337799999 1.44413681484 0.0009765625
24.544540540500002 24.564324324299999 1.44341393273 1.4440753337800001 0.0009765625
24.564324324299999 24.584108108100001 1.4433526115099999 1.4440139327299999 0.0009765625
24.584108108100001 24.603891891899998 1.4432913699500001 1.4439526115100001 0.0009765625
24.603891891899998 24.623675675699999 1.4432302078999999 1.44389136995 0.0009765625
24.623675675699999 24.643459459500001 1.4431691251900001 1.4438302079000001 0.0009765625
24.643459459500001 24.6632432432 1.4431081216499999 1.44376912519 0.0009765625
24.6632432432 24.683027027000001 1.4430471971100001 1.4437081216500001 0.0009765625
24.683027027000001 24.702810810799999 1.4429863514100001 1.44364719711 0.0009765625
24.702810810799999 24.7225945946 1.44292558438 1.44358635141 0.0009765625
24.7225945946 24.742378378400002 1.4428648958700001 1.4435255843799999 0.0009765625
24.742378378400002 24.762162162199999 1.4428042857100001 1.44346489587 0.0009765625
24.762162162199999 24.781945945899999 1.4427437537300001 1.44340428571 0.0009765625
24.781945945899999 24.8017297297 1.4426832997800001 1.44334375373 0.0009765625
24.8017297297 24.821513513500001 1.4426229236899999 1.44328329978 0.0009765625
24.821513513500001 24.841297297299999 1.4425626252999999 1.44322292369 0.0009765625
24.841297297299999 24.8610810811 1.4425024044500001 1.4431626253000001 0.0009765625
24.8610810811 24.880864864900001 1.4424422609800001 1.44310240445 0.0009765625
24.880864864900001 24.900648648600001 1.44238219472 1.44304226098 0.0009765625
24.900648648600001 24.920432432399998 1.44232220553 1.4429821947200001 0.0009765625
24.920432432399998 24.9402162162 1.44226229324 1.4429222055299999 0.0009765625
24.9402162162 24.960000000000001 1.4422024576900001 1.4428622932399999 0.0009765625
24.960000000000001 24.979783783799999 1.4421426987199999 1.44280245769 0.0009765625
24.979783783799999 24.9995675676 1.44208301618 1.44274269872 0.0009765625
24.9995675676 25.019351351400001 1.44202340991 1.4426830161799999 0.0009765625
25.019351351400001 25.0391351351 1.4419638797500001 1.4426234099099999 0.0009765625
25.0391351351 25.058918918900002 1.44190442555 1.44256387975 0.0009765625
25.058918918900002 25.078702702699999 1.4418450471399999 1.4425044255499999 0.0009765625
25.078702702699999 25.098486486500001 1.44178574438 1.4424450471400001 0.0009765625
25.098486486500001 25.118270270299998 1.44172651711 1.4423857443799999 0.0009765625
25.118270270299998 25.138054054099999 1.44166736517 1.4423265171099999 0.0009765625
25.138054054099999 25.157837837799999 1.4416082884200001 1.44226736517 0.0009765625
25.157837837799999 25.1776216216 1.4415492866899999 1.44220828842 0.0009765625
25.1776216216 25.197405405400001 1.44149035983 1.4421492866900001 0.0009765625
25.197405405400001 25.217189189199999 1.4414315076899999 1.4420903598299999 0.0009765625
25.217189189199999 25.236972973 1.4413727301299999 1.4420315076900001 0.0009765625
25.236972973 25.256756756800002 1.44131402698 1.44197273013 0.0009765625
25.256756756800002 25.276540540500001 1.44125539809 1.4419140269799999 0.0009765625
25.276540540500001 25.296324324299999 1.44119684332 1.44185539809 0.0009765625
25.296324324299999 25.3161081081 1.4411383625 1.4417968433199999 0.0009765625
25.3161081081 25.335891891900001 1.44107995551 1.4417383625 0.0009765625
25.335891891900001 25.355675675699999 1.4410216221700001 1.4416799555099999 0.0009765625
25.355675675699999 25.3754594595 1.44096336235 1.44162162217 0.0009765625
25.3754594595 25.395243243199999 1.44090517589 1.4415633623499999 0.0009765625
25.395243243199999 25.415027027000001 1.4408470626500001 1.4415051758899999 0.0009765625
25.415027027000001 25.434810810799998 1.44078902247 1.44144706265 0.0009765625
25.434810810799998 25.4545945946 1.4407310552199999 1.4413890224699999 0.0009765625
25.4545945946 25.474378378400001 1.4406731607300001 1.44133105522 0.0009765625
25.474378378400001 25.494162162199999 1.44061533888 1.44127316073 0.0009765625
25.494162162199999 25.513945945900002 1.4405575895 1.44121533888 0.0009765625
25.513945945900002 25.533729729699999 1.44049991245 1.4411575894999999 0.0009765625
25.533729729699999 25.5535135135 1.4404423075899999 1.4410999124499999 0.0009765625
25.5535135135 25.573297297300002 1.44038477478 1.4410423075900001 0.0009765625
25.573297297300002 25.593081081099999 1.4403273138599999 1.44098477478 0.0009765625
25.593081081099999 25.612864864900001 1.4402699246899999 1.4409273138600001 0.0009765625
25.612864864900001 25.6326486486 1.4402126071300001 1.4408699246900001 0.0009765625
25.6326486486 25.652432432400001 1.44015536104 1.44081260713 0.0009765625
25.652432432400001 25.672216216199999 1.44009818626 1.4407553610399999 0.0009765625
25.672216216199999 25.692 1.4400410826700001 1.4406981862599999 0.0009765625
25.692 25.711783783800001 1.4399840501100001 1.44064108267 0.0009765625
25.711783783800001 25.731567567599999 1.4399270884399999 1.44058405011 0.0009765625
25.731567567599999 25.7513513514 1.4398701975299999 1.4405270884400001 0.0009765625
25.7513513514 25.7711351351 1.4398133772299999 1.4404701975300001 0.0009765625
25.7711351351 25.790918918900001 1.4397566274 1.4404133772300001 0.0009765625
25.790918918900001 25.810702702699999 1.4396999479000001 1.4403566273999999 0.0009765625
25.810702702699999 25.8304864865 1.43964333859 1.4402999479 0.0009765625
25.8304864865 25.850270270300001 1.43958679932 1.44024333859 0.0009765625
25.850270270300001 25.870054054099999 1.43953032997 1.4401867993199999 0.0009765625
25.870054054099999 25.889837837799998 1.4394739303899999 1.4401303299699999 0.0009765625
25.889837837799998 25.909621621599999 1.4394176004399999 1.4400739303900001 0.0009765625
25.909621621599999 25.929405405400001 1.43936133999 1.44001760044 0.0009765625
25.929405405400001 25.949189189199998 1.4393051488899999 1.43996133999 0.0009765625
25.949189189199998 25.968972973 1.43924902701 1.4399051488900001 0.0009765625
25.968972973 25.988756756800001 1.43919297422 1.4398490270199999 0.0009765625
25.988756756800001 26.0085405405 1.43913699037 1.43979297422 0.0009765625
26.0085405405 26.028324324300002 1.4390810753300001 1.4397369903699999 0.0009765625
26.028324324300002 26.048108108099999 1.4390252289600001 1.43968107533 0.0009765625
26.048108108099999 26.0678918919 1.43896945113 1.43962522896 0.0009765625
26.0678918919 26.087675675700002 1.43891374171 1.4395694511299999 0.0009765625
26.087675675700002 26.107459459499999 1.4388581005500001 1.4395137417099999 0.0009765625
26.107459459499999 26.127243243199999 1.43880252752 1.43945810055 0.0009765625
26.127243243199999 26.147027027 1.4387470225000001 1.43940252752 0.0009765625
26.147027027 26.166810810800001 1.43869158533 1.4393470225 0.0009765625
26.166810810800001 26.186594594599999 1.4386362159099999 1.4392915853299999 0.0009765625
26.186594594599999 26.2063783784 1.4385809140800001 1.4392362159100001 0.0009765625
26.2063783784 26.226162162200001 1.4385256797099999 1.43918091408 0.0009765625
26.226162162200001 26.245945945900001 1.4384705126799999 1.43912567971 0.0009765625
26.245945945900001 26.265729729699999 1.43841541286 1.4390705126800001 0.0009765625
26.265729729699999 26.2855135135 1.4383603801 1.4390154128599999 0.0009765625
26.2855135135 26.305297297300001 1.43830541428 1.4389603800999999 0.0009765625
26.305297297300001 26.325081081099999 1.43825051527 1.43890541428 0.0009765625
26.325081081099999 26.3448648649 1.43819568294 1.43885051527 0.0009765625
26.3448648649 26.364648648599999 1.4381409171599999 1.4387956829399999 0.0009765625
26.364648648599999 26.384432432400001 1.4380862178 1.4387409171600001 0.0009765625
26.384432432400001 26.404216216199998 1.43803158472 1.4386862177999999 0.0009765625
26.404216216199998 26.423999999999999 1.43797701781 1.43863158472 0.0009765625
26.423999999999999 26.443783783800001 1.4379225169200001 1.4385770178099999 0.0009765625
26.443783783800001 26.463567567599998 1.43786808194 1.43852251692 0.0009765625
26.463567567599998 26.4833513514 1.4378137127299999 1.43846808194 0.0009765625
26.4833513514 26.503135135099999 1.4377594091699999 1.4384137127300001 0.0009765625
26.503135135099999 26.5229189189 1.43770517113 1.43835940917 0.0009765625
26.5229189189 26.542702702700002 1.4376509984900001 1.4383051711299999 0.0009765625
26.542702702700002 26.562486486499999 1.4375968911000001 1.43825099849 0.0009765625
26.562486486499999 26.5822702703 1.4375428488599999 1.4381968911 0.0009765625
26.5822702703 26.602054054100002 1.4374888716300001 1.4381428488600001 0.0009765625
26.602054054100002 26.621837837800001 1.43743495929 1.43808887163 0.0009765625
26.621837837800001 26.641621621599999 1.4373811117099999 1.4380349592899999 0.0009765625
26.641621621599999 26.6614054054 1.4373273287699999 1.4379811117100001 0.0009765625
26.6614054054 26.681189189200001 1.4372736103399999 1.4379273287700001 0.0009765625
26.681189189200001 26.700972972999999 1.4372199563000001 1.4378736103400001 0.0009765625
26.700972972999999 26.7207567568 1.4371663665300001 1.4378199563 0.0009765625
26.7207567568 26.7405405405 1.43711284089 1.43776636653 0.0009765625
26.7405405405 26.760324324300001 1.4370593792799999 1.43771284089 0.0009765625
26.760324324300001 26.780108108099999 1.43700598156 1.4376593792800001 0.0009765625
26.780108108099999 26.7998918919 1.4369526476100001 1.43760598156 0.0009765625
26.7998918919 26.819675675700001 1.4368993773100001 1.43755264761 0.0009765625
26.819675675700001 26.839459459499999 1.43684617053 1.43749937731 0.0009765625
26.839459459499999 26.859243243200002 1.43679302717 1.4374461705299999 0.0009765625
26.859243243200002 26.879027026999999 1.43673994709 1.4373930271699999 0.0009765625
26.879027026999999 26.898810810800001 1.43668693017 1.4373399470899999 0.0009765625
26.898810810800001 26.918594594599998 1.4366339763 1.43728693017 0.0009765625
26.918594594599998 26.938378378399999 1.4365810853400001 1.4372339762999999 0.0009765625
26.938378378399999 26.958162162200001 1.43652825719 1.43718108534 0.0009765625
26.958162162200001 26.9779459459 1.43647549173 1.4371282571899999 0.0009765625
26.9779459459 26.997729729700001 1.4364227888200001 1.4370754917299999 0.0009765625
26.997729729700001 27.017513513499999 1.43637014836 1.43702278882 0.0009765625
27.017513513499999 27.0372972973 1.43631757023 1.4369701483599999 0.0009765625
27.0372972973 27.057081081100002 1.4362650543 1.4369175702300001 0.0009765625
27.057081081100002 27.076864864899999 1.43621260046 1.4368650543000001 0.0009765625
27.076864864899999 27.096648648599999 1.43616020859 1.4368126004599999 0.0009765625
27.096648648599999 27.1164324324 1.4361078785800001 1.43676020859 0.0009765625
27.1164324324 27.136216216200001 1.4360556103 1.43670787858 0.0009765625
27.136216216200001 27.155999999999999 1.43600340364 1.4366556103000001 0.0009765625
27.155999999999999 27.1757837838 1.43595125848 1.4366034036399999 0.0009765625
27.1757837838 27.195567567600001 1.4358991747100001 1.43655125848 0.0009765625
27.195567567600001 27.215351351399999 1.43584715221 1.43649917471 0.0009765625
27.215351351399999 27.235135135099998 1.43579519086 1.43644715221 0.0009765625
27.235135135099998 27.2549189189 1.4357432905500001 1.4363951908599999 0.0009765625
27.2549189189 27.274702702700001 1.4356914511700001 1.43634329055 0.0009765625
27.274702702700001 27.294486486499999 1.43563967259 1.43629145117 0.0009765625
27.294486486499999 27.3142702703 1.4355879547099999 1.43623967259 0.0009765625
27.3142702703 27.334054054100001 1.4355362974100001 1.43618795471 0.0009765625
27.334054054100001 27.3538378378 1.43548470057 1.43613629741 0.0009765625
27.3538378378 27.373621621600002 1.43543316409 1.4360847005699999 0.0009765625
27.373621621600002 27.393405405399999 1.4353816878400001 1.4360331640899999 0.0009765625
27.393405405399999 27.413189189200001 1.4353302717200001 1.43598168784 0.0009765625
27.413189189200001 27.432972972999998 1.4352789156200001 1.43593027172 0.0009765625
27.432972972999998 27.452756756799999 1.43522761942 1.43587891562 0.0009765625
27.452756756799999 27.472540540499999 1.4351763829999999 1.4358276194199999 0.0009765625
27.472540540499999 27.4923243243 1.43512520626 1.4357763830000001 0.0009765625
27.4923243243 27.512108108100001 1.43507408909 1.4357252062600001 0.0009765625
27.512108108100001 27.531891891899999 1.4350230313700001 1.4356740890899999 0.0009765625
27.531891891899999 27.5516756757 1.434972033 1.43562303137 0.0009765625
27.5516756757 27.571459459500002 1.4349210938600001 1.4355720329999999 0.0009765625
27.571459459500002 27.591243243200001 1.43487021383 1.43552109386 0.0009765625
27.591243243200001 27.611027026999999 1.4348193928299999 1.43547021383 0.0009765625
27.611027026999999 27.6308108108 1.43476863072 1.4354193928300001 0.0009765625
27.6308108108 27.650594594600001 1.4347179273999999 1.43536863072 0.0009765625
27.650594594600001 27.670378378399999 1.43466728277 1.4353179274000001 0.0009765625
27.670378378399999 27.6901621622 1.43461669672 1.4352672827699999 0.0009765625
27.6901621622 27.709945945899999 1.43456616912 1.43521669672 0.0009765625
27.709945945899999 27.729729729700001 1.4345156998899999 1.4351661691199999 0.0009765625
27.729729729700001 27.749513513499998 1.4344652889 1.4351156998900001 0.0009765625
27.749513513499998 27.7692972973 1.43441493606 1.4350652889 0.0009765625
27.7692972973 27.789081081100001 1.43436464124 1.43501493606 0.0009765625
27.789081081100001 27.808864864899999 1.43431440436 1.4349646412399999 0.0009765625
27.808864864899999 27.828648648600002 1.43426422529 1.43491440436 0.0009765625
27.828648648600002 27.848432432399999 1.43421410394 1.4348642252899999 0.0009765625
27.848432432399999 27.8682162162 1.43416404019 1.43481410394 0.0009765625
27.8682162162 27.888000000000002 1.43411403394 1.4347640401899999 0.0009765625
27.888000000000002 27.907783783799999 1.4340640850799999 1.43471403394 0.0009765625
27.907783783799999 27.927567567600001 1.4340141935099999 1.4346640850800001 0.0009765625
27.927567567600001 27.947351351399998 1.43396435912 1.4346141935100001 0.0009765625
27.947351351399998 27.967135135100001 1.4339145818100001 1.4345643591199999 0.0009765625
27.967135135100001 27.986918918899999 1.43386486147 1.43451458181 0.0009765625
27.986918918899999 28.0067027027 1.433815198 1.43446486147 0.0009765625
28.0067027027 28.026486486500001 1.4337655913 1.4344151979999999 0.0009765625
28.026486486500001 28.046270270299999 1.4337160412500001 1.4343655913 0.0009765625
28.046270270299999 28.0660540541 1.4336665477499999 1.43431604125 0.0009765625
28.0660540541 28.0858378378 1.43361711071 1.4342665477500001 0.0009765625
28.0858378378 28.105621621600001 1.43356773002 1.4342171107099999 0.0009765625
28.105621621600001 28.125405405399999 1.4335184055700001 1.43416773002 0.0009765625
28.125405405399999 28.1451891892 1.4334691372699999 1.43411840557 0.0009765625
28.1451891892 28.164972973000001 1.4334199249999999 1.4340691372700001 0.0009765625
28.164972973000001 28.184756756799999 1.4333707686799999 1.4340199250000001 0.0009765625
28.184756756799999 28.204540540499998 1.4333216681800001 1.4339707686800001 0.0009765625
28.204540540499998 28.224324324299999 1.4332726234299999 1.43392166818 0.0009765625
28.224324324299999 28.244108108100001 1.4332236343 1.4338726234300001 0.0009765625
28.244108108100001 28.263891891899998 1.43317470071 1.4338236342999999 0.0009765625
28.263891891899998 28.2836756757 1.4331258225400001 1.4337747007099999 0.0009765625
28.2836756757 28.303459459500001 1.4330769997099999 1.43372582254 0.0009765625
28.303459459500001 28.3232432432 1.4330282321100001 1.4336769997100001 0.0009765625
28.3232432432 28.343027027000002 1.4329795196299999 1.43362823211 0.0009765625
28.343027027000002 28.362810810799999 1.4329308621800001 1.4335795196300001 0.0009765625
28.362810810799999 28.3825945946 1.4328822596699999 1.43353086218 0.0009765625
28.3825945946 28.402378378400002 1.4328337119800001 1.4334822596700001 0.0009765625
28.402378378400002 28.422162162199999 1.4327852190199999 1.43343371198 0.0009765625
28.422162162199999 28.441945945899999 1.4327367807 1.43338521902 0.0009765625
28.441945945899999 28.4617297297 1.4326883968999999 1.4333367806999999 0.0009765625
28.4617297297 28.481513513500001 1.43264006755 1.4332883969000001 0.0009765625
28.481513513500001 28.501297297299999 1.43259179252 1.4332400675500001 0.0009765625
28.501297297299999 28.5210810811 1.4325435717399999 1.43319179252 0.0009765625
28.5210810811 28.540864864900001 1.4324954051000001 1.4331435717400001 0.0009765625
28.540864864900001 28.560648648600001 1.4324472925 1.4330954051 0.0009765625
28.560648648600001 28.580432432399999 1.43239923384 1.4330472925 0.0009765625
28.580432432399999 28.6002162162 1.43235122904 1.4329992338399999 0.0009765625
28.6002162162 28.620000000000001 1.43230327798 1.4329512290399999 0.0009765625
28.620000000000001 28.639783783799999 1.43225538058 1.4329032779799999 0.0009765625
28.639783783799999 28.6595675676 1.43220753674 1.4328553805799999 0.0009765625
28.6595675676 28.679351351400001 1.43215974637 1.4328075367399999 0.0009765625
28.679351351400001 28.699135135100001 1.4321120093599999 1.4327597463699999 0.0009765625
28.699135135100001 28.718918918899998 1.4320643256200001 1.4327120093600001 0.0009765625
28.718918918899998 28.738702702699999 1.43201669506 1.43266432562 0.0009765625
28.738702702699999 28.758486486500001 1.43196911758 1.4326166950599999 0.0009765625
28.758486486500001 28.778270270299998 1.43192159309 1.4325691175799999 0.0009765625
28.778270270299998 28.7980540541 1.4318741214899999 1.4325215930899999 0.0009765625
28.7980540541 28.817837837799999 1.43182670269 1.4324741214900001 0.0009765625
28.817837837799999 28.8376216216 1.43177933659 1.4324267026899999 0.0009765625
28.8376216216 28.857405405400002 1.4317320230999999 1.4323793365899999 0.0009765625
28.857405405400002 28.877189189199999 1.43168476212 1.4323320231000001 0.0009765625
28.877189189199999 28.896972973 1.4316375535700001 1.4322847621200001 0.0009765625
28.896972973 28.916756756800002 1.4315903973499999 1.43223755357 0.0009765625
28.916756756800002 28.936540540500001 1.4315432933600001 1.4321903973500001 0.0009765625
28.936540540500001 28.956324324299999 1.4314962415200001 1.43214329336 0.0009765625
28.956324324299999 28.9761081081 1.43144924172 1.43209624152 0.0009765625
28.9761081081 28.995891891900001 1.43140229389 1.4320492417199999 0.0009765625
28.995891891900001 29.015675675699999 1.43135539792 1.4320022938900001 0.0009765625
29.015675675699999 29.0354594595 1.4313085537300001 1.4319553979199999 0.0009765625
29.0354594595 29.0552432432 1.43126176122 1.43190855373 0.0009765625
29.0552432432 29.075027027000001 1.4312150203 1.43186176122 0.0009765625
29.075027027000001 29.094810810799999 1.4311683308800001 1.4318150203 0.0009765625
29.094810810799999 29.1145945946 1.4311216928699999 1.43176833088 0.0009765625
29.1145945946 29.134378378400001 1.43107510618 1.4317216928700001 0.0009765625
29.134378378400001 29.154162162199999 1.4310285707099999 1.4316751061799999 0.0009765625
29.154162162199999 29.173945945900002 1.43098208639 1.43162857071 0.0009765625
29.173945945900002 29.193729729699999 1.4309356531099999 1.43158208639 0.0009765625
29.193729729699999 29.213513513500001 1.4308892707900001 1.4315356531100001 0.0009765625
29.213513513500001 29.233297297299998 1.43084293934 1.43148927079 0.0009765625
29.233297297299998 29.253081081099999 1.4307966586700001 1.4314429393400001 0.0009765625
29.253081081099999 29.272864864900001 1.4307504286799999 1.43139665867 0.0009765625
29.272864864900001 29.2926486486 1.4307042493 1.4313504286800001 0.0009765625
29.2926486486 29.312432432400001 1.43065812043 1.4313042493000001 0.0009765625
29.312432432400001 29.332216216199999 1.4306120419799999 1.4312581204299999 0.0009765625
29.332216216199999 29.352 1.43056601387 1.4312120419800001 0.0009765625
29.352 29.371783783800002 1.4305200360000001 1.43116601387 0.0009765625
29.371783783800002 29.391567567599999 1.4304741083000001 1.431120036 0.0009765625
29.391567567599999 29.4113513514 1.43042823066 1.4310741083 0.0009765625
29.4113513514 29.4311351351 1.4303824030100001 1.43102823066 0.0009765625
29.4311351351 29.450918918900001 1.43033662525 1.43098240301 0.0009765625
29.450918918900001 29.470702702699999 1.4302908973099999 1.43093662525 0.0009765625
29.470702702699999 29.4904864865 1.4302452190799999 1.4308908973100001 0.0009765625
29.4904864865 29.510270270300001 1.43019959049 1.4308452190800001 0.0009765625
29.510270270300001 29.530054054099999 1.43015401145 1.4307995904899999 0.0009765625
29.530054054099999 29.549837837799998 1.4301084818800001 1.4307540114499999 0.0009765625
29.549837837799998 29.5696216216 1.43006300168 1.43070848188 0.0009765625
29.5696216216 29.589405405400001 1.43001757077 1.4306630016799999 0.0009765625
29.589405405400001 29.609189189199999 1.4299721890699999 1.43061757077 0.0009765625
29.609189189199999 29.628972973 1.4299268564900001 1.4305721890700001 0.0009765625
29.628972973 29.648756756800001 1.4298815729500001 1.43052685649 0.0009765625
29.648756756800001 29.6685405405 1.4298363383499999 1.43048157295 0.0009765625
29.6685405405 29.688324324300002 1.42979115262 1.4304363383500001 0.0009765625
29.688324324300002 29.708108108099999 1.4297460156699999 1.4303911526199999 0.0009765625
29.708108108099999 29.727891891900001 1.4297009274200001 1.4303460156700001 0.0009765625
29.727891891900001 29.747675675699998 1.4296558877800001 1.43030092742 0.0009765625
29.747675675699998 29.767459459499999 1.4296108966700001 1.43025588778 0.0009765625
29.767459459499999 29.787243243199999 1.4295659540000001 1.43021089667 0.0009765625
29.787243243199999 29.807027027 1.4295210597000001 1.430165954 0.0009765625
29.807027027 29.826810810800001 1.4294762136700001 1.4301210597 0.0009765625
29.826810810800001 29.846594594599999 1.4294314158400001 1.43007621367 0.0009765625
29.846594594599999 29.8663783784 1.4293866661100001 1.43003141584 0.0009765625
29.8663783784 29.886162162200002 1.4293419644200001 1.42998666611 0.0009765625
29.886162162200002 29.905945945900001 1.42929731067 1.42994196442 0.0009765625
29.905945945900001 29.925729729699999 1.4292527047900001 1.4298973106699999 0.0009765625
29.925729729699999 29.9455135135 1.42920814669 1.42985270479 0.0009765625
29.9455135135 29.965297297300001 1.42916363628 1.4298081466899999 0.0009765625
29.965297297300001 29.985081081099999 1.4291191735 1.4297636362799999 0.0009765625
29.985081081099999 30.0048648649 1.4290747582500001 1.4297191735000001 0.0009765625
30.0048648649 30.024648648599999 1.4290303904499999 1.42967475825 0.0009765625
30.024648648599999 30.044432432400001 1.4289860700300001 1.4296303904500001 0.0009765625
30.044432432400001 30.064216216199998 1.42894179691 1.42958607003 0.0009765625
30.064216216199998 30.084 1.42889757099 1.4295417969099999 0.0009765625
30.084 30.103783783800001 1.4288533922 1.42949757099 0.0009765625
30.103783783800001 30.123567567599999 1.42880926047 1.4294533921999999 0.0009765625
30.123567567599999 30.1433513514 1.4287651757099999 1.4294092604699999 0.0009765625
30.1433513514 30.163135135099999 1.42872113783 1.4293651757100001 0.0009765625
30.163135135099999 30.1829189189 1.4286771467699999 1.4293211378299999 0.0009765625
30.1829189189 30.202702702700002 1.4286332024299999 1.4292771467700001 0.0009765625
30.202702702700002 30.222486486499999 1.42858930475 1.4292332024300001 0.0009765625
30.222486486499999 30.242270270300001 1.42854545364 1.4291893047499999 0.0009765625
30.242270270300001 30.262054054099998 1.42850164903 1.4291454536399999 0.0009765625
30.262054054099998 30.281837837800001 1.4284578908200001 1.4291016490299999 0.0009765625
30.281837837800001 30.301621621599999 1.42841417895 1.42905789082 0.0009765625
30.301621621599999 30.3214054054 1.42837051334 1.4290141789499999 0.0009765625
30.3214054054 30.341189189200001 1.42832689391 1.4289705133399999 0.0009765625
30.341189189200001 30.360972972999999 1.4282833205700001 1.4289268939099999 0.0009765625
30.360972972999999 30.3807567568 1.4282397932599999 1.42888332057 0.0009765625
30.3807567568 30.4005405405 1.4281963118900001 1.4288397932600001 0.0009765625
30.4005405405 30.420324324300001 1.42815287639 1.42879631189 0.0009765625
30.420324324300001 30.440108108099999 1.4281094866799999 1.4287528763899999 0.0009765625
30.440108108099999 30.4598918919 1.4280661426800001 1.4287094866800001 0.0009765625
30.4598918919 30.479675675700001 1.42802284431 1.42866614268 0.0009765625
30.479675675700001 30.499459459499999 1.4279795915 1.42862284431 0.0009765625
30.499459459499999 30.519243243199998 1.4279363841699999 1.4285795914999999 0.0009765625
30.519243243199998 30.539027026999999 1.42789322225 1.4285363841700001 0.0009765625
30.539027026999999 30.558810810800001 1.4278501056499999 1.42849322225 0.0009765625
30.558810810800001 30.578594594599998 1.42780703431 1.4284501056500001 0.0009765625
30.578594594599998 30.5983783784 1.42776400814 1.4284070343099999 0.0009765625
30.5983783784 30.618162162200001 1.42772102707 1.42836400814 0.0009765625
30.618162162200001 30.6379459459 1.42767809102 1.42832102707 0.0009765625
30.6379459459 30.657729729700002 1.4276351999300001 1.4282780910199999 0.0009765625
30.657729729700002 30.677513513499999 1.4275923536999999 1.42823519993 0.0009765625
30.677513513499999 30.6972972973 1.4275495522799999 1.4281923537000001 0.0009765625
30.6972972973 30.717081081100002 1.42750679557 1.4281495522700001 0.0009765625
30.717081081100002 30.736864864899999 1.4274640835200001 1.42810679557 0.0009765625
30.736864864899999 30.756648648599999 1.4274214160400001 1.42806408352 0.0009765625
30.756648648599999 30.7764324324 1.4273787930499999 1.42802141604 0.0009765625
30.7764324324 30.796216216200001 1.4273362144999999 1.4279787930500001 0.0009765625
30.796216216200001 30.815999999999999 1.42729368029 1.4279362145000001 0.0009765625
30.815999999999999 30.8357837838 1.42725119036 1.42789368029 0.0009765625
30.8357837838 30.855567567600001 1.4272087446299999 1.42785119036 0.0009765625
30.855567567600001 30.875351351399999 1.4271663430299999 1.4278087446300001 0.0009765625
30.875351351399999 30.895135135099999 1.42712398549 1.4277663430300001 0.0009765625
30.895135135099999 30.9149189189 1.4270816719299999 1.4277239854899999 0.0009765625
30.9149189189 30.934702702700001 1.4270394022799999 1.4276816719300001 0.0009765625
30.934702702700001 30.954486486499999 1.42699717647 1.4276394022800001 0.0009765625
30.954486486499999 30.9742702703 1.42695499442 1.42759717647 0.0009765625
30.9742702703 30.994054054100001 1.42691285606 1.4275549944199999 0.0009765625
30.994054054100001 31.013837837800001 1.42687076132 1.4275128560599999 0.0009765625
31.013837837800001 31.033621621599998 1.4268287101299999 1.4274707613199999 0.0009765625
31.033621621599998 31.053405405399999 1.4267867024100001 1.4274287101300001 0.0009765625
31.053405405399999 31.073189189200001 1.42674473809 1.42738670241 0.0009765625
31.073189189200001 31.092972972999998 1.42670281711 1.42734473809 0.0009765625
31.092972972999998 31.1127567568 1.42666093938 1.42730281711 0.0009765625
31.1127567568 31.132540540499999 1.4268191048400001 1.42706093938 0.0009765625
31.132540540499999 31.1523243243 1.4267773134199999 1.4270191048400001 0.0009765625
31.1523243243 31.172108108100002 1.42673556504 1.4269773134199999 0.0009765625
31.172108108100002 31.191891891899999 1.4266938596400001 1.42693556504 0.0009765625
31.191891891899999 31.2116756757 1.4266521971399999 1.42689385964 0.0009765625
31.2116756757 31.231459459500002 1.42661057747 1.4268521971399999 0.0009765625
31.231459459500002 31.251243243200001 1.42656900057 1.42681057747 0.0009765625
31.251243243200001 31.271027026999999 1.4265274663600001 1.42676900057 0.0009765625
31.271027026999999 31.2908108108 1.4264859747700001 1.42672746636 0.0009765625
31.2908108108 31.310594594600001 1.42644452573 1.42668597477 0.0009765625
31.310594594600001 31.330378378399999 1.42640311917 1.42664452573 0.0009765625
31.330378378399999 31.3501621622 1.4263617550300001 1.4266031191699999 0.0009765625
31.3501621622 31.3699459459 1.4263204332299999 1.42656175503 0.0009765625
31.3699459459 31.389729729700001 1.4262791536999999 1.4265204332300001 0.0009765625
31.389729729700001 31.409513513499999 1.4262379163700001 1.4264791536999999 0.0009765625
31.409513513499999 31.4292972973 1.42619672119 1.4264379163700001 0.0009765625
31.4292972973 31.449081081100001 1.42615556806 1.4263967211899999 0.0009765625
31.449081081100001 31.468864864899999 1.4261144569399999 1.42635556806 0.0009765625
31.468864864899999 31.488648648600002 1.42607338775 1.4263144569399999 0.0009765625
31.488648648600002 31.508432432399999 1.42603236041 1.42627338775 0.0009765625
31.508432432399999 31.528216216200001 1.4259913748699999 1.42623236041 0.0009765625
31.528216216200001 31.547999999999998 1.42595043105 1.4261913748699999 0.0009765625
31.547999999999998 31.567783783799999 1.4259095288900001 1.4261504310499999 0.0009765625
31.567783783799999 31.587567567600001 1.4258686683199999 1.4261095288900001 0.0009765625
31.587567567600001 31.607351351399998 1.4258278492700001 1.4260686683199999 0.0009765625
31.607351351399998 31.627135135100001 1.4257870716700001 1.42602784927 0.0009765625
31.627135135100001 31.646918918899999 1.42574633546 1.4259870716700001 0.0009765625
31.646918918899999 31.6667027027 1.4257056405599999 1.4259463354599999 0.0009765625
31.6667027027 31.686486486500002 1.42566498692 1.4259056405599999 0.0009765625
31.686486486500002 31.706270270299999 1.4256243744599999 1.42586498692 0.0009765625
31.706270270299999 31.7260540541 1.4255838031200001 1.4258243744600001 0.0009765625
31.7260540541 31.7458378378 1.4255432728399999 1.4257838031200001 0.0009765625
31.7458378378 31.765621621600001 1.42550278353 1.4257432728399999 0.0009765625
31.765621621600001 31.785405405399999 1.42546233515 1.42570278353 0.0009765625
31.785405405399999 31.8051891892 1.42542192762 1.42566233515 0.0009765625
31.8051891892 31.824972973000001 1.42538156088 1.42562192762 0.0009765625
31.824972973000001 31.844756756799999 1.4253412348500001 1.42558156088 0.0009765625
31.844756756799999 31.864540540499998 1.42530094948 1.4255412348500001 0.0009765625
31.864540540499998 31.8843243243 1.4252607047000001 1.4255009494799999 0.0009765625
31.8843243243 31.904108108100001 1.4252905004500001 1.4253907047000001 0.0009765625
31.904108108100001 31.923891891899999 1.42525033665 1.42535050045 0.0009765625
31.923891891899999 31.9436756757 1.42521021325 1.42531033665 0.0009765625
31.9436756757 31.963459459500001 1.4251701301799999 1.4252702132499999 0.0009765625
31.963459459500001 31.9832432432 1.4251300873699999 1.4252301301800001 0.0009765625
31.9832432432 32.003027027000002 1.4250900847600001 1.4251900873700001 0.0009765625
32.003027027000002 32.022810810800003 1.4250501222800001 1.42515008476 0.0009765625
32.022810810800003 32.042594594599997 1.42501019988 1.42511012228 0.0009765625
32.042594594599997 32.062378378399998 1.4249703174799999 1.4250701998799999 0.0009765625
32.062378378399998 32.082162162199999 1.4249504750199999 1.42501031748 0.0009765625
32.082162162199999 32.101945945899999 1.42491067244 1.4249704750200001 0.0009765625
32.101945945899999 32.111837837800003 1.4248707860800001 1.4249506724400001 0.0009765625
32.111837837800003 32.1217297297 1.4248509096699999 1.42493078608 0.0009765625
32.1217297297 32.131621621599997 1.4248310432 1.4249109096699999 0.0009765625
32.131621621599997 32.141513513500001 1.42481118666 1.4248910431999999 0.0009765625
32.141513513500001 32.151405405399998 1.4247913400400001 1.4248711866599999 0.0009765625
32.151405405399998 32.161297297300003 1.4247715033299999 1.42485134004 0.0009765625
32.161297297300003 32.1711891892 1.4247516765299999 1.4248315033300001 0.0009765625
32.1711891892 32.181081081099997 1.42473185962 1.4248116765300001 0.0009765625
32.181081081099997 32.190972973000001 1.42473205261 1.4247718596200001 0.0009765625
32.190972973000001 32.200864864899998 1.42471225548 1.4247520526099999 0.0009765625
32.200864864899998 32.210756756800002 1.42469246822 1.4247322554799999 0.0009765625
32.210756756800002 32.220648648599997 1.42468169083 1.4247034682199999 0.0009765625
32.220648648599997 32.225594594599997 1.42464280583 1.4247126908300001 0.0009765625
32.225594594599997 32.230540540500002 1.4246329232999999 1.42470280583 0.0009765625
32.230540540500002 32.235486486500001 1.42462304322 1.4246929233000001 0.0009765625
32.235486486500001 32.240432432399999 1.42463316561 1.42466304322 0.0009765625
32.240432432399999 32.245378378399998 1.42462329047 1.4246531656100001 0.0009765625
32.245378378399998 32.250324324300003 1.4246134177800001 1.4246432904699999 0.0009765625
32.250324324300003 32.255270270300002 1.4246035475500001 1.42463341778 0.0009765625
32.255270270300002 32.2602162162 1.4245936797700001 1.42462354755 0.0009765625
32.2602162162 32.265162162199999 1.42458381446 1.42461367977 0.0009765625
32.265162162199999 32.270108108099997 1.4245829515999999 1.42459481446 0.0009765625
32.270108108099997 32.275054054100003 1.4245730911900001 1.4245849516 0.0009765625
32.275054054100003 32.277527026999998 1.42455916191 1.4245840911900001 0.0009765625
32.277527026999998 32.280000000000001 1.4245542332400001 1.4245791619099999 0.0009765625
