# Direct counterexample,  d = 5:   C(p) > 0 for every p in [32.38, 100]
claim 5 5 32.379999999999995 100 +
# p1 p2 lambda1 lambda2 tau0
32.379999999999995 32.384972058800003 1.4243455863900001 1.4243754442700001 0.0009765625
32.384972058800003 32.389944117600002 1.42433573097 1.42436558639 0.0009765625
32.389944117600002 32.394916176499997 1.4243258780000001 1.4243557309699999 0.0009765625
32.394916176499997 32.399888235299997 1.42431602749 1.424345878 0.0009765625
32.399888235299997 32.404860294099997 1.42430617944 1.4243360274900001 0.0009765625
32.404860294099997 32.409832352899997 1.42427633384 1.4243461794400001 0.0009765625
32.409832352899997 32.414804411799999 1.42426649069 1.4243363338399999 0.0009765625
32.414804411799999 32.419776470599999 1.42425664999 1.4243264906899999 0.0009765625
32.419776470599999 32.429720588199999 1.42426597596 1.4242876499899999 0.0009765625
32.429720588199999 32.4396647059 1.42423731171 1.42427697596 0.0009765625
32.4396647059 32.4496088235 1.42421765726 1.4242573117099999 0.0009765625
32.4496088235 32.459552941200002 1.42419801259 1.42423765726 0.0009765625
32.459552941200002 32.469497058800002 1.42415837769 1.42423801259 0.0009765625
32.469497058800002 32.479441176500004 1.42413875256 1.4242183776899999 0.0009765625
32.479441176500004 32.489385294100003 1.4241191371899999 1.4241987525599999 0.0009765625
32.489385294100003 32.499329411799998 1.42409953157 1.4241791371900001 0.0009765625
32.499329411799998 32.509273529399998 1.42407993568 1.42415953157 0.0009765625
32.509273529399998 32.5192176471 1.4240603495399999 1.42413993568 0.0009765625
32.5192176471 32.5291617647 1.42404077312 1.4241203495400001 0.0009765625
32.5291617647 32.539105882400001 1.42402120642 1.4241007731199999 0.0009765625
32.539105882400001 32.558994117600001 1.42400210214 1.42406120642 0.0009765625
32.558994117600001 32.578882352900003 1.42396303665 1.4240221021399999 0.0009765625
32.578882352900003 32.598770588199997 1.42390400988 1.4240030366500001 0.0009765625
32.598770588199997 32.618658823499999 1.42386502178 1.4239640098799999 0.0009765625
32.618658823499999 32.6385470588 1.42382607227 1.4239250217799999 0.0009765625
32.6385470588 32.658435294100002 1.4237871613099999 1.42388607227 0.0009765625
32.658435294100002 32.678323529399997 1.4237482888199999 1.4238471613100001 0.0009765625
32.678323529399997 32.698211764699998 1.42370945475 1.4238082888200001 0.0009765625
32.698211764699998 32.7181 1.4236706590299999 1.4237694547499999 0.0009765625
32.7181 32.737988235300001 1.4236319016100001 1.4237306590300001 0.0009765625
32.737988235300001 32.757876470600003 1.4235931824300001 1.42369190161 0.0009765625
32.757876470600003 32.777764705899997 1.4234845014199999 1.4237231824300001 0.0009765625
32.777764705899997 32.797652941199999 1.4234458585300001 1.4236845014199999 0.0009765625
32.797652941199999 32.817541176500001 1.42340725369 1.42364585853 0.0009765625
32.817541176500001 32.837429411800002 1.42336868685 1.42360725369 0.0009765625
32.837429411800002 32.857317647099997 1.42333015794 1.4235686868499999 0.0009765625
32.857317647099997 32.877205882399998 1.42329166691 1.4235301579399999 0.0009765625
32.877205882399998 32.897094117599998 1.42325321369 1.42349166691 0.0009765625
32.897094117599998 32.9169823529 1.4232147982400001 1.42345321369 0.0009765625
32.9169823529 32.936870588200001 1.4231764204699999 1.4234147982400001 0.0009765625
32.936870588200001 32.956758823500003 1.42313808035 1.4233764204699999 0.0009765625
32.956758823500003 32.976647058799998 1.4230997778100001 1.42333808035 0.0009765625
32.976647058799998 32.996535294099999 1.4230615127899999 1.4232997778100001 0.0009765625
32.996535294099999 33.016423529400001 1.42302328523 1.4232615127899999 0.0009765625
33.016423529400001 33.036311764700002 1.42298509507 1.42322328523 0.0009765625
33.036311764700002 33.056199999999997 1.4229469422600001 1.42318509507 0.0009765625
33.056199999999997 33.076088235299999 1.4229088267300001 1.42314694226 0.0009765625
33.076088235299999 33.0959764706 1.4228707484300001 1.4231088267300001 0.0009765625
33.0959764706 33.115864705900002 1.42283270731 1.42307074843 0.0009765625
33.115864705900002 33.135752941200003 1.4227947032899999 1.42303270731 0.0009765625
33.135752941200003 33.155641176499998 1.42275673633 1.4229947032900001 0.0009765625
33.155641176499998 33.175529411799999 1.42271880636 1.42295673633 0.0009765625
33.175529411799999 33.195417647100001 1.42268091334 1.42291880636 0.0009765625
33.195417647100001 33.215305882400003 1.4226430571899999 1.42288091334 0.0009765625
33.215305882400003 33.235194117600003 1.42260523787 1.4228430571899999 0.0009765625
33.235194117600003 33.255082352899997 1.4225674553200001 1.42280523787 0.0009765625
33.255082352899997 33.274970588199999 1.42252970947 1.42276745532 0.0009765625
33.274970588199999 33.2948588235 1.4224920002799999 1.42272970947 0.0009765625
33.2948588235 33.314747058800002 1.4224543276899999 1.4226920002800001 0.0009765625
33.314747058800002 33.334635294100003 1.4224166916300001 1.4226543276900001 0.0009765625
33.334635294100003 33.354523529399998 1.4223790920499999 1.42261669163 0.0009765625
33.354523529399998 33.3744117647 1.4223415289100001 1.4225790920500001 0.0009765625
33.3744117647 33.394300000000001 1.42230400213 1.4225415289100001 0.0009765625
33.394300000000001 33.414188235300003 1.42226651166 1.4225040021299999 0.0009765625
33.414188235300003 33.434076470599997 1.4222290574500001 1.4224665116599999 0.0009765625
33.434076470599997 33.453964705899999 1.42219163944 1.42242905745 0.0009765625
33.453964705899999 33.473852941200001 1.4221542575799999 1.42239163944 0.0009765625
33.473852941200001 33.493741176500002 1.4221169118100001 1.4223542575799999 0.0009765625
33.493741176500002 33.513629411799997 1.4220796020699999 1.4223169118100001 0.0009765625
33.513629411799997 33.533517647099998 1.4220423283100001 1.4222796020699999 0.0009765625
33.533517647099998 33.5534058824 1.4220050904699999 1.4222423283100001 0.0009765625
33.5534058824 33.5732941176 1.4219678885 1.4222050904700001 0.0009765625
33.5732941176 33.593182352900001 1.42193072234 1.4221678885 0.0009765625
33.593182352900001 33.613070588200003 1.42189359194 1.4221307223399999 0.0009765625
33.613070588200003 33.632958823499997 1.4218564972400001 1.42209359194 0.0009765625
33.632958823499997 33.652847058799999 1.42161943818 1.42225649724 0.0009765625
33.652847058799999 33.672735294100001 1.42158241472 1.42221943818 0.0009765625
33.672735294100001 33.692623529400002 1.4215454268000001 1.42218241472 0.0009765625
33.692623529400002 33.712511764699997 1.4215084743599999 1.4221454268 0.0009765625
33.712511764699997 33.732399999999998 1.4214715573600001 1.4221084743600001 0.0009765625
33.732399999999998 33.7522882353 1.42143467572 1.42207155736 0.0009765625
33.7522882353 33.772176470600002 1.42139782941 1.42203467572 0.0009765625
33.772176470600002 33.792064705900003 1.4213610183600001 1.42199782941 0.0009765625
33.792064705900003 33.811952941199998 1.4213242425299999 1.42196101836 0.0009765625
33.811952941199998 33.831841176499999 1.42128750185 1.42192424253 0.0009765625
33.831841176499999 33.851729411800001 1.4212507962800001 1.4218875018499999 0.0009765625
33.851729411800001 33.871617647100003 1.4212141257699999 1.42185079628 0.0009765625
33.871617647100003 33.891505882399997 1.4211774902500001 1.4218141257700001 0.0009765625
33.891505882399997 33.911394117599997 1.42114088967 1.42177749025 0.0009765625
33.911394117599997 33.931282352899999 1.4211043239900001 1.4217408896699999 0.0009765625
33.931282352899999 33.9511705882 1.42106779314 1.42170432399 0.0009765625
33.9511705882 33.971058823500002 1.4210312970800001 1.4216677931399999 0.0009765625
33.971058823500002 33.990947058800003 1.42099483576 1.42163129708 0.0009765625
33.990947058800003 34.010835294099998 1.42095840911 1.4215948357599999 0.0009765625
34.010835294099998 34.030723529399999 1.4209220170900001 1.42155840911 0.0009765625
34.030723529399999 34.050611764700001 1.4208856596499999 1.42152201709 0.0009765625
34.050611764700001 34.070500000000003 1.4208493367199999 1.4214856596500001 0.0009765625
34.070500000000003 34.090388235299997 1.4208130482700001 1.4214493367200001 0.0009765625
34.090388235299997 34.110276470599999 1.42077679423 1.42141304827 0.0009765625
34.110276470599999 34.1301647059 1.4207405745599999 1.42137679423 0.0009765625
34.1301647059 34.150052941200002 1.42070438921 1.4213405745600001 0.0009765625
34.150052941200002 34.169941176499997 1.42066823811 1.4213043892099999 0.0009765625
34.169941176499997 34.189829411799998 1.4206321212199999 1.4212682381099999 0.0009765625
34.189829411799998 34.2097176471 1.4205960385 1.4212321212200001 0.0009765625
34.2097176471 34.229605882400001 1.4205599898700001 1.4211960385 0.0009765625
34.229605882400001 34.249494117600001 1.4205239753100001 1.42115998987 0.0009765625
34.249494117600001 34.269382352900003 1.42048799474 1.42112397531 0.0009765625
34.269382352900003 34.289270588199997 1.42045204813 1.4210879947399999 0.0009765625
34.289270588199997 34.309158823499999 1.42041613542 1.42105204813 0.0009765625
34.309158823499999 34.329047058800001 1.4203802565600001 1.4210161354199999 0.0009765625
34.329047058800001 34.348935294100002 1.4203444114999999 1.42098025656 0.0009765625
34.348935294100002 34.368823529399997 1.42030860019 1.4209444115000001 0.0009765625
34.368823529399997 34.388711764699998 1.4202728225700001 1.42090860019 0.0009765625
34.388711764699998 34.4086 1.4202370786 1.42087282257 0.0009765625
34.4086 34.428488235300001 1.4202013682300001 1.4208370786 0.0009765625
34.428488235300001 34.448376470600003 1.42016569141 1.42080136823 0.0009765625
34.448376470600003 34.468264705899998 1.4201300480800001 1.42076569141 0.0009765625
34.468264705899998 34.488152941199999 1.42009443819 1.42073004808 0.0009765625
34.488152941199999 34.508041176500001 1.4200588617000001 1.42069443819 0.0009765625
34.508041176500001 34.527929411800002 1.42002331855 1.4206588617 0.0009765625
34.527929411800002 34.547817647099997 1.41998780871 1.4206233185499999 0.0009765625
34.547817647099997 34.567705882399999 1.4199523321 1.4205878087099999 0.0009765625
34.567705882399999 34.587594117599998 1.41991688869 1.4205523321 0.0009765625
34.587594117599998 34.6074823529 1.41988147843 1.4205168886899999 0.0009765625
34.6074823529 34.627370588200002 1.4198461012700001 1.4204814784299999 0.0009765625
34.627370588200002 34.647258823500003 1.41981075715 1.42044610127 0.0009765625
34.647258823500003 34.667147058799998 1.4197754460300001 1.42041075715 0.0009765625
34.667147058799998 34.687035294099999 1.4197401678599999 1.42037544603 0.0009765625
34.687035294099999 34.706923529400001 1.41970492259 1.4203401678600001 0.0009765625
34.706923529400001 34.726811764700003 1.41966971017 1.42030492259 0.0009765625
34.726811764700003 34.746699999999997 1.41963453055 1.4202697101699999 0.0009765625
34.746699999999997 34.766588235299999 1.41959938368 1.4202345305499999 0.0009765625
34.766588235299999 34.7864764706 1.4195642695199999 1.42019938368 0.0009765625
34.7864764706 34.806364705900002 1.4195291880200001 1.4201642695200001 0.0009765625
34.806364705900002 34.826252941200003 1.41949413912 1.42012918802 0.0009765625
34.826252941200003 34.846141176499998 1.41945912279 1.4200941391199999 0.0009765625
34.846141176499998 34.8660294118 1.41942413896 1.4200591227899999 0.0009765625
34.8660294118 34.885917647100001 1.4193891876 1.4200241389599999 0.0009765625
34.885917647100001 34.905805882400003 1.41935426865 1.4199891875999999 0.0009765625
34.905805882400003 34.925694117600003 1.4193193820600001 1.41995426865 0.0009765625
34.925694117600003 34.945582352899997 1.4192845277999999 1.41991938206 0.0009765625
34.945582352899997 34.965470588199999 1.4192497058 1.4198845278000001 0.0009765625
34.965470588199999 34.9853588235 1.4192149160300001 1.4198497057999999 0.0009765625
34.9853588235 35.005247058800002 1.4191801584399999 1.41981491603 0.0009765625
35.005247058800002 35.025135294099996 1.41914543297 1.4197801584400001 0.0009765625
35.025135294099996 35.045023529399998 1.41911073959 1.4197454329700001 0.0009765625
35.045023529399998 35.0649117647 1.41907607823 1.4197107395899999 0.0009765625
35.0649117647 35.084800000000001 1.4190414488700001 1.41967607823 0.0009765625
35.084800000000001 35.104688235300003 1.41900685144 1.41964144887 0.0009765625
35.104688235300003 35.124576470599997 1.41897228591 1.41960685144 0.0009765625
35.124576470599997 35.144464705899999 1.41893775222 1.41957228591 0.0009765625
35.144464705899999 35.164352941200001 1.4189032503200001 1.4195377522199999 0.0009765625
35.164352941200001 35.184241176500002 1.41886878018 1.41950325032 0.0009765625
35.184241176500002 35.204129411799997 1.41883434175 1.4194687801799999 0.0009765625
35.204129411799997 35.224017647099998 1.41879993497 1.4194343417499999 0.0009765625
35.224017647099998 35.2439058824 1.41876555981 1.4193999349699999 0.0009765625
35.2439058824 35.2637941176 1.4187312162100001 1.4193655598099999 0.0009765625
35.2637941176 35.283682352900001 1.4186969041299999 1.41933121621 0.0009765625
35.283682352900001 35.303570588200003 1.4186626235199999 1.4192969041300001 0.0009765625
35.303570588200003 35.323458823499998 1.4186283743400001 1.4192626235200001 0.0009765625
35.323458823499998 35.343347058799999 1.41859415655 1.41922837434 0.0009765625
35.343347058799999 35.363235294100001 1.41855997008 1.4191941565499999 0.0009765625
35.363235294100001 35.383123529400002 1.41852581491 1.4191599700799999 0.0009765625
35.383123529400002 35.403011764699997 1.4184916909800001 1.4191258149099999 0.0009765625
35.403011764699997 35.422899999999998 1.4184575982500001 1.41909169098 0.0009765625
35.422899999999998 35.4427882353 1.41842353667 1.41905759825 0.0009765625
35.4427882353 35.462676470600002 1.4183895062 1.4190235366699999 0.0009765625
35.462676470600002 35.482564705900003 1.41835550679 1.4189895062 0.0009765625
35.482564705900003 35.502452941199998 1.4183215384000001 1.4189555067899999 0.0009765625
35.502452941199998 35.522341176499999 1.4182876009800001 1.4189215384 0.0009765625
35.522341176499999 35.542229411800001 1.4182536944799999 1.41888760098 0.0009765625
35.542229411800001 35.562117647100003 1.4182198188699999 1.4188536944800001 0.0009765625
35.562117647100003 35.582005882399997 1.41818597409 1.4188198188700001 0.0009765625
35.582005882399997 35.601894117599997 1.41815216011 1.41878597409 0.0009765625
35.601894117599997 35.621782352899999 1.4181183768700001 1.4187521601099999 0.0009765625
35.621782352899999 35.6416705882 1.41808462433 1.41871837687 0.0009765625
35.6416705882 35.661558823500002 1.4180509024600001 1.41868462433 0.0009765625
35.661558823500002 35.681447058800003 1.41801721119 1.41865090246 0.0009765625
35.681447058800003 35.701335294099998 1.4179835505 1.4186172111899999 0.0009765625
35.701335294099998 35.7212235294 1.4179499203299999 1.4185835505 0.0009765625
35.7212235294 35.741111764700001 1.4179163206400001 1.41854992033 0.0009765625
35.741111764700001 35.761000000000003 1.4178827513900001 1.41851632064 0.0009765625
35.761000000000003 35.780888235299997 1.41784921253 1.41848275139 0.0009765625
35.780888235299997 35.800776470599999 1.4178157040199999 1.4184492125299999 0.0009765625
35.800776470599999 35.820664705900001 1.4177822258199999 1.4184157040200001 0.0009765625
35.820664705900001 35.840552941200002 1.41774877788 1.4183822258200001 0.0009765625
35.840552941200002 35.860441176499997 1.4177153601500001 1.4183487778799999 0.0009765625
35.860441176499997 35.880329411799998 1.4176819726000001 1.41831536015 0.0009765625
35.880329411799998 35.9002176471 1.4176486151800001 1.4182819726 0.0009765625
35.9002176471 35.920105882400001 1.4176152878399999 1.41824861518 0.0009765625
35.920105882400001 35.939994117600001 1.41758199056 1.4182152878400001 0.0009765625
35.939994117600001 35.959882352900003 1.4175487232699999 1.4181819905599999 0.0009765625
35.959882352900003 35.979770588199997 1.4175154859400001 1.4181487232700001 0.0009765625
35.979770588199997 35.999658823499999 1.4174822785200001 1.41811548594 0.0009765625
35.999658823499999 36.019547058800001 1.4174491009800001 1.41808227852 0.0009765625
36.019547058800001 36.039435294100002 1.4174159532599999 1.41804910098 0.0009765625
36.039435294100002 36.059323529399997 1.41738283533 1.4180159532600001 0.0009765625
36.059323529399997 36.079211764699998 1.4173497471500001 1.4179828353299999 0.0009765625
36.079211764699998 36.0991 1.4173166886599999 1.41794974715 0.0009765625
36.0991 36.118988235300002 1.41728365983 1.4179166886600001 0.0009765625
36.118988235300002 36.138876470600003 1.4172506606199999 1.41788365983 0.0009765625
36.138876470600003 36.158764705899998 1.4172176909900001 1.4178506606200001 0.0009765625
36.158764705899998 36.178652941199999 1.41718475088 1.41781769099 0.0009765625
36.178652941199999 36.198541176500001 1.4171518402600001 1.4177847508800001 0.0009765625
36.198541176500001 36.218429411800003 1.41711895909 1.41775184026 0.0009765625
36.218429411800003 36.238317647099997 1.4170861073300001 1.4177189590899999 0.0009765625
36.238317647099997 36.258205882399999 1.4170532849299999 1.41768610733 0.0009765625
36.258205882399999 36.278094117599998 1.41702049185 1.4176532849300001 0.0009765625
36.278094117599998 36.2979823529 1.4169877280400001 1.4176204918499999 0.0009765625
36.2979823529 36.317870588200002 1.4169549934800001 1.41758772804 0.0009765625
36.317870588200002 36.337758823500003 1.4169222881100001 1.41755499348 0.0009765625
36.337758823500003 36.357647058799998 1.4168896119000001 1.41752228811 0.0009765625
36.357647058799998 36.377535294099999 1.4168569648 1.4174896119 0.0009765625
36.377535294099999 36.397423529400001 1.4168243467699999 1.4174569647999999 0.0009765625
36.397423529400001 36.417311764700003 1.41679175777 1.4174243467700001 0.0009765625
36.417311764700003 36.437199999999997 1.41675919776 1.4173917577699999 0.0009765625
36.437199999999997 36.457088235299999 1.4167266667 1.41735919776 0.0009765625
36.457088235299999 36.4769764706 1.41669416455 1.4173266667 0.0009765625
36.4769764706 36.496864705900002 1.4166616912600001 1.4172941645499999 0.0009765625
36.496864705900002 36.516752941199996 1.4166292467999999 1.41726169126 0.0009765625
36.516752941199996 36.536641176499998 1.4165968311199999 1.4172292468000001 0.0009765625
36.536641176499998 36.5565294118 1.41656444419 1.4171968311200001 0.0009765625
36.5565294118 36.576417647100001 1.4165320859599999 1.41716444419 0.0009765625
36.576417647100001 36.596305882400003 1.4164997563899999 1.4171320859600001 0.0009765625
36.596305882400003 36.616194117600003 1.4164674554400001 1.4170997563900001 0.0009765625
36.616194117600003 36.636082352899997 1.4164351830699999 1.41706745544 0.0009765625
36.636082352899997 36.655970588199999 1.4164029392499999 1.4170351830700001 0.0009765625
36.655970588199999 36.6758588235 1.4163707239300001 1.4170029392500001 0.0009765625
36.6758588235 36.695747058800002 1.4163385370699999 1.41697072393 0.0009765625
36.695747058800002 36.715635294099997 1.4163063786300001 1.4169385370700001 0.0009765625
36.715635294099997 36.735523529399998 1.4162742485699999 1.41690637863 0.0009765625
36.735523529399998 36.7554117647 1.4162421468499999 1.4168742485700001 0.0009765625
36.7554117647 36.775300000000001 1.41621007343 1.4168421468500001 0.0009765625
36.775300000000001 36.795188235300003 1.4161780282700001 1.41681007343 0.0009765625
36.795188235300003 36.815076470599998 1.41614601133 1.41677802827 0.0009765625
36.815076470599998 36.834964705899999 1.41611402258 1.4167460113300001 0.0009765625
36.834964705899999 36.854852941200001 1.4160820619700001 1.4167140225799999 0.0009765625
36.854852941200001 36.874741176500002 1.4160501294600001 1.41668206197 0.0009765625
36.874741176500002 36.894629411799997 1.41601822502 1.41665012946 0.0009765625
36.894629411799997 36.914517647099998 1.4159863485899999 1.4166182250199999 0.0009765625
36.914517647099998 36.9344058824 1.41595450016 1.4165863485900001 0.0009765625
36.9344058824 36.9542941176 1.41592267967 1.41655450016 0.0009765625
36.9542941176 36.974182352900002 1.41589088708 1.4165226796699999 0.0009765625
36.974182352900002 36.994070588200003 1.4158591223699999 1.4164908870799999 0.0009765625
36.994070588200003 37.013958823499998 1.4158273854800001 1.41645912237 0.0009765625
37.013958823499998 37.033847058799999 1.4157956763799999 1.41642738548 0.0009765625
37.033847058799999 37.053735294100001 1.4157639950400001 1.4163956763800001 0.0009765625
37.053735294100001 37.073623529400002 1.4157323414 1.41636399504 0.0009765625
37.073623529400002 37.093511764699997 1.4157007154400001 1.4163323414 0.0009765625
37.093511764699997 37.113399999999999 1.41566911712 1.41630071544 0.0009765625
37.113399999999999 37.1332882353 1.4156375463899999 1.4162691171199999 0.0009765625
37.1332882353 37.153176470600002 1.41560600322 1.4162375463900001 0.0009765625
37.153176470600002 37.173064705900003 1.41557448757 1.4162060032199999 0.0009765625
37.173064705900003 37.192952941199998 1.4155429993999999 1.41617448757 0.0009765625
37.192952941199998 37.2128411765 1.4155115386699999 1.4161429994000001 0.0009765625
37.2128411765 37.232729411800001 1.4154801053499999 1.4161115386700001 0.0009765625
37.232729411800001 37.252617647100003 1.4154486994 1.4160801053500001 0.0009765625
37.252617647100003 37.272505882399997 1.41541732078 1.4160486994000001 0.0009765625
37.272505882399997 37.292394117599997 1.4153859694399999 1.41601732078 0.0009765625
37.292394117599997 37.312282352899999 1.4153546453600001 1.4159859694400001 0.0009765625
37.312282352899999 37.3321705882 1.4153233485000001 1.41595464536 0.0009765625
37.3321705882 37.352058823500002 1.4152920788200001 1.4159233485 0.0009765625
37.352058823500002 37.371947058799996 1.4152608362700001 1.41589207882 0.0009765625
37.371947058799996 37.391835294099998 1.4152296208299999 1.41586083627 0.0009765625
37.391835294099998 37.4117235294 1.41519843245 1.4158296208300001 0.0009765625
37.4117235294 37.431611764700001 1.4151672711100001 1.4157984324499999 0.0009765625
37.431611764700001 37.451500000000003 1.4151361367499999 1.41576727111 0.0009765625
37.451500000000003 37.471388235299997 1.41510502934 1.4157361367500001 0.0009765625
37.471388235299997 37.491276470599999 1.4150739488599999 1.41570502934 0.0009765625
37.491276470599999 37.511164705900001 1.41504289525 1.4156739488600001 0.0009765625
37.511164705900001 37.531052941200002 1.4150118684799999 1.41564289525 0.0009765625
37.531052941200002 37.550941176499997 1.41498086852 1.4156118684800001 0.0009765625
37.550941176499997 37.570829411799998 1.4149498953299999 1.41558086852 0.0009765625
37.570829411799998 37.5907176471 1.41491894887 1.4155498953300001 0.0009765625
37.5907176471 37.610605882400002 1.4148880291000001 1.41551894887 0.0009765625
37.610605882400002 37.630494117600001 1.41485713599 1.4154880291 0.0009765625
37.630494117600001 37.650382352900003 1.4148262695 1.4154571359899999 0.0009765625
37.650382352900003 37.670270588199998 1.4147954296 1.4154262694999999 0.0009765625
37.670270588199998 37.690158823499999 1.4147646162400001 1.4153954296 0.0009765625
37.690158823499999 37.710047058800001 1.4147338294 1.41536461624 0.0009765625
37.710047058800001 37.729935294100002 1.41470306903 1.4153338294 0.0009765625
37.729935294100002 37.749823529399997 1.4146723350999999 1.4153030690299999 0.0009765625
37.749823529399997 37.769711764699998 1.41464162758 1.4152723351000001 0.0009765625
37.769711764699998 37.7896 1.4146109464200001 1.4152416275799999 0.0009765625
37.7896 37.809488235300002 1.4145802915900001 1.41521094642 0.0009765625
37.809488235300002 37.829376470600003 1.4145496630600001 1.41518029159 0.0009765625
37.829376470600003 37.849264705899998 1.41451906079 1.41514966306 0.0009765625
37.849264705899998 37.869152941199999 1.4144884847400001 1.4151190607899999 0.0009765625
37.869152941199999 37.889041176500001 1.4144579348699999 1.41508848474 0.0009765625
37.889041176500001 37.908929411800003 1.4144274111599999 1.4150579348700001 0.0009765625
37.908929411800003 37.928817647099997 1.4143969135700001 1.4150274111600001 0.0009765625
37.928817647099997 37.948705882399999 1.41436644205 1.41499691357 0.0009765625
37.948705882399999 37.968594117599999 1.41433599658 1.4149664420500001 0.0009765625
37.968594117599999 37.9884823529 1.4143055771199999 1.4149359965799999 0.0009765625
37.9884823529 38.008370588200002 1.41427518363 1.4149055771200001 0.0009765625
38.008370588200002 38.028258823500003 1.4142448160800001 1.41487518363 0.0009765625
38.028258823500003 38.048147058799998 1.41421447443 1.41484481608 0.0009765625
38.048147058799998 38.0680352941 1.4141841586499999 1.41481447443 0.0009765625
38.0680352941 38.087923529400001 1.4141538687099999 1.4147841586500001 0.0009765625
38.087923529400001 38.107811764700003 1.4141236045600001 1.4147538687100001 0.0009765625
38.107811764700003 38.127699999999997 1.4140933661699999 1.41472360456 0.0009765625
38.127699999999997 38.147588235299999 1.4140631535199999 1.4146933661700001 0.0009765625
38.147588235299999 38.1674764706 1.41403296655 1.41466315352 0.0009765625
38.1674764706 38.187364705900002 1.41400280524 1.4146329665499999 0.0009765625
38.187364705900002 38.207252941199997 1.4139726695599999 1.4146028052399999 0.0009765625
38.207252941199997 38.227141176499998 1.4139425594699999 1.4145726695600001 0.0009765625
38.227141176499998 38.2470294118 1.4139124749300001 1.4145425594700001 0.0009765625
38.2470294118 38.266917647100001 1.4138824159100001 1.41451247493 0.0009765625
38.266917647100001 38.286805882400003 1.41385238237 1.41448241591 0.0009765625
38.286805882400003 38.306694117600003 1.41382237429 1.4144523823699999 0.0009765625
38.306694117600003 38.326582352899997 1.4137923916199999 1.41442237429 0.0009765625
38.326582352899997 38.346470588199999 1.4137624343299999 1.4143923916200001 0.0009765625
38.346470588199999 38.366358823500001 1.4137325024 1.4143624343300001 0.0009765625
38.366358823500001 38.386247058800002 1.41370259577 1.4143325024 0.0009765625
38.386247058800002 38.406135294099997 1.4136727144300001 1.4143025957699999 0.0009765625
38.406135294099997 38.426023529399998 1.41364285833 1.41427271443 0.0009765625
38.426023529399998 38.4459117647 1.4136130274400001 1.41424285833 0.0009765625
38.4459117647 38.465800000000002 1.41358322173 1.41421302744 0.0009765625
38.465800000000002 38.485688235300003 1.4135534411599999 1.4141832217300001 0.0009765625
38.485688235300003 38.505576470599998 1.41352368571 1.4141534411600001 0.0009765625
38.505576470599998 38.525464705899999 1.4134939553300001 1.4141236857099999 0.0009765625
38.525464705899999 38.545352941200001 1.4134642499900001 1.41409395533 0.0009765625
38.545352941200001 38.565241176500002 1.4134345696599999 1.41406424999 0.0009765625
38.565241176500002 38.585129411799997 1.41340491431 1.4140345696600001 0.0009765625
38.585129411799997 38.605017647099999 1.4133752839 1.41400491431 0.0009765625
38.605017647099999 38.6249058824 1.4133456784 1.4139752838999999 0.0009765625
38.6249058824 38.6447941176 1.4133160977699999 1.4139456784 0.0009765625
38.6447941176 38.664682352900002 1.41328654198 1.41391609777 0.0009765625
38.664682352900002 38.684570588200003 1.41325701101 1.41388654198 0.0009765625
38.684570588200003 38.704458823499998 1.41322750481 1.4138570110099999 0.0009765625
38.704458823499998 38.724347058799999 1.4131980233500001 1.41382750481 0.0009765625
38.724347058799999 38.744235294100001 1.4131685666 1.41379802335 0.0009765625
38.744235294100001 38.764123529400003 1.41313913453 1.4137685665999999 0.0009765625
38.764123529400003 38.784011764699997 1.4131097270999999 1.4137391345300001 0.0009765625
38.784011764699997 38.803899999999999 1.41308034428 1.4137097271000001 0.0009765625
38.803899999999999 38.8237882353 1.41305098605 1.4136803442799999 0.0009765625
38.8237882353 38.843676470600002 1.4130216523500001 1.4136509860499999 0.0009765625
38.843676470600002 38.863564705899996 1.41299234317 1.41362165235 0.0009765625
38.863564705899996 38.883452941199998 1.4129630584699999 1.4135923431699999 0.0009765625
38.883452941199998 38.9033411765 1.4129337982100001 1.4135630584700001 0.0009765625
38.9033411765 38.923229411800001 1.4129045623700001 1.41353379821 0.0009765625
38.923229411800001 38.943117647100003 1.4128753509200001 1.41350456237 0.0009765625
38.943117647100003 38.963005882399997 1.4128461638100001 1.41347535092 0.0009765625
38.963005882399997 38.982894117599997 1.4128170010200001 1.41344616381 0.0009765625
38.982894117599997 39.002782352899999 1.4127878625100001 1.41341700102 0.0009765625
39.002782352899999 39.0226705882 1.4127587482599999 1.41338786251 0.0009765625
39.0226705882 39.042558823500002 1.41272965823 1.4133587482600001 0.0009765625
39.042558823500002 39.062447058799997 1.41270059239 1.4133296582299999 0.0009765625
39.062447058799997 39.082335294099998 1.4126715507100001 1.4133005923899999 0.0009765625
39.082335294099998 39.1022235294 1.4126425331500001 1.41327155071 0.0009765625
39.1022235294 39.122111764700001 1.4126135396799999 1.41324253315 0.0009765625
39.122111764700001 39.142000000000003 1.41258457028 1.4132135396800001 0.0009765625
39.142000000000003 39.161888235299998 1.4125556249 1.4131845702800001 0.0009765625
39.161888235299998 39.181776470599999 1.41252670353 1.4131556248999999 0.0009765625
39.181776470599999 39.201664705900001 1.41249780612 1.4131267035299999 0.0009765625
39.201664705900001 39.221552941200002 1.41246893264 1.4130978061199999 0.0009765625
39.221552941200002 39.241441176499997 1.4124400830699999 1.4130689326400001 0.0009765625
39.241441176499997 39.261329411799998 1.4124112573600001 1.4130400830700001 0.0009765625
39.261329411799998 39.2812176471 1.4123824555 1.41301125736 0.0009765625
39.2812176471 39.301105882400002 1.4123536774500001 1.4129824554999999 0.0009765625
39.301105882400002 39.320994117600002 1.4123249231699999 1.41295367745 0.0009765625
39.320994117600002 39.340882352900003 1.4122961926399999 1.4129249231700001 0.0009765625
39.340882352900003 39.360770588199998 1.4122674858199999 1.4128961926400001 0.0009765625
39.360770588199998 39.380658823499999 1.4122388026899999 1.4128674858200001 0.0009765625
39.380658823499999 39.400547058800001 1.41221014321 1.4128388026900001 0.0009765625
39.400547058800001 39.420435294100002 1.4121815073499999 1.41281014321 0.0009765625
39.420435294100002 39.440323529399997 1.41215289508 1.4127815073500001 0.0009765625
39.440323529399997 39.460211764699999 1.41212430638 1.4127528950799999 0.0009765625
39.460211764699999 39.4801 1.4120957411999999 1.4127243063799999 0.0009765625
39.4801 39.499988235300002 1.41206719951 1.4126957412000001 0.0009765625
39.499988235300002 39.519876470600003 1.4120386813000001 1.41266719951 0.0009765625
39.519876470600003 39.539764705899998 1.4120101865200001 1.4126386813 0.0009765625
39.539764705899998 39.5596529412 1.41198171514 1.41261018652 0.0009765625
39.5596529412 39.579541176500001 1.4119532671499999 1.41258171514 0.0009765625
39.579541176500001 39.599429411800003 1.4119248424899999 1.4125532671500001 0.0009765625
39.599429411800003 39.619317647099997 1.4118964411499999 1.4125248424900001 0.0009765625
39.619317647099997 39.639205882399999 1.4118680631 1.4124964411500001 0.0009765625
39.639205882399999 39.659094117599999 1.4118397082900001 1.4124680630999999 0.0009765625
39.659094117599999 39.6789823529 1.41181137671 1.41243970829 0.0009765625
39.6789823529 39.698870588200002 1.4117830683299999 1.4124113767099999 0.0009765625
39.698870588200002 39.718758823500004 1.4117547830999999 1.41238306833 0.0009765625
39.718758823500004 39.738647058799998 1.4117265210100001 1.4123547831000001 0.0009765625
39.738647058799998 39.7585352941 1.4116982820199999 1.41232652101 0.0009765625
39.7585352941 39.778423529400001 1.4116700660999999 1.4122982820200001 0.0009765625
39.778423529400001 39.798311764700003 1.41164187322 1.4122700661000001 0.0009765625
39.798311764700003 39.818199999999997 1.41161370336 1.4122418732199999 0.0009765625
39.818199999999997 39.838088235299999 1.4115855564699999 1.41221370336 0.0009765625
39.838088235299999 39.857976470600001 1.41155743254 1.4121855564700001 0.0009765625
39.857976470600001 39.877864705900002 1.4115293315299999 1.4121574325399999 0.0009765625
39.877864705900002 39.897752941199997 1.41150125342 1.4121293315300001 0.0009765625
39.897752941199997 39.917641176499998 1.4114731981699999 1.4121012534199999 0.0009765625
39.917641176499998 39.9375294118 1.41144516575 1.4120731981700001 0.0009765625
39.9375294118 39.957417647100002 1.41141715614 1.4120451657499999 0.0009765625
39.957417647100002 39.977305882400003 1.4113891693 1.4120171561399999 0.0009765625
39.977305882400003 39.997194117600003 1.4113612052 1.4119891693 0.0009765625
39.997194117600003 40.017082352899997 1.41133326382 1.4119612051999999 0.0009765625
40.017082352899997 40.036970588199999 1.4113053451299999 1.41193326382 0.0009765625
40.036970588199999 40.056858823500001 1.41127744909 1.4119053451300001 0.0009765625
40.056858823500001 40.076747058800002 1.4112495756800001 1.4118774490899999 0.0009765625
40.076747058800002 40.096635294099997 1.4112217248700001 1.41184957568 0.0009765625
40.096635294099997 40.116523529399998 1.4111938966299999 1.41182172487 0.0009765625
40.116523529399998 40.1364117647 1.4111660909299999 1.4117938966300001 0.0009765625
40.1364117647 40.156300000000002 1.4111383077399999 1.4117660909300001 0.0009765625
40.156300000000002 40.176188235300003 1.4111105470300001 1.4117383077400001 0.0009765625
40.176188235300003 40.196076470599998 1.41108280878 1.41171054703 0.0009765625
40.196076470599998 40.215964705899999 1.4110550929500001 1.41168280878 0.0009765625
40.215964705899999 40.235852941200001 1.41102739951 1.41165509295 0.0009765625
40.235852941200001 40.255741176500003 1.41099972845 1.4116273995099999 0.0009765625
40.255741176500003 40.275629411799997 1.41097207972 1.4115997284499999 0.0009765625
40.275629411799997 40.295517647099999 1.41094445329 1.41157207972 0.0009765625
40.295517647099999 40.3154058824 1.4109168491499999 1.4115444532899999 0.0009765625
40.3154058824 40.3352941176 1.41088926727 1.4115168491500001 0.0009765625
40.3352941176 40.355182352900002 1.4108617076000001 1.4114892672599999 0.0009765625
40.355182352900002 40.375070588200003 1.41083417013 1.4114617076 0.0009765625
40.375070588200003 40.394958823499998 1.41080665483 1.4114341701299999 0.0009765625
40.394958823499998 40.4148470588 1.4107791616600001 1.4114066548299999 0.0009765625
40.4148470588 40.434735294100001 1.4107516905999999 1.41137916166 0.0009765625
40.434735294100001 40.454623529400003 1.4107242416300001 1.4113516906000001 0.0009765625
40.454623529400003 40.474511764699997 1.4106968147100001 1.41132424163 0.0009765625
40.474511764699997 40.494399999999999 1.4106694098100001 1.41129681471 0.0009765625
40.494399999999999 40.5142882353 1.41064202691 1.41126940981 0.0009765625
40.5142882353 40.534176470600002 1.4106146659800001 1.4112420269099999 0.0009765625
40.534176470600002 40.554064705899997 1.41058732699 1.41121466598 0.0009765625
40.554064705899997 40.573952941199998 1.41056000991 1.4111873269899999 0.0009765625
40.573952941199998 40.5938411765 1.41053271472 1.4111600099099999 0.0009765625
40.5938411765 40.613729411800001 1.41050544139 1.4111327147199999 0.0009765625
40.613729411800001 40.633617647100003 1.4104781898800001 1.4111054413899999 0.0009765625
40.633617647100003 40.653505882399998 1.4104509601799999 1.41107818988 0.0009765625
40.653505882399998 40.673394117599997 1.4104237522400001 1.4110509601800001 0.0009765625
40.673394117599997 40.693282352899999 1.41039656606 1.41102375224 0.0009765625
40.693282352899999 40.713170588200001 1.4103694015899999 1.4109965660599999 0.0009765625
40.713170588200001 40.733058823500002 1.4103422588100001 1.4109694015900001 0.0009765625
40.733058823500002 40.752947058799997 1.4103151377000001 1.41094225881 0.0009765625
40.752947058799997 40.772835294099998 1.41028803822 1.4109151377 0.0009765625
40.772835294099998 40.7927235294 1.41026096035 1.41088803822 0.0009765625
40.7927235294 40.812611764700002 1.41023390406 1.41086096035 0.0009765625
40.812611764700002 40.832500000000003 1.4102068693300001 1.41083390406 0.0009765625
40.832500000000003 40.852388235299998 1.4101798561200001 1.41080686933 0.0009765625
40.852388235299998 40.872276470599999 1.4101528644100001 1.41077985612 0.0009765625
40.872276470599999 40.892164705900001 1.4101258941699999 1.41075286441 0.0009765625
40.892164705900001 40.912052941200002 1.4100989453699999 1.41072589417 0.0009765625
40.912052941200002 40.931941176499997 1.4100720179899999 1.4106989453700001 0.0009765625
40.931941176499997 40.951829411799999 1.4100451120099999 1.4106720179900001 0.0009765625
40.951829411799999 40.9717176471 1.4100182273799999 1.4106451120100001 0.0009765625
40.9717176471 40.991605882400002 1.4099913640899999 1.4106182273800001 0.0009765625
40.991605882400002 41.011494117600002 1.4099645221099999 1.4105913640900001 0.0009765625
41.011494117600002 41.031382352900003 1.4099377014200001 1.4105645221100001 0.0009765625
41.031382352900003 41.051270588199998 1.40991090198 1.41053770142 0.0009765625
41.051270588199998 41.071158823499999 1.4098841237599999 1.41051090198 0.0009765625
41.071158823499999 41.091047058800001 1.4098573667500001 1.4104841237600001 0.0009765625
41.091047058800001 41.110935294100003 1.4098306309199999 1.41045736675 0.0009765625
41.110935294100003 41.130823529399997 1.40980391623 1.4104306309200001 0.0009765625
41.130823529399997 41.150711764699999 1.4097772226700001 1.4104039162299999 0.0009765625
41.150711764699999 41.1706 1.4097505502000001 1.41037722267 0.0009765625
41.1706 41.190488235300002 1.4097238988 1.4103505502 0.0009765625
41.190488235300002 41.210376470600004 1.40969726844 1.4103238988 0.0009765625
41.210376470600004 41.230264705899998 1.4096706590999999 1.4102972684399999 0.0009765625
41.230264705899998 41.2501529412 1.40964407075 1.4102706591 0.0009765625
41.2501529412 41.270041176500001 1.40961750336 1.4102440707499999 0.0009765625
41.270041176500001 41.289929411800003 1.40959095691 1.41021750336 0.0009765625
41.289929411800003 41.309817647099997 1.40956443137 1.41019095691 0.0009765625
41.309817647099997 41.329705882399999 1.4095379267100001 1.4101644313699999 0.0009765625
41.329705882399999 41.349594117599999 1.40951144291 1.41013792671 0.0009765625
41.349594117599999 41.3694823529 1.40948497995 1.4101114429099999 0.0009765625
41.3694823529 41.389370588200002 1.40945853779 1.4100849799499999 0.0009765625
41.389370588200002 41.409258823499997 1.4094321164100001 1.4100585377899999 0.0009765625
41.409258823499997 41.429147058799998 1.40940571579 1.41003211641 0.0009765625
41.429147058799998 41.4490352941 1.40937933589 1.4100057157899999 0.0009765625
41.4490352941 41.468923529400001 1.4093529766999999 1.4099793358899999 0.0009765625
41.468923529400001 41.488811764700003 1.40932663818 1.4099529767000001 0.0009765625
41.488811764700003 41.508699999999997 1.4093003203200001 1.40992663818 0.0009765625
41.508699999999997 41.528588235299999 1.40927402308 1.40990032032 0.0009765625
41.528588235299999 41.548476470600001 1.4092477464399999 1.40987402308 0.0009765625
41.548476470600001 41.568364705900002 1.40922149037 1.4098477464400001 0.0009765625
41.568364705900002 41.588252941199997 1.40919525485 1.4098214903699999 0.0009765625
41.588252941199997 41.608141176499998 1.4091690398600001 1.4097952548499999 0.0009765625
41.608141176499998 41.6280294118 1.4091428453599999 1.40976903986 0.0009765625
41.6280294118 41.647917647100002 1.4091166713300001 1.4097428453600001 0.0009765625
41.647917647100002 41.667805882400003 1.4090905177499999 1.40971667133 0.0009765625
41.667805882400003 41.687694117600003 1.4090643845899999 1.4096905177500001 0.0009765625
41.687694117600003 41.707582352899998 1.4090382718300001 1.4096643845900001 0.0009765625
41.707582352899998 41.727470588199999 1.4090121794299999 1.40963827183 0.0009765625
41.727470588199999 41.747358823500001 1.4089861073800001 1.4096121794300001 0.0009765625
41.747358823500001 41.767247058800002 1.4089600556499999 1.40958610738 0.0009765625
41.767247058800002 41.787135294099997 1.4089340242199999 1.4095600556500001 0.0009765625
41.787135294099997 41.807023529399999 1.40890801305 1.4095340242200001 0.0009765625
41.807023529399999 41.8269117647 1.40888202213 1.40950801305 0.0009765625
41.8269117647 41.846800000000002 1.4088560514199999 1.40948202213 0.0009765625
41.846800000000002 41.866688235300003 1.4088301009199999 1.4094560514200001 0.0009765625
41.866688235300003 41.886576470599998 1.4088041705800001 1.4094301009200001 0.0009765625
41.886576470599998 41.9064647059 1.4087782603800001 1.40940417058 0.0009765625
41.9064647059 41.926352941200001 1.40875237031 1.40937826038 0.0009765625
41.926352941200001 41.946241176500003 1.40872650033 1.4093523703099999 0.0009765625
41.946241176500003 41.966129411799997 1.4087006504099999 1.40932650033 0.0009765625
41.966129411799997 41.986017647099999 1.4086748205499999 1.4093006504100001 0.0009765625
41.986017647099999 42.0059058824 1.4086490107 1.4092748205500001 0.0009765625
42.0059058824 42.0257941176 1.40862322085 1.4092490107 0.0009765625
42.0257941176 42.045682352900002 1.4085974509700001 1.40922322085 0.0009765625
42.045682352900002 42.065570588200003 1.4085717010400001 1.40919745097 0.0009765625
42.065570588200003 42.085458823499998 1.4085459710299999 1.40917170104 0.0009765625
42.085458823499998 42.1053470588 1.40852026092 1.4091459710300001 0.0009765625
42.1053470588 42.125235294100001 1.4084945706800001 1.40912026092 0.0009765625
42.125235294100001 42.145123529400003 1.4084689002899999 1.40909457068 0.0009765625
42.145123529400003 42.165011764699997 1.4084432497199999 1.4090689002900001 0.0009765625
42.165011764699997 42.184899999999999 1.4084176189499999 1.4090432497200001 0.0009765625
42.184899999999999 42.204788235300001 1.4083920079600001 1.4090176189500001 0.0009765625
42.204788235300001 42.224676470600002 1.4083664167200001 1.40899200796 0.0009765625
42.224676470600002 42.244564705899997 1.4083408451999999 1.40896641672 0.0009765625
42.244564705899997 42.264452941199998 1.4083152933900001 1.4089408452000001 0.0009765625
42.264452941199998 42.2843411765 1.4082897612600001 1.40891529339 0.0009765625
42.2843411765 42.304229411800002 1.4082642487799999 1.40888976126 0.0009765625
42.304229411800002 42.324117647100003 1.40823875594 1.4088642487800001 0.0009765625
42.324117647100003 42.344005882399998 1.4082132827 1.40883875594 0.0009765625
42.344005882399998 42.363894117599997 1.4081878290400001 1.4088132826999999 0.0009765625
42.363894117599997 42.383782352899999 1.40816239494 1.40878782904 0.0009765625
42.383782352899999 42.403670588200001 1.4081369803799999 1.4087623949400001 0.0009765625
42.403670588200001 42.423558823500002 1.4081115853199999 1.4087369803800001 0.0009765625
42.423558823500002 42.443447058799997 1.40808620976 1.4087115853200001 0.0009765625
42.443447058799997 42.463335294099998 1.4080608536599999 1.4086862097599999 0.0009765625
42.463335294099998 42.4832235294 1.4080355169900001 1.40866085366 0.0009765625
42.4832235294 42.503111764700002 1.4080101997500001 1.40863551699 0.0009765625
42.503111764700002 42.523000000000003 1.4079849018899999 1.40861019975 0.0009765625
42.523000000000003 42.542888235299998 1.40795962341 1.4085849018900001 0.0009765625
42.542888235299998 42.562776470599999 1.40793436427 1.40855962341 0.0009765625
42.562776470599999 42.582664705900001 1.4079091244499999 1.4085343642699999 0.0009765625
42.582664705900001 42.602552941200003 1.40788390393 1.4085091244500001 0.0009765625
42.602552941200003 42.622441176499997 1.40785870268 1.4084839039299999 0.0009765625
42.622441176499997 42.642329411799999 1.4078335206899999 1.40845870268 0.0009765625
42.642329411799999 42.6622176471 1.40780835792 1.4084335206900001 0.0009765625
42.6622176471 42.682105882400002 1.40778321436 1.40840835792 0.0009765625
42.682105882400002 42.701994117600002 1.40775808998 1.4083832143599999 0.0009765625
42.701994117600002 42.721882352900003 1.40773298476 1.4083580899799999 0.0009765625
42.721882352900003 42.741770588199998 1.40770789867 1.4083329847599999 0.0009765625
42.741770588199998 42.761658823499999 1.4076828317000001 1.4083078986699999 0.0009765625
42.761658823499999 42.781547058800001 1.40765778381 1.4082828317 0.0009765625
42.781547058800001 42.801435294100003 1.4076327549900001 1.4082577838100001 0.0009765625
42.801435294100003 42.821323529399997 1.40760774521 1.40823275499 0.0009765625
42.821323529399997 42.841211764699999 1.4075827544499999 1.4082077452099999 0.0009765625
42.841211764699999 42.8611 1.4075577826800001 1.4081827544500001 0.0009765625
42.8611 42.880988235300002 1.4075328298900001 1.40815778268 0.0009765625
42.880988235300002 42.900876470599997 1.40750789606 1.40813282989 0.0009765625
42.900876470599997 42.920764705899998 1.40748298114 1.40810789606 0.0009765625
42.920764705899998 42.9406529412 1.40745808514 1.40808298114 0.0009765625
42.9406529412 42.960541176500001 1.40743320801 1.40805808514 0.0009765625
42.960541176500001 42.980429411800003 1.4074083497500001 1.40803320801 0.0009765625
42.980429411800003 43.000317647099997 1.4073835103200001 1.40800834975 0.0009765625
43.000317647099997 43.020205882399999 1.4073586897000001 1.40798351032 0.0009765625
43.020205882399999 43.040094117599999 1.4073338878799999 1.4079586897 0.0009765625
43.040094117599999 43.059982352900001 1.4073091048199999 1.4079338878800001 0.0009765625
43.059982352900001 43.079870588200002 1.40728434051 1.4079091048200001 0.0009765625
43.079870588200002 43.099758823499997 1.40725959493 1.4078843405100001 0.0009765625
43.099758823499997 43.119647058799998 1.40723486804 1.4078595949299999 0.0009765625
43.119647058799998 43.1395352941 1.40721015984 1.4078348680399999 0.0009765625
43.1395352941 43.159423529400001 1.40718547029 1.4078101598399999 0.0009765625
43.159423529400001 43.179311764700003 1.4071607993699999 1.4077854702899999 0.0009765625
43.179311764700003 43.199199999999998 1.4071361470699999 1.4077607993700001 0.0009765625
43.199199999999998 43.219088235299999 1.4071115133500001 1.4077361470700001 0.0009765625
43.219088235299999 43.238976470600001 1.4070868982 1.40771151335 0.0009765625
43.238976470600001 43.258864705900002 1.4070623015999999 1.4076868981999999 0.0009765625
43.258864705900002 43.278752941199997 1.40703772352 1.4076623016000001 0.0009765625
43.278752941199997 43.298641176499999 1.4070131639400001 1.4076377235199999 0.0009765625
43.298641176499999 43.3185294118 1.4069886228299999 1.40761316394 0.0009765625
43.3185294118 43.338417647100002 1.40696410019 1.4075886228300001 0.0009765625
43.338417647100002 43.358305882400003 1.40693959597 1.4075641001899999 0.0009765625
43.358305882400003 43.378194117600003 1.4069151101699999 1.4075395959699999 0.0009765625
43.378194117600003 43.398082352899998 1.4068906427600001 1.4075151101700001 0.0009765625
43.398082352899998 43.417970588199999 1.40686619372 1.40749064276 0.0009765625
43.417970588199999 43.437858823500001 1.4068417630200001 1.4074661937199999 0.0009765625
43.437858823500001 43.457747058800003 1.4068173506499999 1.40744176302 0.0009765625
43.457747058800003 43.477635294099997 1.4067929565799999 1.4074173506500001 0.0009765625
43.477635294099997 43.497523529399999 1.4067685807899999 1.4073929565800001 0.0009765625
43.497523529399999 43.5174117647 1.40674422326 1.40736858079 0.0009765625
43.5174117647 43.537300000000002 1.4067198839699999 1.40734422326 0.0009765625
43.537300000000002 43.557188235300003 1.40669556289 1.4073198839700001 0.0009765625
43.557188235300003 43.577076470599998 1.40667126001 1.4072955628899999 0.0009765625
43.577076470599998 43.5969647059 1.4066469752999999 1.4072712600099999 0.0009765625
43.5969647059 43.616852941200001 1.4066227087400001 1.4072469753000001 0.0009765625
43.616852941200001 43.636741176500003 1.4065984603099999 1.40722270874 0.0009765625
43.636741176500003 43.656629411799997 1.4065742299799999 1.4071984603100001 0.0009765625
43.656629411799997 43.676517647099999 1.4065500177500001 1.4071742299800001 0.0009765625
43.676517647099999 43.696405882400001 1.40652582357 1.40715001775 0.0009765625
43.696405882400001 43.7162941176 1.4065016474400001 1.4071258235699999 0.0009765625
43.7162941176 43.736182352900002 1.4064774893400001 1.40710164744 0.0009765625
43.736182352900002 43.756070588199997 1.40645334923 1.40707748934 0.0009765625
43.756070588199997 43.775958823499998 1.4064292271000001 1.4070533492299999 0.0009765625
43.775958823499998 43.7958470588 1.4064051229300001 1.4070292271 0.0009765625
43.7958470588 43.815735294100001 1.4063810367 1.40700512293 0.0009765625
43.815735294100001 43.835623529400003 1.4063569683799999 1.4069810367 0.0009765625
43.835623529400003 43.855511764699997 1.4063329179599999 1.4069569683800001 0.0009765625
43.855511764699997 43.875399999999999 1.4063088854100001 1.4069329179600001 0.0009765625
43.875399999999999 43.895288235300001 1.40628487071 1.40690888541 0.0009765625
43.895288235300001 43.915176470600002 1.40626087385 1.4068848707099999 0.0009765625
43.915176470600002 43.935064705899997 1.4062368947899999 1.4068608738499999 0.0009765625
43.935064705899997 43.954952941199998 1.40621293352 1.4068368947900001 0.0009765625
43.954952941199998 43.9748411765 1.40618899002 1.4068129335199999 0.0009765625
43.9748411765 43.994729411800002 1.4061650642700001 1.4067889900199999 0.0009765625
43.994729411800002 44.014617647100003 1.4061411562499999 1.40676506427 0.0009765625
44.014617647100003 44.034505882399998 1.4061172659300001 1.4067411562500001 0.0009765625
44.034505882399998 44.054394117599998 1.4060933932899999 1.40671726593 0.0009765625
44.054394117599998 44.074282352899999 1.4060695383199999 1.4066933932900001 0.0009765625
44.074282352899999 44.094170588200001 1.40604570099 1.4066695383200001 0.0009765625
44.094170588200001 44.114058823500002 1.4060218812900001 1.40664570099 0.0009765625
44.114058823500002 44.133947058799997 1.40599807918 1.40662188129 0.0009765625
44.133947058799997 44.153835294099999 1.40597429466 1.4065980791799999 0.0009765625
44.153835294099999 44.1737235294 1.40595052769 1.4065742946599999 0.0009765625
44.1737235294 44.193611764700002 1.40592677827 1.4065505276900001 0.0009765625
44.193611764700002 44.213500000000003 1.40590304637 1.4065267782699999 0.0009765625
44.213500000000003 44.233388235299998 1.40587933196 1.4065030463699999 0.0009765625
44.233388235299998 44.253276470599999 1.40585563504 1.40647933196 0.0009765625
44.253276470599999 44.273164705900001 1.4058319555700001 1.4064556350399999 0.0009765625
44.273164705900001 44.293052941200003 1.40580829354 1.40643195557 0.0009765625
44.293052941200003 44.312941176499997 1.4057846489200001 1.40640829354 0.0009765625
44.312941176499997 44.332829411799999 1.4057610217000001 1.40638464892 0.0009765625
44.332829411799999 44.3527176471 1.4057374118599999 1.4063610217 0.0009765625
44.3527176471 44.372605882400002 1.4057138193800001 1.4063374118600001 0.0009765625
44.372605882400002 44.392494117600002 1.4056902442300001 1.40631381938 0.0009765625
44.392494117600002 44.412382352900003 1.40566668639 1.40629024423 0.0009765625
44.412382352900003 44.432270588199998 1.4056431458500001 1.40626668639 0.0009765625
44.432270588199998 44.4521588235 1.40561962259 1.40624314585 0.0009765625
44.4521588235 44.472047058800001 1.4055961165799999 1.4062196225900001 0.0009765625
44.472047058800001 44.491935294100003 1.40557262781 1.4061961165800001 0.0009765625
44.491935294100003 44.511823529399997 1.40554915625 1.40617262781 0.0009765625
44.511823529399997 44.531711764699999 1.40552570188 1.4061491562499999 0.0009765625
44.531711764699999 44.551600000000001 1.4055022646999999 1.40612570188 0.0009765625
44.551600000000001 44.571488235300002 1.4054788446599999 1.4061022647000001 0.0009765625
44.571488235300002 44.591376470599997 1.40545544176 1.4060788446600001 0.0009765625
44.591376470599997 44.611264705899998 1.40543205598 1.40605544176 0.0009765625
44.611264705899998 44.6311529412 1.40540868729 1.4060320559799999 0.0009765625
44.6311529412 44.651041176500001 1.4053853356699999 1.4060086872899999 0.0009765625
44.651041176500001 44.670929411800003 1.4053620011200001 1.4059853356700001 0.0009765625
44.670929411800003 44.690817647099998 1.4053386835899999 1.40596200112 0.0009765625
44.690817647099998 44.710705882399999 1.40531538309 1.4059386835900001 0.0009765625
44.710705882399999 44.730594117599999 1.40529209958 1.40591538309 0.0009765625
44.730594117599999 44.750482352900001 1.4052688330400001 1.4058920995799999 0.0009765625
44.750482352900001 44.770370588200002 1.4052455834699999 1.40586883304 0.0009765625
44.770370588200002 44.790258823499997 1.4052223508299999 1.4058455834700001 0.0009765625
44.790258823499997 44.810147058799998 1.4051991351099999 1.4058223508300001 0.0009765625
44.810147058799998 44.8300352941 1.40517593628 1.4057991351100001 0.0009765625
44.8300352941 44.849923529400002 1.40515275434 1.40577593628 0.0009765625
44.849923529400002 44.869811764700003 1.40512958925 1.4057527543399999 0.0009765625
44.869811764700003 44.889699999999998 1.40510644101 1.4057295892499999 0.0009765625
44.889699999999998 44.909588235299999 1.4050833095799999 1.40570644101 0.0009765625
44.909588235299999 44.929476470600001 1.4050601949599999 1.4056833095800001 0.0009765625
44.929476470600001 44.949364705900003 1.4050370971199999 1.4056601949600001 0.0009765625
44.949364705900003 44.969252941199997 1.40501401604 1.4056370971200001 0.0009765625
44.969252941199997 44.989141176499999 1.4049909517000001 1.4056140160399999 0.0009765625
44.989141176499999 45.0090294118 1.4049679040800001 1.4055909517 0.0009765625
45.0090294118 45.028917647100002 1.4049448731700001 1.40556790408 0.0009765625
45.028917647100002 45.048805882400003 1.4049218589500001 1.40554487317 0.0009765625
45.048805882400003 45.068694117600003 1.40489886139 1.40552185895 0.0009765625
45.068694117600003 45.088582352899998 1.4048758804799999 1.4054988613899999 0.0009765625
45.088582352899998 45.108470588199999 1.4048529161900001 1.4054758804800001 0.0009765625
45.108470588199999 45.128358823500001 1.4048299685200001 1.40545291619 0.0009765625
45.128358823500001 45.148247058800003 1.4048070374299999 1.40542996852 0.0009765625
45.148247058800003 45.168135294099997 1.40478412292 1.4054070374300001 0.0009765625
45.168135294099997 45.188023529399999 1.4047612249500001 1.4053841229199999 0.0009765625
45.188023529399999 45.2079117647 1.40473834352 1.40536122495 0.0009765625
45.2079117647 45.227800000000002 1.4047154786 1.40533834352 0.0009765625
45.227800000000002 45.247688235299997 1.40469263018 1.4053154785999999 0.0009765625
45.247688235299997 45.267576470599998 1.40466979823 1.4052926301799999 0.0009765625
45.267576470599998 45.2874647059 1.4046469827400001 1.40526979823 0.0009765625
45.2874647059 45.307352941200001 1.40462418368 1.40524698274 0.0009765625
45.307352941200001 45.327241176500003 1.4046014010500001 1.4052241836799999 0.0009765625
45.327241176500003 45.347129411799997 1.40457863482 1.40520140105 0.0009765625
45.347129411799997 45.367017647099999 1.4045558849599999 1.4051786348199999 0.0009765625
45.367017647099999 45.386905882400001 1.4045331514799999 1.4051558849600001 0.0009765625
45.386905882400001 45.406794117600001 1.4045104343299999 1.4051331514800001 0.0009765625
45.406794117600001 45.426682352900002 1.4044877335099999 1.40511043433 0.0009765625
45.426682352900002 45.446570588199997 1.4044650489999999 1.40508773351 0.0009765625
45.446570588199997 45.466458823499998 1.4044423807799999 1.4050650490000001 0.0009765625
45.466458823499998 45.4863470588 1.40441972882 1.4050423807800001 0.0009765625
45.4863470588 45.506235294100001 1.4043970931200001 1.4050197288199999 0.0009765625
45.506235294100001 45.526123529400003 1.4043744736499999 1.40499709312 0.0009765625
45.526123529400003 45.546011764699998 1.4043518704 1.4049744736500001 0.0009765625
45.546011764699998 45.565899999999999 1.4043292833400001 1.4049518703999999 0.0009765625
45.565899999999999 45.585788235300001 1.4043067124599999 1.40492928334 0.0009765625
45.585788235300001 45.605676470600002 1.40428415774 1.4049067124600001 0.0009765625
45.605676470600002 45.625564705899997 1.4042616191599999 1.40488415774 0.0009765625
45.625564705899997 45.645452941199999 1.4042390967 1.4048616191600001 0.0009765625
45.645452941199999 45.6653411765 1.4042165903399999 1.4048390967 0.0009765625
45.6653411765 45.685229411800002 1.40419410008 1.4048165903400001 0.0009765625
45.685229411800002 45.705117647100003 1.4041716258700001 1.4047941000799999 0.0009765625
45.705117647100003 45.725005882399998 1.40414916772 1.40477162587 0.0009765625
45.725005882399998 45.744894117599998 1.4041267256000001 1.4047491677199999 0.0009765625
45.744894117599998 45.764782352899999 1.4041042994999999 1.4047267256 0.0009765625
45.764782352899999 45.784670588200001 1.40408188938 1.4047042995000001 0.0009765625
45.784670588200001 45.804558823500003 1.4040594952500001 1.4046818893799999 0.0009765625
45.804558823500003 45.824447058799997 1.4040371170699999 1.40465949525 0.0009765625
45.824447058799997 45.844335294099999 1.4040147548399999 1.4046371170700001 0.0009765625
45.844335294099999 45.8642235294 1.40399240852 1.4046147548400001 0.0009765625
45.8642235294 45.884111764700002 1.40397007812 1.4045924085199999 0.0009765625
45.884111764700002 45.904000000000003 1.4039477636 1.4045700781199999 0.0009765625
45.904000000000003 45.923888235299998 1.4039254649399999 1.4045477635900001 0.0009765625
45.923888235299998 45.9437764706 1.4039031821400001 1.4045254649400001 0.0009765625
45.9437764706 45.963664705900001 1.40388091517 1.40450318214 0.0009765625
45.963664705900001 45.983552941200003 1.4038586640199999 1.40448091517 0.0009765625
45.983552941200003 46.003441176499997 1.40383642866 1.4044586640200001 0.0009765625
46.003441176499997 46.023329411799999 1.4038142090900001 1.40443642866 0.0009765625
46.023329411799999 46.043217647100001 1.4037920052699999 1.40441420909 0.0009765625
46.043217647100001 46.063105882400002 1.4037698171999999 1.4043920052700001 0.0009765625
46.063105882400002 46.082994117600002 1.4037476448599999 1.4043698172000001 0.0009765625
46.082994117600002 46.102882352899996 1.4037254882200001 1.4043476448600001 0.0009765625
46.102882352899996 46.122770588199998 1.40370334728 1.40432548822 0.0009765625
46.122770588199998 46.1426588235 1.4036812220099999 1.4043033472799999 0.0009765625
46.1426588235 46.162547058800001 1.40365911239 1.4042812220100001 0.0009765625
46.162547058800001 46.182435294100003 1.40363701842 1.4042591123899999 0.0009765625
46.182435294100003 46.202323529399997 1.40361494006 1.4042370184199999 0.0009765625
46.202323529399997 46.222211764699999 1.4035928773099999 1.4042149400599999 0.0009765625
46.222211764699999 46.242100000000001 1.4035708301400001 1.4041928773100001 0.0009765625
46.242100000000001 46.261988235300002 1.4035487985399999 1.40417083014 0.0009765625
46.261988235300002 46.281876470599997 1.40352678249 1.4041487985400001 0.0009765625
46.281876470599997 46.301764705899998 1.4035047819799999 1.4041267824899999 0.0009765625
46.301764705899998 46.3216529412 1.4034827969799999 1.4041047819800001 0.0009765625
46.3216529412 46.341541176500002 1.40346082748 1.40408279698 0.0009765625
46.341541176500002 46.361429411800003 1.4034388734600001 1.4040608274799999 0.0009765625
46.361429411800003 46.381317647099998 1.4034169349100001 1.40403887346 0.0009765625
46.381317647099998 46.401205882399999 1.4033950118 1.40401693491 0.0009765625
46.401205882399999 46.421094117599999 1.4033731041199999 1.4039950118 0.0009765625
46.421094117599999 46.440982352900001 1.40335121185 1.4039731041200001 0.0009765625
46.440982352900001 46.460870588200002 1.40332933498 1.4039512118499999 0.0009765625
46.460870588200002 46.480758823499997 1.40330747349 1.4039293349799999 0.0009765625
46.480758823499997 46.500647058799998 1.4032856273500001 1.4039074734899999 0.0009765625
46.500647058799998 46.5205352941 1.4032637965600001 1.40388562735 0.0009765625
46.5205352941 46.540423529400002 1.4032419811000001 1.40386379656 0.0009765625
46.540423529400002 46.560311764700003 1.40322018094 1.4038419811 0.0009765625
46.560311764700003 46.580199999999998 1.4031983960800001 1.4038201809399999 0.0009765625
46.580199999999998 46.600088235299999 1.4031766265000001 1.40379839608 0.0009765625
46.600088235299999 46.619976470600001 1.40315487217 1.4037766265 0.0009765625
46.619976470600001 46.639864705900003 1.4031331330800001 1.4037548721699999 0.0009765625
46.639864705900003 46.659752941199997 1.4031114092200001 1.40373313308 0.0009765625
46.659752941199997 46.679641176499999 1.40308970057 1.40371140922 0.0009765625
46.679641176499999 46.6995294118 1.4030680070999999 1.40368970057 0.0009765625
46.6995294118 46.719417647100002 1.4030463288099999 1.4036680071000001 0.0009765625
46.719417647100002 46.739305882399997 1.4030246656800001 1.4036463288100001 0.0009765625
46.739305882399997 46.759194117600003 1.4030030176899999 1.40362466568 0.0009765625
46.759194117600003 46.779082352899998 1.4029813848199999 1.4036030176900001 0.0009765625
46.779082352899998 46.7989705882 1.40295976705 1.4035813848200001 0.0009765625
46.7989705882 46.818858823500001 1.4029381643800001 1.40355976705 0.0009765625
46.818858823500001 46.838747058800003 1.40291657678 1.40353816438 0.0009765625
46.838747058800003 46.858635294099997 1.4028950042399999 1.40351657678 0.0009765625
46.858635294099997 46.878523529399999 1.4028734467399999 1.4034950042400001 0.0009765625
46.878523529399999 46.898411764700001 1.4028519042500001 1.4034734467400001 0.0009765625
46.898411764700001 46.918300000000002 1.4028303767800001 1.40345190425 0.0009765625
46.918300000000002 46.938188235299997 1.4028088643000001 1.40343037678 0.0009765625
46.938188235299997 46.958076470599998 1.4027873667899999 1.4034088643 0.0009765625
46.958076470599998 46.9779647059 1.4027658842299999 1.4033873667900001 0.0009765625
46.9779647059 46.997852941200001 1.40274441662 1.4033658842300001 0.0009765625
46.997852941200001 47.017741176500003 1.4027229639300001 1.40334441662 0.0009765625
47.017741176500003 47.037629411799998 1.40270152615 1.40332296393 0.0009765625
47.037629411799998 47.057517647099999 1.40268010326 1.4033015261499999 0.0009765625
47.057517647099999 47.077405882400001 1.40265869525 1.40328010326 0.0009765625
47.077405882400001 47.097294117600001 1.40263730209 1.4032586952499999 0.0009765625
47.097294117600001 47.117182352900002 1.40261592377 1.40323730209 0.0009765625
47.117182352900002 47.137070588199997 1.4025945602800001 1.4032159237699999 0.0009765625
47.137070588199997 47.156958823499998 1.4025732116 1.40319456028 0.0009765625
47.156958823499998 47.1768470588 1.4025518777199999 1.4031732116 0.0009765625
47.1768470588 47.196735294100002 1.4025305586000001 1.4031518777200001 0.0009765625
47.196735294100002 47.216623529400003 1.4025092542499999 1.4031305586 0.0009765625
47.216623529400003 47.236511764699998 1.4024879646499999 1.4031092542500001 0.0009765625
47.236511764699998 47.256399999999999 1.40246668977 1.4030879646500001 0.0009765625
47.256399999999999 47.276288235300001 1.40244542961 1.4030666897699999 0.0009765625
47.276288235300001 47.296176470600003 1.40242418414 1.4030454296099999 0.0009765625
47.296176470600003 47.316064705899997 1.40240295335 1.40302418414 0.0009765625
47.316064705899997 47.335952941199999 1.40238173722 1.4030029533499999 0.0009765625
47.335952941199999 47.3558411765 1.40236053574 1.40298173722 0.0009765625
47.3558411765 47.375729411800002 1.40233934889 1.4029605357399999 0.0009765625
47.375729411800002 47.395617647100003 1.4023181766599999 1.4029393488899999 0.0009765625
47.395617647100003 47.415505882399998 1.4022970190299999 1.4029181766600001 0.0009765625
47.415505882399998 47.435394117599998 1.40227587598 1.4028970190300001 0.0009765625
47.435394117599998 47.455282352899999 1.4022547475 1.40287587598 0.0009765625
47.455282352899999 47.475170588200001 1.4022336335700001 1.4028547474999999 0.0009765625
47.475170588200001 47.495058823500003 1.40221253418 1.40283363357 0.0009765625
47.495058823500003 47.514947058799997 1.4021914493100001 1.40281253418 0.0009765625
47.514947058799997 47.534835294099999 1.40217037894 1.40279144931 0.0009765625
47.534835294099999 47.5547235294 1.40214932306 1.4027703789399999 0.0009765625
47.5547235294 47.574611764700002 1.40212828165 1.4027493230600001 0.0009765625
47.574611764700002 47.594499999999996 1.4021072547 1.40272828165 0.0009765625
47.594499999999996 47.614388235299998 1.40208624219 1.4027072546999999 0.0009765625
47.614388235299998 47.6342764706 1.4020652441000001 1.4026862421899999 0.0009765625
47.6342764706 47.654164705900001 1.4020442604300001 1.4026652441 0.0009765625
47.654164705900001 47.674052941200003 1.4020232911499999 1.40264426043 0.0009765625
47.674052941200003 47.693941176499997 1.40200233624 1.4026232911500001 0.0009765625
47.693941176499997 47.713829411799999 1.4019813957 1.40260233624 0.0009765625
47.713829411799999 47.733717647100001 1.4019604695100001 1.4025813957 0.0009765625
47.733717647100001 47.753605882400002 1.40193955765 1.40256046951 0.0009765625
47.753605882400002 47.773494117600002 1.4019186601 1.4025395576499999 0.0009765625
47.773494117600002 47.793382352899997 1.4018977768600001 1.4025186600999999 0.0009765625
47.793382352899997 47.813270588199998 1.40187690789 1.40249777686 0.0009765625
47.813270588199998 47.8331588235 1.4018560532 1.4024769078899999 0.0009765625
47.8331588235 47.853047058800001 1.40183521277 1.4024560532000001 0.0009765625
47.853047058800001 47.872935294100003 1.4018143865699999 1.4024352127699999 0.0009765625
47.872935294100003 47.892823529399998 1.4017935745900001 1.4024143865700001 0.0009765625
47.892823529399998 47.912711764699999 1.4017727768199999 1.40239357459 0.0009765625
47.912711764699999 47.932600000000001 1.40175199324 1.4023727768200001 0.0009765625
47.932600000000001 47.952488235300002 1.4017312238499999 1.4023519932399999 0.0009765625
47.952488235300002 47.972376470599997 1.4017104686099999 1.4023312238500001 0.0009765625
47.972376470599997 47.992264705899998 1.40168972752 1.4023104686100001 0.0009765625
47.992264705899998 48.0121529412 1.4016690005500001 1.4022897275199999 0.0009765625
48.0121529412 48.032041176500002 1.4016482877100001 1.40226900055 0.0009765625
48.032041176500002 48.051929411800003 1.4016275889600001 1.40224828771 0.0009765625
48.051929411800003 48.071817647099998 1.4016069043099999 1.40222758896 0.0009765625
48.071817647099998 48.091705882399999 1.40158623372 1.4022069043100001 0.0009765625
48.091705882399999 48.111594117599999 1.40156557718 1.40218623372 0.0009765625
48.111594117599999 48.131482352900001 1.40154493469 1.4021655771799999 0.0009765625
48.131482352900001 48.151370588200002 1.40152430622 1.4021449346899999 0.0009765625
48.151370588200002 48.171258823499997 1.4015036917599999 1.4021243062199999 0.0009765625
48.171258823499997 48.191147058799999 1.40148309129 1.40210369176 0.0009765625
48.191147058799999 48.2110352941 1.4014625048 1.40208309129 0.0009765625
48.2110352941 48.230923529400002 1.40144193228 1.4020625047999999 0.0009765625
48.230923529400002 48.250811764700003 1.4014213737100001 1.40204193228 0.0009765625
48.250811764700003 48.270699999999998 1.40140082907 1.40202137371 0.0009765625
48.270699999999998 48.2905882353 1.4013802983500001 1.4020008290699999 0.0009765625
48.2905882353 48.310476470600001 1.4013597815300001 1.40198029835 0.0009765625
48.310476470600001 48.330364705900003 1.4013392786100001 1.40195978153 0.0009765625
48.330364705900003 48.350252941199997 1.4013187895600001 1.40193927861 0.0009765625
48.350252941199997 48.370141176499999 1.40129831437 1.40191878956 0.0009765625
48.370141176499999 48.390029411800001 1.4012778530200001 1.4018983143699999 0.0009765625
48.390029411800001 48.409917647100002 1.4012574055 1.40187785302 0.0009765625
48.409917647100002 48.429805882399997 1.4012369718 1.4018574054999999 0.0009765625
48.429805882399997 48.449694117600004 1.4012165518999999 1.4018369718000001 0.0009765625
48.449694117600004 48.469582352899998 1.40119614578 1.4018165519000001 0.0009765625
48.469582352899998 48.4894705882 1.40117575344 1.4017961457799999 0.0009765625
48.4894705882 48.509358823500001 1.4011553748500001 1.4017757534399999 0.0009765625
48.509358823500001 48.529247058800003 1.40113501 1.40175537485 0.0009765625
48.529247058800003 48.549135294099997 1.4011146588800001 1.4017350099999999 0.0009765625
48.549135294099997 48.569023529399999 1.40109432148 1.40171465888 0.0009765625
48.569023529399999 48.588911764700001 1.40107399777 1.4016943214799999 0.0009765625
48.588911764700001 48.608800000000002 1.4010536877399999 1.4016739977699999 0.0009765625
48.608800000000002 48.628688235299997 1.4010333913799999 1.4016536877400001 0.0009765625
48.628688235299997 48.648576470599998 1.40101310867 1.4016333913800001 0.0009765625
48.648576470599998 48.6684647059 1.4009928396 1.4016131086700001 0.0009765625
48.6684647059 48.688352941200002 1.40097258416 1.4015928395999999 0.0009765625
48.688352941200002 48.708241176500003 1.4009523423300001 1.40157258416 0.0009765625
48.708241176500003 48.728129411799998 1.40093211409 1.40155234233 0.0009765625
48.728129411799998 48.748017647099999 1.4009118994400001 1.4015321140899999 0.0009765625
48.748017647099999 48.767905882400001 1.4008916983499999 1.40151189944 0.0009765625
48.767905882400001 48.787794117600001 1.4008715108100001 1.4014916983500001 0.0009765625
48.787794117600001 48.807682352900002 1.40085133681 1.40147151081 0.0009765625
48.807682352900002 48.827570588199997 1.4008311763300001 1.4014513368099999 0.0009765625
48.827570588199997 48.847458823499998 1.40081102937 1.40143117633 0.0009765625
48.847458823499998 48.8673470588 1.4007908958999999 1.4014110293699999 0.0009765625
48.8673470588 48.887235294100002 1.4007707759000001 1.4013908959000001 0.0009765625
48.887235294100002 48.907123529400003 1.40075066938 1.4013707759 0.0009765625
48.907123529400003 48.927011764699998 1.4007305763 1.40135066938 0.0009765625
48.927011764699998 48.946899999999999 1.4007104966699999 1.4013305762999999 0.0009765625
48.946899999999999 48.966788235300001 1.4006904304500001 1.4013104966700001 0.0009765625
48.966788235300001 48.986676470600003 1.40067037765 1.40129043045 0.0009765625
48.986676470600003 49.006564705899997 1.40065033824 1.40127037765 0.0009765625
49.006564705899997 49.026452941199999 1.4006303122099999 1.4012503382399999 0.0009765625
49.026452941199999 49.0463411765 1.40061029955 1.4012303122100001 0.0009765625
49.0463411765 49.066229411800002 1.40059030024 1.40121029955 0.0009765625
49.066229411800002 49.086117647099996 1.4005703142699999 1.4011903002399999 0.0009765625
49.086117647099996 49.106005882399998 1.40055034162 1.4011703142700001 0.0009765625
49.106005882399998 49.125894117599998 1.4005303822799999 1.40115034162 0.0009765625
49.125894117599998 49.1457823529 1.40051043624 1.4011303822800001 0.0009765625
49.1457823529 49.165670588200001 1.4004905034799999 1.40111043624 0.0009765625
49.165670588200001 49.185558823500003 1.40047058399 1.4010905034800001 0.0009765625
49.185558823500003 49.205447058799997 1.4004506777600001 1.40107058399 0.0009765625
49.205447058799997 49.225335294099999 1.4004307847599999 1.40105067776 0.0009765625
49.225335294099999 49.2452235294 1.40041090499 1.4010307847600001 0.0009765625
49.2452235294 49.265111764700002 1.40039103843 1.4010109049899999 0.0009765625
49.265111764700002 49.284999999999997 1.40037118507 1.4009910384299999 0.0009765625
49.284999999999997 49.304888235299998 1.40035134489 1.40097118507 0.0009765625
49.304888235299998 49.3247764706 1.40033151789 1.4009513448899999 0.0009765625
49.3247764706 49.344664705900001 1.4003117040399999 1.4009315178899999 0.0009765625
49.344664705900001 49.364552941200003 1.4002919033300001 1.4009117040400001 0.0009765625
49.364552941200003 49.384441176499998 1.40027211575 1.40089190333 0.0009765625
49.384441176499998 49.404329411799999 1.4002523412900001 1.4008721157499999 0.0009765625
49.404329411799999 49.424217647100001 1.4002325799299999 1.40085234129 0.0009765625
49.424217647100001 49.444105882400002 1.40021283166 1.4008325799300001 0.0009765625
49.444105882400002 49.463994117600002 1.40019309646 1.4008128316599999 0.0009765625
49.463994117600002 49.483882352899997 1.40017337432 1.4007930964599999 0.0009765625
49.483882352899997 49.503770588199998 1.40015366523 1.4007733743199999 0.0009765625
49.503770588199998 49.5236588235 1.4001339691700001 1.4007536652299999 0.0009765625
49.5236588235 49.543547058800002 1.40011428612 1.40073396917 0.0009765625
49.543547058800002 49.563435294100003 1.4000946160900001 1.4007142861199999 0.0009765625
49.563435294100003 49.583323529399998 1.4000749590499999 1.40069461609 0.0009765625
49.583323529399998 49.603211764699999 1.4000553149799999 1.4006749590500001 0.0009765625
49.603211764699999 49.623100000000001 1.4000356838800001 1.4006553149800001 0.0009765625
49.623100000000001 49.642988235300002 1.40001606573 1.40063568388 0.0009765625
49.642988235300002 49.662876470599997 1.3999964605199999 1.40061606573 0.0009765625
49.662876470599997 49.682764705899999 1.39997686824 1.4005964605200001 0.0009765625
49.682764705899999 49.7026529412 1.39995728886 1.4005768682399999 0.0009765625
49.7026529412 49.722541176500002 1.39993772238 1.40055728886 0.0009765625
49.722541176500002 49.742429411800003 1.39991816879 1.40053772238 0.0009765625
49.742429411800003 49.762317647099998 1.3998986280600001 1.4005181687899999 0.0009765625
49.762317647099998 49.7822058824 1.3998791001899999 1.40049862806 0.0009765625
49.7822058824 49.802094117599999 1.39985958517 1.4004791001900001 0.0009765625
49.802094117599999 49.821982352900001 1.39984008297 1.4004595851699999 0.0009765625
49.821982352900001 49.841870588200003 1.3998205936000001 1.4004400829700001 0.0009765625
49.841870588200003 49.861758823499997 1.39980111702 1.4004205936 0.0009765625
49.861758823499997 49.881647058799999 1.39978165324 1.4004011170199999 0.0009765625
49.881647058799999 49.9015352941 1.39976220223 1.40038165324 0.0009765625
49.9015352941 49.921423529400002 1.39974276399 1.40036220223 0.0009765625
49.921423529400002 49.941311764700004 1.3997233384900001 1.4003427639899999 0.0009765625
49.941311764700004 49.961199999999998 1.3997039257399999 1.40032333849 0.0009765625
49.961199999999998 49.9810882353 1.3996845256999999 1.4003039257400001 0.0009765625
49.9810882353 50.000976470600001 1.3996651383800001 1.4002845257000001 0.0009765625
50.000976470600001 50.020864705900003 1.3996457637599999 1.40026513838 0.0009765625
50.020864705900003 50.040752941199997 1.39962640182 1.4002457637600001 0.0009765625
50.040752941199997 50.060641176499999 1.39960705255 1.4002264018199999 0.0009765625
50.060641176499999 50.080529411800001 1.3995877159300001 1.4002070525500001 0.0009765625
50.080529411800001 50.100417647100002 1.3995683919699999 1.40018771593 0.0009765625
50.100417647100002 50.120305882399997 1.3995490806299999 1.4001683919700001 0.0009765625
50.120305882399997 50.140194117599997 1.3995297819100001 1.4001490806300001 0.0009765625
50.140194117599997 50.160082352899998 1.3995104958 1.40012978191 0.0009765625
50.160082352899998 50.1799705882 1.39949122228 1.4001104957999999 0.0009765625
50.1799705882 50.199858823500001 1.39947196134 1.4000912222799999 0.0009765625
50.199858823500001 50.219747058800003 1.3994527129700001 1.4000719613399999 0.0009765625
50.219747058800003 50.239635294099998 1.3994334771500001 1.40005271297 0.0009765625
50.239635294099998 50.259523529399999 1.3994142538700001 1.40003347715 0.0009765625
50.259523529399999 50.279411764700001 1.39939504312 1.40001425387 0.0009765625
50.279411764700001 50.299300000000002 1.39937584488 1.3999950431199999 0.0009765625
50.299300000000002 50.319188235299997 1.39935665915 1.3999758448799999 0.0009765625
50.319188235299997 50.339076470599998 1.3993374859000001 1.3999566591499999 0.0009765625
50.339076470599998 50.3589647059 1.3993183251300001 1.3999374859 0.0009765625
50.3589647059 50.378852941200002 1.39929917683 1.39991832513 0.0009765625
50.378852941200002 50.398741176500003 1.3992800409699999 1.39989917683 0.0009765625
50.398741176500003 50.418629411799998 1.3992609175499999 1.3998800409700001 0.0009765625
50.418629411799998 50.438517647099999 1.3992418065600001 1.3998609175500001 0.0009765625
50.438517647099999 50.458405882400001 1.3992227079699999 1.39984180656 0.0009765625
50.458405882400001 50.478294117600001 1.3992036217899999 1.3998227079700001 0.0009765625
50.478294117600001 50.498182352900002 1.39918454799 1.3998036217900001 0.0009765625
50.498182352900002 50.518070588199997 1.3991654865700001 1.39978454799 0.0009765625
50.518070588199997 50.537958823499999 1.39914643751 1.39976548657 0.0009765625
50.537958823499999 50.5578470588 1.3991274007900001 1.3997464375099999 0.0009765625
50.5578470588 50.577735294100002 1.3991083764100001 1.39972740079 0.0009765625
50.577735294100002 50.597623529400003 1.39908936436 1.39970837641 0.0009765625
50.597623529400003 50.617511764699998 1.39907036461 1.3996893643599999 0.0009765625
50.617511764699998 50.6374 1.3990513771599999 1.3996703646099999 0.0009765625
50.6374 50.657288235300001 1.399032402 1.3996513771600001 0.0009765625
50.657288235300001 50.677176470600003 1.39901343911 1.3996324019999999 0.0009765625
50.677176470600003 50.697064705899997 1.3989944884800001 1.3996134391099999 0.0009765625
50.697064705899997 50.716952941199999 1.3989755500900001 1.39959448848 0.0009765625
50.716952941199999 50.7368411765 1.39895662394 1.39957555009 0.0009765625
50.7368411765 50.756729411800002 1.39893771002 1.3995566239399999 0.0009765625
50.756729411800002 50.776617647099997 1.3989188082999999 1.3995377100199999 0.0009765625
50.776617647099997 50.796505882399998 1.39889991878 1.3995188083000001 0.0009765625
50.796505882399998 50.816394117599998 1.3988810414499999 1.3994999187799999 0.0009765625
50.816394117599998 50.8362823529 1.39886217628 1.3994810414500001 0.0009765625
50.8362823529 50.856170588200001 1.3988433232799999 1.3994621762799999 0.0009765625
50.856170588200001 50.876058823500003 1.39882448243 1.3994433232800001 0.0009765625
50.876058823500003 50.895947058799997 1.39880565371 1.3994244824299999 0.0009765625
50.895947058799997 50.915835294099999 1.3987868371100001 1.3994056537099999 0.0009765625
50.915835294099999 50.935723529400001 1.39876803262 1.39938683711 0.0009765625
50.935723529400001 50.955611764700002 1.3987492402399999 1.39936803262 0.0009765625
50.955611764700002 50.975499999999997 1.3987304599299999 1.3993492402400001 0.0009765625
50.975499999999997 50.995388235299998 1.3987116917 1.39933045993 0.0009765625
50.995388235299998 51.0152764706 1.39869293554 1.3993116916999999 0.0009765625
51.0152764706 51.035164705900002 1.39867419142 1.3992929355399999 0.0009765625
51.035164705900002 51.055052941200003 1.39865545933 1.39927419142 0.0009765625
51.055052941200003 51.074941176499998 1.3986367392700001 1.39925545933 0.0009765625
51.074941176499998 51.094829411799999 1.3986180312300001 1.39923673927 0.0009765625
51.094829411799999 51.114717647100001 1.3985993351799999 1.39921803123 0.0009765625
51.114717647100001 51.134605882400002 1.3985806511200001 1.3991993351800001 0.0009765625
51.134605882400002 51.154494117600002 1.3985619790399999 1.39918065112 0.0009765625
51.154494117600002 51.174382352899997 1.3985433189200001 1.3991619790400001 0.0009765625
51.174382352899997 51.194270588199998 1.3985246707500001 1.39914331892 0.0009765625
51.194270588199998 51.2141588235 1.39850603453 1.39912467075 0.0009765625
51.2141588235 51.234047058800002 1.39848741022 1.3991060345299999 0.0009765625
51.234047058800002 51.253935294100003 1.3984687978400001 1.3990874102199999 0.0009765625
51.253935294100003 51.273823529399998 1.3984501973500001 1.39906879784 0.0009765625
51.273823529399998 51.293711764699999 1.3984316087599999 1.39905019735 0.0009765625
51.293711764699999 51.313600000000001 1.3984130320499999 1.3990316087600001 0.0009765625
51.313600000000001 51.333488235300003 1.3983944671999999 1.39901303205 0.0009765625
51.333488235300003 51.353376470599997 1.3983759142100001 1.3989944672000001 0.0009765625
51.353376470599997 51.373264705899999 1.3983573730600001 1.39897591421 0.0009765625
51.373264705899999 51.3931529412 1.3983388437399999 1.39895737306 0.0009765625
51.3931529412 51.413041176500002 1.3983203262399999 1.3989388437400001 0.0009765625
51.413041176500002 51.432929411800004 1.39830182055 1.3989203262400001 0.0009765625
51.432929411800004 51.452817647099998 1.3982833266500001 1.3989018205499999 0.0009765625
51.452817647099998 51.4727058824 1.3982648445400001 1.39888332665 0.0009765625
51.4727058824 51.492594117599999 1.39824637419 1.39886484454 0.0009765625
51.492594117599999 51.512482352900001 1.3982279156099999 1.3988463741899999 0.0009765625
51.512482352900001 51.532370588200003 1.39820946878 1.3988279156100001 0.0009765625
51.532370588200003 51.552258823499997 1.3981910336800001 1.3988094687799999 0.0009765625
51.552258823499997 51.572147058799999 1.3981726103000001 1.39879103368 0.0009765625
51.572147058799999 51.5920352941 1.3981541986399999 1.3987726103 0.0009765625
51.5920352941 51.611923529400002 1.39813579867 1.3987541986400001 0.0009765625
51.611923529400002 51.631811764699997 1.3981174104 1.39873579867 0.0009765625
51.631811764699997 51.651699999999998 1.3980990337999999 1.3987174104 0.0009765625
51.651699999999998 51.6715882353 1.39808066887 1.3986990338 0.0009765625
51.6715882353 51.691476470600001 1.39806231559 1.39868066887 0.0009765625
51.691476470600001 51.711364705900003 1.3980439739499999 1.39866231559 0.0009765625
51.711364705900003 51.731252941199998 1.3980256439400001 1.3986439739500001 0.0009765625
51.731252941199998 51.751141176499999 1.3980073255500001 1.39862564394 0.0009765625
51.751141176499999 51.771029411800001 1.3979890187699999 1.39860732555 0.0009765625
51.771029411800001 51.790917647100002 1.3979707235800001 1.3985890187700001 0.0009765625
51.790917647100002 51.810805882399997 1.3979524399700001 1.39857072358 0.0009765625
51.810805882399997 51.830694117599997 1.3979341679399999 1.39855243997 0.0009765625
51.830694117599997 51.850582352899998 1.3979159074700001 1.3985341679400001 0.0009765625
51.850582352899998 51.8704705882 1.39789765854 1.39851590747 0.0009765625
51.8704705882 51.890358823500002 1.3978794211600001 1.39849765854 0.0009765625
51.890358823500002 51.910247058800003 1.3978611953 1.39847942116 0.0009765625
51.910247058800003 51.930135294099998 1.3978429809499999 1.3984611952999999 0.0009765625
51.930135294099998 51.950023529399999 1.3978247780999999 1.3984429809500001 0.0009765625
51.950023529399999 51.969911764700001 1.39780658675 1.3984247781000001 0.0009765625
51.969911764700001 51.989800000000002 1.3977884068699999 1.39840658675 0.0009765625
51.989800000000002 52.009688235299997 1.3977702384699999 1.3983884068700001 0.0009765625
52.009688235299997 52.029576470599999 1.39775208152 1.3983702384700001 0.0009765625
52.029576470599999 52.0494647059 1.3977339360100001 1.3983520815199999 0.0009765625
52.0494647059 52.069352941200002 1.39771580194 1.39833393601 0.0009765625
52.069352941200002 52.089241176500003 1.39769767929 1.3983158019399999 0.0009765625
52.089241176500003 52.109129411799998 1.39767956805 1.3982976792899999 0.0009765625
52.109129411799998 52.1290176471 1.3976614682099999 1.39827956805 0.0009765625
52.1290176471 52.148905882400001 1.3976433797600001 1.3982614682100001 0.0009765625
52.148905882400001 52.168794117600001 1.3976253026900001 1.39824337976 0.0009765625
52.168794117600001 52.188682352900003 1.3976072369799999 1.39822530269 0.0009765625
52.188682352900003 52.208570588199997 1.39758918263 1.39820723698 0.0009765625
52.208570588199997 52.228458823499999 1.3975711396199999 1.3981891826299999 0.0009765625
52.228458823499999 52.2483470588 1.3975531079400001 1.3981711396200001 0.0009765625
52.2483470588 52.268235294100002 1.3975350875799999 1.39815310794 0.0009765625
52.268235294100002 52.288123529400004 1.39751707853 1.39813508758 0.0009765625
52.288123529400004 52.308011764699998 1.3974990807800001 1.3981170785299999 0.0009765625
52.308011764699998 52.3279 1.39748109432 1.39809908078 0.0009765625
52.3279 52.347788235300001 1.39746311913 1.3980810943199999 0.0009765625
52.347788235300001 52.367676470600003 1.3974451552 1.3980631191299999 0.0009765625
52.367676470600003 52.387564705899997 1.3974272025300001 1.3980451551999999 0.0009765625
52.387564705899997 52.407452941199999 1.3974092611 1.39802720253 0.0009765625
52.407452941199999 52.427341176500001 1.3973913308999999 1.3980092610999999 0.0009765625
52.427341176500001 52.447229411800002 1.3973734119200001 1.3979913309000001 0.0009765625
52.447229411800002 52.467117647099997 1.3973555041500001 1.39797341192 0.0009765625
52.467117647099997 52.487005882399998 1.3973376075799999 1.39795550415 0.0009765625
52.487005882399998 52.506894117599998 1.39731972219 1.3979376075800001 0.0009765625
52.506894117599998 52.5267823529 1.3973018479799999 1.3979197221899999 0.0009765625
52.5267823529 52.546670588200001 1.3972839849300001 1.3979018479800001 0.0009765625
52.546670588200001 52.566558823500003 1.39726613304 1.39788398493 0.0009765625
52.566558823500003 52.586447058799997 1.39724829229 1.39786613304 0.0009765625
52.586447058799997 52.606335294099999 1.3972304626700001 1.39784829229 0.0009765625
52.606335294099999 52.626223529400001 1.3972126441699999 1.39783046267 0.0009765625
52.626223529400001 52.646111764700002 1.39719483678 1.3978126441700001 0.0009765625
52.646111764700002 52.665999999999997 1.3971770404899999 1.3977948367799999 0.0009765625
52.665999999999997 52.685888235299998 1.3971592552800001 1.3977770404900001 0.0009765625
52.685888235299998 52.7057764706 1.39714148115 1.39775925528 0.0009765625
52.7057764706 52.725664705900002 1.39712371809 1.39774148115 0.0009765625
52.725664705900002 52.745552941200003 1.39710596608 1.39772371809 0.0009765625
52.745552941200003 52.765441176499998 1.3970882251200001 1.39770596608 0.0009765625
52.765441176499998 52.785329411799999 1.3970704951899999 1.39768822512 0.0009765625
52.785329411799999 52.805217647100001 1.39705277628 1.3976704951900001 0.0009765625
52.805217647100001 52.825105882400003 1.3970350683799999 1.39765277628 0.0009765625
52.825105882400003 52.844994117600002 1.39701737148 1.3976350683800001 0.0009765625
52.844994117600002 52.864882352899997 1.39699968557 1.39761737148 0.0009765625
52.864882352899997 52.884770588199999 1.3969820106399999 1.3975996855699999 0.0009765625
52.884770588199999 52.9046588235 1.3969643466799999 1.3975820106400001 0.0009765625
52.9046588235 52.924547058800002 1.3969466936799999 1.3975643466800001 0.0009765625
52.924547058800002 52.944435294100003 1.3969290516199999 1.3975466936800001 0.0009765625
52.944435294100003 52.964323529399998 1.3969114204999999 1.3975290516200001 0.0009765625
52.964323529399998 52.984211764699999 1.3968938003 1.3975114205000001 0.0009765625
52.984211764699999 53.004100000000001 1.39687619102 1.3974938002999999 0.0009765625
53.004100000000001 53.023988235300003 1.3968585926399999 1.39747619102 0.0009765625
53.023988235300003 53.043876470599997 1.39684100516 1.3974585926400001 0.0009765625
53.043876470599997 53.063764705899999 1.3968234285500001 1.3974410051599999 0.0009765625
53.063764705899999 53.0836529412 1.39680586282 1.39742342855 0.0009765625
53.0836529412 53.103541176500002 1.3967883079500001 1.3974058628199999 0.0009765625
53.103541176500002 53.123429411799997 1.39677076393 1.39738830795 0.0009765625
53.123429411799997 53.143317647099998 1.3967532307499999 1.3973707639299999 0.0009765625
53.143317647099998 53.1632058824 1.3967357083900001 1.3973532307500001 0.0009765625
53.1632058824 53.1830941176 1.39671819686 1.39733570839 0.0009765625
53.1830941176 53.202982352900001 1.3967006961399999 1.3973181968599999 0.0009765625
53.202982352900001 53.222870588200003 1.3966832062100001 1.3973006961400001 0.0009765625
53.222870588200003 53.242758823499997 1.39666572707 1.39728320621 0.0009765625
53.242758823499997 53.262647058799999 1.3966482587 1.39726572707 0.0009765625
53.262647058799999 53.282535294100001 1.3966308010999999 1.3972482586999999 0.0009765625
53.282535294100001 53.302423529400002 1.3966133542600001 1.3972308011000001 0.0009765625
53.302423529400002 53.322311764699997 1.3965959181600001 1.39721335426 0.0009765625
53.322311764699997 53.342199999999998 1.3965784928 1.39719591816 0.0009765625
53.342199999999998 53.3620882353 1.39656107816 1.3971784927999999 0.0009765625
53.3620882353 53.381976470600002 1.3965436742299999 1.3971610781599999 0.0009765625
53.381976470600002 53.401864705900003 1.3965262810100001 1.3971436742300001 0.0009765625
53.401864705900003 53.421752941199998 1.39650889848 1.39712628101 0.0009765625
53.421752941199998 53.441641176499999 1.39649152663 1.39710889848 0.0009765625
53.441641176499999 53.461529411800001 1.3964741654499999 1.3970915266299999 0.0009765625
53.461529411800001 53.481417647100002 1.3964568149400001 1.3970741654500001 0.0009765625
53.481417647100002 53.501305882399997 1.39643947507 1.39705681494 0.0009765625
53.501305882399997 53.521194117599997 1.3964221458499999 1.3970394750699999 0.0009765625
53.521194117599997 53.541082352899998 1.39640482726 1.3970221458500001 0.0009765625
53.541082352899998 53.5609705882 1.3963875192799999 1.39700482726 0.0009765625
53.5609705882 53.580858823500002 1.39637022192 1.3969875192800001 0.0009765625
53.580858823500002 53.600747058800003 1.3963529351599999 1.39697022192 0.0009765625
53.600747058800003 53.620635294099998 1.39633565898 1.3969529351600001 0.0009765625
53.620635294099998 53.640523529399999 1.3963183933900001 1.3969356589799999 0.0009765625
53.640523529399999 53.660411764700001 1.3963011383599999 1.39691839339 0.0009765625
53.660411764700001 53.680300000000003 1.3962838939 1.3969011383600001 0.0009765625
53.680300000000003 53.700188235299997 1.39626665998 1.3968838938999999 0.0009765625
53.700188235299997 53.720076470599999 1.3962494366 1.3968666599799999 0.0009765625
53.720076470599999 53.7399647059 1.39623222374 1.3968494365999999 0.0009765625
53.7399647059 53.759852941200002 1.39621502141 1.3968322237399999 0.0009765625
53.759852941200002 53.779741176500004 1.3961978295799999 1.3968150214099999 0.0009765625
53.779741176500004 53.799629411799998 1.3961806482500001 1.3967978295800001 0.0009765625
53.799629411799998 53.8195176471 1.39616347741 1.39678064825 0.0009765625
53.8195176471 53.839405882400001 1.3961463170499999 1.39676347741 0.0009765625
53.839405882400001 53.859294117600001 1.39612916715 1.3967463170500001 0.0009765625
53.859294117600001 53.879182352900003 1.3961120277100001 1.39672916715 0.0009765625
53.879182352900003 53.899070588199997 1.3960948987099999 1.39671202771 0.0009765625
53.899070588199997 53.918958823499999 1.3960777801599999 1.3966948987100001 0.0009765625
53.918958823499999 53.9388470588 1.3960606720299999 1.3966777801600001 0.0009765625
53.9388470588 53.958735294100002 1.3960435743099999 1.3966606720300001 0.0009765625
53.958735294100002 53.978623529399997 1.3960264870000001 1.3966435743100001 0.0009765625
53.978623529399997 53.998511764699998 1.39600941009 1.396626487 0.0009765625
53.998511764699998 54.0184 1.3959923435699999 1.3966094100899999 0.0009765625
54.0184 54.038288235300001 1.39597528742 1.3965923435700001 0.0009765625
54.038288235300001 54.058176470600003 1.39595824164 1.3965752874199999 0.0009765625
54.058176470600003 54.078064705899997 1.3959412062200001 1.39655824164 0.0009765625
54.078064705899997 54.097952941199999 1.3959241811400001 1.39654120622 0.0009765625
54.097952941199999 54.117841176500001 1.3959071664 1.39652418114 0.0009765625
54.117841176500001 54.137729411800002 1.3958901619899999 1.3965071663999999 0.0009765625
54.137729411800002 54.157617647099997 1.3958731679 1.3964901619900001 0.0009765625
54.157617647099997 54.177505882399998 1.3958561841099999 1.3964731679 0.0009765625
54.177505882399998 54.197394117599998 1.3958392106199999 1.3964561841100001 0.0009765625
54.197394117599998 54.2172823529 1.3958222474099999 1.3964392106200001 0.0009765625
54.2172823529 54.237170588200001 1.3958052944899999 1.3964222474100001 0.0009765625
54.237170588200001 54.257058823500003 1.3957883518300001 1.3964052944900001 0.0009765625
54.257058823500003 54.276947058799998 1.3957714194299999 1.39638835183 0.0009765625
54.276947058799998 54.296835294099999 1.39575449727 1.3963714194300001 0.0009765625
54.296835294099999 54.316723529400001 1.39573758536 1.3963544972699999 0.0009765625
54.316723529400001 54.336611764700002 1.39572068367 1.39633758536 0.0009765625
54.336611764700002 54.356499999999997 1.39570379221 1.39632068367 0.0009765625
54.356499999999997 54.376388235299999 1.3956869109500001 1.3963037922099999 0.0009765625
54.376388235299999 54.3962764706 1.3956700398899999 1.39628691095 0.0009765625
54.3962764706 54.416164705900002 1.39565317902 1.3962700398900001 0.0009765625
54.416164705900002 54.436052941200003 1.39563632833 1.3962531790199999 0.0009765625
54.436052941200003 54.455941176499998 1.3956194878099999 1.3962363283300001 0.0009765625
54.455941176499998 54.475829411799999 1.39560265745 1.39621948781 0.0009765625
54.475829411799999 54.495717647100001 1.3955858372400001 1.3962026574499999 0.0009765625
54.495717647100001 54.515605882400003 1.3955690271700001 1.39618583724 0.0009765625
54.515605882400003 54.535494117600003 1.3955522272300001 1.39616902717 0.0009765625
54.535494117600003 54.555382352899997 1.39553543741 1.39615222723 0.0009765625
54.555382352899997 54.575270588199999 1.3955186577100001 1.3961354374099999 0.0009765625
54.575270588199999 54.5951588235 1.3955018881100001 1.39611865771 0.0009765625
54.5951588235 54.615047058800002 1.3954851286000001 1.39610188811 0.0009765625
54.615047058800002 54.634935294100003 1.39546837917 1.3960851286 0.0009765625
54.634935294100003 54.654823529399998 1.3954516398200001 1.3960683791699999 0.0009765625
54.654823529399998 54.6747117647 1.3954349105299999 1.39605163982 0.0009765625
54.6747117647 54.694600000000001 1.3954181912900001 1.3960349105300001 0.0009765625
54.694600000000001 54.714488235300003 1.3954014821 1.39601819129 0.0009765625
54.714488235300003 54.734376470599997 1.3953847829499999 1.3960014821 0.0009765625
54.734376470599997 54.754264705899999 1.3953680938199999 1.3959847829500001 0.0009765625
54.754264705899999 54.774152941200001 1.3953514147099999 1.3959680938200001 0.0009765625
54.774152941200001 54.794041176500002 1.3953347456 1.3959514147100001 0.0009765625
54.794041176500002 54.813929411799997 1.3953180864900001 1.3959347456 0.0009765625
54.813929411799997 54.833817647099998 1.3953014373699999 1.39591808649 0.0009765625
54.833817647099998 54.8537058824 1.3952847982300001 1.3959014373700001 0.0009765625
54.8537058824 54.8735941176 1.39526816905 1.39588479823 0.0009765625
54.8735941176 54.893482352900001 1.39525154984 1.3958681690500001 0.0009765625
54.893482352900001 54.913370588200003 1.39523494057 1.3958515498399999 0.0009765625
54.913370588200003 54.933258823499997 1.3952183412500001 1.3958349405699999 0.0009765625
54.933258823499997 54.953147058799999 1.3952017518499999 1.39581834125 0.0009765625
54.953147058799999 54.973035294100001 1.3951851723799999 1.3958017518500001 0.0009765625
54.973035294100001 54.992923529400002 1.3951686028200001 1.3957851723800001 0.0009765625
54.992923529400002 55.012811764699997 1.39515204316 1.39576860282 0.0009765625
55.012811764699997 55.032699999999998 1.3951354934 1.3957520431599999 0.0009765625
55.032699999999998 55.0525882353 1.3951189535199999 1.3957354933999999 0.0009765625
55.0525882353 55.072476470600002 1.39510242352 1.3957189535200001 0.0009765625
55.072476470600002 55.092364705900003 1.39508590338 1.39570242352 0.0009765625
55.092364705900003 55.112252941199998 1.39506939309 1.39568590338 0.0009765625
55.112252941199998 55.132141176499999 1.3950528926600001 1.3956693930899999 0.0009765625
55.132141176499999 55.152029411800001 1.3950364020599999 1.39565289266 0.0009765625
55.152029411800001 55.171917647100003 1.3950199212900001 1.3956364020600001 0.0009765625
55.171917647100003 55.191805882399997 1.39500345034 1.39561992129 0.0009765625
55.191805882399997 55.211694117599997 1.3949869892 1.3956034503400001 0.0009765625
55.211694117599997 55.231582352899999 1.3949705378599999 1.3955869891999999 0.0009765625
55.231582352899999 55.2514705882 1.39495409631 1.3955705378600001 0.0009765625
55.2514705882 55.271358823500002 1.39493766455 1.3955540963099999 0.0009765625
55.271358823500002 55.291247058800003 1.3949212425499999 1.3955376645499999 0.0009765625
55.291247058800003 55.311135294099998 1.39490483032 1.3955212425500001 0.0009765625
55.311135294099998 55.331023529399999 1.39488842785 1.3955048303199999 0.0009765625
55.331023529399999 55.350911764700001 1.3948720351199999 1.3954884278499999 0.0009765625
55.350911764700001 55.370800000000003 1.39485565213 1.3954720351200001 0.0009765625
55.370800000000003 55.390688235299997 1.3948392788599999 1.3954556521299999 0.0009765625
55.390688235299997 55.410576470599999 1.39482291531 1.3954392788600001 0.0009765625
55.410576470599999 55.4304647059 1.39480656148 1.39542291531 0.0009765625
55.4304647059 55.450352941200002 1.39479021734 1.39540656148 0.0009765625
55.450352941200002 55.470241176499997 1.39477388289 1.3953902173399999 0.0009765625
55.470241176499997 55.490129411799998 1.39475755812 1.39537388289 0.0009765625
55.490129411799998 55.5100176471 1.3947412430299999 1.39535755812 0.0009765625
55.5100176471 55.529905882400001 1.3947249375999999 1.3953412430300001 0.0009765625
55.529905882400001 55.549794117600001 1.3947086418200001 1.3953249376000001 0.0009765625
55.549794117600001 55.569682352900003 1.3946923556899999 1.39530864182 0.0009765625
55.569682352900003 55.589570588199997 1.3946760791999999 1.3952923556900001 0.0009765625
55.589570588199997 55.609458823499999 1.39465981233 1.3952760792000001 0.0009765625
55.609458823499999 55.629347058800001 1.39464355508 1.39525981233 0.0009765625
55.629347058800001 55.649235294100002 1.39462730745 1.39524355508 0.0009765625
55.649235294100002 55.669123529399997 1.39461106941 1.3952273074499999 0.0009765625
55.669123529399997 55.689011764699998 1.39459484096 1.3952110694099999 0.0009765625
55.689011764699998 55.7089 1.3945786221000001 1.3951948409599999 0.0009765625
55.7089 55.728788235300001 1.39456241281 1.3951786221 0.0009765625
55.728788235300001 55.748676470600003 1.3945462130799999 1.39516241281 0.0009765625
55.748676470600003 55.768564705899998 1.3945300229099999 1.3951462130800001 0.0009765625
55.768564705899998 55.788452941199999 1.3945138422900001 1.3951300229100001 0.0009765625
55.788452941199999 55.808341176500001 1.3944976711999999 1.39511384229 0.0009765625
55.808341176500001 55.828229411800002 1.3944815096500001 1.3950976712000001 0.0009765625
55.828229411800002 55.848117647099997 1.3944653576099999 1.39508150965 0.0009765625
55.848117647099997 55.868005882399999 1.3944492150900001 1.3950653576100001 0.0009765625
55.868005882399999 55.887894117599998 1.3944330820599999 1.39504921509 0.0009765625
55.887894117599998 55.9077823529 1.3944169585399999 1.3950330820600001 0.0009765625
55.9077823529 55.927670588200002 1.39440084449 1.3950169585400001 0.0009765625
55.927670588200002 55.947558823500003 1.39438473992 1.3950008444899999 0.0009765625
55.947558823500003 55.967447058799998 1.3943686448199999 1.3949847399199999 0.0009765625
55.967447058799998 55.987335294099999 1.3943525591799999 1.39496864482 0.0009765625
55.987335294099999 56.007223529400001 1.39433648299 1.3949525591800001 0.0009765625
56.007223529400001 56.027111764700003 1.39432041624 1.3949364829899999 0.0009765625
56.027111764700003 56.046999999999997 1.3943043589199999 1.39492041624 0.0009765625
56.046999999999997 56.066888235299999 1.3942883110199999 1.3949043589200001 0.0009765625
56.066888235299999 56.0867764706 1.3942722725400001 1.3948883110200001 0.0009765625
56.0867764706 56.106664705900002 1.3942562434600001 1.39487227254 0.0009765625
56.106664705900002 56.126552941200003 1.39424022378 1.39485624346 0.0009765625
56.126552941200003 56.146441176499998 1.39422421349 1.3948402237799999 0.0009765625
56.146441176499998 56.1663294118 1.3942082125799999 1.39482421349 0.0009765625
56.1663294118 56.186217647100001 1.39419222104 1.3948082125800001 0.0009765625
56.186217647100001 56.206105882400003 1.3941762388600001 1.3947922210399999 0.0009765625
56.206105882400003 56.225994117600003 1.3941602660400001 1.39477623886 0.0009765625
56.225994117600003 56.245882352899997 1.39414430256 1.39476026604 0.0009765625
56.245882352899997 56.265770588199999 1.39412834842 1.3947443025599999 0.0009765625
56.265770588199999 56.2856588235 1.3941124036000001 1.3947283484199999 0.0009765625
56.2856588235 56.305547058800002 1.3940964681100001 1.3947124036 0.0009765625
56.305547058800002 56.325435294099996 1.39408054192 1.39469646811 0.0009765625
56.325435294099996 56.345323529399998 1.3940646250399999 1.3946805419199999 0.0009765625
56.345323529399998 56.3652117647 1.39404871745 1.3946646250400001 0.0009765625
56.3652117647 56.385100000000001 1.39403281915 1.39464871745 0.0009765625
56.385100000000001 56.404988235300003 1.3940169301200001 1.3946328191499999 0.0009765625
56.404988235300003 56.424876470599997 1.39400105036 1.39461693012 0.0009765625
56.424876470599997 56.444764705899999 1.39398517986 1.3946010503599999 0.0009765625
56.444764705899999 56.464652941200001 1.39396931861 1.39458517986 0.0009765625
56.464652941200001 56.484541176500002 1.3939534666 1.3945693186100001 0.0009765625
56.484541176500002 56.504429411799997 1.3939376238200001 1.3945534665999999 0.0009765625
56.504429411799997 56.524317647099998 1.3939217902700001 1.39453762382 0.0009765625
56.524317647099998 56.5442058824 1.3939059659399999 1.39452179027 0.0009765625
56.5442058824 56.5640941176 1.3938901508099999 1.3945059659400001 0.0009765625
56.5640941176 56.583982352900001 1.3938743448899999 1.3944901508100001 0.0009765625
56.583982352900001 56.603870588200003 1.3938585481500001 1.3944743448900001 0.0009765625
56.603870588200003 56.623758823499998 1.3938427605999999 1.39445854815 0.0009765625
56.623758823499998 56.643647058799999 1.39382698222 1.3944427606000001 0.0009765625
56.643647058799999 56.663535294100001 1.39381121301 1.3944269822199999 0.0009765625
56.663535294100001 56.683423529400002 1.3937954529600001 1.3944112130099999 0.0009765625
56.683423529400002 56.703311764699997 1.39377970205 1.39439545296 0.0009765625
56.703311764699997 56.723199999999999 1.39376396029 1.3943797020499999 0.0009765625
56.723199999999999 56.7430882353 1.3937482276499999 1.39436396029 0.0009765625
56.7430882353 56.762976470600002 1.3937325041499999 1.3943482276500001 0.0009765625
56.762976470600002 56.782864705900003 1.39371678975 1.3943325041500001 0.0009765625
56.782864705900003 56.802752941199998 1.39370108447 1.39431678975 0.0009765625
56.802752941199998 56.822641176499999 1.39368538828 1.3943010844699999 0.0009765625
56.822641176499999 56.842529411800001 1.3936697011900001 1.3942853882799999 0.0009765625
56.842529411800001 56.862417647100003 1.3936540231700001 1.39426970119 0.0009765625
56.862417647100003 56.882305882399997 1.3936383542299999 1.39425402317 0.0009765625
56.882305882399997 56.902194117599997 1.3936226943600001 1.3942383542300001 0.0009765625
56.902194117599997 56.922082352899999 1.3936070435400001 1.39422269436 0.0009765625
56.922082352899999 56.9419705882 1.39359140178 1.39420704354 0.0009765625
56.9419705882 56.961858823500002 1.3935757690499999 1.3941914017799999 0.0009765625
56.961858823500002 56.981747058800003 1.3935601453499999 1.3941757690500001 0.0009765625
56.981747058800003 57.001635294099998 1.3935445306800001 1.3941601453500001 0.0009765625
57.001635294099998 57.0215235294 1.39352892503 1.39414453068 0.0009765625
57.0215235294 57.041411764700001 1.3935133283800001 1.39412892503 0.0009765625
57.041411764700001 57.061300000000003 1.39349774074 1.39411332838 0.0009765625
57.061300000000003 57.081188235299997 1.39348216208 1.3940977407399999 0.0009765625
57.081188235299997 57.101076470599999 1.39346659241 1.3940821620799999 0.0009765625
57.101076470599999 57.120964705900001 1.39345103171 1.39406659241 0.0009765625
57.120964705900001 57.140852941200002 1.3934354799799999 1.3940510317100001 0.0009765625
57.140852941200002 57.160741176499997 1.39341993721 1.3940354799800001 0.0009765625
57.160741176499997 57.180629411799998 1.3934044033899999 1.3940199372099999 0.0009765625
57.180629411799998 57.2005176471 1.3933888785199999 1.3940044033900001 0.0009765625
57.2005176471 57.220405882400001 1.39337336257 1.3939888785200001 0.0009765625
57.220405882400001 57.240294117600001 1.3933578555499999 1.3939733625699999 0.0009765625
57.240294117600001 57.260182352900003 1.3933423574499999 1.3939578555500001 0.0009765625
57.260182352900003 57.280070588199997 1.39332686827 1.3939423574500001 0.0009765625
57.280070588199997 57.299958823499999 1.3933113879800001 1.3939268682699999 0.0009765625
57.299958823499999 57.319847058800001 1.3932959165800001 1.39391138798 0.0009765625
57.319847058800001 57.339735294100002 1.3932804540799999 1.39389591658 0.0009765625
57.339735294100002 57.359623529399997 1.39326500045 1.3938804540800001 0.0009765625
57.359623529399997 57.379511764699998 1.39324955568 1.3938650004499999 0.0009765625
57.379511764699998 57.3994 1.39323411978 1.3938495556799999 0.0009765625
57.3994 57.419288235300002 1.3932186927400001 1.3938341197799999 0.0009765625
57.419288235300002 57.439176470600003 1.39320327454 1.39381869274 0.0009765625
57.439176470600003 57.459064705899998 1.39318786518 1.39380327454 0.0009765625
57.459064705899998 57.478952941199999 1.3931724646400001 1.39378786518 0.0009765625
57.478952941199999 57.498841176500001 1.39315707293 1.39377246464 0.0009765625
57.498841176500001 57.518729411800003 1.39314169003 1.39375707293 0.0009765625
57.518729411800003 57.538617647099997 1.39312631594 1.3937416900299999 0.0009765625
57.538617647099997 57.558505882399999 1.3931109506399999 1.39372631594 0.0009765625
57.558505882399999 57.578394117599998 1.3930955941400001 1.3937109506400001 0.0009765625
57.578394117599998 57.5982823529 1.3930802464200001 1.39369559414 0.0009765625
57.5982823529 57.618170588200002 1.3930649074699999 1.39368024642 0.0009765625
57.618170588200002 57.638058823500003 1.39304957728 1.39366490747 0.0009765625
57.638058823500003 57.657947058799998 1.39303425586 1.3936495772799999 0.0009765625
57.657947058799998 57.677835294099999 1.39301894318 1.3936342558599999 0.0009765625
57.677835294099999 57.697723529400001 1.39300363925 1.3936189431799999 0.0009765625
57.697723529400001 57.717611764700003 1.3929883440499999 1.39360363925 0.0009765625
57.717611764700003 57.737499999999997 1.3929730575699999 1.3935883440500001 0.0009765625
57.737499999999997 57.757388235299999 1.3929577798199999 1.3935730575700001 0.0009765625
57.757388235299999 57.7772764706 1.39294251077 1.3935577798200001 0.0009765625
57.7772764706 57.797164705900002 1.3929272504300001 1.3935425107699999 0.0009765625
57.797164705900002 57.817052941199996 1.39291199878 1.39352725043 0.0009765625
57.817052941199996 57.836941176499998 1.3928967558300001 1.39351199878 0.0009765625
57.836941176499998 57.8568294118 1.3928815215399999 1.39349675582 0.0009765625
57.8568294118 57.876717647100001 1.39286629594 1.39348152155 0.0009765625
57.876717647100001 57.896605882400003 1.3928510789899999 1.3934662959399999 0.0009765625
57.896605882400003 57.916494117600003 1.3928358706999999 1.3934510789900001 0.0009765625
57.916494117600003 57.936382352899997 1.39282067106 1.3934358707000001 0.0009765625
57.936382352899997 57.956270588199999 1.39280548006 1.3934206710599999 0.0009765625
57.956270588199999 57.9761588235 1.3927902977 1.39340548006 0.0009765625
57.9761588235 57.996047058800002 1.3927751239499999 1.3933902976999999 0.0009765625
57.996047058800002 58.015935294099997 1.3927599588299999 1.3933751239500001 0.0009765625
58.015935294099997 58.035823529399998 1.39274480231 1.3933599588300001 0.0009765625
58.035823529399998 58.0557117647 1.3927296544000001 1.3933448023099999 0.0009765625
58.0557117647 58.075600000000001 1.39271451508 1.3933296544 0.0009765625
58.075600000000001 58.095488235300003 1.39269938434 1.3933145150799999 0.0009765625
58.095488235300003 58.115376470599998 1.39268426219 1.3932993843399999 0.0009765625
58.115376470599998 58.135264705899999 1.3926691486 1.3932842621899999 0.0009765625
58.135264705899999 58.155152941200001 1.3926540435799999 1.3932691486 0.0009765625
58.155152941200001 58.175041176500002 1.39263894712 1.39325404358 0.0009765625
58.175041176500002 58.194929411799997 1.3926238592 1.39323894712 0.0009765625
58.194929411799997 58.214817647099999 1.39260877982 1.3932238591999999 0.0009765625
58.214817647099999 58.2347058824 1.39259370898 1.3932087798199999 0.0009765625
58.2347058824 58.2545941176 1.3925786466600001 1.3931937089799999 0.0009765625
58.2545941176 58.274482352900002 1.39256359286 1.39317864666 0.0009765625
58.274482352900002 58.294370588200003 1.3925485475599999 1.3931635928599999 0.0009765625
58.294370588200003 58.314258823499998 1.3925335107700001 1.3931485475600001 0.0009765625
58.314258823499998 58.334147058799999 1.3925184824800001 1.39313351077 0.0009765625
58.334147058799999 58.354035294100001 1.3925034626699999 1.39311848248 0.0009765625
58.354035294100001 58.373923529400003 1.39248845134 1.3931034626700001 0.0009765625
58.373923529400003 58.393811764699997 1.3924734484900001 1.3930884513399999 0.0009765625
58.393811764699997 58.413699999999999 1.39245845409 1.39307344849 0.0009765625
58.413699999999999 58.4335882353 1.39244346816 1.39305845409 0.0009765625
58.4335882353 58.453476470600002 1.39242849067 1.3930434681599999 0.0009765625
58.453476470600002 58.473364705900003 1.39241352163 1.3930284906699999 0.0009765625
58.473364705900003 58.493252941199998 1.39239856102 1.3930135216299999 0.0009765625
58.493252941199998 58.5131411765 1.3923836088299999 1.39299856102 0.0009765625
58.5131411765 58.533029411800001 1.39236866507 1.3929836088300001 0.0009765625
58.533029411800001 58.552917647100003 1.3923537297199999 1.3929686650699999 0.0009765625
58.552917647100003 58.572805882399997 1.3923388027700001 1.3929537297200001 0.0009765625
58.572805882399997 58.592694117599997 1.3923238842200001 1.39293880277 0.0009765625
58.592694117599997 58.612582352899999 1.3923089740600001 1.39292388422 0.0009765625
58.612582352899999 58.6324705882 1.3922940722799999 1.39290897406 0.0009765625
58.6324705882 58.652358823500002 1.39227917887 1.3928940722800001 0.0009765625
58.652358823500002 58.672247058799996 1.3922642938400001 1.3928791788699999 0.0009765625
58.672247058799996 58.692135294099998 1.3922494171599999 1.39286429384 0.0009765625
58.692135294099998 58.7120235294 1.3922345488300001 1.3928494171600001 0.0009765625
58.7120235294 58.731911764700001 1.39221968885 1.39283454883 0.0009765625
58.731911764700001 58.751800000000003 1.39220483721 1.39281968885 0.0009765625
58.751800000000003 58.771688235299997 1.39218999389 1.3928048372099999 0.0009765625
58.771688235299997 58.791576470599999 1.3921751589 1.3927899938899999 0.0009765625
58.791576470599999 58.811464705900001 1.39216033222 1.3927751588999999 0.0009765625
58.811464705900001 58.831352941200002 1.3921455138600001 1.39276033222 0.0009765625
58.831352941200002 58.851241176499997 1.3921307037899999 1.39274551386 0.0009765625
58.851241176499997 58.871129411799998 1.39211590202 1.3927307037900001 0.0009765625
58.871129411799998 58.8910176471 1.3921011085299999 1.39271590202 0.0009765625
58.8910176471 58.910905882400002 1.39208632332 1.3927011085300001 0.0009765625
58.910905882400002 58.930794117600001 1.39207154638 1.39268632332 0.0009765625
58.930794117600001 58.950682352900003 1.3920567777099999 1.3926715463799999 0.0009765625
58.950682352900003 58.970570588199998 1.3920420172900001 1.3926567777100001 0.0009765625
58.970570588199998 58.990458823499999 1.3920272651200001 1.39264201729 0.0009765625
58.990458823499999 59.010347058800001 1.3920125211900001 1.39262726512 0.0009765625
59.010347058800001 59.030235294100002 1.3919977855000001 1.39261252119 0.0009765625
59.030235294100002 59.050123529399997 1.3919830580400001 1.3925977855 0.0009765625
59.050123529399997 59.070011764699998 1.3919683387999999 1.39258305804 0.0009765625
59.070011764699998 59.0899 1.39195362777 1.3925683388000001 0.0009765625
59.0899 59.109788235300002 1.39193892494 1.3925536277699999 0.0009765625
59.109788235300002 59.129676470600003 1.3919242303199999 1.39253892494 0.0009765625
59.129676470600003 59.149564705899998 1.39190954388 1.3925242303200001 0.0009765625
59.149564705899998 59.169452941199999 1.3918948656300001 1.3925095438799999 0.0009765625
59.169452941199999 59.189341176500001 1.39188019556 1.39249486563 0.0009765625
59.189341176500001 59.209229411800003 1.3918655336600001 1.3924801955599999 0.0009765625
59.209229411800003 59.229117647099997 1.39185087992 1.39246553366 0.0009765625
59.229117647099997 59.249005882399999 1.3918362343299999 1.3924508799199999 0.0009765625
59.249005882399999 59.268894117599999 1.3918215969000001 1.3924362343300001 0.0009765625
59.268894117599999 59.2887823529 1.3918069676 1.3924215969 0.0009765625
59.2887823529 59.308670588200002 1.3917923464399999 1.3924069675999999 0.0009765625
59.308670588200002 59.328558823500003 1.3917777334100001 1.3923923464400001 0.0009765625
59.328558823500003 59.348447058799998 1.3917631284900001 1.39237773341 0.0009765625
59.348447058799998 59.3683352941 1.39174853169 1.39236312849 0.0009765625
59.3683352941 59.388223529400001 1.39173394299 1.3923485316899999 0.0009765625
59.388223529400001 59.408111764700003 1.3917193623899999 1.3923339429899999 0.0009765625
59.408111764700003 59.427999999999997 1.3917047898899999 1.3923193623900001 0.0009765625
59.427999999999997 59.447888235299999 1.3916902254600001 1.3923047898900001 0.0009765625
59.447888235299999 59.4677764706 1.3916756691200001 1.39229022546 0.0009765625
59.4677764706 59.487664705900002 1.39166112084 1.39227566912 0.0009765625
59.487664705900002 59.507552941199997 1.39164658063 1.39226112084 0.0009765625
59.507552941199997 59.527441176499998 1.39163204847 1.39224658063 0.0009765625
59.527441176499998 59.5473294118 1.39161752436 1.3922320484699999 0.0009765625
59.5473294118 59.567217647100001 1.3916030082999999 1.3922175243599999 0.0009765625
59.567217647100001 59.587105882400003 1.3915885002699999 1.3922030083000001 0.0009765625
59.587105882400003 59.606994117600003 1.3915740002600001 1.3921885002700001 0.0009765625
59.606994117600003 59.626882352899997 1.3915595082800001 1.39217400026 0.0009765625
59.626882352899997 59.646770588199999 1.39154502431 1.39215950828 0.0009765625
59.646770588199999 59.666658823500001 1.39153054835 1.39214502431 0.0009765625
59.666658823500001 59.686547058800002 1.39151608039 1.3921305483499999 0.0009765625
59.686547058800002 59.706435294099997 1.3915016204199999 1.3921160803899999 0.0009765625
59.706435294099997 59.726323529399998 1.3914871684400001 1.3921016204200001 0.0009765625
59.726323529399998 59.7462117647 1.39147272443 1.39208716844 0.0009765625
59.7462117647 59.766100000000002 1.3914582884 1.39207272443 0.0009765625
59.766100000000002 59.785988235300003 1.3914438603299999 1.3920582883999999 0.0009765625
59.785988235300003 59.805876470599998 1.39142944022 1.39204386033 0.0009765625
59.805876470599998 59.825764705899999 1.3914150280599999 1.39202944022 0.0009765625
59.825764705899999 59.845652941200001 1.3914006238500001 1.3920150280600001 0.0009765625
59.845652941200001 59.865541176500003 1.39138622757 1.39200062385 0.0009765625
59.865541176500003 59.885429411799997 1.3913718392200001 1.3919862275699999 0.0009765625
59.885429411799997 59.905317647099999 1.3913574587999999 1.39197183922 0.0009765625
59.905317647099999 59.9252058824 1.3913430863 1.3919574588000001 0.0009765625
59.9252058824 59.9450941176 1.3913287217000001 1.3919430863 0.0009765625
59.9450941176 59.964982352900002 1.3913143649999999 1.3919287217 0.0009765625
59.964982352900002 59.984870588200003 1.39130001621 1.3919143650000001 0.0009765625
59.984870588200003 60.004758823499998 1.3912856753 1.3919000162099999 0.0009765625
60.004758823499998 60.024647058799999 1.39127134227 1.3918856753 0.0009765625
60.024647058799999 60.044535294100001 1.3912570171200001 1.39187134227 0.0009765625
60.044535294100001 60.064423529400003 1.39124269984 1.39185701712 0.0009765625
60.064423529400003 60.084311764699997 1.39122839042 1.39184269984 0.0009765625
60.084311764699997 60.104199999999999 1.39121408885 1.39182839042 0.0009765625
60.104199999999999 60.1240882353 1.3911997951399999 1.3918140888499999 0.0009765625
60.1240882353 60.143976470600002 1.3911855092600001 1.3917997951400001 0.0009765625
60.143976470600002 60.163864705899996 1.39117123122 1.39178550926 0.0009765625
60.163864705899996 60.183752941199998 1.3911569610100001 1.3917712312199999 0.0009765625
60.183752941199998 60.2036411765 1.39114269861 1.39175696101 0.0009765625
60.2036411765 60.223529411800001 1.39112844404 1.3917426986100001 0.0009765625
60.223529411800001 60.243417647100003 1.3911141972700001 1.39172844404 0.0009765625
60.243417647100003 60.263305882399997 1.3910999583000001 1.39171419727 0.0009765625
60.263305882399997 60.283194117599997 1.3910857271199999 1.3916999583 0.0009765625
60.283194117599997 60.303082352899999 1.3910715037300001 1.39168572712 0.0009765625
60.303082352899999 60.3229705882 1.3910572881300001 1.39167150373 0.0009765625
60.3229705882 60.342858823500002 1.39104308029 1.39165728813 0.0009765625
60.342858823500002 60.362747058799997 1.3910288802199999 1.3916430802899999 0.0009765625
60.362747058799997 60.382635294099998 1.39101468792 1.3916288802200001 0.0009765625
60.382635294099998 60.4025235294 1.3910005033699999 1.39161468792 0.0009765625
60.4025235294 60.422411764700001 1.39098632656 1.3916005033700001 0.0009765625
60.422411764700001 60.442300000000003 1.3909721575 1.3915863265599999 0.0009765625
60.442300000000003 60.462188235299998 1.39095799617 1.3915721575 0.0009765625
60.462188235299998 60.482076470599999 1.39094384256 1.39155799617 0.0009765625
60.482076470599999 60.501964705900001 1.39092969668 1.39154384256 0.0009765625
60.501964705900001 60.521852941200002 1.3909155585099999 1.3915296966799999 0.0009765625
60.521852941200002 60.541741176499997 1.3909014280500001 1.3915155585100001 0.0009765625
60.541741176499997 60.561629411799998 1.3908873052799999 1.39150142805 0.0009765625
60.561629411799998 60.5815176471 1.39087319022 1.3914873052800001 0.0009765625
60.5815176471 60.601405882400002 1.39085908283 1.3914731902199999 0.0009765625
60.601405882400002 60.621294117600002 1.39084498313 1.39145908283 0.0009765625
60.621294117600002 60.641182352900003 1.39083089111 1.39144498313 0.0009765625
60.641182352900003 60.661070588199998 1.39081680675 1.39143089111 0.0009765625
60.661070588199998 60.680958823499999 1.3908027300500001 1.3914168067499999 0.0009765625
60.680958823499999 60.700847058800001 1.39078866101 1.39140273005 0.0009765625
60.700847058800001 60.720735294100002 1.3907745996100001 1.3913886610099999 0.0009765625
60.720735294100002 60.740623529399997 1.3907605458600001 1.39137459961 0.0009765625
60.740623529399997 60.760511764699999 1.3907464997400001 1.39136054586 0.0009765625
60.760511764699999 60.7804 1.3907324612500001 1.39134649974 0.0009765625
60.7804 60.800288235300002 1.39071843038 1.39133246125 0.0009765625
60.800288235300002 60.820176470600003 1.3907044071200001 1.3913184303799999 0.0009765625
60.820176470600003 60.840064705899998 1.39069039148 1.39130440712 0.0009765625
60.840064705899998 60.8599529412 1.39067638343 1.3912903914800001 0.0009765625
60.8599529412 60.879841176500001 1.39066238298 1.3912763834299999 0.0009765625
60.879841176500001 60.899729411800003 1.39064839012 1.3912623829799999 0.0009765625
60.899729411800003 60.919617647099997 1.3906344048399999 1.3912483901199999 0.0009765625
60.919617647099997 60.939505882399999 1.39062042714 1.39123440484 0.0009765625
60.939505882399999 60.959394117599999 1.3906064570100001 1.3912204271399999 0.0009765625
60.959394117599999 60.9792823529 1.3905924944400001 1.39120645701 0.0009765625
60.9792823529 60.999170588200002 1.3905785394300001 1.39119249444 0.0009765625
60.999170588200002 61.019058823500004 1.39056459197 1.39117853943 0.0009765625
61.019058823500004 61.038947058799998 1.3905506520499999 1.39116459197 0.0009765625
61.038947058799998 61.0588352941 1.39053671967 1.3911506520500001 0.0009765625
61.0588352941 61.078723529400001 1.3905227948200001 1.39113671967 0.0009765625
61.078723529400001 61.098611764700003 1.3905088774900001 1.39112279482 0.0009765625
61.098611764700003 61.118499999999997 1.39049496769 1.39110887749 0.0009765625
61.118499999999997 61.138388235299999 1.3904810653899999 1.39109496769 0.0009765625
61.138388235299999 61.158276470600001 1.3904671706 1.3910810653900001 0.0009765625
61.158276470600001 61.178164705900002 1.3904532833100001 1.3910671706 0.0009765625
61.178164705900002 61.198052941199997 1.3904394035100001 1.39105328331 0.0009765625
61.198052941199997 61.217941176499998 1.39042553119 1.39103940351 0.0009765625
61.217941176499998 61.2378294118 1.3904116663599999 1.3910255311899999 0.0009765625
61.2378294118 61.257717647100002 1.390397809 1.3910116663600001 0.0009765625
61.257717647100002 61.277605882400003 1.39038395911 1.3909978089999999 0.0009765625
61.277605882400003 61.297494117600003 1.39037011667 1.3909839591099999 0.0009765625
61.297494117600003 61.317382352899997 1.3903562816899999 1.3909701166699999 0.0009765625
61.317382352899997 61.337270588199999 1.39034245416 1.3909562816900001 0.0009765625
61.337270588199999 61.357158823500001 1.3903286340700001 1.39094245416 0.0009765625
61.357158823500001 61.377047058800002 1.3903148214200001 1.39092863407 0.0009765625
61.377047058800002 61.396935294099997 1.3903010162 1.39091482142 0.0009765625
61.396935294099997 61.416823529399998 1.3902872183899999 1.3909010162 0.0009765625
61.416823529399998 61.4367117647 1.39027342801 1.3908872183900001 0.0009765625
61.4367117647 61.456600000000002 1.39025964503 1.3908734280099999 0.0009765625
61.456600000000002 61.476488235300003 1.39024586946 1.3908596450299999 0.0009765625
61.476488235300003 61.496376470599998 1.3902321012900001 1.3908458694600001 0.0009765625
61.496376470599998 61.516264705899999 1.3902183404999999 1.39083210129 0.0009765625
61.516264705899999 61.536152941200001 1.3902045871099999 1.3908183405000001 0.0009765625
61.536152941200001 61.556041176500003 1.3901908410899999 1.3908045871100001 0.0009765625
61.556041176500003 61.575929411799997 1.39017710244 1.3907908410900001 0.0009765625
61.575929411799997 61.595817647099999 1.3901633711600001 1.39077710244 0.0009765625
61.595817647099999 61.6157058824 1.3901496472399999 1.39076337116 0.0009765625
61.6157058824 61.6355941176 1.3901359306700001 1.3907496472400001 0.0009765625
61.6355941176 61.655482352900002 1.39012222146 1.39073593067 0.0009765625
61.655482352900002 61.675370588200003 1.39010851958 1.3907222214599999 0.0009765625
61.675370588200003 61.695258823499998 1.39009482504 1.39070851958 0.0009765625
61.695258823499998 61.7151470588 1.39008113782 1.39069482504 0.0009765625
61.7151470588 61.735035294100001 1.3900674579300001 1.3906811378199999 0.0009765625
61.735035294100001 61.754923529400003 1.3900537853599999 1.39066745793 0.0009765625
61.754923529400003 61.774811764699997 1.3900401201000001 1.3906537853600001 0.0009765625
61.774811764699997 61.794699999999999 1.39002646214 1.3906401201 0.0009765625
61.794699999999999 61.8145882353 1.3900128114800001 1.39062646214 0.0009765625
61.8145882353 61.834476470600002 1.3899991681099999 1.39061281148 0.0009765625
61.834476470600002 61.854364705899997 1.3899855320300001 1.3905991681100001 0.0009765625
61.854364705899997 61.874252941199998 1.38997190322 1.39058553203 0.0009765625
61.874252941199998 61.8941411765 1.38995828169 1.3905719032199999 0.0009765625
61.8941411765 61.914029411800001 1.38994466743 1.39055828169 0.0009765625
61.914029411800001 61.933917647100003 1.3899310604299999 1.3905446674299999 0.0009765625
61.933917647100003 61.953805882399998 1.38991746069 1.3905310604300001 0.0009765625
61.953805882399998 61.973694117599997 1.38990386819 1.3905174606899999 0.0009765625
61.973694117599997 61.993582352899999 1.3898902829399999 1.3905038681899999 0.0009765625
61.993582352899999 62.013470588200001 1.38987670492 1.3904902829400001 0.0009765625
62.013470588200001 62.033358823500002 1.3898631341400001 1.39047670492 0.0009765625
62.033358823500002 62.053247058799997 1.38984957057 1.39046313414 0.0009765625
62.053247058799997 62.073135294099998 1.3898360142299999 1.39044957057 0.0009765625
62.073135294099998 62.0930235294 1.3898224651 1.3904360142300001 0.0009765625
62.0930235294 62.112911764700002 1.3898089231799999 1.3904224650999999 0.0009765625
62.112911764700002 62.132800000000003 1.3897953884600001 1.3904089231800001 0.0009765625
62.132800000000003 62.152688235299998 1.3897818609299999 1.39039538846 0.0009765625
62.152688235299998 62.172576470599999 1.3897683405900001 1.39038186093 0.0009765625
62.172576470599999 62.192464705900001 1.38975482744 1.39036834059 0.0009765625
62.192464705900001 62.212352941200002 1.3897413214600001 1.3903548274399999 0.0009765625
62.212352941200002 62.232241176499997 1.3897278226500001 1.39034132146 0.0009765625
62.232241176499997 62.252129411799999 1.389714331 1.39032782265 0.0009765625
62.252129411799999 62.2720176471 1.38970084652 1.3903143309999999 0.0009765625
62.2720176471 62.291905882400002 1.38968736918 1.39030084652 0.0009765625
62.291905882400002 62.311794117600002 1.3896738989999999 1.39028736918 0.0009765625
62.311794117600002 62.331682352900003 1.38966043595 1.3902738990000001 0.0009765625
62.331682352900003 62.351570588199998 1.38964698004 1.3902604359499999 0.0009765625
62.351570588199998 62.371458823499999 1.3896335312500001 1.3902469800399999 0.0009765625
62.371458823499999 62.391347058800001 1.3896200895899999 1.39023353125 0.0009765625
62.391347058800001 62.411235294100003 1.3896066550499999 1.3902200895900001 0.0009765625
62.411235294100003 62.431123529399997 1.38959322761 1.3902066550500001 0.0009765625
62.431123529399997 62.451011764699999 1.3895798072800001 1.39019322761 0.0009765625
62.451011764699999 62.4709 1.38956639405 1.39017980728 0.0009765625
62.4709 62.490788235300002 1.3895529879199999 1.39016639405 0.0009765625
62.490788235300002 62.510676470600004 1.38953958887 1.3901529879200001 0.0009765625
62.510676470600004 62.530564705899998 1.3895261968999999 1.3901395888700001 0.0009765625
62.530564705899998 62.5504529412 1.389512812 1.3901261969000001 0.0009765625
62.5504529412 62.570341176500001 1.38949943418 1.3901128119999999 0.0009765625
62.570341176500001 62.590229411800003 1.3894860634199999 1.3900994341799999 0.0009765625
62.590229411800003 62.610117647099997 1.38947269971 1.3900860634200001 0.0009765625
62.610117647099997 62.630005882399999 1.38945934306 1.3900726997099999 0.0009765625
62.630005882399999 62.649894117599999 1.3894459934600001 1.3900593430599999 0.0009765625
62.649894117599999 62.6697823529 1.3894326508899999 1.39004599346 0.0009765625
62.6697823529 62.689670588200002 1.3894193153600001 1.3900326508900001 0.0009765625
62.689670588200002 62.709558823499997 1.3894059868499999 1.39001931536 0.0009765625
62.709558823499997 62.729447058799998 1.3893926653699999 1.3900059868500001 0.0009765625
62.729447058799998 62.7493352941 1.3893793509100001 1.3899926653700001 0.0009765625
62.7493352941 62.769223529400001 1.3893660434499999 1.38997935091 0.0009765625
62.769223529400001 62.789111764700003 1.3893527430099999 1.3899660434500001 0.0009765625
62.789111764700003 62.808999999999997 1.38933944956 1.38995274301 0.0009765625
62.808999999999997 62.828888235299999 1.3893261631 1.3899394495599999 0.0009765625
62.828888235299999 62.848776470600001 1.3893128836299999 1.3899261630999999 0.0009765625
62.848776470600001 62.868664705900002 1.38929961114 1.3899128836300001 0.0009765625
62.868664705900002 62.888552941199997 1.38928634563 1.3898996111399999 0.0009765625
62.888552941199997 62.908441176499998 1.3892730870900001 1.3898863456299999 0.0009765625
62.908441176499998 62.9283294118 1.3892598355100001 1.38987308709 0.0009765625
62.9283294118 62.948217647100002 1.38924659089 1.38985983551 0.0009765625
62.948217647100002 62.968105882400003 1.3892333532300001 1.38984659089 0.0009765625
62.968105882400003 62.987994117600003 1.38922012251 1.38983335323 0.0009765625
62.987994117600003 63.007882352899998 1.3892068987299999 1.38982012251 0.0009765625
63.007882352899998 63.027770588199999 1.3891936818899999 1.3898068987300001 0.0009765625
63.027770588199999 63.047658823500001 1.3891804719800001 1.3897936818900001 0.0009765625
63.047658823500001 63.067547058800002 1.3891672689900001 1.38978047198 0.0009765625
63.067547058800002 63.087435294099997 1.38915407292 1.38976726899 0.0009765625
63.087435294099997 63.107323529399999 1.3891408837599999 1.38975407292 0.0009765625
63.107323529399999 63.1272117647 1.3891277015100001 1.38974088376 0.0009765625
63.1272117647 63.147100000000002 1.38911452617 1.38972770151 0.0009765625
63.147100000000002 63.166988235300003 1.38910135771 1.3897145261699999 0.0009765625
63.166988235300003 63.186876470599998 1.3890881961499999 1.3897013577099999 0.0009765625
63.186876470599998 63.2067647059 1.3890750414699999 1.3896881961500001 0.0009765625
63.2067647059 63.226652941200001 1.3890618936700001 1.3896750414700001 0.0009765625
63.226652941200001 63.246541176500003 1.3890487527399999 1.38966189367 0.0009765625
63.246541176500003 63.266429411799997 1.3890356186799999 1.3896487527400001 0.0009765625
63.266429411799997 63.286317647099999 1.38902249149 1.3896356186800001 0.0009765625
63.286317647099999 63.3062058824 1.38900937114 1.3896224914899999 0.0009765625
63.3062058824 63.3260941176 1.3889962576499999 1.3896093711399999 0.0009765625
63.3260941176 63.345982352900002 1.3889831509999999 1.3895962576500001 0.0009765625
63.345982352900002 63.365870588200004 1.3889700511900001 1.3895831510000001 0.0009765625
63.365870588200004 63.385758823499998 1.3889569582200001 1.38957005119 0.0009765625
63.385758823499998 63.4056470588 1.38894387207 1.38955695822 0.0009765625
63.4056470588 63.425535294100001 1.3889307927400001 1.38954387207 0.0009765625
63.425535294100001 63.445423529400003 1.38891772023 1.38953079274 0.0009765625
63.445423529400003 63.465311764699997 1.3889046545399999 1.38951772023 0.0009765625
63.465311764699997 63.485199999999999 1.3888915956400001 1.3895046545400001 0.0009765625
63.485199999999999 63.505088235300001 1.38887854355 1.38949159564 0.0009765625
63.505088235300001 63.524976470600002 1.3888654982499999 1.3894785435499999 0.0009765625
63.524976470600002 63.544864705899997 1.38885245974 1.3894654982500001 0.0009765625
63.544864705899997 63.564752941199998 1.38883942801 1.38945245974 0.0009765625
63.564752941199998 63.5846411765 1.3888264030599999 1.38943942801 0.0009765625
63.5846411765 63.604529411800002 1.3888133848799999 1.3894264030600001 0.0009765625
63.604529411800002 63.624417647100003 1.3888003734700001 1.3894133848800001 0.0009765625
63.624417647100003 63.644305882399998 1.3887873688200001 1.38940037347 0.0009765625
63.644305882399998 63.664194117599997 1.38877437092 1.38938736882 0.0009765625
63.664194117599997 63.684082352899999 1.38876137977 1.3893743709199999 0.0009765625
63.684082352899999 63.703970588200001 1.3887483953699999 1.38936137977 0.0009765625
63.703970588200001 63.723858823500002 1.38873541771 1.3893483953700001 0.0009765625
63.723858823500002 63.743747058799997 1.3887224467799999 1.3893354177099999 0.0009765625
63.743747058799997 63.763635294099998 1.3887094825699999 1.3893224467800001 0.0009765625
63.763635294099998 63.7835235294 1.3886965250900001 1.3893094825700001 0.0009765625
63.7835235294 63.803411764700002 1.3886835743299999 1.38929652509 0.0009765625
63.803411764700002 63.823300000000003 1.38867063028 1.38928357433 0.0009765625
63.823300000000003 63.843188235299998 1.3886576929300001 1.38927063028 0.0009765625
63.843188235299998 63.863076470599999 1.38864476228 1.38925769293 0.0009765625
63.863076470599999 63.882964705900001 1.38863183833 1.3892447622799999 0.0009765625
63.882964705900001 63.902852941200003 1.38861892107 1.38923183833 0.0009765625
63.902852941200003 63.922741176499997 1.38860601049 1.3892189210699999 0.0009765625
63.922741176499997 63.942629411799999 1.3885931065799999 1.3892060104899999 0.0009765625
63.942629411799999 63.9625176471 1.3885802093599999 1.3891931065800001 0.0009765625
63.9625176471 63.982405882400002 1.3885673188000001 1.3891802093600001 0.0009765625
63.982405882400002 64.002294117600002 1.3885544349000001 1.3891673188 0.0009765625
64.002294117600002 64.022182352900003 1.38854155765 1.3891544349 0.0009765625
64.022182352900003 64.042070588200005 1.38852868706 1.3891415576499999 0.0009765625
64.042070588200005 64.061958823500007 1.3885158231200001 1.3891286870599999 0.0009765625
64.061958823500007 64.081847058799994 1.3885029658100001 1.38911582312 0.0009765625
64.081847058799994 64.101735294099996 1.38849011514 1.38910296581 0.0009765625
64.101735294099996 64.121623529399997 1.3884772711 1.3890901151399999 0.0009765625
64.121623529399997 64.141511764699999 1.3884644336900001 1.3890772710999999 0.0009765625
64.141511764699999 64.1614 1.38845160289 1.38906443369 0.0009765625
64.1614 64.181288235300002 1.3884387787000001 1.38905160289 0.0009765625
64.181288235300002 64.201176470600004 1.3884259611300001 1.3890387787 0.0009765625
64.201176470600004 64.221064705900005 1.3884131501500001 1.38902596113 0.0009765625
64.221064705900005 64.240952941200007 1.38840034578 1.38901315016 0.0009765625
64.240952941200007 64.260841176499994 1.3883875479900001 1.38900034578 0.0009765625
64.260841176499994 64.280729411799996 1.3883747568 1.38898754799 0.0009765625
64.280729411799996 64.300617647099997 1.38836197218 1.3889747567999999 0.0009765625
64.300617647099997 64.320505882399999 1.3883491941399999 1.3889619721799999 0.0009765625
64.320505882399999 64.340394117599999 1.3883364226699999 1.3889491941400001 0.0009765625
64.340394117599999 64.360282352900001 1.38832365777 1.3889364226700001 0.0009765625
64.360282352900001 64.380170588200002 1.38831089942 1.3889236577699999 0.0009765625
64.380170588200002 64.400058823500004 1.38829814763 1.3889108994199999 0.0009765625
64.400058823500004 64.419947058800005 1.38828540239 1.38889814763 0.0009765625
64.419947058800005 64.439835294100007 1.38827266369 1.3888854023899999 0.0009765625
64.439835294100007 64.459723529399994 1.3882599315399999 1.38887266369 0.0009765625
64.459723529399994 64.479611764699996 1.3882472059099999 1.3888599315400001 0.0009765625
64.479611764699996 64.499499999999998 1.3882344868100001 1.3888472059100001 0.0009765625
64.499499999999998 64.519388235299999 1.38822177424 1.38883448681 0.0009765625
64.519388235299999 64.539276470600001 1.3882090681799999 1.38882177424 0.0009765625
64.539276470600001 64.559164705900002 1.3881963686400001 1.3888090681800001 0.0009765625
64.559164705900002 64.579052941200004 1.3881836756000001 1.38879636864 0.0009765625
64.579052941200004 64.598941176500006 1.38817098907 1.3887836756 0.0009765625
64.598941176500006 64.618829411799993 1.38815830903 1.38877098907 0.0009765625
64.618829411799993 64.638717647099995 1.3881456354799999 1.38875830903 0.0009765625
64.638717647099995 64.658605882399996 1.3881329684199999 1.3887456354800001 0.0009765625
64.658605882399996 64.678494117599996 1.38812030784 1.38873296842 0.0009765625
64.678494117599996 64.698382352899998 1.3881076537399999 1.3887203078399999 0.0009765625
64.698382352899998 64.718270588199999 1.3880950060999999 1.38870765374 0.0009765625
64.718270588199999 64.738158823500001 1.38808236494 1.3886950061000001 0.0009765625
64.738158823500001 64.758047058800003 1.38806973023 1.38868236494 0.0009765625
64.758047058800003 64.777935294100004 1.3880571019700001 1.38866973023 0.0009765625
64.777935294100004 64.797823529400006 1.38804448017 1.38865710197 0.0009765625
64.797823529400006 64.817711764699993 1.3880318648100001 1.38864448017 0.0009765625
64.817711764699993 64.837599999999995 1.38801925589 1.38863186481 0.0009765625
64.837599999999995 64.857488235299996 1.3880066534 1.3886192558899999 0.0009765625
64.857488235299996 64.877376470599998 1.38799405734 1.3886066533999999 0.0009765625
64.877376470599998 64.8972647059 1.38798146771 1.38859405734 0.0009765625
64.8972647059 64.917152941200001 1.38796888449 1.3885814677099999 0.0009765625
64.917152941200001 64.937041176500003 1.3879563076899999 1.3885688844899999 0.0009765625
64.937041176500003 64.956929411800004 1.3879437372900001 1.38855630769 0.0009765625
64.956929411800004 64.976817647100006 1.3879311732999999 1.38854373729 0.0009765625
64.976817647100006 64.996705882399993 1.3879186157100001 1.3885311733000001 0.0009765625
64.996705882399993 65.016594117599993 1.3879060645100001 1.38851861571 0.0009765625
65.016594117599993 65.036482352899995 1.3878935197 1.38850606451 0.0009765625
65.036482352899995 65.056370588199997 1.3878809812699999 1.3884935196999999 0.0009765625
65.056370588199997 65.076258823499998 1.38786844921 1.3884809812700001 0.0009765625
65.076258823499998 65.0961470588 1.3878559235300001 1.3884684492099999 0.0009765625
65.0961470588 65.116035294100001 1.3878434042200001 1.38845592353 0.0009765625
65.116035294100001 65.135923529400003 1.3878308912699999 1.38844340422 0.0009765625
65.135923529400003 65.155811764700005 1.3878183846700001 1.3884308912700001 0.0009765625
65.155811764700005 65.175700000000006 1.3878058844300001 1.38841838467 0.0009765625
65.175700000000006 65.195588235299994 1.3877933905399999 1.38840588443 0.0009765625
65.195588235299994 65.215476470599995 1.3877809029799999 1.3883933905400001 0.0009765625
65.215476470599995 65.235364705899997 1.3877684217699999 1.3883809029800001 0.0009765625
65.235364705899997 65.255252941199998 1.38775594688 1.3883684217700001 0.0009765625
65.255252941199998 65.2751411765 1.38774347832 1.38835594688 0.0009765625
65.2751411765 65.295029411800002 1.38773101608 1.3883434783199999 0.0009765625
65.295029411800002 65.314917647100003 1.3877185601599999 1.38833101608 0.0009765625
65.314917647100003 65.334805882400005 1.3877061105499999 1.3883185601600001 0.0009765625
65.334805882400005 65.354694117600005 1.38769366725 1.3883061105500001 0.0009765625
65.354694117600005 65.374582352900006 1.3876812302499999 1.3882936672499999 0.0009765625
65.374582352900006 65.394470588199994 1.3876687995400001 1.3882812302500001 0.0009765625
65.394470588199994 65.414358823499995 1.38765637513 1.38826879954 0.0009765625
65.414358823499995 65.434247058799997 1.3876439570000001 1.3882563751300001 0.0009765625
65.434247058799997 65.454135294099999 1.3876315451500001 1.388243957 0.0009765625
65.454135294099999 65.4740235294 1.3876191395799999 1.38823154515 0.0009765625
65.4740235294 65.493911764700002 1.3876067402800001 1.3882191395800001 0.0009765625
65.493911764700002 65.513800000000003 1.3875943472500001 1.38820674028 0.0009765625
65.513800000000003 65.533688235300005 1.3875819604799999 1.38819434725 0.0009765625
65.533688235300005 65.553576470600007 1.3875695799600001 1.3881819604800001 0.0009765625
65.553576470600007 65.573464705899994 1.3875572057000001 1.38816957996 0.0009765625
65.573464705899994 65.593352941199996 1.3875448376799999 1.3881572057 0.0009765625
65.593352941199996 65.613241176499997 1.3875324759000001 1.3881448376800001 0.0009765625
65.613241176499997 65.633129411799999 1.3875201203600001 1.3881324759 0.0009765625
65.633129411799999 65.6530176471 1.3875077710499999 1.38812012036 0.0009765625
65.6530176471 65.672905882400002 1.38749542797 1.38810777105 0.0009765625
65.672905882400002 65.692794117600002 1.38748309111 1.38809542797 0.0009765625
65.692794117600002 65.712682352900003 1.3874707604700001 1.3880830911099999 0.0009765625
65.712682352900003 65.732570588200005 1.38745843604 1.38807076047 0.0009765625
65.732570588200005 65.752458823500007 1.3874461178099999 1.3880584360399999 0.0009765625
65.752458823500007 65.772347058799994 1.38743380579 1.3880461178100001 0.0009765625
65.772347058799994 65.792235294099996 1.3874214999600001 1.3880338057899999 0.0009765625
65.792235294099996 65.812123529399997 1.38740920032 1.38802149996 0.0009765625
65.812123529399997 65.832011764699999 1.3873969068800001 1.38800920032 0.0009765625
65.832011764699999 65.851900000000001 1.3873846196099999 1.38799690688 0.0009765625
65.851900000000001 65.871788235300002 1.3873723385200001 1.3879846196100001 0.0009765625
65.871788235300002 65.891676470600004 1.3873600636100001 1.38797233852 0.0009765625
65.891676470600004 65.911564705900005 1.3873477948599999 1.38796006361 0.0009765625
65.911564705900005 65.931452941200007 1.3873355322700001 1.3879477948600001 0.0009765625
65.931452941200007 65.951341176499994 1.38732327584 1.38793553227 0.0009765625
65.951341176499994 65.971229411799996 1.3873110255700001 1.38792327584 0.0009765625
65.971229411799996 65.991117647099998 1.38729878144 1.38791102557 0.0009765625
65.991117647099998 66.011005882399999 1.3872865434499999 1.3878987814399999 0.0009765625
66.011005882399999 66.030894117599999 1.3872743116099999 1.3878865434500001 0.0009765625
66.030894117599999 66.050782352900001 1.3872620859 1.3878743116100001 0.0009765625
66.050782352900001 66.070670588200002 1.3872498663099999 1.3878620858999999 0.0009765625
66.070670588200002 66.090558823500004 1.3872376528499999 1.3878498663100001 0.0009765625
66.090558823500004 66.110447058800005 1.3872254455099999 1.38783765285 0.0009765625
66.110447058800005 66.130335294100007 1.38721324428 1.3878254455100001 0.0009765625
66.130335294100007 66.150223529399995 1.38720104916 1.38781324428 0.0009765625
66.150223529399995 66.170111764699996 1.38718886015 1.3878010491599999 0.0009765625
66.170111764699996 66.189999999999998 1.38717667724 1.3877888601499999 0.0009765625
66.189999999999998 66.209888235299999 1.3871645004199999 1.38777667724 0.0009765625
66.209888235299999 66.229776470600001 1.3871523296899999 1.3877645004200001 0.0009765625
66.229776470600001 66.249664705900003 1.3871401650399999 1.3877523296900001 0.0009765625
66.249664705900003 66.269552941200004 1.38712800648 1.3877401650400001 0.0009765625
66.269552941200004 66.289441176500006 1.3871158539899999 1.3877280064799999 0.0009765625
66.289441176500006 66.309329411799993 1.3871037075699999 1.3877158539900001 0.0009765625
66.309329411799993 66.329217647099995 1.3870915672199999 1.3877037075700001 0.0009765625
66.329217647099995 66.349105882399996 1.38707943293 1.3876915672200001 0.0009765625
66.349105882399996 66.368994117599996 1.3870673046999999 1.38767943293 0.0009765625
66.368994117599996 66.388882352899998 1.3870551825199999 1.3876673047000001 0.0009765625
66.388882352899998 66.408770588199999 1.38704306638 1.3876551825200001 0.0009765625
66.408770588199999 66.428658823500001 1.3870309562900001 1.3876430663799999 0.0009765625
66.428658823500001 66.448547058800003 1.38701885223 1.38763095629 0.0009765625
66.448547058800003 66.468435294100004 1.38700675421 1.3876188522299999 0.0009765625
66.468435294100004 66.488323529400006 1.38699466222 1.3876067542099999 0.0009765625
66.488323529400006 66.508211764699993 1.3869825762500001 1.3875946622199999 0.0009765625
66.508211764699993 66.528099999999995 1.3869704963 1.38758257625 0.0009765625
66.528099999999995 66.547988235299997 1.38695842236 1.3875704963 0.0009765625
66.547988235299997 66.567876470599998 1.38694635443 1.3875584223599999 0.0009765625
66.567876470599998 66.5877647059 1.3869342925000001 1.38754635443 0.0009765625
66.5877647059 66.607652941200001 1.38692223658 1.3875342925 0.0009765625
66.607652941200001 66.627541176500003 1.38691018665 1.38752223658 0.0009765625
66.627541176500003 66.647429411800005 1.38689814271 1.3875101866499999 0.0009765625
66.647429411800005 66.667317647100006 1.38708610475 1.38729814271 0.0009765625
66.667317647100006 66.687205882399994 1.3870740727799999 1.38728610475 0.0009765625
66.687205882399994 66.707094117599993 1.3871320467799999 1.3872040727799999 0.0009765625
66.707094117599993 66.726982352899995 1.3868500267599999 1.3874620467800001 0.000244140625
66.726982352899995 66.746870588199997 1.3868380127 1.3874500267600001 0.000244140625
66.746870588199997 66.766758823499998 1.3868260046000001 1.3874380126999999 0.000244140625
66.766758823499998 66.7866470588 1.38681400246 1.3874260046 0.000244140625
66.7866470588 66.806535294100001 1.3868020062799999 1.3874140024599999 0.000244140625
66.806535294100001 66.826423529400003 1.38679001604 1.3874020062800001 0.000244140625
66.826423529400003 66.846311764700005 1.38677803175 1.3873900160399999 0.000244140625
66.846311764700005 66.866200000000006 1.3867660533899999 1.38737803175 0.000244140625
66.866200000000006 66.886088235299994 1.3867540809700001 1.3873660533900001 0.000244140625
66.886088235299994 66.905976470599995 1.3867421144800001 1.38735408097 0.000244140625
66.905976470599995 66.925864705899997 1.3867301539200001 1.38734211448 0.000244140625
66.925864705899997 66.945752941199999 1.38671819927 1.38733015392 0.000244140625
66.945752941199999 66.9656411765 1.3867062505400001 1.3873181992700001 0.000244140625
66.9656411765 66.985529411800002 1.38669430772 1.38730625054 0.000244140625
66.985529411800002 67.005417647100003 1.38668237081 1.38729430772 0.000244140625
67.005417647100003 67.025305882400005 1.3866704398 1.3872823708099999 0.000244140625
67.025305882400005 67.045194117600005 1.3866585146899999 1.3872704398 0.000244140625
67.045194117600005 67.065082352900006 1.38664659547 1.3872585146900001 0.000244140625
67.065082352900006 67.084970588199994 1.38663468214 1.38724659547 0.000244140625
67.084970588199994 67.104858823499995 1.3866227746899999 1.3872346821399999 0.000244140625
67.104858823499995 67.124747058799997 1.38661087313 1.3872227746900001 0.000244140625
67.124747058799997 67.144635294099999 1.38659897743 1.3872108731299999 0.000244140625
67.144635294099999 67.1645235294 1.3865870876099999 1.38719897743 0.000244140625
67.1645235294 67.184411764700002 1.3865752036500001 1.3871870876100001 0.000244140625
67.184411764700002 67.204300000000003 1.3865633255500001 1.38717520365 0.000244140625
67.204300000000003 67.224188235300005 1.3865514533100001 1.38716332555 0.000244140625
67.224188235300005 67.244076470600007 1.3865395869199999 1.38715145331 0.000244140625
67.244076470600007 67.263964705899994 1.38652772638 1.3871395869200001 0.000244140625
67.263964705899994 67.283852941199996 1.3865158716799999 1.3871277263799999 0.000244140625
67.283852941199996 67.303741176499997 1.3865040228200001 1.3871158716800001 0.000244140625
67.303741176499997 67.323629411799999 1.3864921797900001 1.38710402282 0.000244140625
67.323629411799999 67.343517647100001 1.3864803426000001 1.38709217979 0.000244140625
67.343517647100001 67.363405882400002 1.3864685112199999 1.3870803426 0.000244140625
67.363405882400002 67.383294117600002 1.38645668567 1.3870685112200001 0.000244140625
67.383294117600002 67.403182352900004 1.3864448659299999 1.38705668567 0.000244140625
67.403182352900004 67.423070588200005 1.3864330520000001 1.3870448659300001 0.000244140625
67.423070588200005 67.442958823500007 1.3864212438800001 1.387033052 0.000244140625
67.442958823500007 67.462847058799994 1.3864094415599999 1.38702124388 0.000244140625
67.462847058799994 67.482735294099996 1.38639764504 1.3870094415600001 0.000244140625
67.482735294099996 67.502623529399997 1.3863858543200001 1.3869976450399999 0.000244140625
67.502623529399997 67.522511764699999 1.38637406938 1.38698585432 0.000244140625
67.522511764699999 67.542400000000001 1.3863622902199999 1.3869740693799999 0.000244140625
67.542400000000001 67.562288235300002 1.3863505168500001 1.3869622902200001 0.000244140625
67.562288235300002 67.582176470600004 1.3863387492499999 1.38695051685 0.000244140625
67.582176470600004 67.602064705900005 1.3863269874199999 1.38693874925 0.000244140625
67.602064705900005 67.621952941200007 1.38631523135 1.3869269874200001 0.000244140625
67.621952941200007 67.641841176499995 1.3863034810499999 1.3869152313499999 0.000244140625
67.641841176499995 67.661729411799996 1.38629173651 1.3869034810500001 0.000244140625
67.661729411799996 67.681617647099998 1.38627999772 1.38689173651 0.000244140625
67.681617647099998 67.701505882399999 1.38626826467 1.3868799977199999 0.000244140625
67.701505882399999 67.721394117599999 1.38625653738 1.3868682646699999 0.000244140625
67.721394117599999 67.741282352900001 1.38624481582 1.3868565373799999 0.000244140625
67.741282352900001 67.761170588200002 1.3862330999900001 1.38684481582 0.000244140625
67.761170588200002 67.781058823500004 1.3862213899 1.38683309999 0.000244140625
67.781058823500004 67.800947058800006 1.3862096855299999 1.3868213898999999 0.000244140625
67.800947058800006 67.820835294099993 1.3861979868900001 1.3868096855300001 0.000244140625
67.820835294099993 67.840723529399995 1.38618629396 1.38679798689 0.000244140625
67.840723529399995 67.860611764699996 1.38617460675 1.38678629396 0.000244140625
67.860611764699996 67.880499999999998 1.3861629252400001 1.38677460675 0.000244140625
67.880499999999998 67.900388235299999 1.3861512494399999 1.38676292524 0.000244140625
67.900388235299999 67.920276470600001 1.38613957934 1.3867512494400001 0.000244140625
67.920276470600001 67.940164705900003 1.3861279149400001 1.3867395793399999 0.000244140625
67.940164705900003 67.960052941200004 1.38611625622 1.38672791494 0.000244140625
67.960052941200004 67.979941176500006 1.3861046032 1.3867162562199999 0.000244140625
67.979941176500006 67.999829411799993 1.3860929558499999 1.3867046032000001 0.000244140625
67.999829411799993 68.019717647099995 1.3860813141799999 1.3866929558500001 0.000244140625
68.019717647099995 68.039605882399997 1.3860696781899999 1.3866813141800001 0.000244140625
68.039605882399997 68.059494117599996 1.38605804787 1.3866696781900001 0.000244140625
68.059494117599996 68.079382352899998 1.38604642321 1.3866580478699999 0.000244140625
68.079382352899998 68.0992705882 1.3860348042099999 1.38664642321 0.000244140625
68.0992705882 68.119158823500001 1.38602319087 1.3866348042100001 0.000244140625
68.119158823500001 68.139047058800003 1.38601158318 1.38662319087 0.000244140625
68.139047058800003 68.158935294100004 1.3859999811399999 1.3866115831800001 0.000244140625
68.158935294100004 68.178823529400006 1.3859883847400001 1.38659998114 0.000244140625
68.178823529400006 68.198711764699993 1.3859767939800001 1.38658838474 0.000244140625
68.198711764699993 68.218599999999995 1.3859652088600001 1.38657679399 0.000244140625
68.218599999999995 68.238488235299997 1.3859536293700001 1.38656520886 0.000244140625
68.238488235299997 68.258376470599998 1.3859420554999999 1.38655362937 0.000244140625
68.258376470599998 68.2782647059 1.38593048725 1.3865420555000001 0.000244140625
68.2782647059 68.298152941200001 1.3859189246300001 1.3865304872499999 0.000244140625
68.298152941200001 68.318041176500003 1.38590736761 1.38651892463 0.000244140625
68.318041176500003 68.337929411800005 1.3858958162099999 1.3865073676099999 0.000244140625
68.337929411800005 68.357817647100006 1.3858842704000001 1.3864958162100001 0.000244140625
68.357817647100006 68.377705882399994 1.3858727302 1.3864842704 0.000244140625
68.377705882399994 68.397594117599994 1.3858611956 1.3864727301999999 0.000244140625
68.397594117599994 68.417482352899995 1.38584966659 1.3864611955999999 0.000244140625
68.417482352899995 68.437370588199997 1.38583814316 1.3864496665899999 0.000244140625
68.437370588199997 68.457258823499998 1.38582662532 1.3864381431599999 0.000244140625
68.457258823499998 68.4771470588 1.38581511305 1.3864266253199999 0.000244140625
68.4771470588 68.497035294100002 1.3858036063700001 1.38641511305 0.000244140625
68.497035294100002 68.516923529400003 1.38579210525 1.38640360637 0.000244140625
68.516923529400003 68.536811764700005 1.3857806097000001 1.3863921052499999 0.000244140625
68.536811764700005 68.556700000000006 1.3857691197099999 1.3863806097 0.000244140625
68.556700000000006 68.576588235299994 1.3857576352800001 1.3863691197100001 0.000244140625
68.576588235299994 68.596476470599995 1.3857461564 1.38635763528 0.000244140625
68.596476470599995 68.616364705899997 1.3857346830699999 1.3863461563999999 0.000244140625
68.616364705899997 68.636252941199999 1.3857232152800001 1.3863346830700001 0.000244140625
68.636252941199999 68.6561411765 1.38571175304 1.38632321528 0.000244140625
68.6561411765 68.676029411800002 1.38570029634 1.38631175304 0.000244140625
68.676029411800002 68.695917647100003 1.38568884516 1.38630029634 0.000244140625
68.695917647100003 68.715805882400005 1.38567739952 1.3862888451599999 0.000244140625
68.715805882400005 68.735694117600005 1.3856659594 1.38627739952 0.000244140625
68.735694117600005 68.755582352900007 1.3856545247900001 1.3862659594 0.000244140625
68.755582352900007 68.775470588199994 1.3856430957100001 1.38625452479 0.000244140625
68.775470588199994 68.795358823499996 1.3856316721299999 1.38624309571 0.000244140625
68.795358823499996 68.815247058799997 1.38562025407 1.3862316721300001 0.000244140625
68.815247058799997 68.835135294099999 1.3856088415000001 1.3862202540699999 0.000244140625
68.835135294099999 68.8550235294 1.3855974344399999 1.3862088415 0.000244140625
68.8550235294 68.874911764700002 1.38558603287 1.3861974344400001 0.000244140625
68.874911764700002 68.894800000000004 1.3855746367899999 1.38618603287 0.000244140625
68.894800000000004 68.914688235300005 1.3855632462 1.3861746367900001 0.000244140625
68.914688235300005 68.934576470600007 1.3855518610799999 1.3861632462 0.000244140625
68.934576470600007 68.954464705899994 1.3855404814500001 1.3861518610800001 0.000244140625
68.954464705899994 68.974352941199996 1.38552910729 1.38614048145 0.000244140625
68.974352941199996 68.994241176499997 1.3855177385999999 1.3861291072899999 0.000244140625
68.994241176499997 69.014129411799999 1.3855063753800001 1.3861177386000001 0.000244140625
69.014129411799999 69.034017647100001 1.38549501762 1.38610637538 0.000244140625
69.034017647100001 69.053905882400002 1.38548366532 1.38609501762 0.000244140625
69.053905882400002 69.073794117600002 1.38547231847 1.3860836653199999 0.000244140625
69.073794117600002 69.093682352900004 1.3854609770599999 1.3860723184699999 0.000244140625
69.093682352900004 69.113570588200005 1.3854496411099999 1.3860609770600001 0.000244140625
69.113570588200005 69.133458823500007 1.3854383105900001 1.3860496411100001 0.000244140625
69.133458823500007 69.153347058799994 1.3854269855100001 1.38603831059 0.000244140625
69.153347058799994 69.173235294099996 1.3854156658700001 1.38602698551 0.000244140625
69.173235294099996 69.193123529399998 1.3854043516500001 1.38601566587 0.000244140625
69.193123529399998 69.213011764699999 1.3853930428600001 1.38600435165 0.000244140625
69.213011764699999 69.232900000000001 1.3853817394800001 1.38599304286 0.000244140625
69.232900000000001 69.252788235300002 1.3853704415300001 1.38598173948 0.000244140625
69.252788235300002 69.272676470600004 1.3853591489799999 1.38597044153 0.000244140625
69.272676470600004 69.292564705900006 1.3853478618499999 1.3859591489800001 0.000244140625
69.292564705900006 69.312452941199993 1.3853365801199999 1.3859478618500001 0.000244140625
69.312452941199993 69.332341176499995 1.38532530379 1.3859365801200001 0.000244140625
69.332341176499995 69.352229411799996 1.38531403285 1.3859253037899999 0.000244140625
69.352229411799996 69.372117647099998 1.38530276731 1.3859140328499999 0.000244140625
69.372117647099998 69.392005882399999 1.38529150715 1.38590276731 0.000244140625
69.392005882399999 69.411894117599999 1.3852802523800001 1.38589150715 0.000244140625
69.411894117599999 69.431782352900001 1.3852690029900001 1.38588025238 0.000244140625
69.431782352900001 69.451670588200002 1.3852577589699999 1.38586900299 0.000244140625
69.451670588200002 69.471558823500004 1.38524652032 1.3858577589700001 0.000244140625
69.471558823500004 69.491447058800006 1.38523528705 1.3858465203200001 0.000244140625
69.491447058800006 69.511335294099993 1.38522405913 1.3858352870499999 0.000244140625
69.511335294099993 69.531223529399995 1.3852128365800001 1.38582405913 0.000244140625
69.531223529399995 69.551111764699996 1.3852016193800001 1.38581283658 0.000244140625
69.551111764699996 69.570999999999998 1.3851904075299999 1.38580161938 0.000244140625
69.570999999999998 69.5908882353 1.3851792010299999 1.38579040753 0.000244140625
69.5908882353 69.610776470600001 1.3851679998799999 1.3857792010300001 0.000244140625
69.610776470600001 69.630664705900003 1.38515680406 1.3857679998800001 0.000244140625
69.630664705900003 69.650552941200004 1.38514561358 1.3857568040599999 0.000244140625
69.650552941200004 69.670441176500006 1.38513442843 1.3857456135799999 0.000244140625
69.670441176500006 69.690329411799993 1.38512324861 1.3857344284299999 0.000244140625
69.690329411799993 69.710217647099995 1.38511207411 1.38572324861 0.000244140625
69.710217647099995 69.730105882399997 1.38510090493 1.38571207411 0.000244140625
69.730105882399997 69.749994117599996 1.38508974106 1.38570090493 0.000244140625
69.749994117599996 69.769882352899998 1.38507858251 1.38568974106 0.000244140625
69.769882352899998 69.7897705882 1.38506742926 1.38567858251 0.000244140625
69.7897705882 69.809658823500001 1.38505628132 1.38566742926 0.000244140625
69.809658823500001 69.829547058800003 1.38504513868 1.38565628132 0.000244140625
69.829547058800003 69.849435294100005 1.38503400133 1.3856451386799999 0.000244140625
69.849435294100005 69.869323529400006 1.38502286928 1.3856340013299999 0.000244140625
69.869323529400006 69.889211764699994 1.3850117425099999 1.3856228692799999 0.000244140625
69.889211764699994 69.909099999999995 1.3850006210300001 1.3856117425100001 0.000244140625
69.909099999999995 69.928988235299997 1.3849895048200001 1.38560062103 0.000244140625
69.928988235299997 69.948876470599998 1.3849783939 1.38558950482 0.000244140625
69.948876470599998 69.9687647059 1.3849672882399999 1.3855783938999999 0.000244140625
69.9687647059 69.988652941200002 1.3849561878500001 1.3855672882400001 0.000244140625
69.988652941200002 70.008541176500003 1.38494509273 1.38555618785 0.000244140625
70.008541176500003 70.028429411800005 1.3849340028699999 1.3855450927299999 0.000244140625
70.028429411800005 70.048317647100006 1.38492291826 1.3855340028700001 0.000244140625
70.048317647100006 70.068205882399994 1.3849118388999999 1.38552291826 0.000244140625
70.068205882399994 70.088094117599994 1.38490076479 1.3855118389000001 0.000244140625
70.088094117599994 70.107982352899995 1.3848896959300001 1.38550076479 0.000244140625
70.107982352899995 70.127870588199997 1.38487863231 1.38548969593 0.000244140625
70.127870588199997 70.147758823499998 1.38486757392 1.3854786323099999 0.000244140625
70.147758823499998 70.1676470588 1.3848565207700001 1.38546757392 0.000244140625
70.1676470588 70.187535294100002 1.3848454728499999 1.38545652077 0.000244140625
70.187535294100002 70.207423529400003 1.38483443015 1.3854454728500001 0.000244140625
70.207423529400003 70.227311764700005 1.38482339267 1.3854344301499999 0.000244140625
70.227311764700005 70.247200000000007 1.38481236041 1.3854233926699999 0.000244140625
70.247200000000007 70.267088235299994 1.38480133336 1.3854123604099999 0.000244140625
70.267088235299994 70.286976470599996 1.38479031152 1.3854013333599999 0.000244140625
70.286976470599996 70.306864705899997 1.38477929489 1.3853903115199999 0.000244140625
70.306864705899997 70.326752941199999 1.3847682834599999 1.3853792948899999 0.000244140625
70.326752941199999 70.3466411765 1.3847572772300001 1.3853682834600001 0.000244140625
70.3466411765 70.366529411800002 1.38474627619 1.38535727723 0.000244140625
70.366529411800002 70.386417647100004 1.3847352803399999 1.3853462761899999 0.000244140625
70.386417647100004 70.406305882400005 1.3847242896700001 1.3853352803400001 0.000244140625
70.406305882400005 70.426194117600005 1.3847133041899999 1.38532428967 0.000244140625
70.426194117600005 70.446082352900007 1.38470232389 1.3853133041900001 0.000244140625
70.446082352900007 70.465970588199994 1.3846913487600001 1.38530232389 0.000244140625
70.465970588199994 70.485858823499996 1.3846803788099999 1.38529134876 0.000244140625
70.485858823499996 70.505747058799997 1.38466941402 1.3852803788100001 0.000244140625
70.505747058799997 70.525635294099999 1.38465845439 1.3852694140199999 0.000244140625
70.525635294099999 70.5455235294 1.38464749992 1.3852584543899999 0.000244140625
70.5455235294 70.565411764700002 1.38463655061 1.38524749992 0.000244140625
70.565411764700002 70.585300000000004 1.38462560645 1.38523655061 0.000244140625
70.585300000000004 70.605188235300005 1.3846146674399999 1.3852256064499999 0.000244140625
70.605188235300005 70.625076470600007 1.3846037335700001 1.3852146674400001 0.000244140625
70.625076470600007 70.644964705899994 1.38459280485 1.38520373357 0.000244140625
70.644964705899994 70.664852941199996 1.3845818812499999 1.38519280485 0.000244140625
70.664852941199996 70.684741176499998 1.3845709628 1.3851818812500001 0.000244140625
70.684741176499998 70.704629411799999 1.3845600494700001 1.3851709628 0.000244140625
70.704629411799999 70.724517647100001 1.3845491412599999 1.38516004947 0.000244140625
70.724517647100001 70.744405882400002 1.38453823818 1.3851491412600001 0.000244140625
70.744405882400002 70.764294117600002 1.38452734021 1.3851382381799999 0.000244140625
70.764294117600002 70.784182352900004 1.38451644736 1.3851273402099999 0.000244140625
70.784182352900004 70.804070588200005 1.38450555962 1.3851164473599999 0.000244140625
70.804070588200005 70.823958823500007 1.3844946769799999 1.3851055596199999 0.000244140625
70.823958823500007 70.843847058799994 1.3844837994500001 1.3850946769800001 0.000244140625
70.843847058799994 70.863735294099996 1.38447292702 1.38508379945 0.000244140625
70.863735294099996 70.883623529399998 1.3844620596799999 1.38507292702 0.000244140625
70.883623529399998 70.903511764699999 1.38445119743 1.3850620596800001 0.000244140625
70.903511764699999 70.923400000000001 1.3844403402700001 1.3850511974299999 0.000244140625
70.923400000000001 70.943288235300002 1.3844294881899999 1.38504034027 0.000244140625
70.943288235300002 70.963176470600004 1.3844186411899999 1.38502948819 0.000244140625
70.963176470600004 70.983064705900006 1.3844077992699999 1.3850186411900001 0.000244140625
70.983064705900006 71.002952941199993 1.3843969624200001 1.3850077992700001 0.000244140625
71.002952941199993 71.022841176499995 1.38438613064 1.38499696242 0.000244140625
71.022841176499995 71.042729411799996 1.38437530393 1.38498613064 0.000244140625
71.042729411799996 71.062617647099998 1.3843644822700001 1.3849753039299999 0.000244140625
71.062617647099998 71.0825058824 1.38435366567 1.38496448227 0.000244140625
71.0825058824 71.102394117599999 1.38434285413 1.3849536656699999 0.000244140625
71.102394117599999 71.122282352900001 1.3843320476400001 1.38494285413 0.000244140625
71.122282352900001 71.142170588200003 1.3843212461900001 1.38493204764 0.000244140625
71.142170588200003 71.162058823500004 1.3843104497900001 1.38492124619 0.000244140625
71.162058823500004 71.181947058800006 1.38429965842 1.38491044979 0.000244140625
71.181947058800006 71.201835294099993 1.38428887209 1.38489965842 0.000244140625
71.201835294099993 71.221723529399995 1.3842780908000001 1.3848888720899999 0.000244140625
71.221723529399995 71.241611764699996 1.38426731453 1.3848780908 0.000244140625
71.241611764699996 71.261499999999998 1.38425654328 1.3848673145299999 0.000244140625
71.261499999999998 71.2813882353 1.3842457770500001 1.38485654328 0.000244140625
71.2813882353 71.301276470600001 1.3842350158500001 1.38484577705 0.000244140625
71.301276470600001 71.321164705900003 1.3842242596500001 1.38483501585 0.000244140625
71.321164705900003 71.341052941200005 1.38421350846 1.38482425965 0.000244140625
71.341052941200005 71.360941176500006 1.3842027622799999 1.38481350846 0.000244140625
71.360941176500006 71.380829411799994 1.3841920211100001 1.3848027622800001 0.000244140625
71.380829411799994 71.400717647099995 1.3841812849299999 1.38479202111 0.000244140625
71.400717647099995 71.420605882399997 1.38417055374 1.3847812849300001 0.000244140625
71.420605882399997 71.440494117599997 1.38415982755 1.3847705537399999 0.000244140625
71.440494117599997 71.460382352899998 1.38414910634 1.3847598275499999 0.000244140625
71.460382352899998 71.4802705882 1.38413839012 1.3847491063399999 0.000244140625
71.4802705882 71.500158823500001 1.3841276788800001 1.3847383901200001 0.000244140625
71.500158823500001 71.520047058800003 1.38411697261 1.38472767888 0.000244140625
71.520047058800003 71.539935294100005 1.3841062713200001 1.3847169726099999 0.000244140625
71.539935294100005 71.559823529400006 1.3840955749999999 1.38470627132 0.000244140625
71.559823529400006 71.579711764699994 1.3840848836399999 1.3846955750000001 0.000244140625
71.579711764699994 71.599599999999995 1.3840741972399999 1.3846848836400001 0.000244140625
71.599599999999995 71.619488235299997 1.3840635158100001 1.3846741972400001 0.000244140625
71.619488235299997 71.639376470599998 1.38405283932 1.38466351581 0.000244140625
71.639376470599998 71.6592647059 1.3840421677900001 1.3846528393199999 0.000244140625
71.6592647059 71.679152941200002 1.38403150121 1.38464216779 0.000244140625
71.679152941200002 71.699041176500003 1.38402083957 1.3846315012099999 0.000244140625
71.699041176500003 71.718929411800005 1.38401018287 1.3846208395699999 0.000244140625
71.718929411800005 71.738817647100007 1.38399953111 1.3846101828699999 0.000244140625
71.738817647100007 71.758705882399994 1.3839888842800001 1.3845995311099999 0.000244140625
71.758705882399994 71.778594117599994 1.38397824238 1.38458888428 0.000244140625
71.778594117599994 71.798482352899995 1.3839676054000001 1.3845782423799999 0.000244140625
71.798482352899995 71.818370588199997 1.3839569733499999 1.3845676054 0.000244140625
71.818370588199997 71.838258823499999 1.3839463462199999 1.3845569733500001 0.000244140625
71.838258823499999 71.8581470588 1.3839357240000001 1.3845463462200001 0.000244140625
71.8581470588 71.878035294100002 1.38392510669 1.384535724 0.000244140625
71.878035294100002 71.897923529400003 1.3839144942999999 1.38452510669 0.000244140625
71.897923529400003 71.917811764700005 1.3839038868 1.3845144943000001 0.000244140625
71.917811764700005 71.937700000000007 1.38389328421 1.3845038867999999 0.000244140625
71.937700000000007 71.957588235299994 1.38388268651 1.38449328421 0.000244140625
71.957588235299994 71.977476470599996 1.38387209371 1.3844826865099999 0.000244140625
71.977476470599996 71.997364705899997 1.3838615057999999 1.3844720937099999 0.000244140625
71.997364705899997 72.017252941199999 1.38385092278 1.3844615058 0.000244140625
72.017252941199999 72.0371411765 1.3838403446400001 1.3844509227799999 0.000244140625
72.0371411765 72.057029411800002 1.3838297713700001 1.38444034464 0.000244140625
72.057029411800002 72.076917647100004 1.3838192029900001 1.38442977137 0.000244140625
72.076917647100004 72.096805882400005 1.38380863948 1.38441920299 0.000244140625
72.096805882400005 72.116694117600005 1.3837980808300001 1.3844086394799999 0.000244140625
72.116694117600005 72.136582352900007 1.38378752705 1.38439808083 0.000244140625
72.136582352900007 72.156470588199994 1.38377697814 1.3843875270499999 0.000244140625
72.156470588199994 72.176358823499996 1.38376643408 1.3843769781399999 0.000244140625
72.176358823499996 72.196247058799997 1.3837558948799999 1.3843664340799999 0.000244140625
72.196247058799997 72.216135294099999 1.3837453605200001 1.3843558948800001 0.000244140625
72.216135294099999 72.236023529400001 1.3837348310199999 1.38434536052 0.000244140625
72.236023529400001 72.255911764700002 1.38372430636 1.3843348310200001 0.000244140625
72.255911764700002 72.275800000000004 1.38371378654 1.3843243063599999 0.000244140625
72.275800000000004 72.295688235300005 1.3837032715599999 1.3843137865399999 0.000244140625
72.295688235300005 72.315576470600007 1.3836927614100001 1.3843032715600001 0.000244140625
72.315576470600007 72.335464705899994 1.38368225609 1.38429276141 0.000244140625
72.335464705899994 72.355352941199996 1.3836717556 1.3842822560900001 0.000244140625
72.355352941199996 72.375241176499998 1.38366125994 1.3842717555999999 0.000244140625
72.375241176499998 72.395129411799999 1.38365076909 1.3842612599399999 0.000244140625
72.395129411799999 72.415017647100001 1.3836402830600001 1.3842507690900001 0.000244140625
72.415017647100001 72.434905882400002 1.38362980184 1.38424028306 0.000244140625
72.434905882400002 72.454794117600002 1.38361932543 1.3842298018400001 0.000244140625
72.454794117600002 72.474682352900004 1.38360885383 1.3842193254299999 0.000244140625
72.474682352900004 72.494570588200006 1.3835983870299999 1.3842088538299999 0.000244140625
72.494570588200006 72.514458823499993 1.3835879250300001 1.3841983870300001 0.000244140625
72.514458823499993 72.534347058799995 1.3835774678299999 1.38418792503 0.000244140625
72.534347058799995 72.554235294099996 1.3835670154099999 1.3841774678300001 0.000244140625
72.554235294099996 72.574123529399998 1.3835565677899999 1.3841670154100001 0.000244140625
72.574123529399998 72.594011764699999 1.3835461249500001 1.3841565677900001 0.000244140625
72.594011764699999 72.613900000000001 1.3835356868899999 1.38414612495 0.000244140625
72.613900000000001 72.633788235300003 1.38352525361 1.3841356868900001 0.000244140625
72.633788235300003 72.653676470600004 1.38351482511 1.3841252536099999 0.000244140625
72.653676470600004 72.673564705900006 1.38350440138 1.3841148251099999 0.000244140625
72.673564705900006 72.693452941199993 1.3834939824100001 1.3841044013799999 0.000244140625
72.693452941199993 72.713341176499995 1.38348356821 1.38409398241 0.000244140625
72.713341176499995 72.733229411799996 1.38347315878 1.3840835682099999 0.000244140625
72.733229411799996 72.753117647099998 1.3834627541 1.3840731587799999 0.000244140625
72.753117647099998 72.7730058824 1.3834523541699999 1.3840627540999999 0.000244140625
72.7730058824 72.7928941176 1.38344195899 1.3840523541700001 0.000244140625
72.7928941176 72.812782352900001 1.38343156857 1.3840419589899999 0.000244140625
72.812782352900001 72.832670588200003 1.38342118288 1.38403156857 0.000244140625
72.832670588200003 72.852558823500004 1.38341080194 1.38402118288 0.000244140625
72.852558823500004 72.872447058800006 1.3834004257300001 1.3840108019399999 0.000244140625
72.872447058800006 72.892335294099993 1.3833900542599999 1.38400042573 0.000244140625
72.892335294099993 72.912223529399995 1.38337968752 1.3839900542600001 0.000244140625
72.912223529399995 72.932111764699997 1.3833693254999999 1.3839796875199999 0.000244140625
72.932111764699997 72.951999999999998 1.38335896821 1.3839693255000001 0.000244140625
72.951999999999998 72.9718882353 1.3833486156399999 1.38395896821 0.000244140625
72.9718882353 72.991776470600001 1.3833382677899999 1.38394861564 0.000244140625
72.991776470600001 73.011664705900003 1.3833279246500001 1.3839382677900001 0.000244140625
73.011664705900003 73.031552941200005 1.38331758622 1.38392792465 0.000244140625
73.031552941200005 73.051441176500006 1.3833072525000001 1.3839175862199999 0.000244140625
73.051441176500006 73.071329411799994 1.3832969234800001 1.3839072525 0.000244140625
73.071329411799994 73.091217647099995 1.3832865991600001 1.38389692348 0.000244140625
73.091217647099995 73.111105882399997 1.38327627954 1.38388659916 0.000244140625
73.111105882399997 73.130994117599997 1.3832659646100001 1.3838762795399999 0.000244140625
73.130994117599997 73.150882352899998 1.3832556543700001 1.38386596461 0.000244140625
73.150882352899998 73.1707705882 1.3832453488100001 1.38385565437 0.000244140625
73.1707705882 73.190658823500002 1.38323504795 1.38384534881 0.000244140625
73.190658823500002 73.210547058800003 1.38322475176 1.3838350479499999 0.000244140625
73.210547058800003 73.230435294100005 1.3832144602400001 1.38382475176 0.000244140625
73.230435294100005 73.250323529400006 1.3832041734 1.38381446024 0.000244140625
73.250323529400006 73.270211764699994 1.3831938912299999 1.3838041733999999 0.000244140625
73.270211764699994 73.290099999999995 1.38318361373 1.3837938912300001 0.000244140625
73.290099999999995 73.309988235299997 1.38317334089 1.3837836137299999 0.000244140625
73.309988235299997 73.329876470599999 1.3831630727099999 1.3837733408899999 0.000244140625
73.329876470599999 73.3497647059 1.3831528091900001 1.3837630727100001 0.000244140625
73.3497647059 73.369652941200002 1.3831425503200001 1.38375280919 0.000244140625
73.369652941200002 73.389541176500003 1.3831322961000001 1.38374255032 0.000244140625
73.389541176500003 73.409429411800005 1.38312204652 1.3837322961 0.000244140625
73.409429411800005 73.429317647100007 1.3831118015899999 1.38372204652 0.000244140625
73.429317647100007 73.449205882399994 1.3831015613099999 1.3837118015900001 0.000244140625
73.449205882399994 73.469094117599994 1.3830913256499999 1.3837015613100001 0.000244140625
73.469094117599994 73.488982352899995 1.3830810946300001 1.3836913256500001 0.000244140625
73.488982352899995 73.508870588199997 1.3830708682399999 1.38368109463 0.000244140625
73.508870588199997 73.528758823499999 1.3830606464799999 1.3836708682400001 0.000244140625
73.528758823499999 73.5486470588 1.3830504293400001 1.3836606464800001 0.000244140625
73.5486470588 73.568535294100002 1.38304021682 1.38365042934 0.000244140625
73.568535294100002 73.588423529400004 1.3830300089200001 1.3836402168199999 0.000244140625
73.588423529400004 73.608311764700005 1.38301980563 1.38363000892 0.000244140625
73.608311764700005 73.628200000000007 1.38300960695 1.38361980563 0.000244140625
73.628200000000007 73.648088235299994 1.3829994128800001 1.3836096069499999 0.000244140625
73.648088235299994 73.667976470599996 1.3829892234200001 1.38359941288 0.000244140625
73.667976470599996 73.687864705899997 1.38297903855 1.38358922342 0.000244140625
73.687864705899997 73.707752941199999 1.3829688582799999 1.38357903855 0.000244140625
73.707752941199999 73.727641176500001 1.38295868261 1.3835688582800001 0.000244140625
73.727641176500001 73.747529411800002 1.38294851152 1.3835586826099999 0.000244140625
73.747529411800002 73.767417647100004 1.3829383450299999 1.3835485115199999 0.000244140625
73.767417647100004 73.787305882400005 1.38292818311 1.3835383450300001 0.000244140625
73.787305882400005 73.807194117600005 1.38291802578 1.3835281831099999 0.000244140625
73.807194117600005 73.827082352900007 1.38290787303 1.3835180257799999 0.000244140625
73.827082352900007 73.846970588199994 1.3828977248500001 1.3835078730299999 0.000244140625
73.846970588199994 73.866858823499996 1.3828875812400001 1.38349772485 0.000244140625
73.866858823499996 73.886747058799997 1.3828774422000001 1.38348758124 0.000244140625
73.886747058799997 73.906635294099999 1.38286730773 1.3834774422 0.000244140625
73.906635294099999 73.926523529400001 1.3828571778200001 1.3834673077299999 0.000244140625
73.926523529400001 73.946411764700002 1.3828470524600001 1.38345717782 0.000244140625
73.946411764700002 73.966300000000004 1.38283693166 1.38344705246 0.000244140625
73.966300000000004 73.986188235300006 1.3828268154200001 1.3834369316599999 0.000244140625
73.986188235300006 74.006076470599993 1.3828167037200001 1.38342681542 0.000244140625
74.006076470599993 74.025964705899995 1.38280659656 1.38341670372 0.000244140625
74.025964705899995 74.045852941199996 1.3827964939499999 1.38340659656 0.000244140625
74.045852941199996 74.065741176499998 1.38278639588 1.3833964939500001 0.000244140625
74.065741176499998 74.085629411799999 1.3827763023499999 1.3833863958799999 0.000244140625
74.085629411799999 74.105517647100001 1.38276621334 1.3833763023500001 0.000244140625
74.105517647100001 74.125405882400003 1.3827561288700001 1.38336621334 0.000244140625
74.125405882400003 74.145294117600002 1.3827460489200001 1.38335612887 0.000244140625
74.145294117600002 74.165182352900004 1.3827359735 1.38334604892 0.000244140625
74.165182352900004 74.185070588200006 1.3827259025900001 1.3833359734999999 0.000244140625
74.185070588200006 74.204958823499993 1.3827158362 1.38332590259 0.000244140625
74.204958823499993 74.224847058799995 1.38270577433 1.3833158362 0.000244140625
74.224847058799995 74.244735294099996 1.38269571697 1.3833057743299999 0.000244140625
74.244735294099996 74.264623529399998 1.38268566411 1.38329571697 0.000244140625
74.264623529399998 74.2845117647 1.38267561576 1.38328566411 0.000244140625
74.2845117647 74.304400000000001 1.3826655719100001 1.3832756157599999 0.000244140625
74.304400000000001 74.324288235300003 1.3826555325500001 1.38326557191 0.000244140625
74.324288235300003 74.344176470600004 1.38264549769 1.38325553255 0.000244140625
74.344176470600004 74.364064705900006 1.3826354673200001 1.3832454976899999 0.000244140625
74.364064705900006 74.383952941199993 1.3826254414400001 1.38323546732 0.000244140625
74.383952941199993 74.403841176499995 1.38261542005 1.38322544144 0.000244140625
74.403841176499995 74.423729411799997 1.3826054031299999 1.38321542005 0.000244140625
74.423729411799997 74.443617647099998 1.3825953906999999 1.3832054031300001 0.000244140625
74.443617647099998 74.4635058824 1.3825853827400001 1.3831953907000001 0.000244140625
74.4635058824 74.4833941176 1.38257537925 1.38318538274 0.000244140625
74.4833941176 74.503282352900001 1.38256538024 1.3831753792499999 0.000244140625
74.503282352900001 74.523170588200003 1.3825553856799999 1.3831653802399999 0.000244140625
74.523170588200003 74.543058823500004 1.3825453956 1.3831553856800001 0.000244140625
74.543058823500004 74.562947058800006 1.38253540997 1.3831453955899999 0.000244140625
74.562947058800006 74.582835294099993 1.38252542879 1.38313540997 0.000244140625
74.582835294099993 74.602723529399995 1.38251545208 1.3831254287900001 0.000244140625
74.602723529399995 74.622611764699997 1.38250547981 1.38311545208 0.000244140625
74.622611764699997 74.642499999999998 1.38249551199 1.38310547981 0.000244140625
74.642499999999998 74.6623882353 1.3824855486100001 1.3830955119899999 0.000244140625
74.6623882353 74.682276470600002 1.3824755896800001 1.38308554861 0.000244140625
74.682276470600002 74.702164705900003 1.38246563518 1.38307558968 0.000244140625
74.702164705900003 74.722052941200005 1.3824556851200001 1.3830656351799999 0.000244140625
74.722052941200005 74.741941176500006 1.38244573949 1.38305568512 0.000244140625
74.741941176500006 74.761829411799994 1.38243579829 1.38304573949 0.000244140625
74.761829411799994 74.781717647099995 1.38242586151 1.3830357982899999 0.000244140625
74.781717647099995 74.801605882399997 1.38241592916 1.38302586151 0.000244140625
74.801605882399997 74.821494117599997 1.3824060012199999 1.3830159291599999 0.000244140625
74.821494117599997 74.841382352899998 1.3823960776999999 1.3830060012200001 0.000244140625
74.841382352899998 74.8612705882 1.3823861585999999 1.3829960777000001 0.000244140625
74.8612705882 74.881158823500002 1.3823762439 1.3829861586000001 0.000244140625
74.881158823500002 74.901047058800003 1.3823663336200001 1.3829762439 0.000244140625
74.901047058800003 74.920935294100005 1.38235642773 1.38296633362 0.000244140625
74.920935294100005 74.940823529400006 1.3823465262500001 1.3829564277299999 0.000244140625
74.940823529400006 74.960711764699994 1.3823366291700001 1.38294652625 0.000244140625
74.960711764699994 74.980599999999995 1.38232673648 1.38293662917 0.000244140625
74.980599999999995 75.000488235299997 1.3823168481799999 1.38292673648 0.000244140625
75.000488235299997 75.020376470599999 1.3823069642700001 1.38291684818 0.000244140625
75.020376470599999 75.0402647059 1.38229708474 1.38290696427 0.000244140625
75.0402647059 75.060152941200002 1.3822872096000001 1.3828970847399999 0.000244140625
75.060152941200002 75.080041176500004 1.38227733884 1.3828872096 0.000244140625
75.080041176500004 75.099929411800005 1.3822674724499999 1.38287733884 0.000244140625
75.099929411800005 75.119817647100007 1.38225761044 1.3828674724500001 0.000244140625
75.119817647100007 75.139705882399994 1.3822477527999999 1.3828576104400001 0.000244140625
75.139705882399994 75.159594117599994 1.38223789952 1.3828477528000001 0.000244140625
75.159594117599994 75.179482352899996 1.38222805061 1.3828378995199999 0.000244140625
75.179482352899996 75.199370588199997 1.3822182060599999 1.3828280506099999 0.000244140625
75.199370588199997 75.219258823499999 1.38220836587 1.3828182060600001 0.000244140625
75.219258823499999 75.2391470588 1.3821985300299999 1.3828083658699999 0.000244140625
75.2391470588 75.259035294100002 1.38218869855 1.3827985300300001 0.000244140625
75.259035294100002 75.278923529400004 1.3821788714100001 1.38278869855 0.000244140625
75.278923529400004 75.298811764700005 1.38216904863 1.38277887141 0.000244140625
75.298811764700005 75.318700000000007 1.3821592301800001 1.3827690486299999 0.000244140625
75.318700000000007 75.338588235299994 1.3821494160700001 1.38275923018 0.000244140625
75.338588235299994 75.358476470599996 1.3821396063 1.38274941607 0.000244140625
75.358476470599996 75.378364705899997 1.38212980087 1.3827396062999999 0.000244140625
75.378364705899997 75.398252941199999 1.38211999976 1.38272980087 0.000244140625
75.398252941199999 75.418141176500001 1.3821102029900001 1.3827199997599999 0.000244140625
75.418141176500001 75.438029411800002 1.3821004105400001 1.38271020299 0.000244140625
75.438029411800002 75.457917647100004 1.38209062241 1.38270041054 0.000244140625
75.457917647100004 75.477805882400006 1.3820808386000001 1.38269062241 0.000244140625
75.477805882400006 75.497694117600005 1.3820710591000001 1.3826808386 0.000244140625
75.497694117600005 75.517582352900007 1.3820612839199999 1.3826710591 0.000244140625
75.517582352900007 75.537470588199994 1.38205151305 1.3826612839200001 0.000244140625
75.537470588199994 75.557358823499996 1.3820417464800001 1.3826515130499999 0.000244140625
75.557358823499996 75.577247058799998 1.38203198422 1.38264174648 0.000244140625
75.577247058799998 75.597135294099999 1.3820222262599999 1.3826319842200001 0.000244140625
75.597135294099999 75.617023529400001 1.3820124726 1.3826222262600001 0.000244140625
75.617023529400001 75.636911764700002 1.3820027232300001 1.3826124726 0.000244140625
75.636911764700002 75.656800000000004 1.38199297816 1.38260272323 0.000244140625
75.656800000000004 75.676688235300006 1.3819832373700001 1.3825929781599999 0.000244140625
75.676688235300006 75.696576470599993 1.38197350087 1.38258323737 0.000244140625
75.696576470599993 75.716464705899995 1.3819637686599999 1.38257350087 0.000244140625
75.716464705899995 75.736352941199996 1.3819540407199999 1.3825637686600001 0.000244140625
75.736352941199996 75.756241176499998 1.3819443170600001 1.3825540407200001 0.000244140625
75.756241176499998 75.7761294118 1.3819345976799999 1.38254431706 0.000244140625
75.7761294118 75.796017647100001 1.3819248825699999 1.3825345976800001 0.000244140625
75.796017647100001 75.815905882400003 1.38191517172 1.3825248825700001 0.000244140625
75.815905882400003 75.835794117600003 1.38190546514 1.3825151717199999 0.000244140625
75.835794117600003 75.855682352900004 1.3818957628299999 1.3825054651399999 0.000244140625
75.855682352900004 75.875570588200006 1.38188606477 1.3824957628300001 0.000244140625
75.875570588200006 75.895458823499993 1.3818763709699999 1.3824860647699999 0.000244140625
75.895458823499993 75.915347058799995 1.38186668142 1.3824763709700001 0.000244140625
75.915347058799995 75.935235294099996 1.38185699613 1.38246668142 0.000244140625
75.935235294099996 75.955123529399998 1.3818473150799999 1.3824569961299999 0.000244140625
75.955123529399998 75.9750117647 1.3818376382699999 1.3824473150800001 0.000244140625
75.9750117647 75.994900000000001 1.3818279657100001 1.3824376382700001 0.000244140625
75.994900000000001 76.014788235300003 1.3818182973899999 1.38242796571 0.000244140625
76.014788235300003 76.034676470600004 1.3818086332999999 1.3824182973900001 0.000244140625
76.034676470600004 76.054564705900006 1.38179897345 1.3824086333000001 0.000244140625
76.054564705900006 76.074452941199993 1.38178931783 1.38239897345 0.000244140625
76.074452941199993 76.094341176499995 1.3817796664299999 1.38238931783 0.000244140625
76.094341176499995 76.114229411799997 1.38177001926 1.3823796664300001 0.000244140625
76.114229411799997 76.134117647099998 1.3817603763099999 1.3823700192599999 0.000244140625
76.134117647099998 76.1540058824 1.38175073758 1.3823603763100001 0.000244140625
76.1540058824 76.1738941176 1.38174110307 1.3823507375799999 0.000244140625
76.1738941176 76.193782352900001 1.3817314727700001 1.3823411030699999 0.000244140625
76.193782352900001 76.213670588200003 1.3817218466800001 1.38233147277 0.000244140625
76.213670588200003 76.233558823500005 1.38171222479 1.38232184668 0.000244140625
76.233558823500005 76.253447058800006 1.38170260711 1.3823122247899999 0.000244140625
76.253447058800006 76.273335294099994 1.38169299363 1.38230260711 0.000244140625
76.273335294099994 76.293223529399995 1.38168338435 1.3822929936299999 0.000244140625
76.293223529399995 76.313111764699997 1.38167377927 1.38228338435 0.000244140625
76.313111764699997 76.332999999999998 1.3816641783700001 1.3822737792699999 0.000244140625
76.332999999999998 76.3528882353 1.3816545816700001 1.38226417837 0.000244140625
76.3528882353 76.372776470600002 1.38164498916 1.38225458167 0.000244140625
76.372776470600002 76.392664705900003 1.38163540082 1.3822449891599999 0.000244140625
76.392664705900003 76.412552941200005 1.38162581667 1.38223540082 0.000244140625
76.412552941200005 76.432441176500006 1.3816162367 1.3822258166700001 0.000244140625
76.432441176500006 76.452329411799994 1.38160666091 1.3822162366999999 0.000244140625
76.452329411799994 76.472217647099995 1.38159708928 1.3822066609100001 0.000244140625
76.472217647099995 76.492105882399997 1.38158752183 1.38219708928 0.000244140625
76.492105882399997 76.511994117599997 1.3815779585400001 1.3821875218299999 0.000244140625
76.511994117599997 76.531882352899999 1.3815683994200001 1.38217795854 0.000244140625
76.531882352899999 76.5517705882 1.38155884445 1.38216839942 0.000244140625
76.5517705882 76.571658823500002 1.38154929365 1.3821588444499999 0.000244140625
76.571658823500002 76.591547058800003 1.3815397469999999 1.3821492936499999 0.000244140625
76.591547058800003 76.611435294100005 1.38153020451 1.3821397470000001 0.000244140625
76.611435294100005 76.631323529400007 1.3815206661599999 1.3821302045099999 0.000244140625
76.631323529400007 76.651211764699994 1.38151113196 1.3821206661600001 0.000244140625
76.651211764699994 76.671099999999996 1.3815016019099999 1.3821111319599999 0.000244140625
76.671099999999996 76.690988235299997 1.38149207599 1.3821016019100001 0.000244140625
76.690988235299997 76.710876470599999 1.38148255422 1.3820920759899999 0.000244140625
76.710876470599999 76.7307647059 1.3814730365800001 1.3820825542199999 0.000244140625
76.7307647059 76.750652941200002 1.3814635230700001 1.38207303658 0.000244140625
76.750652941200002 76.770541176500004 1.3814540137 1.38206352307 0.000244140625
76.770541176500004 76.790429411800005 1.38144450845 1.3820540136999999 0.000244140625
76.790429411800005 76.810317647100007 1.3814350073199999 1.3820445084499999 0.000244140625
76.810317647100007 76.830205882399994 1.3814255103199999 1.3820350073200001 0.000244140625
76.830205882399994 76.850094117599994 1.3814160174400001 1.3820255103200001 0.000244140625
76.850094117599994 76.869982352899996 1.3814065286699999 1.38201601744 0.000244140625
76.869982352899996 76.889870588199997 1.3813970440100001 1.3820065286700001 0.000244140625
76.889870588199997 76.909758823499999 1.3813875634699999 1.38199704401 0.000244140625
76.909758823499999 76.929647058800001 1.3813780870300001 1.3819875634700001 0.000244140625
76.929647058800001 76.949535294100002 1.3813686146999999 1.38197808703 0.000244140625
76.949535294100002 76.969423529400004 1.3813591464699999 1.3819686147000001 0.000244140625
76.969423529400004 76.989311764700005 1.38134968234 1.3819591464700001 0.000244140625
76.989311764700005 77.009200000000007 1.3813402223 1.3819496823399999 0.000244140625
77.009200000000007 77.029088235299994 1.3813307663600001 1.3819402222999999 0.000244140625
77.029088235299994 77.048976470599996 1.3813213145100001 1.38193076636 0.000244140625
77.048976470599996 77.068864705899998 1.38131186675 1.38192131451 0.000244140625
77.068864705899998 77.088752941199999 1.38130242307 1.3819118667500001 0.000244140625
77.088752941199999 77.108641176500001 1.3812929834800001 1.3819024230700001 0.000244140625
77.108641176500001 77.128529411800002 1.3812835479600001 1.38189298348 0.000244140625
77.128529411800002 77.148417647100004 1.38127411652 1.38188354796 0.000244140625
77.148417647100004 77.168305882400006 1.38126468916 1.3818741165199999 0.000244140625
77.168305882400006 77.188194117600005 1.3812552658699999 1.3818646891599999 0.000244140625
77.188194117600005 77.208082352900007 1.3812458466399999 1.3818552658700001 0.000244140625
77.208082352900007 77.227970588199994 1.3812364314900001 1.3818458466400001 0.000244140625
77.227970588199994 77.247858823499996 1.3812270203899999 1.38183643149 0.000244140625
77.247858823499996 77.267747058799998 1.38121761336 1.38182702039 0.000244140625
77.267747058799998 77.287635294099999 1.3812082103800001 1.38181761336 0.000244140625
77.287635294099999 77.307523529400001 1.38119881146 1.38180821038 0.000244140625
77.307523529400001 77.327411764700003 1.3811894165900001 1.3817988114599999 0.000244140625
77.327411764700003 77.347300000000004 1.38118002577 1.38178941659 0.000244140625
77.347300000000004 77.367188235300006 1.381170639 1.3817800257699999 0.000244140625
77.367188235300006 77.387076470599993 1.38116125627 1.381770639 0.000244140625
77.387076470599993 77.406964705899995 1.38115187758 1.3817612562699999 0.000244140625
77.406964705899995 77.426852941199996 1.38114250293 1.38175187758 0.000244140625
77.426852941199996 77.446741176499998 1.38113313231 1.3817425029299999 0.000244140625
77.446741176499998 77.4666294118 1.38112376573 1.3817331323099999 0.000244140625
77.4666294118 77.486517647100001 1.38111440318 1.3817237657300001 0.000244140625
77.486517647100001 77.506405882400003 1.3811050446599999 1.3817144031799999 0.000244140625
77.506405882400003 77.526294117600003 1.38109569016 1.3817050446600001 0.000244140625
77.526294117600003 77.546182352900004 1.3810863396799999 1.3816956901599999 0.000244140625
77.546182352900004 77.566070588200006 1.38107699323 1.3816863396800001 0.000244140625
77.566070588200006 77.585958823499993 1.3810676507899999 1.3816769932299999 0.000244140625
77.585958823499993 77.605847058799995 1.38105831236 1.3816676507900001 0.000244140625
77.605847058799995 77.625735294099997 1.3810489779399999 1.3816583123599999 0.000244140625
77.625735294099997 77.645623529399998 1.38103964754 1.3816489779400001 0.000244140625
77.645623529399998 77.6655117647 1.3810303211399999 1.3816396475399999 0.000244140625
77.6655117647 77.685400000000001 1.3810209987399999 1.3816303211400001 0.000244140625
77.685400000000001 77.705288235300003 1.3810116803400001 1.3816209987400001 0.000244140625
77.705288235300003 77.725176470600005 1.3810023659399999 1.38161168034 0.000244140625
77.725176470600005 77.745064705900006 1.3809930555400001 1.3816023659400001 0.000244140625
77.745064705900006 77.764952941199994 1.3809837491200001 1.38159305554 0.000244140625
77.764952941199994 77.784841176499995 1.3809744467 1.38158374912 0.000244140625
77.784841176499995 77.804729411799997 1.3809651482700001 1.3815744467 0.000244140625
77.804729411799997 77.824617647099998 1.38095585381 1.38156514827 0.000244140625
77.824617647099998 77.8445058824 1.38094656334 1.3815558538099999 0.000244140625
77.8445058824 77.8643941176 1.3809372768499999 1.3815465633399999 0.000244140625
77.8643941176 77.884282352900001 1.3809279943399999 1.3815372768500001 0.000244140625
77.884282352900001 77.904170588200003 1.3809187158 1.3815279943400001 0.000244140625
77.904170588200003 77.924058823500005 1.38090944123 1.3815187158 0.000244140625
77.924058823500005 77.943947058800006 1.3809001706299999 1.38150944123 0.000244140625
77.943947058800006 77.963835294099994 1.3808909039899999 1.3815001706300001 0.000244140625
77.963835294099994 77.983723529399995 1.38088164132 1.3814909039900001 0.000244140625
77.983723529399995 78.003611764699997 1.3808723826 1.38148164132 0.000244140625
78.003611764699997 78.023499999999999 1.3808631278500001 1.3814723825999999 0.000244140625
78.023499999999999 78.0433882353 1.3808538770500001 1.38146312785 0.000244140625
78.0433882353 78.063276470600002 1.3808446301999999 1.38145387705 0.000244140625
78.063276470600002 78.083164705900003 1.3808353873000001 1.3814446302000001 0.000244140625
78.083164705900003 78.103052941200005 1.3808261483499999 1.3814353873 0.000244140625
78.103052941200005 78.122941176500007 1.3808169133399999 1.3814261483500001 0.000244140625
78.122941176500007 78.142829411799994 1.3808076822699999 1.3814169133400001 0.000244140625
78.142829411799994 78.162717647099996 1.3807984551500001 1.3814076822700001 0.000244140625
78.162717647099996 78.182605882399997 1.3807892319599999 1.38139845515 0.000244140625
78.182605882399997 78.202494117599997 1.3807800127000001 1.3813892319600001 0.000244140625
78.202494117599997 78.222382352899999 1.3807707973700001 1.3813800127 0.000244140625
78.222382352899999 78.2422705882 1.38076158598 1.38137079737 0.000244140625
78.2422705882 78.262158823500002 1.38075237851 1.3813615859799999 0.000244140625
78.262158823500002 78.282047058800003 1.3807431749600001 1.3813523785099999 0.000244140625
78.282047058800003 78.301935294100005 1.3807339753300001 1.38134317496 0.000244140625
78.301935294100005 78.321823529400007 1.38072477962 1.38133397533 0.000244140625
78.321823529400007 78.341711764699994 1.3807155878299999 1.3813247796200001 0.000244140625
78.341711764699994 78.361599999999996 1.38070639994 1.3813155878300001 0.000244140625
78.361599999999996 78.381488235299997 1.3806972159699999 1.3813063999399999 0.000244140625
78.381488235299997 78.401376470599999 1.38068803591 1.3812972159700001 0.000244140625
78.401376470599999 78.421264705900001 1.3806788597499999 1.3812880359099999 0.000244140625
78.421264705900001 78.441152941200002 1.38066968749 1.3812788597500001 0.000244140625
78.441152941200002 78.461041176500004 1.3806605191400001 1.3812696874899999 0.000244140625
78.461041176500004 78.480929411800005 1.3806513546800001 1.38126051914 0.000244140625
78.480929411800005 78.500817647100007 1.38064219411 1.38125135468 0.000244140625
78.500817647100007 78.520705882399994 1.38063303744 1.3812421941099999 0.000244140625
78.520705882399994 78.540594117599994 1.3806238846500001 1.3812330374399999 0.000244140625
78.540594117599994 78.560482352899996 1.38061473576 1.38122388465 0.000244140625
78.560482352899996 78.580370588199997 1.3806055907400001 1.38121473576 0.000244140625
78.580370588199997 78.600258823499999 1.3805964496100001 1.38120559074 0.000244140625
78.600258823499999 78.620147058800001 1.3805873123600001 1.38119644961 0.000244140625
78.620147058800001 78.640035294100002 1.38057817898 1.38118731236 0.000244140625
78.640035294100002 78.659923529400004 1.38056904948 1.3811781789799999 0.000244140625
78.659923529400004 78.679811764700005 1.3805599238499999 1.38116904948 0.000244140625
78.679811764700005 78.699700000000007 1.3805508020799999 1.3811599238500001 0.000244140625
78.699700000000007 78.719588235299994 1.38054168419 1.3811508020800001 0.000244140625
78.719588235299994 78.739476470599996 1.38053257015 1.3811416841899999 0.000244140625
78.739476470599996 78.759364705899998 1.38052345998 1.3811325701499999 0.000244140625
78.759364705899998 78.779252941199999 1.38051435367 1.38112345998 0.000244140625
78.779252941199999 78.799141176500001 1.38050525121 1.3811143536699999 0.000244140625
78.799141176500001 78.819029411800003 1.3804961525999999 1.3811052512099999 0.000244140625
78.819029411800003 78.838917647100004 1.3804870578499999 1.3810961526000001 0.000244140625
78.838917647100004 78.858805882400006 1.38047796694 1.3810870578500001 0.000244140625
78.858805882400006 78.878694117600006 1.38046887988 1.38107796694 0.000244140625
78.878694117600006 78.898582352899993 1.3804597966600001 1.3810688798799999 0.000244140625
78.898582352899993 78.918470588199995 1.38045071728 1.38105979666 0.000244140625
78.918470588199995 78.938358823499996 1.3804416417400001 1.38105071728 0.000244140625
78.938358823499996 78.958247058799998 1.38043257004 1.38104164174 0.000244140625
78.958247058799998 78.978135294099999 1.38042350216 1.3810325700399999 0.000244140625
78.978135294099999 78.998023529400001 1.3804144381200001 1.3810235021599999 0.000244140625
78.998023529400001 79.017911764700003 1.3804053779100001 1.38101443812 0.000244140625
79.017911764700003 79.037800000000004 1.3803963215199999 1.38100537791 0.000244140625
79.037800000000004 79.057688235300006 1.3803872689500001 1.3809963215200001 0.000244140625
79.057688235300006 79.077576470599993 1.3803782201999999 1.38098726895 0.000244140625
79.077576470599993 79.097464705899995 1.38036917528 1.3809782202000001 0.000244140625
79.097464705899995 79.117352941199997 1.38036013416 1.38096917528 0.000244140625
79.117352941199997 79.137241176499998 1.3803510968599999 1.38096013416 0.000244140625
79.137241176499998 79.1571294118 1.3803420633700001 1.3809510968600001 0.000244140625
79.1571294118 79.177017647100001 1.3803330336799999 1.38094206337 0.000244140625
79.177017647100001 79.196905882400003 1.3803240078000001 1.3809330336800001 0.000244140625
79.196905882400003 79.216794117600003 1.3803149857300001 1.3809240078 0.000244140625
79.216794117600003 79.236682352900004 1.38030596745 1.38091498573 0.000244140625
79.236682352900004 79.256570588200006 1.38029695297 1.3809059674499999 0.000244140625
79.256570588200006 79.276458823499993 1.3802879422800001 1.3808969529699999 0.000244140625
79.276458823499993 79.296347058799995 1.38027893539 1.38088794228 0.000244140625
79.296347058799995 79.316235294099997 1.3802699322900001 1.38087893539 0.000244140625
79.316235294099997 79.336123529399998 1.38026093297 1.38086993229 0.000244140625
79.336123529399998 79.3560117647 1.38025193744 1.3808609329699999 0.000244140625
79.3560117647 79.375900000000001 1.3802429456900001 1.3808519374399999 0.000244140625
79.375900000000001 79.395788235300003 1.38023395773 1.38084294569 0.000244140625
79.395788235300003 79.415676470600005 1.3802249735300001 1.38083395773 0.000244140625
79.415676470600005 79.435564705900006 1.38021599312 1.38082497353 0.000244140625
79.435564705900006 79.455452941199994 1.38020701647 1.3808159931199999 0.000244140625
79.455452941199994 79.475341176499995 1.3801980436000001 1.3808070164699999 0.000244140625
79.475341176499995 79.495229411799997 1.3801890744900001 1.3807980436 0.000244140625
79.495229411799997 79.515117647099999 1.3801801091499999 1.38078907449 0.000244140625
79.515117647099999 79.5350058824 1.38017114757 1.38078010915 0.000244140625
79.5350058824 79.5548941176 1.38016218975 1.38077114757 0.000244140625
79.5548941176 79.574782352900002 1.3801532356899999 1.38076218975 0.000244140625
79.574782352900002 79.594670588200003 1.3801442853799999 1.3807532356900001 0.000244140625
79.594670588200003 79.614558823500005 1.3801353388299999 1.38074428538 0.000244140625
79.614558823500005 79.634447058800006 1.3801263960200001 1.3807353388300001 0.000244140625
79.634447058800006 79.654335294099994 1.3801174569700001 1.38072639602 0.000244140625
79.654335294099994 79.674223529399995 1.38010852165 1.38071745697 0.000244140625
79.674223529399995 79.694111764699997 1.3800995900899999 1.3807085216499999 0.000244140625
79.694111764699997 79.713999999999999 1.38009066226 1.3806995900900001 0.000244140625
79.713999999999999 79.7338882353 1.3800817381599999 1.3806906622599999 0.000244140625
79.7338882353 79.753776470600002 1.3800728178099999 1.3806817381600001 0.000244140625
79.753776470600002 79.773664705900003 1.38006390119 1.3806728178100001 0.000244140625
79.773664705900003 79.793552941200005 1.38005498829 1.3806639011899999 0.000244140625
79.793552941200005 79.813441176500007 1.38004607913 1.3806549882900001 0.000244140625
79.813441176500007 79.833329411799994 1.3800371736899999 1.3806460791299999 0.000244140625
79.833329411799994 79.853217647099996 1.3800282719700001 1.3806371736900001 0.000244140625
79.853217647099996 79.873105882399997 1.38001937397 1.38062827197 0.000244140625
79.873105882399997 79.892994117599997 1.3800104796999999 1.3806193739699999 0.000244140625
79.892994117599997 79.912882352899999 1.3800015891299999 1.3806104797000001 0.000244140625
79.912882352899999 79.9327705882 1.37999270228 1.3806015891300001 0.000244140625
79.9327705882 79.952658823500002 1.37998381915 1.38059270228 0.000244140625
79.952658823500002 79.972547058800004 1.3799749397200001 1.3805838191499999 0.000244140625
79.972547058800004 79.992435294100005 1.37996606399 1.38057493972 0.000244140625
79.992435294100005 80.012323529400007 1.37995719197 1.3805660639899999 0.000244140625
80.012323529400007 80.032211764699994 1.3799483236500001 1.3805571919699999 0.000244140625
80.032211764699994 80.052099999999996 1.37993945903 1.38054832365 0.000244140625
80.052099999999996 80.071988235299997 1.3799305981100001 1.38053945903 0.000244140625
80.071988235299997 80.091876470599999 1.37992174088 1.38053059811 0.000244140625
80.091876470599999 80.111764705900001 1.3799128873399999 1.3805217408799999 0.000244140625
80.111764705900001 80.131652941200002 1.37990403749 1.3805128873400001 0.000244140625
80.131652941200002 80.151541176500004 1.3798951913199999 1.3805040374899999 0.000244140625
80.151541176500004 80.171429411800005 1.3798863488399999 1.3804951913200001 0.000244140625
80.171429411800005 80.191317647100007 1.37987751005 1.3804863488400001 0.000244140625
80.191317647100007 80.211205882399994 1.37986867493 1.38047751005 0.000244140625
80.211205882399994 80.231094117599994 1.37985984349 1.3804686749299999 0.000244140625
80.231094117599994 80.250982352899996 1.3798510157199999 1.3804598434899999 0.000244140625
80.250982352899996 80.270870588199998 1.3798421916200001 1.3804510157200001 0.000244140625
80.270870588199998 80.290758823499999 1.3798333711999999 1.38044219162 0.000244140625
80.290758823499999 80.310647058800001 1.3798245544400001 1.3804333712000001 0.000244140625
80.310647058800001 80.330535294100002 1.3798157413500001 1.38042455444 0.000244140625
80.330535294100002 80.350423529400004 1.3798069319199999 1.38041574135 0.000244140625
80.350423529400004 80.370311764700006 1.3797981261500001 1.3804069319200001 0.000244140625
80.370311764700006 80.390199999999993 1.3797893240400001 1.38039812615 0.000244140625
80.390199999999993 80.410088235299995 1.37978052558 1.38038932404 0.000244140625
80.410088235299995 80.429976470599996 1.3797717307799999 1.3803805255799999 0.000244140625
80.429976470599996 80.449864705899998 1.37976293962 1.3803717307800001 0.000244140625
80.449864705899998 80.469752941199999 1.3797541521200001 1.3803629396199999 0.000244140625
80.469752941199999 80.489641176500001 1.37974536826 1.38035415212 0.000244140625
80.489641176500001 80.509529411800003 1.3797365880400001 1.38034536826 0.000244140625
80.509529411800003 80.529417647100004 1.37972781147 1.38033658804 0.000244140625
80.529417647100004 80.549305882400006 1.37971903853 1.3803278114699999 0.000244140625
80.549305882400006 80.569194117600006 1.3797102692300001 1.3803190385299999 0.000244140625
80.569194117600006 80.589082352899993 1.37970150357 1.38031026923 0.000244140625
80.589082352899993 80.608970588199995 1.37969274154 1.3803015035699999 0.000244140625
80.608970588199995 80.628858823499996 1.3796839831300001 1.3802927415399999 0.000244140625
80.628858823499996 80.648747058799998 1.37967522835 1.38028398313 0.000244140625
80.648747058799998 80.6686352941 1.3796664772 1.3802752283499999 0.000244140625
80.6686352941 80.688523529400001 1.3796577296700001 1.3802664772 0.000244140625
80.688523529400001 80.708411764700003 1.3796489857600001 1.38025772967 0.000244140625
80.708411764700003 80.728300000000004 1.3796402454700001 1.38024898576 0.000244140625
80.728300000000004 80.748188235300006 1.37963150879 1.38024024547 0.000244140625
80.748188235300006 80.768076470599993 1.3796227757199999 1.3802315087899999 0.000244140625
80.768076470599993 80.787964705899995 1.3796140462699999 1.3802227757200001 0.000244140625
80.787964705899995 80.807852941199997 1.3796053204200001 1.3802140462700001 0.000244140625
80.807852941199997 80.827741176499998 1.37959659818 1.38020532042 0.000244140625
80.827741176499998 80.8476294118 1.3795878795500001 1.38019659818 0.000244140625
80.8476294118 80.867517647100001 1.37957916451 1.38018787955 0.000244140625
80.867517647100001 80.887405882400003 1.3795704530699999 1.3801791645099999 0.000244140625
80.887405882400003 80.907294117600003 1.37956174523 1.3801704530700001 0.000244140625
80.907294117600003 80.927182352900005 1.3795530409800001 1.3801617452299999 0.000244140625
80.927182352900005 80.947070588200006 1.3795443403300001 1.38015304098 0.000244140625
80.947070588200006 80.966958823499994 1.3795356432600001 1.38014434033 0.000244140625
80.966958823499994 80.986847058799995 1.37952694979 1.38013564326 0.000244140625
80.986847058799995 81.006735294099997 1.37951825989 1.3801269497899999 0.000244140625
81.006735294099997 81.026623529399998 1.37950957358 1.3801182598899999 0.000244140625
81.026623529399998 81.0465117647 1.3795008908499999 1.38010957358 0.000244140625
81.0465117647 81.066400000000002 1.3794922116999999 1.3801008908500001 0.000244140625
81.066400000000002 81.086288235300003 1.37948353612 1.3800922117000001 0.000244140625
81.086288235300003 81.106176470600005 1.3794748641200001 1.3800835361199999 0.000244140625
81.106176470600005 81.126064705900006 1.3794661956800001 1.38007486412 0.000244140625
81.126064705900006 81.145952941199994 1.3794575308200001 1.38006619568 0.000244140625
81.145952941199994 81.165841176499995 1.37944886952 1.38005753082 0.000244140625
81.165841176499995 81.185729411799997 1.37944021179 1.3800488695199999 0.000244140625
81.185729411799997 81.205617647099999 1.37943155761 1.3800402117899999 0.000244140625
81.205617647099999 81.2255058824 1.3794229069999999 1.38003155761 0.000244140625
81.2255058824 81.2453941176 1.3794142599400001 1.3800229070000001 0.000244140625
81.2453941176 81.265282352900002 1.3794056164399999 1.38001425994 0.000244140625
81.265282352900002 81.285170588200003 1.37939697649 1.3800056164400001 0.000244140625
81.285170588200003 81.305058823500005 1.3793883401 1.37999697649 0.000244140625
81.305058823500005 81.324947058800007 1.37937970724 1.3799883400999999 0.000244140625
81.324947058800007 81.344835294099994 1.3793710779399999 1.37997970724 0.000244140625
81.344835294099994 81.364723529399996 1.3793624521800001 1.3799710779400001 0.000244140625
81.364723529399996 81.384611764699997 1.3793538299600001 1.37996245218 0.000244140625
81.384611764699997 81.404499999999999 1.37934521128 1.37995382996 0.000244140625
81.404499999999999 81.4243882353 1.3793365961299999 1.3799452112799999 0.000244140625
81.4243882353 81.444276470600002 1.3793279845199999 1.3799365961300001 0.000244140625
81.444276470600002 81.464164705900004 1.37931937644 1.3799279845200001 0.000244140625
81.464164705900004 81.484052941200005 1.37931077189 1.37991937644 0.000244140625
81.484052941200005 81.503941176500007 1.37930217087 1.3799107718900001 0.000244140625
81.503941176500007 81.523829411799994 1.37929357337 1.3799021708700001 0.000244140625
81.523829411799994 81.543717647099996 1.3792849793999999 1.37989357337 0.000244140625
81.543717647099996 81.563605882399997 1.3792763889499999 1.3798849794000001 0.000244140625
81.563605882399997 81.583494117599997 1.37926780201 1.3798763889500001 0.000244140625
81.583494117599997 81.603382352899999 1.3792592185899999 1.3798678020099999 0.000244140625
81.603382352899999 81.6232705882 1.3792506386900001 1.37985921859 0.000244140625
81.6232705882 81.643158823500002 1.3792420622899999 1.37985063869 0.000244140625
81.643158823500002 81.663047058800004 1.37923348941 1.3798420622900001 0.000244140625
81.663047058800004 81.682935294100005 1.37922492003 1.3798334894099999 0.000244140625
81.682935294100005 81.702823529400007 1.37921635416 1.3798249200299999 0.000244140625
81.702823529400007 81.722711764699994 1.3792077917900001 1.3798163541599999 0.000244140625
81.722711764699994 81.742599999999996 1.37919923292 1.37980779179 0.000244140625
81.742599999999996 81.762488235299998 1.37919067755 1.37979923292 0.000244140625
81.762488235299998 81.782376470599999 1.3791821256800001 1.37979067755 0.000244140625
81.782376470599999 81.802264705900001 1.37917357729 1.37978212568 0.000244140625
81.802264705900001 81.822152941200002 1.3791650324 1.3797735772899999 0.000244140625
81.822152941200002 81.842041176500004 1.379156491 1.3797650323999999 0.000244140625
81.842041176500004 81.861929411800006 1.3791479530899999 1.379756491 0.000244140625
81.861929411800006 81.881817647099993 1.3791394186599999 1.3797479530900001 0.000244140625
81.881817647099993 81.901705882399995 1.3791308877099999 1.37973941866 0.000244140625
81.901705882399995 81.921594117599994 1.37912236024 1.3797308877100001 0.000244140625
81.921594117599994 81.941482352899996 1.3791138362599999 1.3797223602399999 0.000244140625
81.941482352899996 81.961370588199998 1.3791053157399999 1.3797138362600001 0.000244140625
81.961370588199998 81.981258823499999 1.3790967987 1.3797053157400001 0.000244140625
81.981258823499999 82.001147058800001 1.3790882851299999 1.3796967986999999 0.000244140625
82.001147058800001 82.021035294100002 1.3790797750299999 1.3796882851300001 0.000244140625
82.021035294100002 82.040923529400004 1.3790712683999999 1.3796797750300001 0.000244140625
82.040923529400004 82.060811764700006 1.37906276523 1.3796712684000001 0.000244140625
82.060811764700006 82.080699999999993 1.37905426553 1.37966276523 0.000244140625
82.080699999999993 82.100588235299995 1.37904576928 1.3796542655299999 0.000244140625
82.100588235299995 82.120476470599996 1.3790372764900001 1.3796457692799999 0.000244140625
82.120476470599996 82.140364705899998 1.37902878716 1.37963727649 0.000244140625
82.140364705899998 82.1602529412 1.37902030128 1.3796287871599999 0.000244140625
82.1602529412 82.180141176500001 1.37901181886 1.3796203012799999 0.000244140625
82.180141176500001 82.200029411800003 1.3790033398799999 1.3796118188599999 0.000244140625
82.200029411800003 82.219917647100004 1.3789948643500001 1.3796033398800001 0.000244140625
82.219917647100004 82.239805882400006 1.3789863922600001 1.37959486435 0.000244140625
82.239805882400006 82.259694117600006 1.3789779236199999 1.37958639226 0.000244140625
82.259694117600006 82.279582352899993 1.3789694584100001 1.3795779236200001 0.000244140625
82.279582352899993 82.299470588199995 1.37896099665 1.37956945841 0.000244140625
82.299470588199995 82.319358823499996 1.3789525383200001 1.37956099665 0.000244140625
82.319358823499996 82.339247058799998 1.37894408342 1.37955253832 0.000244140625
82.339247058799998 82.3591352941 1.3789356319599999 1.3795440834199999 0.000244140625
82.3591352941 82.379023529400001 1.3789271839299999 1.3795356319600001 0.000244140625
82.379023529400001 82.398911764700003 1.37891873932 1.3795271839300001 0.000244140625
82.398911764700003 82.418800000000005 1.3789102981400001 1.3795187393199999 0.000244140625
82.418800000000005 82.438688235300006 1.3789018603800001 1.37951029814 0.000244140625
82.438688235300006 82.458576470599994 1.3788934260400001 1.37950186038 0.000244140625
82.458576470599994 82.478464705899995 1.37888499512 1.37949342604 0.000244140625
82.478464705899995 82.498352941199997 1.3788765676200001 1.3794849951199999 0.000244140625
82.498352941199997 82.518241176499998 1.3788681435300001 1.37947656762 0.000244140625
82.518241176499998 82.5381294118 1.3788597228499999 1.37946814353 0.000244140625
82.5381294118 82.558017647100002 1.37885130558 1.3794597228500001 0.000244140625
82.558017647100002 82.577905882400003 1.37884289172 1.37945130558 0.000244140625
82.577905882400003 82.597794117600003 1.37883448127 1.3794428917199999 0.000244140625
82.597794117600003 82.617682352900005 1.37882607422 1.3794344812699999 0.000244140625
82.617682352900005 82.637570588200006 1.3788176705699999 1.37942607422 0.000244140625
82.637570588200006 82.657458823499994 1.3788092703199999 1.3794176705700001 0.000244140625
82.657458823499994 82.677347058799995 1.3788008734599999 1.37940927032 0.000244140625
82.677347058799995 82.697235294099997 1.37879248 1.3794008734600001 0.000244140625
82.697235294099997 82.717123529399998 1.3787840899399999 1.3793924799999999 0.000244140625
82.717123529399998 82.7370117647 1.3787757032600001 1.3793840899400001 0.000244140625
82.7370117647 82.756900000000002 1.3787673199699999 1.37937570326 0.000244140625
82.756900000000002 82.776788235300003 1.37875894007 1.3793673199700001 0.000244140625
82.776788235300003 82.796676470600005 1.3787505635499999 1.3793589400699999 0.000244140625
82.796676470600005 82.816564705900007 1.3787421904199999 1.3793505635500001 0.000244140625
82.816564705900007 82.836452941199994 1.3787338206599999 1.3793421904200001 0.000244140625
82.836452941199994 82.856341176499996 1.37872545428 1.3793338206600001 0.000244140625
82.856341176499996 82.876229411799997 1.37871709128 1.37932545428 0.000244140625
82.876229411799997 82.896117647099999 1.37870873165 1.3793170912799999 0.000244140625
82.896117647099999 82.9160058824 1.37870037539 1.3793087316499999 0.000244140625
82.9160058824 82.9358941176 1.3786920224999999 1.3793003753899999 0.000244140625
82.9358941176 82.955782352900002 1.3786836729800001 1.3792920225 0.000244140625
82.955782352900002 82.975670588200003 1.37867532682 1.37928367298 0.000244140625
82.975670588200003 82.995558823500005 1.3786669840200001 1.37927532682 0.000244140625
82.995558823500005 83.015447058800007 1.37865864459 1.37926698402 0.000244140625
83.015447058800007 83.035335294099994 1.3786503085099999 1.3792586445899999 0.000244140625
83.035335294099994 83.055223529399996 1.3786419757899999 1.3792503085100001 0.000244140625
83.055223529399996 83.075111764699997 1.37863364642 1.3792419757900001 0.000244140625
83.075111764699997 83.094999999999999 1.3786253204100001 1.3792336464199999 0.000244140625
83.094999999999999 83.1148882353 1.37861699774 1.37922532041 0.000244140625
83.1148882353 83.134776470600002 1.37860867842 1.37921699774 0.000244140625
83.134776470600002 83.154664705900004 1.3786003624500001 1.3792086784199999 0.000244140625
83.154664705900004 83.174552941200005 1.3785920498199999 1.37920036245 0.000244140625
83.174552941200005 83.194441176500007 1.3785837405400001 1.3791920498200001 0.000244140625
83.194441176500007 83.214329411799994 1.3785754345900001 1.37918374054 0.000244140625
83.214329411799994 83.234217647099996 1.3785671319799999 1.37917543459 0.000244140625
83.234217647099996 83.254105882399998 1.3785588327 1.3791671319800001 0.000244140625
83.254105882399998 83.273994117599997 1.3785505367599999 1.3791588326999999 0.000244140625
83.273994117599997 83.293882352899999 1.3785422441499999 1.3791505367600001 0.000244140625
83.293882352899999 83.313770588200001 1.37853395487 1.3791422441500001 0.000244140625
83.313770588200001 83.333658823500002 1.3785256689100001 1.3791339548699999 0.000244140625
83.333658823500002 83.353547058800004 1.37851738628 1.37912566891 0.000244140625
83.353547058800004 83.373435294100005 1.37850910697 1.3791173862799999 0.000244140625
83.373435294100005 83.393323529400007 1.37850083099 1.3791091069700001 0.000244140625
83.393323529400007 83.413211764699994 1.3784925583200001 1.3791008309899999 0.000244140625
83.413211764699994 83.433099999999996 1.37848428896 1.37909255832 0.000244140625
83.433099999999996 83.452988235299998 1.3784760229199999 1.3790842889599999 0.000244140625
83.452988235299998 83.472876470599999 1.3784677601999999 1.3790760229200001 0.000244140625
83.472876470599999 83.492764705900001 1.37845950078 1.3790677602000001 0.000244140625
83.492764705900001 83.512652941200002 1.3784512446699999 1.3790595007799999 0.000244140625
83.512652941200002 83.532541176500004 1.3784429918700001 1.3790512446700001 0.000244140625
83.532541176500004 83.552429411800006 1.3784347423700001 1.37904299187 0.000244140625
83.552429411800006 83.572317647099993 1.3784264961699999 1.37903474237 0.000244140625
83.572317647099993 83.592205882399995 1.37841825327 1.3790264961700001 0.000244140625
83.592205882399995 83.612094117599995 1.3784100136699999 1.3790182532699999 0.000244140625
83.612094117599995 83.631982352899996 1.3784017773599999 1.3790100136700001 0.000244140625
83.631982352899996 83.651870588199998 1.3783935443499999 1.3790017773600001 0.000244140625
83.651870588199998 83.671758823499999 1.37838531463 1.3789935443500001 0.000244140625
83.671758823499999 83.691647058800001 1.3783770881999999 1.37898531463 0.000244140625
83.691647058800001 83.711535294100003 1.3783688650599999 1.3789770882000001 0.000244140625
83.711535294100003 83.731423529400004 1.3783606451999999 1.37896886506 0.000244140625
83.731423529400004 83.751311764700006 1.37835242862 1.3789606452000001 0.000244140625
83.751311764700006 83.771199999999993 1.3783442153300001 1.3789524286199999 0.000244140625
83.771199999999993 83.791088235299995 1.37833600531 1.37894421533 0.000244140625
83.791088235299995 83.810976470599996 1.37832779857 1.3789360053099999 0.000244140625
83.810976470599996 83.830864705899998 1.37831959511 1.3789277985699999 0.000244140625
83.830864705899998 83.8507529412 1.3783113949200001 1.37891959511 0.000244140625
83.8507529412 83.870641176500001 1.378303198 1.37891139492 0.000244140625
83.870641176500001 83.890529411800003 1.37829500435 1.3789031979999999 0.000244140625
83.890529411800003 83.910417647100005 1.37828681396 1.3788950043499999 0.000244140625
83.910417647100005 83.930305882400006 1.37827862684 1.3788868139599999 0.000244140625
83.930305882400006 83.950194117600006 1.3782704429799999 1.37887862684 0.000244140625
83.950194117600006 83.970082352899993 1.37826226239 1.3788704429800001 0.000244140625
83.970082352899993 83.989970588199995 1.37825408505 1.37886226239 0.000244140625
83.989970588199995 84.009858823499997 1.37824591096 1.37885408505 0.000244140625
84.009858823499997 84.029747058799998 1.3782377401399999 1.37884591096 0.000244140625
84.029747058799998 84.0496352941 1.37822957256 1.37883774014 0.000244140625
84.0496352941 84.069523529400001 1.3782214082399999 1.3788295725599999 0.000244140625
84.069523529400001 84.089411764700003 1.3782132471599999 1.3788214082400001 0.000244140625
84.089411764700003 84.109300000000005 1.37820508933 1.3788132471600001 0.000244140625
84.109300000000005 84.129188235300006 1.37819693474 1.3788050893299999 0.000244140625
84.129188235300006 84.149076470599994 1.3781887834 1.37879693474 0.000244140625
84.149076470599994 84.168964705899995 1.3781806352999999 1.3787887834000001 0.000244140625
84.168964705899995 84.188852941199997 1.3781724904299999 1.3787806353000001 0.000244140625
84.188852941199997 84.208741176499998 1.3781643487999999 1.3787724904300001 0.000244140625
84.208741176499998 84.2286294118 1.37815621041 1.3787643488000001 0.000244140625
84.2286294118 84.248517647100002 1.3781480752499999 1.37875621041 0.000244140625
84.248517647100002 84.268405882400003 1.3781399433099999 1.3787480752500001 0.000244140625
84.268405882400003 84.288294117600003 1.3781318146099999 1.37873994331 0.000244140625
84.288294117600003 84.308182352900005 1.3781236891299999 1.3787318146100001 0.000244140625
84.308182352900005 84.328070588200006 1.37811556688 1.3787236891300001 0.000244140625
84.328070588200006 84.347958823499994 1.3781074478499999 1.37871556688 0.000244140625
84.347958823499994 84.367847058799995 1.3780993320299999 1.3787074478500001 0.000244140625
84.367847058799995 84.387735294099997 1.3780912194399999 1.3786993320300001 0.000244140625
84.387735294099997 84.407623529399999 1.3780831100599999 1.3786912194400001 0.000244140625
84.407623529399999 84.4275117647 1.3780750039 1.3786831100600001 0.000244140625
84.4275117647 84.447400000000002 1.37806690095 1.3786750039 0.000244140625
84.447400000000002 84.467288235300003 1.3780588012099999 1.3786669009500001 0.000244140625
84.467288235300003 84.487176470600005 1.3780507046799999 1.3786588012100001 0.000244140625
84.487176470600005 84.507064705900007 1.3780426113499999 1.3786507046800001 0.000244140625
84.507064705900007 84.526952941199994 1.37803452123 1.3786426113500001 0.000244140625
84.526952941199994 84.546841176499996 1.3780264343099999 1.37863452123 0.000244140625
84.546841176499996 84.566729411799997 1.3780183505900001 1.3786264343100001 0.000244140625
84.566729411799997 84.586617647099999 1.3780102700600001 1.37861835059 0.000244140625
84.586617647099999 84.6065058824 1.3780021927399999 1.37861027006 0.000244140625
84.6065058824 84.6263941176 1.37799411861 1.3786021927400001 0.000244140625
84.6263941176 84.646282352900002 1.3779860476700001 1.3785941186099999 0.000244140625
84.646282352900002 84.666170588200004 1.37797797992 1.37858604767 0.000244140625
84.666170588200004 84.686058823500005 1.37796991536 1.37857797992 0.000244140625
84.686058823500005 84.705947058800007 1.37796185398 1.37856991536 0.000244140625
84.705947058800007 84.725835294099994 1.3779537957900001 1.37856185398 0.000244140625
84.725835294099994 84.745723529399996 1.37794574079 1.37855379579 0.000244140625
84.745723529399996 84.765611764699997 1.3779376889599999 1.3785457407899999 0.000244140625
84.765611764699997 84.785499999999999 1.3779296403100001 1.3785376889600001 0.000244140625
84.785499999999999 84.805388235300001 1.3779215948400001 1.37852964031 0.000244140625
84.805388235300001 84.825276470600002 1.3779135525399999 1.37852159484 0.000244140625
84.825276470600002 84.845164705900004 1.37790551341 1.3785135525400001 0.000244140625
84.845164705900004 84.865052941200005 1.3778974774599999 1.3785055134099999 0.000244140625
84.865052941200005 84.884941176500007 1.3778894446700001 1.3784974774600001 0.000244140625
84.884941176500007 84.904829411799994 1.3778814150500001 1.37848944467 0.000244140625
84.904829411799994 84.924717647099996 1.3778733886000001 1.37848141505 0.000244140625
84.924717647099996 84.944605882399998 1.3778653653099999 1.3784733886 0.000244140625
84.944605882399998 84.964494117599997 1.37785734518 1.3784653653100001 0.000244140625
84.964494117599997 84.984382352899999 1.3778493281999999 1.37845734518 0.000244140625
84.984382352899999 85.004270588200001 1.3778413143899999 1.3784493282000001 0.000244140625
85.004270588200001 85.024158823500002 1.3778333037299999 1.3784413143900001 0.000244140625
85.024158823500002 85.044047058800004 1.3778252962199999 1.3784333037300001 0.000244140625
85.044047058800004 85.063935294100006 1.37781729186 1.3784252962200001 0.000244140625
85.063935294100006 85.083823529399993 1.3778092906499999 1.3784172918599999 0.000244140625
85.083823529399993 85.103711764699995 1.3778012925900001 1.3784092906500001 0.000244140625
85.103711764699995 85.123599999999996 1.37779329768 1.37840129259 0.000244140625
85.123599999999996 85.143488235299998 1.3777853059 1.37839329768 0.000244140625
85.143488235299998 85.163376470599999 1.3777773172700001 1.3783853059 0.000244140625
85.163376470599999 85.183264705900001 1.3777693317799999 1.37837731727 0.000244140625
85.183264705900001 85.203152941200003 1.3777613494300001 1.3783693317800001 0.000244140625
85.203152941200003 85.223041176500004 1.37775337021 1.37836134943 0.000244140625
85.223041176500004 85.242929411800006 1.37774539412 1.3783533702099999 0.000244140625
85.242929411800006 85.262817647099993 1.37773742117 1.3783453941199999 0.000244140625
85.262817647099993 85.282705882399995 1.37772945135 1.3783374211699999 0.000244140625
85.282705882399995 85.302594117599995 1.3777214846500001 1.37832945135 0.000244140625
85.302594117599995 85.322482352899996 1.37771352108 1.37832148465 0.000244140625
85.322482352899996 85.342370588199998 1.3777055606399999 1.3783135210799999 0.000244140625
85.342370588199998 85.362258823499999 1.3776976033099999 1.3783055606400001 0.000244140625
85.362258823499999 85.382147058800001 1.3776896491099999 1.3782976033100001 0.000244140625
85.382147058800001 85.402035294100003 1.37768169802 1.3782896491100001 0.000244140625
85.402035294100003 85.421923529400004 1.37767375005 1.3782816980199999 0.000244140625
85.421923529400004 85.441811764700006 1.3776658051999999 1.37827375005 0.000244140625
85.441811764700006 85.461699999999993 1.3776578634500001 1.3782658052000001 0.000244140625
85.461699999999993 85.481588235299995 1.37764992482 1.37825786345 0.000244140625
85.481588235299995 85.501476470599997 1.3776419893 1.37824992482 0.000244140625
85.501476470599997 85.521364705899998 1.3776340568800001 1.3782419893 0.000244140625
85.521364705899998 85.5412529412 1.3776261275699999 1.37823405688 0.000244140625
85.5412529412 85.561141176500001 1.37761820136 1.3782261275700001 0.000244140625
85.561141176500001 85.581029411800003 1.3776102782499999 1.37821820136 0.000244140625
85.581029411800003 85.600917647100005 1.3776023582400001 1.3782102782500001 0.000244140625
85.600917647100005 85.620805882400006 1.3775944413300001 1.37820235824 0.000244140625
85.620805882400006 85.640694117600006 1.3775865275100001 1.37819444133 0.000244140625
85.640694117600006 85.660582352899993 1.3775786167899999 1.37818652751 0.000244140625
85.660582352899993 85.680470588199995 1.37757070916 1.3781786167900001 0.000244140625
85.680470588199995 85.700358823499997 1.3775628046199999 1.37817070916 0.000244140625
85.700358823499997 85.720247058799998 1.3775549031600001 1.3781628046200001 0.000244140625
85.720247058799998 85.7401352941 1.37754700479 1.37815490316 0.000244140625
85.7401352941 85.760023529400002 1.37753910951 1.37814700479 0.000244140625
85.760023529400002 85.779911764700003 1.3775312173100001 1.37813910951 0.000244140625
85.779911764700003 85.799800000000005 1.3775233281799999 1.37813121731 0.000244140625
85.799800000000005 85.819688235300006 1.37751544214 1.3781233281800001 0.000244140625
85.819688235300006 85.839576470599994 1.3775075591699999 1.3781154421399999 0.000244140625
85.839576470599994 85.859464705899995 1.3774996792800001 1.3781075591700001 0.000244140625
85.859464705899995 85.879352941199997 1.37749180246 1.37809967928 0.000244140625
85.879352941199997 85.899241176499999 1.37748392871 1.37809180246 0.000244140625
85.899241176499999 85.9191294118 1.3774760580300001 1.37808392871 0.000244140625
85.9191294118 85.939017647100002 1.3774681904099999 1.37807605803 0.000244140625
85.939017647100002 85.958905882400003 1.37746032586 1.3780681904100001 0.000244140625
85.958905882400003 85.978794117600003 1.3774524643799999 1.3780603258599999 0.000244140625
85.978794117600003 85.998682352900005 1.3774446059500001 1.3780524643800001 0.000244140625
85.998682352900005 86.018570588200006 1.37743675059 1.37804460595 0.000244140625
86.018570588200006 86.038458823499994 1.37742889828 1.37803675059 0.000244140625
86.038458823499994 86.058347058799995 1.3774210490300001 1.37802889828 0.000244140625
86.058347058799995 86.078235294099997 1.3774132028299999 1.37802104903 0.000244140625
86.078235294099997 86.098123529399999 1.37740535968 1.3780132028300001 0.000244140625
86.098123529399999 86.1180117647 1.3773975195899999 1.3780053596799999 0.000244140625
86.1180117647 86.137900000000002 1.37738968254 1.3779975195900001 0.000244140625
86.137900000000002 86.157788235300004 1.37738184854 1.37798968254 0.000244140625
86.157788235300004 86.177676470600005 1.37737401758 1.3779818485399999 0.000244140625
86.177676470600005 86.197564705900007 1.37736618967 1.3779740175799999 0.000244140625
86.197564705900007 86.217452941199994 1.3773583648000001 1.37796618967 0.000244140625
86.217452941199994 86.237341176499996 1.3773505429599999 1.3779583648 0.000244140625
86.237341176499996 86.257229411799997 1.37734272417 1.3779505429600001 0.000244140625
86.257229411799997 86.277117647099999 1.3773349084099999 1.37794272417 0.000244140625
86.277117647099999 86.297005882400001 1.3773270956799999 1.3779349084100001 0.000244140625
86.297005882400001 86.3168941176 1.3773192859800001 1.37792709568 0.000244140625
86.3168941176 86.336782352900002 1.3773114793200001 1.37791928598 0.000244140625
86.336782352900002 86.356670588200004 1.3773036756799999 1.37791147932 0.000244140625
86.356670588200004 86.376558823500005 1.37729587507 1.3779036756800001 0.000244140625
86.376558823500005 86.396447058800007 1.37728807748 1.3778958750700001 0.000244140625
86.396447058800007 86.416335294099994 1.3772802829099999 1.37788807748 0.000244140625
86.416335294099994 86.436223529399996 1.3772724913700001 1.3778802829100001 0.000244140625
86.436223529399996 86.456111764699997 1.37726470284 1.37787249137 0.000244140625
86.456111764699997 86.475999999999999 1.37725691733 1.37786470284 0.000244140625
86.475999999999999 86.495888235300001 1.37724913484 1.3778569173299999 0.000244140625
86.495888235300001 86.515776470600002 1.37724135536 1.3778491348399999 0.000244140625
86.515776470600002 86.535664705900004 1.3772335788900001 1.37784135536 0.000244140625
86.535664705900004 86.555552941200006 1.3772258054299999 1.37783357889 0.000244140625
86.555552941200006 86.575441176499993 1.3772180349800001 1.3778258054300001 0.000244140625
86.575441176499993 86.595329411799995 1.37721026753 1.37781803498 0.000244140625
86.595329411799995 86.615217647099996 1.3772025030899999 1.3778102675299999 0.000244140625
86.615217647099996 86.635105882399998 1.3771947416500001 1.3778025030900001 0.000244140625
86.635105882399998 86.654994117599998 1.3771869832100001 1.37779474165 0.000244140625
86.654994117599998 86.674882352899999 1.3771792277699999 1.37778698321 0.000244140625
86.674882352899999 86.694770588200001 1.3771714753199999 1.3777792277700001 0.000244140625
86.694770588200001 86.714658823500002 1.37716372588 1.3777714753200001 0.000244140625
86.714658823500002 86.734547058800004 1.3771559794199999 1.37776372588 0.000244140625
86.734547058800004 86.754435294100006 1.37714823596 1.3777559794200001 0.000244140625
86.754435294100006 86.774323529399993 1.3771404954799999 1.37774823596 0.000244140625
86.774323529399993 86.794211764699995 1.3771327579999999 1.3777404954800001 0.000244140625
86.794211764699995 86.814099999999996 1.3771250235000001 1.3777327580000001 0.000244140625
86.814099999999996 86.833988235299998 1.3771172919800001 1.3777250235 0.000244140625
86.833988235299998 86.853876470599999 1.3771095634499999 1.37771729198 0.000244140625
86.853876470599999 86.873764705900001 1.37710183789 1.3777095634500001 0.000244140625
86.873764705900001 86.893652941200003 1.37709411532 1.3777018378899999 0.000244140625
86.893652941200003 86.913541176500004 1.3770863957199999 1.37769411532 0.000244140625
86.913541176500004 86.933429411800006 1.3770786791 1.3776863957200001 0.000244140625
86.933429411800006 86.953317647099993 1.37707096545 1.3776786791 0.000244140625
86.953317647099993 86.973205882399995 1.3770632547699999 1.3776709654499999 0.000244140625
86.973205882399995 86.993094117599995 1.3770555470600001 1.3776632547700001 0.000244140625
86.993094117599995 87.012982352899996 1.3770478423200001 1.37765554706 0.000244140625
87.012982352899996 87.032870588199998 1.3770401405499999 1.37764784232 0.000244140625
87.032870588199998 87.0527588235 1.3770324417399999 1.3776401405500001 0.000244140625
87.0527588235 87.072647058800001 1.37702474589 1.3776324417400001 0.000244140625
87.072647058800001 87.092535294100003 1.3770170530100001 1.3776247458899999 0.000244140625
87.092535294100003 87.112423529400004 1.37700936308 1.37761705301 0.000244140625
87.112423529400004 87.132311764700006 1.3770016761099999 1.3776093630799999 0.000244140625
87.132311764700006 87.152199999999993 1.3769939921000001 1.3776016761100001 0.000244140625
87.152199999999993 87.172088235299995 1.37698631104 1.3775939921 0.000244140625
87.172088235299995 87.191976470599997 1.37697863293 1.37758631104 0.000244140625
87.191976470599997 87.211864705899998 1.37697095777 1.3775786329299999 0.000244140625
87.211864705899998 87.2317529412 1.37696328556 1.3775709577699999 0.000244140625
87.2317529412 87.251641176500002 1.3769556163000001 1.37756328556 0.000244140625
87.251641176500002 87.271529411800003 1.3769479499799999 1.3775556163 0.000244140625
87.271529411800003 87.291417647100005 1.3769402866 1.3775479499800001 0.000244140625
87.291417647100005 87.311305882400006 1.3769326261699999 1.3775402865999999 0.000244140625
87.311305882400006 87.331194117600006 1.37692496867 1.3775326261700001 0.000244140625
87.331194117600006 87.351082352899994 1.37691731411 1.37752496867 0.000244140625
87.351082352899994 87.370970588199995 1.3769096624899999 1.3775173141099999 0.000244140625
87.370970588199995 87.390858823499997 1.3769020138100001 1.3775096624900001 0.000244140625
87.390858823499997 87.410747058799998 1.3768943680500001 1.37750201381 0.000244140625
87.410747058799998 87.4306352941 1.3768867252300001 1.37749436805 0.000244140625
87.4306352941 87.450523529400002 1.3768790853299999 1.37748672523 0.000244140625
87.450523529400002 87.470411764700003 1.37687144836 1.3774790853300001 0.000244140625
87.470411764700003 87.490300000000005 1.37686381432 1.3774714483599999 0.000244140625
87.490300000000005 87.510188235300006 1.3768561831999999 1.37746381432 0.000244140625
87.510188235300006 87.530076470599994 1.37684855501 1.3774561832000001 0.000244140625
87.530076470599994 87.549964705899995 1.3768409297299999 1.37744855501 0.000244140625
87.549964705899995 87.569852941199997 1.3768333073700001 1.3774409297300001 0.000244140625
87.569852941199997 87.589741176499999 1.37682568793 1.37743330737 0.000244140625
87.589741176499999 87.6096294118 1.3768180714 1.37742568793 0.000244140625
87.6096294118 87.629517647100002 1.37681045779 1.3774180713999999 0.000244140625
87.629517647100002 87.649405882400004 1.37680284709 1.3774104577899999 0.000244140625
87.649405882400004 87.669294117600003 1.37679523929 1.3774028470899999 0.000244140625
87.669294117600003 87.689182352900005 1.3767876344100001 1.37739523929 0.000244140625
87.689182352900005 87.709070588200007 1.3767800324299999 1.37738763441 0.000244140625
87.709070588200007 87.728958823499994 1.37677243335 1.3773800324300001 0.000244140625
87.728958823499994 87.748847058799996 1.3767648371800001 1.3773724333499999 0.000244140625
87.748847058799996 87.768735294099997 1.37675724391 1.37736483718 0.000244140625
87.768735294099997 87.788623529399999 1.3767496535399999 1.3773572439099999 0.000244140625
87.788623529399999 87.8085117647 1.37674206606 1.3773496535400001 0.000244140625
87.8085117647 87.828400000000002 1.37673448149 1.37734206606 0.000244140625
87.828400000000002 87.848288235300004 1.3767268998 1.3773344814899999 0.000244140625
87.848288235300004 87.868176470600005 1.3767193210099999 1.3773268997999999 0.000244140625
87.868176470600005 87.888064705900007 1.3767117451099999 1.3773193210100001 0.000244140625
87.888064705900007 87.907952941199994 1.37670417209 1.3773117451100001 0.000244140625
87.907952941199994 87.927841176499996 1.37669660197 1.3773041720899999 0.000244140625
87.927841176499996 87.947729411799997 1.37668903473 1.3772966019699999 0.000244140625
87.947729411799997 87.967617647099999 1.3766814703700001 1.37728903473 0.000244140625
87.967617647099999 87.987505882400001 1.37667390889 1.37728147037 0.000244140625
87.987505882400001 88.007394117600001 1.3766663503000001 1.3772739088899999 0.000244140625
88.007394117600001 88.027282352900002 1.37665879458 1.3772663503 0.000244140625
88.027282352900002 88.047170588200004 1.3766512417400001 1.3772587945799999 0.000244140625
88.047170588200004 88.067058823500005 1.37664369178 1.37725124174 0.000244140625
88.067058823500005 88.086947058800007 1.37663614469 1.3772436917799999 0.000244140625
88.086947058800007 88.106835294099994 1.3766286004699999 1.3772361446900001 0.000244140625
88.106835294099994 88.126723529399996 1.3766210591200001 1.3772286004700001 0.000244140625
88.126723529399996 88.146611764699998 1.3766135206400001 1.37722105912 0.000244140625
88.146611764699998 88.166499999999999 1.3766059850200001 1.37721352064 0.000244140625
88.166499999999999 88.186388235300001 1.3765984522700001 1.37720598502 0.000244140625
88.186388235300001 88.206276470600002 1.3765909223799999 1.37719845227 0.000244140625
88.206276470600002 88.226164705900004 1.37658339536 1.3771909223800001 0.000244140625
88.226164705900004 88.246052941200006 1.37657587119 1.3771833953599999 0.000244140625
88.246052941200006 88.265941176499993 1.3765683498800001 1.37717587119 0.000244140625
88.265941176499993 88.285829411799995 1.37656083143 1.37716834988 0.000244140625
88.285829411799995 88.305717647099996 1.3765533158300001 1.3771608314299999 0.000244140625
88.305717647099996 88.325605882399998 1.37654580308 1.37715331583 0.000244140625
88.325605882399998 88.345494117599998 1.3765382931900001 1.3771458030799999 0.000244140625
88.345494117599998 88.365382352899999 1.37653078615 1.37713829319 0.000244140625
88.365382352899999 88.385270588200001 1.37652328195 1.37713078615 0.000244140625
88.385270588200001 88.405158823500003 1.3765157805999999 1.3771232819500001 0.000244140625
88.405158823500003 88.425047058800004 1.3765082820900001 1.3771157806000001 0.000244140625
88.425047058800004 88.444935294100006 1.3765007864300001 1.37710828209 0.000244140625
88.444935294100006 88.464823529399993 1.3764932936000001 1.37710078643 0.000244140625
88.464823529399993 88.484711764699995 1.3764858036200001 1.3770932936 0.000244140625
88.484711764699995 88.504599999999996 1.3764783164800001 1.37708580362 0.000244140625
88.504599999999996 88.524488235299998 1.3764708321700001 1.37707831648 0.000244140625
88.524488235299998 88.5443764706 1.3764633506899999 1.37707083217 0.000244140625
88.5443764706 88.564264705900001 1.37645587205 1.3770633506900001 0.000244140625
88.564264705900001 88.584152941200003 1.37644839623 1.3770558720499999 0.000244140625
88.584152941200003 88.604041176500004 1.3764409232499999 1.37704839623 0.000244140625
88.604041176500004 88.623929411800006 1.37643345309 1.37704092325 0.000244140625
88.623929411800006 88.643817647099993 1.3764259857600001 1.3770334530899999 0.000244140625
88.643817647099993 88.663705882399995 1.37641852126 1.37702598576 0.000244140625
88.663705882399995 88.683594117599995 1.3764110595800001 1.3770185212599999 0.000244140625
88.683594117599995 88.703482352899996 1.37640360071 1.37701105958 0.000244140625
88.703482352899996 88.723370588199998 1.3763961446699999 1.3770036007099999 0.000244140625
88.723370588199998 88.7432588235 1.3763886914400001 1.3769961446700001 0.000244140625
88.7432588235 88.763147058800001 1.37638124103 1.37698869144 0.000244140625
88.763147058800001 88.783035294100003 1.37637379344 1.37698124103 0.000244140625
88.783035294100003 88.802923529400005 1.37636634866 1.3769737934399999 0.000244140625
88.802923529400005 88.822811764700006 1.3763589066799999 1.3769663486599999 0.000244140625
88.822811764700006 88.842699999999994 1.3763514675199999 1.3769589066800001 0.000244140625
88.842699999999994 88.862588235299995 1.3763440311599999 1.3769514675200001 0.000244140625
88.862588235299995 88.882476470599997 1.3763365976099999 1.3769440311600001 0.000244140625
88.882476470599997 88.902364705899998 1.37632916687 1.3769365976100001 0.000244140625
88.902364705899998 88.9222529412 1.37632173892 1.3769291668700001 0.000244140625
88.9222529412 88.942141176500002 1.37631431378 1.3769217389199999 0.000244140625
88.942141176500002 88.962029411800003 1.3763068914400001 1.37691431378 0.000244140625
88.962029411800003 88.981917647100005 1.3762994718899999 1.37690689144 0.000244140625
88.981917647100005 89.001805882400006 1.37629205514 1.3768994718900001 0.000244140625
89.001805882400006 89.021694117600006 1.37628464119 1.3768920551399999 0.000244140625
89.021694117600006 89.041582352899994 1.3762772300199999 1.37688464119 0.000244140625
89.041582352899994 89.061470588199995 1.37626982165 1.3768772300200001 0.000244140625
89.061470588199995 89.081358823499997 1.3762624160700001 1.3768698216499999 0.000244140625
89.081358823499997 89.101247058799999 1.37625501327 1.37686241607 0.000244140625
89.101247058799999 89.1211352941 1.3762476132599999 1.3768550132699999 0.000244140625
89.1211352941 89.141023529400002 1.37624021604 1.37684761326 0.000244140625
89.141023529400002 89.160911764700003 1.3762328215899999 1.37684021604 0.000244140625
89.160911764700003 89.180800000000005 1.3762254299300001 1.3768328215900001 0.000244140625
89.180800000000005 89.200688235300007 1.37621804105 1.37682542993 0.000244140625
89.200688235300007 89.220576470599994 1.3762106549499999 1.3768180410499999 0.000244140625
89.220576470599994 89.240464705899996 1.3762032716199999 1.3768106549500001 0.000244140625
89.240464705899996 89.260352941199997 1.3761958910700001 1.37680327162 0.000244140625
89.260352941199997 89.280241176499999 1.37618851329 1.37679589107 0.000244140625
89.280241176499999 89.3001294118 1.37618113828 1.37678851329 0.000244140625
89.3001294118 89.320017647100002 1.37617376604 1.3767811382799999 0.000244140625
89.320017647100002 89.339905882400004 1.37616639657 1.3767737660399999 0.000244140625
89.339905882400004 89.359794117600003 1.3761590298599999 1.3767663965700001 0.000244140625
89.359794117600003 89.379682352900005 1.3761516659199999 1.3767590298600001 0.000244140625
89.379682352900005 89.399570588200007 1.3761443047399999 1.3767516659200001 0.000244140625
89.399570588200007 89.419458823499994 1.3761369463299999 1.3767443047400001 0.000244140625
89.419458823499994 89.439347058799996 1.37612959067 1.3767369463300001 0.000244140625
89.439347058799996 89.459235294099997 1.37612223777 1.3767295906699999 0.000244140625
89.459235294099997 89.479123529399999 1.37611488763 1.3767222377699999 0.000244140625
89.479123529399999 89.499011764700001 1.37610754024 1.3767148876299999 0.000244140625
89.499011764700001 89.518900000000002 1.3761001956100001 1.37670754024 0.000244140625
89.518900000000002 89.538788235300004 1.3760928537299999 1.37670019561 0.000244140625
89.538788235300004 89.558676470600005 1.3760855145999999 1.3766928537300001 0.000244140625
89.558676470600005 89.578564705900007 1.37607817822 1.3766855146000001 0.000244140625
89.578564705900007 89.598452941199994 1.3760708445800001 1.3766781782199999 0.000244140625
89.598452941199994 89.618341176499996 1.3760635136899999 1.37667084458 0.000244140625
89.618341176499996 89.638229411799998 1.37605618555 1.3766635136900001 0.000244140625
89.638229411799998 89.658117647099999 1.3760488601400001 1.3766561855499999 0.000244140625
89.658117647099999 89.678005882400001 1.3760415374799999 1.37664886014 0.000244140625
89.678005882400001 89.697894117600001 1.37603421755 1.3766415374800001 0.000244140625
89.697894117600001 89.717782352900002 1.3760269003600001 1.3766342175499999 0.000244140625
89.717782352900002 89.737670588200004 1.37601958591 1.37662690036 0.000244140625
89.737670588200004 89.757558823500005 1.3760122741900001 1.3766195859100001 0.000244140625
89.757558823500005 89.777447058800007 1.3760049652099999 1.37661227419 0.000244140625
89.777447058800007 89.797335294099994 1.37599765895 1.3766049652100001 0.000244140625
89.797335294099994 89.817223529399996 1.3759903554299999 1.37659765895 0.000244140625
89.817223529399996 89.837111764699998 1.37598305463 1.3765903554300001 0.000244140625
89.837111764699998 89.856999999999999 1.3759757565599999 1.37658305463 0.000244140625
89.856999999999999 89.876888235300001 1.37596846121 1.3765757565600001 0.000244140625
89.876888235300001 89.896776470600003 1.37596116859 1.37656846121 0.000244140625
89.896776470600003 89.916664705900004 1.3759538786800001 1.3765611685900001 0.000244140625
89.916664705900004 89.936552941200006 1.3759465915 1.37655387868 0.000244140625
89.936552941200006 89.956441176499993 1.3759393070399999 1.3765465914999999 0.000244140625
89.956441176499993 89.976329411799995 1.37593202529 1.37653930704 0.000244140625
89.976329411799995 89.996217647099996 1.3759247462499999 1.37653202529 0.000244140625
89.996217647099996 90.016105882399998 1.3759174699300001 1.3765247462500001 0.000244140625
90.016105882399998 90.035994117599998 1.37591019632 1.37651746993 0.000244140625
90.035994117599998 90.055882352899999 1.3759029254299999 1.3765101963199999 0.000244140625
90.055882352899999 90.075770588200001 1.3758956572400001 1.3765029254300001 0.000244140625
90.075770588200001 90.095658823500003 1.37588839175 1.37649565724 0.000244140625
90.095658823500003 90.115547058800004 1.3758811289799999 1.3764883917499999 0.000244140625
90.115547058800004 90.135435294100006 1.3758738689000001 1.3764811289800001 0.000244140625
90.135435294100006 90.155323529399993 1.37586661153 1.3764738689 0.000244140625
90.155323529399993 90.175211764699995 1.3758593568599999 1.3764666115299999 0.000244140625
90.175211764699995 90.195099999999996 1.3758521048900001 1.3764593568600001 0.000244140625
90.195099999999996 90.214988235299998 1.37584485561 1.37645210489 0.000244140625
90.214988235299998 90.2348764706 1.37583760904 1.37644485561 0.000244140625
90.2348764706 90.254764705900001 1.3758303651499999 1.3764376090399999 0.000244140625
90.254764705900001 90.274652941200003 1.3758231239600001 1.3764303651500001 0.000244140625
90.274652941200003 90.294541176500005 1.37581588546 1.37642312396 0.000244140625
90.294541176500005 90.314429411800006 1.3758086496499999 1.3764158854599999 0.000244140625
90.314429411800006 90.334317647099994 1.3758014165300001 1.3764086496500001 0.000244140625
90.334317647099994 90.354205882399995 1.3757941861 1.37640141653 0.000244140625
90.354205882399995 90.374094117599995 1.37578695835 1.3763941861 0.000244140625
90.374094117599995 90.393982352899997 1.3757797332799999 1.3763869583499999 0.000244140625
90.393982352899997 90.413870588199998 1.3757725109000001 1.3763797332800001 0.000244140625
90.413870588199998 90.4337588235 1.37576529119 1.3763725109 0.000244140625
90.4337588235 90.453647058800001 1.37575807417 1.37636529119 0.000244140625
90.453647058800001 90.473535294100003 1.3757508598199999 1.3763580741599999 0.000244140625
90.473535294100003 90.493423529400005 1.3757436481400001 1.37635085982 0.000244140625
90.493423529400005 90.513311764700006 1.37573643915 1.37634364814 0.000244140625
90.513311764700006 90.533199999999994 1.3757292328199999 1.3763364391499999 0.000244140625
90.533199999999994 90.553088235299995 1.3757220291600001 1.3763292328200001 0.000244140625
90.553088235299995 90.572976470599997 1.37571482818 1.37632202916 0.000244140625
90.572976470599997 90.592864705899999 1.3757076298599999 1.3763148281799999 0.000244140625
90.592864705899999 90.6127529412 1.3757004342100001 1.3763076298600001 0.000244140625
90.6127529412 90.632641176500002 1.37569324122 1.37630043421 0.000244140625
90.632641176500002 90.652529411800003 1.3756860509 1.37629324122 0.000244140625
90.652529411800003 90.672417647100005 1.3756788632400001 1.3762860508999999 0.000244140625
90.672417647100005 90.692305882400007 1.37567167824 1.37627886324 0.000244140625
90.692305882400007 90.712194117600006 1.3756644958899999 1.37627167824 0.000244140625
90.712194117600006 90.732082352899994 1.3756573162100001 1.3762644958900001 0.000244140625
90.732082352899994 90.751970588199995 1.37565013918 1.37625731621 0.000244140625
90.751970588199995 90.771858823499997 1.3756429647999999 1.3762501391799999 0.000244140625
90.771858823499997 90.791747058799999 1.3756357930800001 1.3762429648000001 0.000244140625
90.791747058799999 90.8116352941 1.375628624 1.37623579308 0.000244140625
90.8116352941 90.831523529400002 1.3756214575800001 1.3762286239999999 0.000244140625
90.831523529400002 90.851411764700003 1.37561429381 1.37622145758 0.000244140625
90.851411764700003 90.871300000000005 1.3756071326799999 1.3762142938099999 0.000244140625
90.871300000000005 90.891188235300007 1.37559997419 1.3762071326800001 0.000244140625
90.891188235300007 90.911076470599994 1.3755928183499999 1.37619997419 0.000244140625
90.911076470599994 90.930964705899996 1.37558566515 1.3761928183500001 0.000244140625
90.930964705899996 90.950852941199997 1.3755785145899999 1.37618566515 0.000244140625
90.950852941199997 90.970741176499999 1.37557136667 1.3761785145900001 0.000244140625
90.970741176499999 90.990629411800001 1.3755642213899999 1.37617136667 0.000244140625
90.990629411800001 91.010517647100002 1.37555707874 1.3761642213900001 0.000244140625
91.010517647100002 91.030405882400004 1.3755499387300001 1.3761570787399999 0.000244140625
91.030405882400004 91.050294117600004 1.37554280134 1.37614993873 0.000244140625
91.050294117600004 91.070182352900005 1.37553566659 1.3761428013400001 0.000244140625
91.070182352900005 91.090070588200007 1.3755285344699999 1.37613566659 0.000244140625
91.090070588200007 91.109958823499994 1.37552140498 1.3761285344700001 0.000244140625
91.109958823499994 91.129847058799996 1.37551427812 1.3761214049799999 0.000244140625
91.129847058799996 91.149735294099997 1.3755071538700001 1.37611427812 0.000244140625
91.149735294099997 91.169623529399999 1.3755000322599999 1.37610715387 0.000244140625
91.169623529399999 91.189511764700001 1.37549291326 1.3761000322600001 0.000244140625
91.189511764700001 91.209400000000002 1.3754857968900001 1.3760929132599999 0.000244140625
91.209400000000002 91.229288235300004 1.3754786831300001 1.37608579689 0.000244140625
91.229288235300004 91.249176470600005 1.3754715719899999 1.37607868313 0.000244140625
91.249176470600005 91.269064705900007 1.37546446347 1.3760715719900001 0.000244140625
91.269064705900007 91.288952941199994 1.37545735756 1.3760644634700001 0.000244140625
91.288952941199994 91.308841176499996 1.37545025426 1.3760573575599999 0.000244140625
91.308841176499996 91.328729411799998 1.37544315358 1.3760502542599999 0.000244140625
91.328729411799998 91.348617647099999 1.37543605551 1.37604315358 0.000244140625
91.348617647099999 91.368505882400001 1.37542896004 1.37603605551 0.000244140625
91.368505882400001 91.388394117600001 1.37542186718 1.37602896004 0.000244140625
91.388394117600001 91.408282352900002 1.37541477693 1.37602186718 0.000244140625
91.408282352900002 91.428170588200004 1.37540768928 1.37601477693 0.000244140625
91.428170588200004 91.448058823500006 1.37540060423 1.3760076892799999 0.000244140625
91.448058823500006 91.467947058799993 1.37539352178 1.3760006042299999 0.000244140625
91.467947058799993 91.487835294099995 1.3753864419399999 1.3759935217799999 0.000244140625
91.487835294099995 91.507723529399996 1.3753793646900001 1.3759864419400001 0.000244140625
91.507723529399996 91.527611764699998 1.3753722900400001 1.37597936469 0.000244140625
91.527611764699998 91.547499999999999 1.37536521798 1.37597229004 0.000244140625
91.547499999999999 91.567388235300001 1.3753581485099999 1.3759652179799999 0.000244140625
91.567388235300001 91.587276470600003 1.3753510816400001 1.3759581485100001 0.000244140625
91.587276470600003 91.607164705900004 1.37534401736 1.37595108164 0.000244140625
91.607164705900004 91.627052941200006 1.3753369556699999 1.3759440173599999 0.000244140625
91.627052941200006 91.646941176499993 1.37532989656 1.3759369556700001 0.000244140625
91.646941176499993 91.666829411799995 1.3753228400399999 1.37592989656 0.000244140625
91.666829411799995 91.686717647099996 1.37531578611 1.3759228400400001 0.000244140625
91.686717647099996 91.706605882399998 1.3753087347599999 1.37591578611 0.000244140625
91.706605882399998 91.726494117599998 1.37530168599 1.3759087347600001 0.000244140625
91.726494117599998 91.7463823529 1.3752946397900001 1.37590168599 0.000244140625
91.7463823529 91.766270588200001 1.37528759618 1.37589463979 0.000244140625
91.766270588200001 91.786158823500003 1.37528055515 1.3758875961799999 0.000244140625
91.786158823500003 91.806047058800004 1.3752735166900001 1.37588055515 0.000244140625
91.806047058800004 91.825935294100006 1.3752664808099999 1.37587351669 0.000244140625
91.825935294100006 91.845823529399993 1.37525944749 1.3758664808100001 0.000244140625
91.845823529399993 91.865711764699995 1.37525241675 1.3758594474900001 0.000244140625
91.865711764699995 91.885599999999997 1.37524538858 1.3758524167499999 0.000244140625
91.885599999999997 91.905488235299998 1.37523836298 1.3758453885799999 0.000244140625
91.905488235299998 91.9253764706 1.37523133994 1.37583836298 0.000244140625
91.9253764706 91.945264705900001 1.37522431947 1.37583133994 0.000244140625
91.945264705900001 91.965152941200003 1.37521730156 1.3758243194699999 0.000244140625
91.965152941200003 91.985041176500005 1.37521028622 1.3758173015599999 0.000244140625
91.985041176500005 92.004929411800006 1.3752032734399999 1.3758102862199999 0.000244140625
92.004929411800006 92.024817647099994 1.3751962632100001 1.3758032734400001 0.000244140625
92.024817647099994 92.044705882399995 1.37518925555 1.37579626321 0.000244140625
92.044705882399995 92.064594117599995 1.37518225044 1.37578925555 0.000244140625
92.064594117599995 92.084482352899997 1.3751752478799999 1.3757822504399999 0.000244140625
92.084482352899997 92.104370588199998 1.37516824788 1.3757752478800001 0.000244140625
92.104370588199998 92.1242588235 1.3751612504299999 1.37576824788 0.000244140625
92.1242588235 92.144147058800002 1.37515425553 1.3757612504300001 0.000244140625
92.144147058800002 92.164035294100003 1.3751472631899999 1.37575425553 0.000244140625
92.164035294100003 92.183923529400005 1.37514027338 1.3757472631900001 0.000244140625
92.183923529400005 92.203811764700006 1.3751332861300001 1.3757402733799999 0.000244140625
92.203811764700006 92.223699999999994 1.3751263014199999 1.37573328613 0.000244140625
92.223699999999994 92.243588235299995 1.37511931925 1.3757263014200001 0.000244140625
92.243588235299995 92.263476470599997 1.37511233963 1.3757193192499999 0.000244140625
92.263476470599997 92.283364705899999 1.37510536255 1.3757123396299999 0.000244140625
92.283364705899999 92.3032529412 1.3750983880000001 1.37570536255 0.000244140625
92.3032529412 92.323141176500002 1.3750914159900001 1.375698388 0.000244140625
92.323141176500002 92.343029411800003 1.3750844465200001 1.37569141599 0.000244140625
92.343029411800003 92.362917647100005 1.37507747959 1.37568444652 0.000244140625
92.362917647100005 92.382805882400007 1.37507051518 1.37567747959 0.000244140625
92.382805882400007 92.402694117600007 1.37506355331 1.3756705151799999 0.000244140625
92.402694117600007 92.422582352899994 1.3750565939699999 1.3756635533099999 0.000244140625
92.422582352899994 92.442470588199996 1.3750496371600001 1.3756565939700001 0.000244140625
92.442470588199996 92.462358823499997 1.37504268288 1.37564963716 0.000244140625
92.462358823499997 92.482247058799999 1.3750357311200001 1.3756426828799999 0.000244140625
92.482247058799999 92.5021352941 1.37502878188 1.37563573112 0.000244140625
92.5021352941 92.522023529400002 1.3750218351700001 1.3756287818799999 0.000244140625
92.522023529400002 92.541911764700004 1.37501489099 1.37562183517 0.000244140625
92.541911764700004 92.561800000000005 1.37500794932 1.3756148909899999 0.000244140625
92.561800000000005 92.581688235300007 1.3750010101700001 1.37560794932 0.000244140625
92.581688235300007 92.601576470599994 1.3749940735399999 1.37560101017 0.000244140625
92.601576470599994 92.621464705899996 1.3749871394199999 1.3755940735400001 0.000244140625
92.621464705899996 92.641352941199997 1.37498020782 1.3755871394200001 0.000244140625
92.641352941199997 92.661241176499999 1.37497327873 1.3755802078199999 0.000244140625
92.661241176499999 92.681129411800001 1.37496635216 1.3755732787299999 0.000244140625
92.681129411800001 92.701017647100002 1.3749594280899999 1.3755663521599999 0.000244140625
92.701017647100002 92.720905882400004 1.3749525065299999 1.3755594280900001 0.000244140625
92.720905882400004 92.740794117600004 1.3749455874900001 1.3755525065300001 0.000244140625
92.740794117600004 92.760682352900005 1.37493867094 1.37554558749 0.000244140625
92.760682352900005 92.780570588200007 1.3749317568999999 1.3755386709399999 0.000244140625
92.780570588200007 92.800458823499994 1.37492484537 1.3755317569000001 0.000244140625
92.800458823499994 92.820347058799996 1.3749179363399999 1.37552484537 0.000244140625
92.820347058799996 92.840235294099998 1.3749110298 1.3755179363400001 0.000244140625
92.840235294099998 92.860123529399999 1.3749041257700001 1.3755110298 0.000244140625
92.860123529399999 92.880011764700001 1.3748972242299999 1.37550412577 0.000244140625
92.880011764700001 92.899900000000002 1.37489032519 1.3754972242300001 0.000244140625
92.899900000000002 92.919788235300004 1.37488342865 1.3754903251899999 0.000244140625
92.919788235300004 92.939676470600006 1.37487653459 1.37548342865 0.000244140625
92.939676470600006 92.959564705899993 1.37486964303 1.37547653459 0.000244140625
92.959564705899993 92.979452941199995 1.37486275396 1.37546964303 0.000244140625
92.979452941199995 92.999341176499996 1.37485586738 1.37546275396 0.000244140625
92.999341176499996 93.019229411799998 1.3748489832899999 1.3754558673799999 0.000244140625
93.019229411799998 93.039117647099999 1.3748421016800001 1.3754489832900001 0.000244140625
93.039117647099999 93.059005882400001 1.37483522256 1.37544210168 0.000244140625
93.059005882400001 93.078894117600001 1.3748283459199999 1.3754352225599999 0.000244140625
93.078894117600001 93.098782352900002 1.37482147177 1.3754283459200001 0.000244140625
93.098782352900002 93.118670588200004 1.3748146000899999 1.37542147177 0.000244140625
93.118670588200004 93.138558823500006 1.37480773089 1.3754146000900001 0.000244140625
93.138558823500006 93.158447058799993 1.37480086418 1.3754077308899999 0.000244140625
93.158447058799993 93.178335294099995 1.3747939999300001 1.37540086418 0.000244140625
93.178335294099995 93.198223529399996 1.3747871381700001 1.37539399993 0.000244140625
93.198223529399996 93.218111764699998 1.3747802788700001 1.37538713817 0.000244140625
93.218111764699998 93.238 1.3747734220500001 1.37538027887 0.000244140625
93.238 93.257888235300001 1.3747665677000001 1.37537342205 0.000244140625
93.257888235300001 93.277776470600003 1.37475971582 1.3753665677 0.000244140625
93.277776470600003 93.297664705900004 1.3747528664099999 1.3753597158199999 0.000244140625
93.297664705900004 93.317552941200006 1.3747460194600001 1.3753528664100001 0.000244140625
93.317552941200006 93.337441176499993 1.37473917498 1.37534601946 0.000244140625
93.337441176499993 93.357329411799995 1.3747323329600001 1.3753391749799999 0.000244140625
93.357329411799995 93.377217647099997 1.3747254934099999 1.37533233296 0.000244140625
93.377217647099997 93.397105882399998 1.37471865632 1.3753254934100001 0.000244140625
93.397105882399998 93.416994117599998 1.3747118216800001 1.3753186563199999 0.000244140625
93.416994117599998 93.4368823529 1.3747049895100001 1.37531182168 0.000244140625
93.4368823529 93.456770588200001 1.3746981597900001 1.37530498951 0.000244140625
93.456770588200001 93.476658823500003 1.3746913325300001 1.37529815979 0.000244140625
93.476658823500003 93.496547058800004 1.3746845077200001 1.37529133253 0.000244140625
93.496547058800004 93.516435294100006 1.37467768536 1.37528450772 0.000244140625
93.516435294100006 93.536323529399994 1.3746708654599999 1.3752776853599999 0.000244140625
93.536323529399994 93.556211764699995 1.3746640480000001 1.3752708654600001 0.000244140625
93.556211764699995 93.576099999999997 1.374657233 1.375264048 0.000244140625
93.576099999999997 93.595988235299998 1.3746504204400001 1.3752572329999999 0.000244140625
93.595988235299998 93.6158764706 1.3746436103299999 1.37525042044 0.000244140625
93.6158764706 93.635764705900002 1.37463680266 1.3752436103300001 0.000244140625
93.635764705900002 93.655652941200003 1.37462999744 1.3752368026599999 0.000244140625
93.655652941200003 93.675541176500005 1.37462319465 1.37522999744 0.000244140625
93.675541176500005 93.695429411800006 1.37461639431 1.37522319465 0.000244140625
93.695429411800006 93.715317647099994 1.37460959641 1.37521639431 0.000244140625
93.715317647099994 93.735205882399995 1.37460280094 1.37520959641 0.000244140625
93.735205882399995 93.755094117599995 1.3745960079099999 1.3752028009399999 0.000244140625
93.755094117599995 93.774982352899997 1.3745892173200001 1.3751960079100001 0.000244140625
93.774982352899997 93.794870588199998 1.37458242916 1.37518921732 0.000244140625
93.794870588199998 93.8147588235 1.37457564343 1.3751824291600001 0.000244140625
93.8147588235 93.834647058800002 1.3745688601299999 1.37517564343 0.000244140625
93.834647058800002 93.854535294100003 1.37456207927 1.3751688601300001 0.000244140625
93.854535294100003 93.874423529400005 1.37455530083 1.3751620792699999 0.000244140625
93.874423529400005 93.894311764700007 1.37454852481 1.3751553008299999 0.000244140625
93.894311764700007 93.914199999999994 1.37454175122 1.3751485248099999 0.000244140625
93.914199999999994 93.934088235299996 1.37453498006 1.3751417512199999 0.000244140625
93.934088235299996 93.953976470599997 1.3745282113199999 1.3751349800599999 0.000244140625
93.953976470599997 93.973864705899999 1.3745214450000001 1.3751282113200001 0.000244140625
93.973864705899999 93.9937529412 1.3745146811 1.375121445 0.000244140625
93.9937529412 94.013641176500002 1.3745079196200001 1.3751146810999999 0.000244140625
94.013641176500002 94.033529411800004 1.3745011605599999 1.37510791962 0.000244140625
94.033529411800004 94.053417647100005 1.37449440391 1.3751011605600001 0.000244140625
94.053417647100005 94.073305882400007 1.37448764968 1.3750944039099999 0.000244140625
94.073305882400007 94.093194117600007 1.3744808978600001 1.37508764968 0.000244140625
94.093194117600007 94.113082352899994 1.37447414845 1.37508089786 0.000244140625
94.113082352899994 94.132970588199996 1.37446740145 1.37507414845 0.000244140625
94.132970588199996 94.152858823499997 1.37446065686 1.3750674014499999 0.000244140625
94.152858823499997 94.172747058799999 1.3744539146800001 1.3750606568599999 0.000244140625
94.172747058799999 94.1926352941 1.37444717491 1.37505391468 0.000244140625
94.1926352941 94.212523529400002 1.3744404375399999 1.3750471749099999 0.000244140625
94.212523529400002 94.232411764700004 1.37443370257 1.37504043754 0.000244140625
94.232411764700004 94.252300000000005 1.37442697001 1.3750337025699999 0.000244140625
94.252300000000005 94.272188235300007 1.3744202398500001 1.37502697001 0.000244140625
94.272188235300007 94.292076470599994 1.3744135120900001 1.37502023985 0.000244140625
94.292076470599994 94.311964705899996 1.3744067867200001 1.37501351209 0.000244140625
94.311964705899996 94.331852941199998 1.37440006376 1.37500678672 0.000244140625
94.331852941199998 94.351741176499999 1.3743933431899999 1.3750000637599999 0.000244140625
94.351741176499999 94.371629411800001 1.3743866250100001 1.3749933431900001 0.000244140625
94.371629411800001 94.391517647100002 1.37437990923 1.37498662501 0.000244140625
94.391517647100002 94.411405882400004 1.3743731958300001 1.3749799092299999 0.000244140625
94.411405882400004 94.431294117600004 1.3743664848299999 1.37497319583 0.000244140625
94.431294117600004 94.451182352900005 1.3743597762199999 1.3749664848300001 0.000244140625
94.451182352900005 94.471070588200007 1.37435307 1.3749597762200001 0.000244140625
94.471070588200007 94.490958823499994 1.3743463661599999 1.3749530700000001 0.000244140625
94.490958823499994 94.510847058799996 1.3743396647099999 1.3749463661600001 0.000244140625
94.510847058799996 94.530735294099998 1.3743329656400001 1.3749396647100001 0.000244140625
94.530735294099998 94.550623529399999 1.37432626895 1.37493296564 0.000244140625
94.550623529399999 94.570511764700001 1.3743195746500001 1.3749262689499999 0.000244140625
94.570511764700001 94.590400000000002 1.37431288272 1.37491957465 0.000244140625
94.590400000000002 94.610288235300004 1.37430619317 1.3749128827199999 0.000244140625
94.610288235300004 94.630176470600006 1.3742995060000001 1.37490619317 0.000244140625
94.630176470600006 94.650064705899993 1.3742928212100001 1.374899506 0.000244140625
94.650064705899993 94.669952941199995 1.3742861387900001 1.37489282121 0.000244140625
94.669952941199995 94.689841176499996 1.37427945874 1.37488613879 0.000244140625
94.689841176499996 94.709729411799998 1.3742727810699999 1.3748794587399999 0.000244140625
94.709729411799998 94.7296176471 1.3742661057600001 1.3748727810700001 0.000244140625
94.7296176471 94.749505882400001 1.37425943283 1.37486610576 0.000244140625
94.749505882400001 94.769394117600001 1.37425276226 1.3748594328299999 0.000244140625
94.769394117600001 94.789282352900003 1.3742460940600001 1.37485276226 0.000244140625
94.789282352900003 94.809170588200004 1.3742394282199999 1.37484609406 0.000244140625
94.809170588200004 94.829058823500006 1.3742327647499999 1.37483942822 0.000244140625
94.829058823500006 94.848947058799993 1.3742261036400001 1.37483276475 0.000244140625
94.848947058799993 94.868835294099995 1.3742194449 1.37482610364 0.000244140625
94.868835294099995 94.888723529399996 1.3742127885099999 1.3748194449 0.000244140625
94.888723529399996 94.908611764699998 1.3742061344800001 1.3748127885100001 0.000244140625
94.908611764699998 94.9285 1.3741994828099999 1.37480613448 0.000244140625
94.9285 94.948388235300001 1.37419283349 1.3747994828100001 0.000244140625
94.948388235300001 94.968276470600003 1.37418618653 1.3747928334899999 0.000244140625
94.968276470600003 94.988164705900004 1.37417954193 1.37478618653 0.000244140625
94.988164705900004 95.008052941200006 1.37417289967 1.37477954193 0.000244140625
95.008052941200006 95.027941176499994 1.37416625977 1.3747728996699999 0.000244140625
95.027941176499994 95.047829411799995 1.3741596222100001 1.3747662597700001 0.000244140625
95.047829411799995 95.067717647099997 1.37415298701 1.37475962221 0.000244140625
95.067717647099997 95.087605882399998 1.3741463541500001 1.3747529870099999 0.000244140625
95.087605882399998 95.107494117599998 1.3741397236299999 1.37474635415 0.000244140625
95.107494117599998 95.1273823529 1.37413309546 1.3747397236300001 0.000244140625
95.1273823529 95.147270588200001 1.37412646964 1.3747330954600001 0.000244140625
95.147270588200001 95.167158823500003 1.3741198461499999 1.3747264696399999 0.000244140625
95.167158823500003 95.187047058800005 1.3741132250100001 1.3747198461500001 0.000244140625
95.187047058800005 95.206935294100006 1.37410660621 1.37471322501 0.000244140625
95.206935294100006 95.226823529399994 1.3740999897399999 1.37470660621 0.000244140625
95.226823529399994 95.246711764699995 1.37409337561 1.3746999897400001 0.000244140625
95.246711764699995 95.266599999999997 1.3740867638100001 1.3746933756099999 0.000244140625
95.266599999999997 95.286488235299998 1.3740801543500001 1.37468676381 0.000244140625
95.286488235299998 95.3063764706 1.3740735472200001 1.37468015435 0.000244140625
95.3063764706 95.326264705900002 1.37406694243 1.37467354722 0.000244140625
95.326264705900002 95.346152941200003 1.37406033996 1.37466694243 0.000244140625
95.346152941200003 95.366041176500005 1.3740537398199999 1.3746603399599999 0.000244140625
95.366041176500005 95.385929411800007 1.37404714201 1.3746537398200001 0.000244140625
95.385929411800007 95.405817647099994 1.3740405465300001 1.3746471420099999 0.000244140625
95.405817647099994 95.425705882399996 1.3740339533699999 1.37464054653 0.000244140625
95.425705882399996 95.445594117599995 1.3740273625299999 1.3746339533700001 0.000244140625
95.445594117599995 95.465482352899997 1.3740207740199999 1.3746273625300001 0.000244140625
95.465482352899997 95.485370588199999 1.3740141878300001 1.37462077402 0.000244140625
95.485370588199999 95.5052588235 1.37400760396 1.37461418783 0.000244140625
95.5052588235 95.525147058800002 1.3740010224000001 1.3746076039599999 0.000244140625
95.525147058800002 95.545035294100003 1.37399444317 1.3746010224 0.000244140625
95.545035294100003 95.564923529400005 1.37398786625 1.3745944431699999 0.000244140625
95.564923529400005 95.584811764700007 1.37398129164 1.37458786625 0.000244140625
95.584811764700007 95.604699999999994 1.37397471935 1.37458129164 0.000244140625
95.604699999999994 95.624588235299996 1.37396814937 1.37457471935 0.000244140625
95.624588235299996 95.644476470599997 1.3739615816999999 1.3745681493699999 0.000244140625
95.644476470599997 95.664364705899999 1.3739550163500001 1.3745615817000001 0.000244140625
95.664364705899999 95.6842529412 1.3739484532999999 1.37455501635 0.000244140625
95.6842529412 95.704141176500002 1.37394189255 1.3745484533000001 0.000244140625
95.704141176500002 95.724029411800004 1.37393533411 1.3745418925499999 0.000244140625
95.724029411800004 95.743917647100005 1.37392877798 1.37453533411 0.000244140625
95.743917647100005 95.763805882400007 1.37392222415 1.3745287779799999 0.000244140625
95.763805882400007 95.783694117600007 1.3739156726199999 1.3745222241499999 0.000244140625
95.783694117600007 95.803582352899994 1.3739091234 1.3745156726200001 0.000244140625
95.803582352899994 95.823470588199996 1.3739025764699999 1.3745091234 0.000244140625
95.823470588199996 95.843358823499997 1.37389603184 1.3745025764700001 0.000244140625
95.843358823499997 95.863247058799999 1.37388948951 1.3744960318399999 0.000244140625
95.863247058799999 95.883135294100001 1.37388294947 1.3744894895099999 0.000244140625
95.883135294100001 95.903023529400002 1.37387641173 1.3744829494699999 0.000244140625
95.903023529400002 95.922911764700004 1.3738698762799999 1.3744764117299999 0.000244140625
95.922911764700004 95.942800000000005 1.37386334313 1.3744698762800001 0.000244140625
95.942800000000005 95.962688235300007 1.3738568122599999 1.37446334313 0.000244140625
95.962688235300007 95.982576470599994 1.37385028368 1.37445681226 0.000244140625
95.982576470599994 96.002464705899996 1.3738437574 1.3744502836800001 0.000244140625
96.002464705899996 96.022352941199998 1.3738372334 1.3744437573999999 0.000244140625
96.022352941199998 96.042241176499999 1.3738307116799999 1.3744372333899999 0.000244140625
96.042241176499999 96.062129411800001 1.3738241922500001 1.3744307116800001 0.000244140625
96.062129411800001 96.082017647100002 1.3738176751 1.37442419225 0.000244140625
96.082017647100002 96.101905882400004 1.3738111602300001 1.3744176750999999 0.000244140625
96.101905882400004 96.121794117600004 1.3738046476500001 1.37441116023 0.000244140625
96.121794117600004 96.141682352900006 1.3737981373399999 1.37440464765 0.000244140625
96.141682352900006 96.161570588199993 1.3737916293100001 1.37439813734 0.000244140625
96.161570588199993 96.181458823499995 1.37378512356 1.37439162931 0.000244140625
96.181458823499995 96.201347058799996 1.37377862009 1.37438512356 0.000244140625
96.201347058799996 96.221235294099998 1.3737721188900001 1.3743786200899999 0.000244140625
96.221235294099998 96.241123529399999 1.3737656199599999 1.37437211889 0.000244140625
96.241123529399999 96.261011764700001 1.3737591232999999 1.3743656199600001 0.000244140625
96.261011764700001 96.280900000000003 1.3737526289199999 1.3743591233000001 0.000244140625
96.280900000000003 96.300788235300004 1.3737461367999999 1.3743526289200001 0.000244140625
96.300788235300004 96.320676470600006 1.3737396469600001 1.3743461368000001 0.000244140625
96.320676470600006 96.340564705899993 1.37373315938 1.37433964696 0.000244140625
96.340564705899993 96.360452941199995 1.37372667406 1.3743331593799999 0.000244140625
96.360452941199995 96.380341176499996 1.3737201910100001 1.37432667406 0.000244140625
96.380341176499996 96.400229411799998 1.3737137102200001 1.37432019101 0.000244140625
96.400229411799998 96.4201176471 1.3737072317000001 1.37431371022 0.000244140625
96.4201176471 96.440005882400001 1.37370075543 1.3743072317 0.000244140625
96.440005882400001 96.459894117600001 1.3736942814299999 1.37430075543 0.000244140625
96.459894117600001 96.479782352900003 1.37368780968 1.3742942814300001 0.000244140625
96.479782352900003 96.499670588200004 1.3736813401900001 1.37428780968 0.000244140625
96.499670588200004 96.519558823500006 1.3736748729599999 1.37428134019 0.000244140625
96.519558823500006 96.539447058799993 1.3736684079799999 1.3742748729600001 0.000244140625
96.539447058799993 96.559335294099995 1.3736619452600001 1.3742684079800001 0.000244140625
96.559335294099995 96.579223529399997 1.37365548478 1.37426194526 0.000244140625
96.579223529399997 96.599111764699998 1.3736490265600001 1.3742554847799999 0.000244140625
96.599111764699998 96.619 1.3736425705899999 1.37424902656 0.000244140625
96.619 96.638888235300001 1.37363611686 1.3742425705900001 0.000244140625
96.638888235300001 96.658776470600003 1.37362966539 1.3742361168599999 0.000244140625
96.658776470600003 96.678664705900005 1.3736232161599999 1.3742296653899999 0.000244140625
96.678664705900005 96.698552941200006 1.3736167691700001 1.3742232161600001 0.000244140625
96.698552941200006 96.718441176499994 1.37361032443 1.37421676917 0.000244140625
96.718441176499994 96.738329411799995 1.37360388193 1.3742103244299999 0.000244140625
96.738329411799995 96.758217647099997 1.3735974416700001 1.37420388193 0.000244140625
96.758217647099997 96.778105882399998 1.3735910036500001 1.37419744167 0.000244140625
96.778105882399998 96.797994117599998 1.3735845678700001 1.37419100365 0.000244140625
96.797994117599998 96.8178823529 1.37357813433 1.37418456787 0.000244140625
96.8178823529 96.837770588200001 1.3735717030200001 1.3741781343199999 0.000244140625
96.837770588200001 96.857658823500003 1.3735652739499999 1.37417170302 0.000244140625
96.857658823500003 96.877547058800005 1.37355884711 1.3741652739500001 0.000244140625
96.877547058800005 96.897435294100006 1.3735524225 1.3741588471099999 0.000244140625
96.897435294100006 96.917323529399994 1.3735460001299999 1.3741524224999999 0.000244140625
96.917323529399994 96.937211764699995 1.3735395799900001 1.3741460001300001 0.000244140625
96.937211764699995 96.957099999999997 1.37353316207 1.37413957999 0.000244140625
96.957099999999997 96.976988235299999 1.3735267463800001 1.3741331620699999 0.000244140625
96.976988235299999 96.9968764706 1.3735203329200001 1.37412674638 0.000244140625
96.9968764706 97.016764705900002 1.3735139216900001 1.37412033292 0.000244140625
97.016764705900002 97.036652941200003 1.37350751268 1.37411392169 0.000244140625
97.036652941200003 97.056541176500005 1.37350110589 1.37410751268 0.000244140625
97.056541176500005 97.076429411800007 1.3734947013200001 1.3741011058899999 0.000244140625
97.076429411800007 97.096317647099994 1.3734882989799999 1.37409470132 0.000244140625
97.096317647099994 97.116205882399996 1.3734818988499999 1.3740882989800001 0.000244140625
97.116205882399996 97.136094117599995 1.3734755009399999 1.3740818988500001 0.000244140625
97.136094117599995 97.155982352899997 1.3734691052500001 1.3740755009400001 0.000244140625
97.155982352899997 97.175870588199999 1.37346271178 1.37406910525 0.000244140625
97.175870588199999 97.1957588235 1.3734563205100001 1.3740627117799999 0.000244140625
97.1957588235 97.215647058800002 1.3734499314699999 1.37405632051 0.000244140625
97.215647058800002 97.235535294100004 1.37344354463 1.3740499314700001 0.000244140625
97.235535294100004 97.255423529400005 1.3734371600099999 1.3740435446299999 0.000244140625
97.255423529400005 97.275311764700007 1.3734307775900001 1.3740371600100001 0.000244140625
97.275311764700007 97.295199999999994 1.37342439738 1.37403077759 0.000244140625
97.295199999999994 97.315088235299996 1.3734180193800001 1.3740243973799999 0.000244140625
97.315088235299996 97.334976470599997 1.3734116435899999 1.37401801938 0.000244140625
97.334976470599997 97.354864705899999 1.3734052699999999 1.3740116435900001 0.000244140625
97.354864705899999 97.374752941200001 1.3733988986200001 1.3740052700000001 0.000244140625
97.374752941200001 97.394641176500002 1.37339252944 1.37399889862 0.000244140625
97.394641176500002 97.414529411800004 1.3733861624599999 1.3739925294399999 0.000244140625
97.414529411800004 97.434417647100005 1.37337979767 1.37398616246 0.000244140625
97.434417647100005 97.454305882400007 1.37337343509 1.3739797976699999 0.000244140625
97.454305882400007 97.474194117600007 1.37336707471 1.3739734350899999 0.000244140625
97.474194117600007 97.494082352899994 1.3733607165199999 1.3739670747099999 0.000244140625
97.494082352899994 97.513970588199996 1.37335436053 1.3739607165200001 0.000244140625
97.513970588199996 97.533858823499997 1.3733480067299999 1.37395436053 0.000244140625
97.533858823499997 97.553747058799999 1.3733416551299999 1.3739480067300001 0.000244140625
97.553747058799999 97.573635294100001 1.37333530571 1.3739416551300001 0.000244140625
97.573635294100001 97.593523529400002 1.3733289584899999 1.3739353057100001 0.000244140625
97.593523529400002 97.613411764700004 1.3733226134600001 1.3739289584900001 0.000244140625
97.613411764700004 97.633300000000006 1.3733162706099999 1.37392261346 0.000244140625
97.633300000000006 97.653188235299993 1.37330992996 1.3739162706200001 0.000244140625
97.653188235299993 97.673076470599995 1.37330359149 1.3739099299599999 0.000244140625
97.673076470599995 97.692964705899996 1.3732972552 1.37390359149 0.000244140625
97.692964705899996 97.712852941199998 1.3732909211 1.3738972551999999 0.000244140625
97.712852941199998 97.732741176499999 1.3732845891800001 1.3738909211000001 0.000244140625
97.732741176499999 97.752629411800001 1.3732782594399999 1.37388458918 0.000244140625
97.752629411800001 97.772517647100003 1.37327193188 1.3738782594400001 0.000244140625
97.772517647100003 97.792405882400004 1.3732656065 1.3738719318799999 0.000244140625
97.792405882400004 97.812294117600004 1.3732592832899999 1.3738656064999999 0.000244140625
97.812294117600004 97.832182352900006 1.37325296227 1.3738592832900001 0.000244140625
97.832182352900006 97.852070588199993 1.3732466434199999 1.37385296227 0.000244140625
97.852070588199993 97.871958823499995 1.37324032674 1.3738466434200001 0.000244140625
97.871958823499995 97.891847058799996 1.37323401224 1.3738403267399999 0.000244140625
97.891847058799996 97.911735294099998 1.3732276998999999 1.3738340122399999 0.000244140625
97.911735294099998 97.931623529399999 1.3732213897400001 1.3738276999000001 0.000244140625
97.931623529399999 97.951511764700001 1.37321508175 1.37382138974 0.000244140625
97.951511764700001 97.971400000000003 1.37320877593 1.3738150817499999 0.000244140625
97.971400000000003 97.991288235300004 1.37320247227 1.3738087759299999 0.000244140625
97.991288235300004 98.011176470600006 1.37319617078 1.37380247227 0.000244140625
98.011176470600006 98.031064705899993 1.3731898714599999 1.3737961707799999 0.000244140625
98.031064705899993 98.050952941199995 1.37318357429 1.3737898714600001 0.000244140625
98.050952941199995 98.070841176499997 1.3731772792900001 1.37378357429 0.000244140625
98.070841176499997 98.090729411799998 1.3731709864599999 1.37377727929 0.000244140625
98.090729411799998 98.1106176471 1.3731646957800001 1.3737709864600001 0.000244140625
98.1106176471 98.130505882400001 1.37315840726 1.37376469578 0.000244140625
98.130505882400001 98.150394117600001 1.3731521208999999 1.37375840726 0.000244140625
98.150394117600001 98.170282352900003 1.37314583669 1.3737521209000001 0.000244140625
98.170282352900003 98.190170588200004 1.37313955465 1.3737458366899999 0.000244140625
98.190170588200004 98.210058823500006 1.37313327475 1.37373955465 0.000244140625
98.210058823500006 98.229947058799993 1.37312699701 1.37373327475 0.000244140625
98.229947058799993 98.249835294099995 1.3731207214200001 1.3737269970099999 0.000244140625
98.249835294099995 98.269723529399997 1.3731144479799999 1.37372072142 0.000244140625
98.269723529399997 98.289611764699998 1.3731081767 1.3737144479800001 0.000244140625
98.289611764699998 98.3095 1.3731019075599999 1.3737081766999999 0.000244140625
98.3095 98.329388235300001 1.3730956405600001 1.3737019075600001 0.000244140625
98.329388235300001 98.349276470600003 1.37308937572 1.37369564056 0.000244140625
98.349276470600003 98.369164705900005 1.3730831130200001 1.3736893757199999 0.000244140625
98.369164705900005 98.389052941200006 1.3730768524600001 1.37368311302 0.000244140625
98.389052941200006 98.408941176499994 1.3730705940500001 1.37367685246 0.000244140625
98.408941176499994 98.428829411799995 1.37306433778 1.37367059405 0.000244140625
98.428829411799995 98.448717647099997 1.3730580836399999 1.37366433778 0.000244140625
98.448717647099997 98.468605882399999 1.37305183165 1.3736580836400001 0.000244140625
98.468605882399999 98.488494117599998 1.3730455818 1.3736518316499999 0.000244140625
98.488494117599998 98.5083823529 1.37303933408 1.3736455818 0.000244140625
98.5083823529 98.528270588200002 1.3730330884999999 1.3736393340799999 0.000244140625
98.528270588200002 98.548158823500003 1.3730268450600001 1.3736330885000001 0.000244140625
98.548158823500003 98.568047058800005 1.3730206037399999 1.37362684506 0.000244140625
98.568047058800005 98.587935294100006 1.3730143645599999 1.3736206037400001 0.000244140625
98.587935294100006 98.607823529399994 1.3730081275199999 1.3736143645600001 0.000244140625
98.607823529399994 98.627711764699995 1.3730018926000001 1.3736081275200001 0.000244140625
98.627711764699995 98.647599999999997 1.3729956598099999 1.3736018926 0.000244140625
98.647599999999997 98.667488235299999 1.37298942915 1.3735956598100001 0.000244140625
98.667488235299999 98.6873764706 1.37298320062 1.3735894291499999 0.000244140625
98.6873764706 98.707264705900002 1.37297697421 1.3735832006199999 0.000244140625
98.707264705900002 98.727152941200004 1.3729707499299999 1.3735769742099999 0.000244140625
98.727152941200004 98.747041176500005 1.37296452777 1.3735707499300001 0.000244140625
98.747041176500005 98.766929411800007 1.37295830773 1.3735645277699999 0.000244140625
98.766929411800007 98.786817647099994 1.3729520898100001 1.37355830773 0.000244140625
98.786817647099994 98.806705882399996 1.37294587402 1.37355208981 0.000244140625
98.806705882399996 98.826594117599996 1.3729396603399999 1.3735458740199999 0.000244140625
98.826594117599996 98.846482352899997 1.37293344878 1.3735396603400001 0.000244140625
98.846482352899997 98.866370588199999 1.37292723934 1.3735334487799999 0.000244140625
98.866370588199999 98.8862588235 1.37292103201 1.37352723934 0.000244140625
98.8862588235 98.906147058800002 1.3729148268 1.37352103201 0.000244140625
98.906147058800002 98.926035294100004 1.3729086237000001 1.3735148267999999 0.000244140625
98.926035294100004 98.945923529400005 1.37290242271 1.3735086237 0.000244140625
98.945923529400005 98.965811764700007 1.37289622383 1.3735024227099999 0.000244140625
98.965811764700007 98.985699999999994 1.37289002707 1.3734962238299999 0.000244140625
98.985699999999994 99.005588235299996 1.3728838324099999 1.3734900270699999 0.000244140625
99.005588235299996 99.025476470599997 1.37287763986 1.37348383241 0.000244140625
99.025476470599997 99.045364705899999 1.3728714494200001 1.3734776398599999 0.000244140625
99.045364705899999 99.065252941200001 1.3728652610800001 1.37347144942 0.000244140625
99.065252941200001 99.085141176500002 1.37285907485 1.37346526108 0.000244140625
99.085141176500002 99.105029411800004 1.3728528907199999 1.37345907485 0.000244140625
99.105029411800004 99.124917647100006 1.37284670869 1.3734528907200001 0.000244140625
99.124917647100006 99.144805882399993 1.3728405287600001 1.37344670869 0.000244140625
99.144805882399993 99.164694117600007 1.3728343509300001 1.37344052876 0.000244140625
99.164694117600007 99.184582352899994 1.3728281752 1.37343435093 0.000244140625
99.184582352899994 99.204470588199996 1.3728220015699999 1.3734281751999999 0.000244140625
99.204470588199996 99.224358823499998 1.37281583004 1.3734220015700001 0.000244140625
99.224358823499998 99.244247058799999 1.3728096606 1.3734158300399999 0.000244140625
99.244247058799999 99.264135294100001 1.37280349325 1.3734096605999999 0.000244140625
99.264135294100001 99.284023529400002 1.3727973280000001 1.3734034932500001 0.000244140625
99.284023529400002 99.303911764700004 1.37279116484 1.373397328 0.000244140625
99.303911764700004 99.323800000000006 1.37278500377 1.3733911648399999 0.000244140625
99.323800000000006 99.343688235299993 1.3727788448 1.3733850037699999 0.000244140625
99.343688235299993 99.363576470599995 1.37277268791 1.3733788447999999 0.000244140625
99.363576470599995 99.383464705899996 1.3727665331000001 1.3733726879099999 0.000244140625
99.383464705899996 99.403352941199998 1.3727603803899999 1.3733665331 0.000244140625
99.403352941199998 99.423241176499999 1.3727542297599999 1.3733603803900001 0.000244140625
99.423241176499999 99.443129411800001 1.3727480812099999 1.3733542297600001 0.000244140625
99.443129411800001 99.463017647100003 1.3727419347500001 1.3733480812100001 0.000244140625
99.463017647100003 99.482905882400004 1.3727357903699999 1.37334193475 0.000244140625
99.482905882400004 99.502794117600004 1.37272964807 1.3733357903700001 0.000244140625
99.502794117600004 99.522682352900006 1.37272350785 1.3733296480699999 0.000244140625
99.522682352900006 99.542570588199993 1.3727173696999999 1.3733235078499999 0.000244140625
99.542570588199993 99.562458823499995 1.37271123364 1.3733173697000001 0.000244140625
99.562458823499995 99.582347058799996 1.3727050996500001 1.37331123364 0.000244140625
99.582347058799996 99.602235294099998 1.3726989677400001 1.37330509965 0.000244140625
99.602235294099998 99.6221235294 1.3726928379000001 1.37329896774 0.000244140625
99.6221235294 99.642011764700001 1.37268671014 1.3732928379 0.000244140625
99.642011764700001 99.661900000000003 1.3726805844500001 1.3732867101399999 0.000244140625
99.661900000000003 99.681788235300004 1.3726744608300001 1.37328058445 0.000244140625
99.681788235300004 99.701676470600006 1.3726683392800001 1.37327446083 0.000244140625
99.701676470600006 99.721564705899993 1.37266221979 1.37326833928 0.000244140625
99.721564705899993 99.741452941199995 1.3726561023799999 1.37326221979 0.000244140625
99.741452941199995 99.761341176499997 1.37264998703 1.3732561023800001 0.000244140625
99.761341176499997 99.781229411799998 1.37264387375 1.3732499870299999 0.000244140625
99.781229411799998 99.8011176471 1.3726377625299999 1.3732438737499999 0.000244140625
99.8011176471 99.821005882400001 1.37263165338 1.3732377625300001 0.000244140625
99.821005882400001 99.840894117600001 1.3726255462900001 1.37323165338 0.000244140625
99.840894117600001 99.860782352900003 1.3726194412599999 1.37322554629 0.000244140625
99.860782352900003 99.880670588200005 1.3726133382900001 1.3732194412600001 0.000244140625
99.880670588200005 99.900558823500006 1.37260723738 1.37321333829 0.000244140625
99.900558823500006 99.920447058799994 1.3726011385200001 1.3732072373799999 0.000244140625
99.920447058799994 99.940335294099995 1.3725950417299999 1.37320113852 0.000244140625
99.940335294099995 99.960223529399997 1.3725889469899999 1.3731950417300001 0.000244140625
99.960223529399997 99.980111764699998 1.3725828543 1.37318894699 0.000244140625
99.980111764699998 100 1.3725767636699999 1.3731828543 0.000244140625
