# Direct counterexample,  d = 6:  C(p) < 0 on [2.0000001, 40.24]
claim 6 6 2.0000001 40.24 -
# p1 p2 lambda1 lambda2 tau0
2.0000000999999998 2.000000100980392 1.9999999572750338 1.9999999775927546 0.0009765625
2.000000100980392 2.0000001019607843 1.9999999569568723 1.9999999772746018 0.0009765625
2.0000001019607843 2.0000001029411765 1.9999999566391535 1.9999999769568724 0.0009765625
2.0000001029411765 2.0000001039215687 1.9999999563214346 1.9999999766391536 0.0009765625
2.0000001039215687 2.0000001049019605 1.9999999560037198 1.9999999763214347 0.0009765625
2.0000001049019605 2.0000001058823527 1.9999999556859962 1.9999999760037199 0.0009765625
2.0000001058823527 2.0000001068627449 1.999999955368279 1.9999999756859963 0.0009765625
2.0000001068627449 2.0000001078431371 1.9999999550505563 1.9999999753682791 0.0009765625
2.0000001078431371 2.0000001088235293 1.9999999547328309 1.9999999750505564 0.0009765625
2.0000001088235293 2.0000001098039215 1.9999999544151201 1.999999974732831 0.0009765625
2.0000001098039215 2.0000001107843137 1.9999999540974014 1.9999999744151202 0.0009765625
2.0000001107843137 2.0000001117647059 1.9999999537796798 1.9999999740974015 0.0009765625
2.0000001117647059 2.0000001127450977 1.9999999534619588 1.9999999737796799 0.0009765625
2.0000001127450977 2.0000001137254899 1.9999999531442347 1.9999999734619589 0.0009765625
2.0000001137254899 2.0000001147058821 1.9999999528265244 1.9999999731442348 0.0009765625
2.0000001147058821 2.0000001156862743 1.999999952508797 1.9999999728265245 0.0009765625
2.0000001156862743 2.0000001166666665 1.9999999521910838 1.9999999725087971 0.0009765625
2.0000001166666665 2.0000001176470588 1.999999951873364 1.9999999721910839 0.0009765625
2.0000001176470588 2.000000118627451 1.999999951555637 1.9999999718733641 0.0009765625
2.000000118627451 2.0000001196078432 1.9999999512379312 1.9999999715556371 0.0009765625
2.0000001196078432 2.0000001205882354 1.9999999509202024 1.9999999712379313 0.0009765625
2.0000001205882354 2.0000001215686272 1.9999999506024801 1.9999999709202025 0.0009765625
2.0000001215686272 2.0000001225490194 1.9999999502847592 1.9999999706024802 0.0009765625
2.0000001225490194 2.0000001235294116 1.9999999499670407 1.9999999702847593 0.0009765625
2.0000001235294116 2.0000001245098038 1.9999999496493275 1.9999999699670408 0.0009765625
2.0000001245098038 2.000000125490196 1.9999999493316059 1.9999999696493276 0.0009765625
2.000000125490196 2.0000001264705882 1.9999999490138842 1.999999969331606 0.0009765625
2.0000001264705882 2.0000001274509804 1.9999999486961633 1.9999999690138843 0.0009765625
2.0000001274509804 2.0000001284313726 1.9999999483784419 1.9999999686961634 0.0009765625
2.0000001284313726 2.0000001294117644 1.999999948060726 1.999999968378442 0.0009765625
2.0000001294117644 2.0000001303921566 1.9999999477430099 1.9999999680607261 0.0009765625
2.0000001303921566 2.0000001313725488 1.9999999474252819 1.99999996774301 0.0009765625
2.0000001313725488 2.0000001323529411 1.999999947107568 1.999999967425282 0.0009765625
2.0000001323529411 2.0000001333333333 1.9999999467898457 1.9999999671075681 0.0009765625
2.0000001333333333 2.0000001343137255 1.9999999464725629 1.9999999667902837 0.0009765625
2.0000001343137255 2.0000001352941177 1.9999999461544073 1.9999999664721266 0.0009765625
2.0000001352941177 2.0000001362745099 1.9999999458366897 1.9999999661544074 0.0009765625
2.0000001362745099 2.0000001372549017 1.9999999455189768 1.9999999658366898 0.0009765625
2.0000001372549017 2.0000001382352939 1.9999999452012487 1.9999999655189769 0.0009765625
2.0000001382352939 2.0000001392156861 1.9999999448835342 1.9999999652012488 0.0009765625
2.0000001392156861 2.0000001401960783 1.999999944565807 1.9999999648835343 0.0009765625
2.0000001401960783 2.0000001411764705 1.9999999442480889 1.9999999645658071 0.0009765625
2.0000001411764705 2.0000001421568627 1.9999999439303695 1.999999964248089 0.0009765625
2.0000001421568627 2.0000001431372549 1.9999999436126452 1.9999999639303696 0.0009765625
2.0000001431372549 2.0000001441176467 1.9999999432949298 1.9999999636126453 0.0009765625
2.0000001441176467 2.0000001450980389 1.9999999429772084 1.9999999632949299 0.0009765625
2.0000001450980389 2.0000001460784311 1.9999999426594812 1.9999999629772085 0.0009765625
2.0000001460784311 2.0000001470588233 1.9999999423417802 1.9999999626594813 0.0009765625
2.0000001470588233 2.0000001480392156 1.9999999420240551 1.9999999623417803 0.0009765625
2.0000001480392156 2.0000001490196078 1.9999999417063341 1.9999999620240552 0.0009765625
2.0000001490196078 2.00000015 1.9999999413886083 1.9999999617063342 0.0009765625
2.00000015 2.0000001509803917 1.9999999410708909 1.9999999613886084 0.0009765625
2.0000001509803917 2.000000151960784 1.9999999407531797 1.999999961070891 0.0009765625
2.000000151960784 2.0000001529411762 1.9999999404354492 1.9999999607531798 0.0009765625
2.0000001529411762 2.0000001539215684 1.9999999401177382 1.9999999604354493 0.0009765625
2.0000001539215684 2.0000001549019606 1.9999999398000234 1.9999999601177383 0.0009765625
2.0000001549019606 2.0000001558823528 1.9999999394822932 1.9999999598000235 0.0009765625
2.0000001558823528 2.0000001568627446 1.999999939164574 1.9999999594822933 0.0009765625
2.0000001568627446 2.0000001578431368 1.9999999388468575 1.9999999591645741 0.0009765625
2.0000001578431368 2.000000158823529 1.9999999385291372 1.9999999588468576 0.0009765625
2.000000158823529 2.0000001598039212 1.9999999382114166 1.9999999585291373 0.0009765625
2.0000001598039212 2.0000001607843134 1.9999999378936979 1.9999999582114167 0.0009765625
2.0000001607843134 2.0000001617647056 1.9999999375759809 1.999999957893698 0.0009765625
2.0000001617647056 2.0000001627450978 1.9999999372582558 1.999999957575981 0.0009765625
2.0000001627450978 2.0000001637254896 1.9999999369405428 1.9999999572582559 0.0009765625
2.0000001637254896 2.0000001647058818 1.9999999366228236 1.9999999569405429 0.0009765625
2.0000001647058818 2.000000165686274 1.9999999363050993 1.9999999566228237 0.0009765625
2.000000165686274 2.0000001666666662 1.9999999359873812 1.9999999563050994 0.0009765625
2.0000001666666662 2.0000001676470585 1.9999999356700964 1.9999999559878217 0.0009765625
2.0000001676470585 2.0000001686274507 1.9999999353519389 1.9999999556696548 0.0009765625
2.0000001686274507 2.0000001696078429 1.999999935034223 1.999999955351939 0.0009765625
2.0000001696078429 2.0000001705882351 1.9999999347165061 1.9999999550342231 0.0009765625
2.0000001705882351 2.0000001715686269 1.9999999343987811 1.9999999547165062 0.0009765625
2.0000001715686269 2.0000001725490191 1.9999999340810681 1.9999999543987812 0.0009765625
2.0000001725490191 2.0000001735294113 1.9999999337633405 1.9999999540810682 0.0009765625
2.0000001735294113 2.0000001745098035 1.9999999334456291 1.9999999537633406 0.0009765625
2.0000001745098035 2.0000001754901957 1.9999999331279024 1.9999999534456292 0.0009765625
2.0000001754901957 2.0000001764705879 1.9999999328101912 1.9999999531279025 0.0009765625
2.0000001764705879 2.0000001774509801 1.9999999324924689 1.9999999528101913 0.0009765625
2.0000001774509801 2.0000001784313723 1.9999999321747479 1.999999952492469 0.0009765625
2.0000001784313723 2.0000001794117641 1.9999999318570187 1.999999952174748 0.0009765625
2.0000001794117641 2.0000001803921563 1.9999999315393024 1.9999999518570188 0.0009765625
2.0000001803921563 2.0000001813725485 1.9999999312215888 1.9999999515393025 0.0009765625
2.0000001813725485 2.0000001823529407 1.9999999309038663 1.9999999512215889 0.0009765625
2.0000001823529407 2.000000183333333 1.9999999305861518 1.9999999509038664 0.0009765625
2.000000183333333 2.0000001843137252 1.9999999302684262 1.9999999505861519 0.0009765625
2.0000001843137252 2.0000001852941174 1.9999999299507039 1.9999999502684263 0.0009765625
2.0000001852941174 2.0000001862745096 1.9999999296329929 1.999999949950704 0.0009765625
2.0000001862745096 2.0000001872549018 1.9999999293152628 1.999999949632993 0.0009765625
2.0000001872549018 2.0000001882352936 1.9999999289975534 1.9999999493152629 0.0009765625
2.0000001882352936 2.0000001892156858 1.9999999286798291 1.9999999489975535 0.0009765625
2.0000001892156858 2.000000190196078 1.9999999283621093 1.9999999486798292 0.0009765625
2.000000190196078 2.0000001911764702 1.9999999280443932 1.9999999483621094 0.0009765625
2.0000001911764702 2.0000001921568624 1.999999927726676 1.9999999480443933 0.0009765625
2.0000001921568624 2.0000001931372546 1.9999999274089568 1.9999999477266761 0.0009765625
2.0000001931372546 2.0000001941176468 1.9999999270912292 1.9999999474089569 0.0009765625
2.0000001941176468 2.0000001950980391 1.9999999267735182 1.9999999470912293 0.0009765625
2.0000001950980391 2.0000001960784308 1.9999999264557948 1.9999999467735183 0.0009765625
2.0000001960784308 2.000000197058823 1.9999999261380714 1.9999999464557949 0.0009765625
2.000000197058823 2.0000001980392152 1.9999999258203505 1.9999999461380715 0.0009765625
2.0000001980392152 2.0000001990196075 1.9999999255026304 1.9999999458203506 0.0009765625
2.0000001990196075 2.0000001999999997 1.9999999251849168 1.9999999455026305 0.0009765625
2.0000001999999997 2.0000002019607841 1.999999924549916 1.9999999451853547 0.0009765625
2.0000002019607841 2.0000002039215681 1.9999999239140354 1.9999999445494701 0.0009765625
2.0000002039215681 2.0000002058823525 1.999999923278597 1.9999999439140355 0.0009765625
2.0000002058823525 2.0000002078431369 1.9999999226431608 1.9999999432785971 0.0009765625
2.0000002078431369 2.0000002098039213 1.999999922007718 1.9999999426431609 0.0009765625
2.0000002098039213 2.0000002117647053 1.9999999213722779 1.9999999420077181 0.0009765625
2.0000002117647053 2.0000002137254898 1.9999999207368386 1.999999941372278 0.0009765625
2.0000002137254898 2.0000002156862742 1.9999999201014038 1.9999999407368387 0.0009765625
2.0000002156862742 2.0000002176470586 1.9999999194659606 1.9999999401014039 0.0009765625
2.0000002176470586 2.0000002196078426 1.999999918830518 1.9999999394659607 0.0009765625
2.0000002196078426 2.000000221568627 1.9999999181950816 1.9999999388305181 0.0009765625
2.000000221568627 2.0000002235294114 1.9999999175596399 1.9999999381950817 0.0009765625
2.0000002235294114 2.0000002254901958 1.999999916924202 1.99999993755964 0.0009765625
2.0000002254901958 2.0000002274509798 1.9999999162887718 1.9999999369242021 0.0009765625
2.0000002274509798 2.0000002294117643 1.9999999156533284 1.9999999362887719 0.0009765625
2.0000002294117643 2.0000002313725487 1.9999999150178891 1.9999999356533285 0.0009765625
2.0000002313725487 2.0000002333333331 1.9999999143824476 1.9999999350178892 0.0009765625
2.0000002333333331 2.0000002352941171 1.9999999137470132 1.9999999343824477 0.0009765625
2.0000002352941171 2.0000002372549015 1.99999991311157 1.9999999337470133 0.0009765625
2.0000002372549015 2.0000002392156859 1.9999999124761307 1.9999999331115701 0.0009765625
2.0000002392156859 2.0000002411764699 1.9999999118406977 1.9999999324761308 0.0009765625
2.0000002411764699 2.0000002431372543 1.9999999112052564 1.9999999318406978 0.0009765625
2.0000002431372543 2.0000002450980388 1.999999910569815 1.9999999312052565 0.0009765625
2.0000002450980388 2.0000002470588232 1.9999999099343801 1.9999999305698151 0.0009765625
2.0000002470588232 2.0000002490196072 1.9999999092989376 1.9999999299343802 0.0009765625
2.0000002490196072 2.0000002509803916 1.9999999086634914 1.9999999292989377 0.0009765625
2.0000002509803916 2.000000252941176 1.9999999080280579 1.9999999286634915 0.0009765625
2.000000252941176 2.0000002549019604 1.9999999073926127 1.999999928028058 0.0009765625
2.0000002549019604 2.0000002568627444 1.999999906757185 1.9999999273926128 0.0009765625
2.0000002568627444 2.0000002588235288 1.9999999061217335 1.9999999267571851 0.0009765625
2.0000002588235288 2.0000002607843133 1.9999999054862987 1.9999999261217336 0.0009765625
2.0000002607843133 2.0000002627450977 1.9999999048508654 1.9999999254862988 0.0009765625
2.0000002627450977 2.0000002647058817 1.9999999042154248 1.9999999248508655 0.0009765625
2.0000002647058817 2.0000002666666661 1.9999999035799849 1.9999999242154249 0.0009765625
2.0000002666666661 2.0000002686274505 1.9999999029449871 1.9999999235804222 0.0009765625
2.0000002686274505 2.0000002705882349 1.9999999023091104 1.9999999229445413 0.0009765625
2.0000002705882349 2.0000002725490189 1.9999999016736616 1.9999999223091105 0.0009765625
2.0000002725490189 2.0000002745098033 1.9999999010382359 1.9999999216736617 0.0009765625
2.0000002745098033 2.0000002764705878 1.9999999004027851 1.999999921038236 0.0009765625
2.0000002764705878 2.0000002784313722 1.9999998997673487 1.9999999204027852 0.0009765625
2.0000002784313722 2.0000002803921562 1.9999998991319072 1.9999999197673488 0.0009765625
2.0000002803921562 2.0000002823529406 1.9999998984964715 1.9999999191319073 0.0009765625
2.0000002823529406 2.000000284313725 1.9999998978610316 1.9999999184964716 0.0009765625
2.000000284313725 2.0000002862745094 1.9999998972255948 1.9999999178610317 0.0009765625
2.0000002862745094 2.0000002882352934 1.9999998965901555 1.9999999172255949 0.0009765625
2.0000002882352934 2.0000002901960778 1.9999998959547147 1.9999999165901556 0.0009765625
2.0000002901960778 2.0000002921568623 1.9999998953192728 1.9999999159547148 0.0009765625
2.0000002921568623 2.0000002941176467 1.9999998946838327 1.9999999153192729 0.0009765625
2.0000002941176467 2.0000002960784307 1.9999998940483934 1.9999999146838328 0.0009765625
2.0000002960784307 2.0000002980392151 1.9999998934129626 1.9999999140483935 0.0009765625
2.0000002980392151 2.0000002999999995 1.9999998927775176 1.9999999134129627 0.0009765625
2.0000002999999995 2.0000003019607839 1.9999998921420841 1.9999999127775177 0.0009765625
2.0000003019607839 2.0000003039215684 1.9999998915066415 1.9999999121420842 0.0009765625
2.0000003039215684 2.0000003058823523 1.9999998908712036 1.9999999115066416 0.0009765625
2.0000003058823523 2.0000003078431368 1.999999890235763 1.9999999108712037 0.0009765625
2.0000003078431368 2.0000003098039212 1.9999998896003253 1.9999999102357631 0.0009765625
2.0000003098039212 2.0000003117647056 1.9999998889648851 1.9999999096003254 0.0009765625
2.0000003117647056 2.0000003137254896 1.9999998883294485 1.9999999089648852 0.0009765625
2.0000003137254896 2.000000315686274 1.9999998876940108 1.9999999083294486 0.0009765625
2.000000315686274 2.0000003176470584 1.9999998870585698 1.9999999076940109 0.0009765625
2.0000003176470584 2.0000003196078429 1.9999998864231243 1.9999999070585699 0.0009765625
2.0000003196078429 2.0000003215686268 1.9999998857876899 1.9999999064231244 0.0009765625
2.0000003215686268 2.0000003235294113 1.9999998851522542 1.99999990578769 0.0009765625
2.0000003235294113 2.0000003254901957 1.9999998845168097 1.9999999051522543 0.0009765625
2.0000003254901957 2.0000003274509801 1.9999998838813708 1.9999999045168098 0.0009765625
2.0000003274509801 2.0000003294117641 1.9999998832459323 1.9999999038813709 0.0009765625
2.0000003294117641 2.0000003313725485 1.9999998826104941 1.9999999032459324 0.0009765625
2.0000003313725485 2.0000003333333329 1.9999998819750584 1.9999999026104942 0.0009765625
2.0000003333333329 2.0000003352941174 1.9999998813400577 1.9999999019754944 0.0009765625
2.0000003352941174 2.0000003372549013 1.9999998807041728 1.9999999013396179 0.0009765625
2.0000003372549013 2.0000003392156858 1.9999998800687331 1.9999999007041729 0.0009765625
2.0000003392156858 2.0000003411764702 1.9999998794333012 1.9999999000687332 0.0009765625
2.0000003411764702 2.0000003431372546 1.9999998787978601 1.9999998994333013 0.0009765625
2.0000003431372546 2.0000003450980386 1.9999998781624262 1.9999998987978602 0.0009765625
2.0000003450980386 2.000000347058823 1.9999998775269838 1.9999998981624263 0.0009765625
2.000000347058823 2.0000003490196074 1.9999998768915412 1.9999998975269839 0.0009765625
2.0000003490196074 2.0000003509803919 1.999999876256104 1.9999998968915413 0.0009765625
2.0000003509803919 2.0000003529411758 1.9999998756206634 1.9999998962561041 0.0009765625
2.0000003529411758 2.0000003549019603 1.9999998749852255 1.9999998956206635 0.0009765625
2.0000003549019603 2.0000003568627447 1.9999998743497842 1.9999998949852256 0.0009765625
2.0000003568627447 2.0000003588235291 1.9999998737143443 1.9999998943497843 0.0009765625
2.0000003588235291 2.0000003607843131 1.9999998730789079 1.9999998937143444 0.0009765625
2.0000003607843131 2.0000003627450975 1.9999998724434704 1.999999893078908 0.0009765625
2.0000003627450975 2.0000003647058819 1.9999998718080298 1.9999998924434705 0.0009765625
2.0000003647058819 2.0000003666666659 1.9999998711725875 1.99999989180803 0.0009765625
2.0000003666666659 2.0000003686274503 1.9999998705371478 1.9999998911725876 0.0009765625
2.0000003686274503 2.0000003705882348 1.9999998699017147 1.9999998905371479 0.0009765625
2.0000003705882348 2.0000003725490192 1.999999869266279 1.9999998899017148 0.0009765625
2.0000003725490192 2.0000003745098032 1.9999998686308385 1.9999998892662791 0.0009765625
2.0000003745098032 2.0000003764705876 1.9999998679953948 1.9999998886308386 0.0009765625
2.0000003764705876 2.000000378431372 1.9999998673599571 1.9999998879953949 0.0009765625
2.000000378431372 2.0000003803921564 1.9999998667245178 1.9999998873599572 0.0009765625
2.0000003803921564 2.0000003823529404 1.9999998660890796 1.9999998867245179 0.0009765625
2.0000003823529404 2.0000003843137248 1.9999998654536442 1.9999998860890797 0.0009765625
2.0000003843137248 2.0000003862745093 1.9999998648181989 1.9999998854536443 0.0009765625
2.0000003862745093 2.0000003882352937 1.999999864182761 1.999999884818199 0.0009765625
2.0000003882352937 2.0000003901960777 1.9999998635473202 1.9999998841827611 0.0009765625
2.0000003901960777 2.0000003921568621 1.9999998629118769 1.9999998835473203 0.0009765625
2.0000003921568621 2.0000003941176465 1.9999998622764454 1.999999882911877 0.0009765625
2.0000003941176465 2.0000003960784309 1.9999998616410068 1.9999998822764455 0.0009765625
2.0000003960784309 2.0000003980392149 1.9999998610055687 1.9999998816410069 0.0009765625
2.0000003980392149 2.0000003999999993 1.9999998603701292 1.9999998810055688 0.0009765625
2.0000003999999993 2.0000004039215682 1.9999998590996904 1.9999998803705725 0.0009765625
2.0000004039215682 2.0000004078431366 1.9999998578283735 1.9999998790992533 0.0009765625
2.0000004078431366 2.000000411764705 1.999999856557495 1.9999998778283736 0.0009765625
2.000000411764705 2.0000004156862738 1.9999998552866176 1.9999998765574951 0.0009765625
2.0000004156862738 2.0000004196078427 1.9999998540157424 1.9999998752866177 0.0009765625
2.0000004196078427 2.0000004235294111 1.9999998527448519 1.9999998740157425 0.0009765625
2.0000004235294111 2.0000004274509795 1.999999851473987 1.999999872744852 0.0009765625
2.0000004274509795 2.0000004313725483 1.9999998502031042 1.9999998714739871 0.0009765625
2.0000004313725483 2.0000004352941172 1.9999998489322346 1.9999998702031043 0.0009765625
2.0000004352941172 2.0000004392156856 1.9999998476613432 1.9999998689322347 0.0009765625
2.0000004392156856 2.000000443137254 1.9999998463904693 1.9999998676613433 0.0009765625
2.000000443137254 2.0000004470588229 1.9999998451195904 1.9999998663904694 0.0009765625
2.0000004470588229 2.0000004509803917 1.9999998438487194 1.9999998651195905 0.0009765625
2.0000004509803917 2.0000004549019601 1.9999998425778402 1.9999998638487195 0.0009765625
2.0000004549019601 2.0000004588235285 1.9999998413069544 1.9999998625778403 0.0009765625
2.0000004588235285 2.0000004627450974 1.9999998400360879 1.9999998613069545 0.0009765625
2.0000004627450974 2.0000004666666662 1.9999998387652069 1.999999860036088 0.0009765625
2.0000004666666662 2.0000004705882346 1.9999998374943262 1.999999858765207 0.0009765625
2.0000004705882346 2.000000474509803 1.9999998362234508 1.9999998574943263 0.0009765625
2.000000474509803 2.0000004784313719 1.9999998349525712 1.9999998562234509 0.0009765625
2.0000004784313719 2.0000004823529407 1.9999998336816862 1.9999998549525713 0.0009765625
2.0000004823529407 2.0000004862745091 1.9999998324108155 1.9999998536816863 0.0009765625
2.0000004862745091 2.0000004901960775 1.9999998311399361 1.9999998524108156 0.0009765625
2.0000004901960775 2.0000004941176464 1.9999998298690647 1.9999998511399362 0.0009765625
2.0000004941176464 2.0000004980392152 1.9999998285981775 1.9999998498690648 0.0009765625
2.0000004980392152 2.0000005019607836 1.999999827327303 1.9999998485981776 0.0009765625
2.0000005019607836 2.000000505882352 1.9999998260564242 1.9999998473273031 0.0009765625
2.000000505882352 2.0000005098039209 1.9999998247855453 1.9999998460564243 0.0009765625
2.0000005098039209 2.0000005137254897 1.999999823514677 1.9999998447855454 0.0009765625
2.0000005137254897 2.0000005176470581 1.9999998222437902 1.9999998435146771 0.0009765625
2.0000005176470581 2.0000005215686265 1.9999998209729102 1.9999998422437903 0.0009765625
2.0000005215686265 2.0000005254901954 1.9999998197020379 1.9999998409729103 0.0009765625
2.0000005254901954 2.0000005294117642 1.9999998184311603 1.999999839702038 0.0009765625
2.0000005294117642 2.0000005333333326 1.9999998171602802 1.9999998384311604 0.0009765625
2.0000005333333326 2.000000537254901 1.999999815889844 1.9999998371607151 0.0009765625
2.000000537254901 2.0000005411764699 1.9999998146185269 1.9999998358894071 0.0009765625
2.0000005411764699 2.0000005450980383 1.9999998133476486 1.999999834618527 0.0009765625
2.0000005450980383 2.0000005490196071 1.9999998120767695 1.9999998333476487 0.0009765625
2.0000005490196071 2.0000005529411755 1.9999998108058945 1.9999998320767696 0.0009765625
2.0000005529411755 2.0000005568627444 1.9999998095350153 1.9999998308058946 0.0009765625
2.0000005568627444 2.0000005607843128 1.9999998082641388 1.9999998295350154 0.0009765625
2.0000005607843128 2.0000005647058816 1.9999998069932563 1.9999998282641389 0.0009765625
2.0000005647058816 2.00000056862745 1.9999998057223829 1.9999998269932564 0.0009765625
2.00000056862745 2.0000005725490189 1.9999998044515093 1.999999825722383 0.0009765625
2.0000005725490189 2.0000005764705873 1.9999998031806272 1.9999998244515094 0.0009765625
2.0000005764705873 2.0000005803921561 1.9999998019097471 1.9999998231806273 0.0009765625
2.0000005803921561 2.0000005843137245 1.9999998006388728 1.9999998219097472 0.0009765625
2.0000005843137245 2.0000005882352934 1.9999997993679943 1.9999998206388729 0.0009765625
2.0000005882352934 2.0000005921568618 1.9999997980971127 1.9999998193679944 0.0009765625
2.0000005921568618 2.0000005960784306 1.9999997968262446 1.9999998180971128 0.0009765625
2.0000005960784306 2.000000599999999 1.9999997955553683 1.9999998168262447 0.0009765625
2.000000599999999 2.0000006039215674 1.9999997942844794 1.9999998155553684 0.0009765625
2.0000006039215674 2.0000006078431363 1.9999997930136064 1.9999998142844795 0.0009765625
2.0000006078431363 2.0000006117647047 1.9999997917427288 1.9999998130136065 0.0009765625
2.0000006117647047 2.0000006156862735 1.9999997904718536 1.9999998117427289 0.0009765625
2.0000006156862735 2.0000006196078419 1.9999997892009724 1.9999998104718537 0.0009765625
2.0000006196078419 2.0000006235294108 1.9999997879300935 1.9999998092009725 0.0009765625
2.0000006235294108 2.0000006274509792 1.999999786659221 1.9999998079300936 0.0009765625
2.0000006274509792 2.000000631372548 1.9999997853883404 1.9999998066592211 0.0009765625
2.000000631372548 2.0000006352941164 1.999999784117461 1.9999998053883405 0.0009765625
2.0000006352941164 2.0000006392156853 1.9999997828465821 1.9999998041174611 0.0009765625
2.0000006392156853 2.0000006431372537 1.9999997815757096 1.9999998028465822 0.0009765625
2.0000006431372537 2.0000006470588225 1.9999997803048295 1.9999998015757097 0.0009765625
2.0000006470588225 2.0000006509803909 1.9999997790339583 1.9999998003048296 0.0009765625
2.0000006509803909 2.0000006549019598 1.9999997777630765 1.9999997990339584 0.0009765625
2.0000006549019598 2.0000006588235282 1.9999997764922028 1.9999997977630766 0.0009765625
2.0000006588235282 2.000000662745097 1.9999997752213257 1.9999997964922029 0.0009765625
2.000000662745097 2.0000006666666654 1.9999997739504478 1.9999997952213258 0.0009765625
2.0000006666666654 2.0000006705882338 1.9999997726800025 1.9999997939508896 0.0009765625
2.0000006705882338 2.0000006745098027 1.9999997714086899 1.999999792679565 0.0009765625
2.0000006745098027 2.0000006784313715 1.9999997701378098 1.99999979140869 0.0009765625
2.0000006784313715 2.0000006823529399 1.9999997688669304 1.9999997901378099 0.0009765625
2.0000006823529399 2.0000006862745083 1.9999997675960606 1.9999997888669305 0.0009765625
2.0000006862745083 2.0000006901960772 1.9999997663251792 1.9999997875960607 0.0009765625
2.0000006901960772 2.000000694117646 1.9999997650543011 1.9999997863251793 0.0009765625
2.000000694117646 2.0000006980392144 1.9999997637834241 1.9999997850543012 0.0009765625
2.0000006980392144 2.0000007019607828 1.9999997625125472 1.9999997837834242 0.0009765625
2.0000007019607828 2.0000007058823517 1.9999997612416731 1.9999997825125473 0.0009765625
2.0000007058823517 2.0000007098039205 1.9999997599707944 1.9999997812416732 0.0009765625
2.0000007098039205 2.0000007137254889 1.9999997586999179 1.9999997799707945 0.0009765625
2.0000007137254889 2.0000007176470573 1.9999997574290349 1.999999778699918 0.0009765625
2.0000007176470573 2.0000007215686262 1.9999997561581657 1.999999777429035 0.0009765625
2.0000007215686262 2.000000725490195 1.9999997548872792 1.9999997761581658 0.0009765625
2.000000725490195 2.0000007294117634 1.9999997536164054 1.9999997748872793 0.0009765625
2.0000007294117634 2.0000007333333318 1.99999975234553 1.9999997736164055 0.0009765625
2.0000007333333318 2.0000007372549007 1.9999996610746491 1.99999986234553 0.0009765625
2.0000007372549007 2.0000007411764695 1.9999996598037715 1.999999861074649 0.0009765625
2.0000007411764695 2.0000007450980379 1.9999996585328981 1.9999998598037714 0.0009765625
2.0000007450980379 2.0000007490196063 1.99999965726202 1.999999858532898 0.0009765625
2.0000007490196063 2.0000007529411752 1.9999996559911435 1.9999998572620199 0.0009765625
2.0000007529411752 2.000000756862744 1.9999996547202616 1.9999998559911434 0.0009765625
2.000000756862744 2.0000007607843124 1.9999996534493929 1.9999998547202615 0.0009765625
2.0000007607843124 2.0000007647058808 1.9999996521785128 1.9999998534493928 0.0009765625
2.0000007647058808 2.0000007686274497 1.9999996509076325 1.9999998521785127 0.0009765625
2.0000007686274497 2.0000007725490185 1.9999996496367527 1.9999998509076324 0.0009765625
2.0000007725490185 2.0000007764705869 1.9999996483658813 1.9999998496367526 0.0009765625
2.0000007764705869 2.0000007803921553 1.9999996470949954 1.9999998483658812 0.0009765625
2.0000007803921553 2.0000007843137242 1.9999996458241274 1.9999998470949953 0.0009765625
2.0000007843137242 2.000000788235293 1.9999996445532493 1.9999998458241273 0.0009765625
2.000000788235293 2.0000007921568614 1.9999996432823703 1.9999998445532492 0.0009765625
2.0000007921568614 2.0000007960784298 1.9999996420114943 1.9999998432823702 0.0009765625
2.0000007960784298 2.0000007999999987 1.9999996407406109 1.9999998420114942 0.0009765625
2.0000007999999987 2.0000008078431359 1.9999996381992957 1.9999998407410515 0.0009765625
2.0000008078431359 2.0000008156862732 1.9999996356571115 1.9999998381988657 0.0009765625
2.0000008156862732 2.0000008235294104 1.9999996331153549 1.9999998356571114 0.0009765625
2.0000008235294104 2.0000008313725477 1.9999996305735992 1.9999998331153548 0.0009765625
2.0000008313725477 2.0000008392156849 1.9999996280318428 1.9999998305735991 0.0009765625
2.0000008392156849 2.0000008470588222 1.9999996254900925 1.9999998280318427 0.0009765625
2.0000008470588222 2.0000008549019594 1.9999996229483317 1.9999998254900924 0.0009765625
2.0000008549019594 2.0000008627450967 1.9999996204065829 1.9999998229483316 0.0009765625
2.0000008627450967 2.0000008705882339 1.9999996178648263 1.9999998204065828 0.0009765625
2.0000008705882339 2.0000008784313712 1.9999996153230786 1.9999998178648262 0.0009765625
2.0000008784313712 2.0000008862745084 1.9999996127813158 1.9999998153230785 0.0009765625
2.0000008862745084 2.0000008941176457 1.9999996102395674 1.9999998127813157 0.0009765625
2.0000008941176457 2.000000901960783 1.9999996076978106 1.9999998102395673 0.0009765625
2.000000901960783 2.0000009098039202 1.9999996051560658 1.9999998076978105 0.0009765625
2.0000009098039202 2.0000009176470575 1.9999996026143076 1.9999998051560657 0.0009765625
2.0000009176470575 2.0000009254901947 1.9999996000725473 1.9999998026143075 0.0009765625
2.0000009254901947 2.0000009333333315 1.9999995975307943 1.9999998000725472 0.0009765625
2.0000009333333315 2.0000009411764688 1.9999995949890457 1.9999997975307942 0.0009765625
2.0000009411764688 2.000000949019606 1.9999995924472833 1.9999997949890456 0.0009765625
2.000000949019606 2.0000009568627433 1.9999995899055267 1.9999997924472832 0.0009765625
2.0000009568627433 2.0000009647058805 1.999999587363779 1.9999997899055266 0.0009765625
2.0000009647058805 2.0000009725490178 1.9999995848220278 1.9999997873637789 0.0009765625
2.0000009725490178 2.000000980392155 1.9999995822802685 1.9999997848220277 0.0009765625
2.000000980392155 2.0000009882352923 1.9999995797385164 1.9999997822802684 0.0009765625
2.0000009882352923 2.0000009960784295 1.9999995771967649 1.9999997797385163 0.0009765625
2.0000009960784295 2.0000010039215668 1.9999995746550165 1.9999997771967648 0.0009765625
2.0000010039215668 2.000001011764704 1.9999995721132617 1.9999997746550164 0.0009765625
2.000001011764704 2.0000010196078413 1.9999995695715067 1.9999997721132616 0.0009765625
2.0000010196078413 2.0000010274509785 1.9999995670297557 1.9999997695715066 0.0009765625
2.0000010274509785 2.0000010352941158 1.9999995644879978 1.9999997670297556 0.0009765625
2.0000010352941158 2.000001043137253 1.9999995619462474 1.9999997644879977 0.0009765625
2.000001043137253 2.0000010509803903 1.9999995594044879 1.9999997619462473 0.0009765625
2.0000010509803903 2.0000010588235275 1.9999995568627404 1.9999997594044878 0.0009765625
2.0000010588235275 2.0000010666666648 1.9999995543209843 1.9999997568627403 0.0009765625
2.0000010666666648 2.000001074509802 1.999999551779666 1.999999754321425 0.0009765625
2.000001074509802 2.0000010823529393 1.9999995492374738 1.9999997517792316 0.0009765625
2.0000010823529393 2.0000010901960765 1.9999995466957288 1.9999997492374737 0.0009765625
2.0000010901960765 2.0000010980392138 1.9999995441539657 1.9999997466957287 0.0009765625
2.0000010980392138 2.000001105882351 1.999999541612224 1.9999997441539656 0.0009765625
2.000001105882351 2.0000011137254883 1.9999995390704703 1.9999997416122239 0.0009765625
2.0000011137254883 2.0000011215686255 1.9999995365287107 1.9999997390704702 0.0009765625
2.0000011215686255 2.0000011294117628 1.9999995339869565 1.9999997365287105 0.0009765625
2.0000011294117628 2.0000011372549 1.9999995314452046 1.9999997339869564 0.0009765625
2.0000011372549 2.0000011450980373 1.9999995289034507 1.9999997314452045 0.0009765625
2.0000011450980373 2.0000011529411745 1.999999526361697 1.9999997289034506 0.0009765625
2.0000011529411745 2.0000011607843118 1.9999995238199448 1.9999997263616969 0.0009765625
2.0000011607843118 2.000001168627449 1.999999521278188 1.9999997238199447 0.0009765625
2.000001168627449 2.0000011764705863 1.9999995187364354 1.9999997212781879 0.0009765625
2.0000011764705863 2.0000011843137235 1.9999995161946826 1.9999997187364353 0.0009765625
2.0000011843137235 2.0000011921568608 1.9999995136529323 1.9999997161946825 0.0009765625
2.0000011921568608 2.000001199999998 1.9999995111111837 1.9999997136529322 0.0009765625
2.000001199999998 2.0000012078431353 1.9999995085694335 1.9999997111111836 0.0009765625
2.0000012078431353 2.0000012156862725 1.9999995060276792 1.9999997085694334 0.0009765625
2.0000012156862725 2.0000012235294098 1.9999995034859173 1.9999997060276791 0.0009765625
2.0000012235294098 2.000001231372547 1.9999995009441731 1.9999997034859172 0.0009765625
2.000001231372547 2.0000012392156843 1.9999994984024114 1.999999700944173 0.0009765625
2.0000012392156843 2.0000012470588215 1.9999994958606611 1.9999996984024113 0.0009765625
2.0000012470588215 2.0000012549019588 1.9999994933189151 1.999999695860661 0.0009765625
2.0000012549019588 2.000001262745096 1.9999994907771526 1.999999693318915 0.0009765625
2.000001262745096 2.0000012705882333 1.9999994882354002 1.9999996907771525 0.0009765625
2.0000012705882333 2.0000012784313705 1.9999994856936503 1.9999996882354001 0.0009765625
2.0000012784313705 2.0000012862745078 1.9999994831518986 1.9999996856936502 0.0009765625
2.0000012862745078 2.000001294117645 1.9999994806101504 1.9999996831518985 0.0009765625
2.000001294117645 2.0000013019607823 1.9999994780683992 1.9999996806101503 0.0009765625
2.0000013019607823 2.0000013098039195 1.999999475526639 1.9999996780683991 0.0009765625
2.0000013098039195 2.0000013176470568 1.9999994729848851 1.9999996755266389 0.0009765625
2.0000013176470568 2.000001325490194 1.9999994704431345 1.999999672984885 0.0009765625
2.000001325490194 2.0000013333333313 1.9999994679013857 1.9999996704431344 0.0009765625
2.0000013333333313 2.0000013411764686 1.9999994653600697 1.9999996679018175 0.0009765625
2.0000013411764686 2.0000013490196058 1.9999994628178839 1.9999996653596344 0.0009765625
2.0000013490196058 2.0000013568627431 1.9999994602761375 1.9999996628178838 0.0009765625
2.0000013568627431 2.0000013647058803 1.9999994577343758 1.9999996602761374 0.0009765625
2.0000013647058803 2.0000013725490176 1.9999994551926219 1.9999996577343757 0.0009765625
2.0000013725490176 2.0000013803921548 1.9999994526508758 1.9999996551926218 0.0009765625
2.0000013803921548 2.0000013882352921 1.9999994501091156 1.9999996526508756 0.0009765625
2.0000013882352921 2.0000013960784293 1.9999994475673677 1.9999996501091155 0.0009765625
2.0000013960784293 2.0000014039215666 1.9999994450256144 1.9999996475673676 0.0009765625
2.0000014039215666 2.0000014117647038 1.9999994424838614 1.9999996450256143 0.0009765625
2.0000014117647038 2.0000014196078411 1.999999439942109 1.9999996424838613 0.0009765625
2.0000014196078411 2.0000014274509783 1.9999994374003585 1.9999996399421089 0.0009765625
2.0000014274509783 2.0000014352941156 1.9999994348586068 1.9999996374003584 0.0009765625
2.0000014352941156 2.0000014431372528 1.9999994323168573 1.9999996348586067 0.0009765625
2.0000014431372528 2.0000014509803901 1.9999994297751049 1.9999996323168572 0.0009765625
2.0000014509803901 2.0000014588235273 1.9999994272333512 1.9999996297751048 0.0009765625
2.0000014588235273 2.0000014666666646 1.999999424691596 1.9999996272333511 0.0009765625
2.0000014666666646 2.0000014745098014 1.9999994221498421 1.9999996246915959 0.0009765625
2.0000014745098014 2.0000014823529386 1.9999994196080935 1.9999996221498419 0.0009765625
2.0000014823529386 2.0000014901960759 1.9999994170663502 1.9999996196080934 0.0009765625
2.0000014901960759 2.0000014980392131 1.9999994145245963 1.9999996170663501 0.0009765625
2.0000014980392131 2.0000015058823504 1.9999994119828426 1.9999996145245962 0.0009765625
2.0000015058823504 2.0000015137254876 1.9999994094410931 1.9999996119828425 0.0009765625
2.0000015137254876 2.0000015215686249 1.9999994068993365 1.999999609441093 0.0009765625
2.0000015215686249 2.0000015294117621 1.9999994043575859 1.9999996068993364 0.0009765625
2.0000015294117621 2.0000015372548994 1.9999994018158374 1.9999996043575858 0.0009765625
2.0000015372548994 2.0000015450980366 1.9999993992740741 1.9999996018158372 0.0009765625
2.0000015450980366 2.0000015529411739 1.9999993967323364 1.999999599274074 0.0009765625
2.0000015529411739 2.0000015607843111 1.9999993941905738 1.9999995967323363 0.0009765625
2.0000015607843111 2.0000015686274484 1.9999993916488328 1.9999995941905737 0.0009765625
2.0000015686274484 2.0000015764705856 1.999999389107074 1.9999995916488327 0.0009765625
2.0000015764705856 2.0000015843137229 1.9999993865653225 1.9999995891070739 0.0009765625
2.0000015843137229 2.0000015921568601 1.999999384023577 1.9999995865653224 0.0009765625
2.0000015921568601 2.0000015999999974 1.9999993814818173 1.9999995840235769 0.0009765625
2.0000015999999974 2.0000016156862719 1.9999993763987594 1.999999581482254 0.0009765625
2.0000016156862719 2.0000016313725464 1.999999371314817 1.9999995763983154 0.0009765625
2.0000016313725464 2.0000016470588209 1.9999993662313105 1.9999995713148169 0.0009765625
2.0000016470588209 2.0000016627450954 1.9999993611478133 1.9999995662313104 0.0009765625
2.0000016627450954 2.0000016784313699 1.9999993560643152 1.9999995611478132 0.0009765625
2.0000016784313699 2.0000016941176444 1.9999993509808029 1.9999995560643151 0.0009765625
2.0000016941176444 2.0000017098039189 1.999999345897306 1.9999995509808028 0.0009765625
2.0000017098039189 2.0000017254901934 1.9999993408138046 1.9999995458973059 0.0009765625
2.0000017254901934 2.0000017411764679 1.9999993357303074 1.9999995408138045 0.0009765625
2.0000017411764679 2.0000017568627424 1.999999330646806 1.9999995357303073 0.0009765625
2.0000017568627424 2.0000017725490169 1.9999993255633017 1.9999995306468059 0.0009765625
2.0000017725490169 2.0000017882352914 1.9999993204798023 1.9999995255633016 0.0009765625
2.0000017882352914 2.0000018039215659 1.9999993153962943 1.9999995204798022 0.0009765625
2.0000018039215659 2.0000018196078404 1.999999310312798 1.9999995153962942 0.0009765625
2.0000018196078404 2.0000018352941149 1.999999305229301 1.9999995103127979 0.0009765625
2.0000018352941149 2.0000018509803894 1.9999993001457932 1.9999995052293009 0.0009765625
2.0000018509803894 2.0000018666666639 1.9999992950622911 1.9999995001457931 0.0009765625
2.0000018666666639 2.000001882352938 1.9999992899787986 1.999999495062291 0.0009765625
2.000001882352938 2.0000018980392125 1.9999992848952941 1.9999994899787985 0.0009765625
2.0000018980392125 2.000001913725487 1.9999992798117925 1.999999484895294 0.0009765625
2.000001913725487 2.0000019294117615 1.9999992747282915 1.9999994798117924 0.0009765625
2.0000019294117615 2.000001945098036 1.9999992696447928 1.9999994747282914 0.0009765625
2.000001945098036 2.0000019607843105 1.9999992645612956 1.9999994696447927 0.0009765625
2.0000019607843105 2.000001976470585 1.9999992594777942 1.9999994645612955 0.0009765625
2.000001976470585 2.0000019921568595 1.9999992543942955 1.9999994594777941 0.0009765625
2.0000019921568595 2.000002007843134 1.9999992493107928 1.9999994543942954 0.0009765625
2.000002007843134 2.0000020235294085 1.999999244227294 1.9999994493107927 0.0009765625
2.0000020235294085 2.000002039215683 1.9999992391437937 1.9999994442272939 0.0009765625
2.000002039215683 2.0000020549019575 1.9999992340603001 1.9999994391437936 0.0009765625
2.0000020549019575 2.000002070588232 1.9999992289767983 1.9999994340603 0.0009765625
2.000002070588232 2.0000020862745065 1.9999992238932858 1.9999994289767982 0.0009765625
2.0000020862745065 2.000002101960781 1.9999992188097948 1.9999994238932857 0.0009765625
2.000002101960781 2.0000021176470555 1.9999992137263016 1.9999994188097947 0.0009765625
2.0000021176470555 2.00000213333333 1.9999992086428009 1.9999994137263015 0.0009765625
2.00000213333333 2.0000021490196045 1.999999203559738 1.9999994086432424 0.0009765625
2.0000021490196045 2.000002164705879 1.9999991984757974 1.9999994035593007 0.0009765625
2.000002164705879 2.0000021803921535 1.999999193392304 1.9999993984757973 0.0009765625
2.0000021803921535 2.000002196078428 1.9999991883088024 1.9999993933923039 0.0009765625
2.000002196078428 2.0000022117647025 1.9999991832253072 1.9999993883088023 0.0009765625
2.0000022117647025 2.000002227450977 1.9999991781418123 1.9999993832253071 0.0009765625
2.000002227450977 2.0000022431372515 1.9999991730583184 1.9999993781418122 0.0009765625
2.0000022431372515 2.000002258823526 1.9999991679748186 1.9999993730583183 0.0009765625
2.000002258823526 2.0000022745098001 1.9999991628913121 1.9999993679748185 0.0009765625
2.0000022745098001 2.0000022901960746 1.9999991578078191 1.999999362891312 0.0009765625
2.0000022901960746 2.0000023058823491 1.9999991527243277 1.999999357807819 0.0009765625
2.0000023058823491 2.0000023215686236 1.9999991476408312 1.9999993527243276 0.0009765625
2.0000023215686236 2.0000023372548981 1.9999991425573318 1.9999993476408311 0.0009765625
2.0000023372548981 2.0000023529411726 1.9999991374738308 1.9999993425573317 0.0009765625
2.0000023529411726 2.0000023686274471 1.9999991323903341 1.9999993374738307 0.0009765625
2.0000023686274471 2.0000023843137216 1.999999127306838 1.999999332390334 0.0009765625
2.0000023843137216 2.0000023999999961 1.9999991222233426 1.9999993273068379 0.0009765625
2.0000023999999961 2.0000024156862706 1.9999991171398412 1.9999993222233425 0.0009765625
2.0000024156862706 2.0000024313725451 1.9999991120563494 1.9999993171398411 0.0009765625
2.0000024313725451 2.0000024470588196 1.999999106972854 1.9999993120563493 0.0009765625
2.0000024470588196 2.0000024627450941 1.9999991018893528 1.9999993069728539 0.0009765625
2.0000024627450941 2.0000024784313686 1.9999990968058623 1.9999993018893527 0.0009765625
2.0000024784313686 2.0000024941176431 1.9999990917223649 1.9999992968058622 0.0009765625
2.0000024941176431 2.0000025098039176 1.9999990866388693 1.9999992917223648 0.0009765625
2.0000025098039176 2.0000025254901921 1.999999081555369 1.9999992866388692 0.0009765625
2.0000025254901921 2.0000025411764661 1.9999990764718718 1.9999992815553689 0.0009765625
2.0000025411764661 2.0000025568627406 1.999999071388376 1.9999992764718717 0.0009765625
2.0000025568627406 2.0000025725490151 1.9999990663048886 1.9999992713883759 0.0009765625
2.0000025725490151 2.0000025882352896 1.9999990612213923 1.9999992663048884 0.0009765625
2.0000025882352896 2.0000026039215641 1.999999056137892 1.9999992612213922 0.0009765625
2.0000026039215641 2.0000026196078386 1.9999990510544003 1.9999992561378919 0.0009765625
2.0000026196078386 2.0000026352941132 1.9999990459709025 1.9999992510544002 0.0009765625
2.0000026352941132 2.0000026509803877 1.9999990408874069 1.9999992459709024 0.0009765625
2.0000026509803877 2.0000026666666622 1.9999990358039164 1.9999992408874068 0.0009765625
2.0000026666666622 2.0000026823529367 1.9999990307208579 1.9999992358043543 0.0009765625
2.0000026823529367 2.0000026980392112 1.9999990256369224 1.9999992307204235 0.0009765625
2.0000026980392112 2.0000027137254857 1.9999990205534308 1.9999992256369223 0.0009765625
2.0000027137254857 2.0000027294117602 1.9999990154699379 1.9999992205534307 0.0009765625
2.0000027294117602 2.0000027450980347 1.9999990103864371 1.9999992154699378 0.0009765625
2.0000027450980347 2.0000027607843092 1.9999990053029586 1.999999210386437 0.0009765625
2.0000027607843092 2.0000027764705837 1.999999000219453 1.9999992053029585 0.0009765625
2.0000027764705837 2.0000027921568582 1.9999989951359622 1.9999992002194529 0.0009765625
2.0000027921568582 2.0000028078431327 1.999998990052464 1.9999991951359621 0.0009765625
2.0000028078431327 2.0000028235294072 1.9999989849689719 1.9999991900524638 0.0009765625
2.0000028235294072 2.0000028392156817 1.9999989798854845 1.9999991849689718 0.0009765625
2.0000028392156817 2.0000028549019562 1.999998974801988 1.9999991798854844 0.0009765625
2.0000028549019562 2.0000028705882307 1.9999989697184921 1.9999991748019879 0.0009765625
2.0000028705882307 2.0000028862745052 1.9999989646350018 1.999999169718492 0.0009765625
2.0000028862745052 2.0000029019607797 1.9999989595515069 1.9999991646350017 0.0009765625
2.0000029019607797 2.0000029176470542 1.9999989544680159 1.9999991595515068 0.0009765625
2.0000029176470542 2.0000029333333282 1.9999989493845256 1.9999991544680158 0.0009765625
2.0000029333333282 2.0000029490196027 1.9999989443010353 1.9999991493845255 0.0009765625
2.0000029490196027 2.0000029647058772 1.9999989392175377 1.9999991443010352 0.0009765625
2.0000029647058772 2.0000029803921517 1.9999989341340434 1.9999991392175376 0.0009765625
2.0000029803921517 2.0000029960784262 1.9999989290505511 1.9999991341340433 0.0009765625
2.0000029960784262 2.0000030117647007 1.999998923967069 1.999999129050551 0.0009765625
2.0000030117647007 2.0000030274509752 1.9999989188835714 1.9999991239670689 0.0009765625
2.0000030274509752 2.0000030431372497 1.9999989138000767 1.9999991188835713 0.0009765625
2.0000030431372497 2.0000030588235242 1.9999989087165928 1.9999991138000766 0.0009765625
2.0000030588235242 2.0000030745097988 1.9999989036330998 1.9999991087165927 0.0009765625
2.0000030745097988 2.0000030901960733 1.9999988985496031 1.9999991036330997 0.0009765625
2.0000030901960733 2.0000031058823478 1.9999988934661139 1.999999098549603 0.0009765625
2.0000031058823478 2.0000031215686223 1.999998888382621 1.9999990934661138 0.0009765625
2.0000031215686223 2.0000031372548968 1.9999988832991356 1.9999990883826209 0.0009765625
2.0000031372548968 2.0000031529411713 1.9999988782156388 1.9999990832991354 0.0009765625
2.0000031529411713 2.0000031686274458 1.9999988731321452 1.9999990782156387 0.0009765625
2.0000031686274458 2.0000031843137203 1.9999988680486651 1.9999990731321451 0.0009765625
2.0000031843137203 2.0000031999999948 1.9999988629651679 1.999999068048665 0.0009765625
2.0000031999999948 2.0000032313725438 1.9999988527986234 1.999999062965607 0.0009765625
2.0000032313725438 2.0000032627450928 1.9999988426312101 1.9999990527981921 0.0009765625
2.0000032627450928 2.0000032941176418 1.9999988324642268 1.99999904263121 0.0009765625
2.0000032941176418 2.0000033254901908 1.9999988222972542 1.9999990324642267 0.0009765625
2.0000033254901908 2.0000033568627398 1.9999988121302663 1.9999990222972541 0.0009765625
2.0000033568627398 2.0000033882352883 1.9999988019632897 1.9999990121302662 0.0009765625
2.0000033882352883 2.0000034196078373 1.9999987917963129 1.9999990019632896 0.0009765625
2.0000034196078373 2.0000034509803863 1.9999987816293314 1.9999989917963128 0.0009765625
2.0000034509803863 2.0000034823529353 1.9999987714623542 1.9999989816293313 0.0009765625
2.0000034823529353 2.0000035137254843 1.9999987612953825 1.9999989714623541 0.0009765625
2.0000035137254843 2.0000035450980334 1.9999987511284012 1.9999989612953823 0.0009765625
2.0000035450980334 2.0000035764705824 1.9999987409614286 1.9999989511284011 0.0009765625
2.0000035764705824 2.0000036078431314 1.9999987307944664 1.9999989409614285 0.0009765625
2.0000036078431314 2.0000036392156804 1.9999987206274772 1.9999989307944663 0.0009765625
2.0000036392156804 2.0000036705882294 1.9999987104605077 1.9999989206274771 0.0009765625
2.0000036705882294 2.0000037019607784 1.9999987002935273 1.9999989104605076 0.0009765625
2.0000037019607784 2.0000037333333269 1.999998690126563 1.9999989002935272 0.0009765625
2.0000037333333269 2.0000037647058759 1.999998679959581 1.9999988901265628 0.0009765625
2.0000037647058759 2.0000037960784249 1.9999986697926151 1.9999988799595809 0.0009765625
2.0000037960784249 2.0000038274509739 1.9999986596256452 1.999998869792615 0.0009765625
2.0000038274509739 2.0000038588235229 1.9999986494586668 1.9999988596256451 0.0009765625
2.0000038588235229 2.0000038901960719 1.999998639291702 1.9999988494586667 0.0009765625
2.0000038901960719 2.0000039215686209 1.9999986291247269 1.9999988392917019 0.0009765625
2.0000039215686209 2.0000039529411699 1.9999986189577617 1.9999988291247268 0.0009765625
2.0000039529411699 2.000003984313719 1.9999986087907882 1.9999988189577615 0.0009765625
2.000003984313719 2.000004015686268 1.9999985986238167 1.9999988087907881 0.0009765625
2.000004015686268 2.000004047058817 1.9999985884568534 1.9999987986238166 0.0009765625
2.000004047058817 2.000004078431366 1.9999985782898821 1.9999987884568533 0.0009765625
2.000004078431366 2.0000041098039145 1.99999856812292 1.999998778289882 0.0009765625
2.0000041098039145 2.0000041411764635 1.9999985579559481 1.9999987681229199 0.0009765625
2.0000041411764635 2.0000041725490125 1.9999985477889788 1.9999987579559479 0.0009765625
2.0000041725490125 2.0000042039215615 1.9999985376220191 1.9999987477889787 0.0009765625
2.0000042039215615 2.0000042352941105 1.9999985274550527 1.999998737622019 0.0009765625
2.0000042352941105 2.0000042666666595 1.9999985172880796 1.9999987274550526 0.0009765625
2.0000042666666595 2.0000042980392085 1.9999985071215662 1.9999987172885294 0.0009765625
2.0000042980392085 2.0000043294117575 1.9999984969541593 1.9999987071211272 0.0009765625
2.0000043294117575 2.0000043607843065 1.9999984867871945 1.9999986969541592 0.0009765625
2.0000043607843065 2.0000043921568555 1.9999984766202346 1.9999986867871944 0.0009765625
2.0000043921568555 2.0000044235294046 1.9999984664532706 1.9999986766202345 0.0009765625
2.0000044235294046 2.0000044549019536 1.9999984562863014 1.9999986664532705 0.0009765625
2.0000044549019536 2.0000044862745026 1.9999984461193459 1.9999986562863012 0.0009765625
2.0000044862745026 2.0000045176470516 1.9999984359523837 1.9999986461193457 0.0009765625
2.0000045176470516 2.0000045490196001 1.9999984257854238 1.9999986359523836 0.0009765625
2.0000045490196001 2.0000045803921491 1.9999984156184645 1.9999986257854236 0.0009765625
2.0000045803921491 2.0000046117646981 1.9999984054515063 1.9999986156184644 0.0009765625
2.0000046117646981 2.0000046431372471 1.9999983952845442 1.9999986054515062 0.0009765625
2.0000046431372471 2.0000046745097961 1.9999983851175824 1.999998595284544 0.0009765625
2.0000046745097961 2.0000047058823451 1.9999983749506305 1.9999985851175823 0.0009765625
2.0000047058823451 2.0000047372548941 1.9999983647836683 1.9999985749506304 0.0009765625
2.0000047372548941 2.0000047686274431 1.9999983546167108 1.9999985647836682 0.0009765625
2.0000047686274431 2.0000047999999921 1.9999983444497638 1.9999985546167107 0.0009765625
2.0000047999999921 2.0000048313725411 1.9999983342828012 1.9999985444497637 0.0009765625
2.0000048313725411 2.0000048627450902 1.9999983241158446 1.9999985342828011 0.0009765625
2.0000048627450902 2.0000048941176392 1.9999983139488848 1.9999985241158444 0.0009765625
2.0000048941176392 2.0000049254901882 1.9999983037819284 1.9999985139488847 0.0009765625
2.0000049254901882 2.0000049568627372 1.9999982936149756 1.9999985037819283 0.0009765625
2.0000049568627372 2.0000049882352862 1.999998283448027 1.9999984936149755 0.0009765625
2.0000049882352862 2.0000050196078352 1.9999982732810635 1.9999984834480269 0.0009765625
2.0000050196078352 2.0000050509803842 1.9999982631141191 1.9999984732810634 0.0009765625
2.0000050509803842 2.0000050823529327 1.99999825294716 1.999998463114119 0.0009765625
2.0000050823529327 2.0000051137254817 1.9999982427802219 1.9999984529471599 0.0009765625
2.0000051137254817 2.0000051450980307 1.9999982326132604 1.9999984427802218 0.0009765625
2.0000051450980307 2.0000051764705797 1.9999982224463055 1.9999984326132603 0.0009765625
2.0000051764705797 2.0000052078431287 1.999998212279356 1.9999984224463054 0.0009765625
2.0000052078431287 2.0000052392156777 1.9999982021124059 1.9999984122793559 0.0009765625
2.0000052392156777 2.0000052705882267 1.9999981919454597 1.9999984021124058 0.0009765625
2.0000052705882267 2.0000053019607757 1.9999981817785082 1.9999983919454596 0.0009765625
2.0000053019607757 2.0000053333333248 1.9999981716115596 1.9999983817785081 0.0009765625
2.0000053333333248 2.0000053647058738 1.9999981614450522 1.9999983716119989 0.0009765625
2.0000053647058738 2.0000053960784228 1.999998151277669 1.9999983614446146 0.0009765625
2.0000053960784228 2.0000054274509718 1.9999981411107144 1.9999983512776689 0.0009765625
2.0000054274509718 2.0000054588235208 1.999998130943768 1.9999983411107143 0.0009765625
2.0000054588235208 2.0000054901960698 1.9999981207768234 1.9999983309437679 0.0009765625
2.0000054901960698 2.0000055215686183 1.9999981106098728 1.9999983207768233 0.0009765625
2.0000055215686183 2.0000055529411673 1.9999981004429335 1.9999983106098727 0.0009765625
2.0000055529411673 2.0000055843137163 1.999998090275982 1.9999983004429334 0.0009765625
2.0000055843137163 2.0000056156862653 1.9999980801090411 1.9999982902759819 0.0009765625
2.0000056156862653 2.0000056470588143 1.9999980699420949 1.999998280109041 0.0009765625
2.0000056470588143 2.0000056784313633 1.9999980597751514 1.9999982699420948 0.0009765625
2.0000056784313633 2.0000057098039123 1.999998049608205 1.9999982597751513 0.0009765625
2.0000057098039123 2.0000057411764613 1.9999980394412644 1.9999982496082049 0.0009765625
2.0000057411764613 2.0000057725490104 1.9999980292743205 1.9999982394412643 0.0009765625
2.0000057725490104 2.0000058039215594 1.9999980191073894 1.9999982292743204 0.0009765625
2.0000058039215594 2.0000058352941084 1.9999980089404374 1.9999982191073893 0.0009765625
2.0000058352941084 2.0000058666666574 1.9999979987734962 1.9999982089404373 0.0009765625
2.0000058666666574 2.0000058980392059 1.999997988606562 1.999998198773496 0.0009765625
2.0000058980392059 2.0000059294117549 1.999997978439622 1.9999981886065619 0.0009765625
2.0000059294117549 2.0000059607843039 1.9999979682726794 1.9999981784396219 0.0009765625
2.0000059607843039 2.0000059921568529 1.9999979581057461 1.9999981682726793 0.0009765625
2.0000059921568529 2.0000060235294019 1.9999979479388024 1.999998158105746 0.0009765625
2.0000060235294019 2.0000060549019509 1.9999979377718748 1.9999981479388023 0.0009765625
2.0000060549019509 2.0000060862744999 1.999997927604936 1.9999981377718747 0.0009765625
2.0000060862744999 2.0000061176470489 1.9999979174379912 1.9999981276049359 0.0009765625
2.0000061176470489 2.0000061490195979 1.9999979072710496 1.9999981174379911 0.0009765625
2.0000061490195979 2.0000061803921469 1.9999978971041208 1.9999981072710495 0.0009765625
2.0000061803921469 2.000006211764696 1.9999978869371786 1.9999980971041207 0.0009765625
2.000006211764696 2.0000062431372445 1.999997876770244 1.9999980869371785 0.0009765625
2.0000062431372445 2.0000062745097935 1.9999978666033127 1.9999980767702439 0.0009765625
2.0000062745097935 2.0000063058823425 1.9999978564363738 1.9999980666033126 0.0009765625
2.0000063058823425 2.0000063372548915 1.9999978462694461 1.9999980564363737 0.0009765625
2.0000063372548915 2.0000063686274405 1.9999978361025093 1.999998046269446 0.0009765625
2.0000063686274405 2.0000063999999895 1.9999978259355837 1.9999980361025091 0.0009765625
2.0000063999999895 2.0000064627450875 1.9999978056021601 1.9999980259360244 0.0009765625
2.0000064627450875 2.0000065254901855 1.9999977852678577 1.999998005601717 0.0009765625
2.0000065254901855 2.0000065882352835 1.9999977649339966 1.9999979852678575 0.0009765625
2.0000065882352835 2.0000066509803811 1.9999977446001376 1.9999979649339965 0.0009765625
2.0000066509803811 2.0000067137254791 1.9999977242662779 1.9999979446001375 0.0009765625
2.0000067137254791 2.0000067764705771 1.9999977039324286 1.9999979242662778 0.0009765625
2.0000067764705771 2.0000068392156751 1.9999976835985749 1.9999979039324285 0.0009765625
2.0000068392156751 2.0000069019607731 1.9999976632647298 1.9999978835985748 0.0009765625
2.0000069019607731 2.0000069647058711 1.9999976429308712 1.9999978632647297 0.0009765625
2.0000069647058711 2.0000070274509691 1.9999976225970268 1.9999978429308711 0.0009765625
2.0000070274509691 2.0000070901960667 1.9999976022631858 1.9999978225970267 0.0009765625
2.0000070901960667 2.0000071529411647 1.9999975819293374 1.9999978022631857 0.0009765625
2.0000071529411647 2.0000072156862627 1.9999975615955041 1.9999977819293373 0.0009765625
2.0000072156862627 2.0000072784313607 1.9999975412616595 1.999997761595504 0.0009765625
2.0000072784313607 2.0000073411764587 1.9999975209278256 1.9999977412616594 0.0009765625
2.0000073411764587 2.0000074039215567 1.9999975005939952 1.9999977209278255 0.0009765625
2.0000074039215567 2.0000074666666547 1.999997480260155 1.9999977005939951 0.0009765625
2.0000074666666547 2.0000075294117523 1.9999965599263232 1.999998580260155 0.0009765625
2.0000075294117523 2.0000075921568503 1.9999965395925068 1.9999985599263232 0.0009765625
2.0000075921568503 2.0000076549019483 1.9999965192586682 1.9999985395925068 0.0009765625
2.0000076549019483 2.0000077176470463 1.9999964989248378 1.9999985192586682 0.0009765625
2.0000077176470463 2.0000077803921443 1.999996478591018 1.9999984989248378 0.0009765625
2.0000077803921443 2.0000078431372423 1.9999964582571983 1.9999984785910181 0.0009765625
2.0000078431372423 2.0000079058823399 1.9999964379233768 1.9999984582571984 0.0009765625
2.0000079058823399 2.0000079686274379 1.9999964175895533 1.9999984379233768 0.0009765625
2.0000079686274379 2.0000080313725359 1.9999963972557475 1.9999984175895533 0.0009765625
2.0000080313725359 2.0000080941176339 1.9999963769219313 1.9999983972557476 0.0009765625
2.0000080941176339 2.0000081568627319 1.9999963565881211 1.9999983769219314 0.0009765625
2.0000081568627319 2.0000082196078299 1.9999963362543096 1.9999983565881212 0.0009765625
2.0000082196078299 2.0000082823529279 1.9999963159204952 1.9999983362543097 0.0009765625
2.0000082823529279 2.0000083450980255 1.9999962955866932 1.9999983159204953 0.0009765625
2.0000083450980255 2.0000084078431235 1.9999962752528839 1.9999982955866933 0.0009765625
2.0000084078431235 2.0000084705882215 1.9999962549190811 1.999998275252884 0.0009765625
2.0000084705882215 2.0000085333333195 1.9999962345852862 1.9999982549190811 0.0009765625
2.0000085333333195 2.0000085960784175 1.999996214251927 1.9999982345857223 0.0009765625
2.0000085960784175 2.0000086588235155 1.9999961939176838 1.9999982142514852 0.0009765625
2.0000086588235155 2.0000087215686131 1.999996173583894 1.9999981939176839 0.0009765625
2.0000087215686131 2.0000087843137111 1.9999961532500998 1.9999981735838941 0.0009765625
2.0000087843137111 2.0000088470588091 1.9999961329163127 1.9999981532500999 0.0009765625
2.0000088470588091 2.0000089098039071 1.9999961125825194 1.9999981329163128 0.0009765625
2.0000089098039071 2.0000089725490051 1.9999960922487325 1.9999981125825195 0.0009765625
2.0000089725490051 2.0000090352941031 1.9999960719149501 1.9999980922487326 0.0009765625
2.0000090352941031 2.0000090980392007 1.9999960515811575 1.9999980719149502 0.0009765625
2.0000090980392007 2.0000091607842987 1.9999960312473797 1.9999980515811575 0.0009765625
2.0000091607842987 2.0000092235293967 1.9999960109135968 1.9999980312473797 0.0009765625
2.0000092235293967 2.0000092862744947 1.9999959905798228 1.9999980109135969 0.0009765625
2.0000092862744947 2.0000093490195927 1.999995970246049 1.9999979905798229 0.0009765625
2.0000093490195927 2.0000094117646907 1.9999959499122728 1.9999979702460491 0.0009765625
2.0000094117646907 2.0000094745097883 1.9999959295785057 1.9999979499122729 0.0009765625
2.0000094745097883 2.0000095372548863 1.999995909244729 1.9999979295785058 0.0009765625
2.0000095372548863 2.0000095999999843 1.9999958889109568 1.9999979092447291 0.0009765625
2.0000095999999843 2.0000096627450823 1.9999958685771952 1.9999978889109569 0.0009765625
2.0000096627450823 2.0000097254901803 1.9999958482434321 1.9999978685771953 0.0009765625
2.0000097254901803 2.0000097882352779 1.9999958279096695 1.9999978482434322 0.0009765625
2.0000097882352779 2.0000098509803759 1.9999958075759132 1.9999978279096695 0.0009765625
2.0000098509803759 2.0000099137254739 1.9999957872421457 1.9999978075759133 0.0009765625
2.0000099137254739 2.0000099764705719 1.9999957669083901 1.9999977872421457 0.0009765625
2.0000099764705719 2.0000100392156699 1.9999957465746383 1.9999977669083902 0.0009765625
2.0000100392156699 2.0000101019607679 1.999995726240885 1.9999977465746384 0.0009765625
2.0000101019607679 2.0000101647058655 1.9999957059071278 1.999997726240885 0.0009765625
2.0000101647058655 2.0000102274509635 1.9999956855733816 1.9999977059071279 0.0009765625
2.0000102274509635 2.0000102901960615 1.9999956652396347 1.9999976855733816 0.0009765625
2.0000102901960615 2.0000103529411595 1.9999956449058884 1.9999976652396347 0.0009765625
2.0000103529411595 2.0000104156862575 1.999995624572146 1.9999976449058885 0.0009765625
2.0000104156862575 2.0000104784313555 1.9999956042384031 1.999997624572146 0.0009765625
2.0000104784313555 2.000010541176453 1.9999955839046657 1.9999976042384031 0.0009765625
2.000010541176453 2.0000106039215511 1.9999955635709203 1.9999975839046658 0.0009765625
2.0000106039215511 2.0000106666666491 1.9999955432371948 1.9999975635709204 0.0009765625
2.0000106666666491 2.0000107294117471 1.999995522903901 1.9999975432376316 0.0009765625
2.0000107294117471 2.0000107921568451 1.9999955025697311 1.9999975229034617 0.0009765625
2.0000107921568451 2.0000108549019431 1.9999954822359991 1.9999975025697312 0.0009765625
2.0000108549019431 2.0000109176470406 1.9999954619022662 1.9999974822359992 0.0009765625
2.0000109176470406 2.0000109803921386 1.9999954415685377 1.9999974619022662 0.0009765625
2.0000109803921386 2.0000110431372367 1.9999954212348148 1.9999974415685378 0.0009765625
2.0000110431372367 2.0000111058823347 1.9999954009010947 1.9999974212348148 0.0009765625
2.0000111058823347 2.0000111686274327 1.9999953805673745 1.9999974009010948 0.0009765625
2.0000111686274327 2.0000112313725307 1.9999953602336578 1.9999973805673745 0.0009765625
2.0000112313725307 2.0000112941176287 1.999995339899945 1.9999973602336578 0.0009765625
2.0000112941176287 2.0000113568627262 1.999995319566227 1.9999973398999451 0.0009765625
2.0000113568627262 2.0000114196078242 1.9999952992325145 1.9999973195662271 0.0009765625
2.0000114196078242 2.0000114823529223 1.9999952788988 1.9999972992325146 0.0009765625
2.0000114823529223 2.0000115450980203 1.9999952585650911 1.9999972788988001 0.0009765625
2.0000115450980203 2.0000116078431183 1.9999952382313861 1.9999972585650911 0.0009765625
2.0000116078431183 2.0000116705882163 1.9999952178976736 1.9999972382313862 0.0009765625
2.0000116705882163 2.0000117333333138 1.9999951975639791 1.9999972178976737 0.0009765625
2.0000117333333138 2.0000117960784118 1.9999951772302702 1.9999971975639792 0.0009765625
2.0000117960784118 2.0000118588235098 1.9999951568965759 1.9999971772302703 0.0009765625
2.0000118588235098 2.0000119215686079 1.9999951365628716 1.999997156896576 0.0009765625
2.0000119215686079 2.0000119843137059 1.9999951162291796 1.9999971365628717 0.0009765625
2.0000119843137059 2.0000120470588039 1.9999950958954871 1.9999971162291796 0.0009765625
2.0000120470588039 2.0000121098039019 1.9999950755617957 1.9999970958954871 0.0009765625
2.0000121098039019 2.0000121725489994 1.9999950552281038 1.9999970755617957 0.0009765625
2.0000121725489994 2.0000122352940974 1.9999950348944173 1.9999970552281039 0.0009765625
2.0000122352940974 2.0000122980391954 1.9999950145607353 1.9999970348944174 0.0009765625
2.0000122980391954 2.0000123607842935 1.9999949942270454 1.9999970145607353 0.0009765625
2.0000123607842935 2.0000124235293915 1.9999949738933636 1.9999969942270455 0.0009765625
2.0000124235293915 2.0000124862744895 1.9999949535596893 1.9999969738933636 0.0009765625
2.0000124862744895 2.0000125490195875 1.9999949332260054 1.9999969535596893 0.0009765625
2.0000125490195875 2.000012611764685 1.9999949128923256 1.9999969332260055 0.0009765625
2.000012611764685 2.000012674509783 1.9999948925586497 1.9999969128923256 0.0009765625
2.000012674509783 2.000012737254881 1.9999948722249841 1.9999968925586498 0.0009765625
2.000012737254881 2.0000127999999791 1.9999948518913069 1.9999968722249841 0.0009765625
2.0000127999999791 2.0000129254901751 1.9999948112244061 1.9999968518917541 0.0009765625
2.0000129254901751 2.0000130509803706 1.9999947705566394 1.9999968112239757 0.0009765625
2.0000130509803706 2.0000131764705666 1.9999947298893275 1.9999967705566395 0.0009765625
2.0000131764705666 2.0000133019607627 1.9999946892220097 1.9999967298893275 0.0009765625
2.0000133019607627 2.0000134274509582 1.9999946485547075 1.9999966892220098 0.0009765625
2.0000134274509582 2.0000135529411542 1.9999946078874067 1.9999966485547076 0.0009765625
2.0000135529411542 2.0000136784313503 1.9999945672201098 1.9999966078874067 0.0009765625
2.0000136784313503 2.0000138039215458 1.9999945265528287 1.9999965672201099 0.0009765625
2.0000138039215458 2.0000139294117418 1.9999944858855527 1.9999965265528288 0.0009765625
2.0000139294117418 2.0000140549019378 1.9999944452182872 1.9999964858855528 0.0009765625
2.0000140549019378 2.0000141803921334 1.9999944045510318 1.9999964452182872 0.0009765625
2.0000141803921334 2.0000143058823294 1.9999943638837767 1.9999964045510319 0.0009765625
2.0000143058823294 2.0000144313725254 1.9999943232165363 1.9999963638837768 0.0009765625
2.0000144313725254 2.000014556862721 1.9999942825492967 1.9999963232165363 0.0009765625
2.000014556862721 2.000014682352917 1.9999942418820642 1.9999962825492967 0.0009765625
2.000014682352917 2.000014807843113 1.999994201214855 1.9999962418820643 0.0009765625
2.000014807843113 2.0000149333333086 1.9999941605476319 1.9999962012148551 0.0009765625
2.0000149333333086 2.0000150588235046 1.9999941198804296 1.999996160547632 0.0009765625
2.0000150588235046 2.0000151843137006 1.999994079213224 1.9999961198804297 0.0009765625
2.0000151843137006 2.0000153098038966 1.9999940385460291 1.9999960792132241 0.0009765625
2.0000153098038966 2.0000154352940922 1.9999939978788515 1.9999960385460291 0.0009765625
2.0000154352940922 2.0000155607842882 1.9999939572116716 1.9999959978788515 0.0009765625
2.0000155607842882 2.0000156862744842 1.9999939165445082 1.9999959572116717 0.0009765625
2.0000156862744842 2.0000158117646798 1.9999938758773417 1.9999959165445083 0.0009765625
2.0000158117646798 2.0000159372548758 1.9999938352101989 1.9999958758773417 0.0009765625
2.0000159372548758 2.0000160627450718 1.9999937945430495 1.999995835210199 0.0009765625
2.0000160627450718 2.0000161882352674 1.9999937538759114 1.9999957945430495 0.0009765625
2.0000161882352674 2.0000163137254634 1.9999937132087804 1.9999957538759114 0.0009765625
2.0000163137254634 2.0000164392156594 1.9999936725416541 1.9999957132087804 0.0009765625
2.0000164392156594 2.000016564705855 1.9999936318745484 1.9999956725416541 0.0009765625
2.000016564705855 2.000016690196051 1.9999935912074394 1.9999956318745484 0.0009765625
2.000016690196051 2.000016815686247 1.9999935505403426 1.9999955912074394 0.0009765625
2.000016815686247 2.0000169411764426 1.99999350987325 1.9999955505403426 0.0009765625
2.0000169411764426 2.0000170666666386 1.9999934692061605 1.99999550987325 0.0009765625
2.0000170666666386 2.0000171921568346 1.9999934285395187 1.999995469206594 0.0009765625
2.0000171921568346 2.0000173176470302 1.9999933878720164 1.9999954285390826 0.0009765625
2.0000173176470302 2.0000174431372262 1.999993347204956 1.9999953878720165 0.0009765625
2.0000174431372262 2.0000175686274222 1.9999933065379059 1.9999953472049561 0.0009765625
2.0000175686274222 2.0000176941176182 1.9999932658708499 1.9999953065379059 0.0009765625
2.0000176941176182 2.0000178196078138 1.9999932252038188 1.99999526587085 0.0009765625
2.0000178196078138 2.0000179450980098 1.9999931845367918 1.9999952252038189 0.0009765625
2.0000179450980098 2.0000180705882058 1.99999314386977 1.9999951845367918 0.0009765625
2.0000180705882058 2.0000181960784014 1.9999931032027427 1.9999951438697701 0.0009765625
2.0000181960784014 2.0000183215685974 1.9999930625357349 1.9999951032027428 0.0009765625
2.0000183215685974 2.0000184470587934 1.9999930218687465 1.999995062535735 0.0009765625
2.0000184470587934 2.000018572548989 1.9999929812017487 1.9999950218687466 0.0009765625
2.000018572548989 2.000018698039185 1.9999929405347661 1.9999949812017488 0.0009765625
2.000018698039185 2.000018823529381 1.9999928998677865 1.9999949405347661 0.0009765625
2.000018823529381 2.000018949019577 1.9999928592008183 1.9999948998677866 0.0009765625
2.000018949019577 2.0000190745097726 1.9999928185338478 1.9999948592008183 0.0009765625
2.0000190745097726 2.0000191999999686 1.9999927778669013 1.9999948185338479 0.0009765625
2.0000191999999686 2.0000193254901646 1.9999927371999577 1.9999947778669014 0.0009765625
2.0000193254901646 2.0000194509803602 1.9999926965330055 1.9999947371999578 0.0009765625
2.0000194509803602 2.0000195764705562 1.9999926558660803 1.9999946965330055 0.0009765625
2.0000195764705562 2.0000197019607522 1.9999926151991512 1.9999946558660804 0.0009765625
2.0000197019607522 2.0000198274509482 1.9999925745322431 1.9999946151991512 0.0009765625
2.0000198274509482 2.0000199529411438 1.9999925338653306 1.9999945745322432 0.0009765625
2.0000199529411438 2.0000200784313398 1.9999924931984321 1.9999945338653307 0.0009765625
2.0000200784313398 2.0000202039215358 1.9999924525315387 1.9999944931984321 0.0009765625
2.0000202039215358 2.0000203294117314 1.9999924118646528 1.9999944525315387 0.0009765625
2.0000203294117314 2.0000204549019274 1.9999923711977807 1.9999944118646529 0.0009765625
2.0000204549019274 2.0000205803921234 1.9999923305309117 1.9999943711977808 0.0009765625
2.0000205803921234 2.0000207058823189 1.9999922898640401 1.9999943305309118 0.0009765625
2.0000207058823189 2.000020831372515 1.9999922491971864 1.9999942898640402 0.0009765625
2.000020831372515 2.000020956862711 1.9999922085303459 1.9999942491971865 0.0009765625
2.000020956862711 2.000021082352907 1.9999921678634973 1.9999942085303459 0.0009765625
2.000021082352907 2.0000212078431026 1.9999921271966652 1.9999941678634974 0.0009765625
2.0000212078431026 2.0000213333332986 1.9999920865298491 1.9999941271966653 0.0009765625
2.0000213333332986 2.0000214588234946 1.9999920458634668 1.9999940865302801 0.0009765625
2.0000214588234946 2.0000215843136901 1.9999920051962168 1.9999940458630225 0.0009765625
2.0000215843136901 2.0000217098038862 1.9999919645294246 1.9999940051962168 0.0009765625
2.0000217098038862 2.0000218352940822 1.9999919238626267 1.9999939645294247 0.0009765625
2.0000218352940822 2.0000219607842777 1.9999918831958343 1.9999939238626268 0.0009765625
2.0000219607842777 2.0000220862744738 1.9999918425290628 1.9999938831958344 0.0009765625
2.0000220862744738 2.0000222117646698 1.9999918018622873 1.9999938425290629 0.0009765625
2.0000222117646698 2.0000223372548653 1.9999917611955202 1.9999938018622874 0.0009765625
2.0000223372548653 2.0000224627450613 1.9999917205287723 1.9999937611955203 0.0009765625
2.0000224627450613 2.0000225882352574 1.9999916798620196 1.9999937205287723 0.0009765625
2.0000225882352574 2.0000227137254529 1.9999916391952794 1.9999936798620197 0.0009765625
2.0000227137254529 2.0000228392156489 1.9999915985285497 1.9999936391952795 0.0009765625
2.0000228392156489 2.000022964705845 1.9999915578618204 1.9999935985285497 0.0009765625
2.000022964705845 2.0000230901960405 1.9999915171950988 1.9999935578618204 0.0009765625
2.0000230901960405 2.0000232156862365 1.999991476528399 1.9999935171950989 0.0009765625
2.0000232156862365 2.0000233411764325 1.9999914358616873 1.9999934765283991 0.0009765625
2.0000233411764325 2.0000234666666286 1.9999913951950019 1.9999934358616873 0.0009765625
2.0000234666666286 2.0000235921568241 1.999991354528309 1.999993395195002 0.0009765625
2.0000235921568241 2.0000237176470201 1.9999913138616319 1.9999933545283091 0.0009765625
2.0000237176470201 2.0000238431372162 1.9999912731949581 1.9999933138616319 0.0009765625
2.0000238431372162 2.0000239686274117 1.9999912325282918 1.9999932731949581 0.0009765625
2.0000239686274117 2.0000240941176077 1.9999911918616362 1.9999932325282919 0.0009765625
2.0000240941176077 2.0000242196078037 1.9999911511949855 1.9999931918616363 0.0009765625
2.0000242196078037 2.0000243450979993 1.9999911105283406 1.9999931511949856 0.0009765625
2.0000243450979993 2.0000244705881953 1.9999910698617169 1.9999931105283406 0.0009765625
2.0000244705881953 2.0000245960783913 1.9999910291950835 1.999993069861717 0.0009765625
2.0000245960783913 2.0000247215685869 1.9999909885284743 1.9999930291950836 0.0009765625
2.0000247215685869 2.0000248470587829 1.9999909478618607 1.9999929885284744 0.0009765625
2.0000248470587829 2.0000249725489789 1.999990907195254 1.9999929478618608 0.0009765625
2.0000249725489789 2.0000250980391745 1.9999908665286614 1.999992907195254 0.0009765625
2.0000250980391745 2.0000252235293705 1.9999908258620738 1.9999928665286615 0.0009765625
2.0000252235293705 2.0000253490195665 1.9999907851954912 1.9999928258620738 0.0009765625
2.0000253490195665 2.0000254745097621 1.9999907445289213 1.9999927851954913 0.0009765625
2.0000254745097621 2.0000255999999581 1.9999907038623583 1.9999927445289214 0.0009765625
2.0000255999999581 2.0000258509803497 1.9999906225296911 1.9999927038627907 0.0009765625
2.0000258509803497 2.0000261019607417 1.999990541196172 1.9999926225292521 0.0009765625
2.0000261019607417 2.0000263529411333 1.9999904598631231 1.9999925411961721 0.0009765625
2.0000263529411333 2.0000266039215253 1.9999903785301065 1.9999924598631231 0.0009765625
2.0000266039215253 2.0000268549019169 1.9999902971971271 1.9999923785301066 0.0009765625
2.0000268549019169 2.0000271058823085 1.9999902158641736 1.9999922971971271 0.0009765625
2.0000271058823085 2.0000273568627005 1.9999901345312503 1.9999922158641736 0.0009765625
2.0000273568627005 2.0000276078430921 1.999990053198365 1.9999921345312504 0.0009765625
2.0000276078430921 2.0000278588234837 1.999989971865497 1.999992053198365 0.0009765625
2.0000278588234837 2.0000281098038757 1.9999898905326641 1.999991971865497 0.0009765625
2.0000281098038757 2.0000283607842673 1.9999898091998616 1.9999918905326641 0.0009765625
2.0000283607842673 2.0000286117646593 1.9999897278670857 1.9999918091998616 0.0009765625
2.0000286117646593 2.0000288627450509 1.9999896465343547 1.9999917278670858 0.0009765625
2.0000288627450509 2.0000291137254425 1.9999895652016435 1.9999916465343548 0.0009765625
2.0000291137254425 2.0000293647058345 1.9999894838689602 1.9999915652016436 0.0009765625
2.0000293647058345 2.0000296156862261 1.9999894025363136 1.9999914838689603 0.0009765625
2.0000296156862261 2.0000298666666181 1.9999893212036901 1.9999914025363137 0.0009765625
2.0000298666666181 2.0000301176470097 1.999989239871109 1.9999913212036902 0.0009765625
2.0000301176470097 2.0000303686274012 1.9999891585385523 1.999991239871109 0.0009765625
2.0000303686274012 2.0000306196077933 1.9999890772060274 1.9999911585385524 0.0009765625
2.0000306196077933 2.0000308705881849 1.9999889958735257 1.9999910772060274 0.0009765625
2.0000308705881849 2.0000311215685764 1.9999889145410594 1.9999909958735258 0.0009765625
2.0000311215685764 2.0000313725489685 1.9999888332086264 1.9999909145410595 0.0009765625
2.0000313725489685 2.00003162352936 1.9999887518762201 1.9999908332086265 0.0009765625
2.00003162352936 2.0000318745097521 1.999988670543849 1.9999907518762201 0.0009765625
2.0000318745097521 2.0000321254901436 1.9999885892115057 1.999990670543849 0.0009765625
2.0000321254901436 2.0000323764705352 1.9999885078791968 1.9999905892115057 0.0009765625
2.0000323764705352 2.0000326274509272 1.9999884265469081 1.9999905078791969 0.0009765625
2.0000326274509272 2.0000328784313188 1.9999883452146583 1.9999904265469082 0.0009765625
2.0000328784313188 2.0000331294117104 1.9999882638824513 1.9999903452146583 0.0009765625
2.0000331294117104 2.0000333803921024 1.9999881825502581 1.9999902638824514 0.0009765625
2.0000333803921024 2.000033631372494 1.9999881012180933 1.9999901825502582 0.0009765625
2.000033631372494 2.000033882352886 1.9999880198859619 1.9999901012180934 0.0009765625
2.000033882352886 2.0000341333332776 1.9999879385538644 1.9999900198859619 0.0009765625
2.0000341333332776 2.0000343843136692 1.9999878572222263 1.9999899385542985 0.0009765625
2.0000343843136692 2.0000346352940612 1.999987775889756 1.999989857221786 0.0009765625
2.0000346352940612 2.0000348862744528 1.9999876945577462 1.999989775889756 0.0009765625
2.0000348862744528 2.0000351372548444 1.999987613225775 1.9999896945577462 0.0009765625
2.0000351372548444 2.0000353882352364 1.9999875318938209 1.9999896132257751 0.0009765625
2.0000353882352364 2.000035639215628 1.9999874505619077 1.999989531893821 0.0009765625
2.000035639215628 2.0000358901960196 1.999987369230025 1.9999894505619078 0.0009765625
2.0000358901960196 2.0000361411764116 1.999987287898167 1.999989369230025 0.0009765625
2.0000361411764116 2.0000363921568032 1.9999872065663513 1.9999892878981671 0.0009765625
2.0000363921568032 2.0000366431371952 1.9999871252345505 1.9999892065663514 0.0009765625
2.0000366431371952 2.0000368941175868 1.9999870439027949 1.9999891252345505 0.0009765625
2.0000368941175868 2.0000371450979784 1.9999869625710585 1.999989043902795 0.0009765625
2.0000371450979784 2.0000373960783704 1.9999868812393569 1.9999889625710585 0.0009765625
2.0000373960783704 2.000037647058762 1.9999867999076859 1.9999888812393569 0.0009765625
2.000037647058762 2.0000378980391535 1.99998671857605 1.999988799907686 0.0009765625
2.0000378980391535 2.0000381490195456 1.9999866372444361 1.9999887185760501 0.0009765625
2.0000381490195456 2.0000383999999372 1.9999865559128529 1.9999886372444362 0.0009765625
2.0000383999999372 2.0000386509803287 1.9999864745813085 1.999988555912853 0.0009765625
2.0000386509803287 2.0000389019607208 1.9999863932497832 1.9999884745813086 0.0009765625
2.0000389019607208 2.0000391529411123 1.9999863119182975 1.9999883932497833 0.0009765625
2.0000391529411123 2.0000394039215039 1.9999862305868517 1.9999883119182975 0.0009765625
2.0000394039215039 2.0000396549018959 1.999986149255417 1.9999882305868517 0.0009765625
2.0000396549018959 2.0000399058822875 1.9999860679240273 1.999988149255417 0.0009765625
2.0000399058822875 2.0000401568626791 1.9999859865926557 1.9999880679240274 0.0009765625
2.0000401568626791 2.0000404078430711 1.9999859052613189 1.9999879865926558 0.0009765625
2.0000404078430711 2.0000406588234627 1.9999858239300097 1.999987905261319 0.0009765625
2.0000406588234627 2.0000409098038547 1.9999857425987451 1.9999878239300097 0.0009765625
2.0000409098038547 2.0000411607842463 1.999985661267494 1.9999877425987451 0.0009765625
2.0000411607842463 2.0000414117646379 1.9999855799362931 1.9999876612674941 0.0009765625
2.0000414117646379 2.0000416627450299 1.9999854986051051 1.9999875799362932 0.0009765625
2.0000416627450299 2.0000419137254215 1.999985417273962 1.9999874986051052 0.0009765625
2.0000419137254215 2.0000421647058131 1.9999853359428363 1.999987417273962 0.0009765625
2.0000421647058131 2.0000424156862051 1.9999852546117414 1.9999873359428364 0.0009765625
2.0000424156862051 2.0000426666665967 1.9999851732806861 1.9999872546117414 0.0009765625
2.0000426666665967 2.0000429176469883 1.9999850919500897 1.9999871732811241 0.0009765625
2.0000429176469883 2.0000431686273803 1.9999850106186505 1.9999870919496483 0.0009765625
2.0000431686273803 2.0000434196077719 1.9999849292876835 1.9999870106186506 0.0009765625
2.0000434196077719 2.0000436705881639 1.9999848479567426 1.9999869292876835 0.0009765625
2.0000436705881639 2.0000439215685555 1.999984766625845 1.9999868479567426 0.0009765625
2.0000439215685555 2.0000441725489471 1.9999846852949552 1.9999867666258451 0.0009765625
2.0000441725489471 2.0000444235293391 1.9999846039641183 1.9999866852949553 0.0009765625
2.0000444235293391 2.0000446745097307 1.9999845226332984 1.9999866039641183 0.0009765625
2.0000446745097307 2.0000449254901222 1.9999844413025112 1.9999865226332985 0.0009765625
2.0000449254901222 2.0000451764705143 1.9999843599717615 1.9999864413025112 0.0009765625
2.0000451764705143 2.0000454274509059 1.999984278641038 1.9999863599717616 0.0009765625
2.0000454274509059 2.0000456784312979 1.9999841973103438 1.9999862786410381 0.0009765625
2.0000456784312979 2.0000459294116895 1.999984115979681 1.9999861973103439 0.0009765625
2.0000459294116895 2.000046180392081 1.9999840346490467 1.999986115979681 0.0009765625
2.000046180392081 2.0000464313724731 1.9999839533184511 1.9999860346490468 0.0009765625
2.0000464313724731 2.0000466823528646 1.9999838719878751 1.9999859533184512 0.0009765625
2.0000466823528646 2.0000469333332562 1.9999837906573295 1.9999858719878751 0.0009765625
2.0000469333332562 2.0000471843136483 1.9999837093268229 1.9999857906573295 0.0009765625
2.0000471843136483 2.0000474352940398 1.9999836279963439 1.999985709326823 0.0009765625
2.0000474352940398 2.0000476862744319 1.9999835466658926 1.9999856279963439 0.0009765625
2.0000476862744319 2.0000479372548234 1.9999834653354724 1.9999855466658927 0.0009765625
2.0000479372548234 2.000048188235215 1.9999833840050862 1.9999854653354725 0.0009765625
2.000048188235215 2.000048439215607 1.9999833026747282 1.9999853840050863 0.0009765625
2.000048439215607 2.0000486901959986 1.9999832213444042 1.9999853026747283 0.0009765625
2.0000486901959986 2.0000489411763906 1.9999831400141008 1.9999852213444043 0.0009765625
2.0000489411763906 2.0000491921567822 1.9999830586838432 1.9999851400141009 0.0009765625
2.0000491921567822 2.0000494431371738 1.9999829773536038 1.9999850586838432 0.0009765625
2.0000494431371738 2.0000496941175658 1.9999828960234021 1.9999849773536038 0.0009765625
2.0000496941175658 2.0000499450979574 1.9999828146932217 1.9999848960234021 0.0009765625
2.0000499450979574 2.000050196078349 1.9999827333630875 1.9999848146932218 0.0009765625
2.000050196078349 2.000050447058741 1.9999826520329715 1.9999847333630876 0.0009765625
2.000050447058741 2.0000506980391326 1.9999825707028951 1.9999846520329716 0.0009765625
2.0000506980391326 2.0000509490195246 1.9999824893728346 1.9999845707028951 0.0009765625
2.0000509490195246 2.0000511999999162 1.9999824080428137 1.9999844893728347 0.0009765625
2.0000511999999162 2.0000517019606998 1.9999822453832985 1.9999844080432507 0.0009765625
2.0000517019606998 2.000052203921483 1.9999820827230337 1.999984245382854 0.0009765625
2.000052203921483 2.0000527058822666 1.9999819200633284 1.9999840827230337 0.0009765625
2.0000527058822666 2.0000532078430502 1.9999817574037373 1.9999839200633285 0.0009765625
2.0000532078430502 2.0000537098038338 1.9999815947442703 1.9999837574037373 0.0009765625
2.0000537098038338 2.000054211764617 1.9999814320849354 1.9999835947442703 0.0009765625
2.000054211764617 2.0000547137254006 1.9999812694257184 1.9999834320849355 0.0009765625
2.0000547137254006 2.0000552156861842 1.9999811067666204 1.9999832694257185 0.0009765625
2.0000552156861842 2.0000557176469678 1.9999809441076468 1.9999831067666205 0.0009765625
2.0000557176469678 2.0000562196077509 1.9999807814487987 1.9999829441076469 0.0009765625
2.0000562196077509 2.0000567215685345 1.9999806187900671 1.9999827814487987 0.0009765625
2.0000567215685345 2.0000572235293181 1.9999804561314569 1.9999826187900671 0.0009765625
2.0000572235293181 2.0000577254901017 1.9999802934729718 1.999982456131457 0.0009765625
2.0000577254901017 2.0000582274508849 1.9999801308146086 1.9999822934729719 0.0009765625
2.0000582274508849 2.0000587294116685 1.9999799681563648 1.9999821308146086 0.0009765625
2.0000587294116685 2.0000592313724521 1.9999798054982507 1.9999819681563649 0.0009765625
2.0000592313724521 2.0000597333332353 1.9999796428402528 1.9999818054982508 0.0009765625
2.0000597333332353 2.0000602352940189 1.99997948018238 1.9999816428402528 0.0009765625
2.0000602352940189 2.0000607372548025 1.999979317524631 1.9999814801823801 0.0009765625
2.0000607372548025 2.0000612392155861 1.9999791548670016 1.999981317524631 0.0009765625
2.0000612392155861 2.0000617411763693 1.999978992209495 1.9999811548670017 0.0009765625
2.0000617411763693 2.0000622431371529 1.9999788295521033 1.9999809922094951 0.0009765625
2.0000622431371529 2.0000627450979365 1.9999786668948372 1.9999808295521033 0.0009765625
2.0000627450979365 2.0000632470587201 1.9999785042377067 1.9999806668948372 0.0009765625
2.0000632470587201 2.0000637490195032 1.9999783415806793 1.9999805042377068 0.0009765625
2.0000637490195032 2.0000642509802868 1.999978178923786 1.9999803415806794 0.0009765625
2.0000642509802868 2.0000647529410704 1.9999780162670049 1.9999801789237861 0.0009765625
2.0000647529410704 2.0000652549018541 1.999977853610355 1.9999800162670049 0.0009765625
2.0000652549018541 2.0000657568626372 1.9999776909538278 1.999979853610355 0.0009765625
2.0000657568626372 2.0000662588234208 1.999977528297421 1.9999796909538279 0.0009765625
2.0000662588234208 2.0000667607842044 1.9999773656411379 1.9999795282974211 0.0009765625
2.0000667607842044 2.000067262744988 1.9999772029849692 1.999979365641138 0.0009765625
2.000067262744988 2.0000677647057712 1.9999770403289279 1.9999792029849692 0.0009765625
2.0000677647057712 2.0000682666665548 1.9999768776730031 1.9999790403289279 0.0009765625
2.0000682666665548 2.0000687686273384 1.9999767150176473 1.9999788776734464 0.0009765625
2.0000687686273384 2.000069270588122 1.9999765523615332 1.9999787150172106 0.0009765625
2.000069270588122 2.0000697725489052 1.9999763897059821 1.9999785523615332 0.0009765625
2.0000697725489052 2.0000702745096888 1.9999762270505459 1.9999783897059822 0.0009765625
2.0000702745096888 2.0000707764704724 1.9999760643952349 1.999978227050546 0.0009765625
2.0000707764704724 2.000071278431256 1.9999759017400505 1.999978064395235 0.0009765625
2.000071278431256 2.0000717803920391 1.9999757390849933 1.9999779017400505 0.0009765625
2.0000717803920391 2.0000722823528228 1.9999755764300506 1.9999777390849933 0.0009765625
2.0000722823528228 2.0000727843136064 1.9999754137752253 1.9999775764300507 0.0009765625
2.0000727843136064 2.00007328627439 1.9999752511205304 1.9999774137752253 0.0009765625
2.00007328627439 2.0000737882351731 1.9999750884659544 1.9999772511205305 0.0009765625
2.0000737882351731 2.0000742901959567 1.9999659258115008 1.9999860884659544 0.0009765625
2.0000742901959567 2.0000747921567403 1.9999657631571715 1.9999859258115007 0.0009765625
2.0000747921567403 2.0000752941175239 1.9999656005029678 1.9999857631571714 0.0009765625
2.0000752941175239 2.0000757960783071 1.9999654378488716 1.9999856005029677 0.0009765625
2.0000757960783071 2.0000762980390907 1.9999652751949115 1.9999854378488715 0.0009765625
2.0000762980390907 2.0000767999998743 1.999965112541072 1.9999852751949114 0.0009765625
2.0000767999998743 2.0000773019606579 1.9999649498873526 1.9999851125410719 0.0009765625
2.0000773019606579 2.0000778039214415 1.9999647872337503 1.9999849498873525 0.0009765625
2.0000778039214415 2.0000783058822247 1.9999646245802691 1.9999847872337502 0.0009765625
2.0000783058822247 2.0000788078430083 1.9999644619269221 1.999984624580269 0.0009765625
2.0000788078430083 2.0000793098037919 1.9999642992736895 1.999984461926922 0.0009765625
2.0000793098037919 2.0000798117645755 1.9999641366205805 1.9999842992736894 0.0009765625
2.0000798117645755 2.0000803137253587 1.999963973967589 1.9999841366205804 0.0009765625
2.0000803137253587 2.0000808156861423 1.99996381131473 1.9999839739675889 0.0009765625
2.0000808156861423 2.0000813176469259 1.9999636486619852 1.9999838113147299 0.0009765625
2.0000813176469259 2.0000818196077095 1.999963486009368 1.9999836486619851 0.0009765625
2.0000818196077095 2.0000823215684926 1.9999633233568626 1.9999834860093679 0.0009765625
2.0000823215684926 2.0000828235292762 1.9999631607044872 1.9999833233568625 0.0009765625
2.0000828235292762 2.0000833254900598 1.9999629980522329 1.9999831607044871 0.0009765625
2.0000833254900598 2.0000838274508435 1.9999628354001044 1.9999829980522328 0.0009765625
2.0000838274508435 2.0000843294116266 1.9999626727480999 1.9999828354001044 0.0009765625
2.0000843294116266 2.0000848313724102 1.9999625100962062 1.9999826727480998 0.0009765625
2.0000848313724102 2.0000853333331938 1.9999623474444368 1.9999825100962061 0.0009765625
2.0000853333331938 2.0000858352939774 1.9999621847932323 1.9999823474448779 0.0009765625
2.0000858352939774 2.0000863372547606 1.9999620221412771 1.9999821847927954 0.0009765625
2.0000863372547606 2.0000868392155442 1.9999618594898736 1.999982022141277 0.0009765625
2.0000868392155442 2.0000873411763278 1.9999616968385987 1.9999818594898735 0.0009765625
2.0000873411763278 2.0000878431371114 1.9999615341874435 1.9999816968385986 0.0009765625
2.0000878431371114 2.0000883450978946 1.9999613715364126 1.9999815341874434 0.0009765625
2.0000883450978946 2.0000888470586782 1.9999612088855039 1.9999813715364125 0.0009765625
2.0000888470586782 2.0000893490194618 1.9999610462347122 1.9999812088855038 0.0009765625
2.0000893490194618 2.0000898509802454 1.9999608835840519 1.9999810462347121 0.0009765625
2.0000898509802454 2.0000903529410285 1.9999607209335086 1.9999808835840518 0.0009765625
2.0000903529410285 2.0000908549018122 1.9999605582830817 1.9999807209335085 0.0009765625
2.0000908549018122 2.0000913568625958 1.99996039563279 1.9999805582830816 0.0009765625
2.0000913568625958 2.0000918588233794 1.9999602329826045 1.99998039563279 0.0009765625
2.0000918588233794 2.0000923607841625 1.9999600703325513 1.9999802329826044 0.0009765625
2.0000923607841625 2.0000928627449461 1.9999599076826182 1.9999800703325512 0.0009765625
2.0000928627449461 2.0000933647057297 1.9999597450328048 1.9999799076826181 0.0009765625
2.0000933647057297 2.0000938666665133 1.9999595823831147 1.9999797450328047 0.0009765625
2.0000938666665133 2.0000943686272965 1.999959419733556 1.9999795823831146 0.0009765625
2.0000943686272965 2.0000948705880801 1.999959257084112 1.9999794197335559 0.0009765625
2.0000948705880801 2.0000953725488637 1.9999590944347851 1.9999792570841119 0.0009765625
2.0000953725488637 2.0000958745096469 1.9999589317855864 1.9999790944347851 0.0009765625
2.0000958745096469 2.0000963764704305 1.9999587691365124 1.9999789317855863 0.0009765625
2.0000963764704305 2.0000968784312141 1.9999586064875514 1.9999787691365123 0.0009765625
2.0000968784312141 2.0000973803919977 1.9999584438387177 1.9999786064875513 0.0009765625
2.0000973803919977 2.0000978823527809 1.9999582811900098 1.9999784438387176 0.0009765625
2.0000978823527809 2.0000983843135645 1.9999581185414139 1.9999782811900098 0.0009765625
2.0000983843135645 2.0000988862743481 1.9999579558929534 1.9999781185414138 0.0009765625
2.0000988862743481 2.0000993882351317 1.9999577932446051 1.9999779558929534 0.0009765625
2.0000993882351317 2.0000998901959148 1.9999576305963893 1.999977793244605 0.0009765625
2.0000998901959148 2.0001003921566984 1.9999574679482848 1.9999776305963892 0.0009765625
2.0001003921566984 2.000100894117482 1.9999573053003019 1.9999774679482847 0.0009765625
2.000100894117482 2.0001013960782656 1.9999571426524421 1.9999773053003018 0.0009765625
2.0001013960782656 2.0001018980390488 1.9999569800047186 1.999977142652442 0.0009765625
2.0001018980390488 2.0001023999998324 1.999956817357109 1.9999769800047185 0.0009765625
2.0001023999998324 2.0001034039213996 1.9999564920626838 1.9999768173575418 0.0009765625
2.0001034039213996 2.0001044078429664 1.9999561667678836 1.9999764920622485 0.0009765625
2.0001044078429664 2.0001054117645332 1.9999558414740075 1.9999761667678835 0.0009765625
2.0001054117645332 2.0001064156861004 1.9999555161806117 1.9999758414740074 0.0009765625
2.0001064156861004 2.0001074196076676 1.9999551908877007 1.9999755161806116 0.0009765625
2.0001074196076676 2.0001084235292343 1.9999548655952935 1.9999751908877006 0.0009765625
2.0001084235292343 2.0001094274508011 1.9999545403033692 1.9999748655952934 0.0009765625
2.0001094274508011 2.0001104313723683 1.9999542150119383 1.9999745403033691 0.0009765625
2.0001104313723683 2.0001114352939355 1.9999538897209859 1.9999742150119382 0.0009765625
2.0001114352939355 2.0001124392155023 1.9999535644305284 1.9999738897209858 0.0009765625
2.0001124392155023 2.0001134431370691 1.9999532391405588 1.9999735644305283 0.0009765625
2.0001134431370691 2.0001144470586363 1.9999529138510743 1.9999732391405587 0.0009765625
2.0001144470586363 2.0001154509802035 1.9999525885620777 1.9999729138510742 0.0009765625
2.0001154509802035 2.0001164549017703 1.9999522632735782 1.9999725885620776 0.0009765625
2.0001164549017703 2.000117458823337 1.9999519379855599 1.9999722632735781 0.0009765625
2.000117458823337 2.0001184627449042 1.9999516126980315 1.9999719379855598 0.0009765625
2.0001184627449042 2.0001194666664714 1.9999512874109948 1.9999716126980314 0.0009765625
2.0001194666664714 2.0001204705880382 1.9999509621244429 1.9999712874109947 0.0009765625
2.0001204705880382 2.000121474509605 1.9999506368383793 1.9999709621244428 0.0009765625
2.000121474509605 2.0001224784311722 1.9999503115528081 1.9999706368383792 0.0009765625
2.0001224784311722 2.0001234823527394 1.9999499862677312 1.999970311552808 0.0009765625
2.0001234823527394 2.0001244862743062 1.9999496609831351 1.9999699862677311 0.0009765625
2.0001244862743062 2.0001254901958729 1.9999493356990272 1.999969660983135 0.0009765625
2.0001254901958729 2.0001264941174401 1.9999490104154036 1.9999693356990271 0.0009765625
2.0001264941174401 2.0001274980390074 1.9999486851322801 1.9999690104154035 0.0009765625
2.0001274980390074 2.0001285019605741 1.9999483598496381 1.99996868513228 0.0009765625
2.0001285019605741 2.0001295058821409 1.9999480345674876 1.9999683598496381 0.0009765625
2.0001295058821409 2.0001305098037081 1.99994770928583 1.9999680345674875 0.0009765625
2.0001305098037081 2.0001315137252753 1.9999473840046484 1.9999677092858299 0.0009765625
2.0001315137252753 2.0001325176468421 1.9999470587239718 1.9999673840046484 0.0009765625
2.0001325176468421 2.0001335215684088 1.9999467334437631 1.9999670587239717 0.0009765625
2.0001335215684088 2.0001345254899761 1.9999464081640572 1.999966733443763 0.0009765625
2.0001345254899761 2.0001355294115433 1.9999460828848368 1.9999664081640571 0.0009765625
2.0001355294115433 2.00013653333311 1.9999457576061053 1.9999660828848367 0.0009765625
2.00013653333311 2.0001375372546768 1.9999454323282986 1.9999657576065464 0.0009765625
2.0001375372546768 2.000138541176244 1.9999451070501113 1.9999654323278651 0.0009765625
2.000138541176244 2.0001395450978108 1.9999447817728475 1.9999651070501112 0.0009765625
2.0001395450978108 2.000140549019378 1.999944456496066 1.9999647817728474 0.0009765625
2.000140549019378 2.0001415529409448 1.9999441312197765 1.9999644564960659 0.0009765625
2.0001415529409448 2.000142556862512 1.9999438059439798 1.9999641312197765 0.0009765625
2.000142556862512 2.0001435607840787 1.9999434806686636 1.9999638059439797 0.0009765625
2.0001435607840787 2.0001445647056459 1.9999431553938494 1.9999634806686635 0.0009765625
2.0001445647056459 2.0001455686272127 1.9999428301195106 1.9999631553938493 0.0009765625
2.0001455686272127 2.0001465725487799 1.9999425048456647 1.9999628301195105 0.0009765625
2.0001465725487799 2.0001475764703467 1.9999421795723105 1.9999625048456646 0.0009765625
2.0001475764703467 2.0001485803919139 1.9999418542994423 1.9999621795723104 0.0009765625
2.0001485803919139 2.0001495843134807 1.9999415290270626 1.9999618542994422 0.0009765625
2.0001495843134807 2.0001505882350479 1.9999412037551747 1.9999615290270625 0.0009765625
2.0001505882350479 2.0001515921566146 1.9999408784837744 1.9999612037551746 0.0009765625
2.0001515921566146 2.0001525960781819 1.9999405532128565 1.9999608784837744 0.0009765625
2.0001525960781819 2.0001535999997486 1.9999402279424328 1.9999605532128564 0.0009765625
2.0001535999997486 2.0001546039213154 1.9999399026724936 1.9999602279424327 0.0009765625
2.0001546039213154 2.0001556078428826 1.9999395774030493 1.9999599026724935 0.0009765625
2.0001556078428826 2.0001566117644494 1.9999392521340897 1.9999595774030492 0.0009765625
2.0001566117644494 2.0001576156860166 1.9999389268656247 1.9999592521340896 0.0009765625
2.0001576156860166 2.0001586196075833 1.9999386015976359 1.9999589268656246 0.0009765625
2.0001586196075833 2.0001596235291506 1.999938276330143 1.9999586015976358 0.0009765625
2.0001596235291506 2.0001606274507173 1.9999379510631377 1.9999582763301429 0.0009765625
2.0001606274507173 2.0001616313722845 1.9999376257966197 1.9999579510631376 0.0009765625
2.0001616313722845 2.0001626352938513 1.9999373005306009 1.9999576257966196 0.0009765625
2.0001626352938513 2.0001636392154185 1.9999369752650633 1.9999573005306008 0.0009765625
2.0001636392154185 2.0001646431369853 1.9999366500000084 1.9999569752650632 0.0009765625
2.0001646431369853 2.0001656470585525 1.9999363247354425 1.9999566500000083 0.0009765625
2.0001656470585525 2.0001666509801193 1.9999359994713692 1.9999563247354424 0.0009765625
2.0001666509801193 2.0001676549016865 1.9999356742077914 1.9999559994713692 0.0009765625
2.0001676549016865 2.0001686588232532 1.9999353489446872 1.9999556742077913 0.0009765625
2.0001686588232532 2.0001696627448204 1.9999350236820821 1.9999553489446871 0.0009765625
2.0001696627448204 2.0001706666663872 1.999934698419962 1.999955023682082 0.0009765625
2.0001706666663872 2.000171670587954 1.9999343731587669 1.9999546984203986 0.0009765625
2.000171670587954 2.0001726745095212 1.9999340478971968 1.9999543731583311 0.0009765625
2.0001726745095212 2.0001736784310884 1.9999337226365383 1.9999540478971967 0.0009765625
2.0001736784310884 2.0001746823526552 1.99993339737638 1.9999537226365383 0.0009765625
2.0001746823526552 2.0001756862742219 1.9999330721167003 1.9999533973763799 0.0009765625
2.0001756862742219 2.0001766901957891 1.9999327468575148 1.9999530721167003 0.0009765625
2.0001766901957891 2.0001776941173564 1.9999324215988108 1.9999527468575147 0.0009765625
2.0001776941173564 2.0001786980389231 1.9999320963406062 1.9999524215988107 0.0009765625
2.0001786980389231 2.0001797019604899 1.9999317710828814 1.9999520963406061 0.0009765625
2.0001797019604899 2.0001807058820571 1.9999314458256487 1.9999517710828814 0.0009765625
2.0001807058820571 2.0001817098036243 1.9999311205689065 1.9999514458256487 0.0009765625
2.0001817098036243 2.0001827137251911 1.9999307953126459 1.9999511205689064 0.0009765625
2.0001827137251911 2.0001837176467578 1.9999304700568818 1.9999507953126459 0.0009765625
2.0001837176467578 2.0001847215683251 1.9999301448016067 1.9999504700568818 0.0009765625
2.0001847215683251 2.0001857254898923 1.9999298195468176 1.9999501448016066 0.0009765625
2.0001857254898923 2.000186729411459 1.9999294942925072 1.9999498195468175 0.0009765625
2.000186729411459 2.0001877333330258 1.9999291690387007 1.9999494942925071 0.0009765625
2.0001877333330258 2.000188737254593 1.9999288437853728 1.9999491690387006 0.0009765625
2.000188737254593 2.0001897411761602 1.9999285185325388 1.9999488437853727 0.0009765625
2.0001897411761602 2.000190745097727 1.9999281932801969 1.9999485185325387 0.0009765625
2.000190745097727 2.0001917490192938 1.9999278680283377 1.9999481932801968 0.0009765625
2.0001917490192938 2.000192752940861 1.9999275427769707 1.9999478680283376 0.0009765625
2.000192752940861 2.0001937568624282 1.9999272175260816 1.9999475427769706 0.0009765625
2.0001937568624282 2.0001947607839949 1.9999268922756843 1.9999472175260815 0.0009765625
2.0001947607839949 2.0001957647055617 1.9999265670257818 1.9999468922756842 0.0009765625
2.0001957647055617 2.0001967686271289 1.9999262417763666 1.9999465670257817 0.0009765625
2.0001967686271289 2.0001977725486961 1.9999259165274403 1.9999462417763665 0.0009765625
2.0001977725486961 2.0001987764702629 1.9999255912789999 1.9999459165274402 0.0009765625
2.0001987764702629 2.0001997803918297 1.9999252660310478 1.9999455912789998 0.0009765625
2.0001997803918297 2.0002007843133969 1.999924940783588 1.9999452660310477 0.0009765625
2.0002007843133969 2.0002017882349641 1.9999246155366173 1.9999449407835879 0.0009765625
2.0002017882349641 2.0002027921565309 1.9999242902901357 1.9999446155366172 0.0009765625
2.0002027921565309 2.0002037960780976 1.9999239650441412 1.9999442902901357 0.0009765625
2.0002037960780976 2.0002047999996648 1.9999236397986293 1.9999439650441411 0.0009765625
2.0002047999996648 2.0002068078427988 1.9999229893095098 1.9999436397990613 0.0009765625
2.0002068078427988 2.0002088156859328 1.9999223388214913 1.9999429893090761 0.0009765625
2.0002088156859328 2.0002108235290668 1.9999216883358464 1.9999423388214912 0.0009765625
2.0002108235290668 2.0002128313722007 1.9999210378521595 1.9999416883358463 0.0009765625
2.0002128313722007 2.0002148392153347 1.9999203873704161 1.9999410378521594 0.0009765625
2.0002148392153347 2.0002168470584687 1.9999197368906458 1.999940387370416 0.0009765625
2.0002168470584687 2.0002188549016027 1.9999190864128151 1.9999397368906457 0.0009765625
2.0002188549016027 2.0002208627447366 1.9999184359369484 1.999939086412815 0.0009765625
2.0002208627447366 2.0002228705878706 1.999917785463029 1.9999384359369483 0.0009765625
2.0002228705878706 2.0002248784310046 1.9999171349910725 1.9999377854630289 0.0009765625
2.0002248784310046 2.0002268862741386 1.9998964845210603 1.9999571349910725 0.0009765625
2.0002268862741386 2.0002288941172726 1.9998958340530051 1.9999564845210605 0.0009765625
2.0002288941172726 2.0002309019604065 1.9998951835869017 1.9999558340530053 0.0009765625
2.0002309019604065 2.0002329098035405 1.9998945331227667 1.9999551835869018 0.0009765625
2.0002329098035405 2.0002349176466745 1.999893882660573 1.9999545331227668 0.0009765625
2.0002349176466745 2.0002369254898085 1.999893232200334 1.9999538826605732 0.0009765625
2.0002369254898085 2.000238933332942 1.9998925817420463 1.9999532322003342 0.0009765625
2.000238933332942 2.000240941176076 1.9998919312857188 1.9999525817420465 0.0009765625
2.000240941176076 2.00024294901921 1.9998912808313427 1.999951931285719 0.0009765625
2.00024294901921 2.0002449568623439 1.9998906303789112 1.9999512808313429 0.0009765625
2.0002449568623439 2.0002469647054779 1.9998899799284477 1.9999506303789114 0.0009765625
2.0002469647054779 2.0002489725486119 1.9998893294799391 1.9999499799284479 0.0009765625
2.0002489725486119 2.0002509803917459 1.9998886790333794 1.9999493294799393 0.0009765625
2.0002509803917459 2.0002529882348798 1.999888028588773 1.9999486790333796 0.0009765625
2.0002529882348798 2.0002549960780138 1.9998873781461208 1.9999480285887732 0.0009765625
2.0002549960780138 2.0002570039211478 1.9998867277054171 1.999947378146121 0.0009765625
2.0002570039211478 2.0002590117642818 1.9998860772666811 1.9999467277054173 0.0009765625
2.0002590117642818 2.0002610196074158 1.9998854268298791 1.9999460772666813 0.0009765625
2.0002610196074158 2.0002630274505497 1.9998847763950505 1.9999454268298793 0.0009765625
2.0002630274505497 2.0002650352936837 1.9998841259621678 1.9999447763950506 0.0009765625
2.0002650352936837 2.0002670431368177 1.9998834755312425 1.999944125962168 0.0009765625
2.0002670431368177 2.0002690509799517 1.9998828251022613 1.9999434755312426 0.0009765625
2.0002690509799517 2.0002710588230856 1.9998821746752424 1.9999428251022615 0.0009765625
2.0002710588230856 2.0002730666662196 1.999881524250178 1.9999421746752426 0.0009765625
2.0002730666662196 2.0002750745093536 1.9998808738274947 1.9999415242506042 0.0009765625
2.0002750745093536 2.0002770823524876 1.9998802234059065 1.999940873827063 0.0009765625
2.0002770823524876 2.0002790901956216 1.9998795729866927 1.9999402234059067 0.0009765625
2.0002790901956216 2.0002810980387555 1.9998789225694464 1.9999395729866929 0.0009765625
2.0002810980387555 2.0002831058818895 1.9998782721541448 1.9999389225694466 0.0009765625
2.0002831058818895 2.0002851137250235 1.9998776217408019 1.999938272154145 0.0009765625
2.0002851137250235 2.0002871215681575 1.9998769713294164 1.999937621740802 0.0009765625
2.0002871215681575 2.0002891294112914 1.9998763209199764 1.9999369713294166 0.0009765625
2.0002891294112914 2.0002911372544254 1.9998756705124843 1.9999363209199765 0.0009765625
2.0002911372544254 2.0002931450975594 1.9998750201069593 1.9999356705124844 0.0009765625
2.0002931450975594 2.0002951529406934 1.9998743697033827 1.9999350201069594 0.0009765625
2.0002951529406934 2.0002971607838274 1.9998737193017717 1.9999343697033829 0.0009765625
2.0002971607838274 2.0002991686269613 1.9998730689021011 1.9999337193017719 0.0009765625
2.0002991686269613 2.0003011764700953 1.9998724185043852 1.9999330689021013 0.0009765625
2.0003011764700953 2.0003031843132293 1.9998717681086233 1.9999324185043854 0.0009765625
2.0003031843132293 2.0003051921563633 1.9998711177148167 1.9999317681086235 0.0009765625
2.0003051921563633 2.0003071999994972 1.9998704673229568 1.9999311177148169 0.0009765625
2.0003071999994972 2.0003092078426312 1.9998698169330629 1.999930467322957 0.0009765625
2.0003092078426312 2.0003112156857652 1.9998691665451129 1.999929816933063 0.0009765625
2.0003112156857652 2.0003132235288992 1.9998685161591157 1.9999291665451131 0.0009765625
2.0003132235288992 2.0003152313720332 1.999867865775081 1.9999285161591158 0.0009765625
2.0003152313720332 2.0003172392151671 1.9998672153930073 1.9999278657750812 0.0009765625
2.0003172392151671 2.0003192470583011 1.9998665650128615 1.9999272153930074 0.0009765625
2.0003192470583011 2.0003212549014351 1.9998659146346864 1.9999265650128617 0.0009765625
2.0003212549014351 2.0003232627445691 1.9998652642584647 1.9999259146346866 0.0009765625
2.0003232627445691 2.000325270587703 1.9998646138841909 1.9999252642584648 0.0009765625
2.000325270587703 2.000327278430837 1.9998639635118807 1.9999246138841911 0.0009765625
2.000327278430837 2.000329286273971 1.9998633131415093 1.9999239635118808 0.0009765625
2.000329286273971 2.000331294117105 1.9998626627730993 1.9999233131415095 0.0009765625
2.000331294117105 2.000333301960239 1.9998620124066444 1.9999226627730995 0.0009765625
2.000333301960239 2.0003353098033729 1.9998613620421428 1.9999220124066446 0.0009765625
2.0003353098033729 2.0003373176465069 1.9998607116795912 1.999921362042143 0.0009765625
2.0003373176465069 2.0003393254896409 1.9998600613189972 1.9999207116795914 0.0009765625
2.0003393254896409 2.0003413333327749 1.9998594109603549 1.9999200613189974 0.0009765625
2.0003413333327749 2.0003433411759088 1.9998587606040978 1.9999194109607852 0.0009765625
2.0003433411759088 2.0003453490190428 1.9998581102489288 1.9999187606036681 0.0009765625
2.0003453490190428 2.0003473568621768 1.9998574598961492 1.999918110248929 0.0009765625
2.0003473568621768 2.0003493647053108 1.999856809545316 1.9999174598961493 0.0009765625
2.0003493647053108 2.0003513725484448 1.9998561591964452 1.9999168095453161 0.0009765625
2.0003513725484448 2.0003533803915787 1.9998555088495242 1.9999161591964454 0.0009765625
2.0003533803915787 2.0003553882347127 1.9998548585045499 1.9999155088495244 0.0009765625
2.0003553882347127 2.0003573960778467 1.9998542081615387 1.9999148585045501 0.0009765625
2.0003573960778467 2.0003594039209807 1.9998535578204799 1.9999142081615389 0.0009765625
2.0003594039209807 2.0003614117641146 1.99985290748137 1.9999135578204801 0.0009765625
2.0003614117641146 2.0003634196072486 1.9998522571442143 1.9999129074813702 0.0009765625
2.0003634196072486 2.0003654274503826 1.9998516068090091 1.9999122571442145 0.0009765625
2.0003654274503826 2.0003674352935166 1.9998509564757636 1.9999116068090093 0.0009765625
2.0003674352935166 2.0003694431366505 1.999850306144473 1.9999109564757638 0.0009765625
2.0003694431366505 2.0003714509797845 1.9998496558151266 1.9999103061444732 0.0009765625
2.0003714509797845 2.0003734588229185 1.9998490054877385 1.9999096558151268 0.0009765625
2.0003734588229185 2.0003754666660525 1.9998483551623061 1.9999090054877386 0.0009765625
2.0003754666660525 2.000377474509186 1.9998477048388306 1.9999083551623063 0.0009765625
2.000377474509186 2.00037948235232 1.9998470545172977 1.9999077048388307 0.0009765625
2.00037948235232 2.000381490195454 1.9998464041977257 1.9999070545172979 0.0009765625
2.000381490195454 2.0003834980385879 1.9998457538801024 1.9999064041977259 0.0009765625
2.0003834980385879 2.0003855058817219 1.9998451035644369 1.9999057538801026 0.0009765625
2.0003855058817219 2.0003875137248559 1.9998444532507174 1.9999051035644371 0.0009765625
2.0003875137248559 2.0003895215679899 1.9998438029389631 1.9999044532507175 0.0009765625
2.0003895215679899 2.0003915294111239 1.9998431526291505 1.9999038029389633 0.0009765625
2.0003915294111239 2.0003935372542578 1.9998425023212967 1.9999031526291506 0.0009765625
2.0003935372542578 2.0003955450973918 1.9998418520153987 1.9999025023212968 0.0009765625
2.0003955450973918 2.0003975529405258 1.9998412017114489 1.9999018520153988 0.0009765625
2.0003975529405258 2.0003995607836598 1.9998405514094491 1.999901201711449 0.0009765625
2.0003995607836598 2.0004015686267937 1.9998399011094081 1.9999005514094492 0.0009765625
2.0004015686267937 2.0004035764699277 1.9998392508113176 1.9998999011094083 0.0009765625
2.0004035764699277 2.0004055843130617 1.9998386005151874 1.9998992508113178 0.0009765625
2.0004055843130617 2.0004075921561957 1.999837950220998 1.9998986005151875 0.0009765625
2.0004075921561957 2.0004095999993297 1.9998372999287652 1.9998979502209981 0.0009765625
2.0004095999993297 2.0004136156855976 1.9998359993506052 1.9998972999292026 0.0009765625
2.0004136156855976 2.0004176313718656 1.9998346987793867 1.9998959993501682 0.0009765625
2.0004176313718656 2.0004216470581335 1.9998333982164136 1.9998946987793869 0.0009765625
2.0004216470581335 2.0004256627444015 1.9998320976612523 1.9998933982164138 0.0009765625
2.0004256627444015 2.0004296784306694 1.9998307971138942 1.9998920976612524 0.0009765625
2.0004296784306694 2.0004336941169374 1.9998294965743613 1.9998907971138944 0.0009765625
2.0004336941169374 2.0004377098032053 1.9998281960426429 1.9998894965743614 0.0009765625
2.0004377098032053 2.0004417254894733 1.9998268955187186 1.9998881960426431 0.0009765625
2.0004417254894733 2.0004457411757413 1.9998255950026214 1.9998868955187188 0.0009765625
2.0004457411757413 2.0004497568620092 1.9998242944943363 1.9998855950026215 0.0009765625
2.0004497568620092 2.0004537725482772 1.999822993993853 1.9998842944943365 0.0009765625
2.0004537725482772 2.0004577882345451 1.9998216935011925 1.9998829939938532 0.0009765625
2.0004577882345451 2.0004618039208131 1.9998203930163352 1.9998816935011927 0.0009765625
2.0004618039208131 2.000465819607081 1.9998190925392925 1.9998803930163354 0.0009765625
2.000465819607081 2.000469835293349 1.9998177920700606 1.9998790925392926 0.0009765625
2.000469835293349 2.0004738509796169 1.9998164916086389 1.9998777920700608 0.0009765625
2.0004738509796169 2.0004778666658849 1.9998151911550368 1.9998764916086391 0.0009765625
2.0004778666658849 2.0004818823521524 1.999813890709234 1.999875191155037 0.0009765625
2.0004818823521524 2.0004858980384204 1.9998125902712507 1.9998738907092342 0.0009765625
2.0004858980384204 2.0004899137246883 1.9998112898410778 1.9998725902712509 0.0009765625
2.0004899137246883 2.0004939294109563 1.9998099894187149 1.999871289841078 0.0009765625
2.0004939294109563 2.0004979450972242 1.999808689004162 1.9998699894187151 0.0009765625
2.0004979450972242 2.0005019607834922 1.9998073885974197 1.9998686890041621 0.0009765625
2.0005019607834922 2.0005059764697601 1.9998060881984876 1.9998673885974199 0.0009765625
2.0005059764697601 2.0005099921560281 1.9998047878073677 1.9998660881984878 0.0009765625
2.0005099921560281 2.000514007842296 1.9998034874240513 1.9998647878073679 0.0009765625
2.000514007842296 2.000518023528564 1.9998021870485543 1.9998634874240515 0.0009765625
2.000518023528564 2.000522039214832 1.9998008866808719 1.9998621870485545 0.0009765625
2.000522039214832 2.0005260549010999 1.9997995863209928 1.999860886680872 0.0009765625
2.0005260549010999 2.0005300705873679 1.9997982859689241 1.9998595863209929 0.0009765625
2.0005300705873679 2.0005340862736358 1.9997969856246582 1.9998582859689242 0.0009765625
2.0005340862736358 2.0005381019599038 1.9997956852882113 1.9998569856246584 0.0009765625
2.0005381019599038 2.0005421176461717 1.9997943849595861 1.9998556852882114 0.0009765625
2.0005421176461717 2.0005461333324397 1.9997930846387437 1.9998543849595862 0.0009765625
2.0005461333324397 2.0005501490187076 1.9997917843261666 1.9998530846391809 0.0009765625
2.0005501490187076 2.0005541647049756 1.9997904840205181 1.9998517843257348 0.0009765625
2.0005541647049756 2.0005581803912436 1.9997891837231294 1.9998504840205182 0.0009765625
2.0005581803912436 2.0005621960775115 1.9997878834335381 1.9998491837231296 0.0009765625
2.0005621960775115 2.0005662117637795 1.9997865831517578 1.9998478834335383 0.0009765625
2.0005662117637795 2.0005702274500474 1.9997852828777882 1.999846583151758 0.0009765625
2.0005702274500474 2.0005742431363154 1.9997839826116302 1.9998452828777884 0.0009765625
2.0005742431363154 2.0005782588225833 1.9997826823532818 1.9998439826116303 0.0009765625
2.0005782588225833 2.0005822745088508 1.9997813821027328 1.999842682353282 0.0009765625
2.0005822745088508 2.0005862901951188 1.9997800818599958 1.999841382102733 0.0009765625
2.0005862901951188 2.0005903058813868 1.9997787816250747 1.999840081859996 0.0009765625
2.0005903058813868 2.0005943215676547 1.9997774813979592 1.9998387816250749 0.0009765625
2.0005943215676547 2.0005983372539227 1.9997761811786574 1.9998374813979594 0.0009765625
2.0005983372539227 2.0006023529401906 1.9997748809671547 1.9998361811786576 0.0009765625
2.0006023529401906 2.0006063686264586 1.9997735807634709 1.9998348809671549 0.0009765625
2.0006063686264586 2.0006103843127265 1.9997722805675944 1.9998335807634711 0.0009765625
2.0006103843127265 2.0006143999989945 1.9997709803795247 1.9998322805675945 0.0009765625
2.0006143999989945 2.0006184156852624 1.9997696801992604 1.9998309803795249 0.0009765625
2.0006184156852624 2.0006224313715304 1.9997683800268107 1.9998296801992606 0.0009765625
2.0006224313715304 2.0006264470577984 1.9997670798621638 1.9998283800268108 0.0009765625
2.0006264470577984 2.0006304627440663 1.9997657797053254 1.999827079862164 0.0009765625
2.0006304627440663 2.0006344784303343 1.9997644795562897 1.9998257797053256 0.0009765625
2.0006344784303343 2.0006384941166022 1.9997631794150734 1.9998244795562898 0.0009765625
2.0006384941166022 2.0006425098028702 1.9997618792816589 1.9998231794150736 0.0009765625
2.0006425098028702 2.0006465254891381 1.9997605791560513 1.9998218792816591 0.0009765625
2.0006465254891381 2.0006505411754056 1.9997592790382606 1.9998205791560515 0.0009765625
2.0006505411754056 2.0006545568616736 1.9997579789282725 1.9998192790382607 0.0009765625
2.0006545568616736 2.0006585725479415 1.9997566788260801 1.9998179789282726 0.0009765625
2.0006585725479415 2.0006625882342095 1.9997553787317093 1.9998166788260803 0.0009765625
2.0006625882342095 2.0006666039204775 1.9997540786451515 1.9998153787317094 0.0009765625
2.0006666039204775 2.0006706196067454 1.9997527785663882 1.9998140786451517 0.0009765625
2.0006706196067454 2.0006746352930134 1.9997514784954398 1.9998127785663884 0.0009765625
2.0006746352930134 2.0006786509792813 1.9997501784322955 1.9998114784954399 0.0009765625
2.0006786509792813 2.0006826666655493 1.999748878376959 1.9998101784322957 0.0009765625
2.0006826666655493 2.0006866823518172 1.9997475783298595 1.9998088783773902 0.0009765625
2.0006866823518172 2.0006906980380852 1.9997462782897064 1.9998075783294254 0.0009765625
2.0006906980380852 2.0006947137243531 1.9997449782577958 1.9998062782897066 0.0009765625
2.0006947137243531 2.0006987294106211 1.9997436782336806 1.999804978257796 0.0009765625
2.0006987294106211 2.0007027450968891 1.999742378217378 1.9998036782336808 0.0009765625
2.0007027450968891 2.000706760783157 1.9997410782088862 1.9998023782173782 0.0009765625
2.000706760783157 2.000710776469425 1.9997397782081916 1.9998010782088864 0.0009765625
2.000710776469425 2.0007147921556929 1.9997384782153167 1.9997997782081918 0.0009765625
2.0007147921556929 2.0007188078419609 1.9997371782302382 1.9997984782153169 0.0009765625
2.0007188078419609 2.0007228235282288 1.9997358782529651 1.9997971782302384 0.0009765625
2.0007228235282288 2.0007268392144968 1.9997345782835143 1.9997958782529652 0.0009765625
2.0007268392144968 2.0007308549007647 1.9997332783218558 1.9997945782835145 0.0009765625
2.0007308549007647 2.0007348705870327 1.9997319783680083 1.9997932783218559 0.0009765625
2.0007348705870327 2.0007388862733007 1.9997306784219628 1.9997919783680085 0.0009765625
2.0007388862733007 2.0007429019595686 1.9997293784837324 1.999790678421963 0.0009765625
2.0007429019595686 2.0007469176458366 1.9996580785532896 1.9998593784837326 0.0009765625
2.0007469176458366 2.0007509333321041 1.9996567786306707 1.9998580785532898 0.0009765625
2.0007509333321041 2.000754949018372 1.9996554787158496 1.9998567786306709 0.0009765625
2.000754949018372 2.00075896470464 1.9996541788088398 1.9998554787158498 0.0009765625
2.00075896470464 2.0007629803909079 1.9996528789096266 1.99985417880884 0.0009765625
2.0007629803909079 2.0007669960771759 1.999651579018223 1.9998528789096268 0.0009765625
2.0007669960771759 2.0007710117634439 1.9996502791346309 1.9998515790182232 0.0009765625
2.0007710117634439 2.0007750274497118 1.9996489792588286 1.9998502791346311 0.0009765625
2.0007750274497118 2.0007790431359798 1.9996476793908522 1.9998489792588288 0.0009765625
2.0007790431359798 2.0007830588222477 1.999646379530668 1.9998476793908524 0.0009765625
2.0007830588222477 2.0007870745085157 1.999645079678289 1.9998463795306682 0.0009765625
2.0007870745085157 2.0007910901947836 1.9996437798337074 1.9998450796782892 0.0009765625
2.0007910901947836 2.0007951058810516 1.9996424799969525 1.9998437798337076 0.0009765625
2.0007951058810516 2.0007991215673195 1.999641180167991 1.9998424799969527 0.0009765625
2.0007991215673195 2.0008031372535875 1.9996398803468318 1.9998411801679912 0.0009765625
2.0008031372535875 2.0008071529398554 1.9996385805334822 1.999839880346832 0.0009765625
2.0008071529398554 2.0008111686261234 1.9996372807279359 1.9998385805334824 0.0009765625
2.0008111686261234 2.0008151843123914 1.99963598093019 1.9998372807279361 0.0009765625
2.0008151843123914 2.0008191999986593 1.9996346811402488 1.9998359809301902 0.0009765625
2.0008191999986593 2.0008272313711952 1.9996320815842188 1.9998346811406853 0.0009765625
2.0008272313711952 2.0008352627437311 1.999629482058541 1.9998320815837958 0.0009765625
2.0008352627437311 2.000843294116267 1.9996268825645132 1.9998294820585412 0.0009765625
2.000843294116267 2.000851325488803 1.9996242831017048 1.9998268825645134 0.0009765625
2.000851325488803 2.0008593568613389 1.999621683670106 1.999824283101705 0.0009765625
2.0008593568613389 2.0008673882338743 1.9996190842697208 1.9998216836701062 0.0009765625
2.0008673882338743 2.0008754196064102 1.9996164849005615 1.999819084269721 0.0009765625
2.0008754196064102 2.0008834509789462 1.9996138855626018 1.9998164849005617 0.0009765625
2.0008834509789462 2.0008914823514821 1.9996112862558619 1.999813885562602 0.0009765625
2.0008914823514821 2.000899513724018 1.9996086869803273 1.9998112862558621 0.0009765625
2.000899513724018 2.0009075450965539 1.9996060877360051 1.9998086869803275 0.0009765625
2.0009075450965539 2.0009155764690898 1.9996034885229046 1.9998060877360053 0.0009765625
2.0009155764690898 2.0009236078416257 1.9996008893410053 1.9998034885229048 0.0009765625
2.0009236078416257 2.0009316392141616 1.9995982901903073 1.9998008893410055 0.0009765625
2.0009316392141616 2.0009396705866975 1.9995956910708375 1.9997982901903075 0.0009765625
2.0009396705866975 2.0009477019592334 1.9995930919825546 1.9997956910708377 0.0009765625
2.0009477019592334 2.0009557333317689 1.9995904929254968 1.9997930919825548 0.0009765625
2.0009557333317689 2.0009637647043048 1.9995878938996345 1.999790492925497 0.0009765625
2.0009637647043048 2.0009717960768407 1.999585294904983 1.9997878938996347 0.0009765625
2.0009717960768407 2.0009798274493766 1.9995826959415359 1.9997852949049832 0.0009765625
2.0009798274493766 2.0009878588219125 1.9995800970092947 1.9997826959415361 0.0009765625
2.0009878588219125 2.0009958901944485 1.9995774981082586 1.9997800970092949 0.0009765625
2.0009958901944485 2.0010039215669844 1.9995748992384259 1.9997774981082588 0.0009765625
2.0010039215669844 2.0010119529395203 1.9995723003998014 1.9997748992384261 0.0009765625
2.0010119529395203 2.0010199843120562 1.9995697015923708 1.9997723003998016 0.0009765625
2.0010199843120562 2.0010280156845921 1.9995671028161481 1.999769701592371 0.0009765625
2.0010280156845921 2.001036047057128 1.9995645040711265 1.9997671028161483 0.0009765625
2.001036047057128 2.0010440784296639 1.9995619053573008 1.9997645040711267 0.0009765625
2.0010440784296639 2.0010521098021994 1.9995593066746713 1.999761905357301 0.0009765625
2.0010521098021994 2.0010601411747353 1.9995567080232486 1.9997593066746715 0.0009765625
2.0010601411747353 2.0010681725472712 1.9995541094030209 1.9997567080232488 0.0009765625
2.0010681725472712 2.0010762039198071 1.9995515108139936 1.9997541094030211 0.0009765625
2.0010762039198071 2.001084235292343 1.9995489122561585 1.9997515108139938 0.0009765625
2.001084235292343 2.0010922666648789 1.9995463137295324 1.9997489122561587 0.0009765625
2.0010922666648789 2.0011002980374148 1.9995437152345172 1.9997463137299567 0.0009765625
2.0011002980374148 2.0011083294099508 1.9995411167698447 1.999743715234088 0.0009765625
2.0011083294099508 2.0011163607824867 1.9995385183368004 1.9997411167698449 0.0009765625
2.0011163607824867 2.0011243921550226 1.9995359199349516 1.9997385183368006 0.0009765625
2.0011243921550226 2.0011324235275585 1.9995333215642834 1.9997359199349518 0.0009765625
2.0011324235275585 2.0011404549000944 1.999530723224819 1.9997333215642836 0.0009765625
2.0011404549000944 2.0011484862726303 1.9995281249165346 1.9997307232248192 0.0009765625
2.0011484862726303 2.0011565176451662 1.9995255266394569 1.9997281249165348 0.0009765625
2.0011565176451662 2.0011645490177017 1.9995229283935583 1.9997255266394571 0.0009765625
2.0011645490177017 2.0011725803902376 1.9995203301788658 1.9997229283935585 0.0009765625
2.0011725803902376 2.0011806117627735 1.999517731995351 1.999720330178866 0.0009765625
2.0011806117627735 2.0011886431353094 1.9995151338430235 1.9997177319953512 0.0009765625
2.0011886431353094 2.0011966745078453 1.999512535721889 1.9997151338430237 0.0009765625
2.0011966745078453 2.0012047058803812 1.9995099376319436 1.9997125357218892 0.0009765625
2.0012047058803812 2.0012127372529172 1.9995073395731817 1.9997099376319438 0.0009765625
2.0012127372529172 2.0012207686254531 1.9995047415456095 1.9997073395731819 0.0009765625
2.0012207686254531 2.001228799997989 1.9995021435492206 1.9997047415456097 0.0009765625
2.001228799997989 2.0012368313705249 1.9994995455840172 1.9997021435492208 0.0009765625
2.0012368313705249 2.0012448627430608 1.9994969476499966 1.9996995455840174 0.0009765625
2.0012448627430608 2.0012528941155967 1.9994943497471651 1.9996969476499968 0.0009765625
2.0012528941155967 2.0012609254881326 1.9994917518755022 1.9996943497471653 0.0009765625
2.0012609254881326 2.0012689568606685 1.9994891540350344 1.9996917518755024 0.0009765625
2.0012689568606685 2.0012769882332044 1.9994865562257549 1.9996891540350346 0.0009765625
2.0012769882332044 2.0012850196057403 1.9994839584476469 1.9996865562257551 0.0009765625
2.0012850196057403 2.0012930509782763 1.9994813607007245 1.9996839584476471 0.0009765625
2.0012930509782763 2.0013010823508117 1.999478762984972 1.9996813607007247 0.0009765625
2.0013010823508117 2.0013091137233476 1.9994761653004123 1.9996787629849722 0.0009765625
2.0013091137233476 2.0013171450958835 1.9994735676470212 1.9996761653004125 0.0009765625
2.0013171450958835 2.0013251764684195 1.9994709700248188 1.9996735676470214 0.0009765625
2.0013251764684195 2.0013332078409554 1.9994683724337863 1.999670970024819 0.0009765625
2.0013332078409554 2.0013412392134913 1.9994657748739277 1.9996683724337865 0.0009765625
2.0013412392134913 2.0013492705860272 1.9994631773452531 1.9996657748739279 0.0009765625
2.0013492705860272 2.0013573019585631 1.9994605798477532 1.9996631773452533 0.0009765625
2.0013573019585631 2.001365333331099 1.9994579823814249 1.9996605798477534 0.0009765625
2.001365333331099 2.0013733647036349 1.9994553849466958 1.9996579823818443 0.0009765625
2.0013733647036349 2.0013813960761708 1.9994527875422883 1.999655384946275 0.0009765625
2.0013813960761708 2.0013894274487067 1.9994501901694839 1.9996527875422885 0.0009765625
2.0013894274487067 2.0013974588212426 1.9994475928278499 1.9996501901694841 0.0009765625
2.0013974588212426 2.0014054901937786 1.9994449955173883 1.9996475928278501 0.0009765625
2.0014054901937786 2.001413521566314 1.9994423982380913 1.9996449955173885 0.0009765625
2.001413521566314 2.0014215529388499 1.9994398009899705 1.9996423982380915 0.0009765625
2.0014215529388499 2.0014295843113858 1.9994372037730268 1.9996398009899707 0.0009765625
2.0014295843113858 2.0014376156839218 1.9994346065872435 1.999637203773027 0.0009765625
2.0014376156839218 2.0014456470564577 1.9994320094326341 1.9996346065872437 0.0009765625
2.0014456470564577 2.0014536784289936 1.9994294123091825 1.9996320094326343 0.0009765625
2.0014536784289936 2.0014617098015295 1.9994268152169072 1.9996294123091827 0.0009765625
2.0014617098015295 2.0014697411740654 1.9994242181557955 1.9996268152169074 0.0009765625
2.0014697411740654 2.0014777725466013 1.9994216211258473 1.9996242181557957 0.0009765625
2.0014777725466013 2.0014858039191372 1.9994190241270697 1.9996216211258475 0.0009765625
2.0014858039191372 2.0014938352916731 1.9994164271594534 1.9996190241270699 0.0009765625
2.0014938352916731 2.001501866664209 1.9994138302230053 1.9996164271594536 0.0009765625
2.001501866664209 2.0015098980367445 1.9994112333177165 1.9996138302230055 0.0009765625
2.0015098980367445 2.0015179294092804 1.9994086364435941 1.9996112333177167 0.0009765625
2.0015179294092804 2.0015259607818163 1.999406039600633 1.9996086364435943 0.0009765625
2.0015259607818163 2.0015339921543522 1.999403442788825 1.9996060396006332 0.0009765625
2.0015339921543522 2.0015420235268881 1.999400846008188 1.9996034427888252 0.0009765625
2.0015420235268881 2.0015500548994241 1.9993982492587001 1.9996008460081882 0.0009765625
2.0015500548994241 2.00155808627196 1.9993956525403942 1.9995982492587003 0.0009765625
2.00155808627196 2.0015661176444959 1.9993930558532285 1.9995956525403944 0.0009765625
2.0015661176444959 2.0015741490170318 1.9993904591972236 1.9995930558532287 0.0009765625
2.0015741490170318 2.0015821803895677 1.9993878625723758 1.9995904591972238 0.0009765625
2.0015821803895677 2.0015902117621036 1.9993852659786882 1.999587862572376 0.0009765625
2.0015902117621036 2.0015982431346391 1.9993826694161556 1.9995852659786884 0.0009765625
2.0015982431346391 2.001606274507175 1.9993800728847819 1.9995826694161558 0.0009765625
2.001606274507175 2.0016143058797109 1.9993774763845662 1.9995800728847821 0.0009765625
2.0016143058797109 2.0016223372522468 1.9993748799154925 1.9995774763845664 0.0009765625
2.0016223372522468 2.0016303686247827 1.9993722834775778 1.9995748799154927 0.0009765625
2.0016303686247827 2.0016383999973186 1.9993696870708244 1.999572283477578 0.0009765625
2.0016383999973186 2.0016544627423905 1.9993644943511872 1.9995696870712476 0.0009765625
2.0016544627423905 2.0016705254874623 1.9993593017553095 1.9995644943507651 0.0009765625
2.0016705254874623 2.0016865882325341 1.9993541092844467 1.9995593017553097 0.0009765625
2.0016865882325341 2.0017026509776055 1.9993489169381928 1.9995541092844469 0.0009765625
2.0017026509776055 2.0017187137226773 1.9993437247165242 1.999548916938193 0.0009765625
2.0017187137226773 2.0017347764677491 1.9993385326194422 1.9995437247165244 0.0009765625
2.0017347764677491 2.0017508392128209 1.9993333406469393 1.9995385326194424 0.0009765625
2.0017508392128209 2.0017669019578928 1.9993281487990002 1.9995333406469395 0.0009765625
2.0017669019578928 2.0017829647029646 1.9993229570756357 1.9995281487990004 0.0009765625
2.0017829647029646 2.0017990274480364 1.9993177654768433 1.9995229570756359 0.0009765625
2.0017990274480364 2.0018150901931078 1.9993125740026032 1.9995177654768435 0.0009765625
2.0018150901931078 2.0018311529381796 1.9993073826529257 1.9995125740026034 0.0009765625
2.0018311529381796 2.0018472156832514 1.9993021914277893 1.9995073826529259 0.0009765625
2.0018472156832514 2.0018632784283232 1.9992970003271935 1.9995021914277895 0.0009765625
2.0018632784283232 2.0018793411733951 1.99929180935115 1.9994970003271937 0.0009765625
2.0018793411733951 2.0018954039184669 1.9992866184996281 1.9994918093511502 0.0009765625
2.0018954039184669 2.0019114666635387 1.9992814277726438 1.9994866184996283 0.0009765625
2.0019114666635387 2.0019275294086101 1.9992762371701722 1.999481427772644 0.0009765625
2.0019275294086101 2.0019435921536819 1.9992710466922308 1.9994762371701724 0.0009765625
2.0019435921536819 2.0019596548987537 1.9992658563387968 1.999471046692231 0.0009765625
2.0019596548987537 2.0019757176438255 1.999260666109872 1.999465856338797 0.0009765625
2.0019757176438255 2.0019917803888974 1.9992554760054573 1.9994606661098722 0.0009765625
2.0019917803888974 2.0020078431339692 1.9992502860255283 1.9994554760054575 0.0009765625
2.0020078431339692 2.0020239058790406 1.9992450961701025 1.9994502860255285 0.0009765625
2.0020239058790406 2.0020399686241124 1.9992399064391593 1.9994450961701027 0.0009765625
2.0020399686241124 2.0020560313691842 1.9992347168326987 1.9994399064391595 0.0009765625
2.0020560313691842 2.002072094114256 1.9992295273507277 1.9994347168326989 0.0009765625
2.002072094114256 2.0020881568593278 1.9992243379932104 1.9994295273507279 0.0009765625
2.0020881568593278 2.0021042196043997 1.9992191487601751 1.9994243379932106 0.0009765625
2.0021042196043997 2.0021202823494715 1.999213959651599 1.9994191487601753 0.0009765625
2.0021202823494715 2.0021363450945429 1.9992087706674708 1.9994139596515992 0.0009765625
2.0021363450945429 2.0021524078396147 1.9992035818078062 1.999408770667471 0.0009765625
2.0021524078396147 2.0021684705846865 1.9991983930725856 1.9994035818078064 0.0009765625
2.0021684705846865 2.0021845333297583 1.9991932044618048 1.9993983930725858 0.0009765625
2.0021845333297583 2.0022005960748301 1.999188015975877 1.9993932044622196 0.0009765625
2.0022005960748301 2.002216658819902 1.9991828276135541 1.9993880159754607 0.0009765625
2.002216658819902 2.0022327215649733 1.9991776393760674 1.9993828276135543 0.0009765625
2.0022327215649733 2.0022487843100452 1.999172451263008 1.9993776393760676 0.0009765625
2.0022487843100452 2.002264847055117 1.9991672632743624 1.9993724512630082 0.0009765625
2.002264847055117 2.0022809098001888 1.9991620754101289 1.9993672632743626 0.0009765625
2.0022809098001888 2.0022969725452606 1.9991568876702992 1.9993620754101291 0.0009765625
2.0022969725452606 2.0023130352903324 1.9991517000548769 1.9993568876702994 0.0009765625
2.0023130352903324 2.0023290980354038 1.9989465125638448 1.999551700054877 0.0009765625
2.0023290980354038 2.0023451607804756 1.9989413251972137 1.999546512563845 0.0009765625
2.0023451607804756 2.0023612235255475 1.9989361379549548 1.9995413251972138 0.0009765625
2.0023612235255475 2.0023772862706193 1.9989309508370812 1.999536137954955 0.0009765625
2.0023772862706193 2.0023933490156911 1.9989257638435929 1.9995309508370813 0.0009765625
2.0023933490156911 2.0024094117607629 1.9989205769744651 1.999525763843593 0.0009765625
2.0024094117607629 2.0024254745058343 1.9989153902297108 1.9995205769744653 0.0009765625
2.0024254745058343 2.0024415372509061 1.9989102036093105 1.9995153902297109 0.0009765625
2.0024415372509061 2.0024575999959779 1.9989050171132678 1.9995102036093106 0.0009765625
2.0024575999959779 2.0024736627410498 1.9988998307415733 1.999505017113268 0.0009765625
2.0024736627410498 2.0024897254861216 1.998894644494233 1.9994998307415734 0.0009765625
2.0024897254861216 2.002505788231193 1.9988894583712251 1.9994946444942332 0.0009765625
2.002505788231193 2.0025218509762648 1.9988842723725444 1.9994894583712253 0.0009765625
2.0025218509762648 2.0025379137213366 1.9988790864982124 1.9994842723725446 0.0009765625
2.0025379137213366 2.0025539764664084 1.998873900748195 1.9994790864982126 0.0009765625
2.0025539764664084 2.0025700392114802 1.9988687151224964 1.9994739007481952 0.0009765625
2.0025700392114802 2.0025861019565521 1.9988635296211192 1.9994687151224966 0.0009765625
2.0025861019565521 2.0026021647016234 1.9988583442440504 1.9994635296211194 0.0009765625
2.0026021647016234 2.0026182274466953 1.998853158991285 1.9994583442440506 0.0009765625
2.0026182274466953 2.0026342901917671 1.9988479738628089 1.9994531589912852 0.0009765625
2.0026342901917671 2.0026503529368389 1.9988427888586393 1.999447973862809 0.0009765625
2.0026503529368389 2.0026664156819107 1.9988376039787588 1.9994427888586395 0.0009765625
2.0026664156819107 2.0026824784269825 1.9988324192231575 1.9994376039787589 0.0009765625
2.0026824784269825 2.0026985411720539 1.998827234591841 1.9994324192231576 0.0009765625
2.0026985411720539 2.0027146039171257 1.9988220500848004 1.9994272345918411 0.0009765625
2.0027146039171257 2.0027306666621976 1.998816865702016 1.9994220500848006 0.0009765625
2.0027306666621976 2.0027467294072694 1.998811681443929 1.99941686570243 0.0009765625
2.0027467294072694 2.0027627921523412 1.9988064973092539 1.9994116814435146 0.0009765625
2.0027627921523412 2.002778854897413 1.9988013132992513 1.999406497309254 0.0009765625
2.002778854897413 2.0027949176424844 1.9987961294134968 1.9994013132992514 0.0009765625
2.0027949176424844 2.0028109803875562 1.9987909456519986 1.999396129413497 0.0009765625
2.0028109803875562 2.002827043132628 1.998785762014722 1.9993909456519987 0.0009765625
2.002827043132628 2.0028431058776999 1.9987805785016928 1.9993857620147222 0.0009765625
2.0028431058776999 2.0028591686227717 1.9987753951128875 1.9993805785016929 0.0009765625
2.0028591686227717 2.0028752313678435 1.9987702118483013 1.9993753951128876 0.0009765625
2.0028752313678435 2.0028912941129153 1.9987650287079386 1.9993702118483014 0.0009765625
2.0028912941129153 2.0029073568579867 1.9987598456917834 1.9993650287079388 0.0009765625
2.0029073568579867 2.0029234196030585 1.9987546627998383 1.9993598456917836 0.0009765625
2.0029234196030585 2.0029394823481304 1.998749480032094 1.9993546627998384 0.0009765625
2.0029394823481304 2.0029555450932022 1.9987442973885534 1.9993494800320941 0.0009765625
2.0029555450932022 2.002971607838274 1.9987391148691978 1.9993442973885536 0.0009765625
2.002971607838274 2.0029876705833458 1.9987339324740383 1.9993391148691979 0.0009765625
2.0029876705833458 2.0030037333284172 1.9987287502030546 1.9993339324740385 0.0009765625
2.0030037333284172 2.003019796073489 1.9987235680562572 1.9993287502030548 0.0009765625
2.003019796073489 2.0030358588185608 1.9987183860336233 1.9993235680562573 0.0009765625
2.0030358588185608 2.0030519215636327 1.9987132041351638 1.9993183860336234 0.0009765625
2.0030519215636327 2.0030679843087045 1.9987080223608551 1.999313204135164 0.0009765625
2.0030679843087045 2.0030840470537763 1.9987028407107164 1.9993080223608553 0.0009765625
2.0030840470537763 2.0031001097988481 1.9986976591847299 1.9993028407107165 0.0009765625
2.0031001097988481 2.0031161725439195 1.9986924777828856 1.99929765918473 0.0009765625
2.0031161725439195 2.0031322352889913 1.9986872965051821 1.9992924777828858 0.0009765625
2.0031322352889913 2.0031482980340631 1.9986821153516174 1.9992872965051822 0.0009765625
2.0031482980340631 2.003164360779135 1.9986769343221844 1.9992821153516176 0.0009765625
2.003164360779135 2.0031804235242068 1.9986717534168794 1.9992769343221846 0.0009765625
2.0031804235242068 2.0031964862692786 1.9986665726356965 1.9992717534168796 0.0009765625
2.0031964862692786 2.0032125490143504 1.9986613919786285 1.9992665726356966 0.0009765625
2.0032125490143504 2.0032286117594218 1.9986562114456703 1.9992613919786286 0.0009765625
2.0032286117594218 2.0032446745044936 1.9986510310368142 1.9992562114456705 0.0009765625
2.0032446745044936 2.0032607372495654 1.9986458507520684 1.9992510310368143 0.0009765625
2.0032607372495654 2.0032767999946373 1.9986406705914157 1.9992458507520685 0.0009765625
2.0032767999946373 2.0033089254847809 1.9986303106427978 1.9992406705918311 0.0009765625
2.0033089254847809 2.0033410509749241 1.9986199511896774 1.9992303106423905 0.0009765625
2.0033410509749241 2.0033731764650677 1.9986095922332461 1.9992199511896775 0.0009765625
2.0033731764650677 2.0034053019552114 1.9985992337730623 1.9992095922332462 0.0009765625
2.0034053019552114 2.0034374274453546 1.9985888758090795 1.9991992337730624 0.0009765625
2.0034374274453546 2.0034695529354982 1.9985785183412634 1.9991888758090797 0.0009765625
2.0034695529354982 2.0035016784256419 1.9985681613695618 1.9991785183412636 0.0009765625
2.0035016784256419 2.0035338039157851 1.9985578048939481 1.999168161369562 0.0009765625
2.0035338039157851 2.0035659294059287 1.9985474489143749 1.9991578048939482 0.0009765625
2.0035659294059287 2.0035980548960723 1.9985370934307933 1.999147448914375 0.0009765625
2.0035980548960723 2.0036301803862155 1.998526738443178 1.9991370934307935 0.0009765625
2.0036301803862155 2.0036623058763592 1.9985163839514792 1.9991267384431781 0.0009765625
2.0036623058763592 2.0036944313665028 1.9985060299556505 1.9991163839514794 0.0009765625
2.0036944313665028 2.003726556856646 1.9984956764556732 1.9991060299556507 0.0009765625
2.003726556856646 2.0037586823467897 1.9984853234514837 1.9990956764556733 0.0009765625
2.0037586823467897 2.0037908078369333 1.9984749709430623 1.9990853234514838 0.0009765625
2.0037908078369333 2.0038229333270765 1.998464618930353 1.9990749709430624 0.0009765625
2.0038229333270765 2.0038550588172201 1.9984542674133021 1.9990646189303531 0.0009765625
2.0038550588172201 2.0038871843073638 1.9984439163919041 1.9990542674133023 0.0009765625
2.0038871843073638 2.0039193097975074 1.9984335658660954 1.9990439163919043 0.0009765625
2.0039193097975074 2.0039514352876506 1.9984232158358437 1.9990335658660956 0.0009765625
2.0039514352876506 2.0039835607777943 1.9984128663010992 1.9990232158358439 0.0009765625
2.0039835607777943 2.0040156862679379 1.9984025172618292 1.9990128663010993 0.0009765625
2.0040156862679379 2.0040478117580811 1.9983921687179977 1.9990025172618293 0.0009765625
2.0040478117580811 2.0040799372482248 1.9983818206695592 1.9989921687179979 0.0009765625
2.0040799372482248 2.0041120627383684 1.9983714731164657 1.9989818206695593 0.0009765625
2.0041120627383684 2.0041441882285116 1.9983611260586824 1.9989714731164658 0.0009765625
2.0041441882285116 2.0041763137186552 1.9983507794961703 1.9989611260586826 0.0009765625
2.0041763137186552 2.0042084392087989 1.9983404334288886 1.9989507794961705 0.0009765625
2.0042084392087989 2.0042405646989421 1.9983300878568033 1.9989404334288887 0.0009765625
2.0042405646989421 2.0042726901890857 1.9983197427798594 1.9989300878568035 0.0009765625
2.0042726901890857 2.0043048156792294 1.998309398198034 1.9989197427798595 0.0009765625
2.0043048156792294 2.0043369411693726 1.9982990541112593 1.9989093981980341 0.0009765625
2.0043369411693726 2.0043690666595162 1.9982887105195311 1.9988990541112595 0.0009765625
2.0043690666595162 2.0044011921496598 1.9982783674231863 1.9988887105199422 0.0009765625
2.0044011921496598 2.004433317639803 1.998268024820977 1.9988783674227828 0.0009765625
2.004433317639803 2.0044654431299467 1.9982576827140837 1.9988680248209771 0.0009765625
2.0044654431299467 2.0044975686200903 1.9982473411020534 1.9988576827140838 0.0009765625
2.0044975686200903 2.004529694110234 1.998236999984849 1.9988473411020535 0.0009765625
2.004529694110234 2.0045618196003772 1.9982266593624303 1.9988369999848492 0.0009765625
2.0045618196003772 2.0045939450905208 1.9982163192347571 1.9988266593624304 0.0009765625
2.0045939450905208 2.0046260705806644 1.9982059796017857 1.9988163192347572 0.0009765625
2.0046260705806644 2.0046581960708076 1.9981956404634744 1.9988059796017859 0.0009765625
2.0046581960708076 2.0046903215609513 1.9981853018197984 1.9987956404634746 0.0009765625
2.0046903215609513 2.0047224470510949 1.998174963670694 1.9987853018197985 0.0009765625
2.0047224470510949 2.0047545725412381 1.9981646260161383 1.9987749636706942 0.0009765625
2.0047545725412381 2.0047866980313818 1.9981542888560935 1.9987646260161385 0.0009765625
2.0047866980313818 2.0048188235215254 1.9981439521904951 1.9987542888560936 0.0009765625
2.0048188235215254 2.004850949011669 1.9981336160193237 1.9987439521904953 0.0009765625
2.004850949011669 2.0048830745018122 1.9981232803425431 1.9987336160193239 0.0009765625
2.0048830745018122 2.0049151999919559 1.998112945160085 1.9987232803425432 0.0009765625
2.0049151999919559 2.0049473254820995 1.9981026104719428 1.9987129451600851 0.0009765625
2.0049473254820995 2.0049794509722427 1.9980922762780526 1.998702610471943 0.0009765625
2.0049794509722427 2.0050115764623864 1.998081942578388 1.9986922762780528 0.0009765625
2.0050115764623864 2.00504370195253 1.998071609372897 1.9986819425783882 0.0009765625
2.00504370195253 2.0050758274426737 1.9980612766615526 1.9986716093728971 0.0009765625
2.0050758274426737 2.0051079529328169 1.9980509444443 1.9986612766615528 0.0009765625
2.0051079529328169 2.0051400784229605 1.9980406127211081 1.9986509444443001 0.0009765625
2.0051400784229605 2.0051722039131041 1.9980302814919322 1.9986406127211083 0.0009765625
2.0051722039131041 2.0052043294032473 1.998019950756738 1.9986302814919323 0.0009765625
2.0052043294032473 2.005236454893391 1.9980096205154787 1.9986199507567382 0.0009765625
2.005236454893391 2.0052685803835346 1.997999290768119 1.9986096205154789 0.0009765625
2.0052685803835346 2.0053007058736778 1.9979889615146138 1.9985992907681192 0.0009765625
2.0053007058736778 2.0053328313638215 1.9979786327549227 1.998588961514614 0.0009765625
2.0053328313638215 2.0053649568539651 1.997968304489014 1.9985786327549229 0.0009765625
2.0053649568539651 2.0053970823441087 1.9979579767168392 1.9985683044890141 0.0009765625
2.0053970823441087 2.0054292078342519 1.9979476494383581 1.9985579767168393 0.0009765625
2.0054292078342519 2.0054613333243956 1.9979373226535382 1.9985476494383583 0.0009765625
2.0054613333243956 2.0054934588145392 1.9979269963627282 1.9985373226539391 0.0009765625
2.0054934588145392 2.0055255843046824 1.9979166705646909 1.9985269963623202 0.0009765625
2.0055255843046824 2.0055577097948261 1.9979063452605881 1.9985166705646911 0.0009765625
2.0055577097948261 2.0055898352849697 1.9978960204499847 1.9985063452605882 0.0009765625
2.0055898352849697 2.0056219607751129 1.9978856961328286 1.9984960204499849 0.0009765625
2.0056219607751129 2.0056540862652565 1.9978753723090878 1.9984856961328288 0.0009765625
2.0056540862652565 2.0056862117554002 1.9978650489787264 1.998475372309088 0.0009765625
2.0056862117554002 2.0057183372455434 1.9978547261416928 1.9984650489787266 0.0009765625
2.0057183372455434 2.005750462735687 1.997844403797957 1.9984547261416929 0.0009765625
2.005750462735687 2.0057825882258307 1.9978340819474698 1.9984444037979572 0.0009765625
2.0057825882258307 2.0058147137159739 1.9978237605901947 1.99843408194747 0.0009765625
2.0058147137159739 2.0058468392061175 1.9978134397260996 1.9984237605901949 0.0009765625
2.0058468392061175 2.0058789646962611 1.9978031193551276 1.9984134397260997 0.0009765625
2.0058789646962611 2.0059110901864043 1.997792799477246 1.9984031193551277 0.0009765625
2.0059110901864043 2.005943215676548 1.9977824800924184 1.9983927994772461 0.0009765625
2.005943215676548 2.0059753411666916 1.9977721612006059 1.9983824800924186 0.0009765625
2.0059753411666916 2.0060074666568353 1.9977618428017641 1.998372161200606 0.0009765625
2.0060074666568353 2.0060395921469785 1.9977515248958488 1.9983618428017642 0.0009765625
2.0060395921469785 2.0060717176371221 1.9977412074828262 1.998351524895849 0.0009765625
2.0060717176371221 2.0061038431272658 1.9977308905626547 1.9983412074828264 0.0009765625
2.0061038431272658 2.0061359686174089 1.9977205741352999 1.9983308905626549 0.0009765625
2.0061359686174089 2.0061680941075526 1.9977102582007036 1.9983205741353001 0.0009765625
2.0061680941075526 2.0062002195976962 1.9976999427588404 1.9983102582007037 0.0009765625
2.0062002195976962 2.0062323450878394 1.997689627809671 1.9982999427588406 0.0009765625
2.0062323450878394 2.0062644705779831 1.9976793133531581 1.9982896278096711 0.0009765625
2.0062644705779831 2.0062965960681267 1.9976689993892369 1.9982793133531582 0.0009765625
2.0062965960681267 2.0063287215582699 1.9976586859178918 1.9982689993892371 0.0009765625
2.0063287215582699 2.0063608470484136 1.9976483729390753 1.9982586859178919 0.0009765625
2.0063608470484136 2.0063929725385572 1.9976380604527553 1.9982483729390754 0.0009765625
2.0063929725385572 2.0064250980287004 1.9976277484588776 1.9982380604527554 0.0009765625
2.0064250980287004 2.006457223518844 1.9976174369574085 1.9982277484588777 0.0009765625
2.006457223518844 2.0064893490089877 1.9976071259483106 1.9982174369574086 0.0009765625
2.0064893490089877 2.0065214744991309 1.9975968154315362 1.9982071259483107 0.0009765625
2.0065214744991309 2.0065535999892745 1.9975865054070592 1.9981968154315364 0.0009765625
2.0065535999892745 2.0066178509695614 1.9975658868351964 1.998186505407457 0.0009765625
2.0066178509695614 2.0066821019498486 1.9975452702312149 1.9981658868347982 0.0009765625
2.0066821019498486 2.0067463529301355 1.9975246555959636 1.998145270231215 0.0009765625
2.0067463529301355 2.0068106039104228 1.9975040429287674 1.9981246555959638 0.0009765625
2.0068106039104228 2.0068748548907096 1.9974834322292621 1.9981040429287675 0.0009765625
2.0068748548907096 2.0069391058709964 1.9974628234971485 1.9980834322292622 0.0009765625
2.0069391058709964 2.0070033568512837 1.9974422167321082 1.9980628234971487 0.0009765625
2.0070033568512837 2.0070676078315706 1.9974216119338117 1.9980422167321084 0.0009765625
2.0070676078315706 2.0071318588118574 1.9974010091019421 1.9980216119338119 0.0009765625
2.0071318588118574 2.0071961097921447 1.9973804082361808 1.9980010091019422 0.0009765625
2.0071961097921447 2.0072603607724315 1.9973598093361953 1.9979804082361809 0.0009765625
2.0072603607724315 2.0073246117527188 1.9973392124016913 1.9979598093361954 0.0009765625
2.0073246117527188 2.0073888627330057 1.997318617432323 1.9979392124016915 0.0009765625
2.0073888627330057 2.0074531137132925 1.9972980244277854 1.9979186174323231 0.0009765625
2.0074531137132925 2.0075173646935798 1.9972774333877528 1.9978980244277855 0.0009765625
2.0075173646935798 2.0075816156738666 1.997256844311905 1.9978774333877529 0.0009765625
2.0075816156738666 2.0076458666541539 1.9972362571999134 1.9978568443119051 0.0009765625
2.0076458666541539 2.0077101176344407 1.9972156720514809 1.9978362571999135 0.0009765625
2.0077101176344407 2.0077743686147276 1.9971950888662704 1.997815672051481 0.0009765625
2.0077743686147276 2.0078386195950149 1.9971745076439642 1.9977950888662706 0.0009765625
2.0078386195950149 2.0079028705753017 1.9971539283842465 1.9977745076439644 0.0009765625
2.0079028705753017 2.0079671215555885 1.9971333510868015 1.9977539283842467 0.0009765625
2.0079671215555885 2.0080313725358758 1.9971127757512992 1.9977333510868016 0.0009765625
2.0080313725358758 2.0080956235161627 1.9970922023774229 1.9977127757512994 0.0009765625
2.0080956235161627 2.0081598744964499 1.9970716309648653 1.9976922023774231 0.0009765625
2.0081598744964499 2.0082241254767368 1.9970510615132926 1.9976716309648654 0.0009765625
2.0082241254767368 2.0082883764570236 1.997030494022384 1.9976510615132927 0.0009765625
2.0082883764570236 2.0083526274373109 1.9970099284918386 1.9976304940223841 0.0009765625
2.0083526274373109 2.0084168784175978 1.9969893649213133 1.9976099284918387 0.0009765625
2.0084168784175978 2.0084811293978846 1.9969688033105197 1.9975893649213134 0.0009765625
2.0084811293978846 2.0085453803781719 1.9969482436591086 1.9975688033105199 0.0009765625
2.0085453803781719 2.0086096313584587 1.9969276859667806 1.9975482436591088 0.0009765625
2.0086096313584587 2.008673882338746 1.9969071302332082 1.9975276859667808 0.0009765625
2.008673882338746 2.0087381333190328 1.9968865764580837 1.9975071302332084 0.0009765625
2.0087381333190328 2.0088023842993197 1.996866024641456 1.9974865764584664 0.0009765625
2.0088023842993197 2.008866635279607 1.9968454747818523 1.9974660246410625 0.0009765625
2.008866635279607 2.0089308862598938 1.9968249268801248 1.9974454747818524 0.0009765625
2.0089308862598938 2.0089951372401806 1.9968043809355642 1.997424926880125 0.0009765625
2.0089951372401806 2.0090593882204679 1.9967838369478517 1.9974043809355644 0.0009765625
2.0090593882204679 2.0091236392007548 1.9967632949166632 1.9973838369478518 0.0009765625
2.0091236392007548 2.0091878901810416 1.9967427548416883 1.9973632949166633 0.0009765625
2.0091878901810416 2.0092521411613289 1.9967222167226177 1.9973427548416884 0.0009765625
2.0092521411613289 2.0093163921416157 1.9967016805591118 1.9973222167226179 0.0009765625
2.0093163921416157 2.009380643121903 1.9966811463508576 1.9973016805591119 0.0009765625
2.009380643121903 2.0094448941021898 1.9966606140975516 1.9972811463508577 0.0009765625
2.0094448941021898 2.0095091450824767 1.996640083798872 1.9972606140975517 0.0009765625
2.0095091450824767 2.009573396062764 1.9966195554544808 1.9972400837988722 0.0009765625
2.009573396062764 2.0096376470430508 1.9965990290640794 1.9972195554544809 0.0009765625
2.0096376470430508 2.0097018980233377 1.9965785046273585 1.9971990290640795 0.0009765625
2.0097018980233377 2.0097661490036249 1.996557982143973 1.9971785046273587 0.0009765625
2.0097661490036249 2.0098303999839118 1.9965374616136362 1.9971579821439731 0.0009765625
2.0098303999839118 2.0098946509641986 1.9965169430360061 1.9971374616136364 0.0009765625
2.0098946509641986 2.0099589019444859 1.9964964264107798 1.9971169430360063 0.0009765625
2.0099589019444859 2.0100231529247727 1.9964759117376387 1.99709642641078 0.0009765625
2.0100231529247727 2.0100874039050596 1.9964553990162512 1.9970759117376389 0.0009765625
2.0100874039050596 2.0101516548853469 1.9964348882463228 1.9970553990162514 0.0009765625
2.0101516548853469 2.0102159058656337 1.996414379427516 1.9970348882463229 0.0009765625
2.0102159058656337 2.0102801568459205 1.996393872559534 1.9970143794275161 0.0009765625
2.0102801568459205 2.0103444078262078 1.9963733676420381 1.9969938725595342 0.0009765625
2.0103444078262078 2.0104086588064947 1.9963528646747282 1.9969733676420383 0.0009765625
2.0104086588064947 2.0104729097867819 1.9963323636572921 1.9969528646747283 0.0009765625
2.0104729097867819 2.0105371607670688 1.9963118645893869 1.9969323636572922 0.0009765625
2.0105371607670688 2.0106014117473556 1.9962913674707268 1.9969118645893871 0.0009765625
2.0106014117473556 2.0106656627276429 1.996270872300971 1.9968913674707269 0.0009765625
2.0106656627276429 2.0107299137079298 1.9962503790798198 1.9968708723009712 0.0009765625
2.0107299137079298 2.0107941646882166 1.996229887806948 1.99685037907982 0.0009765625
2.0107941646882166 2.0108584156685039 1.9962093984820468 1.9968298878069481 0.0009765625
2.0108584156685039 2.0109226666487907 1.9961889111047817 1.996809398482047 0.0009765625
2.0109226666487907 2.0109869176290776 1.9961684256752517 1.9967889111051689 0.0009765625
2.0109869176290776 2.0110511686093648 1.9961479421919561 1.9967684256748672 0.0009765625
2.0110511686093648 2.0111154195896517 1.9961274606557409 1.9967479421919563 0.0009765625
2.0111154195896517 2.011179670569939 1.996106981065934 1.996727460655741 0.0009765625
2.011179670569939 2.0112439215502258 1.9960865034221835 1.9967069810659341 0.0009765625
2.0112439215502258 2.0113081725305126 1.9960660277241833 1.9966865034221837 0.0009765625
2.0113081725305126 2.0113724235107999 1.9960455539716266 1.9966660277241834 0.0009765625
2.0113724235107999 2.0114366744910868 1.9960250821641949 1.9966455539716268 0.0009765625
2.0114366744910868 2.0115009254713736 1.9960046123015651 1.9966250821641951 0.0009765625
2.0115009254713736 2.0115651764516609 1.9959841443834303 1.9966046123015653 0.0009765625
2.0115651764516609 2.0116294274319477 1.9959636784094703 1.9965841443834305 0.0009765625
2.0116294274319477 2.011693678412235 1.9959432143793783 1.9965636784094705 0.0009765625
2.011693678412235 2.0117579293925218 1.9959227522928256 1.9965432143793784 0.0009765625
2.0117579293925218 2.0118221803728087 1.9959022921495091 1.9965227522928257 0.0009765625
2.0118221803728087 2.011886431353096 1.9958818339491027 1.9965022921495093 0.0009765625
2.011886431353096 2.0119506823333828 1.9958613776913023 1.9964818339491028 0.0009765625
2.0119506823333828 2.0120149333136697 1.9958409233757759 1.9964613776913025 0.0009765625
2.0120149333136697 2.0120791842939569 1.9958204710022367 1.9964409233757761 0.0009765625
2.0120791842939569 2.0121434352742438 1.9958000205703426 1.9964204710022369 0.0009765625
2.0121434352742438 2.0122076862545311 1.9957795720797951 1.9964000205703427 0.0009765625
2.0122076862545311 2.0122719372348179 1.9957591255302807 1.9963795720797952 0.0009765625
2.0122719372348179 2.0123361882151047 1.9957386809214652 1.9963591255302808 0.0009765625
2.0123361882151047 2.012400439195392 1.9957182382530525 1.9963386809214654 0.0009765625
2.012400439195392 2.0124646901756789 1.9956977975247261 1.9963182382530527 0.0009765625
2.0124646901756789 2.0125289411559661 1.9956773587361714 1.9962977975247262 0.0009765625
2.0125289411559661 2.012593192136253 1.9956569218870648 1.9962773587361715 0.0009765625
2.012593192136253 2.0126574431165398 1.9956364869771013 1.9962569218870649 0.0009765625
2.0126574431165398 2.0127216940968271 1.9956160540059718 1.9962364869771014 0.0009765625
2.0127216940968271 2.0127859450771139 1.9955956229733489 1.9962160540059719 0.0009765625
2.0127859450771139 2.0128501960574008 1.9955751938789201 1.9961956229733491 0.0009765625
2.0128501960574008 2.0129144470376881 1.9955547667223814 1.9961751938789203 0.0009765625
2.0129144470376881 2.0129786980179749 1.9955343415034128 1.9961547667223816 0.0009765625
2.0129786980179749 2.0130429489982622 1.9955139182216988 1.996134341503413 0.0009765625
2.0130429489982622 2.013107199978549 1.995493496876922 1.9961139182216989 0.0009765625
2.013107199978549 2.0137625599774767 1.9952853097260348 1.9960934968773001 0.0009765625
2.0137625599774767 2.0144179199764038 1.9950773237289816 1.9958853097256553 0.0009765625
2.0144179199764038 2.0150732799753315 1.9948695385552786 1.9956773237289818 0.0009765625
2.0150732799753315 2.0157286399742587 1.9946619538736772 1.9954695385552788 0.0009765625
2.0157286399742587 2.0163839999731863 1.9944545693540732 1.9952619538736773 0.0009765625
2.0163839999731863 2.0170393599721139 1.9942473846671505 1.9950545693540733 0.0009765625
2.0170393599721139 2.0176947199710411 1.9940403994843368 1.9948473846671506 0.0009765625
2.0176947199710411 2.0183500799699687 1.993833613477825 1.9946403994843369 0.0009765625
2.0183500799699687 2.0190054399688959 1.9936270263205649 1.9944336134778251 0.0009765625
2.0190054399688959 2.0196607999678236 1.993420637686254 1.994227026320565 0.0009765625
2.0196607999678236 2.0203161599667512 1.9932144472493747 1.9940206376862541 0.0009765625
2.0203161599667512 2.0209715199656784 1.9930084546851217 1.9938144472493748 0.0009765625
2.0209715199656784 2.021626879964606 1.9928026596694572 1.9936084546851218 0.0009765625
2.021626879964606 2.0222822399635332 1.9925970618791022 1.9934026596694574 0.0009765625
2.0222822399635332 2.0229375999624608 1.9923916609914956 1.9931970618791024 0.0009765625
2.0229375999624608 2.0235929599613884 1.9921864566848497 1.9929916609914957 0.0009765625
2.0235929599613884 2.0242483199603156 1.9919814486380978 1.9927864566848499 0.0009765625
2.0242483199603156 2.0249036799592433 1.9917766365309058 1.9925814486380979 0.0009765625
2.0249036799592433 2.0255590399581704 1.9915720200437095 1.9923766365309059 0.0009765625
2.0255590399581704 2.0262143999570981 1.9913675988576252 1.9921720200437096 0.0009765625
2.0262143999570981 2.0275251199549529 1.990959341117416 1.991967598857961 0.0009765625
2.0275251199549529 2.0288358399528077 1.9905518607730559 1.9915593411170802 0.0009765625
2.0288358399528077 2.030146559950663 1.990145155300912 1.9911518607730561 0.0009765625
2.030146559950663 2.0314572799485178 1.989739222187576 1.9907451553009121 0.0009765625
2.0314572799485178 2.0327679999463726 1.9893340589314161 1.9903392221875762 0.0009765625
2.0327679999463726 2.0340787199442274 1.9889296630422102 1.9899340589314163 0.0009765625
2.0340787199442274 2.0353894399420822 1.9885260320411087 1.9895296630422104 0.0009765625
2.0353894399420822 2.0367001599399375 1.9881231634604746 1.9891260320411088 0.0009765625
2.0367001599399375 2.0380108799377923 1.9877210548439059 1.9887231634604747 0.0009765625
2.0380108799377923 2.0393215999356471 1.9873197037461441 1.9883210548439061 0.0009765625
2.0393215999356471 2.0406323199335019 1.9869191077329929 1.9879197037461442 0.0009765625
2.0406323199335019 2.0419430399313567 1.9865192643812677 1.987519107732993 0.0009765625
2.0419430399313567 2.043253759929212 1.9861201712787226 1.9871192643812678 0.0009765625
2.043253759929212 2.0445644799270668 1.9857218260240062 1.9867201712787228 0.0009765625
2.0445644799270668 2.0458751999249216 1.9853242262265791 1.9863218260240063 0.0009765625
2.0458751999249216 2.0471859199227764 1.9849273695066465 1.9859242262265793 0.0009765625
2.0471859199227764 2.0484966399206312 1.9845312534951269 1.9855273695066467 0.0009765625
2.0484966399206312 2.0498073599184865 1.9841358758335765 1.9851312534951271 0.0009765625
2.0498073599184865 2.0511180799163413 1.9837412341740637 1.9847358758335767 0.0009765625
2.0511180799163413 2.0524287999141961 1.9833473261792496 1.9843412341740638 0.0009765625
2.0524287999141961 2.0550502399099058 1.9825617018866251 1.9839473261795313 0.0009765625
2.0550502399099058 2.0576716799056158 1.981778984463725 1.9831617018863523 0.0009765625
2.0576716799056158 2.0602931199013255 1.9809991555845701 1.9823789844637252 0.0009765625
2.0602931199013255 2.0629145598970355 1.9802221970845224 1.9815991555845702 0.0009765625
2.0629145598970355 2.0655359998927452 1.9794480909598249 1.9808221970845226 0.0009765625
2.0655359998927452 2.0681574398884548 1.9786768193654998 1.980048090959825 0.0009765625
2.0681574398884548 2.0707788798841649 1.9779083646135243 1.9792768193654999 0.0009765625
2.0707788798841649 2.0734003198798745 1.9771427091711178 1.9785083646135244 0.0009765625
2.0734003198798745 2.0760217598755846 1.9763798356589322 1.9777427091711179 0.0009765625
2.0760217598755846 2.0786431998712942 1.9756197268493527 1.9769798356589323 0.0009765625
2.0786431998712942 2.0812646398670038 1.9748623656647752 1.9762197268493529 0.0009765625
2.0812646398670038 2.0838860798627139 1.9741077351759839 1.9754623656647754 0.0009765625
2.0838860798627139 2.0865075198584235 1.9733558186004299 1.9747077351759841 0.0009765625
2.0865075198584235 2.0891289598541336 1.9726065993006341 1.97395581860043 0.0009765625
2.0891289598541336 2.0917503998498432 1.9718600607825723 1.9732065993006342 0.0009765625
2.0917503998498432 2.0943718398455529 1.9711161866940725 1.9724600607825724 0.0009765625
2.0943718398455529 2.0969932798412629 1.9703749608232732 1.9717161866940727 0.0009765625
2.0969932798412629 2.0996147198369726 1.96963636709707 1.9709749608232734 0.0009765625
2.0996147198369726 2.1022361598326826 1.9689003895795538 1.9702363670970702 0.0009765625
2.1022361598326826 2.1048575998283923 1.9681670124705655 1.969500389579554 0.0009765625
2.1048575998283923 2.110100479819812 1.9667079969472547 1.9687670124707293 0.0009765625
2.110100479819812 2.1153433598112317 1.9652591967837705 1.9673079969471001 0.0009765625
2.1153433598112317 2.1205862398026509 1.963820490316097 1.9658591967837706 0.0009765625
2.1205862398026509 2.1258291197940706 1.9623917579133694 1.9644204903160971 0.0009765625
2.1258291197940706 2.1310719997854903 1.9609728819350813 1.9629917579133696 0.0009765625
2.1310719997854903 2.13631487977691 1.9595637466884186 1.9615728819350815 0.0009765625
2.13631487977691 2.1415577597683297 1.9581642383869933 1.9601637466884188 0.0009765625
2.1415577597683297 2.146800639759749 1.9567742451105077 1.9587642383869934 0.0009765625
2.146800639759749 2.1520435197511687 1.9553936567655763 1.9573742451105078 0.0009765625
2.1520435197511687 2.1572863997425884 1.9540223650474275 1.9559936567655765 0.0009765625
2.1572863997425884 2.1625292797340081 1.952660263402699 1.9546223650474277 0.0009765625
2.1625292797340081 2.1677721597254278 1.9513072469930959 1.9532602634026992 0.0009765625
2.1677721597254278 2.1730150397168471 1.9499632126599675 1.951907246993096 0.0009765625
2.1730150397168471 2.1782579197082668 1.9486280588898501 1.9505632126599677 0.0009765625
2.1782579197082668 2.1835007996996865 1.9473016857807754 1.9492280588898503 0.0009765625
2.1835007996996865 2.1887436796911062 1.9459839950094433 1.9479016857807756 0.0009765625
2.1887436796911062 2.1939865596825259 1.9446748897993467 1.9465839950094435 0.0009765625
2.1939865596825259 2.1992294396739451 1.943374274889327 1.9452748897993468 0.0009765625
2.1992294396739451 2.2044723196653648 1.9420820565033852 1.9439742748893272 0.0009765625
2.2044723196653648 2.2097151996567845 1.9407981423208169 1.9426820565033853 0.0009765625
2.2097151996567845 2.2202009596396239 1.9375548643866169 1.942098142320823 0.0009765625
2.2202009596396239 2.2306867196224629 1.9350437305444836 1.9395548643866218 0.0009765625
2.2306867196224629 2.2411724796053023 1.9325640517545528 1.9370437305444836 0.0009765625
2.2411724796053023 2.2516582395881413 1.9301151596479713 1.9345640517545528 0.0009765625
2.2516582395881413 2.2621439995709807 1.9276964057345294 1.9321151596479713 0.0009765625
2.2621439995709807 2.2726297595538201 1.9253071606470045 1.9296964057345294 0.0009765625
2.2726297595538201 2.283115519536659 1.9229468134204775 1.9273071606470045 0.0009765625
2.283115519536659 2.2936012795194984 1.9206147708044479 1.9249468134204775 0.0009765625
2.2936012795194984 2.3040870395023374 1.9183104566061921 1.9226147708044479 0.0009765625
2.3040870395023374 2.3145727994851768 1.9160333110636552 1.9203104566061922 0.0009765625
2.3145727994851768 2.3250585594680162 1.913782790246308 1.9180333110636552 0.0009765625
2.3250585594680162 2.3355443194508552 1.9115583654824468 1.915782790246308 0.0009765625
2.3355443194508552 2.3460300794336946 1.909359522811676 1.9135583654824468 0.0009765625
2.3460300794336946 2.3565158394165335 1.9071857624612971 1.911359522811676 0.0009765625
2.3565158394165335 2.3670015993993729 1.9050365983451103 1.9091857624612971 0.0009765625
2.3670015993993729 2.3774873593822123 1.9029115575839595 1.9070365983451103 0.0009765625
2.3774873593822123 2.3879731193650513 1.9008101800464334 1.9049115575839595 0.0009765625
2.3879731193650513 2.3984588793478907 1.8987320179091101 1.9028101800464334 0.0009765625
2.3984588793478907 2.4089446393307297 1.8966766352351476 1.9007320179091101 0.0009765625
2.4089446393307297 2.4194303993135691 1.8946436075703932 1.8986766352351476 0.0009765625
2.4194303993135691 2.4294168373924636 1.8927277959961466 1.8966436075703932 0.0009765625
2.4294168373924636 2.4394032754713582 1.8908315380461673 1.8947277959961466 0.0009765625
2.4394032754713582 2.4493897135502527 1.8889544942393626 1.8928315380461673 0.0009765625
2.4493897135502527 2.4593761516291472 1.8870963333691846 1.8909544942393626 0.0009765625
2.4593761516291472 2.4693625897080418 1.8852567322451221 1.8890963333691846 0.0009765625
2.4693625897080418 2.4793490277869359 1.8834353754442035 1.8872567322451221 0.0009765625
2.4793490277869359 2.4893354658658304 1.8816319550717366 1.8854353754442035 0.0009765625
2.4893354658658304 2.499321903944725 1.8798461705310452 1.8836319550717366 0.0009765625
2.499321903944725 2.5093083420236195 1.8780777283017822 1.8818461705310452 0.0009765625
2.5093083420236195 2.5192947801025141 1.8770263417263511 1.8793777283017823 0.0009765625
2.5192947801025141 2.5292812181814086 1.8752917308042516 1.8776263417263512 0.0009765625
2.5292812181814086 2.5392676562603032 1.8735736219939014 1.8758917308042518 0.0009765625
2.5392676562603032 2.5492540943391977 1.8718717480215616 1.8741736219939016 0.0009765625
2.5492540943391977 2.5592405324180922 1.8701858476972457 1.8724717480215618 0.0009765625
2.5592405324180922 2.5692269704969868 1.8685156657370749 1.8707858476972459 0.0009765625
2.5692269704969868 2.5792134085758809 1.8668609525920605 1.8691156657370751 0.0009765625
2.5792134085758809 2.5891998466547754 1.865221464282834 1.8674609525920607 0.0009765625
2.5891998466547754 2.59918628473367 1.8635969622402275 1.8658214642828341 0.0009765625
2.59918628473367 2.6091727228125645 1.8619872131513711 1.8641969622402277 0.0009765625
2.6091727228125645 2.6191591608914591 1.8603919888111318 1.8625872131513712 0.0009765625
2.6191591608914591 2.6291455989703536 1.8588110659786281 1.8609919888111319 0.0009765625
2.6291455989703536 2.6391320370492481 1.8572442262387145 1.8594110659786283 0.0009765625
2.6391320370492481 2.6491184751281427 1.8556912558680765 1.8578442262387147 0.0009765625
2.6491184751281427 2.6591049132070372 1.8541519457059523 1.8562912558680766 0.0009765625
2.6591049132070372 2.6690913512859318 1.8526260910290961 1.8547519457059525 0.0009765625
2.6690913512859318 2.6790777893648263 1.8511134914309395 1.8532260910290963 0.0009765625
2.6790777893648263 2.6890642274437209 1.8496139507047837 1.8517134914309397 0.0009765625
2.6890642274437209 2.699050665522615 1.8481272767308219 1.8502139507047839 0.0009765625
2.699050665522615 2.7090371036015095 1.8466532813668359 1.848727276730822 0.0009765625
2.7090371036015095 2.7190235416804041 1.8451917803425282 1.8472532813668361 0.0009765625
2.7190235416804041 2.7290099797592986 1.843742593157103 1.8457917803425283 0.0009765625
2.7290099797592986 2.7389964178381931 1.842305542980395 1.8443425931571031 0.0009765625
2.7389964178381931 2.7489828559170877 1.8408804565569072 1.8429055429803951 0.0009765625
2.7489828559170877 2.7589692939959822 1.8394671641130553 1.8414804565569074 0.0009765625
2.7589692939959822 2.7689557320748768 1.8380654992673422 1.8400671641130555 0.0009765625
2.7689557320748768 2.7789421701537713 1.8366752989431951 1.8386654992673424 0.0009765625
2.7789421701537713 2.7889286082326659 1.8352964032847887 1.8372752989431953 0.0009765625
2.7889286082326659 2.79891504631156 1.8339286555752183 1.8358964032847889 0.0009765625
2.79891504631156 2.8089014843904545 1.8325719021574001 1.8345286555752185 0.0009765625
2.8089014843904545 2.818887922469349 1.8312259923572614 1.8331719021574002 0.0009765625
2.818887922469349 2.8288743605482436 1.8298907784093985 1.8318259923572615 0.0009765625
2.8288743605482436 2.8388607986271381 1.8285661153848736 1.8304907784093987 0.0009765625
2.8388607986271381 2.8567651543352337 1.8255171379120911 1.8298661153844205 0.0009765625
2.8567651543352337 2.8746695100433297 1.8232008219077969 1.8275171379125676 0.0009765625
2.8746695100433297 2.8925738657514253 1.8209163962904995 1.8252008219077969 0.0009765625
2.8925738657514253 2.9104782214595213 1.8186631155235327 1.8229163962904995 0.0009765625
2.9104782214595213 2.9283825771676169 1.8164402585295709 1.8206631155235327 0.0009765625
2.9283825771676169 2.9462869328757129 1.8142471276638066 1.8184402585295709 0.0009765625
2.9462869328757129 2.9641912885838084 1.8120830477390082 1.8162471276638066 0.0009765625
2.9641912885838084 2.9820956442919044 1.8099473650997622 1.8140830477390082 0.0009765625
2.9820956442919044 3 1.8078394467430881 1.8119473650997622 0.0009765625
3 3.0198085106382977 1.8055389593949509 1.8098394467425674 0.0009765625
3.0198085106382977 3.0396170212765958 1.8032709024949658 1.8075389593954809 0.0009765625
3.0396170212765958 3.0594255319148935 1.8010344999933612 1.8052709024949658 0.0009765625
3.0594255319148935 3.0792340425531917 1.7988290019099467 1.8030344999933612 0.0009765625
3.0792340425531917 3.0990425531914894 1.7966536832102713 1.8008290019099467 0.0009765625
3.0990425531914894 3.1188510638297871 1.7945078427436481 1.7986536832102713 0.0009765625
3.1188510638297871 3.1386595744680852 1.7923908022353952 1.7965078427436481 0.0009765625
3.1386595744680852 3.1584680851063829 1.7903019053308475 1.7943908022353952 0.0009765625
3.1584680851063829 3.178276595744681 1.7882405166877955 1.7923019053308475 0.0009765625
3.178276595744681 3.1980851063829787 1.7862060211145885 1.7902405166877955 0.0009765625
3.1980851063829787 3.2178936170212764 1.7841978227511417 1.7882060211145885 0.0009765625
3.2178936170212764 3.2377021276595745 1.782215344290407 1.7861978227511417 0.0009765625
3.2377021276595745 3.2575106382978722 1.7802580262378866 1.784215344290407 0.0009765625
3.2575106382978722 3.2773191489361704 1.7783253262071226 1.7822580262378867 0.0009765625
3.2773191489361704 3.2971276595744681 1.7764167182489139 1.7803253262071226 0.0009765625
3.2971276595744681 3.3169361702127658 1.774531692212677 1.7784167182489139 0.0009765625
3.3169361702127658 3.3367446808510639 1.7726697531377766 1.776531692212677 0.0009765625
3.3367446808510639 3.3565531914893616 1.7708304206734644 1.7746697531377766 0.0009765625
3.3565531914893616 3.3763617021276597 1.7690132285257292 1.7728304206734644 0.0009765625
3.3763617021276597 3.3961702127659574 1.7672177239295768 1.7710132285257292 0.0009765625
3.3961702127659574 3.4159787234042551 1.765443467145438 1.7692177239295768 0.0009765625
3.4159787234042551 3.4357872340425533 1.7636900309783037 1.767443467145438 0.0009765625
3.4357872340425533 3.455595744680851 1.7619570003185319 1.7656900309783037 0.0009765625
3.455595744680851 3.4754042553191491 1.7602439717030258 1.7639570003185319 0.0009765625
3.4754042553191491 3.4952127659574468 1.7585505528958383 1.7622439717030258 0.0009765625
3.4952127659574468 3.5150212765957445 1.7568763624871147 1.7605505528958383 0.0009765625
3.5150212765957445 3.5348297872340426 1.7552210295094928 1.7588763624871147 0.0009765625
3.5348297872340426 3.5546382978723403 1.7535841930709957 1.7572210295094928 0.0009765625
3.5546382978723403 3.574446808510638 1.7519655020036788 1.7555841930709957 0.0009765625
3.574446808510638 3.5942553191489361 1.7503646145271528 1.7539655020036788 0.0009765625
3.5942553191489361 3.6140638297872343 1.7487811979262975 1.7523646145271528 0.0009765625
3.6140638297872343 3.633872340425532 1.7472149282424108 1.7507811979262975 0.0009765625
3.633872340425532 3.6536808510638297 1.7456654899771855 1.7492149282424108 0.0009765625
3.6536808510638297 3.6734893617021278 1.7441325758088857 1.7476654899771855 0.0009765625
3.6734893617021278 3.6932978723404255 1.7426158863200643 1.7461325758088857 0.0009765625
3.6932978723404255 3.7131063829787232 1.7411151297363856 1.7446158863200643 0.0009765625
3.7131063829787232 3.7329148936170213 1.7396300216758838 1.7431151297363856 0.0009765625
3.7329148936170213 3.752723404255319 1.738160284908272 1.7416300216758838 0.0009765625
3.752723404255319 3.7725319148936167 1.7367056491238462 1.740160284908272 0.0009765625
3.7725319148936167 3.7923404255319149 1.7352658507113683 1.7387056491238462 0.0009765625
3.7923404255319149 3.8121489361702126 1.7338406325440499 1.7372658507106904 0.0009765625
3.8121489361702126 3.8319574468085107 1.7324297437778686 1.7358406325447331 0.0009765625
3.8319574468085107 3.8517659574468084 1.7317329396475378 1.7337297437778687 0.0009765625
3.8517659574468084 3.8715744680851065 1.7303499812836742 1.732332939647538 0.0009765625
3.8715744680851065 3.8913829787234042 1.728980635526981 1.7309499812836744 0.0009765625
3.8913829787234042 3.9111914893617019 1.7276246747533102 1.7295806355269812 0.0009765625
3.9111914893617019 3.931 1.726281876704721 1.7282246747533103 0.0009765625
3.931 3.9508085106382977 1.7249520243267373 1.7268818767047212 0.0009765625
3.9508085106382977 3.9706170212765959 1.7236349056117006 1.7255520243267375 0.0009765625
3.9706170212765959 3.9904255319148936 1.7223303134478047 1.7242349056117008 0.0009765625
3.9904255319148936 4.0102340425531917 1.721038045473662 1.7229303134478049 0.0009765625
4.0102340425531917 4.030042553191489 1.7197579039381359 1.7216380454736622 0.0009765625
4.030042553191489 4.0498510638297871 1.7184896955652074 1.720357903938136 0.0009765625
4.0498510638297871 4.0696595744680852 1.7172332314236636 1.7190896955652075 0.0009765625
4.0696595744680852 4.0894680851063825 1.7159883268014682 1.7178332314236637 0.0009765625
4.0894680851063825 4.1092765957446806 1.7147548010844553 1.7165883268014683 0.0009765625
4.1092765957446806 4.1290851063829788 1.7135324776393828 1.7153548010844555 0.0009765625
4.1290851063829788 4.1488936170212769 1.7123211837009686 1.7141324776393829 0.0009765625
4.1488936170212769 4.1687021276595742 1.7111207502629195 1.7129211837009688 0.0009765625
4.1687021276595742 4.1885106382978723 1.7099310119726079 1.7117207502629197 0.0009765625
4.1885106382978723 4.2083191489361704 1.7087518070294627 1.710531011972608 0.0009765625
4.2083191489361704 4.2281276595744677 1.7075829770866746 1.7093518070294629 0.0009765625
4.2281276595744677 4.2479361702127658 1.7064243671563633 1.7081829770866748 0.0009765625
4.2479361702127658 4.267744680851064 1.7052758255177651 1.7070243671563634 0.0009765625
4.267744680851064 4.2875531914893621 1.704137203628616 1.7058758255177653 0.0009765625
4.2875531914893621 4.3073617021276593 1.7030083560394194 1.7047372036286161 0.0009765625
4.3073617021276593 4.3271702127659575 1.7018891403104794 1.7036083560394195 0.0009765625
4.3271702127659575 4.3469787234042556 1.7007794169317536 1.7024891403104796 0.0009765625
4.3469787234042556 4.3667872340425529 1.6996790492452085 1.7013794169317538 0.0009765625
4.3667872340425529 4.386595744680851 1.6985879033697777 1.7002790492452087 0.0009765625
4.386595744680851 4.4064042553191491 1.6975058481286456 1.6991879033697779 0.0009765625
4.4064042553191491 4.4262127659574464 1.6964327549789169 1.6981058481286457 0.0009765625
4.4262127659574464 4.4460212765957445 1.6953684979434822 1.697032754978917 0.0009765625
4.4460212765957445 4.4658297872340427 1.6943129535450614 1.6959684979434824 0.0009765625
4.4658297872340427 4.4856382978723399 1.693266000742301 1.6949129535450616 0.0009765625
4.4856382978723399 4.5054468085106381 1.6922275208678286 1.6938660007423012 0.0009765625
4.5054468085106381 4.5252553191489362 1.6911973975683425 1.6928275208678287 0.0009765625
4.5252553191489362 4.5450638297872343 1.6901755167463859 1.6917973975683427 0.0009765625
4.5450638297872343 4.5648723404255316 1.6891617665040848 1.690775516746386 0.0009765625
4.5648723404255316 4.5846808510638297 1.6881560370884301 1.6897617665040849 0.0009765625
4.5846808510638297 4.6044893617021279 1.687158220837633 1.6887560370877053 0.0009765625
4.6044893617021279 4.6242978723404251 1.6861682121333488 1.6877582208383657 0.0009765625
4.6242978723404251 4.6441063829787232 1.6851859073435704 1.6867682121333489 0.0009765625
4.6441063829787232 4.6639148936170214 1.6842112047815527 1.6857859073435706 0.0009765625
4.6639148936170214 4.6837234042553195 1.6832440046552553 1.6848112047815529 0.0009765625
4.6837234042553195 4.7035319148936168 1.6822842090225525 1.6838440046552554 0.0009765625
4.7035319148936168 4.7233404255319149 1.6813317217469779 1.6828842090225526 0.0009765625
4.7233404255319149 4.743148936170213 1.6803864484548847 1.681931721746978 0.0009765625
4.743148936170213 4.7629574468085103 1.6794482964937507 1.6809864484548849 0.0009765625
4.7629574468085103 4.7827659574468084 1.6785171748916787 1.6800482964937509 0.0009765625
4.7827659574468084 4.8025744680851066 1.6775929943181818 1.6791171748916789 0.0009765625
4.8025744680851066 4.8223829787234038 1.6766756670459293 1.6781929943181819 0.0009765625
4.8223829787234038 4.842191489361702 1.6757651069136972 1.6772756670459295 0.0009765625
4.842191489361702 4.8620000000000001 1.6748612292902894 1.6763651069136973 0.0009765625
4.8620000000000001 4.8818085106382973 1.6739639510395596 1.6754612292902895 0.0009765625
4.8818085106382973 4.9016170212765955 1.6730731904862959 1.6745639510395598 0.0009765625
4.9016170212765955 4.9214255319148936 1.6721888673831604 1.673673190486296 0.0009765625
4.9214255319148936 4.9412340425531918 1.67131090287849 1.6727888673831606 0.0009765625
4.9412340425531918 4.961042553191489 1.6704392194850077 1.6719109028784902 0.0009765625
4.961042553191489 4.9808510638297872 1.6695737410493487 1.6710392194850079 0.0009765625
4.9808510638297872 5.0006595744680853 1.6687143927224839 1.6701737410493489 0.0009765625
5.0006595744680853 5.0204680851063825 1.6678611009308739 1.6693143927224841 0.0009765625
5.0204680851063825 5.0402765957446807 1.667013793348481 1.6684611009308741 0.0009765625
5.0402765957446807 5.0600851063829788 1.6661723988694306 1.6676137933484811 0.0009765625
5.0600851063829788 5.079893617021277 1.6653368475815336 1.6667723988694307 0.0009765625
5.079893617021277 5.0997021276595742 1.6645070707403637 1.6659368475815337 0.0009765625
5.0997021276595742 5.1195106382978723 1.6636830007441707 1.6651070707403639 0.0009765625
5.1195106382978723 5.1393191489361705 1.6628645711093306 1.6642830007441709 0.0009765625
5.1393191489361705 5.1591276595744677 1.6620517164465061 1.6634645711093308 0.0009765625
5.1591276595744677 5.1789361702127659 1.6612443724374149 1.6626517164465062 0.0009765625
5.1789361702127659 5.198744680851064 1.6604424758122025 1.661844372437415 0.0009765625
5.198744680851064 5.2185531914893613 1.6596459643273924 1.6610424758122027 0.0009765625
5.2185531914893613 5.2383617021276594 1.6588547767443962 1.6602459643273926 0.0009765625
5.2383617021276594 5.2581702127659575 1.6580688528085941 1.6594547767443963 0.0009765625
5.2581702127659575 5.2779787234042548 1.6572881332289442 1.6586688528085942 0.0009765625
5.2779787234042548 5.2977872340425529 1.656512559658077 1.6578881332289443 0.0009765625
5.2977872340425529 5.3175957446808511 1.6557420746729459 1.6571125596580771 0.0009765625
5.3175957446808511 5.3374042553191492 1.6549766217559165 1.656342074672946 0.0009765625
5.3374042553191492 5.3572127659574464 1.6542161452763553 1.6555766217559167 0.0009765625
5.3572127659574464 5.3770212765957446 1.6534605904726429 1.6548161452763555 0.0009765625
5.3770212765957446 5.3968297872340427 1.6527099034339658 1.6540605904719043 0.0009765625
5.3968297872340427 5.41663829787234 1.6519640310868835 1.6533099034347079 0.0009765625
5.41663829787234 5.4364468085106381 1.651222921171285 1.6525640310868837 0.0009765625
5.4364468085106381 5.4562553191489362 1.6504865222315319 1.6518229211712852 0.0009765625
5.4562553191489362 5.4760638297872344 1.6497547835968751 1.6510865222315321 0.0009765625
5.4760638297872344 5.4958723404255316 1.6490276553667311 1.6503547835968753 0.0009765625
5.4958723404255316 5.5156808510638298 1.6483050883955646 1.6496276553667313 0.0009765625
5.5156808510638298 5.5354893617021279 1.6475870342781642 1.6489050883955647 0.0009765625
5.5354893617021279 5.5552978723404252 1.6468734453352158 1.6481870342781644 0.0009765625
5.5552978723404252 5.5751063829787233 1.646164274599301 1.647473445335216 0.0009765625
5.5751063829787233 5.5949148936170214 1.6454594758011021 1.6467642745993012 0.0009765625
5.5949148936170214 5.6147234042553187 1.6447590033561097 1.6460594758011022 0.0009765625
5.6147234042553187 5.6345319148936168 1.6440628123514376 1.6453590033561099 0.0009765625
5.6345319148936168 5.654340425531915 1.6433708585331381 1.6446628123514377 0.0009765625
5.654340425531915 5.6741489361702122 1.6426830982936604 1.6439708585331383 0.0009765625
5.6741489361702122 5.6939574468085103 1.6419994886597087 1.6432830982936606 0.0009765625
5.6939574468085103 5.7137659574468085 1.6413199872802795 1.6425994886597088 0.0009765625
5.7137659574468085 5.7335744680851066 1.6406445524150952 1.6419199872802797 0.0009765625
5.7335744680851066 5.7533829787234039 1.6399731429231883 1.6412445524150954 0.0009765625
5.7533829787234039 5.773191489361702 1.639305718251802 1.6405731429231885 0.0009765625
5.773191489361702 5.7930000000000001 1.6386422384255401 1.6399057182518022 0.0009765625
5.7930000000000001 5.8128085106382974 1.6379826640357646 1.6392422384255403 0.0009765625
5.8128085106382974 5.8326170212765955 1.6373269562301966 1.6385826640357648 0.0009765625
5.8326170212765955 5.8524255319148937 1.6366750767027942 1.6379269562301968 0.0009765625
5.8524255319148937 5.8722340425531918 1.6360269876838429 1.6372750767027944 0.0009765625
5.8722340425531918 5.8920425531914891 1.6353826519302221 1.6366269876838431 0.0009765625
5.8920425531914891 5.9118510638297872 1.6347420327159909 1.6359826519302223 0.0009765625
5.9118510638297872 5.9316595744680853 1.6341050938230464 1.6353420327159911 0.0009765625
5.9316595744680853 5.9514680851063826 1.6334717995321211 1.6347050938230465 0.0009765625
5.9514680851063826 5.9712765957446807 1.6328421146138479 1.6340717995321212 0.0009765625
5.9712765957446807 5.9910851063829789 1.6322160043201401 1.633442114613848 0.0009765625
5.9910851063829789 6.0108936170212761 1.6315934343756755 1.6328160043201403 0.0009765625
6.0108936170212761 6.0307021276595743 1.630974370969567 1.6321934343756757 0.0009765625
6.0307021276595743 6.0505106382978724 1.6303587807473112 1.6315743709695671 0.0009765625
6.0505106382978724 6.0703191489361696 1.6297466308027275 1.6309587807473114 0.0009765625
6.0703191489361696 6.0901276595744678 1.6291378886703043 1.6303466308027277 0.0009765625
6.0901276595744678 6.1099361702127659 1.6285325223174314 1.6297378886703044 0.0009765625
6.1099361702127659 6.1297446808510641 1.627930500137085 1.6291325223174316 0.0009765625
6.1297446808510641 6.1495531914893613 1.6273317909404255 1.6285305001370851 0.0009765625
6.1495531914893613 6.1693617021276594 1.6267363639497106 1.6279317909404256 0.0009765625
6.1693617021276594 6.1891702127659576 1.6261441887905426 1.6273363639489788 0.0009765625
6.1891702127659576 6.2089787234042548 1.6255552354886744 1.626744188791277 0.0009765625
6.2089787234042548 6.228787234042553 1.6249694744559935 1.6261552354886746 0.0009765625
6.228787234042553 6.2485957446808511 1.6243868764912641 1.6255694744559936 0.0009765625
6.2485957446808511 6.2684042553191492 1.6238074127700197 1.6249868764912643 0.0009765625
6.2684042553191492 6.2882127659574465 1.6232310548390194 1.6244074127700199 0.0009765625
6.2882127659574465 6.3080212765957446 1.6226577746100532 1.6238310548390196 0.0009765625
6.3080212765957446 6.3278297872340428 1.6220875443539111 1.6232577746100534 0.0009765625
6.3278297872340428 6.34763829787234 1.6215203366944213 1.6226875443539113 0.0009765625
6.34763829787234 6.3674468085106382 1.6209561246026805 1.6221203366944215 0.0009765625
6.3674468085106382 6.3872553191489363 1.620394881391362 1.6215561246026806 0.0009765625
6.3872553191489363 6.4070638297872335 1.6198365807091275 1.6209948813913622 0.0009765625
6.4070638297872335 6.4268723404255317 1.6192811965351497 1.6204365807091277 0.0009765625
6.4268723404255317 6.4466808510638298 1.6187287031737803 1.6198811965351498 0.0009765625
6.4466808510638298 6.4664893617021271 1.6181790752493252 1.6193287031737804 0.0009765625
6.4664893617021271 6.4862978723404252 1.6176322877008287 1.6187790752493254 0.0009765625
6.4862978723404252 6.5061063829787233 1.6170883157770892 1.6182322877008288 0.0009765625
6.5061063829787233 6.5259148936170215 1.6165471350316962 1.6176883157770894 0.0009765625
6.5259148936170215 6.5457234042553187 1.6160087213181846 1.6171471350316964 0.0009765625
6.5457234042553187 6.5655319148936169 1.6154730507852537 1.6166087213181848 0.0009765625
6.5655319148936169 6.585340425531915 1.6149400998721644 1.6160730507852539 0.0009765625
6.585340425531915 6.6051489361702123 1.6144098453041222 1.6155400998721645 0.0009765625
6.6051489361702123 6.6249574468085104 1.6138822640877983 1.6150098453041224 0.0009765625
6.6249574468085104 6.6447659574468085 1.6133573335069293 1.6144822640877985 0.0009765625
6.6447659574468085 6.6645744680851067 1.6128350311180364 1.6139573335069295 0.0009765625
6.6645744680851067 6.6843829787234039 1.6123153347461641 1.6134350311180365 0.0009765625
6.6843829787234039 6.7041914893617021 1.6117982224807363 1.6129153347461642 0.0009765625
6.7041914893617021 6.7240000000000002 1.6112836726714601 1.6123982224807365 0.0009765625
6.7240000000000002 6.7438085106382974 1.6107716639244114 1.6118836726714603 0.0009765625
6.7438085106382974 6.7636170212765956 1.6102621750980142 1.6113716639244116 0.0009765625
6.7636170212765956 6.7834255319148937 1.6097551852992564 1.6108621750980143 0.0009765625
6.7834255319148937 6.803234042553191 1.6092506738798786 1.6103551852992566 0.0009765625
6.803234042553191 6.8230425531914891 1.6087486204327255 1.6098506738798788 0.0009765625
6.8230425531914891 6.8428510638297873 1.6082490047880336 1.6093486204327256 0.0009765625
6.8428510638297873 6.8626595744680845 1.6077518070099284 1.6088490047880337 0.0009765625
6.8626595744680845 6.8824680851063826 1.6072570073928707 1.6083518070099285 0.0009765625
6.8824680851063826 6.9022765957446808 1.6067645864582656 1.6078570073928709 0.0009765625
6.9022765957446808 6.9220851063829789 1.6062745249510484 1.6073645864582657 0.0009765625
6.9220851063829789 6.9418936170212762 1.6057868038363734 1.6068745249510485 0.0009765625
6.9418936170212762 6.9617021276595743 1.6053014042963909 1.6063868038363736 0.0009765625
6.9617021276595743 6.9815106382978724 1.604818307726289 1.6059014042956614 0.0009765625
6.9815106382978724 7.0013191489361697 1.6043374957348191 1.6054183077270225 0.0009765625
7.0013191489361697 7.0211276595744678 1.603858950133906 1.6049374957348193 0.0009765625
7.0211276595744678 7.040936170212766 1.6033826529429318 1.6044589501339062 0.0009765625
7.040936170212766 7.0607446808510641 1.6029085863821282 1.603982652942932 0.0009765625
7.0607446808510641 7.0805531914893614 1.6024367328703302 1.6035085863821283 0.0009765625
7.0805531914893614 7.1003617021276595 1.6019670750221888 1.6030367328703303 0.0009765625
7.1003617021276595 7.1201702127659576 1.6014995956452813 1.602567075022189 0.0009765625
7.1201702127659576 7.1399787234042549 1.6010342777374058 1.6020995956452815 0.0009765625
7.1399787234042549 7.159787234042553 1.6005711044837996 1.601634277737406 0.0009765625
7.159787234042553 7.1795957446808512 1.600110059254523 1.6011711044837997 0.0009765625
7.1795957446808512 7.1994042553191484 1.5996511256018009 1.6007100592545231 0.0009765625
7.1994042553191484 7.2192127659574465 1.5991942872574818 1.600251125601801 0.0009765625
7.2192127659574465 7.2390212765957447 1.5987395281304326 1.599794287257482 0.0009765625
7.2390212765957447 7.2588297872340419 1.5982868323041393 1.5993395281304328 0.0009765625
7.2588297872340419 7.2786382978723401 1.5978361840341959 1.5988868323041394 0.0009765625
7.2786382978723401 7.2984468085106382 1.5973875677459075 1.5984361840341961 0.0009765625
7.2984468085106382 7.3182553191489363 1.5969409680319566 1.5979875677459077 0.0009765625
7.3182553191489363 7.3380638297872336 1.5964963696500489 1.5975409680319568 0.0009765625
7.3380638297872336 7.3578723404255317 1.5960537575206304 1.5970963696500491 0.0009765625
7.3578723404255317 7.3776808510638299 1.5956131167246728 1.5966537575206305 0.0009765625
7.3776808510638299 7.3974893617021271 1.5951744325014277 1.5962131167246729 0.0009765625
7.3974893617021271 7.4172978723404253 1.5947376902462707 1.5957744325014278 0.0009765625
7.4172978723404253 7.4371063829787234 1.5943028755085884 1.5953376902462708 0.0009765625
7.4371063829787234 7.4569148936170215 1.5938699739896365 1.5949028755085886 0.0009765625
7.4569148936170215 7.4767234042553188 1.5934389715405215 1.5944699739896366 0.0009765625
7.4767234042553188 7.4965319148936169 1.5930098541601345 1.5940389715405217 0.0009765625
7.4965319148936169 7.5163404255319151 1.5925826079931862 1.5936098541601347 0.0009765625
7.5163404255319151 7.5361489361702123 1.5921572193282372 1.5931826079931863 0.0009765625
7.5361489361702123 7.5559574468085104 1.5917336745957285 1.5927572193282373 0.0009765625
7.5559574468085104 7.5757659574468086 1.5913119603661654 1.5923336745957286 0.0009765625
7.5757659574468086 7.5955744680851058 1.5908920633481718 1.5919119603661656 0.0009765625
7.5955744680851058 7.615382978723404 1.5904739703866919 1.5914920633481719 0.0009765625
7.615382978723404 7.6351914893617021 1.5900576684611745 1.5910739703866921 0.0009765625
7.6351914893617021 7.6549999999999994 1.589643144683798 1.5906576684611746 0.0009765625
7.6549999999999994 7.6748085106382975 1.5892303862977284 1.5902431446837981 0.0009765625
7.6748085106382975 7.6946170212765956 1.5888193806753932 1.5898303862977285 0.0009765625
7.6946170212765956 7.7144255319148938 1.5884101153167625 1.5894193806753933 0.0009765625
7.7144255319148938 7.734234042553191 1.5880025778477462 1.5890101153167626 0.0009765625
7.734234042553191 7.7540425531914892 1.5875967560184889 1.5886025778477464 0.0009765625
7.7540425531914892 7.7738510638297873 1.5871926377010788 1.588196756017769 0.0009765625
7.7738510638297873 7.7936595744680845 1.5867902108915506 1.5877926377018006 0.0009765625
7.7936595744680845 7.8134680851063827 1.5863894637011042 1.5873902108915507 0.0009765625
7.8134680851063827 7.8332765957446808 1.5859903843618046 1.5869894637011044 0.0009765625
7.8332765957446808 7.853085106382979 1.5855929612214468 1.5865903843618048 0.0009765625
7.853085106382979 7.8728936170212762 1.5851971827427698 1.5861929612214469 0.0009765625
7.8728936170212762 7.8927021276595744 1.5848030375020337 1.5857971827427699 0.0009765625
7.8927021276595744 7.9125106382978725 1.5844105141875275 1.5854030375020338 0.0009765625
7.9125106382978725 7.9323191489361697 1.5840196015982064 1.5850105141875277 0.0009765625
7.9323191489361697 7.9521276595744679 1.5836302886422156 1.5846196015982066 0.0009765625
7.9521276595744679 7.971936170212766 1.5832425643356134 1.5842302886422157 0.0009765625
7.971936170212766 7.9917446808510633 1.5828564178009139 1.5838425643356135 0.0009765625
7.9917446808510633 8.0115531914893623 1.5824718382658303 1.5834564178009141 0.0009765625
8.0115531914893623 8.0313617021276595 1.582088815061907 1.5830718382658304 0.0009765625
8.0313617021276595 8.0511702127659568 1.5817073376232655 1.5826888150619072 0.0009765625
8.0511702127659568 8.0709787234042558 1.5813273954853095 1.5823073376232657 0.0009765625
8.0709787234042558 8.0907872340425531 1.5809489782834734 1.5819273954853097 0.0009765625
8.0907872340425531 8.1105957446808503 1.5805720757519846 1.5815489782834735 0.0009765625
8.1105957446808503 8.1304042553191493 1.5801966777226486 1.5811720757519847 0.0009765625
8.1304042553191493 8.1502127659574466 1.5798227741236559 1.5807966777226488 0.0009765625
8.1502127659574466 8.1700212765957438 1.5794503549783936 1.5804227741236561 0.0009765625
8.1700212765957438 8.1898297872340429 1.5790794104042856 1.5800503549783937 0.0009765625
8.1898297872340429 8.2096382978723401 1.5787099306116334 1.5796794104042857 0.0009765625
8.2096382978723401 8.2294468085106374 1.5783419059025363 1.5793099306116336 0.0009765625
8.2294468085106374 8.2492553191489364 1.5779753266696994 1.5789419059025365 0.0009765625
8.2492553191489364 8.2690638297872336 1.5776101833954199 1.5785753266696996 0.0009765625
8.2690638297872336 8.2888723404255309 1.5772464666504451 1.5782101833954201 0.0009765625
8.2888723404255309 8.3086808510638299 1.5768841670929521 1.5778464666504453 0.0009765625
8.3086808510638299 8.3284893617021272 1.5765232754674754 1.5774841670929522 0.0009765625
8.3284893617021272 8.3482978723404244 1.576163782603899 1.5771232754674755 0.0009765625
8.3482978723404244 8.3681063829787234 1.5758056794164081 1.5767637826038992 0.0009765625
8.3681063829787234 8.3879148936170207 1.5754489569025005 1.5764056794164083 0.0009765625
8.3879148936170207 8.4077234042553197 1.5750936061420304 1.5760489569025007 0.0009765625
8.4077234042553197 8.427531914893617 1.5747396182961704 1.5756936061420306 0.0009765625
8.427531914893617 8.4473404255319142 1.5743869846065144 1.5753396182961705 0.0009765625
8.4473404255319142 8.4671489361702132 1.5740356963940962 1.5749869846065145 0.0009765625
8.4671489361702132 8.4869574468085105 1.573685745058474 1.5746356963940964 0.0009765625
8.4869574468085105 8.5067659574468077 1.5733371220768053 1.5742857450584742 0.0009765625
8.5067659574468077 8.5265744680851068 1.5729898190029576 1.5739371220768055 0.0009765625
8.5265744680851068 8.546382978723404 1.5726438274665697 1.5735898190029578 0.0009765625
8.546382978723404 8.5661914893617013 1.5722991391715333 1.5732438274658673 0.0009765625
8.5661914893617013 8.5860000000000003 1.5719557458986106 1.57289913917224 0.0009765625
8.5860000000000003 8.6058085106382975 1.5716136394975264 1.5725557458986108 0.0009765625
8.6058085106382975 8.6256170212765948 1.5712728118931956 1.5722136394975266 0.0009765625
8.6256170212765948 8.6454255319148938 1.5709332550813671 1.5718728118931957 0.0009765625
8.6454255319148938 8.6652340425531911 1.5705949611284793 1.5715332550813672 0.0009765625
8.6652340425531911 8.6850425531914883 1.5702579221708974 1.5711949611284795 0.0009765625
8.6850425531914883 8.7048510638297873 1.5699221304140869 1.5708579221708976 0.0009765625
8.7048510638297873 8.7246595744680846 1.5695875781318416 1.5705221304140871 0.0009765625
8.7246595744680846 8.7444680851063836 1.5692542576654924 1.5701875781318417 0.0009765625
8.7444680851063836 8.7642765957446809 1.5689221614231632 1.5698542576654926 0.0009765625
8.7642765957446809 8.7840851063829781 1.5685912818790271 1.5695221614231634 0.0009765625
8.7840851063829781 8.8038936170212772 1.5682616115725254 1.5691912818790272 0.0009765625
8.8038936170212772 8.8237021276595744 1.5679331431076733 1.5688616115725256 0.0009765625
8.8237021276595744 8.8435106382978717 1.5676058691523163 1.5685331431076734 0.0009765625
8.8435106382978717 8.8633191489361707 1.5672797824374263 1.5682058691523164 0.0009765625
8.8633191489361707 8.8831276595744679 1.5669548757563991 1.5678797824374264 0.0009765625
8.8831276595744679 8.9029361702127652 1.5666311419643573 1.5675548757563993 0.0009765625
8.9029361702127652 8.9227446808510642 1.5663085739774905 1.5672311419643574 0.0009765625
8.9227446808510642 8.9425531914893615 1.5659871647723236 1.5669085739774906 0.0009765625
8.9425531914893615 8.9623617021276587 1.5656669073851224 1.5665871647723237 0.0009765625
8.9623617021276587 8.9821702127659577 1.56534779491118 1.5662669073851225 0.0009765625
8.9821702127659577 9.001978723404255 1.5650298205042164 1.5659477949111802 0.0009765625
9.001978723404255 9.0217872340425522 1.5647129773757054 1.5656298205042165 0.0009765625
9.0217872340425522 9.0415957446808513 1.5643972587942476 1.5653129773757055 0.0009765625
9.0415957446808513 9.0614042553191485 1.5640826580849778 1.5649972587942478 0.0009765625
9.0614042553191485 9.0812127659574458 1.5637691686289257 1.564682658084978 0.0009765625
9.0812127659574458 9.1010212765957448 1.5634567838623956 1.5643691686289258 0.0009765625
9.1010212765957448 9.120829787234042 1.5631454972764218 1.5640567838623958 0.0009765625
9.120829787234042 9.1406382978723393 1.5628353024161383 1.563745497276422 0.0009765625
9.1406382978723393 9.1604468085106383 1.562526192880203 1.5634353024161385 0.0009765625
9.1604468085106383 9.1802553191489356 1.5622181623202329 1.5631261928802032 0.0009765625
9.1802553191489356 9.2000638297872346 1.5619112044402259 1.5628181623202331 0.0009765625
9.2000638297872346 9.2198723404255318 1.5616053129960199 1.5625112044402261 0.0009765625
9.2198723404255318 9.2396808510638291 1.5613004817947234 1.5622053129960201 0.0009765625
9.2396808510638291 9.2594893617021281 1.5609967046941986 1.5619004817947235 0.0009765625
9.2594893617021281 9.2792978723404254 1.560693975602476 1.5615967046941988 0.0009765625
9.2792978723404254 9.2991063829787226 1.560392288477277 1.5612939756024762 0.0009765625
9.2991063829787226 9.3189148936170216 1.5600916373254394 1.5609922884772771 0.0009765625
9.3189148936170216 9.3387234042553189 1.5597920162024637 1.5606916373254396 0.0009765625
9.3387234042553189 9.3585319148936161 1.5594934192112493 1.5603920162017666 0.0009765625
9.3585319148936161 9.3783404255319152 1.5591958405050961 1.5600934192119409 0.0009765625
9.3783404255319152 9.3981489361702124 1.5588992742802505 1.5597958405050962 0.0009765625
9.3981489361702124 9.4179574468085097 1.5586037147823559 1.5594992742802507 0.0009765625
9.4179574468085097 9.4377659574468087 1.5583091563025215 1.5592037147823561 0.0009765625
9.4377659574468087 9.4575744680851059 1.5580155931775048 1.5589091563025217 0.0009765625
9.4575744680851059 9.4773829787234032 1.5577230197892642 1.558615593177505 0.0009765625
9.4773829787234032 9.4971914893617022 1.5574314305644814 1.5583230197892644 0.0009765625
9.4971914893617022 9.5169999999999995 1.5571408199741028 1.5580314305644816 0.0009765625
9.5169999999999995 9.5368085106382985 1.5568511825328837 1.557740819974103 0.0009765625
9.5368085106382985 9.5566170212765957 1.5565625127989549 1.5574511825328838 0.0009765625
9.5566170212765957 9.576425531914893 1.5562748053733457 1.557162512798955 0.0009765625
9.576425531914893 9.596234042553192 1.5559880548995895 1.5568748053733459 0.0009765625
9.596234042553192 9.6160425531914893 1.5557022560632425 1.5565880548995896 0.0009765625
9.6160425531914893 9.6358510638297865 1.5554174035915178 1.5563022560632427 0.0009765625
9.6358510638297865 9.6556595744680855 1.5551334922528159 1.556017403591518 0.0009765625
9.6556595744680855 9.6754680851063828 1.5548505168563151 1.5557334922528161 0.0009765625
9.6754680851063828 9.69527659574468 1.5545684722515782 1.5554505168563153 0.0009765625
9.69527659574468 9.7150851063829791 1.5542873533281403 1.5551684722515784 0.0009765625
9.7150851063829791 9.7348936170212763 1.5540071550150965 1.5548873533281404 0.0009765625
9.7348936170212763 9.7547021276595736 1.5537278722807168 1.5546071550150966 0.0009765625
9.7547021276595736 9.7745106382978726 1.5534495001320578 1.554327872280717 0.0009765625
9.7745106382978726 9.7943191489361698 1.5531720336145622 1.554049500132058 0.0009765625
9.7943191489361698 9.8141276595744671 1.5528954678117091 1.5537720336145624 0.0009765625
9.8141276595744671 9.8339361702127661 1.5526197978445802 1.5534954678117092 0.0009765625
9.8339361702127661 9.8537446808510634 1.5523450188715489 1.5532197978445803 0.0009765625
9.8537446808510634 9.8735531914893606 1.5520711260878712 1.552945018871549 0.0009765625
9.8735531914893606 9.8933617021276596 1.5517981147253401 1.5526711260878714 0.0009765625
9.8933617021276596 9.9131702127659569 1.5515259800519332 1.5523981147253403 0.0009765625
9.9131702127659569 9.9329787234042541 1.5512547173714286 1.5521259800519334 0.0009765625
9.9329787234042541 9.9527872340425532 1.5509843220230859 1.5518547173714288 0.0009765625
9.9527872340425532 9.9725957446808504 1.5507147893812894 1.551584322023086 0.0009765625
9.9725957446808504 9.9924042553191494 1.5504461148551985 1.5513147893812895 0.0009765625
9.9924042553191494 10.012212765957447 1.5501782938884128 1.5510461148551986 0.0009765625
10.012212765957447 10.032021276595744 1.5499113219586584 1.5507782938884129 0.0009765625
10.032021276595744 10.051829787234043 1.5496451945774161 1.5505113219586586 0.0009765625
10.051829787234043 10.07163829787234 1.5493799072896393 1.5502451945774163 0.0009765625
10.07163829787234 10.091446808510637 1.549115455673397 1.5499799072896394 0.0009765625
10.091446808510637 10.111255319148936 1.5488518353395884 1.5497154556733972 0.0009765625
10.111255319148936 10.131063829787234 1.5485890419316042 1.5494518353395885 0.0009765625
10.131063829787234 10.150872340425531 1.5483270711243062 1.5491890419309116 0.0009765625
10.150872340425531 10.17068085106383 1.5480659186272412 1.5489270711249967 0.0009765625
10.17068085106383 10.190489361702127 1.5478055801773563 1.5486659186272413 0.0009765625
10.190489361702127 10.210297872340425 1.5475460515456583 1.5484055801773564 0.0009765625
10.210297872340425 10.230106382978724 1.5472873285334263 1.5481460515456584 0.0009765625
10.230106382978724 10.249914893617021 1.5470294069726289 1.5478873285334265 0.0009765625
10.249914893617021 10.269723404255318 1.5467722827256312 1.5476294069726291 0.0009765625
10.269723404255318 10.289531914893617 1.5465159516849176 1.5473722827256313 0.0009765625
10.289531914893617 10.309340425531914 1.5462604097727877 1.5471159516849178 0.0009765625
10.309340425531914 10.329148936170213 1.5460056529410824 1.5468604097727878 0.0009765625
10.329148936170213 10.348957446808511 1.5457516771709408 1.5466056529410825 0.0009765625
10.348957446808511 10.368765957446808 1.5454984784724604 1.5463516771709409 0.0009765625
10.368765957446808 10.388574468085107 1.5452460528844982 1.5460984784724605 0.0009765625
10.388574468085107 10.408382978723404 1.5449943964743478 1.5458460528844984 0.0009765625
10.408382978723404 10.428191489361701 1.5447435053375058 1.5455943964743479 0.0009765625
10.428191489361701 10.448 1.544493375597404 1.545343505337506 0.0009765625
10.448 10.467808510638298 1.5442440034051483 1.5450933755974041 0.0009765625
10.467808510638298 10.487617021276595 1.5439953849392656 1.5448440034051485 0.0009765625
10.487617021276595 10.507425531914894 1.5437475164054397 1.5445953849392657 0.0009765625
10.507425531914894 10.527234042553191 1.543500394036285 1.5443475164054399 0.0009765625
10.527234042553191 10.547042553191488 1.5432540140910931 1.5441003940362852 0.0009765625
10.547042553191488 10.566851063829787 1.5430083728555644 1.5438540140910932 0.0009765625
10.566851063829787 10.586659574468085 1.5427634666415917 1.5436083728555645 0.0009765625
10.586659574468085 10.606468085106382 1.5425192917870252 1.5433634666415919 0.0009765625
10.606468085106382 10.626276595744681 1.5422758446554179 1.5431192917870253 0.0009765625
10.626276595744681 10.646085106382978 1.5420331216357988 1.542875844655418 0.0009765625
10.646085106382978 10.665893617021275 1.5417911191424518 1.5426331216357989 0.0009765625
10.665893617021275 10.685702127659575 1.5415498336146749 1.542391119142452 0.0009765625
10.685702127659575 10.705510638297872 1.541309261516558 1.5421498336146751 0.0009765625
10.705510638297872 10.725319148936169 1.5410693993367717 1.5419092615165582 0.0009765625
10.725319148936169 10.745127659574468 1.540830243588333 1.5416693993367718 0.0009765625
10.745127659574468 10.764936170212765 1.5405917908083826 1.5414302435883331 0.0009765625
10.764936170212765 10.784744680851064 1.5403540375579914 1.5411917908083828 0.0009765625
10.784744680851064 10.804553191489362 1.5401169804219192 1.5409540375579915 0.0009765625
10.804553191489362 10.824361702127659 1.5398806160084282 1.5407169804219194 0.0009765625
10.824361702127659 10.844170212765958 1.5396449409490589 1.5404806160084283 0.0009765625
10.844170212765958 10.863978723404255 1.5394099518984303 1.5402449409490591 0.0009765625
10.863978723404255 10.883787234042552 1.5391756455340317 1.5400099518984305 0.0009765625
10.883787234042552 10.903595744680851 1.538942018556021 1.5397756455340319 0.0009765625
10.903595744680851 10.923404255319149 1.538709067687027 1.5395420185560211 0.0009765625
10.923404255319149 10.943212765957446 1.5384767896712759 1.5393090676863432 0.0009765625
10.943212765957446 10.963021276595745 1.5382451812777931 1.5390767896719608 0.0009765625
10.963021276595745 10.982829787234042 1.538014239293398 1.5388451812777932 0.0009765625
10.982829787234042 11.002638297872341 1.5377839605293271 1.5386142392933981 0.0009765625
11.002638297872341 11.022446808510638 1.5375543418176336 1.5383839605293272 0.0009765625
11.022446808510638 11.042255319148936 1.537325380011705 1.5381543418176338 0.0009765625
11.042255319148936 11.062063829787235 1.5370970719860331 1.5379253800117052 0.0009765625
11.062063829787235 11.081872340425532 1.5368694146360762 1.5376970719860332 0.0009765625
11.081872340425532 11.101680851063829 1.5366424048780507 1.5374694146360763 0.0009765625
11.101680851063829 11.121489361702128 1.5364160396487565 1.5372424048780509 0.0009765625
11.121489361702128 11.141297872340425 1.5361903159054109 1.5370160396487567 0.0009765625
11.141297872340425 11.161106382978723 1.5359652306254534 1.536790315905411 0.0009765625
11.161106382978723 11.180914893617022 1.5357407808063939 1.5365652306254536 0.0009765625
11.180914893617022 11.200723404255319 1.5355169634656163 1.536340780806394 0.0009765625
11.200723404255319 11.220531914893618 1.5352937756402334 1.5361169634656164 0.0009765625
11.220531914893618 11.240340425531915 1.5350712143868936 1.5358937756402335 0.0009765625
11.240340425531915 11.260148936170213 1.5348492767816482 1.5356712143868938 0.0009765625
11.260148936170213 11.279957446808512 1.5346279599197474 1.5354492767816483 0.0009765625
11.279957446808512 11.299765957446809 1.5344072609154924 1.5352279599197476 0.0009765625
11.299765957446809 11.319574468085108 1.5341871769020905 1.5350072609154926 0.0009765625
11.319574468085108 11.339382978723405 1.5339677050314737 1.5347871769020907 0.0009765625
11.339382978723405 11.359191489361702 1.533748842474153 1.5345677050314739 0.0009765625
11.359191489361702 11.379000000000001 1.5335305864190489 1.5343488424741532 0.0009765625
11.379000000000001 11.398808510638299 1.5333129340733533 1.5341305864190491 0.0009765625
11.398808510638299 11.418617021276596 1.533095882662364 1.5339129340733535 0.0009765625
11.418617021276596 11.438425531914895 1.5328794294293491 1.5336958826623641 0.0009765625
11.438425531914895 11.458234042553192 1.5326635716353465 1.5334794294293492 0.0009765625
11.458234042553192 11.478042553191489 1.532448306559103 1.5332635716353467 0.0009765625
11.478042553191489 11.497851063829788 1.5322336314968485 1.5330483065591032 0.0009765625
11.497851063829788 11.517659574468086 1.5320195437621764 1.5328336314968487 0.0009765625
11.517659574468086 11.537468085106385 1.5318060406859184 1.5326195437621766 0.0009765625
11.537468085106385 11.557276595744682 1.5315931196159838 1.5324060406859186 0.0009765625
11.557276595744682 11.577085106382979 1.5313807779172126 1.5321931196159839 0.0009765625
11.577085106382979 11.596893617021278 1.5311690129712374 1.5319807779172128 0.0009765625
11.596893617021278 11.616702127659575 1.5309578221763767 1.5317690129712376 0.0009765625
11.616702127659575 11.636510638297874 1.530747202947438 1.5315578221763768 0.0009765625
11.636510638297874 11.656319148936172 1.5305371527156535 1.5313472029474382 0.0009765625
11.656319148936172 11.676127659574469 1.5303276689284777 1.5311371527156536 0.0009765625
11.676127659574469 11.695936170212768 1.5301187490495065 1.5309276689284779 0.0009765625
11.695936170212768 11.715744680851065 1.5299103905583167 1.5307187490495067 0.0009765625
11.715744680851065 11.735553191489362 1.5297025909496622 1.5305103905576376 0.0009765625
11.735553191489362 11.755361702127662 1.5294953477367539 1.5303025909503447 0.0009765625
11.755361702127662 11.775170212765959 1.5292886584443195 1.530095347736754 0.0009765625
11.775170212765959 11.794978723404256 1.5290825206152907 1.5298886584443196 0.0009765625
11.794978723404256 11.814787234042555 1.5288769318072553 1.5296825206152909 0.0009765625
11.814787234042555 11.834595744680852 1.528671889593048 1.5294769318072554 0.0009765625
11.834595744680852 11.85440425531915 1.5284673915605962 1.5292718895930482 0.0009765625
11.85440425531915 11.874212765957449 1.5282634353128068 1.5290673915605963 0.0009765625
11.874212765957449 11.894021276595746 1.5280600184674629 1.528863435312807 0.0009765625
11.894021276595746 11.913829787234043 1.5278571386570836 1.528660018467463 0.0009765625
11.913829787234043 11.933638297872342 1.5276547935288118 1.5284571386570838 0.0009765625
11.933638297872342 11.953446808510639 1.5274529807442967 1.528254793528812 0.0009765625
11.953446808510639 11.973255319148937 1.5272516979796078 1.5280529807442969 0.0009765625
11.973255319148937 11.993063829787236 1.5270509429250478 1.527851697979608 0.0009765625
11.993063829787236 12.012872340425533 1.5268507132851319 1.527650942925048 0.0009765625
12.012872340425533 12.03268085106383 1.526651006778402 1.527450713285132 0.0009765625
12.03268085106383 12.052489361702129 1.526451821137351 1.5272510067784022 0.0009765625
12.052489361702129 12.072297872340426 1.5262531541082927 1.5270518211373512 0.0009765625
12.072297872340426 12.092106382978724 1.5260550034512856 1.5268531541082928 0.0009765625
12.092106382978724 12.111914893617023 1.5258573669399846 1.5266550034512858 0.0009765625
12.111914893617023 12.13172340425532 1.5256602423615697 1.5264573669399848 0.0009765625
12.13172340425532 12.151531914893617 1.5254636275166078 1.5262602423615699 0.0009765625
12.151531914893617 12.171340425531916 1.5252675202189785 1.526063627516608 0.0009765625
12.171340425531916 12.191148936170213 1.5250719182957451 1.5258675202189786 0.0009765625
12.191148936170213 12.210957446808511 1.5248768195870599 1.5256719182957452 0.0009765625
12.210957446808511 12.230765957446808 1.5246822219460838 1.5254768195870601 0.0009765625
12.230765957446808 12.250574468085107 1.5244881232388412 1.525282221946084 0.0009765625
12.250574468085107 12.270382978723404 1.5242945213441594 1.5250881232388414 0.0009765625
12.270382978723404 12.290191489361701 1.524101414153554 1.5248945213441596 0.0009765625
12.290191489361701 12.31 1.5239087995711356 1.5247014141535542 0.0009765625
12.31 12.329808510638298 1.523716675513489 1.5245087995711357 0.0009765625
12.329808510638298 12.349617021276595 1.5235250399096332 1.5243166755134891 0.0009765625
12.349617021276595 12.369425531914894 1.52333389070085 1.5241250399096333 0.0009765625
12.369425531914894 12.389234042553191 1.5231432258406621 1.5239338907008502 0.0009765625
12.389234042553191 12.409042553191489 1.5229530432946894 1.5237432258406622 0.0009765625
12.409042553191489 12.428851063829788 1.5227633410405803 1.5235530432946895 0.0009765625
12.428851063829788 12.448659574468085 1.5225741170679066 1.5233633410405805 0.0009765625
12.448659574468085 12.468468085106382 1.5223853693780942 1.5231741170679067 0.0009765625
12.468468085106382 12.488276595744681 1.5221970959843139 1.5229853693780944 0.0009765625
12.488276595744681 12.508085106382978 1.522009294911381 1.522797095984314 0.0009765625
12.508085106382978 12.527893617021276 1.5218219641950268 1.5226092949107042 0.0009765625
12.527893617021276 12.547702127659575 1.5216351018851566 1.5224219641957002 0.0009765625
12.547702127659575 12.567510638297872 1.5214487060390336 1.5222351018851568 0.0009765625
12.567510638297872 12.587319148936169 1.5212627747279186 1.5220487060390337 0.0009765625
12.587319148936169 12.607127659574468 1.521077306033648 1.5218627747279188 0.0009765625
12.607127659574468 12.626936170212765 1.5208922980491648 1.5216773060336481 0.0009765625
12.626936170212765 12.646744680851063 1.5207077488784957 1.521492298049165 0.0009765625
12.646744680851063 12.666553191489362 1.5205236566366449 1.5213077488784958 0.0009765625
12.666553191489362 12.686361702127659 1.5203400194494907 1.5211236566366451 0.0009765625
12.686361702127659 12.706170212765958 1.5201568354537496 1.5209400194494909 0.0009765625
12.706170212765958 12.725978723404255 1.5199741027968547 1.5207568354537497 0.0009765625
12.725978723404255 12.745787234042552 1.5197918196368885 1.5205741027968549 0.0009765625
12.745787234042552 12.765595744680851 1.5196099841425215 1.5203918196368886 0.0009765625
12.765595744680851 12.785404255319149 1.5194285944928885 1.5202099841425216 0.0009765625
12.785404255319149 12.805212765957446 1.5192476488775808 1.5200285944928886 0.0009765625
12.805212765957446 12.825021276595745 1.5190671454964959 1.5198476488775809 0.0009765625
12.825021276595745 12.844829787234042 1.5188870825598224 1.5196671454964961 0.0009765625
12.844829787234042 12.864638297872339 1.5187074582879276 1.5194870825598226 0.0009765625
12.864638297872339 12.884446808510639 1.5185282709112693 1.5193074582879278 0.0009765625
12.884446808510639 12.904255319148936 1.518349518670369 1.5191282709112695 0.0009765625
12.904255319148936 12.924063829787233 1.5181711998157288 1.5189495186703692 0.0009765625
12.924063829787233 12.943872340425532 1.5179933126076945 1.5187711998157289 0.0009765625
12.943872340425532 12.963680851063829 1.5178158553164889 1.5185933126076947 0.0009765625
12.963680851063829 12.983489361702127 1.5176388262220246 1.518415855316489 0.0009765625
12.983489361702127 13.003297872340426 1.5174622236139461 1.5182388262220248 0.0009765625
13.003297872340426 13.023106382978723 1.5172860457914759 1.5180622236139463 0.0009765625
13.023106382978723 13.04291489361702 1.5171102910633789 1.517886045791476 0.0009765625
13.04291489361702 13.062723404255319 1.5169349577478859 1.5177102910633791 0.0009765625
13.062723404255319 13.082531914893616 1.5167600441726419 1.517534957747886 0.0009765625
13.082531914893616 13.102340425531914 1.5165855486746054 1.517360044172642 0.0009765625
13.102340425531914 13.122148936170213 1.5164114696000242 1.5171855486746055 0.0009765625
13.122148936170213 13.14195744680851 1.5162378053043104 1.5170114696000243 0.0009765625
13.14195744680851 13.161765957446809 1.5160645541520481 1.5168378053043106 0.0009765625
13.161765957446809 13.181574468085106 1.5158917145168485 1.5166645541520483 0.0009765625
13.181574468085106 13.201382978723403 1.5157192847813601 1.5164917145168486 0.0009765625
13.201382978723403 13.221191489361702 1.5155472633371481 1.5163192847813602 0.0009765625
13.221191489361702 13.241 1.5153756485846566 1.5161472633371482 0.0009765625
13.241 13.260808510638297 1.5152044389331352 1.5159756485846567 0.0009765625
13.260808510638297 13.280617021276596 1.5150336328006002 1.5158044389331353 0.0009765625
13.280617021276596 13.300425531914893 1.5148632286137362 1.5156336328006004 0.0009765625
13.300425531914893 13.32023404255319 1.5146932248071809 1.5154632286130629 0.0009765625
13.32023404255319 13.340042553191489 1.5145236198268295 1.5152932248078479 0.0009765625
13.340042553191489 13.359851063829787 1.5143544121230463 1.5151236198268296 0.0009765625
13.359851063829787 13.379659574468084 1.5141856001573282 1.5149544121230465 0.0009765625
13.379659574468084 13.399468085106383 1.5140171823988811 1.5147856001573283 0.0009765625
13.399468085106383 13.41927659574468 1.5138491573252328 1.5146171823988812 0.0009765625
13.41927659574468 13.439085106382977 1.5136815234221754 1.514449157325233 0.0009765625
13.439085106382977 13.458893617021277 1.513514279183731 1.5142815234221756 0.0009765625
13.458893617021277 13.478702127659574 1.5133474231120356 1.5141142791837312 0.0009765625
13.478702127659574 13.498510638297873 1.5131809537173424 1.5139474231120358 0.0009765625
13.498510638297873 13.51831914893617 1.5130148695179373 1.5137809537173426 0.0009765625
13.51831914893617 13.538127659574467 1.5128491690400985 1.5136148695179374 0.0009765625
13.538127659574467 13.557936170212766 1.5126838508180032 1.5134491690400986 0.0009765625
13.557936170212766 13.577744680851064 1.5125189133937174 1.5132838508180033 0.0009765625
13.577744680851064 13.597553191489361 1.5123543553171248 1.5131189133937175 0.0009765625
13.597553191489361 13.61736170212766 1.5121901751458631 1.512954355317125 0.0009765625
13.61736170212766 13.637170212765957 1.5120263714452788 1.5127901751458632 0.0009765625
13.637170212765957 13.656978723404254 1.5118629427883861 1.512626371445279 0.0009765625
13.656978723404254 13.676787234042553 1.5116998877557883 1.5124629427883862 0.0009765625
13.676787234042553 13.696595744680851 1.511537204935625 1.5122998877557885 0.0009765625
13.696595744680851 13.716404255319148 1.5113748929235749 1.5121372049356252 0.0009765625
13.716404255319148 13.736212765957447 1.5112129503227227 1.511974892923575 0.0009765625
13.736212765957447 13.756021276595744 1.5110513757435773 1.5118129503227229 0.0009765625
13.756021276595744 13.775829787234041 1.5108901678039792 1.5116513757435774 0.0009765625
13.775829787234041 13.79563829787234 1.5107293251290572 1.5114901678039794 0.0009765625
13.79563829787234 13.815446808510638 1.5105688463512104 1.5113293251290574 0.0009765625
13.815446808510638 13.835255319148935 1.5104087301099998 1.5111688463512105 0.0009765625
13.835255319148935 13.855063829787234 1.5102489750521673 1.5110087301099999 0.0009765625
13.855063829787234 13.874872340425531 1.5100895798315288 1.5108489750521674 0.0009765625
13.874872340425531 13.894680851063828 1.5099305431089631 1.510689579831529 0.0009765625
13.894680851063828 13.914489361702127 1.5097718635523503 1.5105305431089633 0.0009765625
13.914489361702127 13.934297872340425 1.5096135398365287 1.5103718635523504 0.0009765625
13.934297872340425 13.954106382978724 1.5094555706432347 1.5102135398365288 0.0009765625
13.954106382978724 13.973914893617021 1.5092979546610759 1.5100555706432348 0.0009765625
13.973914893617021 13.993723404255318 1.5091406905854818 1.509897954661076 0.0009765625
13.993723404255318 14.013531914893617 1.508983777118641 1.509740690585482 0.0009765625
14.013531914893617 14.033340425531915 1.5088272129694618 1.5095837771186411 0.0009765625
14.033340425531915 14.053148936170212 1.508670996853557 1.5094272129694619 0.0009765625
14.053148936170212 14.072957446808511 1.5085151274931461 1.5092709968535571 0.0009765625
14.072957446808511 14.092765957446808 1.5083596036170708 1.5091151274931462 0.0009765625
14.092765957446808 14.112574468085105 1.508204423960023 1.5089596036164032 0.0009765625
14.112574468085105 14.132382978723404 1.5080495872658795 1.5088044239606841 0.0009765625
14.132382978723404 14.152191489361702 1.507895092280978 1.5086495872658796 0.0009765625
14.152191489361702 14.172000000000001 1.5077409377607465 1.5084950922809781 0.0009765625
14.172000000000001 14.191808510638298 1.5075871224663093 1.5083409377607466 0.0009765625
14.191808510638298 14.211617021276595 1.5074336451651269 1.5081871224663095 0.0009765625
14.211617021276595 14.231425531914894 1.5072805046309603 1.5080336451651271 0.0009765625
14.231425531914894 14.251234042553191 1.5071276996438119 1.5078805046309605 0.0009765625
14.251234042553191 14.271042553191489 1.5069752289898879 1.507727699643812 0.0009765625
14.271042553191489 14.290851063829788 1.5068230914615728 1.507575228989888 0.0009765625
14.290851063829788 14.310659574468085 1.5066712858573879 1.5074230914615729 0.0009765625
14.310659574468085 14.330468085106382 1.5065198109819131 1.507271285857388 0.0009765625
14.330468085106382 14.350276595744681 1.5063686656457949 1.5071198109819133 0.0009765625
14.350276595744681 14.370085106382978 1.5062178486656932 1.506968665645795 0.0009765625
14.370085106382978 14.389893617021277 1.5060673588642191 1.5068178486656933 0.0009765625
14.389893617021277 14.409702127659575 1.5059171950699388 1.5066673588642192 0.0009765625
14.409702127659575 14.429510638297872 1.5057673561172824 1.506517195069939 0.0009765625
14.429510638297872 14.449319148936171 1.5056178408465468 1.5063673561172826 0.0009765625
14.449319148936171 14.469127659574468 1.5054686481038448 1.506217840846547 0.0009765625
14.469127659574468 14.488936170212767 1.5053197767410726 1.506068648103845 0.0009765625
14.488936170212767 14.508744680851065 1.5051712256158516 1.5059197767410728 0.0009765625
14.508744680851065 14.528553191489362 1.5050229935915145 1.5057712256158517 0.0009765625
14.528553191489362 14.548361702127661 1.5048750795370658 1.5056229935915146 0.0009765625
14.548361702127661 14.568170212765958 1.5047274823271326 1.5054750795370659 0.0009765625
14.568170212765958 14.587978723404255 1.50458020084193 1.5053274823271328 0.0009765625
14.587978723404255 14.607787234042554 1.5044332339672533 1.5051802008419302 0.0009765625
14.607787234042554 14.627595744680852 1.5042865805944057 1.5050332339672534 0.0009765625
14.627595744680852 14.647404255319149 1.5041402396201686 1.5048865805944058 0.0009765625
14.647404255319149 14.667212765957448 1.503994209946788 1.5047402396201688 0.0009765625
14.667212765957448 14.687021276595745 1.5038484904819349 1.5045942099467882 0.0009765625
14.687021276595745 14.706829787234044 1.5037030801386393 1.5044484904819351 0.0009765625
14.706829787234044 14.726638297872341 1.5035579778352972 1.5043030801386394 0.0009765625
14.726638297872341 14.746446808510639 1.503413182495615 1.5041579778352974 0.0009765625
14.746446808510639 14.766255319148938 1.5032686930485815 1.5040131824956151 0.0009765625
14.766255319148938 14.786063829787235 1.5031245084284335 1.5038686930485816 0.0009765625
14.786063829787235 14.805872340425534 1.5029806275746087 1.5037245084284336 0.0009765625
14.805872340425534 14.825680851063831 1.5028370494317549 1.5035806275746089 0.0009765625
14.825680851063831 14.845489361702128 1.5026937729496328 1.503437049431755 0.0009765625
14.845489361702128 14.865297872340427 1.5025507970831549 1.503293772949633 0.0009765625
14.865297872340427 14.885106382978725 1.5024081207922904 1.503150797083155 0.0009765625
14.885106382978725 14.904914893617022 1.5022657430414113 1.5030081207916293 0.0009765625
14.904914893617022 14.924723404255321 1.5021236628025472 1.5028657430420702 0.0009765625
14.924723404255321 14.944531914893618 1.5019818790487651 1.5027236628025473 0.0009765625
14.944531914893618 14.964340425531915 1.5018403907607263 1.5025818790487653 0.0009765625
14.964340425531915 14.984148936170214 1.5016991969233462 1.5024403907607264 0.0009765625
14.984148936170214 15.003957446808512 1.5015582965264493 1.5022991969233463 0.0009765625
15.003957446808512 15.023765957446809 1.5014176885647315 1.5021582965264495 0.0009765625
15.023765957446809 15.043574468085108 1.5012773720377057 1.5020176885647316 0.0009765625
15.043574468085108 15.063382978723405 1.501137345949705 1.5018773720377059 0.0009765625
15.063382978723405 15.083191489361703 1.5009976093098387 1.5017373459497052 0.0009765625
15.083191489361703 15.103000000000002 1.5008581611319449 1.5015976093098389 0.0009765625
15.103000000000002 15.122808510638299 1.5007190004346047 1.5014581611319451 0.0009765625
15.122808510638299 15.142617021276598 1.5005801262410601 1.5013190004346049 0.0009765625
15.142617021276598 15.162425531914895 1.5004415375792288 1.5011801262410602 0.0009765625
15.162425531914895 15.182234042553192 1.5003032334816595 1.501041537579229 0.0009765625
15.182234042553192 15.202042553191491 1.5001652129854879 1.5009032334816597 0.0009765625
15.202042553191491 15.221851063829789 1.5000274751324381 1.500765212985488 0.0009765625
15.221851063829789 15.241659574468086 1.49989001896878 1.5006274751324382 0.0009765625
15.241659574468086 15.261468085106385 1.4997528435452847 1.5004900189687802 0.0009765625
15.261468085106385 15.281276595744682 1.4996159479172222 1.5003528435452849 0.0009765625
15.281276595744682 15.301085106382979 1.4994793311443444 1.5002159479172223 0.0009765625
15.301085106382979 15.320893617021278 1.4993429922908006 1.5000793311443446 0.0009765625
15.320893617021278 15.340702127659576 1.4992069304251747 1.4999429922908007 0.0009765625
15.340702127659576 15.360510638297873 1.4990711446204228 1.4998069304251749 0.0009765625
15.360510638297873 15.380319148936172 1.4989356339538706 1.4996711446204229 0.0009765625
15.380319148936172 15.400127659574469 1.4988003975071478 1.4995356339538708 0.0009765625
15.400127659574469 15.419936170212766 1.4986654343662011 1.4994003975071479 0.0009765625
15.419936170212766 15.439744680851065 1.4985307436212585 1.4992654343662013 0.0009765625
15.439744680851065 15.459553191489363 1.4983963243667817 1.4991307436212586 0.0009765625
15.459553191489363 15.479361702127662 1.4982621757014709 1.4989963243667819 0.0009765625
15.479361702127662 15.499170212765959 1.4981282967282235 1.4988621757014711 0.0009765625
15.499170212765959 15.518978723404256 1.4979946865541129 1.4987282967282236 0.0009765625
15.518978723404256 15.538787234042555 1.4978613442903452 1.4985946865541131 0.0009765625
15.538787234042555 15.558595744680852 1.4977282690522773 1.4984613442903454 0.0009765625
15.558595744680852 15.57840425531915 1.4975954599593446 1.4983282690522775 0.0009765625
15.57840425531915 15.598212765957449 1.4974629161350765 1.4981954599593448 0.0009765625
15.598212765957449 15.618021276595746 1.4973306367070245 1.4980629161350767 0.0009765625
15.618021276595746 15.637829787234043 1.4971986208067918 1.4979306367070246 0.0009765625
15.637829787234043 15.657638297872342 1.4970668675699748 1.4977986208067919 0.0009765625
15.657638297872342 15.67744680851064 1.4969353761361543 1.4976668675699749 0.0009765625
15.67744680851064 15.697255319148937 1.4968041456481991 1.4975353761355008 0.0009765625
15.697255319148937 15.717063829787236 1.4966731752555387 1.4974041456488516 0.0009765625
15.717063829787236 15.736872340425533 1.4965424641075828 1.4972731752555388 0.0009765625
15.736872340425533 15.75668085106383 1.4964120113602437 1.497142464107583 0.0009765625
15.75668085106383 15.776489361702129 1.4962818161726434 1.4970120113602439 0.0009765625
15.776489361702129 15.796297872340427 1.4961518777077434 1.4968818161726436 0.0009765625
15.796297872340427 15.816106382978726 1.4960221951322994 1.4967518777077435 0.0009765625
15.816106382978726 15.835914893617023 1.4958927676168987 1.4966221951322995 0.0009765625
15.835914893617023 15.85572340425532 1.4957635943358794 1.4964927676168989 0.0009765625
15.85572340425532 15.875531914893619 1.4956346744673346 1.4963635943358795 0.0009765625
15.875531914893619 15.895340425531916 1.4955060071930866 1.4962346744673347 0.0009765625
15.895340425531916 15.915148936170215 1.4953775916986609 1.4961060071930867 0.0009765625
15.915148936170215 15.934957446808513 1.4952494271732573 1.4959775916986611 0.0009765625
15.934957446808513 15.95476595744681 1.4951215128097675 1.4958494271732574 0.0009765625
15.95476595744681 15.974574468085109 1.4949938478047005 1.4957215128097676 0.0009765625
15.974574468085109 15.994382978723406 1.4948664313581816 1.4955938478047006 0.0009765625
15.994382978723406 16.014191489361703 1.4947392626739624 1.4954664313581818 0.0009765625
16.014191489361703 16.034000000000002 1.494612340959353 1.4953392626739626 0.0009765625
16.034000000000002 16.053808510638301 1.4944856654252261 1.4952123409593532 0.0009765625
16.053808510638301 16.073617021276597 1.4943592352859885 1.4950856654252263 0.0009765625
16.073617021276597 16.093425531914896 1.4942330497595662 1.4949592352859886 0.0009765625
16.093425531914896 16.113234042553195 1.4941071080673818 1.4948330497595663 0.0009765625
16.113234042553195 16.13304255319149 1.4939814094343311 1.4947071080673819 0.0009765625
16.13304255319149 16.15285106382979 1.4938559530887783 1.4945814094343313 0.0009765625
16.15285106382979 16.172659574468089 1.4937307382625107 1.4944559530887784 0.0009765625
16.172659574468089 16.192468085106384 1.4936057641907396 1.4943307382625108 0.0009765625
16.192468085106384 16.212276595744683 1.4934810301120649 1.4942057641907398 0.0009765625
16.212276595744683 16.232085106382982 1.4933565352684679 1.4940810301120651 0.0009765625
16.232085106382982 16.251893617021278 1.493232278905297 1.4939565352684681 0.0009765625
16.251893617021278 16.271702127659577 1.4931082602712267 1.4938322789052971 0.0009765625
16.271702127659577 16.291510638297876 1.4929844786182507 1.4937082602712268 0.0009765625
16.291510638297876 16.311319148936171 1.4928609332016973 1.4935844786182508 0.0009765625
16.311319148936171 16.33112765957447 1.4927376232801175 1.4934609332016975 0.0009765625
16.33112765957447 16.350936170212769 1.4926145481153756 1.4933376232801177 0.0009765625
16.350936170212769 16.370744680851068 1.4924917069725603 1.4932145481153758 0.0009765625
16.370744680851068 16.390553191489364 1.4923690991199954 1.4930917069725604 0.0009765625
16.390553191489364 16.410361702127663 1.4922467238292005 1.4929690991199955 0.0009765625
16.410361702127663 16.430170212765962 1.4921245803748966 1.4928467238292007 0.0009765625
16.430170212765962 16.449978723404257 1.4920026680349701 1.4927245803748967 0.0009765625
16.449978723404257 16.469787234042556 1.4918809860904692 1.4926026680349702 0.0009765625
16.469787234042556 16.489595744680855 1.4917595338249268 1.4924809860898238 0.0009765625
16.489595744680855 16.509404255319151 1.4916383105275854 1.4923595338255806 0.0009765625
16.509404255319151 16.52921276595745 1.4915173154868977 1.4922383105275856 0.0009765625
16.52921276595745 16.549021276595749 1.4913965479969986 1.4921173154868979 0.0009765625
16.549021276595749 16.568829787234044 1.4912760073544449 1.4919965479969988 0.0009765625
16.568829787234044 16.588638297872343 1.491155692858833 1.491876007354445 0.0009765625
16.588638297872343 16.608446808510642 1.4910356038127988 1.4917556928588331 0.0009765625
16.608446808510642 16.628255319148938 1.4909157395219834 1.4916356038127989 0.0009765625
16.628255319148938 16.648063829787237 1.4907960992950546 1.4915157395219836 0.0009765625
16.648063829787237 16.667872340425532 1.4906766824436151 1.4913960992950548 0.0009765625
16.667872340425532 16.687680851063831 1.4905574882822774 1.4912766824436152 0.0009765625
16.687680851063831 16.70748936170213 1.4904385161285829 1.4911574882822776 0.0009765625
16.70748936170213 16.727297872340426 1.4903197653030067 1.4910385161285831 0.0009765625
16.727297872340426 16.747106382978725 1.4902012351289413 1.4909197653030068 0.0009765625
16.747106382978725 16.766914893617024 1.4900829249326766 1.4908012351289415 0.0009765625
16.766914893617024 16.786723404255319 1.4899648340433949 1.4906829249326767 0.0009765625
16.786723404255319 16.806531914893618 1.4898469617931467 1.490564834043395 0.0009765625
16.806531914893618 16.826340425531917 1.4897293075168145 1.4904469617931468 0.0009765625
16.826340425531917 16.846148936170213 1.4896118705521464 1.4903293075168147 0.0009765625
16.846148936170213 16.865957446808512 1.4894946502396904 1.4902118705521465 0.0009765625
16.865957446808512 16.885765957446811 1.4893776459228174 1.4900946502396906 0.0009765625
16.885765957446811 16.905574468085106 1.4892608569476624 1.4899776459228176 0.0009765625
16.905574468085106 16.925382978723405 1.4891442826631638 1.4898608569476626 0.0009765625
16.925382978723405 16.945191489361704 1.4890279224210068 1.4897442826631639 0.0009765625
16.945191489361704 16.965 1.4889117755756192 1.4896279224210069 0.0009765625
16.965 16.984808510638299 1.4887958414841549 1.4895117755756193 0.0009765625
16.984808510638299 17.004617021276598 1.488680119506504 1.489395841484155 0.0009765625
17.004617021276598 17.024425531914893 1.488564609005232 1.4892801195065042 0.0009765625
17.024425531914893 17.044234042553192 1.4884493093455939 1.4891646090052322 0.0009765625
17.044234042553192 17.064042553191491 1.4883342198955347 1.4890493093455941 0.0009765625
17.064042553191491 17.083851063829787 1.4882193400256261 1.4889342198955349 0.0009765625
17.083851063829787 17.103659574468086 1.4881046691091036 1.4888193400256262 0.0009765625
17.103659574468086 17.123468085106381 1.4879902065218262 1.4887046691091037 0.0009765625
17.123468085106381 17.14327659574468 1.4878759516422599 1.4885902065218264 0.0009765625
17.14327659574468 17.163085106382979 1.4877619038514689 1.4884759516422601 0.0009765625
17.163085106382979 17.182893617021275 1.4876480625331201 1.488361903851469 0.0009765625
17.182893617021275 17.202702127659574 1.4875344270734256 1.4882480625331203 0.0009765625
17.202702127659574 17.222510638297873 1.4874209968611742 1.4881344270734258 0.0009765625
17.222510638297873 17.242319148936168 1.4873077712876897 1.4880209968611744 0.0009765625
17.242319148936168 17.262127659574467 1.4871947497468336 1.4879077712876898 0.0009765625
17.262127659574467 17.281936170212767 1.4870819316343262 1.4877947497461876 0.0009765625
17.281936170212767 17.301744680851062 1.4869693163509781 1.4876819316349663 0.0009765625
17.301744680851062 17.321553191489361 1.4868569032962231 1.4875693163509782 0.0009765625
17.321553191489361 17.34136170212766 1.4867446918745482 1.4874569032962233 0.0009765625
17.34136170212766 17.361170212765956 1.4866326814922566 1.4873446918745483 0.0009765625
17.361170212765956 17.380978723404255 1.4865208715581011 1.4872326814922567 0.0009765625
17.380978723404255 17.400787234042554 1.4864092614832722 1.4871208715581012 0.0009765625
17.400787234042554 17.420595744680853 1.4862978506813915 1.4870092614832724 0.0009765625
17.420595744680853 17.440404255319148 1.4861866385684761 1.4868978506813917 0.0009765625
17.440404255319148 17.460212765957447 1.4860756245629616 1.4867866385684763 0.0009765625
17.460212765957447 17.480021276595746 1.4859648080856507 1.4866756245629618 0.0009765625
17.480021276595746 17.499829787234042 1.4858541885597245 1.4865648080856508 0.0009765625
17.499829787234042 17.519638297872341 1.4857437654107295 1.4864541885597247 0.0009765625
17.519638297872341 17.53944680851064 1.4856335380665655 1.4863437654107297 0.0009765625
17.53944680851064 17.559255319148939 1.4855235059574516 1.4862335380665657 0.0009765625
17.559255319148939 17.579063829787234 1.4854136685159365 1.4861235059574518 0.0009765625
17.579063829787234 17.598872340425533 1.4853040251768852 1.4860136685159366 0.0009765625
17.598872340425533 17.618680851063832 1.4851945753774587 1.4859040251768854 0.0009765625
17.618680851063832 17.638489361702128 1.4850853185571056 1.4857945753774588 0.0009765625
17.638489361702128 17.658297872340427 1.4849762541575402 1.4856853185571057 0.0009765625
17.658297872340427 17.678106382978726 1.4848673816227635 1.4855762541575404 0.0009765625
17.678106382978726 17.697914893617021 1.4847587003990035 1.4854673816227637 0.0009765625
17.697914893617021 17.71772340425532 1.4846502099347338 1.4853587003990036 0.0009765625
17.71772340425532 17.737531914893619 1.4845419096806647 1.485250209934734 0.0009765625
17.737531914893619 17.757340425531915 1.4844337990897081 1.4851419096806648 0.0009765625
17.757340425531915 17.777148936170214 1.4843258776169959 1.4850337990897082 0.0009765625
17.777148936170214 17.796957446808513 1.4842181447198504 1.484925877616996 0.0009765625
17.796957446808513 17.816765957446812 1.4841105998577611 1.4848181447198505 0.0009765625
17.816765957446812 17.836574468085107 1.4840032424924043 1.4847105998577612 0.0009765625
17.836574468085107 17.856382978723406 1.4838960720876084 1.4846032424924045 0.0009765625
17.856382978723406 17.876191489361705 1.483789088109343 1.4844960720876086 0.0009765625
17.876191489361705 17.896000000000001 1.4836822900257307 1.4843890881093431 0.0009765625
17.896000000000001 17.9158085106383 1.4835756773070172 1.4842822900257309 0.0009765625
17.9158085106383 17.935617021276599 1.4834692494255486 1.4841756773070174 0.0009765625
17.935617021276599 17.955425531914898 1.4833630058557896 1.4840692494255487 0.0009765625
17.955425531914898 17.975234042553193 1.4832569460742899 1.4839630058557898 0.0009765625
17.975234042553193 17.995042553191492 1.4831510695596932 1.4838569460742901 0.0009765625
17.995042553191492 18.014851063829791 1.4830453757926947 1.4837510695596934 0.0009765625
18.014851063829791 18.034659574468087 1.4829398642560672 1.4836453757926948 0.0009765625
18.034659574468087 18.054468085106386 1.4828345344346368 1.4835398642560673 0.0009765625
18.054468085106386 18.074276595744685 1.4827293858146173 1.4834345344339994 0.0009765625
18.074276595744685 18.09408510638298 1.4826244178868191 1.4833293858152545 0.0009765625
18.09408510638298 18.113893617021279 1.4825196301402233 1.4832244178868192 0.0009765625
18.113893617021279 18.133702127659578 1.4824150220683994 1.4831196301402234 0.0009765625
18.133702127659578 18.153510638297874 1.4823105931662623 1.4830150220683995 0.0009765625
18.153510638297874 18.173319148936173 1.4822063429307117 1.4829105931662625 0.0009765625
18.173319148936173 18.193127659574472 1.4821022708606397 1.4828063429307119 0.0009765625
18.193127659574472 18.212936170212767 1.4819983764568911 1.4827022708606399 0.0009765625
18.212936170212767 18.232744680851066 1.4818946592222866 1.4825983764568913 0.0009765625
18.232744680851066 18.252553191489362 1.4817911186615782 1.4824946592222867 0.0009765625
18.252553191489362 18.272361702127661 1.4816877542814737 1.4823911186615784 0.0009765625
18.272361702127661 18.29217021276596 1.4815845655905868 1.4822877542814739 0.0009765625
18.29217021276596 18.311978723404255 1.4814815520994882 1.482184565590587 0.0009765625
18.311978723404255 18.331787234042555 1.4813787133206071 1.4820815520994883 0.0009765625
18.331787234042555 18.351595744680854 1.4812760487683316 1.4819787133206073 0.0009765625
18.351595744680854 18.371404255319149 1.4811735579588903 1.4818760487683318 0.0009765625
18.371404255319149 18.391212765957448 1.4810712404104183 1.4817735579588904 0.0009765625
18.391212765957448 18.411021276595747 1.4809690956429162 1.4816712404104184 0.0009765625
18.411021276595747 18.430829787234043 1.480867123178246 1.4815690956429164 0.0009765625
18.430829787234043 18.450638297872342 1.4807653225401327 1.4814671231782461 0.0009765625
18.450638297872342 18.470446808510641 1.4806636932541277 1.4813653225401329 0.0009765625
18.470446808510641 18.490255319148936 1.4805622348476215 1.4812636932541279 0.0009765625
18.490255319148936 18.510063829787235 1.4804609468498475 1.4811622348476217 0.0009765625
18.510063829787235 18.529872340425534 1.4803598287918334 1.4810609468498477 0.0009765625
18.529872340425534 18.54968085106383 1.4802588802064216 1.4809598287918335 0.0009765625
18.54968085106383 18.569489361702129 1.480158100628256 1.4808588802064218 0.0009765625
18.569489361702129 18.589297872340428 1.480057489593773 1.4807581006282562 0.0009765625
18.589297872340428 18.609106382978723 1.4799570466411802 1.4806574895937732 0.0009765625
18.609106382978723 18.628914893617022 1.4798567713104585 1.4805570466411804 0.0009765625
18.628914893617022 18.648723404255321 1.4797566631433634 1.4804567713104586 0.0009765625
18.648723404255321 18.668531914893617 1.4796567216833798 1.4803566631433636 0.0009765625
18.668531914893617 18.688340425531916 1.4795569464757719 1.48025672168338 0.0009765625
18.688340425531916 18.708148936170211 1.4794573370675124 1.480156946475772 0.0009765625
18.708148936170211 18.72795744680851 1.4793578930073128 1.4800573370675125 0.0009765625
18.72795744680851 18.747765957446809 1.4792586138456028 1.479957893007313 0.0009765625
18.747765957446809 18.767574468085105 1.4791594991345349 1.4798586138456029 0.0009765625
18.767574468085105 18.787382978723404 1.4790605484279453 1.4797594991345351 0.0009765625
18.787382978723404 18.807191489361703 1.4789617612813781 1.4796605484279455 0.0009765625
18.807191489361703 18.826999999999998 1.4788631372520649 1.4795617612813783 0.0009765625
18.826999999999998 18.846808510638297 1.4787646758989008 1.479463137252065 0.0009765625
18.846808510638297 18.866617021276596 1.4786663767818313 1.479364675898269 0.0009765625
18.866617021276596 18.886425531914892 1.4785682394650079 1.4792663767824745 0.0009765625
18.886425531914892 18.906234042553191 1.4784702635103997 1.4791682394650081 0.0009765625
18.906234042553191 18.92604255319149 1.4783724484841845 1.4790702635103998 0.0009765625
18.92604255319149 18.945851063829785 1.4782747939535392 1.4789724484841846 0.0009765625
18.945851063829785 18.965659574468084 1.4781772994872604 1.4788747939535394 0.0009765625
18.965659574468084 18.985468085106383 1.4780799646557827 1.4787772994872606 0.0009765625
18.985468085106383 19.005276595744682 1.4779827890311366 1.4786799646557829 0.0009765625
19.005276595744682 19.025085106382978 1.4778857721869776 1.4785827890311367 0.0009765625
19.025085106382978 19.044893617021277 1.4777889136985412 1.4784857721869777 0.0009765625
19.044893617021277 19.064702127659576 1.4776922131426655 1.4783889136985413 0.0009765625
19.064702127659576 19.084510638297871 1.4775956700977624 1.4782922131426657 0.0009765625
19.084510638297871 19.10431914893617 1.4774992841438312 1.4781956700977625 0.0009765625
19.10431914893617 19.124127659574469 1.4774030548624322 1.4780992841438314 0.0009765625
19.124127659574469 19.143936170212768 1.4773069818366802 1.4780030548624323 0.0009765625
19.143936170212768 19.163744680851064 1.4772110646512528 1.4779069818366803 0.0009765625
19.163744680851064 19.183553191489363 1.4771153028923594 1.477811064651253 0.0009765625
19.183553191489363 19.203361702127662 1.4770196961477775 1.4777153028923595 0.0009765625
19.203361702127662 19.223170212765957 1.4769242440067776 1.4776196961477777 0.0009765625
19.223170212765957 19.242978723404256 1.476828946060168 1.4775242440067777 0.0009765625
19.242978723404256 19.262787234042555 1.4767338019002796 1.4774289460601682 0.0009765625
19.262787234042555 19.282595744680851 1.4766388111209474 1.4773338019002797 0.0009765625
19.282595744680851 19.30240425531915 1.4765439733175068 1.4772388111209476 0.0009765625
19.30240425531915 19.322212765957449 1.4764492880867797 1.4771439733175069 0.0009765625
19.322212765957449 19.342021276595744 1.4763547550271003 1.4770492880867798 0.0009765625
19.342021276595744 19.361829787234043 1.4762603737382507 1.4769547550271005 0.0009765625
19.361829787234043 19.381638297872342 1.476166143821505 1.4768603737382509 0.0009765625
19.381638297872342 19.401446808510642 1.4760720648796009 1.4767661438215052 0.0009765625
19.401446808510642 19.421255319148937 1.4759781365167313 1.476672064879601 0.0009765625
19.421255319148937 19.441063829787236 1.4758843583385504 1.4765781365167314 0.0009765625
19.441063829787236 19.460872340425535 1.4757907299521498 1.4764843583385505 0.0009765625
19.460872340425535 19.480680851063831 1.4756972509660571 1.4763907299521499 0.0009765625
19.480680851063831 19.50048936170213 1.475603920990235 1.4762972509660572 0.0009765625
19.50048936170213 19.520297872340429 1.4755107396360743 1.4762039209902351 0.0009765625
19.520297872340429 19.540106382978728 1.4754177065163796 1.4761107396360744 0.0009765625
19.540106382978728 19.559914893617023 1.4753248212453709 1.4760177065163798 0.0009765625
19.559914893617023 19.579723404255322 1.4752320834386703 1.4759248212453711 0.0009765625
19.579723404255322 19.599531914893621 1.4751394927133017 1.4758320834386705 0.0009765625
19.599531914893621 19.619340425531917 1.4750470486876714 1.4757394927133018 0.0009765625
19.619340425531917 19.639148936170216 1.4749547509815852 1.4756470486876716 0.0009765625
19.639148936170216 19.658957446808515 1.4748625992155915 1.4755547509809552 0.0009765625
19.658957446808515 19.67876595744681 1.4747705930141251 1.4754625992162247 0.0009765625
19.67876595744681 19.698574468085109 1.474678731999217 1.4753705930141252 0.0009765625
19.698574468085109 19.718382978723408 1.4745870157967682 1.4752787319992171 0.0009765625
19.718382978723408 19.738191489361704 1.4744954440334046 1.4751870157967684 0.0009765625
19.738191489361704 19.758000000000003 1.4744040163371115 1.4750954440334048 0.0009765625
19.758000000000003 19.777808510638302 1.4743127323371972 1.4750040163371116 0.0009765625
19.777808510638302 19.797617021276597 1.4742215916643147 1.4749127323371973 0.0009765625
19.797617021276597 19.817425531914896 1.4741305939504399 1.4748215916643148 0.0009765625
19.817425531914896 19.837234042553195 1.4740397388288842 1.47473059395044 0.0009765625
19.837234042553195 19.857042553191491 1.4739490259342574 1.4746397388288843 0.0009765625
19.857042553191491 19.87685106382979 1.4738584549024827 1.4745490259342575 0.0009765625
19.87685106382979 19.896659574468089 1.4737680253708039 1.4744584549024828 0.0009765625
19.896659574468089 19.916468085106384 1.4736777369777354 1.474368025370804 0.0009765625
19.916468085106384 19.936276595744683 1.4735875893631118 1.4742777369777356 0.0009765625
19.936276595744683 19.956085106382982 1.4734975821680254 1.474187589363112 0.0009765625
19.956085106382982 19.975893617021278 1.4734077150348743 1.4740975821680256 0.0009765625
19.975893617021278 19.995702127659577 1.4733179876073221 1.4740077150348745 0.0009765625
19.995702127659577 20.015510638297876 1.4732283995302868 1.4739179876073223 0.0009765625
20.015510638297876 20.035319148936175 1.4731389504499657 1.473828399530287 0.0009765625
20.035319148936175 20.05512765957447 1.4730496400138096 1.4737389504499658 0.0009765625
20.05512765957447 20.074936170212769 1.4729604678705135 1.4736496400138097 0.0009765625
20.074936170212769 20.094744680851068 1.4728714336700182 1.4735604678705136 0.0009765625
20.094744680851068 20.114553191489364 1.4727825370635206 1.4734714336700183 0.0009765625
20.114553191489364 20.134361702127663 1.4726937777034279 1.4733825370635207 0.0009765625
20.134361702127663 20.154170212765962 1.4726051552433914 1.4732937777034281 0.0009765625
20.154170212765962 20.173978723404257 1.4725166693382756 1.4732051552433916 0.0009765625
20.173978723404257 20.193787234042556 1.4724283196441723 1.4731166693382758 0.0009765625
20.193787234042556 20.213595744680855 1.4723401058183727 1.4730283196441725 0.0009765625
20.213595744680855 20.233404255319151 1.472252027519386 1.4729401058183729 0.0009765625
20.233404255319151 20.25321276595745 1.4721640844069128 1.4728520275193862 0.0009765625
20.25321276595745 20.273021276595749 1.4720762761418524 1.472764084406913 0.0009765625
20.273021276595749 20.292829787234044 1.4719886023863002 1.4726762761418526 0.0009765625
20.292829787234044 20.312638297872343 1.4719010628035181 1.4725886023863004 0.0009765625
20.312638297872343 20.332446808510642 1.4718136570579674 1.4725010628035182 0.0009765625
20.332446808510642 20.352255319148938 1.4717263848152755 1.4724136570579676 0.0009765625
20.352255319148938 20.372063829787237 1.4716392457422316 1.4723263848152757 0.0009765625
20.372063829787237 20.391872340425536 1.4715522395068013 1.4722392457422318 0.0009765625
20.391872340425536 20.411680851063831 1.4714653657780845 1.4721522395068014 0.0009765625
20.411680851063831 20.43148936170213 1.4713786242263638 1.4720653657780847 0.0009765625
20.43148936170213 20.45129787234043 1.4712920145224258 1.4719786242257304 0.0009765625
20.45129787234043 20.471106382978725 1.4712055363407071 1.4718920145230499 0.0009765625
20.471106382978725 20.490914893617024 1.4711191893530231 1.4718055363407072 0.0009765625
20.490914893617024 20.510723404255323 1.4710329732348297 1.4717191893530233 0.0009765625
20.510723404255323 20.530531914893619 1.4709468876620806 1.4716329732348299 0.0009765625
20.530531914893619 20.550340425531918 1.4708609323118544 1.4715468876620807 0.0009765625
20.550340425531918 20.570148936170217 1.4707751068623454 1.4714609323118546 0.0009765625
20.570148936170217 20.589957446808512 1.4706894109928552 1.4713751068623455 0.0009765625
20.589957446808512 20.609765957446811 1.470603844383811 1.4712894109928554 0.0009765625
20.609765957446811 20.62957446808511 1.4705184067167061 1.4712038443838111 0.0009765625
20.62957446808511 20.649382978723406 1.4704330976741762 1.4711184067167062 0.0009765625
20.649382978723406 20.669191489361705 1.4703479169399156 1.4710330976741763 0.0009765625
20.669191489361705 20.689000000000004 1.4702628641987183 1.4709479169399158 0.0009765625
20.689000000000004 20.708808510638299 1.4701779391364653 1.4708628641987185 0.0009765625
20.708808510638299 20.728617021276598 1.4700931414400984 1.4707779391364655 0.0009765625
20.728617021276598 20.748425531914897 1.4700084707976588 1.4706931414400986 0.0009765625
20.748425531914897 20.768234042553193 1.4699239268982356 1.470608470797659 0.0009765625
20.768234042553193 20.788042553191492 1.469839509431992 1.4705239268982357 0.0009765625
20.788042553191492 20.807851063829791 1.4697552180901394 1.4704395094319922 0.0009765625
20.807851063829791 20.827659574468086 1.4696710525649563 1.4703552180901396 0.0009765625
20.827659574468086 20.847468085106385 1.4695870125497685 1.4702710525649565 0.0009765625
20.847468085106385 20.867276595744684 1.4695030977389401 1.4701870125497687 0.0009765625
20.867276595744684 20.887085106382983 1.4694193078278854 1.4701030977389402 0.0009765625
20.887085106382983 20.906893617021279 1.4693356425130426 1.4700193078278856 0.0009765625
20.906893617021279 20.926702127659578 1.4692521014918851 1.4699356425130428 0.0009765625
20.926702127659578 20.946510638297877 1.4691686844629237 1.4698521014918853 0.0009765625
20.946510638297877 20.966319148936172 1.4690853911256867 1.4697686844629239 0.0009765625
20.966319148936172 20.986127659574471 1.4690022211807165 1.4696853911256869 0.0009765625
20.986127659574471 21.00593617021277 1.4689191743295598 1.4696022211807167 0.0009765625
21.00593617021277 21.025744680851066 1.4688362502747934 1.4695191743295599 0.0009765625
21.025744680851066 21.045553191489365 1.468753448719986 1.4694362502747935 0.0009765625
21.045553191489365 21.065361702127664 1.4686707693697147 1.4693534487199862 0.0009765625
21.065361702127664 21.085170212765959 1.4685882119295426 1.4692707693697149 0.0009765625
21.085170212765959 21.104978723404258 1.4685057761060261 1.4691882119295427 0.0009765625
21.104978723404258 21.124787234042557 1.468423461606716 1.4691057761060262 0.0009765625
21.124787234042557 21.144595744680853 1.4683412681401466 1.4690234616067162 0.0009765625
21.144595744680853 21.164404255319152 1.4682591954158188 1.4689412681401468 0.0009765625
21.164404255319152 21.184212765957451 1.468177243144223 1.468859195415819 0.0009765625
21.184212765957451 21.204021276595746 1.4680954110368096 1.4687772431442232 0.0009765625
21.204021276595746 21.223829787234045 1.4680136988059995 1.4686954110368098 0.0009765625
21.223829787234045 21.243638297872344 1.4679321061645527 1.4686136988053786 0.0009765625
21.243638297872344 21.26344680851064 1.46785063282869 1.4685321061651833 0.0009765625
21.26344680851064 21.283255319148939 1.4677692785118148 1.4684506328286901 0.0009765625
21.283255319148939 21.303063829787238 1.4676880429308088 1.468369278511815 0.0009765625
21.303063829787238 21.322872340425533 1.4676069258028568 1.4682880429308089 0.0009765625
21.322872340425533 21.342680851063832 1.4675259268460914 1.4682069258028569 0.0009765625
21.342680851063832 21.362489361702131 1.4674450457795836 1.4681259268460916 0.0009765625
21.362489361702131 21.382297872340427 1.467364282323333 1.4680450457795837 0.0009765625
21.382297872340427 21.402106382978726 1.467283636198274 1.4679642823233332 0.0009765625
21.402106382978726 21.421914893617021 1.467203107126261 1.4678836361982741 0.0009765625
21.421914893617021 21.44172340425532 1.4671226948300675 1.4678031071262612 0.0009765625
21.44172340425532 21.461531914893619 1.4670423990334087 1.4677226948300677 0.0009765625
21.461531914893619 21.481340425531915 1.4669622194608787 1.4676423990334089 0.0009765625
21.481340425531915 21.501148936170214 1.466882155837999 1.4675622194608788 0.0009765625
21.501148936170214 21.520957446808513 1.4668022078912044 1.4674821558379991 0.0009765625
21.520957446808513 21.540765957446808 1.4667223753478156 1.4674022078912046 0.0009765625
21.540765957446808 21.560574468085107 1.4666426579360663 1.4673223753478157 0.0009765625
21.560574468085107 21.580382978723406 1.4665630553850637 1.4672426579360665 0.0009765625
21.580382978723406 21.600191489361702 1.466483567424836 1.4671630553850639 0.0009765625
21.600191489361702 21.620000000000001 1.4664041937862755 1.4670835674248361 0.0009765625
21.620000000000001 21.6398085106383 1.4663249342011626 1.4670041937862757 0.0009765625
21.6398085106383 21.659617021276595 1.4662457884021629 1.4669249342011628 0.0009765625
21.659617021276595 21.679425531914895 1.4661667561228087 1.4668457884021631 0.0009765625
21.679425531914895 21.699234042553194 1.4660878370975174 1.4667667561228088 0.0009765625
21.699234042553194 21.719042553191489 1.466009031061553 1.4666878370975176 0.0009765625
21.719042553191489 21.738851063829788 1.4659303377510704 1.4666090310615532 0.0009765625
21.738851063829788 21.758659574468087 1.4658517569030665 1.4665303377510706 0.0009765625
21.758659574468087 21.778468085106383 1.4657732882554062 1.4664517569030666 0.0009765625
21.778468085106383 21.798276595744682 1.4656949315468044 1.4663732882554064 0.0009765625
21.798276595744682 21.818085106382981 1.465616686516821 1.4662949315468046 0.0009765625
21.818085106382981 21.837893617021276 1.4655385529058702 1.4662166865168211 0.0009765625
21.837893617021276 21.857702127659575 1.4654605304552064 1.4661385529058704 0.0009765625
21.857702127659575 21.877510638297871 1.4653826189069252 1.4660605304552066 0.0009765625
21.877510638297871 21.89731914893617 1.4653048180039641 1.4659826189069254 0.0009765625
21.89731914893617 21.917127659574469 1.4652271274900723 1.4659048180039642 0.0009765625
21.917127659574469 21.936936170212764 1.4651495471098517 1.4658271274900725 0.0009765625
21.936936170212764 21.956744680851063 1.4650720766087213 1.4657495471098518 0.0009765625
21.956744680851063 21.976553191489362 1.4649947157329128 1.4656720766087215 0.0009765625
21.976553191489362 21.996361702127658 1.4649174642294918 1.465594715732913 0.0009765625
21.996361702127658 22.016170212765957 1.4648403218463373 1.4655174642294919 0.0009765625
22.016170212765957 22.035978723404256 1.4647632883315069 1.4654403218457157 0.0009765625
22.035978723404256 22.055787234042551 1.4646863634363634 1.4653632883321355 0.0009765625
22.055787234042551 22.07559574468085 1.4646095469093416 1.4652863634363635 0.0009765625
22.07559574468085 22.095404255319149 1.4645328385021699 1.4652095469093418 0.0009765625
22.095404255319149 22.115212765957445 1.4644562379667512 1.46513283850217 0.0009765625
22.115212765957445 22.135021276595744 1.4643797450557714 1.4650562379667513 0.0009765625
22.135021276595744 22.154829787234043 1.4643033595227275 1.4649797450557716 0.0009765625
22.154829787234043 22.174638297872338 1.4642270811219003 1.4649033595227277 0.0009765625
22.174638297872338 22.194446808510637 1.464150909608344 1.4648270811219004 0.0009765625
22.194446808510637 22.214255319148936 1.4640748447379146 1.4647509096083442 0.0009765625
22.214255319148936 22.234063829787232 1.4639988862672295 1.4646748447379148 0.0009765625
22.234063829787232 22.253872340425531 1.4639230339536973 1.4645988862672297 0.0009765625
22.253872340425531 22.27368085106383 1.4638472875554813 1.4645230339536974 0.0009765625
22.27368085106383 22.293489361702125 1.4637716468315305 1.4644472875554815 0.0009765625
22.293489361702125 22.313297872340424 1.463696111541553 1.4643716468315306 0.0009765625
22.313297872340424 22.333106382978723 1.4636206814460324 1.4642961115415531 0.0009765625
22.333106382978723 22.352914893617019 1.4635453563061858 1.4642206814460326 0.0009765625
22.352914893617019 22.372723404255318 1.4634701358840114 1.4641453563061859 0.0009765625
22.372723404255318 22.392531914893617 1.4633950199422516 1.4640701358840116 0.0009765625
22.392531914893617 22.412340425531916 1.4633200082444062 1.4639950199422518 0.0009765625
22.412340425531916 22.432148936170211 1.46324510055471 1.4639200082444064 0.0009765625
22.432148936170211 22.45195744680851 1.4631702966381575 1.4638451005547102 0.0009765625
22.45195744680851 22.471765957446809 1.4630955962604721 1.4637702966381576 0.0009765625
22.471765957446809 22.491574468085105 1.4630209991881247 1.4636955962604723 0.0009765625
22.491574468085105 22.511382978723404 1.4629465051883261 1.4636209991881248 0.0009765625
22.511382978723404 22.531191489361703 1.4628721140289997 1.4635465051883263 0.0009765625
22.531191489361703 22.550999999999998 1.462797825478829 1.4634721140289999 0.0009765625
22.550999999999998 22.570808510638297 1.4627236393071894 1.4633978254788291 0.0009765625
22.570808510638297 22.590617021276596 1.4626495552842131 1.4633236393071896 0.0009765625
22.590617021276596 22.610425531914892 1.4625755731807284 1.4632495552842133 0.0009765625
22.610425531914892 22.630234042553191 1.462501692768299 1.4631755731807286 0.0009765625
22.630234042553191 22.65004255319149 1.4624279138191898 1.4631016927682992 0.0009765625
22.65004255319149 22.669851063829785 1.4623542361063864 1.46302791381919 0.0009765625
22.669851063829785 22.689659574468084 1.4622806594035882 1.4629542361063865 0.0009765625
22.689659574468084 22.709468085106383 1.4622071834851809 1.4628806594035884 0.0009765625
22.709468085106383 22.729276595744679 1.4621338081262867 1.462807183485181 0.0009765625
22.729276595744679 22.749085106382978 1.4620605331026888 1.4627338081262868 0.0009765625
22.749085106382978 22.768893617021277 1.4619873581909144 1.462660533102689 0.0009765625
22.768893617021277 22.788702127659572 1.4619142831681384 1.4625873581909146 0.0009765625
22.788702127659572 22.808510638297872 1.4618413078122661 1.4625142831681386 0.0009765625
22.808510638297872 22.828319148936171 1.4617684319012547 1.4624413078116489 0.0009765625
22.828319148936171 22.848127659574466 1.4616956552162206 1.462368431901871 0.0009765625
22.848127659574466 22.867936170212765 1.4616229775352696 1.4622956552162207 0.0009765625
22.867936170212765 22.887744680851064 1.4615503986396441 1.4622229775352698 0.0009765625
22.887744680851064 22.90755319148936 1.4614779183106652 1.4621503986396442 0.0009765625
22.90755319148936 22.927361702127659 1.4614055363303142 1.4620779183106654 0.0009765625
22.927361702127659 22.947170212765958 1.4613332524812448 1.4620055363303144 0.0009765625
22.947170212765958 22.966978723404253 1.4612610665468087 1.4619332524812449 0.0009765625
22.966978723404253 22.986787234042552 1.4611889783109873 1.4618610665468088 0.0009765625
22.986787234042552 23.006595744680851 1.4611169875584513 1.4617889783109874 0.0009765625
23.006595744680851 23.026404255319147 1.4610450940745303 1.4617169875584515 0.0009765625
23.026404255319147 23.046212765957446 1.4609732976452117 1.4616450940745305 0.0009765625
23.046212765957446 23.066021276595745 1.4609015980571427 1.4615732976452118 0.0009765625
23.066021276595745 23.08582978723404 1.460829995097622 1.4615015980571429 0.0009765625
23.08582978723404 23.105638297872339 1.4607584885545974 1.4614299950976222 0.0009765625
23.105638297872339 23.125446808510638 1.4606870782166832 1.4613584885545976 0.0009765625
23.125446808510638 23.145255319148934 1.4606157638731212 1.4612870782166834 0.0009765625
23.145255319148934 23.165063829787233 1.4605445453138044 1.4612157638731214 0.0009765625
23.165063829787233 23.184872340425532 1.4604734223292679 1.4611445453138046 0.0009765625
23.184872340425532 23.204680851063827 1.4604023947106985 1.4610734223292681 0.0009765625
23.204680851063827 23.224489361702126 1.4603314622498955 1.4610023947106987 0.0009765625
23.224489361702126 23.244297872340425 1.4602606247393199 1.4609314622498957 0.0009765625
23.244297872340425 23.264106382978724 1.4601898819720416 1.4608606247393201 0.0009765625
23.264106382978724 23.28391489361702 1.4601192337417714 1.4607898819720417 0.0009765625
23.28391489361702 23.303723404255319 1.4600486798428522 1.4607192337417716 0.0009765625
23.303723404255319 23.323531914893618 1.4599782200702365 1.4606486798428524 0.0009765625
23.323531914893618 23.343340425531913 1.4599078542195174 1.4605782200702366 0.0009765625
23.343340425531913 23.363148936170212 1.4598375820868892 1.4605078542195176 0.0009765625
23.363148936170212 23.382957446808511 1.4597674034691737 1.4604375820868893 0.0009765625
23.382957446808511 23.402765957446807 1.4596973181638093 1.4603674034691738 0.0009765625
23.402765957446807 23.422574468085106 1.4596273259688479 1.4602973181638095 0.0009765625
23.422574468085106 23.442382978723405 1.4595574266829394 1.4602273259688481 0.0009765625
23.442382978723405 23.4621914893617 1.4594876201053559 1.4601574266829396 0.0009765625
23.4621914893617 23.481999999999999 1.4594179060359638 1.4600876201053561 0.0009765625
23.481999999999999 23.501808510638298 1.4593482842752437 1.4600179060359639 0.0009765625
23.501808510638298 23.521617021276594 1.4592787546242656 1.4599482842752438 0.0009765625
23.521617021276594 23.541425531914893 1.4592093168847033 1.4598787546242658 0.0009765625
23.541425531914893 23.561234042553192 1.4591399708588404 1.4598093168847035 0.0009765625
23.561234042553192 23.581042553191487 1.4590707163495165 1.4597399708588406 0.0009765625
23.581042553191487 23.600851063829786 1.4590015531602045 1.4596707163495166 0.0009765625
23.600851063829786 23.620659574468085 1.4589324810943325 1.4596015531595901 0.0009765625
23.620659574468085 23.640468085106381 1.4588634999583716 1.4595324810949457 0.0009765625
23.640468085106381 23.66027659574468 1.4587946095556983 1.4594634999583718 0.0009765625
23.66027659574468 23.680085106382979 1.4587258096927223 1.4593946095556984 0.0009765625
23.680085106382979 23.699893617021274 1.4586571001758251 1.4593258096927224 0.0009765625
23.699893617021274 23.719702127659573 1.4585884808119598 1.4592571001758252 0.0009765625
23.719702127659573 23.739510638297872 1.458519951408662 1.45918848081196 0.0009765625
23.739510638297872 23.759319148936168 1.4584515117740413 1.4591199514086621 0.0009765625
23.759319148936168 23.779127659574467 1.4583831617167697 1.4590515117740415 0.0009765625
23.779127659574467 23.798936170212766 1.4583149010460954 1.4589831617167699 0.0009765625
23.798936170212766 23.818744680851061 1.4582467295718333 1.4589149010460956 0.0009765625
23.818744680851061 23.83855319148936 1.4581786471043576 1.4588467295718335 0.0009765625
23.83855319148936 23.858361702127659 1.4581106534546182 1.4587786471043578 0.0009765625
23.858361702127659 23.878170212765955 1.4580427484341003 1.4587106534546184 0.0009765625
23.878170212765955 23.897978723404254 1.4579749318548865 1.4586427484341005 0.0009765625
23.897978723404254 23.917787234042553 1.4579072035295773 1.4585749318548866 0.0009765625
23.917787234042553 23.937595744680848 1.4578395632713466 1.4585072035295774 0.0009765625
23.937595744680848 23.957404255319148 1.4577720108939192 1.4584395632713467 0.0009765625
23.957404255319148 23.977212765957447 1.457704546211559 1.4583720108939193 0.0009765625
23.977212765957447 23.997021276595746 1.4576371690391032 1.4583045462115591 0.0009765625
23.997021276595746 24.016829787234041 1.4575698791918954 1.4582371690391034 0.0009765625
24.016829787234041 24.03663829787234 1.457502676485865 1.4581698791918956 0.0009765625
24.03663829787234 24.056446808510639 1.4574355607374496 1.4581026764858651 0.0009765625
24.056446808510639 24.076255319148935 1.457368531763646 1.4580355607374498 0.0009765625
24.076255319148935 24.096063829787234 1.4573015893819836 1.4579685317636462 0.0009765625
24.096063829787234 24.115872340425533 1.4572347334105202 1.4579015893819838 0.0009765625
24.115872340425533 24.135680851063828 1.4571679636678585 1.4578347334105204 0.0009765625
24.135680851063828 24.155489361702127 1.4571012799731293 1.4577679636678587 0.0009765625
24.155489361702127 24.175297872340426 1.4570346821459774 1.4577012799731295 0.0009765625
24.175297872340426 24.195106382978722 1.4569681700066017 1.4576346821459776 0.0009765625
24.195106382978722 24.214914893617021 1.4569017433757045 1.4575681700066019 0.0009765625
24.214914893617021 24.23472340425532 1.4568354020745309 1.4575017433757047 0.0009765625
24.23472340425532 24.254531914893615 1.4567691459248246 1.457435402074531 0.0009765625
24.254531914893615 24.274340425531914 1.4567029747488689 1.4573691459248248 0.0009765625
24.274340425531914 24.294148936170213 1.4566368883694532 1.4573029747488691 0.0009765625
24.294148936170213 24.313957446808509 1.4565708866098903 1.4572368883694533 0.0009765625
24.313957446808509 24.333765957446808 1.4565049692939953 1.4571708866098905 0.0009765625
24.333765957446808 24.353574468085107 1.4564391362461127 1.4571049692939955 0.0009765625
24.353574468085107 24.373382978723402 1.4563733872910791 1.4570391362461128 0.0009765625
24.373382978723402 24.393191489361701 1.4563077222542469 1.4569733872910793 0.0009765625
24.393191489361701 24.413 1.456242140960869 1.4569077222536368 0.0009765625
24.413 24.432808510638296 1.4561766432391383 1.4568421409614793 0.0009765625
24.432808510638296 24.452617021276595 1.4561112289140814 1.4567766432391385 0.0009765625
24.452617021276595 24.472425531914894 1.4560458978136823 1.4567112289140816 0.0009765625
24.472425531914894 24.492234042553189 1.4559806497658039 1.4566458978136825 0.0009765625
24.492234042553189 24.512042553191488 1.4559154845987989 1.456580649765804 0.0009765625
24.512042553191488 24.531851063829787 1.4558504021415364 1.4565154845987991 0.0009765625
24.531851063829787 24.551659574468083 1.4557854022233545 1.4564504021415365 0.0009765625
24.551659574468083 24.571468085106382 1.4557204846741019 1.4563854022233547 0.0009765625
24.571468085106382 24.591276595744681 1.4556556493241011 1.456320484674102 0.0009765625
24.591276595744681 24.611085106382976 1.4555908960041677 1.4562556493241012 0.0009765625
24.611085106382976 24.630893617021275 1.4555262245456089 1.4561908960041678 0.0009765625
24.630893617021275 24.650702127659574 1.4554616347802112 1.456126224545609 0.0009765625
24.650702127659574 24.67051063829787 1.4553971265402394 1.4560616347802113 0.0009765625
24.67051063829787 24.690319148936169 1.4553326996584552 1.4559971265402396 0.0009765625
24.690319148936169 24.710127659574468 1.4552683539680746 1.4559326996584554 0.0009765625
24.710127659574468 24.729936170212763 1.4552040893028055 1.4558683539680748 0.0009765625
24.729936170212763 24.749744680851062 1.455139905496831 1.4558040893028057 0.0009765625
24.749744680851062 24.769553191489361 1.4550758023848009 1.4557399054968312 0.0009765625
24.769553191489361 24.789361702127657 1.4550117798018476 1.4556758023848011 0.0009765625
24.789361702127657 24.809170212765956 1.4549478375835572 1.4556117798018477 0.0009765625
24.809170212765956 24.828978723404255 1.454883975566001 1.4555478375835573 0.0009765625
24.828978723404255 24.848787234042554 1.4548201935857035 1.4554839755660012 0.0009765625
24.848787234042554 24.868595744680849 1.4547564914796667 1.4554201935857036 0.0009765625
24.868595744680849 24.888404255319148 1.4546928690853489 1.4553564914796668 0.0009765625
24.888404255319148 24.908212765957447 1.4546293262406595 1.4552928690853491 0.0009765625
24.908212765957447 24.928021276595743 1.454565862783985 1.4552293262406597 0.0009765625
24.928021276595743 24.947829787234042 1.4545024785541607 1.4551658627839852 0.0009765625
24.947829787234042 24.967638297872341 1.4544391733904816 1.4551024785541609 0.0009765625
24.967638297872341 24.987446808510636 1.4543759471326942 1.4550391733904817 0.0009765625
24.987446808510636 25.007255319148936 1.454312799621001 1.4549759471326944 0.0009765625
25.007255319148936 25.027063829787235 1.4542497306960558 1.4549127996210012 0.0009765625
25.027063829787235 25.04687234042553 1.4541867401989588 1.4548497306960559 0.0009765625
25.04687234042553 25.066680851063829 1.4541238279712587 1.4547867401989589 0.0009765625
25.066680851063829 25.086489361702128 1.454060993854964 1.4547238279712589 0.0009765625
25.086489361702128 25.106297872340424 1.4539982376925045 1.4546609938549642 0.0009765625
25.106297872340424 25.126106382978723 1.4539355593267678 1.4545982376925046 0.0009765625
25.126106382978723 25.145914893617022 1.453872958601085 1.4545355593267679 0.0009765625
25.145914893617022 25.165723404255317 1.4538104353592214 1.4544729586010852 0.0009765625
25.165723404255317 25.185531914893616 1.4537479894453744 1.4544104353592215 0.0009765625
25.185531914893616 25.205340425531915 1.4536856207035964 1.4543479894447711 0.0009765625
25.205340425531915 25.225148936170211 1.4536233289807781 1.4542856207042048 0.0009765625
25.225148936170211 25.24495744680851 1.4535611141206075 1.4542233289807782 0.0009765625
25.24495744680851 25.264765957446809 1.4534989759696388 1.4541611141206077 0.0009765625
25.264765957446809 25.284574468085104 1.4534369143742463 1.454098975969639 0.0009765625
25.284574468085104 25.304382978723403 1.4533749291812328 1.4540369143742464 0.0009765625
25.304382978723403 25.324191489361702 1.4533130202378215 1.4539749291812329 0.0009765625
25.324191489361702 25.343999999999998 1.4532511873916831 1.4539130202378217 0.0009765625
25.343999999999998 25.363808510638297 1.4531894304908874 1.4538511873916833 0.0009765625
25.363808510638297 25.383617021276596 1.4531277493839507 1.4537894304908876 0.0009765625
25.383617021276596 25.403425531914891 1.4530661439197898 1.4537277493839509 0.0009765625
25.403425531914891 25.42323404255319 1.4530046139477522 1.45366614391979 0.0009765625
25.42323404255319 25.443042553191489 1.4529431593176074 1.4536046139477523 0.0009765625
25.443042553191489 25.462851063829785 1.4528817798795302 1.4535431593176076 0.0009765625
25.462851063829785 25.482659574468084 1.4528204754841196 1.4534817798795303 0.0009765625
25.482659574468084 25.502468085106383 1.4527592459823946 1.4534204754841198 0.0009765625
25.502468085106383 25.522276595744678 1.4526980912257645 1.4533592459823947 0.0009765625
25.522276595744678 25.542085106382977 1.4526370110660702 1.4532980912257647 0.0009765625
25.542085106382977 25.561893617021276 1.4525760053555565 1.4532370110660704 0.0009765625
25.561893617021276 25.581702127659575 1.4525150739468742 1.4531760053555567 0.0009765625
25.581702127659575 25.601510638297871 1.4524542166930847 1.4531150739468743 0.0009765625
25.601510638297871 25.62131914893617 1.4523934334476469 1.4530542166930849 0.0009765625
25.62131914893617 25.641127659574469 1.4523327240644353 1.4529934334476471 0.0009765625
25.641127659574469 25.660936170212764 1.4522720883977114 1.4529327240644354 0.0009765625
25.660936170212764 25.680744680851063 1.4522115263021487 1.4528720883977115 0.0009765625
25.680744680851063 25.700553191489362 1.4521510376328162 1.4528115263021488 0.0009765625
25.700553191489362 25.720361702127658 1.4520906222451961 1.4527510376328163 0.0009765625
25.720361702127658 25.740170212765957 1.4520302799951323 1.4526906222451963 0.0009765625
25.740170212765957 25.759978723404256 1.4519700107388982 1.4526302799951325 0.0009765625
25.759978723404256 25.779787234042551 1.4519098143331486 1.4525700107388984 0.0009765625
25.779787234042551 25.79959574468085 1.4518496906349236 1.4525098143331487 0.0009765625
25.79959574468085 25.819404255319149 1.4517896395016676 1.4524496906349238 0.0009765625
25.819404255319149 25.839212765957445 1.4517296607912131 1.4523896395016678 0.0009765625
25.839212765957445 25.859021276595744 1.4516697543617534 1.4523296607912133 0.0009765625
25.859021276595744 25.878829787234043 1.4516099200719133 1.4522697543617535 0.0009765625
25.878829787234043 25.898638297872338 1.451550157780678 1.4522099200719134 0.0009765625
25.898638297872338 25.918446808510637 1.4514904673474187 1.4521501577806781 0.0009765625
25.918446808510637 25.938255319148936 1.4514308486318883 1.4520904673474189 0.0009765625
25.938255319148936 25.958063829787232 1.4513713014942236 1.4520308486318885 0.0009765625
25.958063829787232 25.977872340425531 1.4513118257949533 1.4519713014942237 0.0009765625
25.977872340425531 25.99768085106383 1.4512524213943558 1.4519118257943469 0.0009765625
25.99768085106383 26.017489361702125 1.4511930881555279 1.4518524213949588 0.0009765625
26.017489361702125 26.037297872340424 1.451133825938304 1.4517930881555281 0.0009765625
26.037297872340424 26.057106382978724 1.4510746346053101 1.4517338259383041 0.0009765625
26.057106382978724 26.076914893617023 1.4510155140189556 1.4516746346053102 0.0009765625
26.076914893617023 26.096723404255318 1.450956464042007 1.4516155140189557 0.0009765625
26.096723404255318 26.116531914893617 1.4508974845376073 1.4515564640420071 0.0009765625
26.116531914893617 26.136340425531916 1.4508385753692634 1.4514974845376074 0.0009765625
26.136340425531916 26.156148936170212 1.450779736400871 1.4514385753692636 0.0009765625
26.156148936170212 26.175957446808511 1.4507209674966601 1.4513797364008711 0.0009765625
26.175957446808511 26.19576595744681 1.450662268521258 1.4513209674966603 0.0009765625
26.19576595744681 26.215574468085105 1.450603639339642 1.4512622685212582 0.0009765625
26.215574468085105 26.235382978723404 1.4505450798171491 1.4512036393396421 0.0009765625
26.235382978723404 26.255191489361703 1.4504865898194901 1.4511450798171492 0.0009765625
26.255191489361703 26.274999999999999 1.4504281692127252 1.4510865898194902 0.0009765625
26.274999999999999 26.294808510638298 1.4503698178632858 1.4510281692127254 0.0009765625
26.294808510638298 26.314617021276597 1.4503115356379483 1.4509698178632859 0.0009765625
26.314617021276597 26.334425531914896 1.4502533224038632 1.4509115356379485 0.0009765625
26.334425531914896 26.354234042553191 1.4501951780285143 1.4508533224038633 0.0009765625
26.354234042553191 26.37404255319149 1.4501371023797667 1.4507951780285144 0.0009765625
26.37404255319149 26.393851063829789 1.4500790953258131 1.4507371023797668 0.0009765625
26.393851063829789 26.413659574468085 1.4500211567352177 1.4506790953258133 0.0009765625
26.413659574468085 26.433468085106384 1.4499632864768859 1.4506211567352179 0.0009765625
26.433468085106384 26.453276595744683 1.4499054844200798 1.450563286476886 0.0009765625
26.453276595744683 26.473085106382982 1.4498477504344043 1.45050548442008 0.0009765625
26.473085106382982 26.492893617021277 1.4497900843898095 1.4504477504344044 0.0009765625
26.492893617021277 26.512702127659576 1.4497324861566081 1.4503900843898097 0.0009765625
26.512702127659576 26.532510638297875 1.4496749556054298 1.4503324861566083 0.0009765625
26.532510638297875 26.552319148936171 1.4496174926072753 1.45027495560543 0.0009765625
26.552319148936171 26.57212765957447 1.4495600970334743 1.4502174926072755 0.0009765625
26.57212765957447 26.591936170212769 1.4495027687556958 1.4501600970334745 0.0009765625
26.591936170212769 26.611744680851064 1.4494455076459623 1.450102768755696 0.0009765625
26.611744680851064 26.631553191489363 1.449388313576625 1.4500455076459624 0.0009765625
26.631553191489363 26.651361702127662 1.4493311864203684 1.4499883135766252 0.0009765625
26.651361702127662 26.671170212765958 1.4492741260502373 1.4499311864203686 0.0009765625
26.671170212765958 26.690978723404257 1.4492171323395775 1.4498741260502375 0.0009765625
26.690978723404257 26.710787234042556 1.449160205162094 1.4498171323395777 0.0009765625
26.710787234042556 26.730595744680855 1.4491033443918269 1.4497602051620941 0.0009765625
26.730595744680855 26.75040425531915 1.44904654990314 1.449703344391827 0.0009765625
26.75040425531915 26.770212765957449 1.4489898215707213 1.4496465499031401 0.0009765625
26.770212765957449 26.790021276595748 1.4489331592689909 1.4495898215701148 0.0009765625
26.790021276595748 26.809829787234044 1.4488765628751288 1.4495331592695957 0.0009765625
26.809829787234044 26.829638297872343 1.4488200322630036 1.4494765628751289 0.0009765625
26.829638297872343 26.849446808510642 1.4487635673092141 1.4494200322630038 0.0009765625
26.849446808510642 26.869255319148937 1.4487071678901171 1.4493635673092142 0.0009765625
26.869255319148937 26.889063829787236 1.44865083388236 1.4493071678901173 0.0009765625
26.889063829787236 26.908872340425535 1.4485945651629284 1.4492508338823602 0.0009765625
26.908872340425535 26.928680851063831 1.4485383616091292 1.4491945651629285 0.0009765625
26.928680851063831 26.94848936170213 1.4484822230985865 1.4491383616091293 0.0009765625
26.94848936170213 26.968297872340429 1.4484261495092627 1.4490822230985867 0.0009765625
26.968297872340429 26.988106382978724 1.448370140719403 1.4490261495092629 0.0009765625
26.988106382978724 27.007914893617023 1.4483141966076067 1.4489701407194031 0.0009765625
27.007914893617023 27.027723404255322 1.4482583170527719 1.4489141966076069 0.0009765625
27.027723404255322 27.047531914893618 1.4482025019341165 1.448858317052772 0.0009765625
27.047531914893618 27.067340425531917 1.4481467511311747 1.4488025019341166 0.0009765625
27.067340425531917 27.087148936170216 1.4480910645237901 1.4487467511311749 0.0009765625
27.087148936170216 27.106957446808511 1.4480354419921224 1.4486910645237903 0.0009765625
27.106957446808511 27.126765957446811 1.4479798834166464 1.4486354419921226 0.0009765625
27.126765957446811 27.14657446808511 1.4479243886781346 1.4485798834166466 0.0009765625
27.14657446808511 27.166382978723405 1.4478689576576893 1.4485243886781347 0.0009765625
27.166382978723405 27.186191489361704 1.4478135902367018 1.4484689576576895 0.0009765625
27.186191489361704 27.206000000000003 1.4477582862968847 1.4484135902367019 0.0009765625
27.206000000000003 27.225808510638302 1.447703045720258 1.4483582862968849 0.0009765625
27.225808510638302 27.245617021276598 1.4476478683891263 1.4483030457202581 0.0009765625
27.245617021276598 27.265425531914897 1.4475927541861262 1.4482478683891264 0.0009765625
27.265425531914897 27.285234042553196 1.4475377029941734 1.4481927541861264 0.0009765625
27.285234042553196 27.305042553191491 1.447482714696509 1.4481377029941735 0.0009765625
27.305042553191491 27.32485106382979 1.4474277891766643 1.4480827146965092 0.0009765625
27.32485106382979 27.344659574468089 1.4473729263184649 1.4480277891766644 0.0009765625
27.344659574468089 27.364468085106385 1.4473181260060428 1.4479729263184651 0.0009765625
27.364468085106385 27.384276595744684 1.4472633881238333 1.447918126006043 0.0009765625
27.384276595744684 27.404085106382983 1.4472087125565636 1.4478633881238334 0.0009765625
27.404085106382983 27.423893617021278 1.4471540991892611 1.4478087125565637 0.0009765625
27.423893617021278 27.443702127659577 1.4470995479072337 1.4477540991892612 0.0009765625
27.443702127659577 27.463510638297876 1.4470450585961028 1.4476995479072339 0.0009765625
27.463510638297876 27.483319148936172 1.4469906311417755 1.4476450585961029 0.0009765625
27.483319148936172 27.503127659574471 1.4469362654304521 1.4475906311417757 0.0009765625
27.503127659574471 27.52293617021277 1.4468819613486308 1.4475362654304522 0.0009765625
27.52293617021277 27.542744680851065 1.4468277187830838 1.4474819613486309 0.0009765625
27.542744680851065 27.562553191489364 1.446773537620889 1.447427718783084 0.0009765625
27.562553191489364 27.582361702127663 1.446719417748809 1.4473735376202848 0.0009765625
27.582361702127663 27.602170212765959 1.4466653590562928 1.4473194177494064 0.0009765625
27.602170212765959 27.621978723404258 1.4466113614294667 1.4472653590562929 0.0009765625
27.621978723404258 27.641787234042557 1.4465574247571729 1.4472113614294668 0.0009765625
27.641787234042557 27.661595744680852 1.4465035489278952 1.447157424757173 0.0009765625
27.661595744680852 27.681404255319151 1.4464497338304394 1.4471035489278954 0.0009765625
27.681404255319151 27.70121276595745 1.4463959793538816 1.4470497338304396 0.0009765625
27.70121276595745 27.721021276595746 1.4463422853875756 1.4469959793538818 0.0009765625
27.721021276595746 27.740829787234045 1.4462886518211504 1.4469422853875757 0.0009765625
27.740829787234045 27.760638297872344 1.4462350785445344 1.4468886518211506 0.0009765625
27.760638297872344 27.780446808510639 1.4461815654479206 1.4468350785445345 0.0009765625
27.780446808510639 27.800255319148938 1.4461281124217904 1.4467815654479208 0.0009765625
27.800255319148938 27.820063829787237 1.4460747193568935 1.4467281124217906 0.0009765625
27.820063829787237 27.839872340425533 1.4460213861442546 1.4466747193568936 0.0009765625
27.839872340425533 27.859680851063832 1.4459681126751931 1.4466213861442547 0.0009765625
27.859680851063832 27.879489361702131 1.4459148988412747 1.4465681126751933 0.0009765625
27.879489361702131 27.899297872340426 1.4458617445343749 1.4465148988412748 0.0009765625
27.899297872340426 27.919106382978725 1.4458086496466021 1.446461744534375 0.0009765625
27.919106382978725 27.938914893617024 1.4457556140703727 1.4464086496466022 0.0009765625
27.938914893617024 27.958723404255323 1.4457026376983495 1.4463556140703728 0.0009765625
27.958723404255323 27.978531914893619 1.4456497204234797 1.4463026376983497 0.0009765625
27.978531914893619 27.998340425531918 1.4455968621389739 1.4462497204234799 0.0009765625
27.998340425531918 28.018148936170217 1.4455440627383127 1.446196862138974 0.0009765625
28.018148936170217 28.037957446808512 1.4454913221152459 1.4461440627383129 0.0009765625
28.037957446808512 28.057765957446811 1.4454386401637922 1.446091322115246 0.0009765625
28.057765957446811 28.07757446808511 1.4453860167782271 1.4460386401637924 0.0009765625
28.07757446808511 28.097382978723406 1.4453334518531047 1.4459860167782272 0.0009765625
28.097382978723406 28.117191489361705 1.4452809452832354 1.4459334518531048 0.0009765625
28.117191489361705 28.137000000000004 1.4452284969636922 1.4458809452832355 0.0009765625
28.137000000000004 28.156808510638299 1.4451761067898197 1.4458284969636923 0.0009765625
28.156808510638299 28.176617021276599 1.4451237746572059 1.4457761067898198 0.0009765625
28.176617021276599 28.196425531914898 1.4450715004617216 1.445723774657206 0.0009765625
28.196425531914898 28.216234042553193 1.445019284099492 1.4456715004617218 0.0009765625
28.216234042553193 28.236042553191492 1.4449671254668859 1.4456192840994921 0.0009765625
28.236042553191492 28.255851063829791 1.4449150244605518 1.445567125466886 0.0009765625
28.255851063829791 28.275659574468087 1.444862980977381 1.4455150244605519 0.0009765625
28.275659574468087 28.295468085106386 1.4448109949145345 1.4454629809773811 0.0009765625
28.295468085106386 28.315276595744685 1.4447590661694212 1.4454109949145346 0.0009765625
28.315276595744685 28.33508510638298 1.4447071946396985 1.4453590661694213 0.0009765625
28.33508510638298 28.354893617021279 1.4446553802232889 1.4453071946396987 0.0009765625
28.354893617021279 28.374702127659578 1.4446036228177694 1.4452553802226908 0.0009765625
28.374702127659578 28.394510638297874 1.4445519223233696 1.4452036228183711 0.0009765625
28.394510638297874 28.414319148936173 1.4445002786369587 1.4451519223233698 0.0009765625
28.414319148936173 28.434127659574472 1.4444486916580661 1.4451002786369589 0.0009765625
28.434127659574472 28.453936170212767 1.4443971612858795 1.4450486916580663 0.0009765625
28.453936170212767 28.473744680851066 1.4443456874198253 1.4449971612858796 0.0009765625
28.473744680851066 28.493553191489365 1.4442942699595835 1.4449456874198254 0.0009765625
28.493553191489365 28.513361702127661 1.4442429088050728 1.4448942699595837 0.0009765625
28.513361702127661 28.53317021276596 1.4441916038564695 1.4448429088050729 0.0009765625
28.53317021276596 28.552978723404259 1.4441403550142009 1.4447916038564697 0.0009765625
28.552978723404259 28.572787234042554 1.4440891621789258 1.4447403550142011 0.0009765625
28.572787234042554 28.592595744680853 1.4440380252515492 1.444689162178926 0.0009765625
28.592595744680853 28.612404255319152 1.4439869441332389 1.4446380252515494 0.0009765625
28.612404255319152 28.632212765957448 1.4439359187253811 1.4445869441332391 0.0009765625
28.632212765957448 28.652021276595747 1.443884948929623 1.4445359187253812 0.0009765625
28.652021276595747 28.671829787234046 1.4438340346478455 1.4444849489296232 0.0009765625
28.671829787234046 28.691638297872341 1.4437831757821697 1.4444340346478457 0.0009765625
28.691638297872341 28.71144680851064 1.4437323722349531 1.4443831757821699 0.0009765625
28.71144680851064 28.731255319148939 1.4436816239088208 1.4443323722349533 0.0009765625
28.731255319148939 28.751063829787235 1.4436309307065858 1.444281623908821 0.0009765625
28.751063829787235 28.770872340425534 1.443580292531349 1.4442309307065859 0.0009765625
28.770872340425534 28.790680851063833 1.4435297092864205 1.4441802925313492 0.0009765625
28.790680851063833 28.810489361702132 1.4434791808753549 1.4441297092864207 0.0009765625
28.810489361702132 28.830297872340427 1.4434287072019265 1.444079180875355 0.0009765625
28.830297872340427 28.850106382978726 1.4433782881701869 1.4440287072019267 0.0009765625
28.850106382978726 28.869914893617025 1.4433279236843779 1.443978288170187 0.0009765625
28.869914893617025 28.889723404255321 1.4432776136489913 1.4439279236843781 0.0009765625
28.889723404255321 28.90953191489362 1.4432273579687576 1.4438776136489915 0.0009765625
28.90953191489362 28.929340425531919 1.4431771565486324 1.4438273579687577 0.0009765625
28.929340425531919 28.949148936170214 1.4431270092937991 1.4437771565486326 0.0009765625
28.949148936170214 28.968957446808513 1.4430769161096875 1.4437270092937993 0.0009765625
28.968957446808513 28.988765957446812 1.4430268769019343 1.4436769161096876 0.0009765625
28.988765957446812 29.008574468085108 1.4429768915764269 1.4436268769019345 0.0009765625
29.008574468085108 29.028382978723407 1.4429269600392687 1.4435768915764271 0.0009765625
29.028382978723407 29.048191489361706 1.4428770821967927 1.4435269600392688 0.0009765625
29.048191489361706 29.068000000000001 1.4428272579555601 1.4434770821967928 0.0009765625
29.068000000000001 29.0878085106383 1.4427774872223635 1.4434272579555603 0.0009765625
29.0878085106383 29.107617021276599 1.4427277699042034 1.4433774872223637 0.0009765625
29.107617021276599 29.127425531914895 1.4426781059083398 1.4433277699042035 0.0009765625
29.127425531914895 29.147234042553194 1.4426284951422175 1.4432781059083399 0.0009765625
29.147234042553194 29.167042553191493 1.4425789375129303 1.4432284951416194 0.0009765625
29.167042553191493 29.186851063829788 1.4425294329301872 1.4431789375135315 0.0009765625
29.186851063829788 29.206659574468087 1.4424799813003131 1.4431294329301874 0.0009765625
29.206659574468087 29.226468085106386 1.4424305825322652 1.4430799813003132 0.0009765625
29.226468085106386 29.246276595744682 1.442381236534622 1.4430305825322653 0.0009765625
29.246276595744682 29.266085106382981 1.4423319432161756 1.4429812365346222 0.0009765625
29.266085106382981 29.28589361702128 1.4422827024859273 1.4429319432161758 0.0009765625
29.28589361702128 29.305702127659575 1.4422335142531262 1.4428827024859274 0.0009765625
29.305702127659575 29.325510638297875 1.4421843784272064 1.4428335142531263 0.0009765625
29.325510638297875 29.345319148936174 1.442135294917847 1.4427843784272065 0.0009765625
29.345319148936174 29.365127659574469 1.4420862636349217 1.4427352949178471 0.0009765625
29.365127659574469 29.384936170212768 1.4420372844885374 1.4426862636349218 0.0009765625
29.384936170212768 29.404744680851067 1.4419883573890135 1.4426372844885376 0.0009765625
29.404744680851067 29.424553191489363 1.4419394822468738 1.4425883573890137 0.0009765625
29.424553191489363 29.444361702127662 1.44189065897286 1.442539482246874 0.0009765625
29.444361702127662 29.464170212765961 1.4418418874779377 1.4424906589728601 0.0009765625
29.464170212765961 29.483978723404256 1.4417931676732667 1.4424418874779379 0.0009765625
29.483978723404256 29.503787234042555 1.441744499470242 1.4423931676732669 0.0009765625
29.503787234042555 29.523595744680854 1.4416958827804514 1.4423444994702421 0.0009765625
29.523595744680854 29.543404255319153 1.4416473175156967 1.4422958827804515 0.0009765625
29.543404255319153 29.563212765957449 1.4415988035880007 1.4422473175156969 0.0009765625
29.563212765957449 29.583021276595748 1.4415503409095762 1.4421988035880009 0.0009765625
29.583021276595748 29.602829787234047 1.4415019293928757 1.4421503409095764 0.0009765625
29.602829787234047 29.622638297872342 1.4414535689505175 1.4421019293928758 0.0009765625
29.622638297872342 29.642446808510641 1.4414052594953619 1.4420535689505176 0.0009765625
29.642446808510641 29.66225531914894 1.4413570009404664 1.4420052594953621 0.0009765625
29.66225531914894 29.682063829787236 1.4413087931990987 1.4419570009404665 0.0009765625
29.682063829787236 29.701872340425535 1.4412606361847129 1.4419087931990988 0.0009765625
29.701872340425535 29.721680851063834 1.4412125298109915 1.4418606361847131 0.0009765625
29.721680851063834 29.741489361702129 1.4411644739918097 1.4418125298109916 0.0009765625
29.741489361702129 29.761297872340428 1.4411164686412503 1.4417644739918098 0.0009765625
29.761297872340428 29.781106382978727 1.4410685136735963 1.4417164686412505 0.0009765625
29.781106382978727 29.800914893617023 1.4410206090033411 1.4416685136735965 0.0009765625
29.800914893617023 29.820723404255322 1.4409727545451632 1.4416206090033412 0.0009765625
29.820723404255322 29.840531914893621 1.4409249502139618 1.4415727545451633 0.0009765625
29.840531914893621 29.860340425531916 1.4408771959248268 1.441524950213962 0.0009765625
29.860340425531916 29.880148936170215 1.440829491593044 1.4414771959248269 0.0009765625
29.880148936170215 29.899957446808514 1.4407818371341161 1.4414294915930441 0.0009765625
29.899957446808514 29.91976595744681 1.4407342324637171 1.4413818371341163 0.0009765625
29.91976595744681 29.939574468085109 1.4406866774977498 1.4413342324637173 0.0009765625
29.939574468085109 29.959382978723408 1.4406391721517016 1.4412866774971558 0.0009765625
29.959382978723408 29.979191489361703 1.4405917163436337 1.4412391721522937 0.0009765625
29.979191489361703 29.999000000000002 1.4405443099882471 1.4411917163436339 0.0009765625
29.999000000000002 30.018808510638301 1.4404969530028109 1.4411443099882473 0.0009765625
30.018808510638301 30.038617021276597 1.4404496453042042 1.441096953002811 0.0009765625
30.038617021276597 30.058425531914896 1.440402386809482 1.4410496453042043 0.0009765625
30.058425531914896 30.078234042553195 1.4403551774359 1.4410023868094821 0.0009765625
30.078234042553195 30.09804255319149 1.4403080171009313 1.4409551774359002 0.0009765625
30.09804255319149 30.117851063829789 1.4402609057222064 1.4409080171009314 0.0009765625
30.117851063829789 30.137659574468088 1.4402138432175624 1.4408609057222066 0.0009765625
30.137659574468088 30.157468085106384 1.4401668295050414 1.4408138432175626 0.0009765625
30.157468085106384 30.177276595744683 1.4401198645028614 1.4407668295050415 0.0009765625
30.177276595744683 30.197085106382982 1.4400729481294359 1.4407198645028616 0.0009765625
30.197085106382982 30.216893617021277 1.4400260803033667 1.440672948129436 0.0009765625
30.216893617021277 30.236702127659576 1.4399792609434467 1.4406260803033668 0.0009765625
30.236702127659576 30.256510638297875 1.4399324899686599 1.4405792609434469 0.0009765625
30.256510638297875 30.276319148936171 1.4398857672981691 1.44053248996866 0.0009765625
30.276319148936171 30.29612765957447 1.4398390928513372 1.4404857672981692 0.0009765625
30.29612765957447 30.315936170212769 1.4397924665477144 1.4404390928513373 0.0009765625
30.315936170212769 30.335744680851064 1.4397458883070215 1.4403924665477146 0.0009765625
30.335744680851064 30.355553191489363 1.4396993580491879 1.4403458883070217 0.0009765625
30.355553191489363 30.375361702127663 1.4396528756943112 1.4402993580491881 0.0009765625
30.375361702127663 30.395170212765962 1.4396064411626839 1.4402528756943114 0.0009765625
30.395170212765962 30.414978723404257 1.439560054374776 1.440206441162684 0.0009765625
30.414978723404257 30.434787234042556 1.4395137152512449 1.4401600543747761 0.0009765625
30.434787234042556 30.454595744680855 1.4394674237129337 1.4401137152512451 0.0009765625
30.454595744680855 30.474404255319151 1.4394211796808685 1.4400674237129338 0.0009765625
30.474404255319151 30.49421276595745 1.4393749830762415 1.4400211796808686 0.0009765625
30.49421276595745 30.514021276595749 1.4393288338204573 1.4399749830762416 0.0009765625
30.514021276595749 30.533829787234044 1.4392827318350909 1.4399288338204574 0.0009765625
30.533829787234044 30.553638297872343 1.4392366770418699 1.4398827318350911 0.0009765625
30.553638297872343 30.573446808510642 1.4391906693627359 1.43983667704187 0.0009765625
30.573446808510642 30.593255319148938 1.4391447087197997 1.439790669362736 0.0009765625
30.593255319148938 30.613063829787237 1.4390987950353504 1.4397447087197999 0.0009765625
30.613063829787237 30.632872340425536 1.4390529282318492 1.4396987950353506 0.0009765625
30.632872340425536 30.652680851063831 1.4390071082319504 1.4396529282318493 0.0009765625
30.652680851063831 30.67248936170213 1.4389613349584736 1.4396071082319506 0.0009765625
30.67248936170213 30.692297872340429 1.4389156083344203 1.4395613349584737 0.0009765625
30.692297872340429 30.712106382978725 1.4388699282829662 1.4395156083344205 0.0009765625
30.712106382978725 30.731914893617024 1.4388242947274597 1.4394699282829664 0.0009765625
30.731914893617024 30.751723404255323 1.4387787075908511 1.4394242947268736 0.0009765625
30.751723404255323 30.771531914893618 1.4387331667986007 1.4393787075914404 0.0009765625
30.771531914893618 30.791340425531917 1.4386876722728219 1.4393331667986009 0.0009765625
30.791340425531917 30.811148936170216 1.4386422239381496 1.4392876722728221 0.0009765625
30.811148936170216 30.830957446808512 1.4385968217188247 1.4392422239381497 0.0009765625
30.830957446808512 30.850765957446811 1.43855146553923 1.4391968217188249 0.0009765625
30.850765957446811 30.87057446808511 1.4385061553239455 1.4391514655392301 0.0009765625
30.87057446808511 30.890382978723405 1.4384608909977037 1.4391061553239457 0.0009765625
30.890382978723405 30.910191489361704 1.4384156724854229 1.4390608909977038 0.0009765625
30.910191489361704 30.930000000000003 1.4383704997121982 1.4390156724854231 0.0009765625
30.930000000000003 30.949808510638299 1.438325372603269 1.4389704997121984 0.0009765625
30.949808510638299 30.969617021276598 1.4382802910840609 1.4389253726032691 0.0009765625
30.969617021276598 30.989425531914897 1.4382352550801794 1.438880291084061 0.0009765625
30.989425531914897 31.009234042553192 1.4381902645173759 1.4388352550801795 0.0009765625
31.009234042553192 31.029042553191491 1.438145319321591 1.438790264517376 0.0009765625
31.029042553191491 31.04885106382979 1.4381004194189184 1.4387453193215911 0.0009765625
31.04885106382979 31.068659574468086 1.4380555647356252 1.4387004194189186 0.0009765625
31.068659574468086 31.088468085106385 1.4380107551981509 1.4386555647356254 0.0009765625
31.088468085106385 31.108276595744684 1.4379659907330926 1.4386107551981511 0.0009765625
31.108276595744684 31.128085106382983 1.4379212712672131 1.4385659907330928 0.0009765625
31.128085106382983 31.147893617021278 1.4378765967274441 1.4385212712672133 0.0009765625
31.147893617021278 31.167702127659577 1.4378319670408908 1.4384765967274442 0.0009765625
31.167702127659577 31.187510638297876 1.4377873821348033 1.4384319670408909 0.0009765625
31.187510638297876 31.207319148936172 1.4377428419366145 1.4383873821348034 0.0009765625
31.207319148936172 31.227127659574471 1.4376983463739119 1.4383428419366147 0.0009765625
31.227127659574471 31.24693617021277 1.4376538953744493 1.4382983463739121 0.0009765625
31.24693617021277 31.266744680851065 1.4376094888661364 1.4382538953744495 0.0009765625
31.266744680851065 31.286553191489364 1.4375651267770557 1.4382094888661365 0.0009765625
31.286553191489364 31.306361702127663 1.4375208090354408 1.4381651267770559 0.0009765625
31.306361702127663 31.326170212765959 1.4374765355696881 1.4381208090354409 0.0009765625
31.326170212765959 31.345978723404258 1.4374323063083723 1.4380765355696883 0.0009765625
31.345978723404258 31.365787234042557 1.4373881211801998 1.4380323063083724 0.0009765625
31.365787234042557 31.385595744680852 1.4373439801140613 1.4379881211801999 0.0009765625
31.385595744680852 31.405404255319151 1.4372998830389949 1.4379439801140614 0.0009765625
31.405404255319151 31.425212765957451 1.4372558298841889 1.4378998830389951 0.0009765625
31.425212765957451 31.445021276595746 1.4372118205790139 1.437855829884189 0.0009765625
31.445021276595746 31.464829787234045 1.4371678550529776 1.437811820579014 0.0009765625
31.464829787234045 31.484638297872344 1.4371239332357637 1.4377678550529778 0.0009765625
31.484638297872344 31.504446808510639 1.4370800550571914 1.4377239332357639 0.0009765625
31.504446808510639 31.524255319148939 1.4370362204472451 1.4376800550571915 0.0009765625
31.524255319148939 31.544063829787238 1.4369924293354897 1.437636220446658 0.0009765625
31.544063829787238 31.563872340425533 1.4369486816539891 1.4375924293360818 0.0009765625
31.563872340425533 31.583680851063832 1.436904977331426 1.4375486816539893 0.0009765625
31.583680851063832 31.603489361702131 1.4368613162989978 1.4375049773314261 0.0009765625
31.603489361702131 31.623297872340427 1.4368176984874681 1.437461316298998 0.0009765625
31.623297872340427 31.643106382978726 1.4367741238277603 1.4374176984874683 0.0009765625
31.643106382978726 31.662914893617025 1.4367305922509357 1.4373741238277604 0.0009765625
31.662914893617025 31.68272340425532 1.4366871036882296 1.4373305922509358 0.0009765625
31.68272340425532 31.702531914893619 1.4366436580710096 1.4372871036882298 0.0009765625
31.702531914893619 31.722340425531918 1.4366002553308057 1.4372436580710097 0.0009765625
31.722340425531918 31.742148936170214 1.4365568953992995 1.4372002553308059 0.0009765625
31.742148936170214 31.761957446808513 1.4365135782083247 1.4371568953992997 0.0009765625
31.761957446808513 31.781765957446812 1.4364703036898643 1.4371135782083249 0.0009765625
31.781765957446812 31.801574468085107 1.4364270717760554 1.4370703036898644 0.0009765625
31.801574468085107 31.821382978723406 1.436383882399169 1.4370270717760556 0.0009765625
31.821382978723406 31.841191489361705 1.4363407354916535 1.4369838823991692 0.0009765625
31.841191489361705 31.861000000000001 1.436297630986082 1.4369407354916537 0.0009765625
31.861000000000001 31.8808085106383 1.436254568815184 1.4368976309860821 0.0009765625
31.8808085106383 31.900617021276599 1.4362115489118463 1.4368545688151841 0.0009765625
31.900617021276599 31.920425531914894 1.436168571209097 1.4368115489118465 0.0009765625
31.920425531914894 31.940234042553193 1.4361256356400993 1.4367685712090972 0.0009765625
31.940234042553193 31.960042553191492 1.4360827421381854 1.4367256356400995 0.0009765625
31.960042553191492 31.979851063829791 1.4360398906368295 1.4366827421381856 0.0009765625
31.979851063829791 31.999659574468087 1.4359970810696341 1.4366398906368296 0.0009765625
31.999659574468087 32.019468085106382 1.4359543133703683 1.4365970810696342 0.0009765625
32.019468085106382 32.039276595744681 1.4359115874729398 1.4365543133703684 0.0009765625
32.039276595744681 32.05908510638298 1.4358689033113829 1.4365115874729399 0.0009765625
32.05908510638298 32.078893617021279 1.435826260819925 1.4364689033113831 0.0009765625
32.078893617021279 32.098702127659578 1.4357836599328815 1.4364262608199252 0.0009765625
32.098702127659578 32.118510638297877 1.4357411005847451 1.4363836599328816 0.0009765625
32.118510638297877 32.138319148936169 1.4356985827101456 1.4363411005847453 0.0009765625
32.138319148936169 32.158127659574468 1.4356561062438462 1.4362985827101458 0.0009765625
32.158127659574468 32.177936170212767 1.4356136711207743 1.4362561062438464 0.0009765625
32.177936170212767 32.197744680851066 1.4355712772759701 1.4362136711207745 0.0009765625
32.197744680851066 32.217553191489365 1.4355289246446425 1.4361712772759703 0.0009765625
32.217553191489365 32.237361702127664 1.435486613162124 1.4361289246446427 0.0009765625
32.237361702127664 32.257170212765956 1.4354443427638968 1.4360866131621242 0.0009765625
32.257170212765956 32.276978723404255 1.4354021133855788 1.4360443427638969 0.0009765625
32.276978723404255 32.296787234042554 1.4353599249629405 1.4360021133855789 0.0009765625
32.296787234042554 32.316595744680853 1.4353177774318715 1.4359599249629407 0.0009765625
32.316595744680853 32.336404255319152 1.4352756707278294 1.4359177774312839 0.0009765625
32.336404255319152 32.356212765957451 1.4352336047887551 1.4358756707284162 0.0009765625
32.356212765957451 32.37602127659575 1.4351915795492047 1.4358336047887552 0.0009765625
32.37602127659575 32.395829787234042 1.4351495949462221 1.4357915795492049 0.0009765625
32.395829787234042 32.415638297872341 1.4351076509163976 1.4357495949462222 0.0009765625
32.415638297872341 32.43544680851064 1.435065747396467 1.4357076509163977 0.0009765625
32.43544680851064 32.455255319148939 1.4350238843232948 1.4356657473964671 0.0009765625
32.455255319148939 32.475063829787238 1.4349820616338975 1.4356238843232949 0.0009765625
32.475063829787238 32.494872340425538 1.434940279265402 1.4355820616338977 0.0009765625
32.494872340425538 32.514680851063829 1.4348985371550966 1.4355402792654022 0.0009765625
32.514680851063829 32.534489361702128 1.4348568352403936 1.4354985371550968 0.0009765625
32.534489361702128 32.554297872340427 1.4348151734588395 1.4354568352403938 0.0009765625
32.554297872340427 32.574106382978727 1.4347735517481146 1.4354151734588396 0.0009765625
32.574106382978727 32.593914893617026 1.4347319700460501 1.4353735517481148 0.0009765625
32.593914893617026 32.613723404255325 1.4346904282905784 1.4353319700460503 0.0009765625
32.613723404255325 32.633531914893624 1.434648926419803 1.4352904282905785 0.0009765625
32.633531914893624 32.653340425531916 1.4346074643719358 1.4352489264198032 0.0009765625
32.653340425531916 32.673148936170215 1.4345660420853272 1.4352074643719359 0.0009765625
32.673148936170215 32.692957446808514 1.4345246594984726 1.4351660420853274 0.0009765625
32.692957446808514 32.712765957446813 1.4344833165499813 1.4351246594984728 0.0009765625
32.712765957446813 32.732574468085112 1.4344420131785951 1.4350833165499814 0.0009765625
32.732574468085112 32.752382978723411 1.434400749323206 1.4350420131785953 0.0009765625
32.752382978723411 32.77219148936171 1.4343595249228283 1.4350007493232062 0.0009765625
32.77219148936171 32.792000000000002 1.4343183399165957 1.4349595249228284 0.0009765625
32.792000000000002 32.811808510638301 1.4342771942437904 1.4349183399165959 0.0009765625
32.811808510638301 32.8316170212766 1.4342360878438045 1.4348771942437906 0.0009765625
32.8316170212766 32.851425531914899 1.4341950206561815 1.4348360878438047 0.0009765625
32.851425531914899 32.871234042553198 1.434153992620584 1.4347950206561817 0.0009765625
32.871234042553198 32.891042553191497 1.4341130036767908 1.4347539926205841 0.0009765625
32.891042553191497 32.910851063829796 1.4340720537647427 1.434713003676791 0.0009765625
32.910851063829796 32.930659574468088 1.4340311428244716 1.4346720537647428 0.0009765625
32.930659574468088 32.950468085106387 1.4339902707961607 1.4346311428244718 0.0009765625
32.950468085106387 32.970276595744686 1.4339494376201096 1.4345902707961609 0.0009765625
32.970276595744686 32.990085106382985 1.433908643236752 1.4345494376201098 0.0009765625
32.990085106382985 33.009893617021284 1.4338678875866517 1.4345086432367522 0.0009765625
33.009893617021284 33.029702127659583 1.4338271706104915 1.4344678875866519 0.0009765625
33.029702127659583 33.049510638297875 1.4337864922490771 1.4344271706104916 0.0009765625
33.049510638297875 33.069319148936174 1.4337458524433526 1.4343864922490772 0.0009765625
33.069319148936174 33.089127659574473 1.4337052511343735 1.4343458524433528 0.0009765625
33.089127659574473 33.108936170212772 1.4336646882633359 1.4343052511343737 0.0009765625
33.108936170212772 33.128744680851071 1.4336241637709655 1.4342646882627521 0.0009765625
33.128744680851071 33.14855319148937 1.4335836776004431 1.4342241637715449 0.0009765625
33.14855319148937 33.168361702127662 1.4335432296915929 1.4341836776004433 0.0009765625
33.168361702127662 33.188170212765961 1.4335028199866664 1.434143229691593 0.0009765625
33.188170212765961 33.20797872340426 1.4334624484274963 1.4341028199866666 0.0009765625
33.20797872340426 33.227787234042559 1.4334221149559925 1.4340624484274964 0.0009765625
33.227787234042559 33.247595744680858 1.4333818195142232 1.4340221149559926 0.0009765625
33.247595744680858 33.267404255319157 1.4333415620443575 1.4339818195142233 0.0009765625
33.267404255319157 33.287212765957449 1.4333013424887004 1.4339415620443576 0.0009765625
33.287212765957449 33.307021276595748 1.4332611607896719 1.4339013424887006 0.0009765625
33.307021276595748 33.326829787234047 1.433221016889809 1.4338611607896721 0.0009765625
33.326829787234047 33.346638297872346 1.4331809107317868 1.4338210168898091 0.0009765625
33.346638297872346 33.366446808510645 1.4331408422583813 1.4337809107317869 0.0009765625
33.366446808510645 33.386255319148944 1.433100811412499 1.4337408422583815 0.0009765625
33.386255319148944 33.406063829787236 1.4330608181371753 1.4337008114124992 0.0009765625
33.406063829787236 33.425872340425535 1.4330208623755407 1.4336608181371755 0.0009765625
33.425872340425535 33.445680851063834 1.4329809440708701 1.4336208623755409 0.0009765625
33.445680851063834 33.465489361702133 1.4329410631665429 1.4335809440708702 0.0009765625
33.465489361702133 33.485297872340432 1.4329012196060664 1.4335410631665431 0.0009765625
33.485297872340432 33.505106382978724 1.4328614133330577 1.4335012196060666 0.0009765625
33.505106382978724 33.524914893617023 1.43282164429126 1.4334614133330579 0.0009765625
33.524914893617023 33.544723404255322 1.4327819124245365 1.4334216442912602 0.0009765625
33.544723404255322 33.564531914893621 1.4327422176768514 1.4333819124245366 0.0009765625
33.564531914893621 33.58434042553192 1.4327025599922998 1.4333422176768515 0.0009765625
33.58434042553192 33.604148936170219 1.4326629393151014 1.4333025599922999 0.0009765625
33.604148936170219 33.623957446808511 1.4326233555895678 1.4332629393151015 0.0009765625
33.623957446808511 33.64376595744681 1.4325838087601628 1.4332233555895679 0.0009765625
33.64376595744681 33.663574468085109 1.4325442987714216 1.4331838087601629 0.0009765625
33.663574468085109 33.683382978723408 1.4325048255680362 1.4331442987714218 0.0009765625
33.683382978723408 33.703191489361707 1.4324653890947929 1.4331048255680363 0.0009765625
33.703191489361707 33.723000000000006 1.4324259892965872 1.4330653890947931 0.0009765625
33.723000000000006 33.742808510638298 1.4323866261184546 1.4330259892965873 0.0009765625
33.742808510638298 33.762617021276597 1.4323472995055191 1.4329866261184547 0.0009765625
33.762617021276597 33.782425531914896 1.4323080094030374 1.4329472995055192 0.0009765625
33.782425531914896 33.802234042553195 1.4322687557563658 1.4329080094030375 0.0009765625
33.802234042553195 33.822042553191494 1.4322295385109767 1.432868755756366 0.0009765625
33.822042553191494 33.841851063829793 1.4321903576124715 1.4328295385109768 0.0009765625
33.841851063829793 33.861659574468085 1.4321512130065446 1.4327903576124716 0.0009765625
33.861659574468085 33.881468085106384 1.432112104639012 1.4327512130065447 0.0009765625
33.881468085106384 33.901276595744683 1.4320730324558055 1.4327121046390121 0.0009765625
33.901276595744683 33.921085106382982 1.4320339964023729 1.4326730324552213 0.0009765625
33.921085106382982 33.940893617021281 1.431994996426633 1.4326339964029615 0.0009765625
33.940893617021281 33.960702127659573 1.4319560324730836 1.4325949964266331 0.0009765625
33.960702127659573 33.980510638297872 1.4319171044886823 1.4325560324730837 0.0009765625
33.980510638297872 34.000319148936171 1.4318782124199234 1.4325171044886824 0.0009765625
34.000319148936171 34.02012765957447 1.4318393562133975 1.4324782124199236 0.0009765625
34.02012765957447 34.039936170212769 1.431800535815805 1.4324393562133977 0.0009765625
34.039936170212769 34.059744680851068 1.43176175117398 1.4324005358158052 0.0009765625
34.059744680851068 34.07955319148936 1.431723002234824 1.4323617511739801 0.0009765625
34.07955319148936 34.099361702127659 1.4316842889453907 1.4323230022348241 0.0009765625
34.099361702127659 34.119170212765958 1.431645611252816 1.4322842889453908 0.0009765625
34.119170212765958 34.138978723404257 1.4316069691043571 1.4322456112528161 0.0009765625
34.138978723404257 34.158787234042556 1.4315683624473738 1.4322069691043573 0.0009765625
34.158787234042556 34.178595744680855 1.4315297912293405 1.432168362447374 0.0009765625
34.178595744680855 34.198404255319147 1.4314912553978332 1.4321297912293407 0.0009765625
34.198404255319147 34.218212765957446 1.4314527549005278 1.4320912553978333 0.0009765625
34.218212765957446 34.238021276595745 1.4314142896852369 1.432052754900528 0.0009765625
34.238021276595745 34.257829787234044 1.4313758596998445 1.432014289685237 0.0009765625
34.257829787234044 34.277638297872343 1.4313374648923674 1.4319758596998446 0.0009765625
34.277638297872343 34.297446808510642 1.4312991052109125 1.4319374648923675 0.0009765625
34.297446808510642 34.317255319148934 1.4312607806037028 1.4318991052109127 0.0009765625
34.317255319148934 34.337063829787233 1.4312224910190703 1.4318607806037029 0.0009765625
34.337063829787233 34.356872340425532 1.4311842364054401 1.4318224910190704 0.0009765625
34.356872340425532 34.376680851063831 1.4311460167113506 1.4317842364054403 0.0009765625
34.376680851063831 34.39648936170213 1.4311078318854507 1.4317460167113507 0.0009765625
34.39648936170213 34.416297872340422 1.4310696818764723 1.4317078318854508 0.0009765625
34.416297872340422 34.436106382978721 1.4310315666332907 1.4316696818764725 0.0009765625
34.436106382978721 34.45591489361702 1.4309934861048386 1.4316315666332908 0.0009765625
34.45591489361702 34.475723404255319 1.4309554402401909 1.4315934861048387 0.0009765625
34.475723404255319 34.495531914893618 1.4309174289885138 1.4315554402401911 0.0009765625
34.495531914893618 34.515340425531917 1.4308794522990687 1.431517428988514 0.0009765625
34.515340425531917 34.535148936170209 1.4308415101212271 1.4314794522990688 0.0009765625
34.535148936170209 34.554957446808508 1.4308036024044686 1.4314415101212272 0.0009765625
34.554957446808508 34.574765957446807 1.4307657290983649 1.4314036024044687 0.0009765625
34.574765957446807 34.594574468085106 1.4307278901526006 1.431365729098365 0.0009765625
34.594574468085106 34.614382978723405 1.4306900855169524 1.4313278901526008 0.0009765625
34.614382978723405 34.634191489361704 1.4306523151413026 1.4312900855169526 0.0009765625
34.634191489361704 34.653999999999996 1.4306145789756441 1.4312523151413028 0.0009765625
34.653999999999996 34.673808510638295 1.4305768769700586 1.4312145789756443 0.0009765625
34.673808510638295 34.693617021276594 1.4305392090747315 1.4311768769700588 0.0009765625
34.693617021276594 34.713425531914893 1.430501575239375 1.4311392090741506 0.0009765625
34.713425531914893 34.733234042553192 1.4304639754161252 1.4311015752399636 0.0009765625
34.733234042553192 34.753042553191491 1.430426409553724 1.4310639754161254 0.0009765625
34.753042553191491 34.772851063829783 1.4303888776033402 1.4310264095537242 0.0009765625
34.772851063829783 34.792659574468082 1.4303513795156693 1.4309888776033404 0.0009765625
34.792659574468082 34.812468085106381 1.4303139152414928 1.4309513795156694 0.0009765625
34.812468085106381 34.83227659574468 1.4302764847317062 1.4309139152414929 0.0009765625
34.83227659574468 34.85208510638298 1.4302390879372908 1.4308764847317064 0.0009765625
34.85208510638298 34.871893617021279 1.430201724809345 1.430839087937291 0.0009765625
34.871893617021279 34.89170212765957 1.4301643952990371 1.4308017248093452 0.0009765625
34.89170212765957 34.911510638297869 1.4301270993576585 1.4307643952990372 0.0009765625
34.911510638297869 34.931319148936169 1.4300898369365964 1.4307270993576586 0.0009765625
34.931319148936169 34.951127659574468 1.430052607987323 1.4306898369365966 0.0009765625
34.951127659574468 34.970936170212767 1.4300154124614184 1.4306526079873232 0.0009765625
34.970936170212767 34.990744680851066 1.4299782503105536 1.4306154124614185 0.0009765625
34.990744680851066 35.010553191489365 1.4299411214864972 1.4305782503105537 0.0009765625
35.010553191489365 35.030361702127657 1.4299040259411202 1.4305411214864974 0.0009765625
35.030361702127657 35.050170212765956 1.4298669636263941 1.4305040259411204 0.0009765625
35.050170212765956 35.069978723404255 1.4298299344943679 1.4304669636263943 0.0009765625
35.069978723404255 35.089787234042554 1.4297929384972017 1.4304299344943681 0.0009765625
35.089787234042554 35.109595744680853 1.4297559755871487 1.4303929384972018 0.0009765625
35.109595744680853 35.129404255319152 1.4297190457165661 1.4303559755871489 0.0009765625
35.129404255319152 35.149212765957451 1.4296821488378797 1.4303190457165662 0.0009765625
35.149212765957451 35.169021276595743 1.429645284903637 1.4302821488378799 0.0009765625
35.169021276595743 35.188829787234042 1.4296084538664697 1.4302452849036371 0.0009765625
35.188829787234042 35.208638297872341 1.4295716556791138 1.4302084538664699 0.0009765625
35.208638297872341 35.22844680851064 1.4295348902943767 1.430171655679114 0.0009765625
35.22844680851064 35.248255319148939 1.4294981576651826 1.4301348902943769 0.0009765625
35.248255319148939 35.268063829787238 1.4294614577445417 1.4300981576651828 0.0009765625
35.268063829787238 35.287872340425537 1.4294247904855613 1.4300614577445419 0.0009765625
35.287872340425537 35.307680851063829 1.4293881558414299 1.4300247904855614 0.0009765625
35.307680851063829 35.327489361702128 1.4293515537654371 1.42998815584143 0.0009765625
35.327489361702128 35.347297872340427 1.4293149842109747 1.4299515537654373 0.0009765625
35.347297872340427 35.367106382978726 1.4292784471315132 1.4299149842109748 0.0009765625
35.367106382978726 35.386914893617025 1.4292419424806191 1.4298784471315134 0.0009765625
35.386914893617025 35.406723404255324 1.4292054702119539 1.4298419424806192 0.0009765625
35.406723404255324 35.426531914893616 1.429169030279269 1.429805470211954 0.0009765625
35.426531914893616 35.446340425531915 1.4291326226364081 1.4297690302792692 0.0009765625
35.446340425531915 35.466148936170214 1.4290962472373139 1.4297326226364082 0.0009765625
35.466148936170214 35.485957446808513 1.4290599040360041 1.429696247237314 0.0009765625
35.485957446808513 35.505765957446812 1.4290235929860178 1.4296599040354228 0.0009765625
35.505765957446812 35.525574468085111 1.4289873140433089 1.4296235929865997 0.0009765625
35.525574468085111 35.54538297872341 1.4289510671604229 1.4295873140433091 0.0009765625
35.54538297872341 35.565191489361702 1.4289148522923474 1.429551067160423 0.0009765625
35.565191489361702 35.585000000000001 1.4288786693935405 1.4295148522923475 0.0009765625
35.585000000000001 35.6048085106383 1.4288425184185958 1.4294786693935406 0.0009765625
35.6048085106383 35.624617021276599 1.4288063993221582 1.4294425184185959 0.0009765625
35.624617021276599 35.644425531914898 1.4287703120589705 1.4294063993221584 0.0009765625
35.644425531914898 35.664234042553197 1.4287342565838812 1.4293703120589707 0.0009765625
35.664234042553197 35.684042553191489 1.4286982328518067 1.4293342565838814 0.0009765625
35.684042553191489 35.703851063829788 1.428662240817778 1.4292982328518069 0.0009765625
35.703851063829788 35.723659574468087 1.4286262804368772 1.4292622408177782 0.0009765625
35.723659574468087 35.743468085106386 1.4285903516643139 1.4292262804368774 0.0009765625
35.743468085106386 35.763276595744685 1.4285544544553581 1.4291903516643141 0.0009765625
35.763276595744685 35.783085106382984 1.428518588765382 1.4291544544553583 0.0009765625
35.783085106382984 35.802893617021283 1.4284827545498369 1.4291185887653821 0.0009765625
35.802893617021283 35.822702127659575 1.4284469517642719 1.429082754549837 0.0009765625
35.822702127659575 35.842510638297874 1.4284111803643169 1.4290469517642721 0.0009765625
35.842510638297874 35.862319148936173 1.428375440305677 1.4290111803643171 0.0009765625
35.862319148936173 35.882127659574472 1.428339731544167 1.4289754403056771 0.0009765625
35.882127659574472 35.901936170212771 1.4283040540356788 1.4289397315441672 0.0009765625
35.901936170212771 35.92174468085107 1.4282684077361822 1.428904054035679 0.0009765625
35.92174468085107 35.941553191489369 1.4282327926017426 1.4288684077361824 0.0009765625
35.941553191489369 35.961361702127661 1.4281972085885004 1.4288327926017428 0.0009765625
35.961361702127661 35.98117021276596 1.4281616556527073 1.4287972085885006 0.0009765625
35.98117021276596 36.000978723404259 1.4281261337506694 1.4287616556527074 0.0009765625
36.000978723404259 36.020787234042558 1.4280906428387905 1.4287261337506696 0.0009765625
36.020787234042558 36.040595744680857 1.4280551828735721 1.4286906428387907 0.0009765625
36.040595744680857 36.060404255319156 1.4280197538115726 1.4286551828735723 0.0009765625
36.060404255319156 36.080212765957455 1.4279843556094649 1.4286197538115728 0.0009765625
36.080212765957455 36.100021276595747 1.4279489882239846 1.4285843556094651 0.0009765625
36.100021276595747 36.119829787234046 1.4279136516119659 1.4285489882239848 0.0009765625
36.119829787234046 36.139638297872345 1.4278783457303141 1.4285136516119661 0.0009765625
36.139638297872345 36.159446808510644 1.427843070536031 1.4284783457303143 0.0009765625
36.159446808510644 36.179255319148943 1.4278078259861846 1.4284430705360311 0.0009765625
36.179255319148943 36.199063829787242 1.4277726120379515 1.4284078259861848 0.0009765625
36.199063829787242 36.218872340425534 1.4277374286485656 1.4283726120379516 0.0009765625
36.218872340425534 36.238680851063833 1.4277022757753606 1.4283374286485657 0.0009765625
36.238680851063833 36.258489361702132 1.4276671533757488 1.4283022757753607 0.0009765625
36.258489361702132 36.278297872340431 1.4276320614072153 1.4282671533757489 0.0009765625
36.278297872340431 36.29810638297873 1.4275969998267686 1.4282320614066417 0.0009765625
36.29810638297873 36.317914893617029 1.4275619685937995 1.4281969998273474 0.0009765625
36.317914893617029 36.337723404255321 1.4275269676643054 1.4281619685937996 0.0009765625
36.337723404255321 36.35753191489362 1.4274919969966928 1.4281269676643056 0.0009765625
36.35753191489362 36.377340425531919 1.427457056548862 1.428091996996693 0.0009765625
36.377340425531919 36.397148936170218 1.4274221462787946 1.4280570565488622 0.0009765625
36.397148936170218 36.416957446808517 1.4273872661445619 1.4280221462787948 0.0009765625
36.416957446808517 36.436765957446816 1.4273524161043118 1.4279872661445621 0.0009765625
36.436765957446816 36.456574468085108 1.4273175961162612 1.427952416104312 0.0009765625
36.456574468085108 36.476382978723407 1.4272828061387215 1.4279175961162613 0.0009765625
36.476382978723407 36.496191489361706 1.4272480461300903 1.4278828061387216 0.0009765625
36.496191489361706 36.516000000000005 1.4272133160488223 1.4278480461300904 0.0009765625
36.516000000000005 36.535808510638304 1.4271786158534665 1.4278133160488224 0.0009765625
36.535808510638304 36.555617021276603 1.4271439455026544 1.4277786158534667 0.0009765625
36.555617021276603 36.575425531914895 1.4271093049550969 1.4277439455026546 0.0009765625
36.575425531914895 36.595234042553194 1.42707469416957 1.4277093049550971 0.0009765625
36.595234042553194 36.615042553191493 1.4270401131049468 1.4276746941695702 0.0009765625
36.615042553191493 36.634851063829792 1.4270055617201707 1.427640113104947 0.0009765625
36.634851063829792 36.654659574468091 1.426971039974259 1.4276055617201708 0.0009765625
36.654659574468091 36.674468085106383 1.4269365478263174 1.4275710399742592 0.0009765625
36.674468085106383 36.694276595744682 1.426902085235519 1.4275365478263176 0.0009765625
36.694276595744682 36.714085106382981 1.4268676521611376 1.4275020852355191 0.0009765625
36.714085106382981 36.73389361702128 1.4268332485624988 1.4274676521611378 0.0009765625
36.73389361702128 36.753702127659579 1.426798874399009 1.427433248562499 0.0009765625
36.753702127659579 36.773510638297878 1.4267645296301648 1.4273988743990091 0.0009765625
36.773510638297878 36.79331914893617 1.426730214215542 1.4273645296301649 0.0009765625
36.79331914893617 36.813127659574469 1.426695928114778 1.4273302142155422 0.0009765625
36.813127659574469 36.832936170212768 1.426661671287591 1.4272959281147781 0.0009765625
36.832936170212768 36.852744680851067 1.4266274436937925 1.4272616712875912 0.0009765625
36.852744680851067 36.872553191489366 1.4265932452932508 1.4272274436937926 0.0009765625
36.872553191489366 36.892361702127666 1.4265590760459301 1.427193245293251 0.0009765625
36.892361702127666 36.912170212765957 1.4265249359118415 1.4271590760459303 0.0009765625
36.912170212765957 36.931978723404256 1.426490824851093 1.4271249359118416 0.0009765625
36.931978723404256 36.951787234042555 1.4264567428238755 1.4270908248510932 0.0009765625
36.951787234042555 36.971595744680855 1.4264226897904391 1.4270567428238756 0.0009765625
36.971595744680855 36.991404255319154 1.4263886657111169 1.4270226897904392 0.0009765625
36.991404255319154 37.011212765957453 1.4263546705463077 1.426988665711117 0.0009765625
37.011212765957453 37.031021276595744 1.4263207042565045 1.4269546705463079 0.0009765625
37.031021276595744 37.050829787234044 1.4262867668022725 1.4269207042565046 0.0009765625
37.050829787234044 37.070638297872343 1.4262528581442173 1.4268867668022727 0.0009765625
37.070638297872343 37.090446808510642 1.426218978242485 1.4268528581436397 0.0009765625
37.090446808510642 37.110255319148941 1.4261851270595918 1.4268189782430667 0.0009765625
37.110255319148941 37.13006382978724 1.426151304554657 1.4267851270595919 0.0009765625
37.13006382978724 37.149872340425532 1.4261175106891755 1.4267513045546572 0.0009765625
37.149872340425532 37.169680851063831 1.426083745424171 1.4267175106891756 0.0009765625
37.169680851063831 37.18948936170213 1.4260500087207046 1.4266837454241712 0.0009765625
37.18948936170213 37.209297872340429 1.4260163005399296 1.4266500087207048 0.0009765625
37.209297872340429 37.229106382978728 1.4259826208430701 1.4266163005399297 0.0009765625
37.229106382978728 37.248914893617027 1.4259489695914338 1.4265826208430703 0.0009765625
37.248914893617027 37.268723404255326 1.4259153467463688 1.426548969591434 0.0009765625
37.268723404255326 37.288531914893618 1.4258817522693321 1.4265153467463689 0.0009765625
37.288531914893618 37.308340425531917 1.4258481861218404 1.4264817522693323 0.0009765625
37.308340425531917 37.328148936170216 1.425814648265473 1.4264481861218405 0.0009765625
37.328148936170216 37.347957446808515 1.4257811386618926 1.4264146482654732 0.0009765625
37.347957446808515 37.367765957446814 1.4257476572728345 1.4263811386618928 0.0009765625
37.367765957446814 37.387574468085113 1.4257142040601023 1.4263476572728346 0.0009765625
37.387574468085113 37.407382978723405 1.4256807789855643 1.4263142040601025 0.0009765625
37.407382978723405 37.427191489361704 1.4256473820111704 1.4262807789855645 0.0009765625
37.427191489361704 37.447000000000003 1.4256140130989499 1.4262473820111705 0.0009765625
37.447000000000003 37.466808510638302 1.4255806722109776 1.42621401309895 0.0009765625
37.466808510638302 37.486617021276601 1.4255473593094232 1.4261806722109778 0.0009765625
37.486617021276601 37.5064255319149 1.4255140743565127 1.4261473593094234 0.0009765625
37.5064255319149 37.526234042553199 1.4254808173145515 1.4261140743565128 0.0009765625
37.526234042553199 37.546042553191491 1.4254475881459152 1.4260808173145516 0.0009765625
37.546042553191491 37.56585106382979 1.4254143868130409 1.4260475881459154 0.0009765625
37.56585106382979 37.585659574468089 1.4253812132784527 1.426014386813041 0.0009765625
37.585659574468089 37.605468085106388 1.4253480675047179 1.4259812132784528 0.0009765625
37.605468085106388 37.625276595744687 1.4253149494545052 1.425948067504718 0.0009765625
37.625276595744687 37.645085106382986 1.4252818590905334 1.4259149494545054 0.0009765625
37.645085106382986 37.664893617021278 1.425248796375586 1.4258818590905336 0.0009765625
37.664893617021278 37.684702127659577 1.4252157612725438 1.4258487963755861 0.0009765625
37.684702127659577 37.704510638297876 1.4251827537443167 1.4258157612725439 0.0009765625
37.704510638297876 37.724319148936175 1.4251497737539203 1.4257827537443168 0.0009765625
37.724319148936175 37.744127659574474 1.4251168212644192 1.4257497737539204 0.0009765625
37.744127659574474 37.763936170212773 1.4250838962389487 1.4257168212644193 0.0009765625
37.763936170212773 37.783744680851072 1.4250509986407145 1.4256838962389489 0.0009765625
37.783744680851072 37.803553191489364 1.4250181284329975 1.4256509986407147 0.0009765625
37.803553191489364 37.823361702127663 1.4249852855791356 1.4256181284329976 0.0009765625
37.823361702127663 37.843170212765962 1.42495247004255 1.4255852855791358 0.0009765625
37.843170212765962 37.862978723404261 1.4249196817867014 1.4255524700425501 0.0009765625
37.862978723404261 37.88278723404256 1.424886920774574 1.4255196817861269 0.0009765625
37.88278723404256 37.902595744680859 1.4248541869715057 1.4254869207751502 0.0009765625
37.902595744680859 37.922404255319151 1.4248214803394605 1.4254541869715058 0.0009765625
37.922404255319151 37.94221276595745 1.4247888008427454 1.4254214803394607 0.0009765625
37.94221276595745 37.962021276595749 1.4247561484451856 1.4253888008427456 0.0009765625
37.962021276595749 37.981829787234048 1.4247235231106632 1.4253561484451858 0.0009765625
37.981829787234048 38.001638297872347 1.4246909248031323 1.4253235231106633 0.0009765625
38.001638297872347 38.021446808510646 1.4246583534866035 1.4252909248031325 0.0009765625
38.021446808510646 38.041255319148938 1.4246258091251669 1.4252583534866037 0.0009765625
38.041255319148938 38.061063829787237 1.4245932916829576 1.4252258091251671 0.0009765625
38.061063829787237 38.080872340425536 1.4245608011242086 1.4251932916829577 0.0009765625
38.080872340425536 38.100680851063835 1.4245283374131839 1.4251608011242087 0.0009765625
38.100680851063835 38.120489361702134 1.4244959005142446 1.425128337413184 0.0009765625
38.120489361702134 38.140297872340433 1.424463490391799 1.4250959005142447 0.0009765625
38.140297872340433 38.160106382978725 1.4244311070103222 1.4250634903917991 0.0009765625
38.160106382978725 38.179914893617024 1.4243987503343574 1.4250311070103223 0.0009765625
38.179914893617024 38.199723404255323 1.4243664203285236 1.4249987503343575 0.0009765625
38.199723404255323 38.219531914893622 1.4243341169574801 1.4249664203285237 0.0009765625
38.219531914893622 38.239340425531921 1.4243018401859739 1.4249341169574803 0.0009765625
38.239340425531921 38.25914893617022 1.4242695899788131 1.4249018401859741 0.0009765625
38.25914893617022 38.278957446808512 1.424237366300855 1.4248695899788133 0.0009765625
38.278957446808512 38.298765957446811 1.4242051691170439 1.4248373663008551 0.0009765625
38.298765957446811 38.31857446808511 1.424172998392361 1.424805169117044 0.0009765625
38.31857446808511 38.338382978723409 1.4241408540918867 1.4247729983923612 0.0009765625
38.338382978723409 38.358191489361708 1.4241087361807325 1.4247408540918869 0.0009765625
38.358191489361708 38.378 1.4240766446240936 1.4247087361807327 0.0009765625
38.378 38.397808510638299 1.424044579387217 1.4246766446240937 0.0009765625
38.397808510638299 38.417617021276598 1.4240125404354285 1.4246445793872171 0.0009765625
38.417617021276598 38.437425531914897 1.4239805277340927 1.4246125404354286 0.0009765625
38.437425531914897 38.457234042553196 1.4239485412486632 1.4245805277340928 0.0009765625
38.457234042553196 38.477042553191495 1.4239165809446441 1.4245485412486634 0.0009765625
38.477042553191495 38.496851063829787 1.4238846467876098 1.4245165809446443 0.0009765625
38.496851063829787 38.516659574468086 1.4238527387431783 1.42448464678761 0.0009765625
38.516659574468086 38.536468085106385 1.4238208567770545 1.4244527387431785 0.0009765625
38.536468085106385 38.556276595744684 1.4237890008549912 1.4244208567770547 0.0009765625
38.556276595744684 38.576085106382983 1.423757170942813 1.4243890008549913 0.0009765625
38.576085106382983 38.595893617021282 1.423725367006397 1.4243571709428131 0.0009765625
38.595893617021282 38.615702127659574 1.423693589011682 1.4243253670063971 0.0009765625
38.615702127659574 38.635510638297873 1.4236618369246854 1.4242935890116821 0.0009765625
38.635510638297873 38.655319148936172 1.423630110711458 1.4242618369246856 0.0009765625
38.655319148936172 38.675127659574471 1.4235984103375723 1.424230110710887 0.0009765625
38.675127659574471 38.69493617021277 1.4235667357709241 1.4241984103381427 0.0009765625
38.69493617021277 38.714744680851069 1.4235350869760595 1.4241667357709242 0.0009765625
38.714744680851069 38.734553191489361 1.4235034639198514 1.4241350869760596 0.0009765625
38.734553191489361 38.75436170212766 1.423471866568679 1.4241034639198515 0.0009765625
38.75436170212766 38.774170212765959 1.4234402948889828 1.4240718665686791 0.0009765625
38.774170212765959 38.793978723404258 1.4234087488472522 1.424040294888983 0.0009765625
38.793978723404258 38.813787234042557 1.4233772284100368 1.4240087488472524 0.0009765625
38.813787234042557 38.833595744680856 1.4233457335439703 1.4239772284100369 0.0009765625
38.833595744680856 38.853404255319148 1.4233142642157206 1.4239457335439705 0.0009765625
38.853404255319148 38.873212765957447 1.4232828203920189 1.4239142642157208 0.0009765625
38.873212765957447 38.893021276595746 1.4232514020396694 1.4238828203920191 0.0009765625
38.893021276595746 38.912829787234045 1.4232200091255367 1.4238514020396695 0.0009765625
38.912829787234045 38.932638297872344 1.4231886416165223 1.4238200091255369 0.0009765625
38.932638297872344 38.952446808510643 1.4231572994796149 1.4237886416165224 0.0009765625
38.952446808510643 38.972255319148942 1.4231259826818503 1.423757299479615 0.0009765625
38.972255319148942 38.992063829787234 1.4230946911903166 1.4237259826818505 0.0009765625
38.992063829787234 39.011872340425533 1.4232634249721774 1.4234946911903168 0.0009765625
39.011872340425533 39.031680851063832 1.4232321839946369 1.4234634249721776 0.0009765625
39.031680851063832 39.051489361702131 1.4232009682249822 1.4234321839946371 0.0009765625
39.051489361702131 39.071297872340431 1.4231697776305288 1.4234009682249824 0.0009765625
39.071297872340431 39.09110638297873 1.4231386121786791 1.423369777630529 0.0009765625
39.09110638297873 39.110914893617029 1.423107471836885 1.4233386121786793 0.0009765625
39.110914893617029 39.13072340425532 1.4230763565726405 1.4233074718368852 0.0009765625
39.13072340425532 39.15053191489362 1.4230452663535227 1.4232763565726407 0.0009765625
39.15053191489362 39.170340425531919 1.423014201147154 1.4232452663535229 0.0009765625
39.170340425531919 39.190148936170218 1.4229831609212096 1.4232142011471542 0.0009765625
39.190148936170218 39.209957446808517 1.4229521456434466 1.4231831609212098 0.0009765625
39.209957446808517 39.229765957446816 1.4229211552816479 1.4231521456434468 0.0009765625
39.229765957446816 39.249574468085115 1.4228901898036683 1.4231211552816481 0.0009765625
39.249574468085115 39.269382978723407 1.4228592491774255 1.4230901898036685 0.0009765625
39.269382978723407 39.289191489361706 1.4228283333708913 1.4230592491774257 0.0009765625
39.289191489361706 39.309000000000005 1.4227974423520948 1.4230283333708915 0.0009765625
39.309000000000005 39.328808510638304 1.4227665760891153 1.422997442352095 0.0009765625
39.328808510638304 39.348617021276603 1.4227357345500977 1.4229665760891155 0.0009765625
39.348617021276603 39.368425531914902 1.4227049177032436 1.4229357345500979 0.0009765625
39.368425531914902 39.388234042553194 1.4226741255167938 1.4229049177032438 0.0009765625
39.388234042553194 39.408042553191493 1.4226433579590785 1.422874125516794 0.0009765625
39.408042553191493 39.427851063829792 1.4226126149984595 1.4228433579590787 0.0009765625
39.427851063829792 39.447659574468091 1.4225818966033537 1.4228126149984597 0.0009765625
39.447659574468091 39.46746808510639 1.4225512027416769 1.4227818966027814 0.0009765625
39.46746808510639 39.487276595744689 1.4225205333836934 1.4227512027422538 0.0009765625
39.487276595744689 39.507085106382981 1.4224898884962625 1.4227205333836936 0.0009765625
39.507085106382981 39.52689361702128 1.4224592680486057 1.4226898884962627 0.0009765625
39.52689361702128 39.546702127659579 1.4224286720094381 1.4226592680486059 0.0009765625
39.546702127659579 39.566510638297878 1.422398100347511 1.4226286720094383 0.0009765625
39.566510638297878 39.586319148936177 1.42236755303165 1.4225981003475112 0.0009765625
39.586319148936177 39.606127659574476 1.4223370300307121 1.4225675530316502 0.0009765625
39.606127659574476 39.625936170212768 1.4223065313136294 1.4225370300307123 0.0009765625
39.625936170212768 39.645744680851067 1.4222760568493837 1.4225065313136296 0.0009765625
39.645744680851067 39.665553191489366 1.4222456066070179 1.4224760568493839 0.0009765625
39.665553191489366 39.685361702127665 1.4222151805556045 1.4224456066070181 0.0009765625
39.685361702127665 39.705170212765964 1.4221847786643038 1.4224151805556047 0.0009765625
39.705170212765964 39.724978723404263 1.4221544009023146 1.422384778664304 0.0009765625
39.724978723404263 39.744787234042555 1.4221240472388845 1.4223544009023148 0.0009765625
39.744787234042555 39.764595744680854 1.4220937176433299 1.4223240472388847 0.0009765625
39.764595744680854 39.784404255319153 1.4220634120850082 1.4222937176433301 0.0009765625
39.784404255319153 39.804212765957452 1.4220331305333389 1.4222634120850084 0.0009765625
39.804212765957452 39.824021276595751 1.4220028729577938 1.4222331305333391 0.0009765625
39.824021276595751 39.843829787234043 1.4219726393278922 1.422202872957794 0.0009765625
39.843829787234043 39.863638297872342 1.4220124296132195 1.4221026393278924 0.0009765625
39.863638297872342 39.883446808510641 1.4219822437834033 1.4220724296132197 0.0009765625
39.883446808510641 39.90325531914894 1.4219520818081237 1.4220422437834035 0.0009765625
39.90325531914894 39.923063829787239 1.4219219436571351 1.4220120818081239 0.0009765625
39.923063829787239 39.942872340425538 1.421891829300217 1.4219819436571353 0.0009765625
39.942872340425538 39.96268085106383 1.4218617387072177 1.4219518293002171 0.0009765625
39.96268085106383 39.982489361702129 1.4218316718480404 1.4219217387072178 0.0009765625
39.982489361702129 40.002297872340428 1.4218016286926218 1.4218916718480406 0.0009765625
40.002297872340428 40.022106382978727 1.4217716092109816 1.421861628692622 0.0009765625
40.022106382978727 40.041914893617026 1.421741613373164 1.4218316092109817 0.0009765625
40.041914893617026 40.061723404255325 1.4217116411492892 1.4218016133731641 0.0009765625
40.061723404255325 40.081531914893617 1.4217016925095098 1.4217516411492892 0.0009765625
40.081531914893617 40.101340425531916 1.4216717674240436 1.4217216925095097 0.0009765625
40.101340425531916 40.121148936170215 1.421650865863157 1.4216827674240435 0.0009765625
40.121148936170215 40.131053191489364 1.421606923895149 1.4216818658631571 0.0009765625
40.131053191489364 40.140957446808514 1.4215919877971643 1.4216669238951491 0.0009765625
40.140957446808514 40.150861702127663 1.4215770575654867 1.4216519877971645 0.0009765625
40.150861702127663 40.160765957446813 1.4215621331964312 1.4216370575654869 0.0009765625
40.160765957446813 40.170670212765963 1.4215472146862913 1.4216221331964314 0.0009765625
40.170670212765963 40.180574468085112 1.4215523020313838 1.4215872146862913 0.0009765625
40.180574468085112 40.190478723404262 1.4215373952280215 1.4215723020313837 0.0009765625
40.190478723404262 40.200382978723404 1.4215224942725047 1.4215573952280214 0.0009765625
40.200382978723404 40.210287234042553 1.4215165991611631 1.4215334942725046 0.0009765625
40.210287234042553 40.215239361702132 1.4214801537958983 1.4215475991611632 0.0009765625
40.215239361702132 40.220191489361703 1.4214927098903065 1.4215201537958984 0.0009765625
40.220191489361703 40.225143617021281 1.4214852674439109 1.4215127098903064 0.0009765625
40.225143617021281 40.230095744680852 1.4214778264562626 1.4215052674439108 0.0009765625
40.230095744680852 40.235047872340431 1.4214703869268974 1.4214978264562625 0.0009765625
40.235047872340431 40.240000000000002 1.4214629488553661 1.4214903869268973 0.0009765625
