# Direct counterexample,  d = 6:  C(p) > 0 on [40.36, 100]
claim 6 6 40.36 100 +
# p1 p2 lambda1 lambda2 tau0
40.359999999999999 40.36497 1.4212757257445359 1.4213031538927792 0.0009765625
40.36497 40.36994 1.4212682990526053 1.4212957257445358 0.0009765625
40.36994 40.37491 1.4212608738165324 1.4212882990526052 0.0009765625
40.37491 40.37988 1.4212534500358613 1.4212808738165323 0.0009765625
40.37988 40.38485 1.4212460277101209 1.4212734500358613 0.0009765625
40.38485 40.38982 1.4212186068388761 1.4212860277101209 0.0009765625
40.38982 40.399760000000001 1.421232769457984 1.4212496068388762 0.0009765625
40.399760000000001 40.409700000000001 1.4212089378895383 1.421243769457984 0.0009765625
40.409700000000001 40.419640000000001 1.4211941121298786 1.4212289378895382 0.0009765625
40.419640000000001 40.429580000000001 1.4211792921753497 1.4212141121298785 0.0009765625
40.429580000000001 40.439520000000002 1.4211644780223143 1.4211992921753496 0.0009765625
40.439520000000002 40.449460000000002 1.4211296696671119 1.4212044780223143 0.0009765625
40.449460000000002 40.459400000000002 1.4211148671061133 1.421189669667112 0.0009765625
40.459400000000002 40.469340000000003 1.4211000703356682 1.4211748671061135 0.0009765625
40.469340000000003 40.479280000000003 1.4210852793521522 1.4211600703356684 0.0009765625
40.479280000000003 40.499159999999996 1.421084714731363 1.4211162793521523 0.0009765625
40.499159999999996 40.519039999999997 1.4210461732147108 1.421095714731363 0.0009765625
40.519039999999997 40.538919999999997 1.4210166547732319 1.4210661732147107 0.0009765625
40.538919999999997 40.558799999999998 1.4209671593780053 1.421056654773232 0.0009765625
40.558799999999998 40.578679999999999 1.4209376870001527 1.4210271593780055 0.0009765625
40.578679999999999 40.598559999999999 1.4209082376108462 1.4209976870001528 0.0009765625
40.598559999999999 40.61844 1.4208788111813286 1.4209682376108463 0.0009765625
40.61844 40.63832 1.4208494076828668 1.4209388111813288 0.0009765625
40.63832 40.658200000000001 1.4208200270867919 1.420909407682867 0.0009765625
40.658200000000001 40.678080000000001 1.4207906693644861 1.4208800270867921 0.0009765625
40.678080000000001 40.697960000000002 1.4207613344873604 1.4208506693644862 0.0009765625
40.697960000000002 40.717840000000002 1.420732022426912 1.4208213344873606 0.0009765625
40.717840000000002 40.737720000000003 1.4207027331546467 1.4207920224269122 0.0009765625
40.737720000000003 40.757599999999996 1.4206734666421492 1.4207627331546469 0.0009765625
40.757599999999996 40.777479999999997 1.4205742228610478 1.4208034666421494 0.0009765625
40.777479999999997 40.797359999999998 1.4205450017830068 1.420774222861048 0.0009765625
40.797359999999998 40.817239999999998 1.4205158033797567 1.420745001783007 0.0009765625
40.817239999999998 40.837119999999999 1.4204866276230617 1.4207158033797569 0.0009765625
40.837119999999999 40.856999999999999 1.4204574744847378 1.4206866276230619 0.0009765625
40.856999999999999 40.87688 1.4204283439366667 1.420657474484738 0.0009765625
40.87688 40.89676 1.4203992359507553 1.4206283439366669 0.0009765625
40.89676 40.916640000000001 1.4203701504989665 1.4205992359507555 0.0009765625
40.916640000000001 40.936520000000002 1.4203410875533191 1.4205701504989667 0.0009765625
40.936520000000002 40.956400000000002 1.4203120470858648 1.4205410875533193 0.0009765625
40.956400000000002 40.976280000000003 1.4202830290687323 1.420512047085865 0.0009765625
40.976280000000003 40.996160000000003 1.4202540334740634 1.4204830290687325 0.0009765625
40.996160000000003 41.016040000000004 1.4202250602740627 1.4204540334740636 0.0009765625
41.016040000000004 41.035919999999997 1.4201961094409961 1.4204250602740629 0.0009765625
41.035919999999997 41.055799999999998 1.4201671809471546 1.4203961094409963 0.0009765625
41.055799999999998 41.075679999999998 1.4201382747648812 1.4203671809471548 0.0009765625
41.075679999999998 41.095559999999999 1.4201093908665834 1.4203382747648814 0.0009765625
41.095559999999999 41.11544 1.4200805292246994 1.4203093908665836 0.0009765625
41.11544 41.13532 1.420051689811719 1.4202805292246996 0.0009765625
41.13532 41.155200000000001 1.4200228726001785 1.4202516898117192 0.0009765625
41.155200000000001 41.175080000000001 1.4199940775620965 1.4202228725996138 0.0009765625
41.175080000000001 41.194960000000002 1.4199653046718095 1.4201940775626642 0.0009765625
41.194960000000002 41.214840000000002 1.4199365539002877 1.4201653046718097 0.0009765625
41.214840000000002 41.234720000000003 1.419907825220823 1.4201365539002879 0.0009765625
41.234720000000003 41.254600000000003 1.4198791186061892 1.4201078252208232 0.0009765625
41.254600000000003 41.274480000000004 1.4198504340292075 1.4200791186061894 0.0009765625
41.274480000000004 41.294359999999998 1.4198217714627344 1.4200504340292077 0.0009765625
41.294359999999998 41.314239999999998 1.4197931308796936 1.4200217714627346 0.0009765625
41.314239999999998 41.334119999999999 1.4197645122530262 1.4199931308796938 0.0009765625
41.334119999999999 41.353999999999999 1.4197359155557394 1.4199645122530264 0.0009765625
41.353999999999999 41.37388 1.4197073407608944 1.4199359155557396 0.0009765625
41.37388 41.39376 1.4196787878415735 1.4199073407608946 0.0009765625
41.39376 41.413640000000001 1.4196502567709188 1.4198787878415737 0.0009765625
41.413640000000001 41.433520000000001 1.4196217475221165 1.419850256770919 0.0009765625
41.433520000000001 41.453400000000002 1.4195932600684082 1.4198217475221167 0.0009765625
41.453400000000002 41.473280000000003 1.4195647943830532 1.4197932600684084 0.0009765625
41.473280000000003 41.493160000000003 1.419536350439389 1.4197647943830534 0.0009765625
41.493160000000003 41.513040000000004 1.4195079282107799 1.4197363504393892 0.0009765625
41.513040000000004 41.532920000000004 1.419479527670638 1.4197079282107801 0.0009765625
41.532920000000004 41.552800000000005 1.419451148792418 1.4196795276706382 0.0009765625
41.552800000000005 41.572679999999998 1.4194227915496345 1.4196511487924182 0.0009765625
41.572679999999998 41.592559999999999 1.4193944559158258 1.4196227915496347 0.0009765625
41.592559999999999 41.612439999999999 1.4193661418645886 1.419594455915826 0.0009765625
41.612439999999999 41.63232 1.4193378493695608 1.4195661418645888 0.0009765625
41.63232 41.652200000000001 1.4193095784044183 1.419537849369561 0.0009765625
41.652200000000001 41.672080000000001 1.4192813289428969 1.4195095784044185 0.0009765625
41.672080000000001 41.691960000000002 1.419253100958765 1.4194813289428971 0.0009765625
41.691960000000002 41.711840000000002 1.4192248944258399 1.4194531009587652 0.0009765625
41.711840000000002 41.731720000000003 1.4189967093179785 1.4196248944258401 0.0009765625
41.731720000000003 41.751600000000003 1.418968545609089 1.4195967093179787 0.0009765625
41.751600000000003 41.771480000000004 1.4189404032731152 1.4195685456090892 0.0009765625
41.771480000000004 41.791360000000005 1.4189122822840547 1.4195404032731154 0.0009765625
41.791360000000005 41.811240000000005 1.4188841826159304 1.4195122822840549 0.0009765625
41.811240000000005 41.831119999999999 1.4188561042428363 1.4194841826159306 0.0009765625
41.831119999999999 41.850999999999999 1.4188280471388965 1.4194561042428364 0.0009765625
41.850999999999999 41.87088 1.4188000112782655 1.4194280471388967 0.0009765625
41.87088 41.89076 1.4187719966351573 1.4194000112782656 0.0009765625
41.89076 41.910640000000001 1.418744003183837 1.4193719966351575 0.0009765625
41.910640000000001 41.930520000000001 1.4187160308985847 1.4193440031838371 0.0009765625
41.930520000000001 41.950400000000002 1.4186880797537538 1.4193160308985848 0.0009765625
41.950400000000002 41.970280000000002 1.418660149723155 1.419288079753189 0.0009765625
41.970280000000002 41.990160000000003 1.4186322407829126 1.4192601497237218 0.0009765625
41.990160000000003 42.010040000000004 1.4186043529058057 1.4192322407829128 0.0009765625
42.010040000000004 42.029920000000004 1.4185764860669063 1.4192043529058058 0.0009765625
42.029920000000004 42.049800000000005 1.4185486402407668 1.4191764860669065 0.0009765625
42.049800000000005 42.069679999999998 1.4185208154019906 1.4191486402407669 0.0009765625
42.069679999999998 42.089559999999999 1.4184930115252108 1.4191208154019908 0.0009765625
42.089559999999999 42.109439999999999 1.4184652285851178 1.4190930115252109 0.0009765625
42.109439999999999 42.12932 1.4184374665564214 1.419065228585118 0.0009765625
42.12932 42.1492 1.4184097254139074 1.4190374665564216 0.0009765625
42.1492 42.169080000000001 1.4183820051323774 1.4190097254139076 0.0009765625
42.169080000000001 42.188960000000002 1.4183543056866774 1.4189820051323776 0.0009765625
42.188960000000002 42.208840000000002 1.4183266270517096 1.4189543056866776 0.0009765625
42.208840000000002 42.228720000000003 1.4182989692024028 1.4189266270517098 0.0009765625
42.228720000000003 42.248599999999996 1.4182713321137379 1.418898969202403 0.0009765625
42.248599999999996 42.268479999999997 1.4182437157607286 1.4188713321137381 0.0009765625
42.268479999999997 42.288359999999997 1.4182161201184438 1.4188437157607288 0.0009765625
42.288359999999997 42.308239999999998 1.4181885451619816 1.4188161201184439 0.0009765625
42.308239999999998 42.328119999999998 1.4181609908664765 1.4187885451619817 0.0009765625
42.328119999999998 42.347999999999999 1.4181334572071258 1.4187609908664767 0.0009765625
42.347999999999999 42.36788 1.4181059441591573 1.418733457207126 0.0009765625
42.36788 42.38776 1.4180784516978202 1.4187059441591574 0.0009765625
42.38776 42.407640000000001 1.4180509797984437 1.4186784516978204 0.0009765625
42.407640000000001 42.427520000000001 1.4180235284363647 1.4186509797984439 0.0009765625
42.427520000000001 42.447400000000002 1.4179960975869796 1.4186235284363649 0.0009765625
42.447400000000002 42.467279999999995 1.4179686872257153 1.4185960975869798 0.0009765625
42.467279999999995 42.487159999999996 1.4179412973280483 1.4185686872257155 0.0009765625
42.487159999999996 42.507039999999996 1.4179139278694861 1.4185412973280485 0.0009765625
42.507039999999996 42.526919999999997 1.4178865788255877 1.4185139278694863 0.0009765625
42.526919999999997 42.546799999999998 1.4178592501719403 1.4184865788255878 0.0009765625
42.546799999999998 42.566679999999998 1.4178319418841858 1.4184592501719404 0.0009765625
42.566679999999998 42.586559999999999 1.4178046539379923 1.418431941884186 0.0009765625
42.586559999999999 42.606439999999999 1.4177773863090755 1.4184046539379924 0.0009765625
42.606439999999999 42.62632 1.4177501389731975 1.4183773863090756 0.0009765625
42.62632 42.646199999999993 1.4177229119061405 1.4183501389731976 0.0009765625
42.646199999999993 42.666079999999994 1.4176957050837511 1.4183229119061407 0.0009765625
42.666079999999994 42.685959999999994 1.4176685184819022 1.4182957050837512 0.0009765625
42.685959999999994 42.705839999999995 1.4176413520765028 1.4182685184819024 0.0009765625
42.705839999999995 42.725719999999995 1.4176142058435079 1.4182413520765029 0.0009765625
42.725719999999995 42.745599999999996 1.4175870797589183 1.4182142058435081 0.0009765625
42.745599999999996 42.765479999999997 1.4175599737981914 1.4181870797583491 0.0009765625
42.765479999999997 42.785359999999997 1.417532887939112 1.4181599737987582 0.0009765625
42.785359999999997 42.805239999999998 1.4175058221560861 1.4181328879391122 0.0009765625
42.805239999999998 42.825119999999998 1.4174787764258332 1.4181058221560863 0.0009765625
42.825119999999998 42.844999999999999 1.4174517507245421 1.4180787764258334 0.0009765625
42.844999999999999 42.864879999999999 1.4174247450284458 1.4180517507245423 0.0009765625
42.864879999999999 42.884759999999993 1.4173977593138132 1.418024745028446 0.0009765625
42.884759999999993 42.904639999999993 1.4173707935569502 1.4179977593138133 0.0009765625
42.904639999999993 42.924519999999994 1.4173438477342126 1.4179707935569503 0.0009765625
42.924519999999994 42.944399999999995 1.4173169218219739 1.4179438477342128 0.0009765625
42.944399999999995 42.964279999999995 1.417290015796671 1.417916921821974 0.0009765625
42.964279999999995 42.984159999999996 1.4172631296347529 1.4178900157966712 0.0009765625
42.984159999999996 43.004039999999996 1.4172362633127393 1.417863129634753 0.0009765625
43.004039999999996 43.023919999999997 1.417209416807157 1.4178362633127395 0.0009765625
43.023919999999997 43.043799999999997 1.4171825900945971 1.4178094168071571 0.0009765625
43.043799999999997 43.063679999999998 1.4171557831516561 1.4177825900945973 0.0009765625
43.063679999999998 43.083559999999999 1.4171289959550131 1.4177557831516563 0.0009765625
43.083559999999999 43.103439999999999 1.4171022284813493 1.4177289959550132 0.0009765625
43.103439999999999 43.12332 1.4170754807074006 1.4177022284813494 0.0009765625
43.12332 43.143199999999993 1.4170487526099382 1.4176754807074008 0.0009765625
43.143199999999993 43.163079999999994 1.4170220441657606 1.4176487526099384 0.0009765625
43.163079999999994 43.182959999999994 1.4169953553517249 1.4176220441657608 0.0009765625
43.182959999999994 43.202839999999995 1.4169686861447113 1.4175953553517251 0.0009765625
43.202839999999995 43.222719999999995 1.4169420365216348 1.4175686861447114 0.0009765625
43.222719999999995 43.242599999999996 1.4169154064594571 1.4175420365216349 0.0009765625
43.242599999999996 43.262479999999996 1.4168887959351841 1.4175154064594573 0.0009765625
43.262479999999996 43.282359999999997 1.4168622049258366 1.4174887959351843 0.0009765625
43.282359999999997 43.302239999999998 1.4168356334084902 1.4174622049258367 0.0009765625
43.302239999999998 43.322119999999998 1.4168090813602594 1.4174356334084903 0.0009765625
43.322119999999998 43.341999999999999 1.4167825487582815 1.4174090813602596 0.0009765625
43.341999999999999 43.361879999999999 1.4167560355797439 1.4173825487582816 0.0009765625
43.361879999999999 43.38176 1.4167295418018653 1.4173560355797441 0.0009765625
43.38176 43.40164 1.4167030674019028 1.4173295418018654 0.0009765625
43.40164 43.421519999999994 1.4166766123571433 1.4173030674019029 0.0009765625
43.421519999999994 43.441399999999994 1.4166501766449324 1.4172766123571434 0.0009765625
43.441399999999994 43.461279999999995 1.4166237602426288 1.4172501766449326 0.0009765625
43.461279999999995 43.481159999999996 1.4165973631276305 1.417223760242629 0.0009765625
43.481159999999996 43.501039999999996 1.4165709852773942 1.4171973631276307 0.0009765625
43.501039999999996 43.520919999999997 1.4165446266693813 1.4171709852773944 0.0009765625
43.520919999999997 43.540799999999997 1.4165182872811153 1.4171446266693815 0.0009765625
43.540799999999997 43.560679999999998 1.4164919670895759 1.4171182872805475 0.0009765625
43.560679999999998 43.580559999999998 1.416465666074056 1.4170919670901454 0.0009765625
43.580559999999998 43.600439999999999 1.4164393842104668 1.4170656660740562 0.0009765625
43.600439999999999 43.62032 1.4164131214770455 1.4170393842104669 0.0009765625
43.62032 43.6402 1.4163868778514725 1.4170131214770456 0.0009765625
43.6402 43.660080000000001 1.416360653311495 1.4169868778514727 0.0009765625
43.660080000000001 43.679959999999994 1.4163344478348685 1.4169606533114951 0.0009765625
43.679959999999994 43.699839999999995 1.4163082613994069 1.4169344478348687 0.0009765625
43.699839999999995 43.719719999999995 1.4162820939829364 1.4169082613994071 0.0009765625
43.719719999999995 43.739599999999996 1.4162559455633374 1.4168820939829365 0.0009765625
43.739599999999996 43.759479999999996 1.4162298161185196 1.4168559455633376 0.0009765625
43.759479999999996 43.779359999999997 1.4162037056264369 1.4168298161185198 0.0009765625
43.779359999999997 43.799239999999998 1.4161776140650477 1.4168037056264371 0.0009765625
43.799239999999998 43.819119999999998 1.416151541412392 1.4167776140650479 0.0009765625
43.819119999999998 43.838999999999999 1.4161254876465128 1.4167515414123921 0.0009765625
43.838999999999999 43.858879999999999 1.4160994527454909 1.416725487646513 0.0009765625
43.858879999999999 43.87876 1.4160734366874566 1.416699452745491 0.0009765625
43.87876 43.89864 1.4160474394505658 1.4166734366874567 0.0009765625
43.89864 43.918520000000001 1.4160214610130086 1.4166474394505659 0.0009765625
43.918520000000001 43.938400000000001 1.4159955013530134 1.4166214610130088 0.0009765625
43.938400000000001 43.958279999999995 1.4159695604488456 1.4165955013530136 0.0009765625
43.958279999999995 43.978159999999995 1.4159436382787971 1.4165695604488457 0.0009765625
43.978159999999995 43.998039999999996 1.4159177348212051 1.4165436382787973 0.0009765625
43.998039999999996 44.017919999999997 1.4158918500544335 1.4165177348212052 0.0009765625
44.017919999999997 44.037799999999997 1.4158659839568823 1.4164918500544337 0.0009765625
44.037799999999997 44.057679999999998 1.4158401365069904 1.4164659839568825 0.0009765625
44.057679999999998 44.077559999999998 1.4158143076832288 1.4164401365069905 0.0009765625
44.077559999999998 44.097439999999999 1.4157884974640935 1.416414307683229 0.0009765625
44.097439999999999 44.117319999999999 1.4157627058281403 1.4163884974640937 0.0009765625
44.117319999999999 44.1372 1.4157369327539233 1.4163627058281405 0.0009765625
44.1372 44.157080000000001 1.4157111782200642 1.4163369327539235 0.0009765625
44.157080000000001 44.176960000000001 1.4156854422051977 1.4163111782200644 0.0009765625
44.176960000000001 44.196840000000002 1.4156597246880038 1.4162854422051978 0.0009765625
44.196840000000002 44.216719999999995 1.415634025647188 1.416259724688004 0.0009765625
44.216719999999995 44.236599999999996 1.4156083450615 1.4162340256471881 0.0009765625
44.236599999999996 44.256479999999996 1.4155826829097122 1.4162083450615002 0.0009765625
44.256479999999996 44.276359999999997 1.4155570391706378 1.4161826829097124 0.0009765625
44.276359999999997 44.296239999999997 1.4155314138231216 1.416157039170638 0.0009765625
44.296239999999997 44.316119999999998 1.4155058068460391 1.4161314138231218 0.0009765625
44.316119999999998 44.335999999999999 1.4154802182183153 1.4161058068460393 0.0009765625
44.335999999999999 44.355879999999999 1.4154546479183152 1.416080218217749 0.0009765625
44.355879999999999 44.37576 1.4154290959267184 1.416054647918874 0.0009765625
44.37576 44.39564 1.4154035622208447 1.4160290959267186 0.0009765625
44.39564 44.415520000000001 1.4153780467803023 1.4160035622208449 0.0009765625
44.415520000000001 44.435400000000001 1.4153525495841799 1.4159780467803025 0.0009765625
44.435400000000001 44.455280000000002 1.4153270706115761 1.41595254958418 0.0009765625
44.455280000000002 44.475159999999995 1.4153016098416416 1.4159270706115763 0.0009765625
44.475159999999995 44.495039999999996 1.4152761672535554 1.4159016098416417 0.0009765625
44.495039999999996 44.514919999999996 1.4152507428265346 1.4158761672535556 0.0009765625
44.514919999999996 44.534799999999997 1.4152253365398151 1.4158507428265348 0.0009765625
44.534799999999997 44.554679999999998 1.4151999483726749 1.4158253365398152 0.0009765625
44.554679999999998 44.574559999999998 1.4151745783044334 1.4157999483726751 0.0009765625
44.574559999999998 44.594439999999999 1.4151492263144223 1.4157745783044335 0.0009765625
44.594439999999999 44.614319999999999 1.4151238923820206 1.4157492263144225 0.0009765625
44.614319999999999 44.6342 1.4150985764866411 1.4157238923820208 0.0009765625
44.6342 44.65408 1.4150732786077191 1.4156985764866412 0.0009765625
44.65408 44.673960000000001 1.4150479987247264 1.4156732786077193 0.0009765625
44.673960000000001 44.693840000000002 1.4150227368171731 1.4156479987247266 0.0009765625
44.693840000000002 44.713720000000002 1.4149974928645885 1.4156227368171732 0.0009765625
44.713720000000002 44.733599999999996 1.4149722668465499 1.4155974928645887 0.0009765625
44.733599999999996 44.753479999999996 1.4149470587426622 1.41557226684655 0.0009765625
44.753479999999996 44.773359999999997 1.4149218685325522 1.4155470587426624 0.0009765625
44.773359999999997 44.793239999999997 1.4148966961958864 1.4155218685325524 0.0009765625
44.793239999999997 44.813119999999998 1.4148715417123678 1.4154966961958866 0.0009765625
44.813119999999998 44.832999999999998 1.4148464050617193 1.415471541712368 0.0009765625
44.832999999999998 44.852879999999999 1.4148212862237111 1.4154464050617195 0.0009765625
44.852879999999999 44.87276 1.414796185178133 1.4154212862237112 0.0009765625
44.87276 44.89264 1.4147711019048155 1.4153961851781331 0.0009765625
44.89264 44.912520000000001 1.4147460363836084 1.4153711019048156 0.0009765625
44.912520000000001 44.932400000000001 1.4147209885943979 1.4153460363836086 0.0009765625
44.932400000000001 44.952280000000002 1.4146959585171162 1.415320988594398 0.0009765625
44.952280000000002 44.972160000000002 1.4146709461317004 1.4152959585171163 0.0009765625
44.972160000000002 44.992040000000003 1.4146459514181449 1.4152709461317006 0.0009765625
44.992040000000003 45.011919999999996 1.4146209743564631 1.415245951418145 0.0009765625
45.011919999999996 45.031799999999997 1.4145960149266961 1.4152209743564632 0.0009765625
45.031799999999997 45.051679999999998 1.4145710731089254 1.4151960149266962 0.0009765625
45.051679999999998 45.071559999999998 1.4145461488832589 1.4151710731089255 0.0009765625
45.071559999999998 45.091439999999999 1.4145212422298303 1.4151461488832591 0.0009765625
45.091439999999999 45.111319999999999 1.4144963531288131 1.4151212422298305 0.0009765625
45.111319999999999 45.1312 1.4144714815604109 1.4150963531288132 0.0009765625
45.1312 45.15108 1.4144466275042931 1.4150714815598484 0.0009765625
45.15108 45.170960000000001 1.4144217909424042 1.4150466275048572 0.0009765625
45.170960000000001 45.190840000000001 1.4143969718533613 1.4150217909424043 0.0009765625
45.190840000000001 45.210720000000002 1.4143721702180492 1.4149969718533615 0.0009765625
45.210720000000002 45.230600000000003 1.4143473860168085 1.4149721702180493 0.0009765625
45.230600000000003 45.250480000000003 1.4143226192300398 1.4149473860168087 0.0009765625
45.250480000000003 45.270359999999997 1.4142978698381607 1.4149226192300399 0.0009765625
45.270359999999997 45.290239999999997 1.4142731378216042 1.4148978698381609 0.0009765625
45.290239999999997 45.310119999999998 1.4142484231608627 1.4148731378216044 0.0009765625
45.310119999999998 45.329999999999998 1.4142237258364396 1.4148484231608629 0.0009765625
45.329999999999998 45.349879999999999 1.4141990458288634 1.4148237258364398 0.0009765625
45.349879999999999 45.369759999999999 1.4141743831187132 1.4147990458288635 0.0009765625
45.369759999999999 45.38964 1.414149737686583 1.4147743831187134 0.0009765625
45.38964 45.409520000000001 1.4141251095131029 1.4147497376865832 0.0009765625
45.409520000000001 45.429400000000001 1.4141004985789307 1.414725109513103 0.0009765625
45.429400000000001 45.449280000000002 1.4140759048647606 1.4147004985789309 0.0009765625
45.449280000000002 45.469160000000002 1.4140513283512981 1.4146759048647608 0.0009765625
45.469160000000002 45.489040000000003 1.4140267690193014 1.4146513283512983 0.0009765625
45.489040000000003 45.508920000000003 1.4140022268495418 1.4146267690193015 0.0009765625
45.508920000000003 45.528800000000004 1.4139777018228401 1.414602226849542 0.0009765625
45.528800000000004 45.548679999999997 1.4139531939200194 1.4145777018228403 0.0009765625
45.548679999999997 45.568559999999998 1.4139287031219565 1.4145531939200195 0.0009765625
45.568559999999998 45.588439999999999 1.4139042294095441 1.4145287031219567 0.0009765625
45.588439999999999 45.608319999999999 1.4138797727637058 1.4145042294095442 0.0009765625
45.608319999999999 45.6282 1.4138553331654056 1.414479772763706 0.0009765625
45.6282 45.64808 1.4138309105956246 1.4144553331654057 0.0009765625
45.64808 45.667960000000001 1.4138065050353767 1.4144309105956248 0.0009765625
45.667960000000001 45.687840000000001 1.413782116465701 1.4144065050353769 0.0009765625
45.687840000000001 45.707720000000002 1.4137577448676804 1.4143821164657011 0.0009765625
45.707720000000002 45.727600000000002 1.4137333902224141 1.4143577448676805 0.0009765625
45.727600000000002 45.747480000000003 1.4137090525110345 1.4143333902224142 0.0009765625
45.747480000000003 45.767360000000004 1.4136847317146921 1.4143090525110347 0.0009765625
45.767360000000004 45.787240000000004 1.4136604278145937 1.4142847317146923 0.0009765625
45.787240000000004 45.807119999999998 1.4136361407919427 1.4142604278145938 0.0009765625
45.807119999999998 45.826999999999998 1.4136118706279936 1.4142361407919428 0.0009765625
45.826999999999998 45.846879999999999 1.413587617304022 1.4142118706279938 0.0009765625
45.846879999999999 45.866759999999999 1.4135633808013317 1.4141876173040222 0.0009765625
45.866759999999999 45.88664 1.4135391611012591 1.4141633808013319 0.0009765625
45.88664 45.90652 1.4135149581851647 1.4141391611012593 0.0009765625
45.90652 45.926400000000001 1.4134907720344325 1.4141149581851649 0.0009765625
45.926400000000001 45.946280000000002 1.4134666026299334 1.4140907720338729 0.0009765625
45.946280000000002 45.966160000000002 1.4134424499547922 1.4140666026304975 0.0009765625
45.966160000000002 45.986040000000003 1.4134183139888048 1.4140424499547923 0.0009765625
45.986040000000003 46.005920000000003 1.4133941947140316 1.414018313988805 0.0009765625
46.005920000000003 46.025800000000004 1.4133700921120127 1.4139941947140318 0.0009765625
46.025800000000004 46.045680000000004 1.4133460061643057 1.4139700921120129 0.0009765625
46.045680000000004 46.065559999999998 1.4133219368525025 1.4139460061643059 0.0009765625
46.065559999999998 46.085439999999998 1.4132978841582178 1.4139219368525027 0.0009765625
46.085439999999998 46.105319999999999 1.4132738480630986 1.4138978841582179 0.0009765625
46.105319999999999 46.1252 1.413249828548824 1.4138738480630988 0.0009765625
46.1252 46.14508 1.4132258255970933 1.4138498285488241 0.0009765625
46.14508 46.164960000000001 1.4132018391896268 1.4138258255970935 0.0009765625
46.164960000000001 46.184840000000001 1.4131778693081907 1.413801839189627 0.0009765625
46.184840000000001 46.204720000000002 1.413153915934579 1.4137778693081908 0.0009765625
46.204720000000002 46.224600000000002 1.41312997905059 1.4137539159345791 0.0009765625
46.224600000000002 46.244480000000003 1.4131060586380773 1.4137299790505902 0.0009765625
46.244480000000003 46.264360000000003 1.4130821546789005 1.4137060586380774 0.0009765625
46.264360000000003 46.284240000000004 1.4130582671549619 1.4136821546789007 0.0009765625
46.284240000000004 46.304120000000005 1.413034396048177 1.413658267154962 0.0009765625
46.304120000000005 46.323999999999998 1.4130105413405114 1.4136343960481772 0.0009765625
46.323999999999998 46.343879999999999 1.4129867030139291 1.4136105413405116 0.0009765625
46.343879999999999 46.363759999999999 1.4129628810504491 1.4135867030139293 0.0009765625
46.363759999999999 46.38364 1.4129390754320952 1.4135628810504492 0.0009765625
46.38364 46.40352 1.412915286140934 1.4135390754320953 0.0009765625
46.40352 46.423400000000001 1.4128915131590574 1.4135152861409341 0.0009765625
46.423400000000001 46.443280000000001 1.4128677564685774 1.4134915131590575 0.0009765625
46.443280000000001 46.463160000000002 1.4128440160516242 1.4134677564685776 0.0009765625
46.463160000000002 46.483040000000003 1.4128202918903852 1.4134440160516244 0.0009765625
46.483040000000003 46.502920000000003 1.4127965839670587 1.4134202918903853 0.0009765625
46.502920000000003 46.522800000000004 1.4127728922638538 1.4133965839670588 0.0009765625
46.522800000000004 46.542680000000004 1.4127492167630227 1.413372892263854 0.0009765625
46.542680000000004 46.562560000000005 1.412725557446852 1.4133492167630228 0.0009765625
46.562560000000005 46.582440000000005 1.412701914297646 1.4133255574468522 0.0009765625
46.582440000000005 46.602319999999999 1.4126782872977306 1.4133019142976462 0.0009765625
46.602319999999999 46.622199999999999 1.4126546764294683 1.4132782872977308 0.0009765625
46.622199999999999 46.64208 1.4126310816752337 1.4132546764294684 0.0009765625
46.64208 46.661960000000001 1.4126075030174496 1.4132310816752338 0.0009765625
46.661960000000001 46.681840000000001 1.4125839404385416 1.4132075030174498 0.0009765625
46.681840000000001 46.701720000000002 1.4125603939209859 1.4131839404385418 0.0009765625
46.701720000000002 46.721600000000002 1.4125368634472666 1.413160393920986 0.0009765625
46.721600000000002 46.741480000000003 1.4125133489993467 1.4131368634467079 0.0009765625
46.741480000000003 46.761360000000003 1.4124898505614427 1.4131133489999068 0.0009765625
46.761360000000003 46.781240000000004 1.412466368114446 1.4130898505614429 0.0009765625
46.781240000000004 46.801120000000004 1.4124429016415105 1.4130663681144462 0.0009765625
46.801120000000004 46.820999999999998 1.4124194511252646 1.4130429016415107 0.0009765625
46.820999999999998 46.840879999999999 1.4123960165483553 1.4130194511252647 0.0009765625
46.840879999999999 46.860759999999999 1.4123725978934507 1.4129960165483555 0.0009765625
46.860759999999999 46.88064 1.4123491951432612 1.4129725978934509 0.0009765625
46.88064 46.90052 1.4123258082805044 1.4129491951432613 0.0009765625
46.90052 46.920400000000001 1.4123024372879354 1.4129258082805045 0.0009765625
46.920400000000001 46.940280000000001 1.4122790821483351 1.4129024372879355 0.0009765625
46.940280000000001 46.960160000000002 1.4122557428445073 1.4128790821483352 0.0009765625
46.960160000000002 46.980040000000002 1.4122324193592759 1.4128557428445074 0.0009765625
46.980040000000002 46.999920000000003 1.4122091116755058 1.4128324193592761 0.0009765625
46.999920000000003 47.019800000000004 1.4121858197760757 1.4128091116755059 0.0009765625
47.019800000000004 47.039679999999997 1.4121625436438845 1.4127858197760759 0.0009765625
47.039679999999997 47.059559999999998 1.4121392832618771 1.4127625436438846 0.0009765625
47.059559999999998 47.079439999999998 1.4121160386129994 1.4127392832618773 0.0009765625
47.079439999999998 47.099319999999999 1.4120928096802525 1.4127160386129995 0.0009765625
47.099319999999999 47.119199999999999 1.4120695964466361 1.4126928096802527 0.0009765625
47.119199999999999 47.13908 1.4120463988951717 1.4126695964466363 0.0009765625
47.13908 47.15896 1.4120232170089404 1.4126463988951719 0.0009765625
47.15896 47.178840000000001 1.41200005077102 1.4126232170089406 0.0009765625
47.178840000000001 47.198720000000002 1.4119769001645193 1.4126000507710201 0.0009765625
47.198720000000002 47.218599999999995 1.4119537651725749 1.4125769001645194 0.0009765625
47.218599999999995 47.238479999999996 1.4119306457783489 1.412553765172575 0.0009765625
47.238479999999996 47.258359999999996 1.4119075419650216 1.4125306457783491 0.0009765625
47.258359999999996 47.278239999999997 1.4118844537158133 1.4125075419650217 0.0009765625
47.278239999999997 47.298119999999997 1.4118613810139569 1.4124844537158134 0.0009765625
47.298119999999997 47.317999999999998 1.411838323842709 1.412461381013957 0.0009765625
47.317999999999998 47.337879999999998 1.4118152821853627 1.4124383238427092 0.0009765625
47.337879999999998 47.357759999999999 1.4117922560252245 1.4124152821853628 0.0009765625
47.357759999999999 47.37764 1.4117692453456347 1.4123922560252247 0.0009765625
47.37764 47.39752 1.4117462501299505 1.4123692453456349 0.0009765625
47.39752 47.417400000000001 1.4117232703615565 1.4123462501299506 0.0009765625
47.417400000000001 47.437279999999994 1.4117003060238629 1.4123232703615567 0.0009765625
47.437279999999994 47.457159999999995 1.4116773571003034 1.412300306023863 0.0009765625
47.457159999999995 47.477039999999995 1.4116544235743445 1.4122773571003036 0.0009765625
47.477039999999995 47.496919999999996 1.4116315054294644 1.4122544235743446 0.0009765625
47.496919999999996 47.516799999999996 1.4116086026491732 1.4122315054294645 0.0009765625
47.516799999999996 47.536679999999997 1.4115857152164375 1.4122086026486154 0.0009765625
47.536679999999997 47.556559999999998 1.411562843116505 1.412185715217003 0.0009765625
47.556559999999998 47.576439999999998 1.4115399863312723 1.4121628431165052 0.0009765625
47.576439999999998 47.596319999999999 1.4115171448449046 1.4121399863312725 0.0009765625
47.596319999999999 47.616199999999999 1.4114943186410371 1.4121171448449048 0.0009765625
47.616199999999999 47.63608 1.4114715077033126 1.4120943186410373 0.0009765625
47.63608 47.655959999999993 1.4114487120154215 1.4120715077033128 0.0009765625
47.655959999999993 47.675839999999994 1.4114259315610629 1.4120487120154217 0.0009765625
47.675839999999994 47.695719999999994 1.4114031663239588 1.412025931561063 0.0009765625
47.695719999999994 47.715599999999995 1.4113804162878667 1.4120031663239589 0.0009765625
47.715599999999995 47.735479999999995 1.4113576814365643 1.4119804162878669 0.0009765625
47.735479999999995 47.755359999999996 1.4113349617538395 1.4119576814365644 0.0009765625
47.755359999999996 47.775239999999997 1.4113122572235213 1.4119349617538397 0.0009765625
47.775239999999997 47.795119999999997 1.4112895678294524 1.4119122572235214 0.0009765625
47.795119999999997 47.814999999999998 1.4112668935555144 1.4118895678294525 0.0009765625
47.814999999999998 47.834879999999998 1.4112442343855924 1.4118668935555145 0.0009765625
47.834879999999998 47.854759999999999 1.4112215903036021 1.4118442343855926 0.0009765625
47.854759999999999 47.874639999999999 1.411198961293491 1.4118215903036022 0.0009765625
47.874639999999999 47.89452 1.4111763473392254 1.4117989612934911 0.0009765625
47.89452 47.914400000000001 1.4111537484247936 1.4117763473392255 0.0009765625
47.914400000000001 47.934279999999994 1.4111311645342002 1.4117537484247937 0.0009765625
47.934279999999994 47.954159999999995 1.4111085956514875 1.4117311645342003 0.0009765625
47.954159999999995 47.974039999999995 1.411086041760713 1.4117085956514877 0.0009765625
47.974039999999995 47.993919999999996 1.4110635028459646 1.4116860417607131 0.0009765625
47.993919999999996 48.013799999999996 1.4110409788913423 1.4116635028459648 0.0009765625
48.013799999999996 48.033679999999997 1.4110184698809785 1.4116409788913424 0.0009765625
48.033679999999997 48.053559999999997 1.4109959757990278 1.4116184698809786 0.0009765625
48.053559999999997 48.073439999999998 1.4109734966296612 1.411595975799028 0.0009765625
48.073439999999998 48.093319999999999 1.4109510323570806 1.4115734966296614 0.0009765625
48.093319999999999 48.113199999999999 1.4109285829655116 1.4115510323570808 0.0009765625
48.113199999999999 48.13308 1.4109061484391878 1.4115285829655118 0.0009765625
48.13308 48.15296 1.4108837287623972 1.411506148439188 0.0009765625
48.15296 48.172840000000001 1.4108613239194157 1.4114837287623974 0.0009765625
48.172840000000001 48.192719999999994 1.4108389338945693 1.4114613239194158 0.0009765625
48.192719999999994 48.212599999999995 1.4108165586721784 1.4114389338945694 0.0009765625
48.212599999999995 48.232479999999995 1.410794198236621 1.4114165586721785 0.0009765625
48.232479999999995 48.252359999999996 1.4107718525722768 1.4113941982366212 0.0009765625
48.252359999999996 48.272239999999996 1.4107495216635411 1.4113718525722769 0.0009765625
48.272239999999996 48.292119999999997 1.4107272054948539 1.4113495216635412 0.0009765625
48.292119999999997 48.311999999999998 1.4107049040506645 1.411327205494854 0.0009765625
48.311999999999998 48.331879999999998 1.4106826173148919 1.4113049040501109 0.0009765625
48.331879999999998 48.351759999999999 1.4106603452736983 1.4112826173154454 0.0009765625
48.351759999999999 48.371639999999999 1.4106380879099347 1.4112603452736985 0.0009765625
48.371639999999999 48.39152 1.4106158452086965 1.4112380879099349 0.0009765625
48.39152 48.4114 1.4105936171545579 1.4112158452086967 0.0009765625
48.4114 48.431280000000001 1.4105714037321004 1.411193617154558 0.0009765625
48.431280000000001 48.451159999999994 1.4105492049259321 1.4111714037321006 0.0009765625
48.451159999999994 48.471039999999995 1.410527020720687 1.4111492049259322 0.0009765625
48.471039999999995 48.490919999999996 1.4105048511010219 1.4111270207206872 0.0009765625
48.490919999999996 48.510799999999996 1.4104826960516037 1.411104851101022 0.0009765625
48.510799999999996 48.530679999999997 1.4104605555571452 1.4110826960516039 0.0009765625
48.530679999999997 48.550559999999997 1.41043842960236 1.4110605555571454 0.0009765625
48.550559999999997 48.570439999999998 1.4104163181719818 1.4110384296023601 0.0009765625
48.570439999999998 48.590319999999998 1.4103942212507945 1.4110163181719819 0.0009765625
48.590319999999998 48.610199999999999 1.4103721388235684 1.4109942212507947 0.0009765625
48.610199999999999 48.63008 1.4103500708751273 1.4109721388235685 0.0009765625
48.63008 48.64996 1.4103280173902919 1.4109500708751275 0.0009765625
48.64996 48.669840000000001 1.4103059783539262 1.4109280173902921 0.0009765625
48.669840000000001 48.689720000000001 1.4102839537508958 1.4109059783539264 0.0009765625
48.689720000000001 48.709599999999995 1.410261943566099 1.4108839537508959 0.0009765625
48.709599999999995 48.729479999999995 1.4102399477844616 1.4108619435660992 0.0009765625
48.729479999999995 48.749359999999996 1.4102179663909216 1.4108399477844618 0.0009765625
48.749359999999996 48.769239999999996 1.4101959993704349 1.4108179663909217 0.0009765625
48.769239999999996 48.789119999999997 1.410174046707998 1.4107959993704351 0.0009765625
48.789119999999997 48.808999999999997 1.4101521083886093 1.4107740467079981 0.0009765625
48.808999999999997 48.828879999999998 1.4101301843972986 1.4107521083886094 0.0009765625
48.828879999999998 48.848759999999999 1.4101082747191138 1.4107301843972988 0.0009765625
48.848759999999999 48.868639999999999 1.4100863793391307 1.410708274719114 0.0009765625
48.868639999999999 48.88852 1.4100644982424342 1.4106863793391309 0.0009765625
48.88852 48.9084 1.4100426314141461 1.4106644982424343 0.0009765625
48.9084 48.928280000000001 1.410020778839395 1.4106426314141463 0.0009765625
48.928280000000001 48.948160000000001 1.4099989405033462 1.4106207788393952 0.0009765625
48.948160000000001 48.968040000000002 1.4099771163911672 1.4105989405033463 0.0009765625
48.968040000000002 48.987919999999995 1.4099553064880694 1.4105771163911673 0.0009765625
48.987919999999995 49.007799999999996 1.4099335107792601 1.4105553064880696 0.0009765625
49.007799999999996 49.027679999999997 1.4099117292499945 1.4105335107792603 0.0009765625
49.027679999999997 49.047559999999997 1.4098899618855312 1.4105117292499947 0.0009765625
49.047559999999997 49.067439999999998 1.409868208671154 1.4104899618855313 0.0009765625
49.067439999999998 49.087319999999998 1.40984646959216 1.4104682086711542 0.0009765625
49.087319999999998 49.107199999999999 1.4098247446338938 1.4104464695921601 0.0009765625
49.107199999999999 49.127079999999999 1.4098030337811325 1.4104247446333347 0.0009765625
49.127079999999999 49.14696 1.4097813370209265 1.4104030337816944 0.0009765625
49.14696 49.166840000000001 1.409759654336987 1.4103813370209266 0.0009765625
49.166840000000001 49.186720000000001 1.409737985715281 1.4103596543369872 0.0009765625
49.186720000000001 49.206600000000002 1.4097163311412433 1.4103379857152811 0.0009765625
49.206600000000002 49.226480000000002 1.4096946906003265 1.4103163311412434 0.0009765625
49.226480000000002 49.246359999999996 1.4096730640780035 1.4102946906003266 0.0009765625
49.246359999999996 49.266239999999996 1.4096514515597676 1.4102730640780037 0.0009765625
49.266239999999996 49.286119999999997 1.4096298530311375 1.4102514515597677 0.0009765625
49.286119999999997 49.305999999999997 1.4096082684776421 1.4102298530311377 0.0009765625
49.305999999999997 49.325879999999998 1.4095866978848475 1.4102082684776422 0.0009765625
49.325879999999998 49.345759999999999 1.4095651412383174 1.4101866978848476 0.0009765625
49.345759999999999 49.365639999999999 1.4095435985236602 1.4101651412383176 0.0009765625
49.365639999999999 49.38552 1.409522069726495 1.4101435985236603 0.0009765625
49.38552 49.4054 1.4095005548324526 1.4101220697264951 0.0009765625
49.4054 49.425280000000001 1.4094790538271964 1.4101005548324528 0.0009765625
49.425280000000001 49.445160000000001 1.4094575666964029 1.4100790538271966 0.0009765625
49.445160000000001 49.465040000000002 1.4094360934257757 1.410057566696403 0.0009765625
49.465040000000002 49.484920000000002 1.4094146340010378 1.4100360934257758 0.0009765625
49.484920000000002 49.504800000000003 1.4093931884079227 1.410014634001038 0.0009765625
49.504800000000003 49.524679999999996 1.4093717566321975 1.4099931884079229 0.0009765625
49.524679999999996 49.544559999999997 1.4093503386596387 1.4099717566321976 0.0009765625
49.544559999999997 49.564439999999998 1.4093289344760496 1.4099503386596388 0.0009765625
49.564439999999998 49.584319999999998 1.4093075440672629 1.4099289344760497 0.0009765625
49.584319999999998 49.604199999999999 1.4092861674190997 1.409907544067263 0.0009765625
49.604199999999999 49.624079999999999 1.4092648045174352 1.4098861674190999 0.0009765625
49.624079999999999 49.64396 1.4092434553481523 1.4098648045174353 0.0009765625
49.64396 49.66384 1.4092221198971442 1.4098434553481525 0.0009765625
49.66384 49.683720000000001 1.4092007981503425 1.4098221198971443 0.0009765625
49.683720000000001 49.703600000000002 1.409179490093686 1.4098007981503426 0.0009765625
49.703600000000002 49.723480000000002 1.4091581957131363 1.4097794900936862 0.0009765625
49.723480000000002 49.743360000000003 1.4091369149946706 1.4097581957131364 0.0009765625
49.743360000000003 49.763240000000003 1.4091156479243034 1.4097369149946708 0.0009765625
49.763240000000003 49.783119999999997 1.4090943944880432 1.4097156479243036 0.0009765625
49.783119999999997 49.802999999999997 1.4090731546719393 1.4096943944880433 0.0009765625
49.802999999999997 49.822879999999998 1.4090519284620477 1.4096731546719394 0.0009765625
49.822879999999998 49.842759999999998 1.4090307158444553 1.4096519284620479 0.0009765625
49.842759999999998 49.862639999999999 1.409009516805253 1.4096307158444554 0.0009765625
49.862639999999999 49.88252 1.4089883313305807 1.4096095168052531 0.0009765625
49.88252 49.9024 1.4089671594065556 1.4095883313305808 0.0009765625
49.9024 49.922280000000001 1.4089460010187904 1.4095671594059935 0.0009765625
49.922280000000001 49.942160000000001 1.4089248561551342 1.4095460010193486 0.0009765625
49.942160000000001 49.962040000000002 1.4089037248001173 1.4095248561551343 0.0009765625
49.962040000000002 49.981920000000002 1.4088826069405087 1.4095037248001174 0.0009765625
49.981920000000002 50.001800000000003 1.4088615025625539 1.4094826069405089 0.0009765625
50.001800000000003 50.021680000000003 1.4088404116525 1.4094615025625541 0.0009765625
50.021680000000003 50.041559999999997 1.4088193341966302 1.4094404116525001 0.0009765625
50.041559999999997 50.061439999999997 1.4087982701812416 1.4094193341966303 0.0009765625
50.061439999999997 50.081319999999998 1.4087772195926449 1.4093982701812418 0.0009765625
50.081319999999998 50.101199999999999 1.4087561824171753 1.4093772195926451 0.0009765625
50.101199999999999 50.121079999999999 1.4087351586411789 1.4093561824171754 0.0009765625
50.121079999999999 50.14096 1.4087141482510441 1.4093351586411791 0.0009765625
50.14096 50.16084 1.4086931512331458 1.4093141482510443 0.0009765625
50.16084 50.180720000000001 1.4086721675739065 1.4092931512331459 0.0009765625
50.180720000000001 50.200600000000001 1.4086511972597544 1.4092721675739066 0.0009765625
50.200600000000001 50.220480000000002 1.4086302402771338 1.4092511972597546 0.0009765625
50.220480000000002 50.240360000000003 1.4086092966125139 1.4092302402771339 0.0009765625
50.240360000000003 50.260240000000003 1.4085883662523806 1.409209296612514 0.0009765625
50.260240000000003 50.280120000000004 1.4085674491832483 1.4091883662523808 0.0009765625
50.280120000000004 50.299999999999997 1.4085465453916324 1.4091674491832484 0.0009765625
50.299999999999997 50.319879999999998 1.4085256548640808 1.4091465453916325 0.0009765625
50.319879999999998 50.339759999999998 1.4085047775871558 1.4091256548640809 0.0009765625
50.339759999999998 50.359639999999999 1.4084839135474305 1.4091047775871559 0.0009765625
50.359639999999999 50.379519999999999 1.4084630627315191 1.4090839135474307 0.0009765625
50.379519999999999 50.3994 1.4084422251260367 1.4090630627315193 0.0009765625
50.3994 50.419280000000001 1.4084214007176146 1.4090422251260368 0.0009765625
50.419280000000001 50.439160000000001 1.4084005894929112 1.4090214007176147 0.0009765625
50.439160000000001 50.459040000000002 1.4083797914386049 1.4090005894929114 0.0009765625
50.459040000000002 50.478920000000002 1.4083590065413845 1.4089797914386051 0.0009765625
50.478920000000002 50.498800000000003 1.4083382347879656 1.4089590065413846 0.0009765625
50.498800000000003 50.518680000000003 1.4083174761650807 1.4089382347879658 0.0009765625
50.518680000000003 50.538560000000004 1.4082967306594776 1.4089174761650809 0.0009765625
50.538560000000004 50.558440000000004 1.4082759982579187 1.4088967306594777 0.0009765625
50.558440000000004 50.578319999999998 1.4082552789471985 1.4088759982579189 0.0009765625
50.578319999999998 50.598199999999999 1.4082345727141172 1.4088552789471986 0.0009765625
50.598199999999999 50.618079999999999 1.4082138795454937 1.4088345727141174 0.0009765625
50.618079999999999 50.63796 1.4081931994281798 1.4088138795454939 0.0009765625
50.63796 50.65784 1.4081725323490286 1.4087931994281799 0.0009765625
50.65784 50.677720000000001 1.4081518782949167 1.4087725323490288 0.0009765625
50.677720000000001 50.697600000000001 1.4081312372527381 1.4087518782949169 0.0009765625
50.697600000000001 50.717480000000002 1.4081106092088611 1.4087312372521861 0.0009765625
50.717480000000002 50.737360000000002 1.4080899941518783 1.4087106092094182 0.0009765625
50.737360000000002 50.757240000000003 1.4080693920670768 1.4086899941518785 0.0009765625
50.757240000000003 50.777120000000004 1.4080488029419733 1.408669392067077 0.0009765625
50.777120000000004 50.797000000000004 1.4080282267635675 1.4086488029419735 0.0009765625
50.797000000000004 50.816880000000005 1.4080076635188545 1.4086282267635677 0.0009765625
50.816880000000005 50.836759999999998 1.4079871131948594 1.4086076635188547 0.0009765625
50.836759999999998 50.856639999999999 1.4079665757786253 1.4085871131948595 0.0009765625
50.856639999999999 50.876519999999999 1.4079460512572084 1.4085665757786254 0.0009765625
50.876519999999999 50.8964 1.4079255396176951 1.4085460512572086 0.0009765625
50.8964 50.91628 1.4079050408471667 1.4085255396176952 0.0009765625
50.91628 50.936160000000001 1.4078845549327414 1.4085050408471669 0.0009765625
50.936160000000001 50.956040000000002 1.4078640818615498 1.4084845549327416 0.0009765625
50.956040000000002 50.975920000000002 1.4078436216207402 1.4084640818615499 0.0009765625
50.975920000000002 50.995800000000003 1.4078231741974809 1.4084436216207403 0.0009765625
50.995800000000003 51.015680000000003 1.4078027395789532 1.4084231741974811 0.0009765625
51.015680000000003 51.035560000000004 1.4077823177523601 1.4084027395789533 0.0009765625
51.035560000000004 51.055440000000004 1.407761908704922 1.4083823177523602 0.0009765625
51.055440000000004 51.075320000000005 1.4077415124238708 1.4083619087049222 0.0009765625
51.075320000000005 51.095200000000006 1.4077211288964657 1.408341512423871 0.0009765625
51.095200000000006 51.115079999999999 1.4077007581099805 1.4083211288964659 0.0009765625
51.115079999999999 51.13496 1.4076804000516889 1.4083007581099807 0.0009765625
51.13496 51.15484 1.4076600547089237 1.4082804000516891 0.0009765625
51.15484 51.174720000000001 1.4076397220689982 1.4082600547089239 0.0009765625
51.174720000000001 51.194600000000001 1.4076194021192467 1.4082397220689984 0.0009765625
51.194600000000001 51.214480000000002 1.407599094847038 1.4082194021192469 0.0009765625
51.214480000000002 51.234360000000002 1.4075788002397442 1.4081990948470382 0.0009765625
51.234360000000002 51.254240000000003 1.4075585182847616 1.4081788002397444 0.0009765625
51.254240000000003 51.274120000000003 1.4075382489695014 1.4081585182847618 0.0009765625
51.274120000000003 51.294000000000004 1.4075179922813947 1.4081382489695016 0.0009765625
51.294000000000004 51.313880000000005 1.4074977482078914 1.4081179922813949 0.0009765625
51.313880000000005 51.333760000000005 1.4074775167364448 1.4080977482078916 0.0009765625
51.333760000000005 51.353640000000006 1.407457297854539 1.408077516736445 0.0009765625
51.353640000000006 51.373519999999999 1.4074370915496757 1.4080572978545391 0.0009765625
51.373519999999999 51.3934 1.4074168978093686 1.4080370915496758 0.0009765625
51.3934 51.41328 1.4073967166211498 1.4080168978093688 0.0009765625
51.41328 51.433160000000001 1.4073765479725688 1.40799671662115 0.0009765625
51.433160000000001 51.453040000000001 1.4073563918511884 1.407976547972569 0.0009765625
51.453040000000001 51.472920000000002 1.4073362482446026 1.4079563918511886 0.0009765625
51.472920000000002 51.492800000000003 1.4073161171403927 1.4079362482446027 0.0009765625
51.492800000000003 51.512680000000003 1.4072959985256392 1.4079161171398373 0.0009765625
51.512680000000003 51.532560000000004 1.4072758923896309 1.4078959985261918 0.0009765625
51.532560000000004 51.552440000000004 1.4072557987183587 1.4078758923896311 0.0009765625
51.552440000000004 51.572320000000005 1.4072357175000503 1.4078557987183589 0.0009765625
51.572320000000005 51.592200000000005 1.4072156487223806 1.4078357175000504 0.0009765625
51.592200000000005 51.612079999999999 1.4071955923730601 1.4078156487223807 0.0009765625
51.612079999999999 51.631959999999999 1.4071755484397996 1.4077955923730603 0.0009765625
51.631959999999999 51.65184 1.4071555169103402 1.4077755484397998 0.0009765625
51.65184 51.671720000000001 1.4071354977724322 1.4077555169103404 0.0009765625
51.671720000000001 51.691600000000001 1.407115491013845 1.4077354977724323 0.0009765625
51.691600000000001 51.711480000000002 1.4070954966223637 1.4077154910138452 0.0009765625
51.711480000000002 51.731360000000002 1.4070755145857898 1.4076954966223638 0.0009765625
51.731360000000002 51.751240000000003 1.4070555448919433 1.40767551458579 0.0009765625
51.751240000000003 51.771120000000003 1.40703558752866 1.4076555448919434 0.0009765625
51.771120000000003 51.790999999999997 1.4070156424837932 1.4076355875286601 0.0009765625
51.790999999999997 51.810879999999997 1.4069957097452033 1.4076156424837933 0.0009765625
51.810879999999997 51.830759999999998 1.406975789300787 1.4075957097452034 0.0009765625
51.830759999999998 51.850639999999999 1.4069558811384386 1.4075757893007872 0.0009765625
51.850639999999999 51.870519999999999 1.4069359852460763 1.4075558811384388 0.0009765625
51.870519999999999 51.8904 1.4069161016116358 1.4075359852460765 0.0009765625
51.8904 51.91028 1.4068962302230748 1.407516101611636 0.0009765625
51.91028 51.930160000000001 1.4068763710683443 1.4074962302230749 0.0009765625
51.930160000000001 51.950040000000001 1.4068565241354425 1.4074763710683444 0.0009765625
51.950040000000001 51.969920000000002 1.4068366894123627 1.4074565241354426 0.0009765625
51.969920000000002 51.989800000000002 1.4068168668871184 1.4074366894123629 0.0009765625
51.989800000000002 52.009679999999996 1.406797056547751 1.4074168668871185 0.0009765625
52.009679999999996 52.029559999999996 1.4067772583823046 1.4073970565477512 0.0009765625
52.029559999999996 52.049439999999997 1.4067574723788387 1.4073772583823048 0.0009765625
52.049439999999997 52.069319999999998 1.4067376985254421 1.4073574723788389 0.0009765625
52.069319999999998 52.089199999999998 1.4067179368102072 1.4073376985254422 0.0009765625
52.089199999999998 52.109079999999999 1.4066981872212476 1.4073179368102073 0.0009765625
52.109079999999999 52.128959999999999 1.40667844974669 1.4072981872212478 0.0009765625
52.128959999999999 52.14884 1.4066587243746906 1.4072784497466901 0.0009765625
52.14884 52.16872 1.4066390110934031 1.4072587243746908 0.0009765625
52.16872 52.188599999999994 1.4066193098909971 1.4072390110934032 0.0009765625
52.188599999999994 52.208479999999994 1.406599620755675 1.4072193098909973 0.0009765625
52.208479999999994 52.228359999999995 1.4065799436756525 1.4071996207556752 0.0009765625
52.228359999999995 52.248239999999996 1.4065602786391393 1.4071799436756527 0.0009765625
52.248239999999996 52.268119999999996 1.406540625634388 1.4071602786391395 0.0009765625
52.268119999999996 52.287999999999997 1.4065209846496525 1.4071406256343881 0.0009765625
52.287999999999997 52.307879999999997 1.4065013556726449 1.4071209846490997 0.0009765625
52.307879999999997 52.327759999999998 1.4064817386933293 1.4071013556732015 0.0009765625
52.327759999999998 52.347639999999998 1.4064621336983369 1.4070817386933294 0.0009765625
52.347639999999998 52.367519999999999 1.4064425406765479 1.4070621336983371 0.0009765625
52.367519999999999 52.3874 1.4064229596162903 1.4070425406765481 0.0009765625
52.3874 52.40728 1.4064033905059286 1.4070229596162904 0.0009765625
52.40728 52.427159999999994 1.4063838333338148 1.4070033905059287 0.0009765625
52.427159999999994 52.447039999999994 1.4063642880883449 1.4069838333338149 0.0009765625
52.447039999999994 52.466919999999995 1.4063447547579091 1.4069642880883451 0.0009765625
52.466919999999995 52.486799999999995 1.4063252333309277 1.4069447547579093 0.0009765625
52.486799999999995 52.506679999999996 1.4063057237958267 1.4069252333309279 0.0009765625
52.506679999999996 52.526559999999996 1.4062862261410467 1.4069057237958269 0.0009765625
52.526559999999996 52.546439999999997 1.4062667403550591 1.4068862261410469 0.0009765625
52.546439999999997 52.566319999999997 1.4062472664263308 1.4068667403550592 0.0009765625
52.566319999999997 52.586199999999998 1.4062278043433565 1.406847266426331 0.0009765625
52.586199999999998 52.606079999999999 1.4062083540946448 1.4068278043433566 0.0009765625
52.606079999999999 52.625959999999999 1.4061889156687153 1.406808354094645 0.0009765625
52.625959999999999 52.64584 1.4061694890541112 1.4067889156687154 0.0009765625
52.64584 52.66572 1.4061500742393751 1.4067694890541114 0.0009765625
52.66572 52.685599999999994 1.4061306712130905 1.4067500742393753 0.0009765625
52.685599999999994 52.705479999999994 1.4061112799638302 1.4067306712130907 0.0009765625
52.705479999999994 52.725359999999995 1.4060919004801913 1.4067112799638304 0.0009765625
52.725359999999995 52.745239999999995 1.4060725327507961 1.4066919004801914 0.0009765625
52.745239999999995 52.765119999999996 1.4060531767642732 1.4066725327507963 0.0009765625
52.765119999999996 52.784999999999997 1.4060338325092607 1.4066531767642734 0.0009765625
52.784999999999997 52.804879999999997 1.4060144999744315 1.4066338325092609 0.0009765625
52.804879999999997 52.824759999999998 1.4059951791484429 1.4066144999744317 0.0009765625
52.824759999999998 52.844639999999998 1.4059758700200011 1.406595179148443 0.0009765625
52.844639999999998 52.864519999999999 1.4059565725778025 1.4065758700200013 0.0009765625
52.864519999999999 52.884399999999999 1.4059372868105684 1.4065565725778026 0.0009765625
52.884399999999999 52.90428 1.4059180127070412 1.4065372868105686 0.0009765625
52.90428 52.924160000000001 1.405898750255957 1.4065180127070414 0.0009765625
52.924160000000001 52.944040000000001 1.4058794994460966 1.4064987502559572 0.0009765625
52.944040000000001 52.963919999999995 1.4058602602662313 1.4064794994460967 0.0009765625
52.963919999999995 52.983799999999995 1.4058410327051589 1.4064602602662315 0.0009765625
52.983799999999995 53.003679999999996 1.4058218167516889 1.4064410327051591 0.0009765625
53.003679999999996 53.023559999999996 1.4058026123946445 1.4064218167516891 0.0009765625
53.023559999999996 53.043439999999997 1.4057834196228756 1.4064026123946447 0.0009765625
53.043439999999997 53.063319999999997 1.4057642384252267 1.4063834196228757 0.0009765625
53.063319999999997 53.083199999999998 1.4057450687905648 1.4063642384252268 0.0009765625
53.083199999999998 53.103079999999999 1.405725910707232 1.4063450687900134 0.0009765625
53.103079999999999 53.122959999999999 1.4057067641657734 1.406325910707785 0.0009765625
53.122959999999999 53.14284 1.4056876291534626 1.4063067641657736 0.0009765625
53.14284 53.16272 1.4056685056597651 1.4062876291534627 0.0009765625
53.16272 53.182600000000001 1.4056493936736265 1.4062685056597652 0.0009765625
53.182600000000001 53.202480000000001 1.4056302931840126 1.4062493936736267 0.0009765625
53.202480000000001 53.222359999999995 1.4056112041798885 1.4062302931840127 0.0009765625
53.222359999999995 53.242239999999995 1.4055921266502509 1.4062112041798887 0.0009765625
53.242239999999995 53.262119999999996 1.405573060584081 1.4061921266502511 0.0009765625
53.262119999999996 53.281999999999996 1.4055540059704179 1.4061730605840812 0.0009765625
53.281999999999996 53.301879999999997 1.4055349627982801 1.4061540059704181 0.0009765625
53.301879999999997 53.321759999999998 1.4055159310567178 1.4061349627982802 0.0009765625
53.321759999999998 53.341639999999998 1.4054969107347897 1.4061159310567179 0.0009765625
53.341639999999998 53.361519999999999 1.4054779018215728 1.4060969107347898 0.0009765625
53.361519999999999 53.381399999999999 1.4054589043061434 1.406077901821573 0.0009765625
53.381399999999999 53.40128 1.4054399181776223 1.4060589043061436 0.0009765625
53.40128 53.42116 1.4054209434251113 1.4060399181776224 0.0009765625
53.42116 53.441040000000001 1.4054019800377588 1.4060209434251114 0.0009765625
53.441040000000001 53.460920000000002 1.4053830280046975 1.406001980037759 0.0009765625
53.460920000000002 53.480800000000002 1.4053640873150972 1.4059830280046977 0.0009765625
53.480800000000002 53.500679999999996 1.4053451579581242 1.4059640873150974 0.0009765625
53.500679999999996 53.520559999999996 1.4053262399229733 1.4059451579581244 0.0009765625
53.520559999999996 53.540439999999997 1.4053073331988442 1.4059262399229735 0.0009765625
53.540439999999997 53.560319999999997 1.4052884377749613 1.4059073331988443 0.0009765625
53.560319999999997 53.580199999999998 1.4052695536405442 1.4058884377749614 0.0009765625
53.580199999999998 53.600079999999998 1.4052506807848519 1.4058695536405443 0.0009765625
53.600079999999998 53.619959999999999 1.40523181919714 1.4058506807848521 0.0009765625
53.619959999999999 53.63984 1.4052129688666843 1.4058318191971402 0.0009765625
53.63984 53.65972 1.405194129782771 1.4058129688666845 0.0009765625
53.65972 53.679600000000001 1.4051753019346926 1.4057941297827712 0.0009765625
53.679600000000001 53.699480000000001 1.4051564853117877 1.4057753019346928 0.0009765625
53.699480000000001 53.719360000000002 1.4051376799033686 1.4057564853117879 0.0009765625
53.719360000000002 53.739240000000002 1.4051188856987906 1.4057376799033687 0.0009765625
53.739240000000002 53.759119999999996 1.4051001026874013 1.4057188856987908 0.0009765625
53.759119999999996 53.778999999999996 1.4050813308585872 1.4057001026874014 0.0009765625
53.778999999999996 53.798879999999997 1.4050625702017228 1.4056813308585874 0.0009765625
53.798879999999997 53.818759999999997 1.4050438207062124 1.4056625702017229 0.0009765625
53.818759999999997 53.838639999999998 1.4050250823614756 1.4056438207062125 0.0009765625
53.838639999999998 53.858519999999999 1.4050063551569307 1.4056250823614758 0.0009765625
53.858519999999999 53.878399999999999 1.4049876390820244 1.4056063551569309 0.0009765625
53.878399999999999 53.89828 1.4049689341256644 1.4055876390814739 0.0009765625
53.89828 53.91816 1.4049502402789698 1.4055689341262163 0.0009765625
53.91816 53.938040000000001 1.4049315575297758 1.4055502402789699 0.0009765625
53.938040000000001 53.957920000000001 1.4049128858681175 1.405531557529776 0.0009765625
53.957920000000001 53.977800000000002 1.4048942252835206 1.4055128858681176 0.0009765625
53.977800000000002 53.997680000000003 1.4048755757655047 1.4054942252835207 0.0009765625
53.997680000000003 54.017559999999996 1.4048569373036026 1.4054755757655049 0.0009765625
54.017559999999996 54.037439999999997 1.4048383098873725 1.4054569373036028 0.0009765625
54.037439999999997 54.057319999999997 1.4048196935063795 1.4054383098873726 0.0009765625
54.057319999999997 54.077199999999998 1.4048010881501978 1.4054196935063796 0.0009765625
54.077199999999998 54.097079999999998 1.4047824938084263 1.4054010881501979 0.0009765625
54.097079999999998 54.116959999999999 1.4047639104706737 1.4053824938084265 0.0009765625
54.116959999999999 54.136839999999999 1.4047453381265489 1.4053639104706739 0.0009765625
54.136839999999999 54.15672 1.4047267767656897 1.405345338126549 0.0009765625
54.15672 54.176600000000001 1.4047082263777504 1.4053267767656898 0.0009765625
54.176600000000001 54.196480000000001 1.4046896869523773 1.4053082263777505 0.0009765625
54.196480000000001 54.216360000000002 1.4046711584792531 1.4052896869523774 0.0009765625
54.216360000000002 54.236240000000002 1.4046526409480711 1.4052711584792532 0.0009765625
54.236240000000002 54.256120000000003 1.4046341343485211 1.4052526409480712 0.0009765625
54.256120000000003 54.275999999999996 1.4046156386703172 1.4052341343485213 0.0009765625
54.275999999999996 54.295879999999997 1.4045971539031952 1.4052156386703174 0.0009765625
54.295879999999997 54.315759999999997 1.4045786800368938 1.4051971539031953 0.0009765625
54.315759999999997 54.335639999999998 1.404560217061156 1.4051786800368939 0.0009765625
54.335639999999998 54.355519999999999 1.4045417649657677 1.4051602170611561 0.0009765625
54.355519999999999 54.375399999999999 1.404523323740491 1.4051417649657678 0.0009765625
54.375399999999999 54.39528 1.4045048933751347 1.4051233237404912 0.0009765625
54.39528 54.41516 1.4044864738594969 1.4051048933751349 0.0009765625
54.41516 54.435040000000001 1.4044680651833941 1.405086473859497 0.0009765625
54.435040000000001 54.454920000000001 1.4044496673366786 1.4050680651833942 0.0009765625
54.454920000000001 54.474800000000002 1.4044312803091801 1.4050496673366788 0.0009765625
54.474800000000002 54.494680000000002 1.4044129040907603 1.4050312803091802 0.0009765625
54.494680000000002 54.514560000000003 1.404394538671289 1.4050129040907604 0.0009765625
54.514560000000003 54.534440000000004 1.404376184040669 1.4049945386712892 0.0009765625
54.534440000000004 54.554319999999997 1.404357840188784 1.4049761840406692 0.0009765625
54.554319999999997 54.574199999999998 1.4043395071055529 1.4049578401887841 0.0009765625
54.574199999999998 54.594079999999998 1.4043211847808994 1.404939507105553 0.0009765625
54.594079999999998 54.613959999999999 1.4043028732047589 1.4049211847808996 0.0009765625
54.613959999999999 54.633839999999999 1.4042845723670849 1.404902873204759 0.0009765625
54.633839999999999 54.65372 1.4042662822578422 1.4048845723670851 0.0009765625
54.65372 54.6736 1.4042480028670106 1.4048662822578424 0.0009765625
54.6736 54.693480000000001 1.4042297341840244 1.4048480028664565 0.0009765625
54.693480000000001 54.713360000000002 1.4042114762005431 1.4048297341845732 0.0009765625
54.713360000000002 54.733240000000002 1.404193228904919 1.4048114762005433 0.0009765625
54.733240000000002 54.753120000000003 1.404174992287748 1.4047932289049192 0.0009765625
54.753120000000003 54.773000000000003 1.4041567663390688 1.4047749922877482 0.0009765625
54.773000000000003 54.792880000000004 1.404138551048923 1.404756766339069 0.0009765625
54.792880000000004 54.812759999999997 1.4041203464073928 1.4047385510489232 0.0009765625
54.812759999999997 54.832639999999998 1.4041021524045523 1.404720346407393 0.0009765625
54.832639999999998 54.852519999999998 1.4040839690304887 1.4047021524045524 0.0009765625
54.852519999999998 54.872399999999999 1.4040657962753158 1.4046839690304889 0.0009765625
54.872399999999999 54.89228 1.4040476341291463 1.404665796275316 0.0009765625
54.89228 54.91216 1.4040294825821147 1.4046476341291465 0.0009765625
54.91216 54.932040000000001 1.4040113416243636 1.4046294825821148 0.0009765625
54.932040000000001 54.951920000000001 1.4039932112460471 1.4046113416243637 0.0009765625
54.951920000000001 54.971800000000002 1.4039750914373397 1.4045932112460473 0.0009765625
54.971800000000002 54.991680000000002 1.4039569821884206 1.4045750914373398 0.0009765625
54.991680000000002 55.011560000000003 1.4039388834894788 1.4045569821884207 0.0009765625
55.011560000000003 55.031440000000003 1.4039207953307269 1.404538883489479 0.0009765625
55.031440000000003 55.051320000000004 1.4039027177023777 1.404520795330727 0.0009765625
55.051320000000004 55.071200000000005 1.4038846505946794 1.4045027177023779 0.0009765625
55.071200000000005 55.091079999999998 1.4038665939978514 1.4044846505946795 0.0009765625
55.091079999999998 55.110959999999999 1.4038485479021765 1.4044665939978516 0.0009765625
55.110959999999999 55.130839999999999 1.4038305122978993 1.4044485479021767 0.0009765625
55.130839999999999 55.15072 1.4038124871753164 1.4044305122978995 0.0009765625
55.15072 55.1706 1.4037944725247207 1.4044124871753165 0.0009765625
55.1706 55.190480000000001 1.403776468336414 1.4043944725247208 0.0009765625
55.190480000000001 55.210360000000001 1.4037584746007241 1.4043764683364142 0.0009765625
55.210360000000001 55.230240000000002 1.4037404913079718 1.4043584746007243 0.0009765625
55.230240000000002 55.250120000000003 1.4037225184485034 1.404340491307972 0.0009765625
55.250120000000003 55.270000000000003 1.4037045560126795 1.4043225184485035 0.0009765625
55.270000000000003 55.289880000000004 1.4036866039908653 1.4043045560126797 0.0009765625
55.289880000000004 55.309760000000004 1.403668662373446 1.4042866039908655 0.0009765625
55.309760000000004 55.329640000000005 1.4036507311508017 1.4042686623734462 0.0009765625
55.329640000000005 55.349519999999998 1.4036328103133555 1.4042507311508019 0.0009765625
55.349519999999998 55.369399999999999 1.4036148998515074 1.4042328103133557 0.0009765625
55.369399999999999 55.389279999999999 1.4035969997556945 1.4042148998515076 0.0009765625
55.389279999999999 55.40916 1.4035791100163619 1.4041969997556947 0.0009765625
55.40916 55.429040000000001 1.4035612306239591 1.4041791100163621 0.0009765625
55.429040000000001 55.448920000000001 1.4035433615689579 1.4041612306239593 0.0009765625
55.448920000000001 55.468800000000002 1.4035255028418256 1.404143361568958 0.0009765625
55.468800000000002 55.488680000000002 1.4035076544325114 1.4041255028412782 0.0009765625
55.488680000000002 55.508560000000003 1.4034898163331633 1.4041076544330624 0.0009765625
55.508560000000003 55.528440000000003 1.4034719885326488 1.4040898163331634 0.0009765625
55.528440000000003 55.548320000000004 1.4034541710220461 1.4040719885326489 0.0009765625
55.548320000000004 55.568200000000004 1.4034363637918923 1.4040541710220462 0.0009765625
55.568200000000004 55.588079999999998 1.4034185668327326 1.4040363637918924 0.0009765625
55.588079999999998 55.607959999999999 1.4034007801351298 1.4040185668327327 0.0009765625
55.607959999999999 55.627839999999999 1.4033830036896686 1.40400078013513 0.0009765625
55.627839999999999 55.64772 1.4033652374869248 1.4039830036896688 0.0009765625
55.64772 55.6676 1.4033474815175013 1.4039652374869249 0.0009765625
55.6676 55.687480000000001 1.4033297357720089 1.4039474815175015 0.0009765625
55.687480000000001 55.707360000000001 1.4033120002410679 1.4039297357720091 0.0009765625
55.707360000000001 55.727240000000002 1.4032942749153166 1.4039120002410681 0.0009765625
55.727240000000002 55.747120000000002 1.4032765597853907 1.4038942749153167 0.0009765625
55.747120000000002 55.766999999999996 1.4032588548419613 1.4038765597853908 0.0009765625
55.766999999999996 55.786879999999996 1.4032411600756933 1.4038588548419615 0.0009765625
55.786879999999996 55.806759999999997 1.403223475477259 1.4038411600756935 0.0009765625
55.806759999999997 55.826639999999998 1.4032058010373667 1.4038234754772592 0.0009765625
55.826639999999998 55.846519999999998 1.4031881367467105 1.4038058010373669 0.0009765625
55.846519999999998 55.866399999999999 1.4031704825960063 1.4037881367467107 0.0009765625
55.866399999999999 55.886279999999999 1.4031528385759853 1.4037704825960065 0.0009765625
55.886279999999999 55.90616 1.4031352046773951 1.4037528385759854 0.0009765625
55.90616 55.92604 1.4031175808909775 1.4037352046773952 0.0009765625
55.92604 55.945920000000001 1.4030999672075006 1.4037175808909776 0.0009765625
55.945920000000001 55.965800000000002 1.4030823636177401 1.4036999672075008 0.0009765625
55.965800000000002 55.985679999999995 1.4030647701124774 1.4036823636177402 0.0009765625
55.985679999999995 56.005559999999996 1.4030471866825138 1.4036647701124776 0.0009765625
56.005559999999996 56.025439999999996 1.4030296133186657 1.403647186682514 0.0009765625
56.025439999999996 56.045319999999997 1.4030120500117398 1.4036296133186659 0.0009765625
56.045319999999997 56.065199999999997 1.4029944967525823 1.4036120500117399 0.0009765625
56.065199999999997 56.085079999999998 1.4029769535320344 1.4035944967525824 0.0009765625
56.085079999999998 56.104959999999998 1.4029594203409517 1.4035769535320346 0.0009765625
56.104959999999998 56.124839999999999 1.4029418971702043 1.4035594203409518 0.0009765625
56.124839999999999 56.14472 1.4029243840106667 1.4035418971702045 0.0009765625
56.14472 56.164599999999993 1.4029068808532259 1.4035243840106668 0.0009765625
56.164599999999993 56.184479999999994 1.402889387688788 1.4035068808532261 0.0009765625
56.184479999999994 56.204359999999994 1.4028719045082765 1.4034893876887882 0.0009765625
56.204359999999994 56.224239999999995 1.4028544313026015 1.4034719045082766 0.0009765625
56.224239999999995 56.244119999999995 1.402836968062708 1.4034544313026016 0.0009765625
56.244119999999995 56.263999999999996 1.4028195147795377 1.4034369680627081 0.0009765625
56.263999999999996 56.283879999999996 1.4028020714435037 1.4034195147789867 0.0009765625
56.283879999999996 56.303759999999997 1.4027846380472262 1.4034020714440534 0.0009765625
56.303759999999997 56.323639999999997 1.402767214580033 1.4033846380472264 0.0009765625
56.323639999999997 56.343519999999998 1.4027498010334702 1.4033672145800331 0.0009765625
56.343519999999998 56.363399999999999 1.4027323973985422 1.4033498010334704 0.0009765625
56.363399999999999 56.383279999999999 1.4027150036662606 1.4033323973985423 0.0009765625
56.383279999999999 56.40316 1.4026976198276542 1.4033150036662607 0.0009765625
56.40316 56.42304 1.4026802458737675 1.4032976198276543 0.0009765625
56.42304 56.442920000000001 1.4026628817956377 1.4032802458737677 0.0009765625
56.442920000000001 56.462800000000001 1.4026455275843324 1.4032628817956379 0.0009765625
56.462800000000001 56.482679999999995 1.4026281832309244 1.4032455275843325 0.0009765625
56.482679999999995 56.502559999999995 1.4026108487264912 1.4032281832309246 0.0009765625
56.502559999999995 56.522439999999996 1.4025935240621281 1.4032108487264914 0.0009765625
56.522439999999996 56.542319999999997 1.4025762092289402 1.4031935240621283 0.0009765625
56.542319999999997 56.562199999999997 1.4025589042180495 1.4031762092289404 0.0009765625
56.562199999999997 56.582079999999998 1.4025416090205702 1.4031589042180497 0.0009765625
56.582079999999998 56.601959999999998 1.402524323627653 1.4031416090205704 0.0009765625
56.601959999999998 56.621839999999999 1.40250704803044 1.4031243236276532 0.0009765625
56.621839999999999 56.641719999999999 1.402489782220095 1.4031070480304402 0.0009765625
56.641719999999999 56.6616 1.4024725261877822 1.4030897822200952 0.0009765625
56.6616 56.681480000000001 1.4024552799246854 1.4030725261877823 0.0009765625
56.681480000000001 56.701360000000001 1.4024380434220087 1.4030552799246856 0.0009765625
56.701360000000001 56.721240000000002 1.4024208166709486 1.4030380434220089 0.0009765625
56.721240000000002 56.741120000000002 1.4024035996627187 1.4030208166709488 0.0009765625
56.741120000000002 56.761000000000003 1.4023863923885462 1.4030035996627188 0.0009765625
56.761000000000003 56.780880000000003 1.4023691948396668 1.4029863923885464 0.0009765625
56.780880000000003 56.800760000000004 1.4023520070073277 1.402969194839667 0.0009765625
56.800760000000004 56.820640000000004 1.402334828882795 1.4029520070073278 0.0009765625
56.820640000000004 56.840520000000005 1.4023176604573273 1.4029348288827952 0.0009765625
56.840520000000005 56.860399999999998 1.4023005017222185 1.4029176604573275 0.0009765625
56.860399999999998 56.880279999999999 1.4022833526687448 1.4029005017222187 0.0009765625
56.880279999999999 56.90016 1.4022662132882124 1.402883352668745 0.0009765625
56.90016 56.92004 1.4022490835719457 1.4028662132882126 0.0009765625
56.92004 56.939920000000001 1.4022319635112515 1.4028490835719458 0.0009765625
56.939920000000001 56.959800000000001 1.4022148530974707 1.4028319635112516 0.0009765625
56.959800000000001 56.979680000000002 1.4021977523219533 1.4028148530974709 0.0009765625
56.979680000000002 56.999560000000002 1.4021806611760528 1.4027977523219535 0.0009765625
56.999560000000002 57.019440000000003 1.4021635796511298 1.4027806611760529 0.0009765625
57.019440000000003 57.039320000000004 1.4021465077385686 1.40276357965113 0.0009765625
57.039320000000004 57.059200000000004 1.4021294454297486 1.4027465077385688 0.0009765625
57.059200000000004 57.079080000000005 1.4021123927155281 1.4027294454292003 0.0009765625
57.079080000000005 57.098960000000005 1.4020953495889616 1.4027123927160787 0.0009765625
57.098960000000005 57.118840000000006 1.4020783160398147 1.4026953495889618 0.0009765625
57.118840000000006 57.138720000000006 1.4020612920600661 1.4026783160398149 0.0009765625
57.138720000000006 57.158600000000007 1.4020442776411739 1.4026612920600663 0.0009765625
57.158600000000007 57.17848 1.4020272727745746 1.4026442776411741 0.0009765625
57.17848 57.198360000000001 1.402010277451728 1.4026272727745748 0.0009765625
57.198360000000001 57.218240000000002 1.4019932916641178 1.4026102774517282 0.0009765625
57.218240000000002 57.238120000000002 1.4019763154032183 1.4025932916641179 0.0009765625
57.238120000000002 57.258000000000003 1.4019593486605213 1.4025763154032185 0.0009765625
57.258000000000003 57.277880000000003 1.4019423914275444 1.4025593486605215 0.0009765625
57.277880000000003 57.297760000000004 1.40192544369579 1.4025423914275446 0.0009765625
57.297760000000004 57.317640000000004 1.4019085054567846 1.4025254436957901 0.0009765625
57.317640000000004 57.337520000000005 1.401891576702063 1.4025085054567847 0.0009765625
57.337520000000005 57.357399999999998 1.4018746574231757 1.4024915767020631 0.0009765625
57.357399999999998 57.377279999999999 1.4018577476116734 1.4024746574231759 0.0009765625
57.377279999999999 57.39716 1.4018408472591248 1.4024577476116735 0.0009765625
57.39716 57.41704 1.4018239563571058 1.402440847259125 0.0009765625
57.41704 57.436920000000001 1.4018070748972138 1.4024239563571059 0.0009765625
57.436920000000001 57.456800000000001 1.4017902028710338 1.4024070748972139 0.0009765625
57.456800000000001 57.476680000000002 1.401773340270172 1.402390202871034 0.0009765625
57.476680000000002 57.496560000000002 1.401756487086254 1.4023733402701721 0.0009765625
57.496560000000002 57.516440000000003 1.4017396433109104 1.4023564870862542 0.0009765625
57.516440000000003 57.536320000000003 1.4017228089357754 1.4023396433109105 0.0009765625
57.536320000000003 57.556200000000004 1.4017059839524952 1.4023228089357755 0.0009765625
57.556200000000004 57.576079999999997 1.4016891683527357 1.4023059839524954 0.0009765625
57.576079999999997 57.595959999999998 1.4016723621281642 1.4022891683527359 0.0009765625
57.595959999999998 57.615839999999999 1.401655565270457 1.4022723621281643 0.0009765625
57.615839999999999 57.635719999999999 1.4016387777713077 1.4022555652704571 0.0009765625
57.635719999999999 57.6556 1.4016219996224142 1.4022387777713079 0.0009765625
57.6556 57.67548 1.4016052308154865 1.4022219996224143 0.0009765625
57.67548 57.695360000000001 1.4015884713422539 1.4022052308154866 0.0009765625
57.695360000000001 57.715240000000001 1.4015717211944301 1.4021884713422541 0.0009765625
57.715240000000001 57.735120000000002 1.4015549803637646 1.4021717211944302 0.0009765625
57.735120000000002 57.754999999999995 1.4015382488420138 1.4021549803637647 0.0009765625
57.754999999999995 57.774879999999996 1.4015215266209353 1.402138248842014 0.0009765625
57.774879999999996 57.794759999999997 1.4015048136922896 1.4021215266209355 0.0009765625
57.794759999999997 57.814639999999997 1.4014881100478722 1.4021048136922898 0.0009765625
57.814639999999997 57.834519999999998 1.4014714156794665 1.4020881100478724 0.0009765625
57.834519999999998 57.854399999999998 1.4014547305788698 1.4020714156794667 0.0009765625
57.854399999999998 57.874279999999999 1.4014380547373559 1.4020547305783244 0.0009765625
57.874279999999999 57.894159999999999 1.401421388148381 1.402038054737903 0.0009765625
57.894159999999999 57.91404 1.4014047308021333 1.4020213881483812 0.0009765625
57.91404 57.933920000000001 1.4013880826910021 1.4020047308021335 0.0009765625
57.933920000000001 57.953800000000001 1.401371443806839 1.4019880826910023 0.0009765625
57.953800000000001 57.973680000000002 1.4013548141415078 1.4019714438068391 0.0009765625
57.973680000000002 57.993559999999995 1.4013381936868767 1.4019548141415079 0.0009765625
57.993559999999995 58.013439999999996 1.4013215824348211 1.4019381936868769 0.0009765625
58.013439999999996 58.033319999999996 1.4013049803772393 1.4019215824348212 0.0009765625
58.033319999999996 58.053199999999997 1.4012883875060242 1.4019049803772394 0.0009765625
58.053199999999997 58.073079999999997 1.4012718038130934 1.4018883875060244 0.0009765625
58.073079999999997 58.092959999999998 1.4012552292903595 1.4018718038130935 0.0009765625
58.092959999999998 58.112839999999998 1.4012386639297607 1.4018552292903597 0.0009765625
58.112839999999998 58.132719999999999 1.4012221077232276 1.4018386639297609 0.0009765625
58.132719999999999 58.1526 1.4012055606627154 1.4018221077232278 0.0009765625
58.1526 58.17248 1.4011890227401882 1.4018055606627156 0.0009765625
58.17248 58.192360000000001 1.4011724939475978 1.4017890227401884 0.0009765625
58.192360000000001 58.212240000000001 1.4011559742769384 1.401772493947598 0.0009765625
58.212240000000001 58.232120000000002 1.4011394637201906 1.4017559742769385 0.0009765625
58.232120000000002 58.251999999999995 1.4011229622693546 1.4017394637201908 0.0009765625
58.251999999999995 58.271879999999996 1.4011064699164402 1.4017229622693548 0.0009765625
58.271879999999996 58.291759999999996 1.4010899866534663 1.4017064699164403 0.0009765625
58.291759999999996 58.311639999999997 1.4010735124724529 1.4016899866534664 0.0009765625
58.311639999999997 58.331519999999998 1.4010570473654411 1.4016735124724531 0.0009765625
58.331519999999998 58.351399999999998 1.4010405913244801 1.4016570473654413 0.0009765625
58.351399999999998 58.371279999999999 1.4010241443416205 1.4016405913244803 0.0009765625
58.371279999999999 58.391159999999999 1.4010077064089252 1.4016241443416206 0.0009765625
58.391159999999999 58.41104 1.4009912775184832 1.4016077064089254 0.0009765625
58.41104 58.43092 1.4009748576623626 1.4015912775184833 0.0009765625
58.43092 58.450800000000001 1.4009584468326697 1.4015748576623628 0.0009765625
58.450800000000001 58.470680000000002 1.4009420450214998 1.4015584468326698 0.0009765625
58.470680000000002 58.490560000000002 1.4009256522209725 1.4015420450214999 0.0009765625
58.490560000000002 58.510440000000003 1.4009092684232072 1.4015256522209727 0.0009765625
58.510440000000003 58.530319999999996 1.4008928936203429 1.4015092684232073 0.0009765625
58.530319999999996 58.550199999999997 1.4008765278045103 1.401492893620343 0.0009765625
58.550199999999997 58.570079999999997 1.4008601709678663 1.4014765278045105 0.0009765625
58.570079999999997 58.589959999999998 1.4008438231025815 1.4014601709678665 0.0009765625
58.589959999999998 58.609839999999998 1.4008274842008119 1.4014438231025816 0.0009765625
58.609839999999998 58.629719999999999 1.400811154254739 1.4014274842008121 0.0009765625
58.629719999999999 58.6496 1.4007948332565552 1.4014111542547392 0.0009765625
58.6496 58.66948 1.4007785211979142 1.4013948332560091 0.0009765625
58.66948 58.689360000000001 1.4007622180726607 1.4013785211984604 0.0009765625
58.689360000000001 58.709240000000001 1.4007459238713742 1.4013622180726608 0.0009765625
58.709240000000001 58.729120000000002 1.4007296385868289 1.4013459238713744 0.0009765625
58.729120000000002 58.749000000000002 1.4007133622112626 1.401329638586829 0.0009765625
58.749000000000002 58.768880000000003 1.4006970947369086 1.4013133622112628 0.0009765625
58.768880000000003 58.788759999999996 1.4006808361560288 1.4012970947369088 0.0009765625
58.788759999999996 58.808639999999997 1.4006645864608944 1.4012808361560289 0.0009765625
58.808639999999997 58.828519999999997 1.4006483456437717 1.4012645864608946 0.0009765625
58.828519999999997 58.848399999999998 1.4006321136969391 1.4012483456437719 0.0009765625
58.848399999999998 58.868279999999999 1.4006158906126909 1.4012321136969392 0.0009765625
58.868279999999999 58.888159999999999 1.4005996763833366 1.401215890612691 0.0009765625
58.888159999999999 58.90804 1.4005834710011795 1.4011996763833368 0.0009765625
58.90804 58.92792 1.4005672744585389 1.4011834710011797 0.0009765625
58.92792 58.947800000000001 1.4005510867477371 1.4011672744585391 0.0009765625
58.947800000000001 58.967680000000001 1.400534907861128 1.4011510867477373 0.0009765625
58.967680000000001 58.987560000000002 1.4005187377910431 1.4011349078611282 0.0009765625
58.987560000000002 59.007440000000003 1.400502576529848 1.4011187377910432 0.0009765625
59.007440000000003 59.027320000000003 1.4004864240699049 1.4011025765298482 0.0009765625
59.027320000000003 59.047200000000004 1.4004702804035836 1.401086424069905 0.0009765625
59.047200000000004 59.067079999999997 1.4004541455232726 1.4010702804035837 0.0009765625
59.067079999999997 59.086959999999998 1.4004380194213664 1.4010541455232728 0.0009765625
59.086959999999998 59.106839999999998 1.4004219020902653 1.4010380194213665 0.0009765625
59.106839999999998 59.126719999999999 1.4004057935223739 1.4010219020902654 0.0009765625
59.126719999999999 59.146599999999999 1.4003896937101199 1.4010057935223741 0.0009765625
59.146599999999999 59.16648 1.4003736026459279 1.4009896937101201 0.0009765625
59.16648 59.186360000000001 1.4003575203222371 1.4009736026459281 0.0009765625
59.186360000000001 59.206240000000001 1.4003414467314961 1.4009575203222373 0.0009765625
59.206240000000001 59.226120000000002 1.4003253818661592 1.4009414467314962 0.0009765625
59.226120000000002 59.246000000000002 1.4003093257186905 1.4009253818661593 0.0009765625
59.246000000000002 59.265880000000003 1.4002932782815625 1.4009093257186906 0.0009765625
59.265880000000003 59.285760000000003 1.4002772395472636 1.4008932782815626 0.0009765625
59.285760000000003 59.305640000000004 1.400261209508278 1.4008772395472637 0.0009765625
59.305640000000004 59.325519999999997 1.4002451881571143 1.4008612095082782 0.0009765625
59.325519999999997 59.345399999999998 1.400229175486281 1.4008451881571145 0.0009765625
59.345399999999998 59.365279999999998 1.4002131714882911 1.4008291754862812 0.0009765625
59.365279999999998 59.385159999999999 1.4001971761556713 1.4008131714882912 0.0009765625
59.385159999999999 59.40504 1.400181189480963 1.4007971761556715 0.0009765625
59.40504 59.42492 1.4001652114567111 1.4007811894809632 0.0009765625
59.42492 59.444800000000001 1.4001492420754753 1.4007652114567113 0.0009765625
59.444800000000001 59.464680000000001 1.4001332813292591 1.4007492420749255 0.0009765625
59.464680000000001 59.484560000000002 1.4001173292122819 1.4007332813298039 0.0009765625
59.484560000000002 59.504440000000002 1.400101385715482 1.4007173292122821 0.0009765625
59.504440000000002 59.524320000000003 1.400085450831996 1.4007013857154822 0.0009765625
59.524320000000003 59.544200000000004 1.4000695245544208 1.4006854508319961 0.0009765625
59.544200000000004 59.564079999999997 1.4000536068753688 1.400669524554421 0.0009765625
59.564079999999997 59.583959999999998 1.4000376977874465 1.400653606875369 0.0009765625
59.583959999999998 59.603839999999998 1.4000217972832889 1.4006376977874466 0.0009765625
59.603839999999998 59.623719999999999 1.4000059053555212 1.4006217972832891 0.0009765625
59.623719999999999 59.643599999999999 1.3999900219967878 1.4006059053555213 0.0009765625
59.643599999999999 59.66348 1.3999741471997393 1.4005900219967879 0.0009765625
59.66348 59.68336 1.3999582809570403 1.4005741471997395 0.0009765625
59.68336 59.703240000000001 1.3999424232613473 1.4005582809570405 0.0009765625
59.703240000000001 59.723120000000002 1.399926574105343 1.4005424232613475 0.0009765625
59.723120000000002 59.742999999999995 1.3999107334817236 1.4005265741053432 0.0009765625
59.742999999999995 59.762879999999996 1.3998949013831583 1.4005107334817237 0.0009765625
59.762879999999996 59.782759999999996 1.3998790778023718 1.4004949013831585 0.0009765625
59.782759999999996 59.802639999999997 1.3998632627320637 1.4004790778023719 0.0009765625
59.802639999999997 59.822519999999997 1.3998474561649603 1.4004632627320639 0.0009765625
59.822519999999997 59.842399999999998 1.3998316580937835 1.4004474561649605 0.0009765625
59.842399999999998 59.862279999999998 1.3998158685112791 1.4004316580937837 0.0009765625
59.862279999999998 59.882159999999999 1.3998000874101777 1.4004158685112793 0.0009765625
59.882159999999999 59.90204 1.3997843147832598 1.4004000874101779 0.0009765625
59.90204 59.92192 1.3997685506232564 1.40038431478326 0.0009765625
59.92192 59.941800000000001 1.3997527949229569 1.4003685506232566 0.0009765625
59.941800000000001 59.961679999999994 1.3997370476751383 1.4003527949229571 0.0009765625
59.961679999999994 59.981559999999995 1.3997213088725895 1.4003370476751384 0.0009765625
59.981559999999995 60.001439999999995 1.3997055785081061 1.4003213088725897 0.0009765625
60.001439999999995 60.021319999999996 1.3996898565744917 1.4003055785081062 0.0009765625
60.021319999999996 60.041199999999996 1.3996741430645545 1.4002898565744919 0.0009765625
60.041199999999996 60.061079999999997 1.3996584379711356 1.4002741430645547 0.0009765625
60.061079999999997 60.080959999999997 1.3996427412870456 1.4002584379711358 0.0009765625
60.080959999999997 60.100839999999998 1.3996270530051309 1.4002427412870457 0.0009765625
60.100839999999998 60.120719999999999 1.399611373118242 1.4002270530051311 0.0009765625
60.120719999999999 60.140599999999992 1.3995957016192313 1.4002113731182422 0.0009765625
60.140599999999992 60.160479999999993 1.3995800385009554 1.4001957016192315 0.0009765625
60.160479999999993 60.180359999999993 1.3995643837563045 1.4001800385009555 0.0009765625
60.180359999999993 60.200239999999994 1.3995487373781428 1.4001643837563047 0.0009765625
60.200239999999994 60.220119999999994 1.3995330993593691 1.4001487373781429 0.0009765625
60.220119999999994 60.239999999999995 1.3995174696928732 1.4001330993593692 0.0009765625
60.239999999999995 60.259879999999995 1.3995018483710269 1.4001174696923304 0.0009765625
60.259879999999995 60.279759999999996 1.3994862353883708 1.4001018483715699 0.0009765625
60.279759999999996 60.299639999999997 1.3994706307361922 1.400086235388371 0.0009765625
60.299639999999997 60.319519999999997 1.3994550344079675 1.4000706307361923 0.0009765625
60.319519999999997 60.339399999999998 1.3994394463966386 1.4000550344079676 0.0009765625
60.339399999999998 60.359279999999998 1.3994238666951524 1.4000394463966388 0.0009765625
60.359279999999998 60.379159999999999 1.3994082952964662 1.4000238666951526 0.0009765625
60.379159999999999 60.399039999999999 1.3993927321935393 1.4000082952964663 0.0009765625
60.399039999999999 60.41892 1.3993771773793431 1.3999927321935395 0.0009765625
60.41892 60.438800000000001 1.3993616308468575 1.3999771773793432 0.0009765625
60.438800000000001 60.458679999999994 1.399346092589083 1.3999616308468577 0.0009765625
60.458679999999994 60.478559999999995 1.3993305625989994 1.3999460925890832 0.0009765625
60.478559999999995 60.498439999999995 1.3993150408696189 1.3999305625989995 0.0009765625
60.498439999999995 60.518319999999996 1.3992995273939588 1.399915040869619 0.0009765625
60.518319999999996 60.538199999999996 1.3992840221650291 1.399899527393959 0.0009765625
60.538199999999996 60.558079999999997 1.399268525175877 1.3998840221650293 0.0009765625
60.558079999999997 60.577959999999997 1.3992530364195204 1.3998685251758771 0.0009765625
60.577959999999997 60.597839999999998 1.3992375558890113 1.3998530364195205 0.0009765625
60.597839999999998 60.617719999999998 1.3992220835774078 1.3998375558890115 0.0009765625
60.617719999999998 60.637599999999999 1.3992066194777688 1.399822083577408 0.0009765625
60.637599999999999 60.65748 1.3991911635831604 1.399806619477769 0.0009765625
60.65748 60.67736 1.3991757158866707 1.3997911635831606 0.0009765625
60.67736 60.697240000000001 1.3991602763813711 1.3997757158866708 0.0009765625
60.697240000000001 60.717120000000001 1.3991448450603643 1.3997602763813712 0.0009765625
60.717120000000001 60.737000000000002 1.399129421916752 1.3997448450603645 0.0009765625
60.737000000000002 60.756880000000002 1.3991140069436496 1.3997294219167522 0.0009765625
60.756880000000002 60.776760000000003 1.3990986001341583 1.3997140069436498 0.0009765625
60.776760000000003 60.796640000000004 1.3990832014814174 1.3996986001341585 0.0009765625
60.796640000000004 60.816520000000004 1.3990678109785579 1.3996832014814176 0.0009765625
60.816520000000004 60.836399999999998 1.399052428618724 1.3996678109785581 0.0009765625
60.836399999999998 60.856279999999998 1.3990370543950625 1.3996524286187242 0.0009765625
60.856279999999998 60.876159999999999 1.3990216883007316 1.3996370543950627 0.0009765625
60.876159999999999 60.896039999999999 1.3990063303288967 1.3996216883007317 0.0009765625
60.896039999999999 60.91592 1.3989909804727307 1.3996063303288968 0.0009765625
60.91592 60.9358 1.3989756387254162 1.3995909804727309 0.0009765625
60.9358 60.955680000000001 1.3989603050801469 1.3995756387254163 0.0009765625
60.955680000000001 60.975560000000002 1.3989449795301072 1.3995603050801471 0.0009765625
60.975560000000002 60.995440000000002 1.3989296620685185 1.3995449795301074 0.0009765625
60.995440000000002 61.015320000000003 1.3989143526885821 1.3995296620685187 0.0009765625
61.015320000000003 61.035200000000003 1.398899051383532 1.3995143526885823 0.0009765625
61.035200000000003 61.055080000000004 1.3988837581460387 1.3994990513829848 0.0009765625
61.055080000000004 61.074960000000004 1.3988684729709773 1.3994837581465798 0.0009765625
61.074960000000004 61.094840000000005 1.3988531958499617 1.3994684729709774 0.0009765625
61.094840000000005 61.114720000000005 1.398837926776781 1.3994531958499619 0.0009765625
61.114720000000005 61.134600000000006 1.3988226657447065 1.3994379267767811 0.0009765625
61.134600000000006 61.15448 1.3988074127469965 1.3994226657447066 0.0009765625
61.15448 61.17436 1.3987921677769346 1.3994074127469966 0.0009765625
61.17436 61.194240000000001 1.3987769308277962 1.3993921677769348 0.0009765625
61.194240000000001 61.214120000000001 1.398761701892872 1.3993769308277964 0.0009765625
61.214120000000001 61.234000000000002 1.3987464809654693 1.3993617018928721 0.0009765625
61.234000000000002 61.253880000000002 1.3987312680388861 1.3993464809654694 0.0009765625
61.253880000000002 61.273760000000003 1.3987160631064477 1.3993312680388863 0.0009765625
61.273760000000003 61.293640000000003 1.3987008661614595 1.3993160631064478 0.0009765625
61.293640000000003 61.313520000000004 1.398685677197268 1.3993008661614597 0.0009765625
61.313520000000004 61.333399999999997 1.3986704962072063 1.3992856771972682 0.0009765625
61.333399999999997 61.353279999999998 1.3986553231846115 1.3992704962072064 0.0009765625
61.353279999999998 61.373159999999999 1.3986401581228409 1.3992553231846117 0.0009765625
61.373159999999999 61.393039999999999 1.3986250010152561 1.3992401581228411 0.0009765625
61.393039999999999 61.41292 1.3986098518552288 1.3992250010152563 0.0009765625
61.41292 61.4328 1.398594710636123 1.3992098518552289 0.0009765625
61.4328 61.452680000000001 1.3985795773513399 1.3991947106361231 0.0009765625
61.452680000000001 61.472560000000001 1.3985644519942486 1.39917957735134 0.0009765625
61.472560000000001 61.492440000000002 1.3985493345582625 1.3991644519942488 0.0009765625
61.492440000000002 61.512320000000003 1.3985342250367871 1.3991493345582626 0.0009765625
61.512320000000003 61.532200000000003 1.3985191234232301 1.3991342250367873 0.0009765625
61.532200000000003 61.552079999999997 1.3985040297110087 1.3991191234232303 0.0009765625
61.552079999999997 61.571959999999997 1.3984889438935659 1.3991040297110089 0.0009765625
61.571959999999997 61.591839999999998 1.3984738659643299 1.3990889438935661 0.0009765625
61.591839999999998 61.611719999999998 1.3984587959167445 1.39907386596433 0.0009765625
61.611719999999998 61.631599999999999 1.3984437337442561 1.3990587959167446 0.0009765625
61.631599999999999 61.651479999999999 1.3984286794403329 1.3990437337442563 0.0009765625
61.651479999999999 61.67136 1.398413632998432 1.399028679440333 0.0009765625
61.67136 61.691240000000001 1.3983985944120414 1.3990136329984322 0.0009765625
61.691240000000001 61.711120000000001 1.3983835636746256 1.3989985944120416 0.0009765625
61.711120000000001 61.730999999999995 1.3983685407796811 1.3989835636746257 0.0009765625
61.730999999999995 61.750879999999995 1.3983535257207016 1.3989685407796812 0.0009765625
61.750879999999995 61.770759999999996 1.3983385184911965 1.3989535257207018 0.0009765625
61.770759999999996 61.790639999999996 1.3983235190846683 1.3989385184911967 0.0009765625
61.790639999999996 61.810519999999997 1.3983085274946427 1.3989235190846685 0.0009765625
61.810519999999997 61.830399999999997 1.3982935437146475 1.3989085274946429 0.0009765625
61.830399999999997 61.850279999999998 1.3982785677376592 1.3988935437141043 0.0009765625
61.850279999999998 61.870159999999998 1.3982635995588653 1.3988785677382023 0.0009765625
61.870159999999998 61.890039999999999 1.3982486391701652 1.3988635995588654 0.0009765625
61.890039999999999 61.90992 1.3982336865656746 1.3988486391701653 0.0009765625
61.90992 61.9298 1.3982187417389542 1.3988336865656747 0.0009765625
61.9298 61.949680000000001 1.3982038046835612 1.3988187417389544 0.0009765625
61.949680000000001 61.969560000000001 1.398188875393082 1.3988038046835614 0.0009765625
61.969560000000001 61.989440000000002 1.3981739538610998 1.3987888753930822 0.0009765625
61.989440000000002 62.009320000000002 1.3981590400812103 1.3987739538610999 0.0009765625
62.009320000000002 62.029200000000003 1.3981441340470089 1.3987590400812104 0.0009765625
62.029200000000003 62.049079999999996 1.398129235752102 1.398744134047009 0.0009765625
62.049079999999996 62.068959999999997 1.3981143451900993 1.3987292357521022 0.0009765625
62.068959999999997 62.088839999999998 1.3980994623546283 1.3987143451900994 0.0009765625
62.088839999999998 62.108719999999998 1.3980845872393206 1.3986994623546285 0.0009765625
62.108719999999998 62.128599999999999 1.3980697198378074 1.3986845872393208 0.0009765625
62.128599999999999 62.148479999999999 1.3980548601437277 1.3986697198378075 0.0009765625
62.148479999999999 62.16836 1.3980400081507334 1.3986548601437279 0.0009765625
62.16836 62.18824 1.3980251638524899 1.3986400081507335 0.0009765625
62.18824 62.208120000000001 1.3980103272426454 1.39862516385249 0.0009765625
62.208120000000001 62.228000000000002 1.3979954983148895 1.3986103272426456 0.0009765625
62.228000000000002 62.247880000000002 1.3979806770628904 1.3985954983148896 0.0009765625
62.247880000000002 62.267760000000003 1.3979658634803394 1.3985806770628906 0.0009765625
62.267760000000003 62.287640000000003 1.3979510575609233 1.3985658634803395 0.0009765625
62.287640000000003 62.307520000000004 1.3979362592983486 1.3985510575609235 0.0009765625
62.307520000000004 62.327400000000004 1.3979214686863175 1.3985362592983488 0.0009765625
62.327400000000004 62.347280000000005 1.3979066857185478 1.3985214686863177 0.0009765625
62.347280000000005 62.367160000000005 1.3978919103887617 1.398506685718548 0.0009765625
62.367160000000005 62.387040000000006 1.3978771426906837 1.3984919103887619 0.0009765625
62.387040000000006 62.406920000000007 1.3978623826180607 1.3984771426906839 0.0009765625
62.406920000000007 62.4268 1.3978476301646221 1.3984623826180609 0.0009765625
62.4268 62.446680000000001 1.3978328853241238 1.3984476301646223 0.0009765625
62.446680000000001 62.466560000000001 1.3978181480903198 1.3984328853241239 0.0009765625
62.466560000000001 62.486440000000002 1.3978034184569881 1.3984181480903199 0.0009765625
62.486440000000002 62.506320000000002 1.3977886964178823 1.3984034184569882 0.0009765625
62.506320000000002 62.526200000000003 1.3977739819667914 1.3983886964178824 0.0009765625
62.526200000000003 62.546080000000003 1.3977592750974948 1.3983739819667915 0.0009765625
62.546080000000003 62.565960000000004 1.397744575803789 1.3983592750974949 0.0009765625
62.565960000000004 62.585840000000005 1.3977298840794732 1.3983445758037891 0.0009765625
62.585840000000005 62.605720000000005 1.3977151999183506 1.3983298840794733 0.0009765625
62.605720000000005 62.625600000000006 1.397700523314235 1.3983151999183507 0.0009765625
62.625600000000006 62.645480000000006 1.3976858542604116 1.3983005233136956 0.0009765625
62.645480000000006 62.665360000000007 1.3976711927523213 1.398285854260954 0.0009765625
62.665360000000007 62.685240000000007 1.3976565387821849 1.3982711927523215 0.0009765625
62.685240000000007 62.705120000000008 1.3976418923443779 1.398256538782185 0.0009765625
62.705120000000008 62.725000000000009 1.3976272534327483 1.398241892344378 0.0009765625
62.725000000000009 62.744880000000002 1.3976126220411547 1.3982272534327485 0.0009765625
62.744880000000002 62.764760000000003 1.3975979981634574 1.3982126220411548 0.0009765625
62.764760000000003 62.784640000000003 1.3975833817935308 1.3981979981634576 0.0009765625
62.784640000000003 62.804520000000004 1.3975687729252371 1.398183381793531 0.0009765625
62.804520000000004 62.824400000000004 1.3975541715524746 1.3981687729252372 0.0009765625
62.824400000000004 62.844280000000005 1.3975395776691149 1.3981541715524748 0.0009765625
62.844280000000005 62.864160000000005 1.397524991269077 1.398139577669115 0.0009765625
62.864160000000005 62.884040000000006 1.3975104123462485 1.3981249912690772 0.0009765625
62.884040000000006 62.903920000000006 1.3974958408945417 1.3981104123462487 0.0009765625
62.903920000000006 62.9238 1.3974812769078777 1.3980958408945419 0.0009765625
62.9238 62.943680000000001 1.3974667203801714 1.3980812769078779 0.0009765625
62.943680000000001 62.963560000000001 1.3974521713053674 1.3980667203801715 0.0009765625
62.963560000000001 62.983440000000002 1.3974376296773945 1.3980521713053675 0.0009765625
62.983440000000002 63.003320000000002 1.3974230954901945 1.3980376296773946 0.0009765625
63.003320000000002 63.023200000000003 1.3974085687377222 1.3980230954901947 0.0009765625
63.023200000000003 63.043080000000003 1.3973940494139376 1.3980085687377224 0.0009765625
63.043080000000003 63.062960000000004 1.3973795375128051 1.3979940494139378 0.0009765625
63.062960000000004 63.082840000000004 1.3973650330282883 1.3979795375128052 0.0009765625
63.082840000000004 63.102720000000005 1.3973505359543736 1.3979650330282885 0.0009765625
63.102720000000005 63.122600000000006 1.3973360462850408 1.3979505359543738 0.0009765625
63.122600000000006 63.142479999999999 1.3973215640142853 1.397936046285041 0.0009765625
63.142479999999999 63.16236 1.3973070891360986 1.3979215640142855 0.0009765625
63.16236 63.18224 1.3972926216444983 1.3979070891360987 0.0009765625
63.18224 63.202120000000001 1.3972781615334859 1.3978926216444985 0.0009765625
63.202120000000001 63.222000000000001 1.3972637087970809 1.3978781615334861 0.0009765625
63.222000000000001 63.241880000000002 1.397249263429313 1.3978637087970811 0.0009765625
63.241880000000002 63.261760000000002 1.3972348254242029 1.3978492634293131 0.0009765625
63.261760000000002 63.281640000000003 1.3972203947758035 1.397834825424203 0.0009765625
63.281640000000003 63.301520000000004 1.3972059714781506 1.3978203947758037 0.0009765625
63.301520000000004 63.321399999999997 1.3971915555253029 1.3978059714781508 0.0009765625
63.321399999999997 63.341279999999998 1.3971771469113055 1.3977915555253031 0.0009765625
63.341279999999998 63.361159999999998 1.3971627456302385 1.3977771469113056 0.0009765625
63.361159999999998 63.381039999999999 1.3971483516761627 1.3977627456302386 0.0009765625
63.381039999999999 63.400919999999999 1.3971339650431625 1.3977483516761628 0.0009765625
63.400919999999999 63.4208 1.3971195857253242 1.3977339650431626 0.0009765625
63.4208 63.44068 1.397105213716187 1.3977195857247862 0.0009765625
63.44068 63.460560000000001 1.3970908490114879 1.3977052137167298 0.0009765625
63.460560000000001 63.480440000000002 1.3970764916036962 1.3976908490114881 0.0009765625
63.480440000000002 63.500320000000002 1.3970621414874671 1.3976764916036963 0.0009765625
63.500320000000002 63.520200000000003 1.3970477986569176 1.3976621414874673 0.0009765625
63.520200000000003 63.540080000000003 1.3970334631061803 1.3976477986569178 0.0009765625
63.540080000000003 63.559960000000004 1.3970191348293732 1.3976334631061804 0.0009765625
63.559960000000004 63.579840000000004 1.3970048138206412 1.3976191348293734 0.0009765625
63.579840000000004 63.599720000000005 1.3969905000741221 1.3976048138206414 0.0009765625
63.599720000000005 63.619600000000005 1.3969761935839748 1.3975905000741222 0.0009765625
63.619600000000005 63.639479999999999 1.3969618943443471 1.397576193583975 0.0009765625
63.639479999999999 63.65936 1.3969476023494116 1.3975618943443473 0.0009765625
63.65936 63.67924 1.3969333175933263 1.3975476023494118 0.0009765625
63.67924 63.699120000000001 1.396919040070276 1.3975333175933264 0.0009765625
63.699120000000001 63.719000000000001 1.3969047697744426 1.3975190400702762 0.0009765625
63.719000000000001 63.738880000000002 1.3968905067000135 1.3975047697744427 0.0009765625
63.738880000000002 63.758760000000002 1.3968762508411841 1.3974905067000136 0.0009765625
63.758760000000002 63.778640000000003 1.3968620021921541 1.3974762508411842 0.0009765625
63.778640000000003 63.798520000000003 1.3968477607471348 1.3974620021921542 0.0009765625
63.798520000000003 63.818400000000004 1.3968335265003473 1.3974477607471349 0.0009765625
63.818400000000004 63.838280000000005 1.396819299446006 1.3974335265003475 0.0009765625
63.838280000000005 63.858160000000005 1.3968050795783222 1.3974192994460062 0.0009765625
63.858160000000005 63.878040000000006 1.3967908668915612 1.3974050795783224 0.0009765625
63.878040000000006 63.897920000000006 1.3967766613799395 1.3973908668915613 0.0009765625
63.897920000000006 63.917800000000007 1.3967624630377251 1.3973766613799397 0.0009765625
63.917800000000007 63.937680000000007 1.3967482718591537 1.3973624630377253 0.0009765625
63.937680000000007 63.957560000000008 1.3967340878384842 1.3973482718591539 0.0009765625
63.957560000000008 63.977440000000009 1.3967199109699882 1.3973340878384843 0.0009765625
63.977440000000009 63.997320000000009 1.3967057412479413 1.3973199109699883 0.0009765625
63.997320000000009 64.017200000000003 1.3966915786666125 1.3973057412479415 0.0009765625
64.017200000000003 64.037080000000003 1.3966774232203021 1.3972915786666127 0.0009765625
64.037080000000003 64.056960000000004 1.3966632749032837 1.3972774232203022 0.0009765625
64.056960000000004 64.076840000000004 1.3966491337098592 1.3972632749032838 0.0009765625
64.076840000000004 64.096720000000005 1.3966349996343421 1.3972491337098594 0.0009765625
64.096720000000005 64.116600000000005 1.3966208726710316 1.3972349996343423 0.0009765625
64.116600000000005 64.136480000000006 1.3966067528142478 1.3972208726710318 0.0009765625
64.136480000000006 64.156360000000006 1.3965926400583117 1.397206752814248 0.0009765625
64.156360000000006 64.176240000000007 1.3965785343975583 1.3971926400583119 0.0009765625
64.176240000000007 64.196120000000008 1.396564435826307 1.3971785343975585 0.0009765625
64.196120000000008 64.216000000000008 1.3965503443389191 1.3971644358263071 0.0009765625
64.216000000000008 64.235880000000009 1.3965362599291862 1.3971503443383748 0.0009765625
64.235880000000009 64.255760000000009 1.3965221825930907 1.3971362599297272 0.0009765625
64.255760000000009 64.27564000000001 1.3965081123233678 1.3971221825930908 0.0009765625
64.27564000000001 64.29552000000001 1.396494049114922 1.397108112323368 0.0009765625
64.29552000000001 64.315400000000011 1.396479992962133 1.3970940491149222 0.0009765625
64.315400000000011 64.335280000000012 1.3964659438593747 1.3970799929621331 0.0009765625
64.335280000000012 64.355160000000012 1.3964519018010304 1.3970659438593749 0.0009765625
64.355160000000012 64.375040000000013 1.3964378667814978 1.3970519018010306 0.0009765625
64.375040000000013 64.394920000000013 1.3964238387951617 1.397037866781498 0.0009765625
64.394920000000013 64.414800000000014 1.3964098178364326 1.3970238387951619 0.0009765625
64.414800000000014 64.43468 1.3963958038997224 1.3970098178364327 0.0009765625
64.43468 64.454560000000001 1.3963817969794388 1.3969958038997226 0.0009765625
64.454560000000001 64.474440000000001 1.3963677970700052 1.3969817969794389 0.0009765625
64.474440000000001 64.494320000000002 1.3963538041658534 1.3969677970700054 0.0009765625
64.494320000000002 64.514200000000002 1.3963398182614137 1.3969538041658536 0.0009765625
64.514200000000002 64.534080000000003 1.3963258393511282 1.3969398182614139 0.0009765625
64.534080000000003 64.553960000000004 1.3963118674294432 1.3969258393511284 0.0009765625
64.553960000000004 64.573840000000004 1.396297902490804 1.3969118674294434 0.0009765625
64.573840000000004 64.593720000000005 1.396283944529674 1.3968979024908041 0.0009765625
64.593720000000005 64.613600000000005 1.3962699935405212 1.3968839445296741 0.0009765625
64.613600000000005 64.633480000000006 1.3962560495178058 1.3968699935405213 0.0009765625
64.633480000000006 64.653360000000006 1.3962421124560092 1.396856049517806 0.0009765625
64.653360000000006 64.673240000000007 1.3962281823496185 1.3968421124560093 0.0009765625
64.673240000000007 64.693120000000008 1.3962142591931108 1.3968281823496187 0.0009765625
64.693120000000008 64.713000000000008 1.3962003429809902 1.396814259193111 0.0009765625
64.713000000000008 64.732880000000009 1.3961864337077456 1.3968003429809903 0.0009765625
64.732880000000009 64.752760000000009 1.3961725313679008 1.3967864337077458 0.0009765625
64.752760000000009 64.77264000000001 1.3961586359559524 1.3967725313679009 0.0009765625
64.77264000000001 64.79252000000001 1.396144747466423 1.3967586359559525 0.0009765625
64.79252000000001 64.812399999999997 1.3961308658938392 1.3967447474664232 0.0009765625
64.812399999999997 64.832279999999997 1.3961169912327347 1.3967308658938393 0.0009765625
64.832279999999997 64.852159999999998 1.39610312347763 1.3967169912327349 0.0009765625
64.852159999999998 64.872039999999998 1.3960892626230879 1.3967031234776301 0.0009765625
64.872039999999998 64.891919999999999 1.3960754086636411 1.396689262623088 0.0009765625
64.891919999999999 64.911799999999999 1.3960615615938519 1.3966754086636413 0.0009765625
64.911799999999999 64.93168 1.3960477214082698 1.396661561593852 0.0009765625
64.93168 64.951560000000001 1.3960338881014771 1.39664772140827 0.0009765625
64.951560000000001 64.971440000000001 1.3960200616680316 1.3966338881014773 0.0009765625
64.971440000000001 64.991320000000002 1.3960062421025157 1.3966200616680318 0.0009765625
64.991320000000002 65.011200000000002 1.3959924293995103 1.3966062421025158 0.0009765625
65.011200000000002 65.031080000000003 1.3959786235530707 1.3965924293989718 0.0009765625
65.031080000000003 65.050960000000003 1.3959648245594078 1.3965786235536108 0.0009765625
65.050960000000003 65.070840000000004 1.3959510324115052 1.396564824559408 0.0009765625
65.070840000000004 65.090720000000005 1.3959372471045073 1.3965510324115054 0.0009765625
65.090720000000005 65.110600000000005 1.395923468633022 1.3965372471045074 0.0009765625
65.110600000000005 65.130480000000006 1.395909696991682 1.3965234686330221 0.0009765625
65.130480000000006 65.150360000000006 1.3958959321751037 1.3965096969916821 0.0009765625
65.150360000000006 65.170240000000007 1.3958821741779102 1.3964959321751038 0.0009765625
65.170240000000007 65.190120000000007 1.3958684229947547 1.3964821741779103 0.0009765625
65.190120000000007 65.210000000000008 1.3958546786202648 1.3964684229947548 0.0009765625
65.210000000000008 65.229879999999994 1.3958409410490964 1.396454678620265 0.0009765625
65.229879999999994 65.249759999999995 1.3958272102758955 1.3964409410490966 0.0009765625
65.249759999999995 65.269639999999995 1.395813486295324 1.3964272102758957 0.0009765625
65.269639999999995 65.289519999999996 1.3957997691020538 1.3964134862953241 0.0009765625
65.289519999999996 65.309399999999997 1.3957860586907465 1.396399769102054 0.0009765625
65.309399999999997 65.329279999999997 1.3957723550560848 1.3963860586907466 0.0009765625
65.329279999999997 65.349159999999998 1.3957586581927515 1.3963723550560849 0.0009765625
65.349159999999998 65.369039999999998 1.395744968095433 1.3963586581927516 0.0009765625
65.369039999999998 65.388919999999999 1.3957312847588215 1.3963449680954332 0.0009765625
65.388919999999999 65.408799999999999 1.3957176081776139 1.3963312847588216 0.0009765625
65.408799999999999 65.42868 1.3957039383465275 1.3963176081776141 0.0009765625
65.42868 65.448560000000001 1.3956902752602642 1.3963039383465277 0.0009765625
65.448560000000001 65.468440000000001 1.3956766189135441 1.3962902752602644 0.0009765625
65.468440000000001 65.488320000000002 1.3956629693010871 1.3962766189135443 0.0009765625
65.488320000000002 65.508200000000002 1.3956493264176228 1.3962629693010873 0.0009765625
65.508200000000002 65.528080000000003 1.3956356902578879 1.396249326417623 0.0009765625
65.528080000000003 65.547960000000003 1.3956220608166146 1.3962356902578881 0.0009765625
65.547960000000003 65.567840000000004 1.3956084380885525 1.3962220608166147 0.0009765625
65.567840000000004 65.587720000000004 1.3955948220684582 1.3962084380885527 0.0009765625
65.587720000000004 65.607599999999991 1.3955812127510787 1.3961948220684584 0.0009765625
65.607599999999991 65.627479999999991 1.395567610131182 1.3961812127510789 0.0009765625
65.627479999999991 65.647359999999992 1.3955540142035399 1.3961676101311822 0.0009765625
65.647359999999992 65.667239999999993 1.3955404249629102 1.39615401420354 0.0009765625
65.667239999999993 65.687119999999993 1.3955268424040905 1.3961404249629104 0.0009765625
65.687119999999993 65.706999999999994 1.3955132665218526 1.3961268424040907 0.0009765625
65.706999999999994 65.726879999999994 1.3954996973109934 1.3961132665218527 0.0009765625
65.726879999999994 65.746759999999995 1.395486134766307 1.3960996973109936 0.0009765625
65.746759999999995 65.766639999999995 1.3954725788825983 1.3960861347663072 0.0009765625
65.766639999999995 65.786519999999996 1.3954590296546725 1.3960725788825985 0.0009765625
65.786519999999996 65.806399999999996 1.3954454870773345 1.3960590296546727 0.0009765625
65.806399999999996 65.826279999999997 1.3954319511448754 1.3960454870767987 0.0009765625
65.826279999999997 65.846159999999998 1.3954184218537304 1.396031951145412 0.0009765625
65.846159999999998 65.866039999999998 1.395404899197116 1.3960184218537306 0.0009765625
65.866039999999998 65.885919999999999 1.3953913831703966 1.3960048991971161 0.0009765625
65.885919999999999 65.905799999999999 1.3953778737684204 1.3959913831703967 0.0009765625
65.905799999999999 65.92568 1.3953643709860331 1.3959778737684205 0.0009765625
65.92568 65.94556 1.3953508748180874 1.3959643709860332 0.0009765625
65.94556 65.965440000000001 1.395337385259436 1.3959508748180876 0.0009765625
65.965440000000001 65.985320000000002 1.3953239023049433 1.3959373852594361 0.0009765625
65.985320000000002 66.005200000000002 1.3953104259494793 1.3959239023049435 0.0009765625
66.005200000000002 66.025080000000003 1.3952969561879174 1.3959104259494794 0.0009765625
66.025080000000003 66.044960000000003 1.395283493015133 1.3958969561879175 0.0009765625
66.044960000000003 66.064840000000004 1.3952700364260151 1.3958834930151331 0.0009765625
66.064840000000004 66.084720000000004 1.3952565864154534 1.3958700364260153 0.0009765625
66.084720000000004 66.104600000000005 1.395243142978335 1.3958565864154535 0.0009765625
66.104600000000005 66.124480000000005 1.3952297061095702 1.3958431429783351 0.0009765625
66.124480000000005 66.144360000000006 1.3952162758040645 1.3958297061095704 0.0009765625
66.144360000000006 66.164240000000007 1.395202852056729 1.3958162758040646 0.0009765625
66.164240000000007 66.184120000000007 1.3951894348624785 1.3958028520567292 0.0009765625
66.184120000000007 66.204000000000008 1.3951760242162321 1.3957894348624786 0.0009765625
66.204000000000008 66.223879999999994 1.3951626201129321 1.3957760242162323 0.0009765625
66.223879999999994 66.243759999999995 1.3951492225474993 1.3957626201129323 0.0009765625
66.243759999999995 66.263639999999995 1.3951358315148774 1.3957492225474994 0.0009765625
66.263639999999995 66.283519999999996 1.395122447010011 1.3957358315148776 0.0009765625
66.283519999999996 66.303399999999996 1.3951090690278425 1.3957224470100111 0.0009765625
66.303399999999996 66.323279999999997 1.395095697563342 1.3957090690278426 0.0009765625
66.323279999999997 66.343159999999997 1.3950823326114536 1.3956956975633421 0.0009765625
66.343159999999997 66.363039999999998 1.3950689741671525 1.3956823326114538 0.0009765625
66.363039999999998 66.382919999999999 1.3950556222254149 1.3956689741671526 0.0009765625
66.382919999999999 66.402799999999999 1.3950422767812019 1.3956556222254151 0.0009765625
66.402799999999999 66.42268 1.3950289378295111 1.395642276781202 0.0009765625
66.42268 66.44256 1.3950156053653171 1.3956289378295113 0.0009765625
66.44256 66.462440000000001 1.3950022793836243 1.3956156053653173 0.0009765625
66.462440000000001 66.482320000000001 1.3949889598794201 1.3956022793836245 0.0009765625
66.482320000000001 66.502200000000002 1.3949756468477088 1.3955889598794202 0.0009765625
66.502200000000002 66.522080000000003 1.3949623402835092 1.395575646847709 0.0009765625
66.522080000000003 66.541960000000003 1.3949490401818276 1.3955623402835093 0.0009765625
66.541960000000003 66.561840000000004 1.3949357465376808 1.3955490401818278 0.0009765625
66.561840000000004 66.581720000000004 1.3949224593460978 1.395535746537681 0.0009765625
66.581720000000004 66.601600000000005 1.3949091786021046 1.395522459346098 0.0009765625
66.601600000000005 66.621480000000005 1.3948959043002052 1.3955091786015668 0.0009765625
66.621480000000005 66.641360000000006 1.3948826364370457 1.395495904300744 0.0009765625
66.641360000000006 66.661240000000006 1.3948693750060666 1.3954826364370458 0.0009765625
66.661240000000006 66.681120000000007 1.3948561200028473 1.3954693750060667 0.0009765625
66.681120000000007 66.701000000000008 1.3948428714224494 1.3954561200028475 0.0009765625
66.701000000000008 66.720880000000008 1.3948296292599334 1.3954428714224496 0.0009765625
66.720880000000008 66.740760000000009 1.3948163935103599 1.3954296292599335 0.0009765625
66.740760000000009 66.760640000000009 1.3948031641688088 1.3954163935103601 0.0009765625
66.760640000000009 66.78052000000001 1.3947899412303542 1.3954031641688089 0.0009765625
66.78052000000001 66.800399999999996 1.3947767246900786 1.3953899412303543 0.0009765625
66.800399999999996 66.820279999999997 1.3947635145430677 1.3953767246900788 0.0009765625
66.820279999999997 66.840159999999997 1.3947503107844172 1.3953635145430678 0.0009765625
66.840159999999997 66.860039999999998 1.394737113409221 1.3953503107844174 0.0009765625
66.860039999999998 66.879919999999998 1.3947239224125865 1.3953371134092212 0.0009765625
66.879919999999998 66.899799999999999 1.3947107377896126 1.3953239224125866 0.0009765625
66.899799999999999 66.91968 1.3946975595354207 1.3953107377896128 0.0009765625
66.91968 66.93956 1.3946843876451345 1.3952975595354209 0.0009765625
66.93956 66.959440000000001 1.3946712221138671 1.3952843876451346 0.0009765625
66.959440000000001 66.979320000000001 1.3946580629367489 1.3952712221138672 0.0009765625
66.979320000000001 66.999200000000002 1.3946449101089182 1.395258062936749 0.0009765625
66.999200000000002 67.019080000000002 1.3946317636255101 1.3952449101089184 0.0009765625
67.019080000000002 67.038960000000003 1.3946186234816746 1.3952317636255103 0.0009765625
67.038960000000003 67.058840000000004 1.3946054896725519 1.3952186234816748 0.0009765625
67.058840000000004 67.078720000000004 1.3945923621933012 1.3952054896725521 0.0009765625
67.078720000000004 67.098600000000005 1.3945792410390849 1.3951923621933013 0.0009765625
67.098600000000005 67.118480000000005 1.3945661262050604 1.3951792410390851 0.0009765625
67.118480000000005 67.138360000000006 1.3945530176864041 1.3951661262050605 0.0009765625
67.138360000000006 67.158240000000006 1.3945399154782878 1.3951530176864042 0.0009765625
67.158240000000006 67.178120000000007 1.3945268195758918 1.395139915478288 0.0009765625
67.178120000000007 67.198000000000008 1.3945137299743997 1.3951268195758919 0.0009765625
67.198000000000008 67.217879999999994 1.3945006466690051 1.3951137299743999 0.0009765625
67.217879999999994 67.237759999999994 1.3944875696548993 1.3951006466690052 0.0009765625
67.237759999999994 67.257639999999995 1.3944744989272868 1.3950875696548994 0.0009765625
67.257639999999995 67.277519999999996 1.3944614344813673 1.395074498927287 0.0009765625
67.277519999999996 67.297399999999996 1.3944483763123516 1.3950614344813674 0.0009765625
67.297399999999996 67.317279999999997 1.3944353244154599 1.3950483763123518 0.0009765625
67.317279999999997 67.337159999999997 1.3944222787859026 1.3950353244154601 0.0009765625
67.337159999999997 67.357039999999998 1.3944092394189196 1.3950222787859028 0.0009765625
67.357039999999998 67.376919999999998 1.394396206309729 1.3950092394189197 0.0009765625
67.376919999999998 67.396799999999999 1.3943831794535737 1.3949962063097292 0.0009765625
67.396799999999999 67.416679999999999 1.39437015884515 1.3949831794530356 0.0009765625
67.416679999999999 67.43656 1.3943571444813179 1.3949701588456853 0.0009765625
67.43656 67.456440000000001 1.3943441363557134 1.394957144481318 0.0009765625
67.456440000000001 67.476320000000001 1.3943311344641385 1.3949441363557136 0.0009765625
67.476320000000001 67.496200000000002 1.3943181388018449 1.3949311344641386 0.0009765625
67.496200000000002 67.516080000000002 1.3943051493640961 1.394918138801845 0.0009765625
67.516080000000002 67.535960000000003 1.3942921661461674 1.3949051493640963 0.0009765625
67.535960000000003 67.555840000000003 1.3942791891433253 1.3948921661461675 0.0009765625
67.555840000000003 67.575720000000004 1.3942662183508661 1.3948791891433254 0.0009765625
67.575720000000004 67.595600000000005 1.3942532537640648 1.3948662183508662 0.0009765625
67.595600000000005 67.615480000000005 1.3942402953782036 1.394853253764065 0.0009765625
67.615480000000005 67.635360000000006 1.3942273431885874 1.3948402953782038 0.0009765625
67.635360000000006 67.655240000000006 1.3942143971905196 1.3948273431885876 0.0009765625
67.655240000000006 67.675120000000007 1.3942014573792951 1.3948143971905198 0.0009765625
67.675120000000007 67.695000000000007 1.3941885237502258 1.3948014573792953 0.0009765625
67.695000000000007 67.714880000000008 1.3941755962986315 1.394788523750226 0.0009765625
67.714880000000008 67.734760000000009 1.3941626750198188 1.3947755962986317 0.0009765625
67.734760000000009 67.754640000000009 1.3941497599091313 1.394762675019819 0.0009765625
67.754640000000009 67.77452000000001 1.3941368509618823 1.3947497599091314 0.0009765625
67.77452000000001 67.794399999999996 1.3941239481734129 1.3947368509618825 0.0009765625
67.794399999999996 67.814279999999997 1.39411105153906 1.3947239481734131 0.0009765625
67.814279999999997 67.834159999999997 1.3940981610541625 1.3947110515390602 0.0009765625
67.834159999999997 67.854039999999998 1.3940852767140783 1.3946981610541627 0.0009765625
67.854039999999998 67.873919999999998 1.3940723985141537 1.3946852767140785 0.0009765625
67.873919999999998 67.893799999999999 1.3940595264497517 1.3946723985141538 0.0009765625
67.893799999999999 67.913679999999999 1.3940466605162316 1.3946595264497519 0.0009765625
67.913679999999999 67.93356 1.394033800708965 1.3946466605162318 0.0009765625
67.93356 67.953440000000001 1.3940209470233207 1.3946338007089651 0.0009765625
67.953440000000001 67.973320000000001 1.3940080994546782 1.3946209470233208 0.0009765625
67.973320000000001 67.993200000000002 1.3939952579984136 1.3946080994546783 0.0009765625
67.993200000000002 68.013080000000002 1.3939824226499276 1.3945952579984138 0.0009765625
68.013080000000002 68.032960000000003 1.3939695934045997 1.3945824226499277 0.0009765625
68.032960000000003 68.052840000000003 1.3939567702578333 1.3945695934045998 0.0009765625
68.052840000000003 68.072720000000004 1.3939439532050275 1.3945567702578334 0.0009765625
68.072720000000004 68.092600000000004 1.393931142241585 1.3945439532050277 0.0009765625
68.092600000000004 68.112480000000005 1.3939183373629278 1.3945311422415851 0.0009765625
68.112480000000005 68.132360000000006 1.3939055385644583 1.394518337362928 0.0009765625
68.132360000000006 68.152240000000006 1.3938927458416122 1.3945055385644585 0.0009765625
68.152240000000006 68.172120000000007 1.3938799591897988 1.3944927458416123 0.0009765625
68.172120000000007 68.192000000000007 1.3938671786044532 1.3944799591897989 0.0009765625
68.192000000000007 68.211880000000008 1.393854404080485 1.3944671786039191 0.0009765625
68.211880000000008 68.231760000000008 1.393841635614923 1.3944544040810201 0.0009765625
68.231760000000008 68.251640000000009 1.393828873201622 1.3944416356149232 0.0009765625
68.251640000000009 68.27152000000001 1.3938161168365557 1.3944288732016221 0.0009765625
68.27152000000001 68.29140000000001 1.3938033665151766 1.3944161168365559 0.0009765625
68.29140000000001 68.311280000000011 1.3937906222329521 1.3944033665151767 0.0009765625
68.311280000000011 68.331160000000011 1.3937778839853385 1.3943906222329523 0.0009765625
68.331160000000011 68.351040000000012 1.393765151767802 1.3943778839853387 0.0009765625
68.351040000000012 68.370920000000012 1.3937524255758229 1.3943651517678022 0.0009765625
68.370920000000012 68.390800000000013 1.3937397054048706 1.3943524255758231 0.0009765625
68.390800000000013 68.410679999999999 1.3937269912504309 1.3943397054048707 0.0009765625
68.410679999999999 68.43056 1.3937142831079943 1.394326991250431 0.0009765625
68.43056 68.45044 1.3937015809730429 1.3943142831079944 0.0009765625
68.45044 68.470320000000001 1.3936888848410773 1.394301580973043 0.0009765625
68.470320000000001 68.490200000000002 1.3936761947075997 1.3942888848410775 0.0009765625
68.490200000000002 68.510080000000002 1.3936635105681083 1.3942761947075999 0.0009765625
68.510080000000002 68.529960000000003 1.3936508324181187 1.3942635105681085 0.0009765625
68.529960000000003 68.549840000000003 1.3936381602531465 1.3942508324181189 0.0009765625
68.549840000000003 68.569720000000004 1.3936254940687094 1.3942381602531466 0.0009765625
68.569720000000004 68.589600000000004 1.3936128338603277 1.3942254940687095 0.0009765625
68.589600000000004 68.609480000000005 1.3936001796235304 1.3942128338603279 0.0009765625
68.609480000000005 68.629360000000005 1.3935875313538577 1.3942001796235306 0.0009765625
68.629360000000005 68.649240000000006 1.3935748890468349 1.3941875313538579 0.0009765625
68.649240000000006 68.669120000000007 1.3935622526980134 1.3941748890468351 0.0009765625
68.669120000000007 68.689000000000007 1.393549622302936 1.3941622526980135 0.0009765625
68.689000000000007 68.708880000000008 1.3935369978571586 1.3941496223029362 0.0009765625
68.708880000000008 68.728760000000008 1.3935243793562311 1.3941369978571587 0.0009765625
68.728760000000008 68.748640000000009 1.393511766795708 1.3941243793562312 0.0009765625
68.748640000000009 68.768520000000009 1.393499160171171 1.3941117667957081 0.0009765625
68.768520000000009 68.788399999999996 1.393486559478182 1.3940991601711712 0.0009765625
68.788399999999996 68.808279999999996 1.3934739647123082 1.3940865594781822 0.0009765625
68.808279999999996 68.828159999999997 1.3934613758691352 1.3940739647123084 0.0009765625
68.828159999999997 68.848039999999997 1.3934487929442492 1.3940613758691354 0.0009765625
68.848039999999997 68.867919999999998 1.3934362159332288 1.3940487929442493 0.0009765625
68.867919999999998 68.887799999999999 1.3934236448316766 1.3940362159332289 0.0009765625
68.887799999999999 68.907679999999999 1.3934110796351722 1.3940236448316767 0.0009765625
68.907679999999999 68.92756 1.3933985203393369 1.3940110796351723 0.0009765625
68.92756 68.94744 1.3933859669397688 1.393998520339337 0.0009765625
68.94744 68.967320000000001 1.3933734194320757 1.393985966939769 0.0009765625
68.967320000000001 68.987200000000001 1.3933608778118762 1.3939734194320759 0.0009765625
68.987200000000001 69.007080000000002 1.393348342074247 1.3939608778113379 0.0009765625
69.007080000000002 69.026960000000003 1.393335812216427 1.3939483420747822 0.0009765625
69.026960000000003 69.046840000000003 1.3933232882324298 1.3939358122164272 0.0009765625
69.046840000000003 69.066720000000004 1.3933107701184295 1.3939232882324299 0.0009765625
69.066720000000004 69.086600000000004 1.3932982578700654 1.3939107701184297 0.0009765625
69.086600000000004 69.106480000000005 1.3932857514829715 1.3938982578700656 0.0009765625
69.106480000000005 69.126360000000005 1.3932732509528039 1.3938857514829717 0.0009765625
69.126360000000005 69.146240000000006 1.3932607562752048 1.393873250952804 0.0009765625
69.146240000000006 69.166120000000006 1.3932482674458337 1.393860756275205 0.0009765625
69.166120000000006 69.186000000000007 1.393235784460342 1.3938482674458339 0.0009765625
69.186000000000007 69.205879999999993 1.393223307314404 1.3938357844603422 0.0009765625
69.205879999999993 69.225759999999994 1.3932108360036866 1.3938233073144042 0.0009765625
69.225759999999994 69.245639999999995 1.3931983705238544 1.3938108360036867 0.0009765625
69.245639999999995 69.265519999999995 1.393185910870584 1.3937983705238546 0.0009765625
69.265519999999995 69.285399999999996 1.3931734570395746 1.3937859108705841 0.0009765625
69.285399999999996 69.305279999999996 1.3931610090264939 1.3937734570395748 0.0009765625
69.305279999999996 69.325159999999997 1.393148566827046 1.393761009026494 0.0009765625
69.325159999999997 69.345039999999997 1.3931361304369105 1.3937485668270462 0.0009765625
69.345039999999997 69.364919999999998 1.3931236998517982 1.3937361304369107 0.0009765625
69.364919999999998 69.384799999999998 1.3931112750674095 1.3937236998517983 0.0009765625
69.384799999999998 69.404679999999999 1.3930988560794515 1.3937112750674097 0.0009765625
69.404679999999999 69.42456 1.393086442883636 1.3936988560794517 0.0009765625
69.42456 69.44444 1.3930740354756805 1.3936864428836362 0.0009765625
69.44444 69.464320000000001 1.3930616338513071 1.3936740354756807 0.0009765625
69.464320000000001 69.484200000000001 1.3930492380062418 1.3936616338513073 0.0009765625
69.484200000000001 69.504080000000002 1.3930368479362103 1.393649238006242 0.0009765625
69.504080000000002 69.523960000000002 1.3930244636369509 1.3936368479362105 0.0009765625
69.523960000000002 69.543840000000003 1.3930120851042023 1.393624463636951 0.0009765625
69.543840000000003 69.563720000000004 1.3929997123337046 1.3936120851042024 0.0009765625
69.563720000000004 69.58359999999999 1.3929873453212054 1.3935997123337047 0.0009765625
69.58359999999999 69.60347999999999 1.3929749840624539 1.3935873453212055 0.0009765625
69.60347999999999 69.623359999999991 1.3929626285532133 1.3935749840624541 0.0009765625
69.623359999999991 69.643239999999992 1.3929502787892367 1.3935626285532134 0.0009765625
69.643239999999992 69.663119999999992 1.3929379347662905 1.3935502787892369 0.0009765625
69.663119999999992 69.682999999999993 1.3929255964801412 1.3935379347662906 0.0009765625
69.682999999999993 69.702879999999993 1.3929132639265636 1.3935255964801414 0.0009765625
69.702879999999993 69.722759999999994 1.3929009371013401 1.3935132639265637 0.0009765625
69.722759999999994 69.742639999999994 1.3928886160002456 1.3935009371013403 0.0009765625
69.742639999999994 69.762519999999995 1.3928763006190692 1.3934886160002458 0.0009765625
69.762519999999995 69.782399999999996 1.3928639909535965 1.3934763006190694 0.0009765625
69.782399999999996 69.802279999999996 1.3928516869990906 1.3934639909530608 0.0009765625
69.802279999999996 69.822159999999997 1.3928393887529587 1.3934516869996294 0.0009765625
69.822159999999997 69.842039999999997 1.3928270962093874 1.3934393887529588 0.0009765625
69.842039999999997 69.861919999999998 1.3928148093647335 1.3934270962093875 0.0009765625
69.861919999999998 69.881799999999998 1.392802528214794 1.3934148093647336 0.0009765625
69.881799999999998 69.901679999999999 1.3927902527553966 1.3934025282147942 0.0009765625
69.901679999999999 69.921559999999999 1.3927779829823583 1.3933902527553967 0.0009765625
69.921559999999999 69.94144 1.3927657188914913 1.3933779829823585 0.0009765625
69.94144 69.961320000000001 1.3927534604786374 1.3933657188914914 0.0009765625
69.961320000000001 69.981200000000001 1.392741207739626 1.3933534604786375 0.0009765625
69.981200000000001 70.001080000000002 1.3927289606702944 1.3933412077396261 0.0009765625
70.001080000000002 70.020960000000002 1.3927167192664776 1.3933289606702945 0.0009765625
70.020960000000002 70.040840000000003 1.3927044835240276 1.3933167192664777 0.0009765625
70.040840000000003 70.060720000000003 1.3926922534387915 1.3933044835240278 0.0009765625
70.060720000000003 70.080600000000004 1.3926800290066215 1.3932922534387917 0.0009765625
70.080600000000004 70.100480000000005 1.3926678102233749 1.3932800290066216 0.0009765625
70.100480000000005 70.120360000000005 1.3926555970849148 1.3932678102233751 0.0009765625
70.120360000000005 70.140240000000006 1.3926433895871104 1.393255597084915 0.0009765625
70.140240000000006 70.160120000000006 1.3926311877258259 1.3932433895871106 0.0009765625
70.160120000000006 70.180000000000007 1.3926189914969438 1.3932311877258261 0.0009765625
70.180000000000007 70.199879999999993 1.3926068008963317 1.3932189914969439 0.0009765625
70.199879999999993 70.219759999999994 1.3925946159198845 1.3932068008963319 0.0009765625
70.219759999999994 70.239639999999994 1.3925824365634767 1.3931946159198847 0.0009765625
70.239639999999994 70.259519999999995 1.3925702628230074 1.3931824365634768 0.0009765625
70.259519999999995 70.279399999999995 1.3925580946943608 1.3931702628230076 0.0009765625
70.279399999999995 70.299279999999996 1.3925459321734559 1.3931580946943609 0.0009765625
70.299279999999996 70.319159999999997 1.3925337752561853 1.3931459321734561 0.0009765625
70.319159999999997 70.339039999999997 1.3925216239384526 1.3931337752561854 0.0009765625
70.339039999999997 70.358919999999998 1.3925094782161735 1.3931216239384527 0.0009765625
70.358919999999998 70.378799999999998 1.3924973380852579 1.3931094782161737 0.0009765625
70.378799999999998 70.398679999999999 1.3924852035416373 1.393097338085258 0.0009765625
70.398679999999999 70.418559999999999 1.3924730745812317 1.3930852035416375 0.0009765625
70.418559999999999 70.43844 1.3924609511999615 1.3930730745812319 0.0009765625
70.43844 70.458320000000001 1.392448833393765 1.3930609511999617 0.0009765625
70.458320000000001 70.478200000000001 1.3924367211585778 1.3930488333937652 0.0009765625
70.478200000000001 70.498080000000002 1.392424614490342 1.3930367211585779 0.0009765625
70.498080000000002 70.517960000000002 1.3924125133849958 1.3930246144903422 0.0009765625
70.517960000000002 70.537840000000003 1.3924004178384948 1.393012513384996 0.0009765625
70.537840000000003 70.557720000000003 1.3923883278467837 1.3930004178384949 0.0009765625
70.557720000000003 70.577600000000004 1.3923762434058333 1.3929883278467838 0.0009765625
70.577600000000004 70.597480000000004 1.3923641645110492 1.3929762434052926 0.0009765625
70.597480000000004 70.617360000000005 1.3923520911600151 1.3929641645115864 0.0009765625
70.617360000000005 70.637240000000006 1.3923400233470915 1.3929520911600153 0.0009765625
70.637240000000006 70.657120000000006 1.3923279610687842 1.3929400233470917 0.0009765625
70.657120000000006 70.677000000000007 1.392315904321072 1.3929279610687844 0.0009765625
70.677000000000007 70.696880000000007 1.3923038530999361 1.3929159043210722 0.0009765625
70.696880000000007 70.716760000000008 1.3922918074013577 1.3929038530999363 0.0009765625
70.716760000000008 70.736640000000008 1.3922797672213292 1.3928918074013579 0.0009765625
70.736640000000008 70.756520000000009 1.3922677325558406 1.3928797672213293 0.0009765625
70.756520000000009 70.776399999999995 1.3922557034008904 1.3928677325558407 0.0009765625
70.776399999999995 70.796279999999996 1.3922436797524771 1.3928557034008906 0.0009765625
70.796279999999996 70.816159999999996 1.3922316616066166 1.3928436797524772 0.0009765625
70.816159999999996 70.836039999999997 1.3922196489593044 1.3928316616066168 0.0009765625
70.836039999999997 70.855919999999998 1.392207641806553 1.3928196489593045 0.0009765625
70.855919999999998 70.875799999999998 1.3921956401443907 1.3928076418065531 0.0009765625
70.875799999999998 70.895679999999999 1.3921836439688291 1.3927956401443908 0.0009765625
70.895679999999999 70.915559999999999 1.3921716532758928 1.3927836439688293 0.0009765625
70.915559999999999 70.93544 1.3921596680616193 1.3927716532758929 0.0009765625
70.93544 70.95532 1.3921476883220236 1.3927596680616194 0.0009765625
70.95532 70.975200000000001 1.3921357140531658 1.3927476883220238 0.0009765625
70.975200000000001 70.995080000000002 1.3921237452510657 1.392735714053166 0.0009765625
70.995080000000002 71.014960000000002 1.3921117819117761 1.3927237452510659 0.0009765625
71.014960000000002 71.034840000000003 1.3920998240313549 1.3927117819117762 0.0009765625
71.034840000000003 71.054720000000003 1.3920878716058376 1.3926998240313551 0.0009765625
71.054720000000003 71.074600000000004 1.3920759246312919 1.3926878716058377 0.0009765625
71.074600000000004 71.094480000000004 1.3920639831037736 1.3926759246312921 0.0009765625
71.094480000000004 71.114360000000005 1.3920520470193491 1.3926639831037737 0.0009765625
71.114360000000005 71.134240000000005 1.3920401163740803 1.3926520470193493 0.0009765625
71.134240000000005 71.154120000000006 1.3920281911640462 1.3926401163740805 0.0009765625
71.154120000000006 71.174000000000007 1.3920162713853208 1.3926281911640463 0.0009765625
71.174000000000007 71.193879999999993 1.3920043570339811 1.392616271385321 0.0009765625
71.193879999999993 71.213759999999994 1.3919924481061177 1.3926043570339812 0.0009765625
71.213759999999994 71.233639999999994 1.3919805445978111 1.3925924481061178 0.0009765625
71.233639999999994 71.253519999999995 1.3919686465051533 1.3925805445978112 0.0009765625
71.253519999999995 71.273399999999995 1.3919567538242466 1.3925686465051534 0.0009765625
71.273399999999995 71.293279999999996 1.3919448665511787 1.3925567538242467 0.0009765625
71.293279999999996 71.313159999999996 1.3919329846820645 1.3925448665511788 0.0009765625
71.313159999999996 71.333039999999997 1.3919211082130052 1.3925329846820647 0.0009765625
71.333039999999997 71.352919999999997 1.3919092371401123 1.3925211082130053 0.0009765625
71.352919999999997 71.372799999999998 1.3918973714594962 1.3925092371401124 0.0009765625
71.372799999999998 71.392679999999999 1.3918855111667463 1.3924973714589586 0.0009765625
71.392679999999999 71.412559999999999 1.3918736562595877 1.392485511167284 0.0009765625
71.412559999999999 71.43244 1.3918618067325415 1.3924736562595879 0.0009765625
71.43244 71.45232 1.3918499625822767 1.3924618067325416 0.0009765625
71.45232 71.472200000000001 1.3918381238049224 1.3924499625822768 0.0009765625
71.472200000000001 71.492080000000001 1.3918262903966148 1.3924381238049226 0.0009765625
71.492080000000001 71.511960000000002 1.3918144623534994 1.3924262903966149 0.0009765625
71.511960000000002 71.531840000000003 1.3918026396717256 1.3924144623534995 0.0009765625
71.531840000000003 71.551720000000003 1.3917908223474358 1.3924026396717257 0.0009765625
71.551720000000003 71.571600000000004 1.3917790103767773 1.3923908223474359 0.0009765625
71.571600000000004 71.591480000000004 1.3917672037559246 1.3923790103767775 0.0009765625
71.591480000000004 71.611360000000005 1.3917554024810168 1.3923672037559247 0.0009765625
71.611360000000005 71.631240000000005 1.3917436065482363 1.392355402481017 0.0009765625
71.631240000000005 71.651120000000006 1.3917318159537448 1.3923436065482364 0.0009765625
71.651120000000006 71.671000000000006 1.3917200306937076 1.392331815953745 0.0009765625
71.671000000000006 71.690880000000007 1.3917082507643046 1.3923200306937078 0.0009765625
71.690880000000007 71.710760000000008 1.3916964761617239 1.3923082507643048 0.0009765625
71.710760000000008 71.730640000000008 1.3916847068821414 1.392296476161724 0.0009765625
71.730640000000008 71.750520000000009 1.3916729429217416 1.3922847068821416 0.0009765625
71.750520000000009 71.770399999999995 1.3916611842767179 1.3922729429217418 0.0009765625
71.770399999999995 71.790279999999996 1.3916494309432688 1.3922611842767181 0.0009765625
71.790279999999996 71.810159999999996 1.3916376829175863 1.3922494309432689 0.0009765625
71.810159999999996 71.830039999999997 1.3916259401958755 1.3922376829175864 0.0009765625
71.830039999999997 71.849919999999997 1.3916142027743461 1.3922259401958756 0.0009765625
71.849919999999997 71.869799999999998 1.3916024706491961 1.3922142027743463 0.0009765625
71.869799999999998 71.889679999999998 1.3915907438166533 1.3922024706491962 0.0009765625
71.889679999999998 71.909559999999999 1.391579022272921 1.3921907438166534 0.0009765625
71.909559999999999 71.92944 1.391567306014228 1.3921790222729211 0.0009765625
71.92944 71.94932 1.3915555950367946 1.3921673060142281 0.0009765625
71.94932 71.969200000000001 1.3915438893368564 1.3921555950367948 0.0009765625
71.969200000000001 71.989080000000001 1.3915321889106385 1.3921438893368565 0.0009765625
71.989080000000001 72.008960000000002 1.3915204937543766 1.3921321889106386 0.0009765625
72.008960000000002 72.028840000000002 1.3915088038643129 1.3921204937543767 0.0009765625
72.028840000000002 72.048720000000003 1.3914971192366887 1.392108803864313 0.0009765625
72.048720000000003 72.068600000000004 1.3914854398677445 1.3920971192366889 0.0009765625
72.068600000000004 72.088480000000004 1.3914737657537408 1.3920854398677447 0.0009765625
72.088480000000004 72.108360000000005 1.3914620968909308 1.392073765753741 0.0009765625
72.108360000000005 72.128240000000005 1.3914504332755691 1.392062096890931 0.0009765625
72.128240000000005 72.148120000000006 1.3914387749039114 1.3920504332755692 0.0009765625
72.148120000000006 72.168000000000006 1.39142712177223 1.3920387749039116 0.0009765625
72.168000000000006 72.187880000000007 1.3914154738762565 1.3920271217716957 0.0009765625
72.187880000000007 72.207760000000007 1.3914038312138677 1.3920154738767934 0.0009765625
72.207760000000007 72.227640000000008 1.3913921937797349 1.3920038312138678 0.0009765625
72.227640000000008 72.247520000000009 1.391380561570676 1.391992193779735 0.0009765625
72.247520000000009 72.267400000000009 1.391368934582971 1.3919805615706762 0.0009765625
72.267400000000009 72.28728000000001 1.3913573128129031 1.3919689345829711 0.0009765625
72.28728000000001 72.30716000000001 1.3913456962567694 1.3919573128129032 0.0009765625
72.30716000000001 72.327040000000011 1.391334084910864 1.3919456962567696 0.0009765625
72.327040000000011 72.346920000000011 1.3913224787714777 1.3919340849108641 0.0009765625
72.346920000000011 72.366800000000012 1.3913108778349128 1.3919224787714779 0.0009765625
72.366800000000012 72.386679999999998 1.3912992820974837 1.391910877834913 0.0009765625
72.386679999999998 72.406559999999999 1.3912876915554959 1.3918992820974838 0.0009765625
72.406559999999999 72.426439999999999 1.3912761062052552 1.3918876915554961 0.0009765625
72.426439999999999 72.44632 1.3912645260430823 1.3918761062052554 0.0009765625
72.44632 72.466200000000001 1.3912529510652907 1.3918645260430824 0.0009765625
72.466200000000001 72.486080000000001 1.3912413812682138 1.3918529510652908 0.0009765625
72.486080000000001 72.505960000000002 1.3912298166481685 1.391841381268214 0.0009765625
72.505960000000002 72.525840000000002 1.3912182572014873 1.3918298166481686 0.0009765625
72.525840000000002 72.545720000000003 1.3912067029245114 1.3918182572014874 0.0009765625
72.545720000000003 72.565600000000003 1.3911951538135703 1.3918067029245116 0.0009765625
72.565600000000003 72.585480000000004 1.3911836098650057 1.3917951538135704 0.0009765625
72.585480000000004 72.605360000000005 1.3911720710751636 1.3917836098650058 0.0009765625
72.605360000000005 72.625240000000005 1.3911605374403926 1.3917720710751638 0.0009765625
72.625240000000005 72.645120000000006 1.3911490089570504 1.3917605374403927 0.0009765625
72.645120000000006 72.665000000000006 1.3911374856214758 1.3917490089570506 0.0009765625
72.665000000000006 72.684880000000007 1.3911259674300449 1.3917374856214759 0.0009765625
72.684880000000007 72.704760000000007 1.3911144543791061 1.3917259674300451 0.0009765625
72.704760000000007 72.724640000000008 1.3911029464650353 1.3917144543791062 0.0009765625
72.724640000000008 72.744520000000009 1.3910914436841957 1.3917029464650355 0.0009765625
72.744520000000009 72.764399999999995 1.3910799460329668 1.3916914436841958 0.0009765625
72.764399999999995 72.784279999999995 1.3910684535077149 1.391679946032967 0.0009765625
72.784279999999995 72.804159999999996 1.3910569661048282 1.3916684535077151 0.0009765625
72.804159999999996 72.824039999999997 1.3910454838206907 1.3916569661048284 0.0009765625
72.824039999999997 72.843919999999997 1.3910340066516818 1.3916454838206909 0.0009765625
72.843919999999997 72.863799999999998 1.3910225345941947 1.3916340066516819 0.0009765625
72.863799999999998 72.883679999999998 1.3910110676446343 1.3916225345941948 0.0009765625
72.883679999999998 72.903559999999999 1.3909996057993805 1.3916110676446345 0.0009765625
72.903559999999999 72.923439999999999 1.3909881490548504 1.3915996057993807 0.0009765625
72.923439999999999 72.94332 1.3909766974074342 1.3915881490548505 0.0009765625
72.94332 72.963200000000001 1.3909652508535499 1.3915766974074344 0.0009765625
72.963200000000001 72.983080000000001 1.3909538093890708 1.391565250853015 0.0009765625
72.983080000000001 73.002960000000002 1.3909423730120125 1.391553809389608 0.0009765625
73.002960000000002 73.022840000000002 1.3909309417172002 1.3915423730120127 0.0009765625
73.022840000000002 73.042720000000003 1.3909195155015808 1.3915309417172004 0.0009765625
73.042720000000003 73.062600000000003 1.3909080943615748 1.3915195155015809 0.0009765625
73.062600000000003 73.082480000000004 1.3908966782936263 1.391508094361575 0.0009765625
73.082480000000004 73.102360000000004 1.3908852672941561 1.3914966782936264 0.0009765625
73.102360000000004 73.122240000000005 1.3908738613595988 1.3914852672941562 0.0009765625
73.122240000000005 73.142120000000006 1.3908624604864057 1.3914738613595989 0.0009765625
73.142120000000006 73.162000000000006 1.3908510646710048 1.3914624604864059 0.0009765625
73.162000000000006 73.181879999999992 1.3908396739098536 1.391451064671005 0.0009765625
73.181879999999992 73.201759999999993 1.3908282881993987 1.3914396739098538 0.0009765625
73.201759999999993 73.221639999999994 1.3908169075360886 1.3914282881993989 0.0009765625
73.221639999999994 73.241519999999994 1.3908055319163855 1.3914169075360887 0.0009765625
73.241519999999994 73.261399999999995 1.3907941613367389 1.3914055319163856 0.0009765625
73.261399999999995 73.281279999999995 1.3907827957936272 1.3913941613367391 0.0009765625
73.281279999999995 73.301159999999996 1.390771435283501 1.3913827957936273 0.0009765625
73.301159999999996 73.321039999999996 1.3907600798028439 1.3913714352835012 0.0009765625
73.321039999999996 73.340919999999997 1.3907487293481249 1.391360079802844 0.0009765625
73.340919999999997 73.360799999999998 1.3907373839158133 1.391348729348125 0.0009765625
73.360799999999998 73.380679999999998 1.3907260435024018 1.3913373839158134 0.0009765625
73.380679999999998 73.400559999999999 1.3907147081043627 1.391326043502402 0.0009765625
73.400559999999999 73.420439999999999 1.3907033777181956 1.3913147081043629 0.0009765625
73.420439999999999 73.44032 1.3906920523403745 1.3913033777181958 0.0009765625
73.44032 73.4602 1.3906807319674108 1.3912920523403747 0.0009765625
73.4602 73.480080000000001 1.3906694165957951 1.391280731967411 0.0009765625
73.480080000000001 73.499960000000002 1.3906581062220145 1.3912694165957953 0.0009765625
73.499960000000002 73.519840000000002 1.3906468008425927 1.3912581062220146 0.0009765625
73.519840000000002 73.539720000000003 1.3906355004540254 1.3912468008425929 0.0009765625
73.539720000000003 73.559599999999989 1.3906242050528248 1.3912355004540256 0.0009765625
73.559599999999989 73.57947999999999 1.3906129146355108 1.391224205052825 0.0009765625
73.57947999999999 73.59935999999999 1.3906016291985928 1.391212914635511 0.0009765625
73.59935999999999 73.619239999999991 1.3905903487385964 1.3912016291985929 0.0009765625
73.619239999999991 73.639119999999991 1.3905790732520436 1.3911903487385966 0.0009765625
73.639119999999991 73.658999999999992 1.3905678027354638 1.3911790732520437 0.0009765625
73.658999999999992 73.678879999999992 1.3905565371853896 1.3911678027354639 0.0009765625
73.678879999999992 73.698759999999993 1.390545276598345 1.3911565371853898 0.0009765625
73.698759999999993 73.718639999999994 1.3905340209708805 1.3911452765983452 0.0009765625
73.718639999999994 73.738519999999994 1.3905227702995286 1.3911340209708807 0.0009765625
73.738519999999994 73.758399999999995 1.3905115245808324 1.3911227702995288 0.0009765625
73.758399999999995 73.778279999999995 1.3905002838108145 1.3911115245803012 0.0009765625
73.778279999999995 73.798159999999996 1.3904890479876146 1.3911002838113462 0.0009765625
73.798159999999996 73.818039999999996 1.390477817106192 1.3910890479876148 0.0009765625
73.818039999999996 73.837919999999997 1.3904665911636411 1.3910778171061922 0.0009765625
73.837919999999997 73.857799999999997 1.3904553701565203 1.3910665911636413 0.0009765625
73.857799999999997 73.877679999999998 1.3904441540813863 1.3910553701565205 0.0009765625
73.877679999999998 73.897559999999999 1.3904329429348168 1.3910441540813865 0.0009765625
73.897559999999999 73.917439999999999 1.3904217367133709 1.3910329429348169 0.0009765625
73.917439999999999 73.93732 1.3904105354136296 1.391021736713371 0.0009765625
73.93732 73.9572 1.3903993390321747 1.3910105354136297 0.0009765625
73.9572 73.977079999999987 1.390388147565575 1.3909993390321749 0.0009765625
73.977079999999987 73.996959999999987 1.3903769610104248 1.3909881475655752 0.0009765625
73.996959999999987 74.016839999999988 1.3903657793633026 1.390976961010425 0.0009765625
74.016839999999988 74.036719999999988 1.3903546026207996 1.3909657793633028 0.0009765625
74.036719999999988 74.056599999999989 1.3903434307795142 1.3909546026207997 0.0009765625
74.056599999999989 74.076479999999989 1.3903322638360418 1.3909434307795143 0.0009765625
74.076479999999989 74.09635999999999 1.3903211017869739 1.390932263836042 0.0009765625
74.09635999999999 74.116239999999991 1.3903099446289335 1.390921101786974 0.0009765625
74.116239999999991 74.136119999999991 1.3902987923584964 1.3909099446289337 0.0009765625
74.136119999999991 74.155999999999992 1.3902876449722978 1.3908987923584966 0.0009765625
74.155999999999992 74.175879999999992 1.3902765024669441 1.390887644972298 0.0009765625
74.175879999999992 74.195759999999993 1.3902653648390495 1.3908765024669443 0.0009765625
74.195759999999993 74.215639999999993 1.3902542320852342 1.3908653648390497 0.0009765625
74.215639999999993 74.235519999999994 1.3902431042021148 1.3908542320852344 0.0009765625
74.235519999999994 74.255399999999995 1.3902319811863248 1.390843104202115 0.0009765625
74.255399999999995 74.275279999999995 1.3902208630344901 1.390831981186325 0.0009765625
74.275279999999995 74.295159999999996 1.3902097497432433 1.3908208630344903 0.0009765625
74.295159999999996 74.315039999999996 1.3901986413092189 1.3908097497432435 0.0009765625
74.315039999999996 74.334919999999997 1.3901875377290553 1.390798641309219 0.0009765625
74.334919999999997 74.354799999999983 1.3901764389993985 1.3907875377290555 0.0009765625
74.354799999999983 74.374679999999984 1.3901653451168894 1.3907764389993986 0.0009765625
74.374679999999984 74.394559999999984 1.3901542560781732 1.3907653451168895 0.0009765625
74.394559999999984 74.414439999999985 1.3901431718799073 1.3907542560781734 0.0009765625
74.414439999999985 74.434319999999985 1.3901320925187453 1.3907431718799075 0.0009765625
74.434319999999985 74.454199999999986 1.3901210179913375 1.3907320925187454 0.0009765625
74.454199999999986 74.474079999999987 1.3901099482943582 1.3907210179913376 0.0009765625
74.474079999999987 74.493959999999987 1.3900988834244565 1.3907099482943583 0.0009765625
74.493959999999987 74.513839999999988 1.390087823378318 1.3906988834244567 0.0009765625
74.513839999999988 74.533719999999988 1.3900767681525867 1.3906878233783182 0.0009765625
74.533719999999988 74.553599999999989 1.3900657177439648 1.3906767681525869 0.0009765625
74.553599999999989 74.573479999999989 1.3900546721485785 1.3906657177434336 0.0009765625
74.573479999999989 74.59335999999999 1.390043631364714 1.3906546721491126 0.0009765625
74.59335999999999 74.61323999999999 1.3900325953874517 1.3906436313647141 0.0009765625
74.61323999999999 74.633119999999991 1.3900215642140086 1.3906325953874519 0.0009765625
74.633119999999991 74.652999999999992 1.3900105378410768 1.3906215642140087 0.0009765625
74.652999999999992 74.672879999999992 1.389999516265354 1.3906105378410769 0.0009765625
74.672879999999992 74.692759999999993 1.3899884994835241 1.3905995162653542 0.0009765625
74.692759999999993 74.712639999999993 1.389977487492299 1.3905884994835243 0.0009765625
74.712639999999993 74.732519999999994 1.3899664802883713 1.3905774874922991 0.0009765625
74.732519999999994 74.752399999999994 1.389955477868446 1.3905664802883715 0.0009765625
74.752399999999994 74.772279999999995 1.3899444802292384 1.3905554778684461 0.0009765625
74.772279999999995 74.792159999999996 1.3899334873674503 1.3905444802292386 0.0009765625
74.792159999999996 74.812039999999996 1.3899224992798052 1.3905334873674504 0.0009765625
74.812039999999996 74.831919999999997 1.3899115159630131 1.3905224992798053 0.0009765625
74.831919999999997 74.851799999999997 1.3899005374138009 1.3905115159630133 0.0009765625
74.851799999999997 74.871679999999998 1.3898895636288919 1.3905005374138011 0.0009765625
74.871679999999998 74.891559999999998 1.3898785946050061 1.3904895636288921 0.0009765625
74.891559999999998 74.911439999999999 1.3898676303388782 1.3904785946050062 0.0009765625
74.911439999999999 74.931319999999999 1.3898566708272388 1.3904676303388783 0.0009765625
74.931319999999999 74.9512 1.3898457160668274 1.390456670827239 0.0009765625
74.9512 74.971079999999986 1.3898347660543771 1.3904457160668275 0.0009765625
74.971079999999986 74.990959999999987 1.3898238207866382 1.3904347660543772 0.0009765625
74.990959999999987 75.010839999999988 1.3898128802603502 1.3904238207866384 0.0009765625
75.010839999999988 75.030719999999988 1.3898019444722629 1.3904128802603504 0.0009765625
75.030719999999988 75.050599999999989 1.3897910134191256 1.3904019444722631 0.0009765625
75.050599999999989 75.070479999999989 1.3897800870976988 1.3903910134191257 0.0009765625
75.070479999999989 75.09035999999999 1.3897691655047366 1.390380087097699 0.0009765625
75.09035999999999 75.11023999999999 1.3897582486369957 1.3903691655047368 0.0009765625
75.11023999999999 75.130119999999991 1.3897473364912483 1.3903582486369959 0.0009765625
75.130119999999991 75.149999999999991 1.3897364290642555 1.3903473364912484 0.0009765625
75.149999999999991 75.169879999999992 1.3897255263527828 1.3903364290642557 0.0009765625
75.169879999999992 75.189759999999993 1.3899146283536152 1.390125526352783 0.0009765625
75.189759999999993 75.209639999999993 1.3899037350635182 1.3901146283536154 0.0009765625
75.209639999999993 75.229519999999994 1.389962846479269 1.3900337350635183 0.0009765625
75.229519999999994 75.249399999999994 1.3896819625976558 1.3902928464792692 0.000244140625
75.249399999999994 75.269279999999995 1.3896710834154635 1.3902819625976559 0.000244140625
75.269279999999995 75.289159999999995 1.3896602089294761 1.3902710834154637 0.000244140625
75.289159999999995 75.309039999999996 1.3896493391364899 1.3902602089294762 0.000244140625
75.309039999999996 75.328919999999997 1.3896384740332985 1.3902493391364901 0.000244140625
75.328919999999997 75.348799999999997 1.3896276136166905 1.3902384740332987 0.000244140625
75.348799999999997 75.368679999999998 1.3896167578829395 1.3902276136161587 0.000244140625
75.368679999999998 75.388559999999998 1.3896059068304438 1.3902167578834679 0.000244140625
75.388559999999998 75.408439999999999 1.3895950604544165 1.390205906830444 0.000244140625
75.408439999999999 75.428319999999999 1.3895842187521967 1.3901950604544167 0.000244140625
75.428319999999999 75.4482 1.3895733817205931 1.3901842187521969 0.000244140625
75.4482 75.46808 1.3895625493564274 1.3901733817205932 0.000244140625
75.46808 75.487960000000001 1.3895517216565145 1.3901625493564276 0.000244140625
75.487960000000001 75.507840000000002 1.3895408986176707 1.3901517216565147 0.000244140625
75.507840000000002 75.527720000000002 1.389530080236725 1.3901408986176709 0.000244140625
75.527720000000002 75.547600000000003 1.3895192665105016 1.3901300802367251 0.000244140625
75.547600000000003 75.567480000000003 1.3895084574358259 1.3901192665105018 0.000244140625
75.567480000000003 75.587360000000004 1.3894976530095546 1.390108457435826 0.000244140625
75.587360000000004 75.607240000000004 1.3894868532284912 1.3900976530095548 0.000244140625
75.607240000000004 75.627120000000005 1.3894760580894947 1.3900868532284913 0.000244140625
75.627120000000005 75.647000000000006 1.3894652675893984 1.3900760580894949 0.000244140625
75.647000000000006 75.666880000000006 1.3894544817250494 1.3900652675893985 0.000244140625
75.666880000000006 75.686760000000007 1.3894437004932989 1.3900544817250495 0.000244140625
75.686760000000007 75.706640000000007 1.3894329238909873 1.3900437004932991 0.000244140625
75.706640000000007 75.726520000000008 1.3894221519149839 1.3900329238909874 0.000244140625
75.726520000000008 75.746399999999994 1.3894113845621274 1.390022151914984 0.000244140625
75.746399999999994 75.766279999999995 1.3894006218292942 1.3900113845621276 0.000244140625
75.766279999999995 75.786159999999995 1.3893898637133402 1.3900006218292944 0.000244140625
75.786159999999995 75.806039999999996 1.3893791102111221 1.3899898637133403 0.000244140625
75.806039999999996 75.825919999999996 1.3893683613195191 1.3899791102111223 0.000244140625
75.825919999999996 75.845799999999997 1.3893576170353963 1.3899683613195193 0.000244140625
75.845799999999997 75.865679999999998 1.3893468773556323 1.3899576170353964 0.000244140625
75.865679999999998 75.885559999999998 1.3893361422771004 1.3899468773556325 0.000244140625
75.885559999999998 75.905439999999999 1.3893254117966849 1.3899361422771006 0.000244140625
75.905439999999999 75.925319999999999 1.38931468591126 1.3899254117966851 0.000244140625
75.925319999999999 75.9452 1.3893039646177254 1.3899146859112601 0.000244140625
75.9452 75.96508 1.3892932479129509 1.3899039646177256 0.000244140625
75.96508 75.984960000000001 1.3892825357938505 1.3898932479129511 0.000244140625
75.984960000000001 76.004840000000002 1.3892718282572984 1.3898825357938507 0.000244140625
76.004840000000002 76.024720000000002 1.3892611253002034 1.3898718282572986 0.000244140625
76.024720000000002 76.044600000000003 1.3892504269194594 1.3898611253002036 0.000244140625
76.044600000000003 76.064480000000003 1.389239733111971 1.3898504269194596 0.000244140625
76.064480000000003 76.084360000000004 1.3892290438746493 1.3898397331119712 0.000244140625
76.084360000000004 76.104240000000004 1.3892183592044054 1.3898290438746495 0.000244140625
76.104240000000004 76.124120000000005 1.3892076790981371 1.3898183592044056 0.000244140625
76.124120000000005 76.144000000000005 1.3891970035527721 1.3898076790981373 0.000244140625
76.144000000000005 76.163880000000006 1.3891863325646867 1.3897970035522409 0.000244140625
76.163880000000006 76.183760000000007 1.3891756661324033 1.3897863325652153 0.000244140625
76.183760000000007 76.203640000000007 1.3891650042512482 1.3897756661324034 0.000244140625
76.203640000000007 76.223520000000008 1.389154346918678 1.3897650042512484 0.000244140625
76.223520000000008 76.243400000000008 1.3891436941316246 1.3897543469186782 0.000244140625
76.243400000000008 76.263280000000009 1.3891330458870157 1.3897436941316248 0.000244140625
76.263280000000009 76.283160000000009 1.3891224021817876 1.3897330458870158 0.000244140625
76.283160000000009 76.30304000000001 1.3891117630128726 1.3897224021817878 0.000244140625
76.30304000000001 76.322920000000011 1.3891011283772219 1.3897117630128728 0.000244140625
76.322920000000011 76.342800000000011 1.3890904982717758 1.389701128377222 0.000244140625
76.342800000000011 76.362679999999997 1.3890798726934714 1.3896904982717759 0.000244140625
76.362679999999997 76.382559999999998 1.3890692516392682 1.3896798726934716 0.000244140625
76.382559999999998 76.402439999999999 1.3890586351061081 1.3896692516392684 0.000244140625
76.402439999999999 76.422319999999999 1.389048023090951 1.3896586351061082 0.000244140625
76.422319999999999 76.4422 1.3890374155907597 1.3896480230909511 0.000244140625
76.4422 76.46208 1.3890268126024858 1.3896374155907598 0.000244140625
76.46208 76.481960000000001 1.3890162141230955 1.389626812602486 0.000244140625
76.481960000000001 76.501840000000001 1.3890056201495538 1.3896162141230957 0.000244140625
76.501840000000001 76.521720000000002 1.3889950306788257 1.3896056201495539 0.000244140625
76.521720000000002 76.541600000000003 1.3889844457078924 1.3895950306788258 0.000244140625
76.541600000000003 76.561480000000003 1.3889738652337196 1.3895844457078925 0.000244140625
76.561480000000003 76.581360000000004 1.3889632892532853 1.3895738652337197 0.000244140625
76.581360000000004 76.601240000000004 1.3889527177635708 1.3895632892532854 0.000244140625
76.601240000000004 76.621120000000005 1.3889421507615578 1.3895527177635709 0.000244140625
76.621120000000005 76.641000000000005 1.3889315882442359 1.389542150761558 0.000244140625
76.641000000000005 76.660880000000006 1.3889210302085915 1.3895315882442361 0.000244140625
76.660880000000006 76.680760000000006 1.3889104766516047 1.3895210302085916 0.000244140625
76.680760000000006 76.700640000000007 1.388899927570282 1.3895104766516049 0.000244140625
76.700640000000007 76.720520000000008 1.388889382961622 1.3894999275702822 0.000244140625
76.720520000000008 76.740399999999994 1.3888788428226089 1.3894893829616222 0.000244140625
76.740399999999994 76.760279999999995 1.3888683071502548 1.389478842822609 0.000244140625
76.760279999999995 76.780159999999995 1.3888577759415708 1.3894683071502549 0.000244140625
76.780159999999995 76.800039999999996 1.3888472491935493 1.3894577759415709 0.000244140625
76.800039999999996 76.819919999999996 1.3888367269032118 1.3894472491935494 0.000244140625
76.819919999999996 76.839799999999997 1.3888262090675663 1.389436726903212 0.000244140625
76.839799999999997 76.859679999999997 1.3888156956836304 1.3894262090675664 0.000244140625
76.859679999999997 76.879559999999998 1.3888051867484248 1.3894156956836305 0.000244140625
76.879559999999998 76.899439999999998 1.3887946822589687 1.3894051867484249 0.000244140625
76.899439999999998 76.919319999999999 1.3887841822122831 1.3893946822589689 0.000244140625
76.919319999999999 76.9392 1.3887736866053964 1.3893841822122832 0.000244140625
76.9392 76.95908 1.3887631954348125 1.3893736866048667 0.000244140625
76.95908 76.978960000000001 1.3887527086991491 1.3893631954353409 0.000244140625
76.978960000000001 76.998840000000001 1.3887422263938518 1.3893527086991493 0.000244140625
76.998840000000001 77.018720000000002 1.3887317485164918 1.389342226393852 0.000244140625
77.018720000000002 77.038600000000002 1.3887212750640998 1.389331748516492 0.000244140625
77.038600000000002 77.058480000000003 1.3887108060337301 1.3893212750641 0.000244140625
77.058480000000003 77.078360000000004 1.3887003414224264 1.3893108060337303 0.000244140625
77.078360000000004 77.098240000000004 1.3886898812272344 1.3893003414224265 0.000244140625
77.098240000000004 77.118120000000005 1.3886794254452046 1.3892898812272345 0.000244140625
77.118120000000005 77.138000000000005 1.3886689740733924 1.3892794254452048 0.000244140625
77.138000000000005 77.157879999999992 1.3886585271088576 1.3892689740733926 0.000244140625
77.157879999999992 77.177759999999992 1.3886480845486502 1.3892585271088578 0.000244140625
77.177759999999992 77.197639999999993 1.3886376463898478 1.3892480845486503 0.000244140625
77.197639999999993 77.217519999999993 1.3886272126295012 1.3892376463898479 0.000244140625
77.217519999999993 77.237399999999994 1.3886167832646827 1.3892272126295013 0.000244140625
77.237399999999994 77.257279999999994 1.3886063582924655 1.3892167832646829 0.000244140625
77.257279999999994 77.277159999999995 1.3885959377099133 1.3892063582924656 0.000244140625
77.277159999999995 77.297039999999996 1.388585521514113 1.3891959377099135 0.000244140625
77.297039999999996 77.316919999999996 1.388575109702141 1.3891855215141131 0.000244140625
77.316919999999996 77.336799999999997 1.3885647022710679 1.3891751097021412 0.000244140625
77.336799999999997 77.356679999999997 1.3885542992179851 1.389164702271068 0.000244140625
77.356679999999997 77.376559999999998 1.3885439005399853 1.3891542992179853 0.000244140625
77.376559999999998 77.396439999999998 1.3885335062341484 1.3891439005399855 0.000244140625
77.396439999999998 77.416319999999999 1.3885231162975671 1.3891335062341486 0.000244140625
77.416319999999999 77.436199999999999 1.3885127307273324 1.3891231162975672 0.000244140625
77.436199999999999 77.45608 1.388502349520548 1.3891127307273325 0.000244140625
77.45608 77.475960000000001 1.388491972674309 1.3891023495205481 0.000244140625
77.475960000000001 77.495840000000001 1.3884816001857188 1.3890919726743092 0.000244140625
77.495840000000001 77.515720000000002 1.3884712320518868 1.3890816001857189 0.000244140625
77.515720000000002 77.535599999999988 1.3884608682699164 1.389071232051887 0.000244140625
77.535599999999988 77.555479999999989 1.3884505088369188 1.3890608682699166 0.000244140625
77.555479999999989 77.575359999999989 1.3884401537500028 1.3890505088369189 0.000244140625
77.575359999999989 77.59523999999999 1.3884298030062867 1.389040153750003 0.000244140625
77.59523999999999 77.61511999999999 1.3884194566028987 1.3890298030062869 0.000244140625
77.61511999999999 77.634999999999991 1.3884091145369375 1.3890194566028988 0.000244140625
77.634999999999991 77.654879999999991 1.3883987768055424 1.3890091145369377 0.000244140625
77.654879999999991 77.674759999999992 1.3883884434058349 1.3889987768055425 0.000244140625
77.674759999999992 77.694639999999993 1.3883781143349387 1.388988443405835 0.000244140625
77.694639999999993 77.714519999999993 1.3883677895900022 1.3889781143349389 0.000244140625
77.714519999999993 77.734399999999994 1.3883574691681415 1.3889677895900023 0.000244140625
77.734399999999994 77.754279999999994 1.3883471530659663 1.3889574691676101 0.000244140625
77.754279999999994 77.774159999999995 1.3883368412822161 1.3889471530665025 0.000244140625
77.774159999999995 77.794039999999995 1.3883265338124247 1.3889368412822163 0.000244140625
77.794039999999995 77.813919999999996 1.3883162306542842 1.3889265338124248 0.000244140625
77.813919999999996 77.833799999999997 1.3883059318049324 1.3889162306542844 0.000244140625
77.833799999999997 77.853679999999997 1.3882956372615132 1.3889059318049326 0.000244140625
77.853679999999997 77.873559999999998 1.3882853470211911 1.3888956372615133 0.000244140625
77.873559999999998 77.893439999999998 1.3882750610811141 1.3888853470211913 0.000244140625
77.893439999999998 77.913319999999999 1.3882647794384442 1.3888750610811142 0.000244140625
77.913319999999999 77.933199999999999 1.3882545020903265 1.3888647794384443 0.000244140625
77.933199999999999 77.95308 1.3882442290339427 1.3888545020903267 0.000244140625
77.95308 77.97296 1.3882339602664469 1.3888442290339429 0.000244140625
77.97296 77.992840000000001 1.3882236957850083 1.388833960266447 0.000244140625
77.992840000000001 78.012720000000002 1.388213435586797 1.3888236957850084 0.000244140625
78.012720000000002 78.032600000000002 1.3882031796689893 1.3888134355867972 0.000244140625
78.032600000000002 78.052480000000003 1.3881929280287564 1.3888031796689895 0.000244140625
78.052480000000003 78.072360000000003 1.388182680663274 1.3887929280287565 0.000244140625
78.072360000000003 78.092240000000004 1.3881724375697235 1.3887826806632741 0.000244140625
78.092240000000004 78.112120000000004 1.3881621987452935 1.3887724375697237 0.000244140625
78.112120000000004 78.132000000000005 1.3881519641871627 1.3887621987452936 0.000244140625
78.132000000000005 78.151879999999991 1.3881417338925242 1.3887519641871628 0.000244140625
78.151879999999991 78.171759999999992 1.3881315078585676 1.3887417338925243 0.000244140625
78.171759999999992 78.191639999999992 1.3881212860824863 1.3887315078585678 0.000244140625
78.191639999999992 78.211519999999993 1.3881110685614702 1.3887212860824865 0.000244140625
78.211519999999993 78.231399999999994 1.3881008552927199 1.3887110685614703 0.000244140625
78.231399999999994 78.251279999999994 1.3880906462734441 1.38870085529272 0.000244140625
78.251279999999994 78.271159999999995 1.3880804415008388 1.3886906462734443 0.000244140625
78.271159999999995 78.291039999999995 1.3880702409721053 1.3886804415008389 0.000244140625
78.291039999999995 78.310919999999996 1.3880600446844629 1.3886702409721055 0.000244140625
78.310919999999996 78.330799999999996 1.388049852635121 1.388660044684463 0.000244140625
78.330799999999996 78.350679999999997 1.3880396648212825 1.3886498526351212 0.000244140625
78.350679999999997 78.370559999999998 1.388029481240169 1.3886396648212826 0.000244140625
78.370559999999998 78.390439999999998 1.3880193018890046 1.3886294812401692 0.000244140625
78.390439999999998 78.410319999999999 1.3880091267650012 1.3886193018890047 0.000244140625
78.410319999999999 78.430199999999999 1.3879989558653885 1.3886091267650014 0.000244140625
78.430199999999999 78.45008 1.3879887891873912 1.3885989558653886 0.000244140625
78.45008 78.46996 1.3879786267282312 1.3885887891873914 0.000244140625
78.46996 78.489840000000001 1.3879684684851541 1.3885786267282314 0.000244140625
78.489840000000001 78.509720000000002 1.3879583144553758 1.3885684684851543 0.000244140625
78.509720000000002 78.529600000000002 1.3879481646361502 1.3885583144553759 0.000244140625
78.529600000000002 78.549480000000003 1.3879380190241724 1.3885481646356204 0.000244140625
78.549480000000003 78.569360000000003 1.3879278776182775 1.3885380190246999 0.000244140625
78.569360000000003 78.589240000000004 1.3879177404141128 1.3885278776182777 0.000244140625
78.589240000000004 78.609120000000004 1.3879076074094667 1.3885177404141129 0.000244140625
78.609120000000004 78.629000000000005 1.3878974786015836 1.3885076074094669 0.000244140625
78.629000000000005 78.648880000000005 1.3878873539877052 1.3884974786015838 0.000244140625
78.648880000000005 78.668760000000006 1.387877233565096 1.3884873539877054 0.000244140625
78.668760000000006 78.688640000000007 1.3878671173310067 1.3884772335650961 0.000244140625
78.688640000000007 78.708520000000007 1.3878570052826886 1.3884671173310068 0.000244140625
78.708520000000007 78.728400000000008 1.3878468974174181 1.3884570052826888 0.000244140625
78.728400000000008 78.748280000000008 1.3878367937324487 1.3884468974174182 0.000244140625
78.748280000000008 78.768160000000009 1.3878266942250497 1.3884367937324489 0.000244140625
78.768160000000009 78.788040000000009 1.3878165988924824 1.3884266942250498 0.000244140625
78.788040000000009 78.80792000000001 1.3878065077320256 1.3884165988924826 0.000244140625
78.80792000000001 78.827800000000011 1.3877964207409517 1.3884065077320258 0.000244140625
78.827800000000011 78.847680000000011 1.3877863379165263 1.3883964207409518 0.000244140625
78.847680000000011 78.867560000000012 1.387776259256037 1.3883863379165264 0.000244140625
78.867560000000012 78.887440000000012 1.3877661847567657 1.3883762592560371 0.000244140625
78.887440000000012 78.907320000000013 1.38775611441599 1.3883661847567659 0.000244140625
78.907320000000013 78.927199999999999 1.387746048230996 1.3883561144159902 0.000244140625
78.927199999999999 78.94708 1.3877359861990708 1.3883460482309962 0.000244140625
78.94708 78.96696 1.387725928317505 1.3883359861990709 0.000244140625
78.96696 78.986840000000001 1.3877158745835951 1.3883259283175051 0.000244140625
78.986840000000001 79.006720000000001 1.3877058249946281 1.3883158745835953 0.000244140625
79.006720000000001 79.026600000000002 1.3876957795479128 1.3883058249946283 0.000244140625
79.026600000000002 79.046480000000003 1.3876857382407355 1.3882957795479129 0.000244140625
79.046480000000003 79.066360000000003 1.3876757010704091 1.3882857382407356 0.000244140625
79.066360000000003 79.086240000000004 1.3876656680342321 1.3882757010704092 0.000244140625
79.086240000000004 79.106120000000004 1.3876556391295161 1.3882656680342322 0.000244140625
79.106120000000004 79.126000000000005 1.3876456143535667 1.3882556391295162 0.000244140625
79.126000000000005 79.145880000000005 1.3876355937037004 1.3882456143535669 0.000244140625
79.145880000000005 79.165760000000006 1.3876255771772297 1.3882355937037005 0.000244140625
79.165760000000006 79.185640000000006 1.3876155647714654 1.3882255771772298 0.000244140625
79.185640000000006 79.205520000000007 1.3876055564837362 1.3882155647714656 0.000244140625
79.205520000000007 79.225400000000008 1.3875955523113577 1.3882055564837363 0.000244140625
79.225400000000008 79.245280000000008 1.3875855522516589 1.3881955523113578 0.000244140625
79.245280000000008 79.265160000000009 1.3875755563019585 1.3881855522516591 0.000244140625
79.265160000000009 79.285040000000009 1.3875655644595863 1.3881755563019587 0.000244140625
79.285040000000009 79.30492000000001 1.3875555767218848 1.3881655644595865 0.000244140625
79.30492000000001 79.32480000000001 1.3875455930861713 1.3881555767218849 0.000244140625
79.32480000000001 79.344680000000011 1.3875356135492691 1.388145593085643 0.000244140625
79.344680000000011 79.364560000000012 1.3875256381100869 1.388135613549796 0.000244140625
79.364560000000012 79.384440000000012 1.3875156667643895 1.388125638110087 0.000244140625
79.384440000000012 79.404320000000013 1.3875056995100448 1.3881156667643897 0.000244140625
79.404320000000013 79.424200000000013 1.3874957363443996 1.3881056995100449 0.000244140625
79.424200000000013 79.444080000000014 1.3874857772648004 1.3880957363443998 0.000244140625
79.444080000000014 79.463960000000014 1.3874758222686059 1.3880857772648005 0.000244140625
79.463960000000014 79.483840000000015 1.3874658713531509 1.388075822268606 0.000244140625
79.483840000000015 79.503720000000015 1.3874559245158002 1.3880658713531511 0.000244140625
79.503720000000015 79.523600000000016 1.3874459817539122 1.3880559245158004 0.000244140625
79.523600000000016 79.543480000000002 1.3874360430648489 1.3880459817539124 0.000244140625
79.543480000000002 79.563360000000003 1.3874261084459656 1.3880360430648491 0.000244140625
79.563360000000003 79.583240000000004 1.3874161778946297 1.3880261084459657 0.000244140625
79.583240000000004 79.603120000000004 1.3874062514082073 1.3880161778946298 0.000244140625
79.603120000000004 79.623000000000005 1.3873963289840638 1.3880062514082074 0.000244140625
79.623000000000005 79.642880000000005 1.3873864106195812 1.387996328984064 0.000244140625
79.642880000000005 79.662760000000006 1.3873764963121216 1.3879864106195814 0.000244140625
79.662760000000006 79.682640000000006 1.3873665860590663 1.3879764963121217 0.000244140625
79.682640000000006 79.702520000000007 1.3873566798577948 1.3879665860590664 0.000244140625
79.702520000000007 79.722400000000007 1.3873467777056843 1.3879566798577949 0.000244140625
79.722400000000007 79.742280000000008 1.3873368796001138 1.3879467777056844 0.000244140625
79.742280000000008 79.762160000000009 1.3873269855384862 1.3879368796001139 0.000244140625
79.762160000000009 79.782040000000009 1.3873170955181671 1.3879269855384864 0.000244140625
79.782040000000009 79.80192000000001 1.3873072095365586 1.3879170955181672 0.000244140625
79.80192000000001 79.82180000000001 1.3872973275910447 1.3879072095365588 0.000244140625
79.82180000000001 79.841680000000011 1.3872874496790357 1.3878973275910449 0.000244140625
79.841680000000011 79.861560000000011 1.3872775757979137 1.3878874496790359 0.000244140625
79.861560000000011 79.881440000000012 1.3872677059450818 1.3878775757979138 0.000244140625
79.881440000000012 79.901320000000013 1.387257840117941 1.3878677059450819 0.000244140625
79.901320000000013 79.921199999999999 1.3872479783138985 1.3878578401179411 0.000244140625
79.921199999999999 79.941079999999999 1.3872381205303581 1.3878479783138986 0.000244140625
79.941079999999999 79.96096 1.387228266764728 1.3878381205303583 0.000244140625
79.96096 79.980840000000001 1.3872184170144219 1.3878282667647281 0.000244140625
79.980840000000001 80.000720000000001 1.3872085712768498 1.3878184170144221 0.000244140625
80.000720000000001 80.020600000000002 1.3871987295494221 1.38780857127685 0.000244140625
80.020600000000002 80.040480000000002 1.3871888918295638 1.3877987295494223 0.000244140625
80.040480000000002 80.060360000000003 1.3871790581146974 1.387788891829564 0.000244140625
80.060360000000003 80.080240000000003 1.387169228402233 1.3877790581146976 0.000244140625
80.080240000000003 80.100120000000004 1.3871594026896068 1.3877692284022332 0.000244140625
80.100120000000004 80.120000000000005 1.3871495809742409 1.387759402689607 0.000244140625
80.120000000000005 80.139880000000005 1.3871397632530316 1.3877495809737055 0.000244140625
80.139880000000005 80.159760000000006 1.3871299495250042 1.3877397632535595 0.000244140625
80.159760000000006 80.179640000000006 1.3871201397860029 1.3877299495250044 0.000244140625
80.179640000000006 80.199520000000007 1.3871103340339854 1.3877201397860031 0.000244140625
80.199520000000007 80.219400000000007 1.3871005322663985 1.3877103340339856 0.000244140625
80.219400000000007 80.239280000000008 1.3870907344806842 1.3877005322663987 0.000244140625
80.239280000000008 80.259160000000008 1.3870809406742763 1.3876907344806844 0.000244140625
80.259160000000008 80.279040000000009 1.3870711508446223 1.3876809406742765 0.000244140625
80.279040000000009 80.29892000000001 1.387061364989169 1.3876711508446224 0.000244140625
80.29892000000001 80.31880000000001 1.3870515831053754 1.3876613649891691 0.000244140625
80.31880000000001 80.338679999999997 1.3870418051906797 1.3876515831053755 0.000244140625
80.338679999999997 80.358559999999997 1.3870320312425439 1.3876418051906798 0.000244140625
80.358559999999997 80.378439999999998 1.3870222612584162 1.3876320312425441 0.000244140625
80.378439999999998 80.398319999999998 1.3870124952357732 1.3876222612584164 0.000244140625
80.398319999999998 80.418199999999999 1.3870027331720491 1.3876124952357733 0.000244140625
80.418199999999999 80.438079999999999 1.3869929750647279 1.3876027331720493 0.000244140625
80.438079999999999 80.45796 1.3869832209112594 1.387592975064728 0.000244140625
80.45796 80.47784 1.3869734707091252 1.3875832209112595 0.000244140625
80.47784 80.497720000000001 1.3869637244557895 1.3875734707091254 0.000244140625
80.497720000000001 80.517600000000002 1.3869539821487167 1.3875637244557897 0.000244140625
80.517600000000002 80.537480000000002 1.3869442437853887 1.3875539821487168 0.000244140625
80.537480000000002 80.557360000000003 1.3869345093632766 1.3875442437853889 0.000244140625
80.557360000000003 80.577240000000003 1.3869247788798633 1.3875345093632767 0.000244140625
80.577240000000003 80.597120000000004 1.386915052332629 1.3875247788798635 0.000244140625
80.597120000000004 80.617000000000004 1.3869053297190568 1.3875150523326292 0.000244140625
80.617000000000004 80.636880000000005 1.3868956110366317 1.3875053297190569 0.000244140625
80.636880000000005 80.656760000000006 1.3868858962828374 1.3874956110366319 0.000244140625
80.656760000000006 80.676640000000006 1.3868761854551621 1.3874858962828376 0.000244140625
80.676640000000006 80.696520000000007 1.3868664785511053 1.3874761854551623 0.000244140625
80.696520000000007 80.716399999999993 1.3868567755681538 1.3874664785511055 0.000244140625
80.716399999999993 80.736279999999994 1.386847076503809 1.3874567755681539 0.000244140625
80.736279999999994 80.756159999999994 1.3868373813555697 1.3874470765038092 0.000244140625
80.756159999999994 80.776039999999995 1.3868276901209242 1.3874373813555698 0.000244140625
80.776039999999995 80.795919999999995 1.3868180027973893 1.3874276901209244 0.000244140625
80.795919999999995 80.815799999999996 1.3868083193824663 1.3874180027973895 0.000244140625
80.815799999999996 80.835679999999996 1.3867986398736556 1.3874083193824664 0.000244140625
80.835679999999996 80.855559999999997 1.3867889642684719 1.3873986398736557 0.000244140625
80.855559999999997 80.875439999999998 1.3867792925644298 1.387388964268472 0.000244140625
80.875439999999998 80.895319999999998 1.3867696247590406 1.3873792925644299 0.000244140625
80.895319999999998 80.915199999999999 1.3867599608498138 1.3873696247590408 0.000244140625
80.915199999999999 80.935079999999999 1.3867503008337476 1.3873599608492873 0.000244140625
80.935079999999999 80.95496 1.3867406447099404 1.3873503008342756 0.000244140625
80.95496 80.97484 1.3867309924743358 1.3873406447099406 0.000244140625
80.97484 80.994720000000001 1.3867213441249873 1.387330992474336 0.000244140625
80.994720000000001 81.014600000000002 1.3867116996594093 1.3873213441249874 0.000244140625
81.014600000000002 81.034480000000002 1.3867020590751415 1.3873116996594095 0.000244140625
81.034480000000002 81.054360000000003 1.3866924223697146 1.3873020590751417 0.000244140625
81.054360000000003 81.074240000000003 1.3866827895406593 1.3872924223697147 0.000244140625
81.074240000000003 81.094120000000004 1.3866731605855087 1.3872827895406594 0.000244140625
81.094120000000004 81.114000000000004 1.3866635355018058 1.3872731605855089 0.000244140625
81.114000000000004 81.133879999999991 1.3866539142870828 1.3872635355018059 0.000244140625
81.133879999999991 81.153759999999991 1.3866442969388906 1.387253914287083 0.000244140625
81.153759999999991 81.173639999999992 1.3866346834547612 1.3872442969388907 0.000244140625
81.173639999999992 81.193519999999992 1.386625073832255 1.3872346834547613 0.000244140625
81.193519999999992 81.213399999999993 1.3866154680689062 1.3872250738322551 0.000244140625
81.213399999999993 81.233279999999993 1.3866058661622738 1.3872154680689064 0.000244140625
81.233279999999993 81.253159999999994 1.3865962681099069 1.3872058661622739 0.000244140625
81.253159999999994 81.273039999999995 1.3865866739093622 1.387196268109907 0.000244140625
81.273039999999995 81.292919999999995 1.3865770835581985 1.3871866739093623 0.000244140625
81.292919999999995 81.312799999999996 1.3865674970539636 1.3871770835581987 0.000244140625
81.312799999999996 81.332679999999996 1.386557914394235 1.3871674970539638 0.000244140625
81.332679999999996 81.352559999999997 1.3865483355765602 1.3871579143942352 0.000244140625
81.352559999999997 81.372439999999997 1.3865387605985144 1.3871483355765604 0.000244140625
81.372439999999997 81.392319999999998 1.3865291894576617 1.3871387605985146 0.000244140625
81.392319999999998 81.412199999999999 1.3865196221515741 1.3871291894576618 0.000244140625
81.412199999999999 81.432079999999999 1.3865100586778185 1.3871196221515742 0.000244140625
81.432079999999999 81.45196 1.3865004990339702 1.3871100586778187 0.000244140625
81.45196 81.47184 1.3864909432176038 1.3871004990339704 0.000244140625
81.47184 81.491720000000001 1.3864813912263036 1.387090943217604 0.000244140625
81.491720000000001 81.511599999999987 1.3864718430576402 1.3870813912263038 0.000244140625
81.511599999999987 81.531479999999988 1.3864622987092066 1.3870718430576403 0.000244140625
81.531479999999988 81.551359999999988 1.3864527581785748 1.3870622987092067 0.000244140625
81.551359999999988 81.571239999999989 1.386443221463344 1.387052758178575 0.000244140625
81.571239999999989 81.591119999999989 1.3864336885610911 1.3870432214633441 0.000244140625
81.591119999999989 81.61099999999999 1.3864241594694118 1.3870336885610912 0.000244140625
81.61099999999999 81.630879999999991 1.3864146341859029 1.3870241594694119 0.000244140625
81.630879999999991 81.650759999999991 1.386405112708152 1.3870146341859031 0.000244140625
81.650759999999991 81.670639999999992 1.3863955950337554 1.3870051127081522 0.000244140625
81.670639999999992 81.690519999999992 1.3863860811603177 1.3869955950337556 0.000244140625
81.690519999999992 81.710399999999993 1.3863765710854359 1.3869860811603179 0.000244140625
81.710399999999993 81.730279999999993 1.3863670648061859 1.3869765710849093 0.000244140625
81.730279999999993 81.750159999999994 1.386357562321759 1.3869670648067154 0.000244140625
81.750159999999994 81.770039999999995 1.3863480636281753 1.3869575623217592 0.000244140625
81.770039999999995 81.789919999999995 1.3863385687235779 1.3869480636281755 0.000244140625
81.789919999999995 81.809799999999996 1.3863290776055666 1.386938568723578 0.000244140625
81.809799999999996 81.829679999999996 1.3863195902717675 1.3869290776055667 0.000244140625
81.829679999999996 81.849559999999997 1.3863101067197863 1.3869195902717677 0.000244140625
81.849559999999997 81.869439999999997 1.3863006269472451 1.3869101067197864 0.000244140625
81.869439999999997 81.889319999999998 1.386291150951769 1.3869006269472453 0.000244140625
81.889319999999998 81.909199999999998 1.3862816787309695 1.3868911509517692 0.000244140625
81.909199999999998 81.929079999999999 1.3862722102824736 1.3868816787309697 0.000244140625
81.929079999999999 81.94896 1.3862627456039101 1.3868722102824738 0.000244140625
81.94896 81.96884 1.3862532846929025 1.3868627456039102 0.000244140625
81.96884 81.988720000000001 1.3862438275470834 1.3868532846929027 0.000244140625
81.988720000000001 82.008600000000001 1.3862343741640855 1.3868438275470836 0.000244140625
82.008600000000001 82.028480000000002 1.3862249245415419 1.3868343741640856 0.000244140625
82.028480000000002 82.048360000000002 1.3862154786770859 1.386824924541542 0.000244140625
82.048360000000002 82.068240000000003 1.3862060365683602 1.3868154786770861 0.000244140625
82.068240000000003 82.088120000000004 1.3861965982130047 1.3868060365683603 0.000244140625
82.088120000000004 82.108000000000004 1.3861871636086556 1.3867965982130048 0.000244140625
82.108000000000004 82.12787999999999 1.386177732752965 1.3867871636086557 0.000244140625
82.12787999999999 82.147759999999991 1.3861683056435754 1.3867777327529651 0.000244140625
82.147759999999991 82.167639999999992 1.3861588822781306 1.3867683056435756 0.000244140625
82.167639999999992 82.187519999999992 1.3861494626542845 1.3867588822781307 0.000244140625
82.187519999999992 82.207399999999993 1.3861400467696916 1.3867494626542847 0.000244140625
82.207399999999993 82.227279999999993 1.3861306346220081 1.3867400467696918 0.000244140625
82.227279999999993 82.247159999999994 1.3861212262088851 1.3867306346220083 0.000244140625
82.247159999999994 82.267039999999994 1.3861118215279844 1.3867212262088853 0.000244140625
82.267039999999994 82.286919999999995 1.3861024205769621 1.3867118215279846 0.000244140625
82.286919999999995 82.306799999999996 1.3860930233534865 1.3867024205769622 0.000244140625
82.306799999999996 82.326679999999996 1.386083629855217 1.3866930233534867 0.000244140625
82.326679999999996 82.346559999999997 1.3860742400798212 1.3866836298552172 0.000244140625
82.346559999999997 82.366439999999997 1.3860648540249676 1.3866742400798213 0.000244140625
82.366439999999997 82.386319999999998 1.386055471688332 1.3866648540249678 0.000244140625
82.386319999999998 82.406199999999998 1.3860460930675769 1.3866554716883321 0.000244140625
82.406199999999998 82.426079999999999 1.3860367181603812 1.386646093067577 0.000244140625
82.426079999999999 82.445959999999999 1.386027346964428 1.3866367181603814 0.000244140625
82.445959999999999 82.46584 1.3860179794773784 1.3866273469644281 0.000244140625
82.46584 82.485720000000001 1.3860086156969349 1.3866179794773785 0.000244140625
82.485720000000001 82.505600000000001 1.3859992556207708 1.3866086156969351 0.000244140625
82.505600000000001 82.525480000000002 1.3859898992460378 1.3865992556202427 0.000244140625
82.525480000000002 82.545360000000002 1.3859805465720074 1.3865898992465688 0.000244140625
82.545360000000002 82.565240000000003 1.3859711975947901 1.3865805465720076 0.000244140625
82.565240000000003 82.585120000000003 1.3859618523125983 1.3865711975947903 0.000244140625
82.585120000000003 82.605000000000004 1.3859525107231268 1.3865618523125984 0.000244140625
82.605000000000004 82.624880000000005 1.3859431728240754 1.3865525107231269 0.000244140625
82.624880000000005 82.644760000000005 1.3859338386131286 1.3865431728240756 0.000244140625
82.644760000000005 82.664640000000006 1.3859245080879865 1.3865338386131287 0.000244140625
82.664640000000006 82.684520000000006 1.385915181246361 1.3865245080879867 0.000244140625
82.684520000000006 82.704399999999993 1.385905858085946 1.3865151812463612 0.000244140625
82.704399999999993 82.724279999999993 1.3858965386044491 1.3865058580859462 0.000244140625
82.724279999999993 82.744159999999994 1.3858872227995671 1.3864965386044492 0.000244140625
82.744159999999994 82.764039999999994 1.3858779106690218 1.3864872227995673 0.000244140625
82.764039999999994 82.783919999999995 1.3858686022105176 1.3864779106690219 0.000244140625
82.783919999999995 82.803799999999995 1.3858592974217636 1.3864686022105177 0.000244140625
82.803799999999995 82.823679999999996 1.3858499963004749 1.3864592974217638 0.000244140625
82.823679999999996 82.843559999999997 1.3858406988443708 1.3864499963004751 0.000244140625
82.843559999999997 82.863439999999997 1.3858314050511666 1.3864406988443709 0.000244140625
82.863439999999997 82.883319999999998 1.3858221149185848 1.3864314050511668 0.000244140625
82.883319999999998 82.903199999999998 1.3858128284443425 1.3864221149185849 0.000244140625
82.903199999999998 82.923079999999999 1.3858035456261732 1.3864128284443427 0.000244140625
82.923079999999999 82.942959999999999 1.3857942664617844 1.3864035456261734 0.000244140625
82.942959999999999 82.96284 1.3857849909489215 1.3863942664617845 0.000244140625
82.96284 82.98272 1.3857757190853124 1.3863849909489216 0.000244140625
82.98272 83.002600000000001 1.3857664508686807 1.3863757190853125 0.000244140625
83.002600000000001 83.022480000000002 1.3857571862967604 1.3863664508686808 0.000244140625
83.022480000000002 83.042360000000002 1.3857479253672891 1.3863571862967605 0.000244140625
83.042360000000002 83.062240000000003 1.3857386680780117 1.3863479253672892 0.000244140625
83.062240000000003 83.082120000000003 1.3857294144266543 1.3863386680780119 0.000244140625
83.082120000000003 83.102000000000004 1.3857201644109689 1.3863294144266545 0.000244140625
83.102000000000004 83.12187999999999 1.3857109180286931 1.3863201644109691 0.000244140625
83.12187999999999 83.141759999999991 1.3857016752775735 1.3863109180286932 0.000244140625
83.141759999999991 83.161639999999991 1.3856924361553624 1.3863016752775736 0.000244140625
83.161639999999991 83.181519999999992 1.3856832006597957 1.3862924361553626 0.000244140625
83.181519999999992 83.201399999999992 1.3856739687886361 1.3862832006597958 0.000244140625
83.201399999999992 83.221279999999993 1.3856647405396336 1.3862739687886363 0.000244140625
83.221279999999993 83.241159999999994 1.3856555159105377 1.3862647405396338 0.000244140625
83.241159999999994 83.261039999999994 1.3856462948991142 1.3862555159105379 0.000244140625
83.261039999999994 83.280919999999995 1.3856370775031139 1.3862462948991143 0.000244140625
83.280919999999995 83.300799999999995 1.3856278637202963 1.3862370775031141 0.000244140625
83.300799999999995 83.320679999999996 1.3856186535479067 1.3862278637197711 0.000244140625
83.320679999999996 83.340559999999996 1.3856094469852791 1.3862186535484331 0.000244140625
83.340559999999996 83.360439999999997 1.3856002440286104 1.3862094469852793 0.000244140625
83.360439999999997 83.380319999999998 1.3855910446761797 1.3862002440286105 0.000244140625
83.380319999999998 83.400199999999998 1.3855818489257716 1.3861910446761798 0.000244140625
83.400199999999998 83.420079999999999 1.3855726567751512 1.3861818489257718 0.000244140625
83.420079999999999 83.439959999999999 1.3855634682220941 1.3861726567751513 0.000244140625
83.439959999999999 83.45984 1.3855542832643744 1.3861634682220942 0.000244140625
83.45984 83.47972 1.3855451018997729 1.3861542832643745 0.000244140625
83.47972 83.499600000000001 1.3855359241260639 1.386145101899773 0.000244140625
83.499600000000001 83.519480000000001 1.385526749941026 1.386135924126064 0.000244140625
83.519480000000001 83.539360000000002 1.3855175793424557 1.3861267499410261 0.000244140625
83.539360000000002 83.559240000000003 1.3855084123281229 1.3861175793424558 0.000244140625
83.559240000000003 83.579120000000003 1.3854992488958284 1.3861084123281231 0.000244140625
83.579120000000003 83.599000000000004 1.3854900890433566 1.3860992488958286 0.000244140625
83.599000000000004 83.618880000000004 1.38548093276849 1.3860900890433567 0.000244140625
83.618880000000004 83.638760000000005 1.3854717800690295 1.3860809327684902 0.000244140625
83.638760000000005 83.658640000000005 1.3854626309427722 1.3860717800690296 0.000244140625
83.658640000000005 83.678520000000006 1.3854534853875013 1.3860626309427724 0.000244140625
83.678520000000006 83.698399999999992 1.3854443434010262 1.3860534853875015 0.000244140625
83.698399999999992 83.718279999999993 1.3854352049811449 1.3860443434010263 0.000244140625
83.718279999999993 83.738159999999993 1.3854260701256582 1.3860352049811451 0.000244140625
83.738159999999993 83.758039999999994 1.3854169388323698 1.3860260701256584 0.000244140625
83.758039999999994 83.777919999999995 1.3854078110990886 1.38601693883237 0.000244140625
83.777919999999995 83.797799999999995 1.3853986869236083 1.3860078110990888 0.000244140625
83.797799999999995 83.817679999999996 1.3853895663037654 1.3859986869236085 0.000244140625
83.817679999999996 83.837559999999996 1.3853804492373418 1.3859895663037656 0.000244140625
83.837559999999996 83.857439999999997 1.3853713357221689 1.385980449237342 0.000244140625
83.857439999999997 83.877319999999997 1.3853622257560523 1.385971335722169 0.000244140625
83.877319999999997 83.897199999999998 1.3853531193368152 1.3859622257560524 0.000244140625
83.897199999999998 83.917079999999999 1.3853440164622728 1.3859531193368153 0.000244140625
83.917079999999999 83.936959999999999 1.3853349171302474 1.3859440164622729 0.000244140625
83.936959999999999 83.95684 1.3853258213385595 1.3859349171302475 0.000244140625
83.95684 83.97672 1.3853167290850377 1.3859258213385597 0.000244140625
83.97672 83.996600000000001 1.3853076403674971 1.3859167290850378 0.000244140625
83.996600000000001 84.016480000000001 1.3852985551837795 1.3859076403674973 0.000244140625
84.016480000000001 84.036360000000002 1.385289473531703 1.3858985551837797 0.000244140625
84.036360000000002 84.056240000000003 1.3852803954091029 1.3858894735317031 0.000244140625
84.056240000000003 84.076120000000003 1.3852713208138188 1.385880395409103 0.000244140625
84.076120000000003 84.096000000000004 1.385262249743676 1.3858713208138189 0.000244140625
84.096000000000004 84.115880000000004 1.3852531821959906 1.3858622497431492 0.000244140625
84.115880000000004 84.135760000000005 1.3852441181701778 1.3858531821965141 0.000244140625
84.135760000000005 84.155640000000005 1.3852350576625003 1.3858441181701779 0.000244140625
84.155640000000005 84.175520000000006 1.3852260006713319 1.3858350576625005 0.000244140625
84.175520000000006 84.195400000000006 1.3852169471945073 1.3858260006713321 0.000244140625
84.195400000000006 84.215280000000007 1.385207897229878 1.3858169471945074 0.000244140625
84.215280000000007 84.235160000000008 1.3851988507752928 1.3858078972298782 0.000244140625
84.235160000000008 84.255040000000008 1.3851898078285962 1.385798850775293 0.000244140625
84.255040000000008 84.274920000000009 1.3851807683876567 1.3857898078285964 0.000244140625
84.274920000000009 84.294800000000009 1.3851717324502992 1.3857807683876568 0.000244140625
84.294800000000009 84.314679999999996 1.3851627000143907 1.3857717324502994 0.000244140625
84.314679999999996 84.334559999999996 1.3851536710778023 1.3857627000143908 0.000244140625
84.334559999999996 84.354439999999997 1.3851446456383774 1.3857536710778025 0.000244140625
84.354439999999997 84.374319999999997 1.3851356236939838 1.3857446456383775 0.000244140625
84.374319999999997 84.394199999999998 1.3851266052424775 1.385735623693984 0.000244140625
84.394199999999998 84.414079999999998 1.3851175902817228 1.3857266052424777 0.000244140625
84.414079999999998 84.433959999999999 1.3851085788095927 1.3857175902817229 0.000244140625
84.433959999999999 84.45384 1.3850995708239555 1.3857085788095929 0.000244140625
84.45384 84.47372 1.3850905663226623 1.3856995708239557 0.000244140625
84.47372 84.493600000000001 1.3850815653036082 1.3856905663226624 0.000244140625
84.493600000000001 84.513480000000001 1.385072567764654 1.3856815653036083 0.000244140625
84.513480000000001 84.533360000000002 1.3850635737036772 1.3856725677646542 0.000244140625
84.533360000000002 84.553240000000002 1.385054583118557 1.3856635737036773 0.000244140625
84.553240000000002 84.573120000000003 1.3850455960071588 1.3856545831185572 0.000244140625
84.573120000000003 84.593000000000004 1.385036612367379 1.385645596007159 0.000244140625
84.593000000000004 84.612880000000004 1.3850276321970887 1.3856366123673791 0.000244140625
84.612880000000004 84.632760000000005 1.3850186554941857 1.3856276321970888 0.000244140625
84.632760000000005 84.652640000000005 1.3850096822565372 1.3856186554941858 0.000244140625
84.652640000000005 84.672520000000006 1.38500071248204 1.3856096822565374 0.000244140625
84.672520000000006 84.692399999999992 1.3849917461685899 1.3856007124820402 0.000244140625
84.692399999999992 84.712279999999993 1.3849827833140622 1.38559174616859 0.000244140625
84.712279999999993 84.732159999999993 1.384973823916362 1.3855827833140624 0.000244140625
84.732159999999993 84.752039999999994 1.3849648679733737 1.3855738239163622 0.000244140625
84.752039999999994 84.771919999999994 1.3849559154829996 1.3855648679733739 0.000244140625
84.771919999999994 84.791799999999995 1.3849469664431422 1.3855559154829997 0.000244140625
84.791799999999995 84.811679999999996 1.3849380208516908 1.3855469664431423 0.000244140625
84.811679999999996 84.831559999999996 1.3849290787065556 1.385538020851691 0.000244140625
84.831559999999996 84.851439999999997 1.3849201400056319 1.3855290787065557 0.000244140625
84.851439999999997 84.871319999999997 1.3849112047468277 1.3855201400056321 0.000244140625
84.871319999999997 84.891199999999998 1.3849022729280569 1.3855112047468279 0.000244140625
84.891199999999998 84.911079999999998 1.3848933445466935 1.385502272927531 0.000244140625
84.911079999999998 84.930959999999999 1.3848844196022256 1.3854933445472148 0.000244140625
84.930959999999999 84.950839999999999 1.3848754980909876 1.3854844196022258 0.000244140625
84.950839999999999 84.97072 1.3848665800114246 1.3854754980909878 0.000244140625
84.97072 84.990600000000001 1.3848576653614386 1.3854665800114248 0.000244140625
84.990600000000001 85.010480000000001 1.3848487541389658 1.3854576653614388 0.000244140625
85.010480000000001 85.030360000000002 1.3848398463419203 1.385448754138966 0.000244140625
85.030360000000002 85.050240000000002 1.3848309419682081 1.3854398463419204 0.000244140625
85.050240000000002 85.070120000000003 1.3848220410157626 1.3854309419682083 0.000244140625
85.070120000000003 85.090000000000003 1.3848131434825057 1.3854220410157627 0.000244140625
85.090000000000003 85.10987999999999 1.3848042493663666 1.3854131434825059 0.000244140625
85.10987999999999 85.12975999999999 1.3847953586652704 1.3854042493663667 0.000244140625
85.12975999999999 85.149639999999991 1.3847864713771474 1.3853953586652705 0.000244140625
85.149639999999991 85.169519999999991 1.3847775874999191 1.3853864713771475 0.000244140625
85.169519999999991 85.189399999999992 1.3847687070315331 1.3853775874999192 0.000244140625
85.189399999999992 85.209279999999993 1.3847598299699182 1.3853687070315333 0.000244140625
85.209279999999993 85.229159999999993 1.3847509563130094 1.3853598299699184 0.000244140625
85.229159999999993 85.249039999999994 1.3847420860587392 1.3853509563130095 0.000244140625
85.249039999999994 85.268919999999994 1.3847332192050608 1.3853420860587393 0.000244140625
85.268919999999994 85.288799999999995 1.3847243557499012 1.3853332192050609 0.000244140625
85.288799999999995 85.308679999999995 1.3847154956912113 1.3853243557499013 0.000244140625
85.308679999999995 85.328559999999996 1.3847066390269349 1.3853154956912115 0.000244140625
85.328559999999996 85.348439999999997 1.384697785755018 1.3853066390269351 0.000244140625
85.348439999999997 85.368319999999997 1.3846889358734022 1.3852977857550182 0.000244140625
85.368319999999997 85.388199999999998 1.3846800893800526 1.3852889358734024 0.000244140625
85.388199999999998 85.408079999999998 1.3846712462729047 1.3852800893800528 0.000244140625
85.408079999999998 85.427959999999999 1.3846624065499211 1.3852712462729049 0.000244140625
85.427959999999999 85.447839999999999 1.3846535702090501 1.3852624065499213 0.000244140625
85.447839999999999 85.46772 1.3846447372482602 1.3852535702090503 0.000244140625
85.46772 85.487599999999986 1.3846359076654968 1.3852447372482604 0.000244140625
85.487599999999986 85.507479999999987 1.3846270814587234 1.385235907665497 0.000244140625
85.507479999999987 85.527359999999987 1.3846182586259115 1.3852270814587235 0.000244140625
85.527359999999987 85.547239999999988 1.3846094391650043 1.3852182586259116 0.000244140625
85.547239999999988 85.567119999999989 1.384600623073984 1.3852094391650045 0.000244140625
85.567119999999989 85.586999999999989 1.3845918103508175 1.3852006230739842 0.000244140625
85.586999999999989 85.60687999999999 1.3845830009934654 1.3851918103508176 0.000244140625
85.60687999999999 85.62675999999999 1.3845741949998946 1.3851830009934656 0.000244140625
85.62675999999999 85.646639999999991 1.3845653923680941 1.3851741949998948 0.000244140625
85.646639999999991 85.666519999999991 1.3845565930960146 1.3851653923680942 0.000244140625
85.666519999999991 85.686399999999992 1.3845477971816469 1.3851565930960148 0.000244140625
85.686399999999992 85.706279999999992 1.3845390046224437 1.3851477971811259 0.000244140625
85.706279999999992 85.726159999999993 1.3845302154179451 1.3851390046229686 0.000244140625
85.726159999999993 85.746039999999994 1.3845214295645738 1.3851302154179452 0.000244140625
85.746039999999994 85.765919999999994 1.3845126470608244 1.385121429564574 0.000244140625
85.765919999999994 85.785799999999995 1.3845038679046833 1.3851126470608246 0.000244140625
85.785799999999995 85.805679999999995 1.3844950920941366 1.3851038679046834 0.000244140625
85.805679999999995 85.825559999999996 1.3844863196271675 1.3850950920941367 0.000244140625
85.825559999999996 85.845439999999996 1.3844775505017728 1.3850863196271677 0.000244140625
85.845439999999996 85.865319999999997 1.3844687847159336 1.3850775505017729 0.000244140625
85.865319999999997 85.885199999999998 1.3844600222676517 1.3850687847159338 0.000244140625
85.885199999999998 85.905079999999998 1.3844512631549091 1.3850600222676519 0.000244140625
85.905079999999998 85.924959999999999 1.384442507375711 1.3850512631549092 0.000244140625
85.924959999999999 85.944839999999999 1.3844337549280485 1.3850425073757111 0.000244140625
85.944839999999999 85.96472 1.3844250058099206 1.3850337549280487 0.000244140625
85.96472 85.9846 1.3844162600193295 1.3850250058099207 0.000244140625
85.9846 86.004480000000001 1.3844075175542738 1.3850162600193296 0.000244140625
86.004480000000001 86.024360000000001 1.384398778412766 1.385007517554274 0.000244140625
86.024360000000001 86.044240000000002 1.3843900425927989 1.3849987784127662 0.000244140625
86.044240000000002 86.064120000000003 1.3843813100923867 1.384990042592799 0.000244140625
86.064120000000003 86.084000000000003 1.3843725809095386 1.3849813100923869 0.000244140625
86.084000000000003 86.10387999999999 1.3843638550422563 1.3849725809095388 0.000244140625
86.10387999999999 86.12375999999999 1.3843551324885541 1.3849638550422565 0.000244140625
86.12375999999999 86.143639999999991 1.38434641324646 1.3849551324885543 0.000244140625
86.143639999999991 86.163519999999991 1.3843376973139678 1.3849464132464602 0.000244140625
86.163519999999991 86.183399999999992 1.3843289846891071 1.384937697313968 0.000244140625
86.183399999999992 86.203279999999992 1.3843202753698938 1.3849289846891073 0.000244140625
86.203279999999992 86.223159999999993 1.384311569354342 1.3849202753698939 0.000244140625
86.223159999999993 86.243039999999993 1.3843028666404773 1.3849115693543421 0.000244140625
86.243039999999993 86.262919999999994 1.3842941672263267 1.3849028666404775 0.000244140625
86.262919999999994 86.282799999999995 1.3842854711099113 1.3848941672263269 0.000244140625
86.282799999999995 86.302679999999995 1.3842767782892544 1.3848854711099114 0.000244140625
86.302679999999995 86.322559999999996 1.3842680887623886 1.3848767782892546 0.000244140625
86.322559999999996 86.342439999999996 1.3842594025273476 1.3848680887623888 0.000244140625
86.342439999999996 86.362319999999997 1.3842507195821525 1.3848594025273477 0.000244140625
86.362319999999997 86.382199999999997 1.384242039924837 1.3848507195821527 0.000244140625
86.382199999999997 86.402079999999998 1.3842333635534436 1.3848420399248371 0.000244140625
86.402079999999998 86.421959999999999 1.3842246904660047 1.3848333635534438 0.000244140625
86.421959999999999 86.441839999999999 1.3842160206605549 1.3848246904660049 0.000244140625
86.441839999999999 86.46172 1.3842073541351345 1.3848160206605551 0.000244140625
86.46172 86.4816 1.3841986908877906 1.3848073541351347 0.000244140625
86.4816 86.501480000000001 1.3841900309160298 1.3847986908872634 0.000244140625
86.501480000000001 86.521360000000001 1.3841813742194842 1.3847900309165571 0.000244140625
86.521360000000001 86.541240000000002 1.3841727207946137 1.3847813742194843 0.000244140625
86.541240000000002 86.561120000000003 1.3841640706399958 1.3847727207946139 0.000244140625
86.561120000000003 86.581000000000003 1.3841554237536775 1.384764070639996 0.000244140625
86.581000000000003 86.600880000000004 1.3841467801337028 1.3847554237536777 0.000244140625
86.600880000000004 86.620760000000004 1.3841381397781434 1.384746780133703 0.000244140625
86.620760000000004 86.640640000000005 1.3841295026850335 1.3847381397781435 0.000244140625
86.640640000000005 86.660520000000005 1.3841208688524385 1.3847295026850337 0.000244140625
86.660520000000005 86.680400000000006 1.3841122382784117 1.3847208688524386 0.000244140625
86.680400000000006 86.700280000000006 1.3841036109610096 1.3847122382784118 0.000244140625
86.700280000000006 86.720160000000007 1.3840949868982921 1.3847036109610098 0.000244140625
86.720160000000007 86.740040000000008 1.3840863660883271 1.3846949868982923 0.000244140625
86.740040000000008 86.759920000000008 1.384077748529176 1.3846863660883273 0.000244140625
86.759920000000008 86.779800000000009 1.3840691342188998 1.3846777485291761 0.000244140625
86.779800000000009 86.799680000000009 1.3840605231555718 1.3846691342188999 0.000244140625
86.799680000000009 86.81956000000001 1.3840519153372495 1.384660523155572 0.000244140625
86.81956000000001 86.83944000000001 1.3840433107620105 1.3846519153372496 0.000244140625
86.83944000000001 86.859320000000011 1.3840347094279255 1.3846433107620106 0.000244140625
86.859320000000011 86.879199999999997 1.3840261113330621 1.3846347094279257 0.000244140625
86.879199999999997 86.899079999999998 1.3840175164755 1.3846261113330622 0.000244140625
86.899079999999998 86.918959999999998 1.3840089248533125 1.3846175164755001 0.000244140625
86.918959999999998 86.938839999999999 1.3840003364645799 1.3846089248533127 0.000244140625
86.938839999999999 86.95872 1.3839917513073725 1.38460033646458 0.000244140625
86.95872 86.9786 1.3839831693797802 1.3845917513073727 0.000244140625
86.9786 86.998480000000001 1.383974590679885 1.3845831693797803 0.000244140625
86.998480000000001 87.018360000000001 1.3839660152057649 1.3845745906798852 0.000244140625
87.018360000000001 87.038240000000002 1.383957442955515 1.3845660152057651 0.000244140625
87.038240000000002 87.058120000000002 1.383948873927205 1.3845574429555152 0.000244140625
87.058120000000002 87.078000000000003 1.3839403081189379 1.3845488739272052 0.000244140625
87.078000000000003 87.097880000000004 1.3839317455287998 1.384540308118938 0.000244140625
87.097880000000004 87.117760000000004 1.3839231861548824 1.3845317455288 0.000244140625
87.117760000000004 87.137640000000005 1.3839146299952729 1.3845231861548826 0.000244140625
87.137640000000005 87.157520000000005 1.383906077048078 1.3845146299952731 0.000244140625
87.157520000000005 87.177400000000006 1.3838975273113874 1.3845060770480782 0.000244140625
87.177400000000006 87.197280000000006 1.3838889807832935 1.3844975273113875 0.000244140625
87.197280000000006 87.217160000000007 1.3838804374619009 1.3844889807832936 0.000244140625
87.217160000000007 87.237040000000007 1.3838718973453128 1.3844804374619011 0.000244140625
87.237040000000007 87.256920000000008 1.3838633604316286 1.384471897345313 0.000244140625
87.256920000000008 87.276800000000009 1.3838548267189499 1.3844633604316288 0.000244140625
87.276800000000009 87.296680000000009 1.3838462962048628 1.3844548267184247 0.000244140625
87.296680000000009 87.31656000000001 1.3838377688890446 1.3844462962053885 0.000244140625
87.31656000000001 87.33644000000001 1.3838292447680345 1.3844377688890448 0.000244140625
87.33644000000001 87.356320000000011 1.3838207238404558 1.3844292447680346 0.000244140625
87.356320000000011 87.376200000000011 1.3838122061044336 1.384420723840456 0.000244140625
87.376200000000011 87.396080000000012 1.3838036915580716 1.3844122061044337 0.000244140625
87.396080000000012 87.415960000000013 1.3837951801994872 1.3844036915580717 0.000244140625
87.415960000000013 87.435840000000013 1.3837866720267999 1.3843951801994874 0.000244140625
87.435840000000013 87.455720000000014 1.3837781670381235 1.3843866720268001 0.000244140625
87.455720000000014 87.475600000000014 1.3837696652315825 1.3843781670381237 0.000244140625
87.475600000000014 87.495480000000001 1.3837611666052894 1.3843696652315827 0.000244140625
87.495480000000001 87.515360000000001 1.3837526711573764 1.3843611666052895 0.000244140625
87.515360000000001 87.535240000000002 1.3837441788859579 1.3843526711573766 0.000244140625
87.535240000000002 87.555120000000002 1.3837356897891617 1.3843441788859581 0.000244140625
87.555120000000002 87.575000000000003 1.3837272038651203 1.3843356897891619 0.000244140625
87.575000000000003 87.594880000000003 1.3837187211119586 1.3843272038651204 0.000244140625
87.594880000000003 87.614760000000004 1.3837102415278 1.3843187211119587 0.000244140625
87.614760000000004 87.634640000000005 1.3837017651107872 1.3843102415278001 0.000244140625
87.634640000000005 87.654520000000005 1.3836932918590452 1.3843017651107874 0.000244140625
87.654520000000005 87.674400000000006 1.3836848217707101 1.3842932918590454 0.000244140625
87.674400000000006 87.694280000000006 1.3836763548439179 1.3842848217707102 0.000244140625
87.694280000000006 87.714160000000007 1.3836678910768101 1.3842763548439181 0.000244140625
87.714160000000007 87.734040000000007 1.3836594304675252 1.3842678910768103 0.000244140625
87.734040000000007 87.753920000000008 1.3836509730142013 1.3842594304675253 0.000244140625
87.753920000000008 87.773800000000008 1.3836425187149757 1.3842509730142014 0.000244140625
87.773800000000008 87.793680000000009 1.3836340675679997 1.3842425187149758 0.000244140625
87.793680000000009 87.81356000000001 1.3836256195714098 1.3842340675679998 0.000244140625
87.81356000000001 87.83344000000001 1.3836171747233603 1.38422561957141 0.000244140625
87.83344000000001 87.853320000000011 1.3836087330219953 1.3842171747233605 0.000244140625
87.853320000000011 87.873199999999997 1.3836002944654631 1.3842087330219954 0.000244140625
87.873199999999997 87.893079999999998 1.3835918590519218 1.3842002944654632 0.000244140625
87.893079999999998 87.912959999999998 1.3835834267795171 1.384191859051922 0.000244140625
87.912959999999998 87.932839999999999 1.38357499764641 1.3841834267795172 0.000244140625
87.932839999999999 87.952719999999999 1.3835665716507448 1.3841749976464102 0.000244140625
87.952719999999999 87.9726 1.3835581487906838 1.384166571650745 0.000244140625
87.9726 87.99248 1.3835497290643932 1.384158148790684 0.000244140625
87.99248 88.012360000000001 1.3835413124700207 1.3841497290643934 0.000244140625
88.012360000000001 88.032240000000002 1.3835328990057332 1.3841413124700208 0.000244140625
88.032240000000002 88.052120000000002 1.383524488669688 1.3841328990057333 0.000244140625
88.052120000000002 88.072000000000003 1.3835160814600604 1.3841244886696882 0.000244140625
88.072000000000003 88.091880000000003 1.3835076773744881 1.3841160814595419 0.000244140625
88.091880000000003 88.111760000000004 1.3834992764127065 1.3841076773750145 0.000244140625
88.111760000000004 88.131640000000004 1.3834908785713165 1.3840992764127067 0.000244140625
88.131640000000004 88.151520000000005 1.3834824838490114 1.3840908785713166 0.000244140625
88.151520000000005 88.171400000000006 1.3834740922439588 1.3840824838490116 0.000244140625
88.171400000000006 88.191280000000006 1.3834657037543368 1.3840740922439589 0.000244140625
88.191280000000006 88.211160000000007 1.3834573183783145 1.3840657037543369 0.000244140625
88.211160000000007 88.231040000000007 1.383448936114078 1.3840573183783147 0.000244140625
88.231040000000007 88.250920000000008 1.3834405569597941 1.3840489361140782 0.000244140625
88.250920000000008 88.270800000000008 1.3834321809136498 1.3840405569597942 0.000244140625
88.270800000000008 88.290679999999995 1.3834238079738213 1.38403218091365 0.000244140625
88.290679999999995 88.310559999999995 1.3834154381384931 1.3840238079738214 0.000244140625
88.310559999999995 88.330439999999996 1.3834070714058468 1.3840154381384933 0.000244140625
88.330439999999996 88.350319999999996 1.3833987077740721 1.384007071405847 0.000244140625
88.350319999999996 88.370199999999997 1.3833903472413436 1.3839987077740723 0.000244140625
88.370199999999997 88.390079999999998 1.3833819898058628 1.3839903472413437 0.000244140625
88.390079999999998 88.409959999999998 1.3833736354658084 1.383981989805863 0.000244140625
88.409959999999998 88.429839999999999 1.3833652842193769 1.3839736354658085 0.000244140625
88.429839999999999 88.449719999999999 1.383356936064766 1.383965284219377 0.000244140625
88.449719999999999 88.4696 1.3833485910001548 1.3839569360647661 0.000244140625
88.4696 88.48948 1.3833402490237539 1.383948591000155 0.000244140625
88.48948 88.509360000000001 1.3833319101337442 1.383940249023754 0.000244140625
88.509360000000001 88.529240000000001 1.3833235743283352 1.3839319101337444 0.000244140625
88.529240000000001 88.549120000000002 1.3833152416057226 1.3839235743283353 0.000244140625
88.549120000000002 88.569000000000003 1.3833069119641077 1.3839152416057228 0.000244140625
88.569000000000003 88.588880000000003 1.3832985854016899 1.3839069119641079 0.000244140625
88.588880000000003 88.608760000000004 1.3832902619166836 1.3838985854016901 0.000244140625
88.608760000000004 88.628640000000004 1.3832819415072792 1.3838902619166837 0.000244140625
88.628640000000004 88.648520000000005 1.3832736241716945 1.3838819415072794 0.000244140625
88.648520000000005 88.668399999999991 1.3832653099081389 1.3838736241716947 0.000244140625
88.668399999999991 88.688279999999992 1.3832569987148038 1.3838653099081391 0.000244140625
88.688279999999992 88.708159999999992 1.3832486905899237 1.3838569987148039 0.000244140625
88.708159999999992 88.728039999999993 1.3832403855316933 1.3838486905899239 0.000244140625
88.728039999999993 88.747919999999993 1.3832320835383352 1.3838403855316934 0.000244140625
88.747919999999993 88.767799999999994 1.3832237846080651 1.3838320835383353 0.000244140625
88.767799999999994 88.787679999999995 1.3832154887390975 1.3838237846080652 0.000244140625
88.787679999999995 88.807559999999995 1.383207195929643 1.3838154887390977 0.000244140625
88.807559999999995 88.827439999999996 1.3831989061779384 1.3838071959296432 0.000244140625
88.827439999999996 88.847319999999996 1.3831906194821864 1.3837989061779385 0.000244140625
88.847319999999996 88.867199999999997 1.3831823358406317 1.3837906194821865 0.000244140625
88.867199999999997 88.887079999999997 1.3831740552509497 1.3837823358401051 0.000244140625
88.887079999999997 88.906959999999998 1.3831657777129438 1.3837740552514719 0.000244140625
88.906959999999998 88.926839999999999 1.3831575032232786 1.383765777712944 0.000244140625
88.926839999999999 88.946719999999999 1.3831492317806986 1.3837575032232787 0.000244140625
88.946719999999999 88.9666 1.3831409633834399 1.3837492317806988 0.000244140625
88.9666 88.98648 1.3831326980297214 1.3837409633834401 0.000244140625
88.98648 89.006360000000001 1.3831244357177905 1.3837326980297215 0.000244140625
89.006360000000001 89.026240000000001 1.3831161764458675 1.3837244357177907 0.000244140625
89.026240000000001 89.046120000000002 1.383107920212191 1.3837161764458676 0.000244140625
89.046120000000002 89.066000000000003 1.383099667015004 1.3837079202121911 0.000244140625
89.066000000000003 89.085879999999989 1.383091416852539 1.3836996670150041 0.000244140625
89.085879999999989 89.105759999999989 1.3830831697230348 1.3836914168525392 0.000244140625
89.105759999999989 89.12563999999999 1.3830749256247312 1.383683169723035 0.000244140625
89.12563999999999 89.145519999999991 1.3830666845558759 1.3836749256247314 0.000244140625
89.145519999999991 89.165399999999991 1.383058446514712 1.383666684555876 0.000244140625
89.165399999999991 89.185279999999992 1.383050211499476 1.3836584465147121 0.000244140625
89.185279999999992 89.205159999999992 1.3830419795084221 1.3836502114994762 0.000244140625
89.205159999999992 89.225039999999993 1.383033750539794 1.3836419795084223 0.000244140625
89.225039999999993 89.244919999999993 1.3830255245918412 1.3836337505397942 0.000244140625
89.244919999999993 89.264799999999994 1.3830173016628209 1.3836255245918414 0.000244140625
89.264799999999994 89.284679999999994 1.3830090817509755 1.383617301662821 0.000244140625
89.284679999999994 89.304559999999995 1.3830008648545666 1.3836090817509756 0.000244140625
89.304559999999995 89.324439999999996 1.382992650971842 1.3836008648545668 0.000244140625
89.324439999999996 89.344319999999996 1.3829844401010565 1.3835926509718421 0.000244140625
89.344319999999996 89.364199999999997 1.3829762322404762 1.3835844401010566 0.000244140625
89.364199999999997 89.384079999999997 1.3829680273883551 1.3835762322404763 0.000244140625
89.384079999999997 89.403959999999998 1.382959825542952 1.3835680273883553 0.000244140625
89.403959999999998 89.423839999999998 1.3829516267025297 1.3835598255429522 0.000244140625
89.423839999999998 89.443719999999999 1.3829434308653501 1.3835516267025298 0.000244140625
89.443719999999999 89.463599999999985 1.3829352380296838 1.3835434308653503 0.000244140625
89.463599999999985 89.483479999999986 1.3829270481937854 1.3835352380296839 0.000244140625
89.483479999999986 89.503359999999986 1.3829188613559329 1.3835270481937856 0.000244140625
89.503359999999986 89.523239999999987 1.3829106775143856 1.383518861355933 0.000244140625
89.523239999999987 89.543119999999988 1.3829024966674219 1.3835106775143857 0.000244140625
89.543119999999988 89.562999999999988 1.3828943188133127 1.3835024966674221 0.000244140625
89.562999999999988 89.582879999999989 1.3828861439503175 1.3834943188133129 0.000244140625
89.582879999999989 89.602759999999989 1.3828779720767235 1.3834861439503177 0.000244140625
89.602759999999989 89.62263999999999 1.3828698031908015 1.3834779720767236 0.000244140625
89.62263999999999 89.64251999999999 1.3828616372908327 1.3834698031908017 0.000244140625
89.64251999999999 89.662399999999991 1.3828534743750935 1.3834616372908328 0.000244140625
89.662399999999991 89.682279999999992 1.3828453144413253 1.3834534743745666 0.000244140625
89.682279999999992 89.702159999999992 1.3828371574894034 1.3834453144418557 0.000244140625
89.702159999999992 89.722039999999993 1.3828290035160233 1.3834371574894035 0.000244140625
89.722039999999993 89.741919999999993 1.382820852519997 1.3834290035160235 0.000244140625
89.741919999999993 89.761799999999994 1.3828127044996095 1.3834208525199971 0.000244140625
89.761799999999994 89.781679999999994 1.3828045594531437 1.3834127044996096 0.000244140625
89.781679999999994 89.801559999999995 1.382796417378896 1.3834045594531439 0.000244140625
89.801559999999995 89.821439999999996 1.3827882782751446 1.3833964173788962 0.000244140625
89.821439999999996 89.841319999999996 1.3827801421401811 1.3833882782751448 0.000244140625
89.841319999999996 89.861199999999997 1.3827720089723061 1.3833801421401812 0.000244140625
89.861199999999997 89.881079999999997 1.3827638787698082 1.3833720089723063 0.000244140625
89.881079999999997 89.900959999999998 1.3827557515309759 1.3833638787698084 0.000244140625
89.900959999999998 89.920839999999998 1.3827476272541144 1.383355751530976 0.000244140625
89.920839999999998 89.940719999999999 1.3827395059375096 1.3833476272541145 0.000244140625
89.940719999999999 89.960599999999999 1.3827313875794698 1.3833395059375098 0.000244140625
89.960599999999999 89.98048 1.3827232721782876 1.3833313875794699 0.000244140625
89.98048 90.000360000000001 1.3827151597322747 1.3833232721782878 0.000244140625
90.000360000000001 90.020240000000001 1.3827070502397221 1.3833151597322748 0.000244140625
90.020240000000001 90.040120000000002 1.3826989436989374 1.3833070502397222 0.000244140625
90.040120000000002 90.060000000000002 1.3826908401082232 1.3832989436989376 0.000244140625
90.060000000000002 90.079879999999989 1.3826827394658912 1.3832908401082233 0.000244140625
90.079879999999989 90.099759999999989 1.3826746417702533 1.3832827394658913 0.000244140625
90.099759999999989 90.11963999999999 1.3826665470196056 1.3832746417702535 0.000244140625
90.11963999999999 90.13951999999999 1.3826584552122636 1.3832665470196057 0.000244140625
90.13951999999999 90.159399999999991 1.3826503663465417 1.3832584552122638 0.000244140625
90.159399999999991 90.179279999999991 1.3826422804207537 1.3832503663465419 0.000244140625
90.179279999999991 90.199159999999992 1.3826341974332077 1.3832422804207538 0.000244140625
90.199159999999992 90.219039999999993 1.3826261173822241 1.3832341974332079 0.000244140625
90.219039999999993 90.238919999999993 1.3826180402661268 1.3832261173822242 0.000244140625
90.238919999999993 90.258799999999994 1.3826099660832185 1.3832180402661269 0.000244140625
90.258799999999994 90.278679999999994 1.3826018948318342 1.3832099660832187 0.000244140625
90.278679999999994 90.298559999999995 1.3825938265102791 1.3832018948318343 0.000244140625
90.298559999999995 90.318439999999995 1.382585761116891 1.3831938265102792 0.000244140625
90.318439999999995 90.338319999999996 1.3825776986499863 1.3831857611168912 0.000244140625
90.338319999999996 90.358199999999997 1.3825696391078923 1.3831776986499864 0.000244140625
90.358199999999997 90.378079999999997 1.382561582488927 1.3831696391078925 0.000244140625
90.378079999999997 90.397959999999998 1.3825535287914326 1.3831615824889272 0.000244140625
90.397959999999998 90.417839999999998 1.382545478013727 1.3831535287914327 0.000244140625
90.417839999999998 90.437719999999999 1.3825374301541438 1.3831454780137271 0.000244140625
90.437719999999999 90.457599999999999 1.3825293852110128 1.3831374301541439 0.000244140625
90.457599999999999 90.47748 1.3825213431821484 1.3831293852104896 0.000244140625
90.47748 90.49736 1.3825133040674469 1.383121343182671 0.000244140625
90.49736 90.517240000000001 1.382505267863682 1.383113304067447 0.000244140625
90.517240000000001 90.537120000000002 1.3824972345697104 1.3831052678636822 0.000244140625
90.537120000000002 90.557000000000002 1.3824892041838699 1.3830972345697106 0.000244140625
90.557000000000002 90.576880000000003 1.3824811767045002 1.38308920418387 0.000244140625
90.576880000000003 90.596760000000003 1.3824731521299365 1.3830811767045004 0.000244140625
90.596760000000003 90.616640000000004 1.3824651304585351 1.3830731521299366 0.000244140625
90.616640000000004 90.636520000000004 1.382457111688622 1.3830651304585353 0.000244140625
90.636520000000004 90.656400000000005 1.3824490958185551 1.3830571116886221 0.000244140625
90.656400000000005 90.676280000000006 1.3824410828466767 1.3830490958185553 0.000244140625
90.676280000000006 90.696160000000006 1.3824330727713301 1.3830410828466768 0.000244140625
90.696160000000006 90.716040000000007 1.382425065590863 1.3830330727713303 0.000244140625
90.716040000000007 90.735920000000007 1.3824170613036364 1.3830250655908631 0.000244140625
90.735920000000007 90.755800000000008 1.3824090599079812 1.3830170613036366 0.000244140625
90.755800000000008 90.775680000000008 1.3824010614022699 1.3830090599079814 0.000244140625
90.775680000000008 90.795560000000009 1.3823930657848498 1.3830010614022701 0.000244140625
90.795560000000009 90.815440000000009 1.382385073054069 1.3829930657848499 0.000244140625
90.815440000000009 90.83532000000001 1.3823770832082936 1.3829850730540691 0.000244140625
90.83532000000001 90.855199999999996 1.3823690962458743 1.3829770832082937 0.000244140625
90.855199999999996 90.875079999999997 1.3823611121651693 1.3829690962458745 0.000244140625
90.875079999999997 90.894959999999998 1.382353130964548 1.3829611121651695 0.000244140625
90.894959999999998 90.914839999999998 1.3823451526423598 1.3829531309645482 0.000244140625
90.914839999999998 90.934719999999999 1.3823371771969744 1.38294515264236 0.000244140625
90.934719999999999 90.954599999999999 1.3823292046267526 1.3829371771969745 0.000244140625
90.954599999999999 90.97448 1.3823212349300609 1.3829292046267527 0.000244140625
90.97448 90.99436 1.3823132681052737 1.382921234930061 0.000244140625
90.99436 91.014240000000001 1.3823053041507423 1.3829132681052738 0.000244140625
91.014240000000001 91.034120000000001 1.3822973430648464 1.3829053041507424 0.000244140625
91.034120000000001 91.054000000000002 1.3822893848459532 1.3828973430648466 0.000244140625
91.054000000000002 91.073880000000003 1.3822814294924357 1.3828893848459534 0.000244140625
91.073880000000003 91.093760000000003 1.3822734770026712 1.3828814294924359 0.000244140625
91.093760000000003 91.113640000000004 1.3822655273750237 1.3828734770026714 0.000244140625
91.113640000000004 91.133520000000004 1.3822575806078787 1.3828655273750239 0.000244140625
91.133520000000004 91.153400000000005 1.3822496366995995 1.3828575806078789 0.000244140625
91.153400000000005 91.173280000000005 1.3822416956485819 1.3828496366995997 0.000244140625
91.173280000000005 91.193160000000006 1.3822337574531918 1.3828416956485821 0.000244140625
91.193160000000006 91.213040000000007 1.3822258221118076 1.3828337574531919 0.000244140625
91.213040000000007 91.232920000000007 1.382217889622823 1.3828258221118077 0.000244140625
91.232920000000007 91.252800000000008 1.3822099599846154 1.3828178896228231 0.000244140625
91.252800000000008 91.272680000000008 1.3822020331950433 1.3828099599840895 0.000244140625
91.272680000000008 91.292560000000009 1.3821941092540617 1.3828020331955635 0.000244140625
91.292560000000009 91.312440000000009 1.3821861881584918 1.3827941092540619 0.000244140625
91.312440000000009 91.33232000000001 1.3821782699072416 1.382786188158492 0.000244140625
91.33232000000001 91.352200000000011 1.382170354498705 1.3827782699072417 0.000244140625
91.352200000000011 91.372080000000011 1.3821624419312637 1.3827703544987051 0.000244140625
91.372080000000011 91.391960000000012 1.3821545322033111 1.3827624419312639 0.000244140625
91.391960000000012 91.411840000000012 1.3821466253132528 1.3827545322033112 0.000244140625
91.411840000000012 91.431720000000013 1.3821387212594718 1.382746625313253 0.000244140625
91.431720000000013 91.451600000000013 1.3821308200403666 1.3827387212594719 0.000244140625
91.451600000000013 91.47148 1.3821229216543292 1.3827308200403667 0.000244140625
91.47148 91.49136 1.382115026099761 1.3827229216543293 0.000244140625
91.49136 91.511240000000001 1.3821071333750605 1.3827150260997612 0.000244140625
91.511240000000001 91.531120000000001 1.3820992434786317 1.3827071333750607 0.000244140625
91.531120000000001 91.551000000000002 1.3820913564088761 1.3826992434786318 0.000244140625
91.551000000000002 91.570880000000002 1.3820834721641928 1.3826913564088763 0.000244140625
91.570880000000002 91.590760000000003 1.3820755907429862 1.382683472164193 0.000244140625
91.590760000000003 91.610640000000004 1.3820677121436611 1.3826755907429864 0.000244140625
91.610640000000004 91.630520000000004 1.382059836364631 1.3826677121436612 0.000244140625
91.630520000000004 91.650400000000005 1.3820519634042983 1.3826598363646312 0.000244140625
91.650400000000005 91.670280000000005 1.3820440932610683 1.3826519634042984 0.000244140625
91.670280000000005 91.690160000000006 1.3820362259333638 1.3826440932610684 0.000244140625
91.690160000000006 91.710040000000006 1.3820283614195776 1.382636225933364 0.000244140625
91.710040000000006 91.729920000000007 1.3820204997181331 1.3826283614195778 0.000244140625
91.729920000000007 91.749800000000008 1.382012640827452 1.3826204997181333 0.000244140625
91.749800000000008 91.769680000000008 1.3820047847459407 1.3826126408274522 0.000244140625
91.769680000000008 91.789560000000009 1.3819969314720153 1.3826047847459408 0.000244140625
91.789560000000009 91.809440000000009 1.3819890810040971 1.3825969314720155 0.000244140625
91.809440000000009 91.82932000000001 1.3819812333405994 1.3825890810040973 0.000244140625
91.82932000000001 91.849199999999996 1.381973388479949 1.3825812333405996 0.000244140625
91.849199999999996 91.869079999999997 1.381965546420562 1.3825733884799492 0.000244140625
91.869079999999997 91.888959999999997 1.3819577071608666 1.3825655464205622 0.000244140625
91.888959999999997 91.908839999999998 1.3819498706992821 1.3825577071608668 0.000244140625
91.908839999999998 91.928719999999998 1.3819420370342366 1.3825498706992823 0.000244140625
91.928719999999998 91.948599999999999 1.3819342061641515 1.3825420370342367 0.000244140625
91.948599999999999 91.96848 1.3819263780874604 1.3825342061641517 0.000244140625
91.96848 91.98836 1.381918552802587 1.3825263780874606 0.000244140625
91.98836 92.008240000000001 1.3819107303079616 1.3825185528025872 0.000244140625
92.008240000000001 92.028120000000001 1.3819029106020182 1.3825107303079618 0.000244140625
92.028120000000001 92.048000000000002 1.3818950936831893 1.3825029106020184 0.000244140625
92.048000000000002 92.067880000000002 1.3818872795493828 1.3824950936826692 0.000244140625
92.067880000000002 92.087760000000003 1.3818794682006044 1.3824872795499046 0.000244140625
92.087760000000003 92.107640000000004 1.3818716596337244 1.3824794682006045 0.000244140625
92.107640000000004 92.127520000000004 1.3818638538476913 1.3824716596337245 0.000244140625
92.127520000000004 92.147400000000005 1.3818560508409543 1.3824638538476914 0.000244140625
92.147400000000005 92.167280000000005 1.3818482506119512 1.3824560508409545 0.000244140625
92.167280000000005 92.187160000000006 1.3818404531591204 1.3824482506119513 0.000244140625
92.187160000000006 92.207040000000006 1.3818326584809062 1.3824404531591206 0.000244140625
92.207040000000006 92.226920000000007 1.3818248665757473 1.3824326584809064 0.000244140625
92.226920000000007 92.246800000000007 1.381817077442093 1.3824248665757475 0.000244140625
92.246800000000007 92.266679999999994 1.3818092910783912 1.3824170774420932 0.000244140625
92.266679999999994 92.286559999999994 1.3818015074830807 1.3824092910783914 0.000244140625
92.286559999999994 92.306439999999995 1.3817937266546121 1.3824015074830809 0.000244140625
92.306439999999995 92.326319999999996 1.3817859485914379 1.3823937266546122 0.000244140625
92.326319999999996 92.346199999999996 1.3817781732920014 1.382385948591438 0.000244140625
92.346199999999996 92.366079999999997 1.3817704007547644 1.3823781732920015 0.000244140625
92.366079999999997 92.385959999999997 1.3817626309781716 1.3823704007547646 0.000244140625
92.385959999999997 92.405839999999998 1.3817548639606878 1.3823626309781718 0.000244140625
92.405839999999998 92.425719999999998 1.3817470997007493 1.382354863960688 0.000244140625
92.425719999999998 92.445599999999999 1.3817393381968286 1.3823470997007494 0.000244140625
92.445599999999999 92.465479999999999 1.3817315794473743 1.3823393381968287 0.000244140625
92.465479999999999 92.48536 1.381723823450852 1.3823315794473745 0.000244140625
92.48536 92.505240000000001 1.3817160702057125 1.3823238234508521 0.000244140625
92.505240000000001 92.525120000000001 1.3817083197104292 1.3823160702057127 0.000244140625
92.525120000000001 92.545000000000002 1.3817005719634545 1.3823083197104293 0.000244140625
92.545000000000002 92.564880000000002 1.3816928269632542 1.3823005719634547 0.000244140625
92.564880000000002 92.584760000000003 1.3816850847082938 1.3822928269632544 0.000244140625
92.584760000000003 92.604640000000003 1.3816773451970423 1.3822850847082939 0.000244140625
92.604640000000003 92.624520000000004 1.3816696084279578 1.3822773451970425 0.000244140625
92.624520000000004 92.64439999999999 1.3816618743995108 1.382269608427958 0.000244140625
92.64439999999999 92.664279999999991 1.3816541431101816 1.382261874399511 0.000244140625
92.664279999999991 92.684159999999991 1.381646414558434 1.3822541431101818 0.000244140625
92.684159999999991 92.704039999999992 1.3816386887427305 1.3822464145584341 0.000244140625
92.704039999999992 92.723919999999993 1.3816309656615591 1.3822386887427307 0.000244140625
92.723919999999993 92.743799999999993 1.3816232453133839 1.3822309656615592 0.000244140625
92.743799999999993 92.763679999999994 1.3816155276966759 1.382223245313384 0.000244140625
92.763679999999994 92.783559999999994 1.3816078128099216 1.3822155276966761 0.000244140625
92.783559999999994 92.803439999999995 1.3816001006516005 1.3822078128099218 0.000244140625
92.803439999999995 92.823319999999995 1.38159239122018 1.3822001006516007 0.000244140625
92.823319999999995 92.843199999999996 1.3815846845141433 1.3821923912201801 0.000244140625
92.843199999999996 92.863079999999997 1.3815769805314531 1.3821846845136205 0.000244140625
92.863079999999997 92.882959999999997 1.3815692792721626 1.382176980531979 0.000244140625
92.882959999999997 92.902839999999998 1.381561580733182 1.3821692792721627 0.000244140625
92.902839999999998 92.922719999999998 1.3815538849135134 1.3821615807331822 0.000244140625
92.922719999999998 92.942599999999999 1.3815461918116472 1.3821538849135135 0.000244140625
92.942599999999999 92.962479999999999 1.3815385014260726 1.3821461918116473 0.000244140625
92.962479999999999 92.98236 1.381530813755274 1.3821385014260728 0.000244140625
92.98236 93.00224 1.381523128797743 1.3821308137552741 0.000244140625
93.00224 93.022120000000001 1.3815154465519641 1.3821231287977431 0.000244140625
93.022120000000001 93.042000000000002 1.3815077670164377 1.3821154465519643 0.000244140625
93.042000000000002 93.061880000000002 1.3815000901896519 1.3821077670164379 0.000244140625
93.061880000000002 93.081760000000003 1.3814924160701034 1.3821000901896521 0.000244140625
93.081760000000003 93.101640000000003 1.3814847446562735 1.3820924160701036 0.000244140625
93.101640000000003 93.121520000000004 1.3814770759466792 1.3820847446562736 0.000244140625
93.121520000000004 93.141400000000004 1.3814694099398048 1.3820770759466794 0.000244140625
93.141400000000004 93.161280000000005 1.3814617466341441 1.382069409939805 0.000244140625
93.161280000000005 93.181160000000006 1.3814540860282085 1.3820617466341443 0.000244140625
93.181160000000006 93.201040000000006 1.3814464281204952 1.3820540860282087 0.000244140625
93.201040000000006 93.220920000000007 1.3814387729095023 1.3820464281204954 0.000244140625
93.220920000000007 93.240800000000007 1.3814311203937333 1.3820387729095025 0.000244140625
93.240800000000007 93.260679999999994 1.3814234705716972 1.3820311203937334 0.000244140625
93.260679999999994 93.280559999999994 1.3814158234418954 1.3820234705716974 0.000244140625
93.280559999999994 93.300439999999995 1.3814081790028281 1.3820158234418956 0.000244140625
93.300439999999995 93.320319999999995 1.3814005372530154 1.3820081790028282 0.000244140625
93.320319999999995 93.340199999999996 1.3813928981909549 1.3820005372530155 0.000244140625
93.340199999999996 93.360079999999996 1.3813852618151659 1.3819928981909551 0.000244140625
93.360079999999996 93.379959999999997 1.3813776281241552 1.381985261815166 0.000244140625
93.379959999999997 93.399839999999998 1.3813699971164233 1.3819776281241554 0.000244140625
93.399839999999998 93.419719999999998 1.3813623687905006 1.3819699971164234 0.000244140625
93.419719999999998 93.439599999999999 1.3813547431448929 1.3819623687905007 0.000244140625
93.439599999999999 93.459479999999999 1.381347120178118 1.3819547431448931 0.000244140625
93.459479999999999 93.47936 1.381339499888691 1.3819471201781182 0.000244140625
93.47936 93.49924 1.3813318822751299 1.3819394998886911 0.000244140625
93.49924 93.519120000000001 1.3813242673359512 1.3819318822751301 0.000244140625
93.519120000000001 93.539000000000001 1.3813166550696783 1.3819242673359513 0.000244140625
93.539000000000001 93.558880000000002 1.3813090454748329 1.3819166550696784 0.000244140625
93.558880000000002 93.578760000000003 1.3813014385499347 1.3819090454748331 0.000244140625
93.578760000000003 93.598640000000003 1.3812938342935006 1.3819014385499349 0.000244140625
93.598640000000003 93.618520000000004 1.3812862327040678 1.3818938342935008 0.000244140625
93.618520000000004 93.638400000000004 1.3812786337801586 1.381886232704068 0.000244140625
93.638400000000004 93.658280000000005 1.3812710375197732 1.3818786337796398 0.000244140625
93.658280000000005 93.678160000000005 1.3812634439230047 1.3818710375202965 0.000244140625
93.678160000000005 93.698040000000006 1.3812558529868173 1.3818634439230049 0.000244140625
93.698040000000006 93.717920000000007 1.3812482647102668 1.3818558529868175 0.000244140625
93.717920000000007 93.737800000000007 1.3812406790918743 1.381848264710267 0.000244140625
93.737800000000007 93.757680000000008 1.3812330961301849 1.3818406790918745 0.000244140625
93.757680000000008 93.777560000000008 1.3812255158237252 1.381833096130185 0.000244140625
93.777560000000008 93.797440000000009 1.3812179381710314 1.3818255158237254 0.000244140625
93.797440000000009 93.817320000000009 1.3812103631706341 1.3818179381710316 0.000244140625
93.817320000000009 93.837199999999996 1.3812027908210796 1.3818103631706342 0.000244140625
93.837199999999996 93.857079999999996 1.3811952211208971 1.3818027908210797 0.000244140625
93.857079999999996 93.876959999999997 1.3811876540686221 1.3817952211208973 0.000244140625
93.876959999999997 93.896839999999997 1.3811800896628075 1.3817876540686223 0.000244140625
93.896839999999997 93.916719999999998 1.3811725279019849 1.3817800896628076 0.000244140625
93.916719999999998 93.936599999999999 1.3811649687846979 1.381772527901985 0.000244140625
93.936599999999999 93.956479999999999 1.3811574123094881 1.381764968784698 0.000244140625
93.956479999999999 93.97636 1.3811498584749096 1.3817574123094882 0.000244140625
93.97636 93.99624 1.3811423072794973 1.3817498584749097 0.000244140625
93.99624 94.016120000000001 1.3811347587218012 1.3817423072794974 0.000244140625
94.016120000000001 94.036000000000001 1.3811272128003709 1.3817347587218014 0.000244140625
94.036000000000001 94.055880000000002 1.3811196695137453 1.381727212800371 0.000244140625
94.055880000000002 94.075760000000002 1.3811121288604922 1.3817196695137455 0.000244140625
94.075760000000002 94.095640000000003 1.3811045908391484 1.3817121288604923 0.000244140625
94.095640000000003 94.115520000000004 1.38109705544827 1.3817045908391485 0.000244140625
94.115520000000004 94.135400000000004 1.3810895226864102 1.3816970554482702 0.000244140625
94.135400000000004 94.155280000000005 1.3810819925521207 1.3816895226864103 0.000244140625
94.155280000000005 94.175160000000005 1.3810744650439624 1.3816819925521209 0.000244140625
94.175160000000005 94.195040000000006 1.3810669401604876 1.3816744650439625 0.000244140625
94.195040000000006 94.214920000000006 1.38105941790026 1.3816669401604877 0.000244140625
94.214920000000006 94.234800000000007 1.3810518982618241 1.3816594179002601 0.000244140625
94.234800000000007 94.254679999999993 1.3810443812437518 1.3816518982618242 0.000244140625
94.254679999999993 94.274559999999994 1.3810368668446016 1.381644381243752 0.000244140625
94.274559999999994 94.294439999999994 1.3810293550629356 1.3816368668446017 0.000244140625
94.294439999999994 94.314319999999995 1.3810218458973149 1.3816293550629357 0.000244140625
94.314319999999995 94.334199999999996 1.3810143393462988 1.3816218458973151 0.000244140625
94.334199999999996 94.354079999999996 1.3810068354084664 1.381614339346299 0.000244140625
94.354079999999996 94.373959999999997 1.3809993340823672 1.3816068354084665 0.000244140625
94.373959999999997 94.393839999999997 1.3809918353665769 1.3815993340823673 0.000244140625
94.393839999999997 94.413719999999998 1.3809843392596666 1.381591835366577 0.000244140625
94.413719999999998 94.433599999999998 1.3809768457602025 1.3815843392596667 0.000244140625
94.433599999999998 94.453479999999999 1.380969354866233 1.3815768457596835 0.000244140625
94.453479999999999 94.47336 1.3809618665778931 1.3815693548667556 0.000244140625
94.47336 94.49324 1.3809543808921911 1.3815618665778933 0.000244140625
94.49324 94.513120000000001 1.3809468978082329 1.3815543808921913 0.000244140625
94.513120000000001 94.533000000000001 1.3809394173245728 1.381546897808233 0.000244140625
94.533000000000001 94.552880000000002 1.3809319394397994 1.381539417324573 0.000244140625
94.552880000000002 94.572760000000002 1.3809244641524934 1.3815319394397996 0.000244140625
94.572760000000002 94.592640000000003 1.380916991461222 1.3815244641524935 0.000244140625
94.592640000000003 94.612520000000004 1.3809095213645741 1.3815169914612222 0.000244140625
94.612520000000004 94.632400000000004 1.3809020538611225 1.3815095213645743 0.000244140625
94.632400000000004 94.652280000000005 1.3808945889494557 1.3815020538611227 0.000244140625
94.652280000000005 94.672160000000005 1.3808871266281488 1.3814945889494559 0.000244140625
94.672160000000005 94.692040000000006 1.380879666895785 1.381487126628149 0.000244140625
94.692040000000006 94.711920000000006 1.3808722097509529 1.3814796668957852 0.000244140625
94.711920000000006 94.731800000000007 1.3808647551922368 1.3814722097509531 0.000244140625
94.731800000000007 94.751680000000007 1.3808573032182254 1.381464755192237 0.000244140625
94.751680000000007 94.771560000000008 1.3808498538275014 1.3814573032182256 0.000244140625
94.771560000000008 94.791440000000009 1.3808424070186582 1.3814498538275015 0.000244140625
94.791440000000009 94.811320000000009 1.3808349627902825 1.3814424070186584 0.000244140625
94.811320000000009 94.831199999999995 1.3808275211409633 1.3814349627902827 0.000244140625
94.831199999999995 94.851079999999996 1.3808200820693024 1.3814275211409635 0.000244140625
94.851079999999996 94.870959999999997 1.3808126455738787 1.3814200820693026 0.000244140625
94.870959999999997 94.890839999999997 1.3808052116532925 1.3814126455738789 0.000244140625
94.890839999999997 94.910719999999998 1.3807977803061382 1.3814052116532927 0.000244140625
94.910719999999998 94.930599999999998 1.3807903515310129 1.3813977803061384 0.000244140625
94.930599999999998 94.950479999999999 1.3807829253265134 1.3813903515310131 0.000244140625
94.950479999999999 94.970359999999999 1.3807755016912397 1.3813829253265135 0.000244140625
94.970359999999999 94.99024 1.3807680806237879 1.3813755016912399 0.000244140625
94.99024 95.010120000000001 1.3807606621227604 1.381368080623788 0.000244140625
95.010120000000001 95.030000000000001 1.3807532461867593 1.3813606621227605 0.000244140625
95.030000000000001 95.049880000000002 1.3807458328143738 1.3813532461867595 0.000244140625
95.049880000000002 95.069760000000002 1.3807384220042294 1.381345832814374 0.000244140625
95.069760000000002 95.089640000000003 1.3807310137549189 1.3813384220042295 0.000244140625
95.089640000000003 95.109520000000003 1.3807236080650427 1.3813310137549191 0.000244140625
95.109520000000003 95.129400000000004 1.38071620493322 1.3813236080650428 0.000244140625
95.129400000000004 95.149280000000005 1.3807088043580473 1.3813162049332202 0.000244140625
95.149280000000005 95.169160000000005 1.3807014063381371 1.3813088043580475 0.000244140625
95.169160000000005 95.189040000000006 1.3806940108720964 1.3813014063381372 0.000244140625
95.189040000000006 95.208920000000006 1.3806866179585444 1.3812940108720966 0.000244140625
95.208920000000006 95.228800000000007 1.3806792275960849 1.3812866179585446 0.000244140625
95.228800000000007 95.248680000000007 1.3806718397828071 1.3812792275955639 0.000244140625
95.248680000000007 95.268560000000008 1.3806644545188971 1.3812718397833328 0.000244140625
95.268560000000008 95.288440000000008 1.3806570718014008 1.3812644545188972 0.000244140625
95.288440000000008 95.308320000000009 1.3806496916294517 1.381257071801401 0.000244140625
95.308320000000009 95.32820000000001 1.3806423140016753 1.3812496916294519 0.000244140625
95.32820000000001 95.34808000000001 1.3806349389166859 1.3812423140016754 0.000244140625
95.34808000000001 95.367960000000011 1.3806275663731034 1.381234938916686 0.000244140625
95.367960000000011 95.387840000000011 1.3806201963695404 1.3812275663731035 0.000244140625
95.387840000000011 95.407720000000012 1.3806128289046264 1.3812201963695405 0.000244140625
95.407720000000012 95.427600000000012 1.3806054639769823 1.3812128289046266 0.000244140625
95.427600000000012 95.447479999999999 1.3805981015852284 1.3812054639769824 0.000244140625
95.447479999999999 95.467359999999999 1.380590741727991 1.3811981015852286 0.000244140625
95.467359999999999 95.48724 1.3805833844038851 1.3811907417279912 0.000244140625
95.48724 95.50712 1.3805760296115543 1.3811833844038852 0.000244140625
95.50712 95.527000000000001 1.3805686773496151 1.3811760296115545 0.000244140625
95.527000000000001 95.546880000000002 1.3805613276166946 1.3811686773496152 0.000244140625
95.546880000000002 95.566760000000002 1.3805539804114317 1.3811613276166947 0.000244140625
95.566760000000002 95.586640000000003 1.380546635732445 1.3811539804114319 0.000244140625
95.586640000000003 95.606520000000003 1.3805392935783705 1.3811466357324451 0.000244140625
95.606520000000003 95.626400000000004 1.3805319539478418 1.3811392935783706 0.000244140625
95.626400000000004 95.646280000000004 1.3805246168394916 1.3811319539478419 0.000244140625
95.646280000000004 95.666160000000005 1.3805172822519522 1.3811246168394917 0.000244140625
95.666160000000005 95.686040000000006 1.3805099501838571 1.3811172822519524 0.000244140625
95.686040000000006 95.705920000000006 1.3805026206338495 1.3811099501838573 0.000244140625
95.705920000000006 95.725800000000007 1.3804952936005617 1.3811026206338497 0.000244140625
95.725800000000007 95.745680000000007 1.3804879690826353 1.3810952936005618 0.000244140625
95.745680000000007 95.765560000000008 1.3804806470787001 1.3810879690826354 0.000244140625
95.765560000000008 95.785440000000008 1.3804733275874133 1.3810806470787003 0.000244140625
95.785440000000008 95.805320000000009 1.3804660106074014 1.3810733275874134 0.000244140625
95.805320000000009 95.825199999999995 1.3804586961373144 1.3810660106074015 0.000244140625
95.825199999999995 95.845079999999996 1.3804513841757924 1.3810586961373146 0.000244140625
95.845079999999996 95.864959999999996 1.3804440747214788 1.3810513841757925 0.000244140625
95.864959999999996 95.884839999999997 1.3804367677730174 1.3810440747214789 0.000244140625
95.884839999999997 95.904719999999998 1.3804294633290695 1.3810367677730175 0.000244140625
95.904719999999998 95.924599999999998 1.380422161388261 1.3810294633290696 0.000244140625
95.924599999999998 95.944479999999999 1.3804148619492507 1.3810221613882612 0.000244140625
95.944479999999999 95.964359999999999 1.3804075650106882 1.3810148619492508 0.000244140625
95.964359999999999 95.98424 1.3804002705712275 1.3810075650106883 0.000244140625
95.98424 96.00412 1.3803929786295144 1.3810002705712277 0.000244140625
96.00412 96.024000000000001 1.3803856891841972 1.3809929786295145 0.000244140625
96.024000000000001 96.043880000000001 1.3803784022334249 1.3809856891836771 0.000244140625
96.043880000000001 96.063760000000002 1.3803711177773901 1.3809784022339398 0.000244140625
96.063760000000002 96.083640000000003 1.380363835813208 1.3809711177773902 0.000244140625
96.083640000000003 96.103520000000003 1.3803565563400424 1.3809638358132081 0.000244140625
96.103520000000003 96.123400000000004 1.3803492793565539 1.3809565563400426 0.000244140625
96.123400000000004 96.143280000000004 1.3803420048614086 1.3809492793565541 0.000244140625
96.143280000000004 96.163160000000005 1.3803347328532547 1.3809420048614087 0.000244140625
96.163160000000005 96.183040000000005 1.380327463330753 1.3809347328532549 0.000244140625
96.183040000000005 96.202920000000006 1.3803201962925764 1.3809274633307531 0.000244140625
96.202920000000006 96.222800000000007 1.380312931737371 1.3809201962925766 0.000244140625
96.222800000000007 96.242679999999993 1.3803056696638134 1.3809129317373712 0.000244140625
96.242679999999993 96.262559999999993 1.3802984100705613 1.3809056696638136 0.000244140625
96.262559999999993 96.282439999999994 1.3802911529562867 1.3808984100705615 0.000244140625
96.282439999999994 96.302319999999995 1.3802838983196486 1.3808911529562868 0.000244140625
96.302319999999995 96.322199999999995 1.3802766461593126 1.3808838983196488 0.000244140625
96.322199999999995 96.342079999999996 1.3802693964739514 1.3808766461593127 0.000244140625
96.342079999999996 96.361959999999996 1.3802621492622393 1.3808693964739516 0.000244140625
96.361959999999996 96.381839999999997 1.3802549045228347 1.3808621492622395 0.000244140625
96.381839999999997 96.401719999999997 1.3802476622544193 1.3808549045228349 0.000244140625
96.401719999999997 96.421599999999998 1.3802404224556635 1.3808476622544195 0.000244140625
96.421599999999998 96.441479999999999 1.3802331851252343 1.3808404224556636 0.000244140625
96.441479999999999 96.461359999999999 1.3802259502618128 1.3808331851252345 0.000244140625
96.461359999999999 96.48124 1.3802187178640704 1.380825950261813 0.000244140625
96.48124 96.50112 1.3802114879306751 1.3808187178640705 0.000244140625
96.50112 96.521000000000001 1.3802042604603213 1.3808114879306752 0.000244140625
96.521000000000001 96.540880000000001 1.3801970354516742 1.3808042604603215 0.000244140625
96.540880000000001 96.560760000000002 1.3801898129034178 1.3807970354516743 0.000244140625
96.560760000000002 96.580640000000002 1.3801825928142319 1.380789812903418 0.000244140625
96.580640000000002 96.600520000000003 1.3801753751827956 1.3807825928142321 0.000244140625
96.600520000000003 96.620399999999989 1.380168160007792 1.3807753751827958 0.000244140625
96.620399999999989 96.64027999999999 1.3801609472879039 1.3807681600077921 0.000244140625
96.64027999999999 96.660159999999991 1.3801537370218122 1.3807609472879041 0.000244140625
96.660159999999991 96.680039999999991 1.3801465292082002 1.3807537370218124 0.000244140625
96.680039999999991 96.699919999999992 1.3801393238457695 1.3807465292082004 0.000244140625
96.699919999999992 96.719799999999992 1.3801321209331923 1.3807393238457697 0.000244140625
96.719799999999992 96.739679999999993 1.3801249204691541 1.3807321209331924 0.000244140625
96.739679999999993 96.759559999999993 1.3801177224523591 1.3807249204691543 0.000244140625
96.759559999999993 96.779439999999994 1.3801105268814697 1.3807177224523592 0.000244140625
96.779439999999994 96.799319999999994 1.3801033337552095 1.3807105268814699 0.000244140625
96.799319999999994 96.819199999999995 1.3800961430722498 1.3807033337552097 0.000244140625
96.819199999999995 96.839079999999996 1.3800889548307589 1.3806961430717228 0.000244140625
96.839079999999996 96.858959999999996 1.3800817690310088 1.3806889548312824 0.000244140625
96.858959999999996 96.878839999999997 1.3800745856701193 1.3806817690310089 0.000244140625
96.878839999999997 96.898719999999997 1.3800674047473134 1.3806745856701195 0.000244140625
96.898719999999997 96.918599999999998 1.3800602262612804 1.3806674047473135 0.000244140625
96.918599999999998 96.938479999999998 1.380053050210726 1.3806602262612806 0.000244140625
96.938479999999998 96.958359999999999 1.38004587659434 1.3806530502107262 0.000244140625
96.958359999999999 96.97824 1.3800387054108278 1.3806458765943401 0.000244140625
96.97824 96.99812 1.3800315366588911 1.380638705410828 0.000244140625
96.99812 97.018000000000001 1.3800243703372237 1.3806315366588913 0.000244140625
97.018000000000001 97.037879999999987 1.38001720644453 1.3806243703372238 0.000244140625
97.037879999999987 97.057759999999988 1.3800100449795145 1.3806172064445301 0.000244140625
97.057759999999988 97.077639999999988 1.3800028859408833 1.3806100449795147 0.000244140625
97.077639999999988 97.097519999999989 1.3799957293273413 1.3806028859408834 0.000244140625
97.097519999999989 97.117399999999989 1.3799885751375878 1.3805957293273414 0.000244140625
97.117399999999989 97.13727999999999 1.3799814233703382 1.3805885751375879 0.000244140625
97.13727999999999 97.15715999999999 1.3799742740242911 1.3805814233703384 0.000244140625
97.15715999999999 97.177039999999991 1.3799671270981633 1.3805742740242912 0.000244140625
97.177039999999991 97.196919999999992 1.3799599825906621 1.3805671270981634 0.000244140625
97.196919999999992 97.216799999999992 1.3799528405005002 1.3805599825906623 0.000244140625
97.216799999999992 97.236679999999993 1.3799457008263862 1.3805528405005003 0.000244140625
97.236679999999993 97.256559999999993 1.37993856356703 1.3805457008263864 0.000244140625
97.256559999999993 97.276439999999994 1.379931428721147 1.3805385635670302 0.000244140625
97.276439999999994 97.296319999999994 1.3799242962874505 1.3805314287211472 0.000244140625
97.296319999999994 97.316199999999995 1.3799171662646672 1.3805242962874507 0.000244140625
97.316199999999995 97.336079999999995 1.3799100386514951 1.3805171662646674 0.000244140625
97.336079999999995 97.355959999999996 1.3799029134466609 1.3805100386514952 0.000244140625
97.355959999999996 97.375839999999997 1.3798957906488882 1.3805029134466611 0.000244140625
97.375839999999997 97.395719999999997 1.3798886702568829 1.3804957906488884 0.000244140625
97.395719999999997 97.415599999999984 1.3798815522693795 1.380488670256883 0.000244140625
97.415599999999984 97.435479999999984 1.3798744366850917 1.3804815522693796 0.000244140625
97.435479999999984 97.455359999999985 1.3798673235027357 1.3804744366850918 0.000244140625
97.455359999999985 97.475239999999985 1.3798602127210413 1.3804673235027358 0.000244140625
97.475239999999985 97.495119999999986 1.3798531043387312 1.3804602127210415 0.000244140625
97.495119999999986 97.514999999999986 1.3798459983545359 1.3804531043387314 0.000244140625
97.514999999999986 97.534879999999987 1.3798388947671631 1.3804459983545361 0.000244140625
97.534879999999987 97.554759999999987 1.3798317935753588 1.3804388947671633 0.000244140625
97.554759999999987 97.574639999999988 1.3798246947778416 1.3804317935753589 0.000244140625
97.574639999999988 97.594519999999989 1.3798175983733418 1.3804246947778418 0.000244140625
97.594519999999989 97.614399999999989 1.3798105043605844 1.380417598373342 0.000244140625
97.614399999999989 97.63427999999999 1.3798034127377854 1.3804105043600687 0.000244140625
97.63427999999999 97.65415999999999 1.3797963235052295 1.3804034127383031 0.000244140625
97.65415999999999 97.674039999999991 1.379789236660103 1.3803963235052297 0.000244140625
97.674039999999991 97.693919999999991 1.3797821522016469 1.3803892366601032 0.000244140625
97.693919999999991 97.713799999999992 1.3797750701285931 1.3803821522016471 0.000244140625
97.713799999999992 97.733679999999993 1.3797679904396802 1.3803750701285933 0.000244140625
97.733679999999993 97.753559999999993 1.3797609131336446 1.3803679904396804 0.000244140625
97.753559999999993 97.773439999999994 1.3797538382092267 1.3803609131336447 0.000244140625
97.773439999999994 97.793319999999994 1.3797467656651567 1.3803538382092269 0.000244140625
97.793319999999994 97.813199999999995 1.3797396955001748 1.3803467656651569 0.000244140625
97.813199999999995 97.833079999999995 1.379732627713024 1.380339695500175 0.000244140625
97.833079999999995 97.852959999999996 1.3799255623024391 1.3801326277130241 0.000244140625
97.852959999999996 97.872839999999997 1.3799184992671714 1.3801255623024393 0.000244140625
97.872839999999997 97.892719999999997 1.3799114386059563 1.3801184992671716 0.000244140625
97.892719999999997 97.912599999999998 1.3799043803175362 1.3801114386059565 0.000244140625
97.912599999999998 97.932479999999998 1.3798973244006552 1.3801043803175364 0.000244140625
97.932479999999998 97.952359999999999 1.3798902708540575 1.3800973244006554 0.000244140625
97.952359999999999 97.972239999999999 1.3798832196764983 1.3800902708540577 0.000244140625
97.972239999999999 97.99212 1.3798761708667122 1.3800832196764985 0.000244140625
97.99212 98.012 1.379869124423452 1.3800761708667124 0.000244140625
98.012 98.031880000000001 1.3798620803454686 1.3800691244234522 0.000244140625
98.031880000000001 98.051760000000002 1.379855038631504 1.3800620803454688 0.000244140625
98.051760000000002 98.071640000000002 1.3798479992803199 1.3800550386315042 0.000244140625
98.071640000000002 98.091520000000003 1.3798409622906542 1.3800479992803201 0.000244140625
98.091520000000003 98.111400000000003 1.3798339276612703 1.3800409622906544 0.000244140625
98.111400000000003 98.131280000000004 1.3798268953909139 1.3800339276612705 0.000244140625
98.131280000000004 98.151160000000004 1.3798198654783429 1.3800268953909141 0.000244140625
98.151160000000004 98.171040000000005 1.3798128379223125 1.3800198654783431 0.000244140625
98.171040000000005 98.190920000000006 1.3798058127215778 1.3800128379223127 0.000244140625
98.190920000000006 98.210800000000006 1.3797987898748931 1.380005812721578 0.000244140625
98.210800000000006 98.230680000000007 1.3797917693810198 1.3799987898748933 0.000244140625
98.230680000000007 98.250560000000007 1.3797847512387109 1.37999176938102 0.000244140625
98.250560000000007 98.270440000000008 1.3797777354467355 1.3799847512387111 0.000244140625
98.270440000000008 98.290320000000008 1.3797707220038473 1.3799777354467357 0.000244140625
98.290320000000008 98.310200000000009 1.3797637109088079 1.3799707220038475 0.000244140625
98.310200000000009 98.330080000000009 1.3797567021603792 1.3799637109088081 0.000244140625
98.330080000000009 98.34996000000001 1.379749695757319 1.3799567021603794 0.000244140625
98.34996000000001 98.369840000000011 1.3797426916984019 1.3799496957573192 0.000244140625
98.369840000000011 98.389720000000011 1.3797356899823887 1.3799426916984021 0.000244140625
98.389720000000011 98.409600000000012 1.3797286906080375 1.3799356899823889 0.000244140625
98.409600000000012 98.429480000000012 1.3797216935736138 1.3799286906075223 0.000244140625
98.429480000000012 98.449360000000013 1.3797146988794282 1.3799216935741341 0.000244140625
98.449360000000013 98.469240000000013 1.3797077065226886 1.3799146988794284 0.000244140625
98.469240000000013 98.489120000000014 1.379700716502694 1.3799077065226888 0.000244140625
98.489120000000014 98.509000000000015 1.3796937288182116 1.3799007165026942 0.000244140625
98.509000000000015 98.528880000000015 1.3796867434680031 1.3798937288182118 0.000244140625
98.528880000000015 98.548760000000001 1.3796797604508564 1.3798867434680033 0.000244140625
98.548760000000001 98.568640000000002 1.3796727797655302 1.3798797604508566 0.000244140625
98.568640000000002 98.588520000000003 1.3796658014108052 1.3798727797655304 0.000244140625
98.588520000000003 98.608400000000003 1.3796588253854556 1.3798658014108054 0.000244140625
98.608400000000003 98.628280000000004 1.3796518516882577 1.3798588253854558 0.000244140625
98.628280000000004 98.648160000000004 1.3796448803179819 1.3798518516882579 0.000244140625
98.648160000000004 98.668040000000005 1.379637911273405 1.3798448803179821 0.000244140625
98.668040000000005 98.687920000000005 1.3796309445533188 1.3798379112734052 0.000244140625
98.687920000000005 98.707800000000006 1.3796239801564911 1.379830944553319 0.000244140625
98.707800000000006 98.727680000000007 1.3796170180817058 1.3798239801564913 0.000244140625
98.727680000000007 98.747560000000007 1.379610058327738 1.379817018081706 0.000244140625
98.747560000000007 98.767440000000008 1.3796031008933771 1.3798100583277382 0.000244140625
98.767440000000008 98.787320000000008 1.3795961457773971 1.3798031008933773 0.000244140625
98.787320000000008 98.807199999999995 1.3795891929785842 1.3797961457773973 0.000244140625
98.807199999999995 98.827079999999995 1.3795822424957298 1.3797891929785844 0.000244140625
98.827079999999995 98.846959999999996 1.3795752943276107 1.37978224249573 0.000244140625
98.846959999999996 98.866839999999996 1.3795683484730143 1.3797752943276109 0.000244140625
98.866839999999996 98.886719999999997 1.3795614049307328 1.3797683484730145 0.000244140625
98.886719999999997 98.906599999999997 1.3795544636995412 1.379761404930733 0.000244140625
98.906599999999997 98.926479999999998 1.3795475247782465 1.3797544636995414 0.000244140625
98.926479999999998 98.946359999999999 1.379540588165624 1.3797475247782467 0.000244140625
98.946359999999999 98.966239999999999 1.3795336538604706 1.3797405881656242 0.000244140625
98.966239999999999 98.98612 1.3795267218615739 1.3797336538604708 0.000244140625
98.98612 99.006 1.379519792167726 1.3797267218615741 0.000244140625
99.006 99.025880000000001 1.3795128647777235 1.3797197921677262 0.000244140625
99.025880000000001 99.045760000000001 1.3795059396903591 1.3797128647777237 0.000244140625
99.045760000000001 99.065640000000002 1.3794990169044254 1.3797059396903593 0.000244140625
99.065640000000002 99.085519999999988 1.3794920964187154 1.3796990169044256 0.000244140625
99.085519999999988 99.105399999999989 1.3794851782320412 1.3796920964187156 0.000244140625
99.105399999999989 99.125279999999989 1.3794782623431758 1.3796851782320414 0.000244140625
99.125279999999989 99.14515999999999 1.3794713487509382 1.379678262343176 0.000244140625
99.14515999999999 99.165039999999991 1.3794644374541156 1.3796713487509384 0.000244140625
99.165039999999991 99.184919999999991 1.3794575284515112 1.3796644374541158 0.000244140625
99.184919999999991 99.204799999999992 1.3794506217419231 1.3796575284515114 0.000244140625
99.204799999999992 99.224679999999992 1.3794437173236374 1.3796506217414044 0.000244140625
99.224679999999992 99.244559999999993 1.3794368151970151 1.3796437173241565 0.000244140625
99.244559999999993 99.264439999999993 1.3794299153593026 1.3796368151970153 0.000244140625
99.264439999999993 99.284319999999994 1.3794230178098115 1.3796299153593028 0.000244140625
99.284319999999994 99.304199999999994 1.3794161225473642 1.3796230178098117 0.000244140625
99.304199999999994 99.324079999999995 1.3794092295707572 1.3796161225473644 0.000244140625
99.324079999999995 99.343959999999996 1.3794023388787982 1.3796092295707574 0.000244140625
99.343959999999996 99.363839999999996 1.3793954504702954 1.3796023388787984 0.000244140625
99.363839999999996 99.383719999999997 1.3793885643440553 1.3795954504702956 0.000244140625
99.383719999999997 99.403599999999997 1.3793816804988877 1.3795885643440555 0.000244140625
99.403599999999997 99.423479999999998 1.3793747989336034 1.3795816804988879 0.000244140625
99.423479999999998 99.443359999999998 1.3793679196470208 1.3795747989336036 0.000244140625
99.443359999999998 99.463239999999999 1.379361042637939 1.379567919647021 0.000244140625
99.463239999999999 99.48312 1.3793541679051786 1.3795610426379392 0.000244140625
99.48312 99.503 1.3793472954475474 1.3795541679051788 0.000244140625
99.503 99.522880000000001 1.3793404252638648 1.3795472954475476 0.000244140625
99.522880000000001 99.542760000000001 1.3793335573529462 1.379540425263865 0.000244140625
99.542760000000001 99.562640000000002 1.3793266917136089 1.3795335573529464 0.000244140625
99.562640000000002 99.582520000000002 1.3793198283446617 1.3795266917136091 0.000244140625
99.582520000000002 99.602399999999989 1.3793129672449287 1.3795198283446619 0.000244140625
99.602399999999989 99.622279999999989 1.3793061084132321 1.3795129672449289 0.000244140625
99.622279999999989 99.64215999999999 1.37929925184839 1.3795061084132323 0.000244140625
99.64215999999999 99.66203999999999 1.3792923975492073 1.3794992518483902 0.000244140625
99.66203999999999 99.681919999999991 1.3792855455145232 1.3794923975492075 0.000244140625
99.681919999999991 99.701799999999992 1.3792786957431555 1.3794855455145234 0.000244140625
99.701799999999992 99.721679999999992 1.3792718482339268 1.3794786957431557 0.000244140625
99.721679999999992 99.741559999999993 1.3792650029856577 1.379471848233927 0.000244140625
99.741559999999993 99.761439999999993 1.3792581599971743 1.3794650029856579 0.000244140625
99.761439999999993 99.781319999999994 1.3792513192673019 1.3794581599971745 0.000244140625
99.781319999999994 99.801199999999994 1.3792444807948676 1.3794513192673021 0.000244140625
99.801199999999994 99.821079999999995 1.3792376445786976 1.3794444807948678 0.000244140625
99.821079999999995 99.840959999999995 1.3792308106176232 1.3794376445786978 0.000244140625
99.840959999999995 99.860839999999996 1.3792239789104641 1.3794308106176234 0.000244140625
99.860839999999996 99.880719999999997 1.3792171494560621 1.3794239789104643 0.000244140625
99.880719999999997 99.900599999999997 1.3792103222532401 1.3794171494560623 0.000244140625
99.900599999999997 99.920479999999998 1.3792034973008309 1.3794103222532403 0.000244140625
99.920479999999998 99.940359999999998 1.3791966745976627 1.3794034973008311 0.000244140625
99.940359999999998 99.960239999999999 1.3791898541425709 1.3793966745976629 0.000244140625
99.960239999999999 99.980119999999999 1.3791830359343957 1.3793898541425711 0.000244140625
99.980119999999999 100 1.3791762199719635 1.3793830359343959 0.000244140625
