# Direct counterexample,  d = 8:  C(p) < 0 on [2.0000001, 56.42]
claim 8 8 2.0000001 56.42 -
# p1 p2 lambda1 lambda2 tau0
2.0000000999999998 2.000000100980392 1.9999999604555727 1.9999999807424134 0.0009765625
2.000000100980392 2.0000001019607843 1.9999999601671017 1.9999999804539357 0.0009765625
2.0000001019607843 2.0000001029411765 1.9999999598802458 1.9999999801671018 0.0009765625
2.0000001029411765 2.0000001039215687 1.999999959593413 1.9999999798802459 0.0009765625
2.0000001039215687 2.0000001049019605 1.9999999593065758 1.9999999795934131 0.0009765625
2.0000001049019605 2.0000001058823527 1.9999999590197322 1.9999999793065759 0.0009765625
2.0000001058823527 2.0000001068627449 1.9999999587328903 1.9999999790197323 0.0009765625
2.0000001068627449 2.0000001078431371 1.9999999584460459 1.9999999787328904 0.0009765625
2.0000001078431371 2.0000001088235293 1.9999999581592045 1.999999978446046 0.0009765625
2.0000001088235293 2.0000001098039215 1.9999999578723651 1.9999999781592046 0.0009765625
2.0000001098039215 2.0000001107843137 1.9999999575855221 1.9999999778723652 0.0009765625
2.0000001107843137 2.0000001117647059 1.9999999572986848 1.9999999775855222 0.0009765625
2.0000001117647059 2.0000001127450977 1.9999999570118441 1.999999977298685 0.0009765625
2.0000001127450977 2.0000001137254899 1.9999999567250004 1.9999999770118442 0.0009765625
2.0000001137254899 2.0000001147058821 1.9999999564381639 1.9999999767250005 0.0009765625
2.0000001147058821 2.0000001156862743 1.9999999561513158 1.999999976438164 0.0009765625
2.0000001156862743 2.0000001166666665 1.9999999558644748 1.9999999761513159 0.0009765625
2.0000001166666665 2.0000001176470588 1.9999999555776353 1.9999999758644749 0.0009765625
2.0000001176470588 2.000000118627451 1.9999999552907979 1.9999999755776354 0.0009765625
2.000000118627451 2.0000001196078432 1.9999999550039511 1.999999975290798 0.0009765625
2.0000001196078432 2.0000001205882354 1.9999999547171128 1.9999999750039512 0.0009765625
2.0000001205882354 2.0000001215686272 1.999999954430268 1.9999999747171129 0.0009765625
2.0000001215686272 2.0000001225490194 1.9999999541434326 1.9999999744302681 0.0009765625
2.0000001225490194 2.0000001235294116 1.9999999538565874 1.9999999741434327 0.0009765625
2.0000001235294116 2.0000001245098038 1.9999999535697477 1.9999999738565875 0.0009765625
2.0000001245098038 2.000000125490196 1.9999999532829078 1.9999999735697478 0.0009765625
2.000000125490196 2.0000001264705882 1.9999999529960641 1.9999999732829079 0.0009765625
2.0000001264705882 2.0000001274509804 1.9999999527092269 1.9999999729960642 0.0009765625
2.0000001274509804 2.0000001284313726 1.9999999524223788 1.999999972709227 0.0009765625
2.0000001284313726 2.0000001294117644 1.9999999521355443 1.9999999724223789 0.0009765625
2.0000001294117644 2.0000001303921566 1.9999999518487068 1.9999999721355444 0.0009765625
2.0000001303921566 2.0000001313725488 1.9999999515618598 1.9999999718487069 0.0009765625
2.0000001313725488 2.0000001323529411 1.9999999512750137 1.9999999715618599 0.0009765625
2.0000001323529411 2.0000001333333333 1.9999999509881774 1.9999999712750138 0.0009765625
2.0000001333333333 2.0000001343137255 1.9999999507029682 1.9999999709898093 0.0009765625
2.0000001343137255 2.0000001352941177 1.9999999504144979 1.9999999707013305 0.0009765625
2.0000001352941177 2.0000001362745099 1.9999999501276546 1.999999970414498 0.0009765625
2.0000001362745099 2.0000001372549017 1.9999999498408154 1.9999999701276547 0.0009765625
2.0000001372549017 2.0000001382352939 1.9999999495539726 1.9999999698408155 0.0009765625
2.0000001382352939 2.0000001392156861 1.9999999492671274 1.9999999695539727 0.0009765625
2.0000001392156861 2.0000001401960783 1.9999999489802882 1.9999999692671275 0.0009765625
2.0000001401960783 2.0000001411764705 1.9999999486934479 1.9999999689802883 0.0009765625
2.0000001411764705 2.0000001421568627 1.9999999484066098 1.999999968693448 0.0009765625
2.0000001421568627 2.0000001431372549 1.999999948119765 1.9999999684066099 0.0009765625
2.0000001431372549 2.0000001441176467 1.9999999478329187 1.9999999681197651 0.0009765625
2.0000001441176467 2.0000001450980389 1.9999999475460841 1.9999999678329188 0.0009765625
2.0000001450980389 2.0000001460784311 1.9999999472592449 1.9999999675460842 0.0009765625
2.0000001460784311 2.0000001470588233 1.9999999469723972 1.999999967259245 0.0009765625
2.0000001470588233 2.0000001480392156 1.9999999466855545 1.9999999669723973 0.0009765625
2.0000001480392156 2.0000001490196078 1.9999999463987148 1.9999999666855546 0.0009765625
2.0000001490196078 2.00000015 1.9999999461118807 1.9999999663987149 0.0009765625
2.00000015 2.0000001509803917 1.9999999458250339 1.9999999661118808 0.0009765625
2.0000001509803917 2.000000151960784 1.9999999455382029 1.999999965825034 0.0009765625
2.000000151960784 2.0000001529411762 1.9999999452513448 1.999999965538203 0.0009765625
2.0000001529411762 2.0000001539215684 1.9999999449645063 1.9999999652513449 0.0009765625
2.0000001539215684 2.0000001549019606 1.9999999446776675 1.9999999649645064 0.0009765625
2.0000001549019606 2.0000001558823528 1.9999999443908314 1.9999999646776676 0.0009765625
2.0000001558823528 2.0000001568627446 1.9999999441039906 1.9999999643908315 0.0009765625
2.0000001568627446 2.0000001578431368 1.999999943817149 1.9999999641039907 0.0009765625
2.0000001578431368 2.000000158823529 1.9999999435302998 1.9999999638171491 0.0009765625
2.000000158823529 2.0000001598039212 1.9999999432434674 1.9999999635302999 0.0009765625
2.0000001598039212 2.0000001607843134 1.9999999429566224 1.9999999632434675 0.0009765625
2.0000001607843134 2.0000001617647056 1.9999999426697774 1.9999999629566225 0.0009765625
2.0000001617647056 2.0000001627450978 1.9999999423829427 1.9999999626697775 0.0009765625
2.0000001627450978 2.0000001637254896 1.9999999420961034 1.9999999623829428 0.0009765625
2.0000001637254896 2.0000001647058818 1.9999999418092571 1.9999999620961035 0.0009765625
2.0000001647058818 2.000000165686274 1.9999999415224157 1.9999999618092572 0.0009765625
2.000000165686274 2.0000001666666662 1.9999999412355776 1.9999999615224158 0.0009765625
2.0000001666666662 2.0000001676470585 1.9999999409503686 1.999999961237211 0.0009765625
2.0000001676470585 2.0000001686274507 1.999999940661892 1.999999960948738 0.0009765625
2.0000001686274507 2.0000001696078429 1.9999999403750475 1.9999999606618921 0.0009765625
2.0000001696078429 2.0000001705882351 1.9999999400882125 1.9999999603750476 0.0009765625
2.0000001705882351 2.0000001715686269 1.9999999398013706 1.9999999600882126 0.0009765625
2.0000001715686269 2.0000001725490191 1.9999999395145318 1.9999999598013707 0.0009765625
2.0000001725490191 2.0000001735294113 1.9999999392276808 1.9999999595145319 0.0009765625
2.0000001735294113 2.0000001745098035 1.999999938940842 1.9999999592276809 0.0009765625
2.0000001745098035 2.0000001754901957 1.9999999386540004 1.9999999589408421 0.0009765625
2.0000001754901957 2.0000001764705879 1.9999999383671665 1.9999999586540005 0.0009765625
2.0000001764705879 2.0000001774509801 1.9999999380803251 1.9999999583671666 0.0009765625
2.0000001774509801 2.0000001784313723 1.9999999377934825 1.9999999580803252 0.0009765625
2.0000001784313723 2.0000001794117641 1.9999999375066431 1.9999999577934826 0.0009765625
2.0000001794117641 2.0000001803921563 1.9999999372197979 1.9999999575066432 0.0009765625
2.0000001803921563 2.0000001813725485 1.9999999369329666 1.999999957219798 0.0009765625
2.0000001813725485 2.0000001823529407 1.9999999366461159 1.9999999569329667 0.0009765625
2.0000001823529407 2.000000183333333 1.9999999363592764 1.999999956646116 0.0009765625
2.000000183333333 2.0000001843137252 1.9999999360724401 1.9999999563592765 0.0009765625
2.0000001843137252 2.0000001852941174 1.999999935785588 1.9999999560724402 0.0009765625
2.0000001852941174 2.0000001862745096 1.9999999354987463 1.9999999557855881 0.0009765625
2.0000001862745096 2.0000001872549018 1.9999999352119131 1.9999999554987464 0.0009765625
2.0000001872549018 2.0000001882352936 1.9999999349250683 1.9999999552119132 0.0009765625
2.0000001882352936 2.0000001892156858 1.9999999346382253 1.9999999549250684 0.0009765625
2.0000001892156858 2.000000190196078 1.9999999343513881 1.9999999546382254 0.0009765625
2.000000190196078 2.0000001911764702 1.9999999340645402 1.9999999543513882 0.0009765625
2.0000001911764702 2.0000001921568624 1.9999999337777028 1.9999999540645403 0.0009765625
2.0000001921568624 2.0000001931372546 1.9999999334908607 1.9999999537777029 0.0009765625
2.0000001931372546 2.0000001941176468 1.9999999332040173 1.9999999534908608 0.0009765625
2.0000001941176468 2.0000001950980391 1.9999999329171827 1.9999999532040174 0.0009765625
2.0000001950980391 2.0000001960784308 1.9999999326303326 1.9999999529171828 0.0009765625
2.0000001960784308 2.000000197058823 1.9999999323434947 1.9999999526303327 0.0009765625
2.000000197058823 2.0000001980392152 1.9999999320566584 1.9999999523434948 0.0009765625
2.0000001980392152 2.0000001990196075 1.9999999317698156 1.9999999520566585 0.0009765625
2.0000001990196075 2.0000001999999997 1.9999999314829706 1.9999999517698157 0.0009765625
2.0000001999999997 2.0000002019607841 1.9999999309109273 1.9999999514846079 0.0009765625
2.0000002019607841 2.0000002039215681 1.9999999303356084 1.9999999509092876 0.0009765625
2.0000002039215681 2.0000002058823525 1.9999999297619235 1.9999999503356085 0.0009765625
2.0000002058823525 2.0000002078431369 1.9999999291882462 1.9999999497619236 0.0009765625
2.0000002078431369 2.0000002098039213 1.9999999286145611 1.9999999491882463 0.0009765625
2.0000002098039213 2.0000002117647053 1.9999999280408853 1.9999999486145612 0.0009765625
2.0000002117647053 2.0000002137254898 1.9999999274672013 1.9999999480408854 0.0009765625
2.0000002137254898 2.0000002156862742 1.9999999268935142 1.9999999474672014 0.0009765625
2.0000002156862742 2.0000002176470586 1.9999999263198294 1.9999999468935143 0.0009765625
2.0000002176470586 2.0000002196078426 1.9999999257461509 1.9999999463198295 0.0009765625
2.0000002196078426 2.000000221568627 1.9999999251724638 1.999999945746151 0.0009765625
2.000000221568627 2.0000002235294114 1.999999924598783 1.9999999451724639 0.0009765625
2.0000002235294114 2.0000002254901958 1.9999999240251027 1.9999999445987831 0.0009765625
2.0000002254901958 2.0000002274509798 1.9999999234514187 1.9999999440251028 0.0009765625
2.0000002274509798 2.0000002294117643 1.9999999228777412 1.9999999434514188 0.0009765625
2.0000002294117643 2.0000002313725487 1.9999999223040552 1.9999999428777413 0.0009765625
2.0000002313725487 2.0000002333333331 1.9999999217303717 1.9999999423040553 0.0009765625
2.0000002333333331 2.0000002352941171 1.999999921156693 1.9999999417303718 0.0009765625
2.0000002352941171 2.0000002372549015 1.9999999205830037 1.9999999411566931 0.0009765625
2.0000002372549015 2.0000002392156859 1.9999999200093255 1.9999999405830038 0.0009765625
2.0000002392156859 2.0000002411764699 1.9999999194356401 1.9999999400093256 0.0009765625
2.0000002411764699 2.0000002431372543 1.9999999188619584 1.9999999394356403 0.0009765625
2.0000002431372543 2.0000002450980388 1.9999999182882784 1.9999999388619585 0.0009765625
2.0000002450980388 2.0000002470588232 1.9999999177145906 1.9999999382882785 0.0009765625
2.0000002470588232 2.0000002490196072 1.9999999171409102 1.9999999377145907 0.0009765625
2.0000002490196072 2.0000002509803916 1.9999999165672293 1.9999999371409103 0.0009765625
2.0000002509803916 2.000000252941176 1.999999915993546 1.9999999365672294 0.0009765625
2.000000252941176 2.0000002549019604 1.9999999154198691 1.9999999359935461 0.0009765625
2.0000002549019604 2.0000002568627444 1.9999999148461809 1.9999999354198692 0.0009765625
2.0000002568627444 2.0000002588235288 1.999999914272496 1.999999934846181 0.0009765625
2.0000002588235288 2.0000002607843133 1.9999999136988282 1.9999999342724961 0.0009765625
2.0000002607843133 2.0000002627450977 1.9999999131251389 1.9999999336988283 0.0009765625
2.0000002627450977 2.0000002647058817 1.9999999125514536 1.999999933125139 0.0009765625
2.0000002647058817 2.0000002666666661 1.9999999119777654 1.9999999325514537 0.0009765625
2.0000002666666661 2.0000002686274505 1.9999999114057241 1.9999999319794037 0.0009765625
2.0000002686274505 2.0000002705882349 1.9999999108304105 1.9999999314040899 0.0009765625
2.0000002705882349 2.0000002725490189 1.9999999102567201 1.9999999308304106 0.0009765625
2.0000002725490189 2.0000002745098033 1.999999909683039 1.9999999302567202 0.0009765625
2.0000002745098033 2.0000002764705878 1.9999999091093641 1.9999999296830391 0.0009765625
2.0000002764705878 2.0000002784313722 1.9999999085356772 1.9999999291093642 0.0009765625
2.0000002784313722 2.0000002803921562 1.9999999079619992 1.9999999285356773 0.0009765625
2.0000002803921562 2.0000002823529406 1.9999999073883084 1.9999999279619993 0.0009765625
2.0000002823529406 2.000000284313725 1.9999999068146301 1.9999999273883085 0.0009765625
2.000000284313725 2.0000002862745094 1.9999999062409479 1.9999999268146302 0.0009765625
2.0000002862745094 2.0000002882352934 1.9999999056672673 1.999999926240948 0.0009765625
2.0000002882352934 2.0000002901960778 1.9999999050935802 1.9999999256672674 0.0009765625
2.0000002901960778 2.0000002921568623 1.9999999045198971 1.9999999250935803 0.0009765625
2.0000002921568623 2.0000002941176467 1.9999999039462142 1.9999999245198972 0.0009765625
2.0000002941176467 2.0000002960784307 1.9999999033725304 1.9999999239462143 0.0009765625
2.0000002960784307 2.0000002980392151 1.9999999027988533 1.9999999233725305 0.0009765625
2.0000002980392151 2.0000002999999995 1.9999999022251735 1.9999999227988534 0.0009765625
2.0000002999999995 2.0000003019607839 1.9999999016514858 1.9999999222251736 0.0009765625
2.0000003019607839 2.0000003039215684 1.9999999010778011 1.9999999216514859 0.0009765625
2.0000003039215684 2.0000003058823523 1.999999900504122 1.9999999210778012 0.0009765625
2.0000003058823523 2.0000003078431368 1.9999998999304383 1.9999999205041221 0.0009765625
2.0000003078431368 2.0000003098039212 1.9999998993567576 1.9999999199304384 0.0009765625
2.0000003098039212 2.0000003117647056 1.9999998987830778 1.9999999193567577 0.0009765625
2.0000003117647056 2.0000003137254896 1.9999998982093905 1.9999999187830779 0.0009765625
2.0000003137254896 2.000000315686274 1.999999897635709 1.9999999182093906 0.0009765625
2.000000315686274 2.0000003176470584 1.9999998970620341 1.9999999176357091 0.0009765625
2.0000003176470584 2.0000003196078429 1.9999998964883448 1.9999999170620342 0.0009765625
2.0000003196078429 2.0000003215686268 1.9999998959146581 1.9999999164883449 0.0009765625
2.0000003215686268 2.0000003235294113 1.9999998953409819 1.9999999159146582 0.0009765625
2.0000003235294113 2.0000003254901957 1.9999998947672988 1.999999915340982 0.0009765625
2.0000003254901957 2.0000003274509801 1.9999998941936235 1.9999999147672989 0.0009765625
2.0000003274509801 2.0000003294117641 1.9999998936199372 1.9999999141936236 0.0009765625
2.0000003294117641 2.0000003313725485 1.9999998930462477 1.9999999136199373 0.0009765625
2.0000003313725485 2.0000003333333329 1.9999998924725748 1.9999999130462478 0.0009765625
2.0000003333333329 2.0000003352941174 1.9999998919005204 1.9999999124742045 0.0009765625
2.0000003352941174 2.0000003372549013 1.9999998913252095 1.9999999118988838 0.0009765625
2.0000003372549013 2.0000003392156858 1.9999998907515346 1.9999999113252096 0.0009765625
2.0000003392156858 2.0000003411764702 1.9999998901778409 1.9999999107515347 0.0009765625
2.0000003411764702 2.0000003431372546 1.9999998896041606 1.999999910177841 0.0009765625
2.0000003431372546 2.0000003450980386 1.9999998890304795 1.9999999096041607 0.0009765625
2.0000003450980386 2.000000347058823 1.9999998884568002 1.9999999090304796 0.0009765625
2.000000347058823 2.0000003490196074 1.9999998878831102 1.9999999084568003 0.0009765625
2.0000003490196074 2.0000003509803919 1.9999998873094358 1.9999999078831103 0.0009765625
2.0000003509803919 2.0000003529411758 1.9999998867357474 1.9999999073094359 0.0009765625
2.0000003529411758 2.0000003549019603 1.9999998861620729 1.9999999067357475 0.0009765625
2.0000003549019603 2.0000003568627447 1.9999998855883865 1.999999906162073 0.0009765625
2.0000003568627447 2.0000003588235291 1.9999998850147087 1.9999999055883866 0.0009765625
2.0000003588235291 2.0000003607843131 1.9999998844410145 1.9999999050147088 0.0009765625
2.0000003607843131 2.0000003627450975 1.9999998838673398 1.9999999044410146 0.0009765625
2.0000003627450975 2.0000003647058819 1.9999998832936541 1.9999999038673399 0.0009765625
2.0000003647058819 2.0000003666666659 1.9999998827199692 1.9999999032936542 0.0009765625
2.0000003666666659 2.0000003686274503 1.999999882146293 1.9999999027199693 0.0009765625
2.0000003686274503 2.0000003705882348 1.9999998815726094 1.9999999021462931 0.0009765625
2.0000003705882348 2.0000003725490192 1.9999998809989268 1.9999999015726095 0.0009765625
2.0000003725490192 2.0000003745098032 1.9999998804252421 1.9999999009989269 0.0009765625
2.0000003745098032 2.0000003764705876 1.999999879851563 1.9999999004252422 0.0009765625
2.0000003764705876 2.000000378431372 1.9999998792778808 1.9999998998515631 0.0009765625
2.000000378431372 2.0000003803921564 1.9999998787041902 1.9999998992778809 0.0009765625
2.0000003803921564 2.0000003823529404 1.9999998781305153 1.9999998987041903 0.0009765625
2.0000003823529404 2.0000003843137248 1.9999998775568326 1.9999998981305154 0.0009765625
2.0000003843137248 2.0000003862745093 1.9999998769831464 1.9999998975568327 0.0009765625
2.0000003862745093 2.0000003882352937 1.9999998764094744 1.9999998969831465 0.0009765625
2.0000003882352937 2.0000003901960777 1.9999998758357802 1.9999998964094745 0.0009765625
2.0000003901960777 2.0000003921568621 1.9999998752620998 1.9999998958357803 0.0009765625
2.0000003921568621 2.0000003941176465 1.9999998746884213 1.9999998952620999 0.0009765625
2.0000003941176465 2.0000003960784309 1.9999998741147305 1.9999998946884214 0.0009765625
2.0000003960784309 2.0000003980392149 1.9999998735410556 1.9999998941147306 0.0009765625
2.0000003980392149 2.0000003999999993 1.9999998729673734 1.9999998935410557 0.0009765625
2.0000003999999993 2.0000004039215682 1.999999871821641 1.9999998929690139 0.0009765625
2.0000004039215682 2.0000004078431366 1.9999998706726481 1.9999998918200148 0.0009765625
2.0000004078431366 2.000000411764705 1.9999998695252774 1.9999998906726482 0.0009765625
2.000000411764705 2.0000004156862738 1.9999998683779117 1.9999998895252775 0.0009765625
2.0000004156862738 2.0000004196078427 1.9999998672305501 1.9999998883779118 0.0009765625
2.0000004196078427 2.0000004235294111 1.9999998660831884 1.9999998872305502 0.0009765625
2.0000004235294111 2.0000004274509795 1.9999998649358235 1.9999998860831885 0.0009765625
2.0000004274509795 2.0000004313725483 1.9999998637884606 1.9999998849358236 0.0009765625
2.0000004313725483 2.0000004352941172 1.9999998626410989 1.9999998837884607 0.0009765625
2.0000004352941172 2.0000004392156856 1.9999998614937322 1.999999882641099 0.0009765625
2.0000004392156856 2.000000443137254 1.9999998603463629 1.9999998814937323 0.0009765625
2.000000443137254 2.0000004470588229 1.9999998591989991 1.999999880346363 0.0009765625
2.0000004470588229 2.0000004509803917 1.9999998580516407 1.9999998791989992 0.0009765625
2.0000004509803917 2.0000004549019601 1.9999998569042738 1.9999998780516408 0.0009765625
2.0000004549019601 2.0000004588235285 1.9999998557569045 1.9999998769042739 0.0009765625
2.0000004588235285 2.0000004627450974 1.9999998546095445 1.9999998757569046 0.0009765625
2.0000004627450974 2.0000004666666662 1.9999998534621837 1.9999998746095446 0.0009765625
2.0000004666666662 2.0000004705882346 1.9999998523148141 1.9999998734621838 0.0009765625
2.0000004705882346 2.000000474509803 1.9999998511674519 1.9999998723148142 0.0009765625
2.000000474509803 2.0000004784313719 1.9999998500200802 1.999999871167452 0.0009765625
2.0000004784313719 2.0000004823529407 1.9999998488727135 1.9999998700200803 0.0009765625
2.0000004823529407 2.0000004862745091 1.999999847725358 1.9999998688727136 0.0009765625
2.0000004862745091 2.0000004901960775 1.9999998465779965 1.9999998677253581 0.0009765625
2.0000004901960775 2.0000004941176464 1.9999998454306283 1.9999998665779966 0.0009765625
2.0000004941176464 2.0000004980392152 1.9999998442832605 1.9999998654306284 0.0009765625
2.0000004980392152 2.0000005019607836 1.9999998431359003 1.9999998642832606 0.0009765625
2.0000005019607836 2.000000505882352 1.9999998419885325 1.9999998631359004 0.0009765625
2.000000505882352 2.0000005098039209 1.999999840841167 1.9999998619885326 0.0009765625
2.0000005098039209 2.0000005137254897 1.999999839693805 1.9999998608411671 0.0009765625
2.0000005137254897 2.0000005176470581 1.9999998385464377 1.9999998596938051 0.0009765625
2.0000005176470581 2.0000005215686265 1.9999998373990713 1.9999998585464378 0.0009765625
2.0000005215686265 2.0000005254901954 1.9999998362517104 1.9999998573990714 0.0009765625
2.0000005254901954 2.0000005294117642 1.9999998351043471 1.9999998562517105 0.0009765625
2.0000005294117642 2.0000005333333326 1.9999998339569813 1.9999998551043472 0.0009765625
2.0000005333333326 2.000000537254901 1.9999998328112536 1.9999998539586212 0.0009765625
2.000000537254901 2.0000005411764699 1.9999998316622571 1.9999998528096148 0.0009765625
2.0000005411764699 2.0000005450980383 1.9999998305148923 1.9999998516622572 0.0009765625
2.0000005450980383 2.0000005490196071 1.9999998293675263 1.9999998505148924 0.0009765625
2.0000005490196071 2.0000005529411755 1.9999998282201628 1.9999998493675264 0.0009765625
2.0000005529411755 2.0000005568627444 1.9999998270727963 1.9999998482201629 0.0009765625
2.0000005568627444 2.0000005607843128 1.9999998259254272 1.9999998470727964 0.0009765625
2.0000005607843128 2.0000005647058816 1.9999998247780628 1.9999998459254273 0.0009765625
2.0000005647058816 2.00000056862745 1.9999998236307057 1.9999998447780629 0.0009765625
2.00000056862745 2.0000005725490189 1.9999998224833391 1.9999998436307058 0.0009765625
2.0000005725490189 2.0000005764705873 1.9999998213359769 1.9999998424833392 0.0009765625
2.0000005764705873 2.0000005803921561 1.9999998201886084 1.999999841335977 0.0009765625
2.0000005803921561 2.0000005843137245 1.9999997290412448 1.9999999301886084 0.0009765625
2.0000005843137245 2.0000005882352934 1.9999997278938877 1.9999999290412447 0.0009765625
2.0000005882352934 2.0000005921568618 1.9999997267465199 1.9999999278938876 0.0009765625
2.0000005921568618 2.0000005960784306 1.9999997255991597 1.9999999267465198 0.0009765625
2.0000005960784306 2.000000599999999 1.9999997244517898 1.9999999255991596 0.0009765625
2.000000599999999 2.0000006039215674 1.9999997233044218 1.9999999244517896 0.0009765625
2.0000006039215674 2.0000006078431363 1.9999997221570607 1.9999999233044217 0.0009765625
2.0000006078431363 2.0000006117647047 1.9999997210096963 1.9999999221570606 0.0009765625
2.0000006117647047 2.0000006156862735 1.9999997198623314 1.9999999210096961 0.0009765625
2.0000006156862735 2.0000006196078419 1.9999997187149683 1.9999999198623313 0.0009765625
2.0000006196078419 2.0000006235294108 1.9999997175676061 1.9999999187149682 0.0009765625
2.0000006235294108 2.0000006274509792 1.9999997164202463 1.999999917567606 0.0009765625
2.0000006274509792 2.000000631372548 1.9999997152728752 1.9999999164202462 0.0009765625
2.000000631372548 2.0000006352941164 1.9999997141255139 1.9999999152728751 0.0009765625
2.0000006352941164 2.0000006392156853 1.9999997129781548 1.9999999141255138 0.0009765625
2.0000006392156853 2.0000006431372537 1.9999997118307904 1.9999999129781547 0.0009765625
2.0000006431372537 2.0000006470588225 1.9999997106834184 1.9999999118307903 0.0009765625
2.0000006470588225 2.0000006509803909 1.9999997095360573 1.9999999106834183 0.0009765625
2.0000006509803909 2.0000006549019598 1.999999708388692 1.9999999095360572 0.0009765625
2.0000006549019598 2.0000006588235282 1.9999997072413249 1.9999999083886919 0.0009765625
2.0000006588235282 2.000000662745097 1.9999997060939654 1.9999999072413248 0.0009765625
2.000000662745097 2.0000006666666654 1.9999997049466007 1.9999999060939653 0.0009765625
2.0000006666666654 2.0000006705882338 1.9999997038008759 1.9999999049482338 0.0009765625
2.0000006705882338 2.0000006745098027 1.9999997026518712 1.9999999037992326 0.0009765625
2.0000006745098027 2.0000006784313715 1.9999997015045068 1.9999999026518711 0.0009765625
2.0000006784313715 2.0000006823529399 1.9999997003571415 1.9999999015045067 0.0009765625
2.0000006823529399 2.0000006862745083 1.9999996992097806 1.9999999003571414 0.0009765625
2.0000006862745083 2.0000006901960772 1.9999996980624126 1.9999998992097805 0.0009765625
2.0000006901960772 2.000000694117646 1.9999996969150537 1.9999998980624125 0.0009765625
2.000000694117646 2.0000006980392144 1.9999996957676833 1.9999998969150536 0.0009765625
2.0000006980392144 2.0000007019607828 1.9999996946203269 1.9999998957676832 0.0009765625
2.0000007019607828 2.0000007058823517 1.9999996934729636 1.9999998946203268 0.0009765625
2.0000007058823517 2.0000007098039205 1.9999996923255934 1.9999998934729635 0.0009765625
2.0000007098039205 2.0000007137254889 1.9999996911782334 1.9999998923255933 0.0009765625
2.0000007137254889 2.0000007176470573 1.9999996900308714 1.9999998911782333 0.0009765625
2.0000007176470573 2.0000007215686262 1.9999996888835085 1.9999998900308713 0.0009765625
2.0000007215686262 2.000000725490195 1.9999996877361403 1.9999998888835084 0.0009765625
2.000000725490195 2.0000007294117634 1.999999686588779 1.9999998877361402 0.0009765625
2.0000007294117634 2.0000007333333318 1.999999685441413 1.9999998865887789 0.0009765625
2.0000007333333318 2.0000007372549007 1.9999996842940415 1.9999998854414129 0.0009765625
2.0000007372549007 2.0000007411764695 1.9999996831466857 1.9999998842940414 0.0009765625
2.0000007411764695 2.0000007450980379 1.9999996819993211 1.9999998831466856 0.0009765625
2.0000007450980379 2.0000007490196063 1.9999996808519538 1.999999881999321 0.0009765625
2.0000007490196063 2.0000007529411752 1.9999996797045891 1.9999998808519537 0.0009765625
2.0000007529411752 2.000000756862744 1.9999996785572276 1.999999879704589 0.0009765625
2.000000756862744 2.0000007607843124 1.9999996774098661 1.9999998785572275 0.0009765625
2.0000007607843124 2.0000007647058808 1.9999996762624972 1.999999877409866 0.0009765625
2.0000007647058808 2.0000007686274497 1.9999996751151443 1.9999998762624971 0.0009765625
2.0000007686274497 2.0000007725490185 1.9999996739677768 1.9999998751151442 0.0009765625
2.0000007725490185 2.0000007764705869 1.9999996728204135 1.9999998739677767 0.0009765625
2.0000007764705869 2.0000007803921553 1.9999996716730435 1.9999998728204134 0.0009765625
2.0000007803921553 2.0000007843137242 1.9999996705256844 1.9999998716730434 0.0009765625
2.0000007843137242 2.000000788235293 1.9999996693783237 1.9999998705256843 0.0009765625
2.000000788235293 2.0000007921568614 1.9999996682309509 1.9999998693783236 0.0009765625
2.0000007921568614 2.0000007960784298 1.9999996670835896 1.9999998682309508 0.0009765625
2.0000007960784298 2.0000007999999987 1.9999996659362205 1.9999998670835895 0.0009765625
2.0000007999999987 2.0000008078431359 1.9999996636431352 1.9999998659378579 0.0009765625
2.0000008078431359 2.0000008156862732 1.9999996613467703 1.9999998636414995 0.0009765625
2.0000008156862732 2.0000008235294104 1.9999996590520404 1.9999998613467702 0.0009765625
2.0000008235294104 2.0000008313725477 1.9999996567573153 1.9999998590520403 0.0009765625
2.0000008313725477 2.0000008392156849 1.9999996544625873 1.9999998567573152 0.0009765625
2.0000008392156849 2.0000008470588222 1.9999996521678596 1.9999998544625872 0.0009765625
2.0000008470588222 2.0000008549019594 1.9999996498731321 1.9999998521678595 0.0009765625
2.0000008549019594 2.0000008627450967 1.9999996475784094 1.999999849873132 0.0009765625
2.0000008627450967 2.0000008705882339 1.9999996452836732 1.9999998475784093 0.0009765625
2.0000008705882339 2.0000008784313712 1.9999996429889444 1.9999998452836731 0.0009765625
2.0000008784313712 2.0000008862745084 1.9999996406942229 1.9999998429889443 0.0009765625
2.0000008862745084 2.0000008941176457 1.9999996383994969 1.9999998406942228 0.0009765625
2.0000008941176457 2.000000901960783 1.9999996361047652 1.9999998383994968 0.0009765625
2.000000901960783 2.0000009098039202 1.9999996338100443 1.9999998361047651 0.0009765625
2.0000009098039202 2.0000009176470575 1.9999996315153199 1.9999998338100442 0.0009765625
2.0000009176470575 2.0000009254901947 1.9999996292205857 1.9999998315153198 0.0009765625
2.0000009254901947 2.0000009333333315 1.9999996269258564 1.9999998292205856 0.0009765625
2.0000009333333315 2.0000009411764688 1.9999996246311296 1.9999998269258563 0.0009765625
2.0000009411764688 2.000000949019606 1.9999996223364047 1.9999998246311295 0.0009765625
2.000000949019606 2.0000009568627433 1.999999620041673 1.9999998223364046 0.0009765625
2.0000009568627433 2.0000009647058805 1.9999996177469535 1.9999998200416729 0.0009765625
2.0000009647058805 2.0000009725490178 1.9999996154522166 1.9999998177469533 0.0009765625
2.0000009725490178 2.000000980392155 1.9999996131575015 1.9999998154522165 0.0009765625
2.000000980392155 2.0000009882352923 1.9999996108627704 1.9999998131575014 0.0009765625
2.0000009882352923 2.0000009960784295 1.999999608568038 1.9999998108627703 0.0009765625
2.0000009960784295 2.0000010039215668 1.9999996062733114 1.9999998085680379 0.0009765625
2.0000010039215668 2.000001011764704 1.9999996039785894 1.9999998062733113 0.0009765625
2.000001011764704 2.0000010196078413 1.9999996016838626 1.9999998039785893 0.0009765625
2.0000010196078413 2.0000010274509785 1.999999599389138 1.9999998016838625 0.0009765625
2.0000010274509785 2.0000010352941158 1.9999995970944051 1.9999997993891379 0.0009765625
2.0000010352941158 2.000001043137253 1.9999995947996823 1.999999797094405 0.0009765625
2.000001043137253 2.0000010509803903 1.9999995925049461 1.9999997947996822 0.0009765625
2.0000010509803903 2.0000010588235275 1.999999590210229 1.999999792504946 0.0009765625
2.0000010588235275 2.0000010666666648 1.9999995879154961 1.9999997902102289 0.0009765625
2.0000010666666648 2.000001074509802 1.999999585622408 1.9999997879171312 0.0009765625
2.000001074509802 2.0000010823529393 1.9999995833260493 1.9999997856207683 0.0009765625
2.0000010823529393 2.0000010901960765 1.9999995810313203 1.9999997833260492 0.0009765625
2.0000010901960765 2.0000010980392138 1.9999995787365965 1.9999997810313201 0.0009765625
2.0000010980392138 2.000001105882351 1.9999995764418685 1.9999997787365964 0.0009765625
2.000001105882351 2.0000011137254883 1.999999574147137 1.9999997764418684 0.0009765625
2.0000011137254883 2.0000011215686255 1.9999995718524113 1.9999997741471369 0.0009765625
2.0000011215686255 2.0000011294117628 1.9999995695576878 1.9999997718524112 0.0009765625
2.0000011294117628 2.0000011372549 1.9999995672629536 1.9999997695576877 0.0009765625
2.0000011372549 2.0000011450980373 1.9999995649682334 1.9999997672629535 0.0009765625
2.0000011450980373 2.0000011529411745 1.9999995626735034 1.9999997649682333 0.0009765625
2.0000011529411745 2.0000011607843118 1.9999995603787779 1.9999997626735033 0.0009765625
2.0000011607843118 2.000001168627449 1.9999995580840522 1.9999997603787778 0.0009765625
2.000001168627449 2.0000011764705863 1.9999995557893251 1.9999997580840521 0.0009765625
2.0000011764705863 2.0000011843137235 1.9999995534946013 1.999999755789325 0.0009765625
2.0000011843137235 2.0000011921568608 1.9999995511998745 1.9999997534946012 0.0009765625
2.0000011921568608 2.000001199999998 1.9999995489051519 1.9999997511998744 0.0009765625
2.000001199999998 2.0000012078431353 1.9999995466104177 1.9999997489051518 0.0009765625
2.0000012078431353 2.0000012156862725 1.9999995443156915 1.9999997466104176 0.0009765625
2.0000012156862725 2.0000012235294098 1.9999995420209693 1.9999997443156914 0.0009765625
2.0000012235294098 2.000001231372547 1.9999995397262358 1.9999997420209692 0.0009765625
2.000001231372547 2.0000012392156843 1.9999995374315109 1.9999997397262357 0.0009765625
2.0000012392156843 2.0000012470588215 1.9999995351367921 1.9999997374315108 0.0009765625
2.0000012470588215 2.0000012549019588 1.9999995328420579 1.999999735136792 0.0009765625
2.0000012549019588 2.000001262745096 1.9999995305473386 1.9999997328420578 0.0009765625
2.000001262745096 2.0000012705882333 1.9999995282526053 1.9999997305473385 0.0009765625
2.0000012705882333 2.0000012784313705 1.9999995259578878 1.9999997282526052 0.0009765625
2.0000012784313705 2.0000012862745078 1.9999995236631547 1.9999997259578877 0.0009765625
2.0000012862745078 2.000001294117645 1.9999995213684358 1.9999997236631546 0.0009765625
2.000001294117645 2.0000013019607823 1.9999995190737048 1.9999997213684357 0.0009765625
2.0000013019607823 2.0000013098039195 1.9999995167789744 1.9999997190737047 0.0009765625
2.0000013098039195 2.0000013176470568 1.9999995144842562 1.9999997167789743 0.0009765625
2.0000013176470568 2.000001325490194 1.9999995121895304 1.9999997144842561 0.0009765625
2.000001325490194 2.0000013333333313 1.9999995098947969 1.9999997121895303 0.0009765625
2.0000013333333313 2.0000013411764686 1.9999995076017096 1.9999997098964382 0.0009765625
2.0000013411764686 2.0000013490196058 1.9999995053053503 1.9999997076000775 0.0009765625
2.0000013490196058 2.0000013568627431 1.9999995030106328 1.9999997053053502 0.0009765625
2.0000013568627431 2.0000013647058803 1.9999995007158899 1.9999997030106327 0.0009765625
2.0000013647058803 2.0000013725490176 1.9999994984211706 1.9999997007158898 0.0009765625
2.0000013725490176 2.0000013803921548 1.9999994961264449 1.9999996984211705 0.0009765625
2.0000013803921548 2.0000013882352921 1.9999994938317174 1.9999996961264448 0.0009765625
2.0000013882352921 2.0000013960784293 1.9999994915369921 1.9999996938317173 0.0009765625
2.0000013960784293 2.0000014039215666 1.9999994892422683 1.999999691536992 0.0009765625
2.0000014039215666 2.0000014117647038 1.9999994869475459 1.9999996892422682 0.0009765625
2.0000014117647038 2.0000014196078411 1.9999994846528184 1.9999996869475458 0.0009765625
2.0000014196078411 2.0000014274509783 1.999999482358092 1.9999996846528183 0.0009765625
2.0000014274509783 2.0000014352941156 1.999999480063368 1.9999996823580919 0.0009765625
2.0000014352941156 2.0000014431372528 1.9999994777686367 1.9999996800633679 0.0009765625
2.0000014431372528 2.0000014509803901 1.9999994754739163 1.9999996777686366 0.0009765625
2.0000014509803901 2.0000014588235273 1.9999994731791906 1.9999996754739162 0.0009765625
2.0000014588235273 2.0000014666666646 1.99999947088446 1.9999996731791905 0.0009765625
2.0000014666666646 2.0000014745098014 1.9999994685897378 1.9999996708844598 0.0009765625
2.0000014745098014 2.0000014823529386 1.9999994662950138 1.9999996685897377 0.0009765625
2.0000014823529386 2.0000014901960759 1.9999994640002898 1.9999996662950137 0.0009765625
2.0000014901960759 2.0000014980392131 1.9999994617055636 1.9999996640002897 0.0009765625
2.0000014980392131 2.0000015058823504 1.9999994594108397 1.9999996617055635 0.0009765625
2.0000015058823504 2.0000015137254876 1.9999994571161157 1.9999996594108396 0.0009765625
2.0000015137254876 2.0000015215686249 1.9999994548213851 1.9999996571161156 0.0009765625
2.0000015215686249 2.0000015294117621 1.9999994525266687 1.999999654821385 0.0009765625
2.0000015294117621 2.0000015372548994 1.9999994502319405 1.9999996525266686 0.0009765625
2.0000015372548994 2.0000015450980366 1.9999994479372072 1.9999996502319404 0.0009765625
2.0000015450980366 2.0000015529411739 1.9999994456424894 1.9999996479372071 0.0009765625
2.0000015529411739 2.0000015607843111 1.9999994433477655 1.9999996456424893 0.0009765625
2.0000015607843111 2.0000015686274484 1.9999994410530439 1.9999996433477654 0.0009765625
2.0000015686274484 2.0000015764705856 1.9999994387583082 1.9999996410530438 0.0009765625
2.0000015764705856 2.0000015843137229 1.9999994364635829 1.9999996387583081 0.0009765625
2.0000015843137229 2.0000015921568601 1.9999994341688583 1.9999996364635828 0.0009765625
2.0000015921568601 2.0000015999999974 1.9999994318741392 1.9999996341688582 0.0009765625
2.0000015999999974 2.0000016156862719 1.9999994272863157 1.9999996318757749 0.0009765625
2.0000016156862719 2.0000016313725464 1.9999994226952318 1.9999996272846825 0.0009765625
2.0000016313725464 2.0000016470588209 1.9999994181057841 1.9999996226952317 0.0009765625
2.0000016470588209 2.0000016627450954 1.9999994135163344 1.999999618105784 0.0009765625
2.0000016627450954 2.0000016784313699 1.9999994089268909 1.9999996135163343 0.0009765625
2.0000016784313699 2.0000016941176444 1.9999994043374363 1.9999996089268908 0.0009765625
2.0000016941176444 2.0000017098039189 1.999999399747989 1.9999996043374362 0.0009765625
2.0000017098039189 2.0000017254901934 1.9999993951585329 1.9999995997479889 0.0009765625
2.0000017254901934 2.0000017411764679 1.9999993905690965 1.9999995951585328 0.0009765625
2.0000017411764679 2.0000017568627424 1.999999385979637 1.9999995905690964 0.0009765625
2.0000017568627424 2.0000017725490169 1.9999993813901846 1.9999995859796369 0.0009765625
2.0000017725490169 2.0000017882352914 1.9999993768007374 1.9999995813901845 0.0009765625
2.0000017882352914 2.0000018039215659 1.9999993722112914 1.9999995768007373 0.0009765625
2.0000018039215659 2.0000018196078404 1.999999367621845 1.9999995722112913 0.0009765625
2.0000018196078404 2.0000018352941149 1.999999363032396 1.9999995676218449 0.0009765625
2.0000018352941149 2.0000018509803894 1.9999993584429421 1.9999995630323959 0.0009765625
2.0000018509803894 2.0000018666666639 1.9999993538534944 1.999999558442942 0.0009765625
2.0000018666666639 2.000001882352938 1.9999993492640529 1.9999995538534943 0.0009765625
2.000001882352938 2.0000018980392125 1.9999993446746054 1.9999995492640528 0.0009765625
2.0000018980392125 2.000001913725487 1.9999993400851546 1.9999995446746053 0.0009765625
2.000001913725487 2.0000019294117615 1.999999335495702 1.9999995400851545 0.0009765625
2.0000019294117615 2.000001945098036 1.9999993309062587 1.9999995354957019 0.0009765625
2.000001945098036 2.0000019607843105 1.9999993263168057 1.9999995309062586 0.0009765625
2.0000019607843105 2.000001976470585 1.9999993217273637 1.9999995263168056 0.0009765625
2.000001976470585 2.0000019921568595 1.9999993171379149 1.9999995217273636 0.0009765625
2.0000019921568595 2.000002007843134 1.9999993125484659 1.9999995171379148 0.0009765625
2.000002007843134 2.0000020235294085 1.9999993079590248 1.9999995125484658 0.0009765625
2.0000020235294085 2.000002039215683 1.9999993033695744 1.9999995079590247 0.0009765625
2.000002039215683 2.0000020549019575 1.9999992987801238 1.9999995033695743 0.0009765625
2.0000020549019575 2.000002070588232 1.9999992941906777 1.9999994987801237 0.0009765625
2.000002070588232 2.0000020862745065 1.9999992896012349 1.9999994941906776 0.0009765625
2.0000020862745065 2.000002101960781 1.9999992850117883 1.9999994896012347 0.0009765625
2.000002101960781 2.0000021176470555 1.9999992804223401 1.9999994850117881 0.0009765625
2.0000021176470555 2.00000213333333 1.9999992758328871 1.99999948042234 0.0009765625
2.00000213333333 2.0000021490196045 1.9999992712450723 1.9999994758345234 0.0009765625
2.0000021490196045 2.000002164705879 1.9999992666539987 1.9999994712434497 0.0009765625
2.000002164705879 2.0000021803921535 1.9999992620645419 1.9999994666539986 0.0009765625
2.0000021803921535 2.000002196078428 1.9999992574751062 1.9999994620645418 0.0009765625
2.000002196078428 2.0000022117647025 1.9999992528856574 1.9999994574751061 0.0009765625
2.0000022117647025 2.000002227450977 1.9999992482962081 1.9999994528856573 0.0009765625
2.000002227450977 2.0000022431372515 1.9999992437067622 1.999999448296208 0.0009765625
2.0000022431372515 2.000002258823526 1.99999923911732 1.9999994437067621 0.0009765625
2.000002258823526 2.0000022745098001 1.9999992345278801 1.9999994391173199 0.0009765625
2.0000022745098001 2.0000022901960746 1.9999992299384295 1.99999943452788 0.0009765625
2.0000022901960746 2.0000023058823491 1.9999992253489911 1.9999994299384294 0.0009765625
2.0000023058823491 2.0000023215686236 1.9999992207595405 1.999999425348991 0.0009765625
2.0000023215686236 2.0000023372548981 1.9999992161701028 1.9999994207595404 0.0009765625
2.0000023372548981 2.0000023529411726 1.9999992115806484 1.9999994161701027 0.0009765625
2.0000023529411726 2.0000023686274471 1.9999992069912065 1.9999994115806483 0.0009765625
2.0000023686274471 2.0000023843137216 1.9999992024017585 1.9999994069912064 0.0009765625
2.0000023843137216 2.0000023999999961 1.9999991978123157 1.9999994024017584 0.0009765625
2.0000023999999961 2.0000024156862706 1.9999991932228638 1.9999993978123156 0.0009765625
2.0000024156862706 2.0000024313725451 1.9999991886334239 1.9999993932228637 0.0009765625
2.0000024313725451 2.0000024470588196 1.9999991840439812 1.9999993886334237 0.0009765625
2.0000024470588196 2.0000024627450941 1.9999991794545351 1.9999993840439811 0.0009765625
2.0000024627450941 2.0000024784313686 1.9999991748650923 1.999999379454535 0.0009765625
2.0000024784313686 2.0000024941176431 1.9999991702756479 1.9999993748650922 0.0009765625
2.0000024941176431 2.0000025098039176 1.9999991656861997 1.9999993702756478 0.0009765625
2.0000025098039176 2.0000025254901921 1.9999991610967605 1.9999993656861996 0.0009765625
2.0000025254901921 2.0000025411764661 1.999999156507315 1.9999993610967604 0.0009765625
2.0000025411764661 2.0000025568627406 1.9999991519178713 1.9999993565073149 0.0009765625
2.0000025568627406 2.0000025725490151 1.9999991473284253 1.9999993519178711 0.0009765625
2.0000025725490151 2.0000025882352896 1.9999991427389898 1.9999993473284252 0.0009765625
2.0000025882352896 2.0000026039215641 1.9999991381495426 1.9999993427389897 0.0009765625
2.0000026039215641 2.0000026196078386 1.9999991335601 1.9999993381495424 0.0009765625
2.0000026196078386 2.0000026352941132 1.9999991289706534 1.9999993335600998 0.0009765625
2.0000026352941132 2.0000026509803877 1.9999991243812143 1.9999993289706532 0.0009765625
2.0000026509803877 2.0000026666666622 1.9999991197917717 1.9999993243812142 0.0009765625
2.0000026666666622 2.0000026823529367 1.9999991152039549 1.9999993197934025 0.0009765625
2.0000026823529367 2.0000026980392112 1.9999991106128834 1.9999993152023303 0.0009765625
2.0000026980392112 2.0000027137254857 1.9999991060234461 1.9999993106128833 0.0009765625
2.0000027137254857 2.0000027294117602 1.9999991014340008 1.999999306023446 0.0009765625
2.0000027294117602 2.0000027450980347 1.9999990968445573 1.9999993014340007 0.0009765625
2.0000027450980347 2.0000027607843092 1.9999990922551132 1.9999992968445572 0.0009765625
2.0000027607843092 2.0000027764705837 1.9999990876656706 1.9999992922551131 0.0009765625
2.0000027764705837 2.0000027921568582 1.9999990830762273 1.9999992876656705 0.0009765625
2.0000027921568582 2.0000028078431327 1.9999990784867845 1.9999992830762272 0.0009765625
2.0000028078431327 2.0000028235294072 1.9999990738973414 1.9999992784867844 0.0009765625
2.0000028235294072 2.0000028392156817 1.9999990693079013 1.9999992738973413 0.0009765625
2.0000028392156817 2.0000028549019562 1.9999990647184562 1.9999992693079012 0.0009765625
2.0000028549019562 2.0000028705882307 1.9999990601290192 1.9999992647184561 0.0009765625
2.0000028705882307 2.0000028862745052 1.9999990555395779 1.9999992601290191 0.0009765625
2.0000028862745052 2.0000029019607797 1.9999990509501353 1.9999992555395778 0.0009765625
2.0000029019607797 2.0000029176470542 1.9999990463606951 1.9999992509501352 0.0009765625
2.0000029176470542 2.0000029333333282 1.9999990417712594 1.999999246360695 0.0009765625
2.0000029333333282 2.0000029490196027 1.9999990371818126 1.9999992417712593 0.0009765625
2.0000029490196027 2.0000029647058772 1.9999990325923729 1.9999992371818125 0.0009765625
2.0000029647058772 2.0000029803921517 1.9999990280029338 1.9999992325923728 0.0009765625
2.0000029803921517 2.0000029960784262 1.9999990234134861 1.9999992280029337 0.0009765625
2.0000029960784262 2.0000030117647007 1.9999990188240429 1.999999223413486 0.0009765625
2.0000030117647007 2.0000030274509752 1.9999990142346042 1.9999992188240427 0.0009765625
2.0000030274509752 2.0000030431372497 1.9999990096451674 1.9999992142346041 0.0009765625
2.0000030431372497 2.0000030588235242 1.9999990050557257 1.9999992096451673 0.0009765625
2.0000030588235242 2.0000030745097988 1.9999990004662904 1.9999992050557256 0.0009765625
2.0000030745097988 2.0000030901960733 1.9999989958768492 1.9999992004662903 0.0009765625
2.0000030901960733 2.0000031058823478 1.9999989912874037 1.999999195876849 0.0009765625
2.0000031058823478 2.0000031215686223 1.9999989866979655 1.9999991912874036 0.0009765625
2.0000031215686223 2.0000031372548968 1.9999989821085264 1.9999991866979654 0.0009765625
2.0000031372548968 2.0000031529411713 1.9999989775190914 1.9999991821085263 0.0009765625
2.0000031529411713 2.0000031686274458 1.9999989729296468 1.9999991775190913 0.0009765625
2.0000031686274458 2.0000031843137203 1.9999989683402013 1.9999991729296467 0.0009765625
2.0000031843137203 2.0000031999999948 1.9999989637507682 1.9999991683402012 0.0009765625
2.0000031999999948 2.0000032313725438 1.9999989545735206 1.9999991637524019 0.0009765625
2.0000032313725438 2.0000032627450928 1.9999989453930245 1.9999991545718852 0.0009765625
2.0000032627450928 2.0000032941176418 1.9999989362141319 1.9999991453930244 0.0009765625
2.0000032941176418 2.0000033254901908 1.9999989270352445 1.9999991362141318 0.0009765625
2.0000033254901908 2.0000033568627398 1.9999989178563742 1.9999991270352444 0.0009765625
2.0000033568627398 2.0000033882352883 1.9999989086775007 1.9999991178563741 0.0009765625
2.0000033882352883 2.0000034196078373 1.999998899498632 1.9999991086775006 0.0009765625
2.0000034196078373 2.0000034509803863 1.9999988903197463 1.9999990994986319 0.0009765625
2.0000034509803863 2.0000034823529353 1.9999988811408838 1.9999990903197462 0.0009765625
2.0000034823529353 2.0000035137254843 1.9999988719619912 1.9999990811408836 0.0009765625
2.0000035137254843 2.0000035450980334 1.9999988627831216 1.9999990719619911 0.0009765625
2.0000035450980334 2.0000035764705824 1.9999988536042523 1.9999990627831215 0.0009765625
2.0000035764705824 2.0000036078431314 1.9999988444253776 1.9999990536042522 0.0009765625
2.0000036078431314 2.0000036392156804 1.9999988352465075 1.9999990444253775 0.0009765625
2.0000036392156804 2.0000036705882294 1.9999988260676298 1.9999990352465074 0.0009765625
2.0000036705882294 2.0000037019607784 1.9999988168887555 1.9999990260676297 0.0009765625
2.0000037019607784 2.0000037333333269 1.9999988077098836 1.9999990168887554 0.0009765625
2.0000037333333269 2.0000037647058759 1.9999987985310104 1.9999990077098835 0.0009765625
2.0000037647058759 2.0000037960784249 1.9999987893521449 1.9999989985310103 0.0009765625
2.0000037960784249 2.0000038274509739 1.9999987801732755 1.9999989893521448 0.0009765625
2.0000038274509739 2.0000038588235229 1.999998770994398 1.9999989801732754 0.0009765625
2.0000038588235229 2.0000038901960719 1.999998761815539 1.9999989709943979 0.0009765625
2.0000038901960719 2.0000039215686209 1.9999987526366652 1.9999989618155389 0.0009765625
2.0000039215686209 2.0000039529411699 1.9999987434577948 1.9999989526366651 0.0009765625
2.0000039529411699 2.000003984313719 1.9999987342789249 1.9999989434577947 0.0009765625
2.000003984313719 2.000004015686268 1.9999987251000595 1.9999989342789248 0.0009765625
2.000004015686268 2.000004047058817 1.9999987159211947 1.9999989251000594 0.0009765625
2.000004047058817 2.000004078431366 1.9999987067423206 1.9999989159211946 0.0009765625
2.000004078431366 2.0000041098039145 1.9999986975634554 1.9999989067423205 0.0009765625
2.0000041098039145 2.0000041411764635 1.9999986883845844 1.9999988975634553 0.0009765625
2.0000041411764635 2.0000041725490125 1.9999986792057287 1.9999988883845843 0.0009765625
2.0000041725490125 2.0000042039215615 1.9999986700268544 1.9999988792057286 0.0009765625
2.0000042039215615 2.0000042352941105 1.9999986608479905 1.9999988700268543 0.0009765625
2.0000042352941105 2.0000042666666595 1.9999986516691188 1.9999988608479904 0.0009765625
2.0000042666666595 2.0000042980392085 1.9999986424918972 1.9999988516707654 0.0009765625
2.0000042980392085 2.0000043294117575 1.9999986333113933 1.9999988424902628 0.0009765625
2.0000043294117575 2.0000043607843065 1.999998624132534 1.9999988333113932 0.0009765625
2.0000043607843065 2.0000043921568555 1.9999986149536764 1.9999988241325339 0.0009765625
2.0000043921568555 2.0000044235294046 1.9999986057748109 1.9999988149536763 0.0009765625
2.0000044235294046 2.0000044549019536 1.9999985965959441 1.9999988057748108 0.0009765625
2.0000044549019536 2.0000044862745026 1.999998587417084 1.999998796595944 0.0009765625
2.0000044862745026 2.0000045176470516 1.9999985782382215 1.9999987874170839 0.0009765625
2.0000045176470516 2.0000045490196001 1.9999985690593609 1.9999987782382214 0.0009765625
2.0000045490196001 2.0000045803921491 1.9999985598805068 1.9999987690593608 0.0009765625
2.0000045803921491 2.0000046117646981 1.9999985507016402 1.9999987598805067 0.0009765625
2.0000046117646981 2.0000046431372471 1.9999985415227803 1.9999987507016401 0.0009765625
2.0000046431372471 2.0000046745097961 1.9999985323439284 1.9999987415227802 0.0009765625
2.0000046745097961 2.0000047058823451 1.9999985231650659 1.9999987323439283 0.0009765625
2.0000047058823451 2.0000047372548941 1.9999985139862093 1.9999987231650658 0.0009765625
2.0000047372548941 2.0000047686274431 1.9999985048073463 1.9999987139862092 0.0009765625
2.0000047686274431 2.0000047999999921 1.999998495628484 1.9999987048073462 0.0009765625
2.0000047999999921 2.0000048313725411 1.9999984864496312 1.9999986956284839 0.0009765625
2.0000048313725411 2.0000048627450902 1.99999847727078 1.9999986864496311 0.0009765625
2.0000048627450902 2.0000048941176392 1.9999984680919149 1.9999986772707798 0.0009765625
2.0000048941176392 2.0000049254901882 1.9999984589130613 1.9999986680919148 0.0009765625
2.0000049254901882 2.0000049568627372 1.9999984497342065 1.9999986589130612 0.0009765625
2.0000049568627372 2.0000049882352862 1.9999984405553539 1.9999986497342064 0.0009765625
2.0000049882352862 2.0000050196078352 1.999998431376496 1.9999986405553538 0.0009765625
2.0000050196078352 2.0000050509803842 1.9999984221976383 1.9999986313764959 0.0009765625
2.0000050509803842 2.0000050823529327 1.99999841301879 1.9999986221976382 0.0009765625
2.0000050823529327 2.0000051137254817 1.9999984038399343 1.9999986130187899 0.0009765625
2.0000051137254817 2.0000051450980307 1.9999983946610758 1.9999986038399342 0.0009765625
2.0000051450980307 2.0000051764705797 1.9999983854822223 1.9999985946610757 0.0009765625
2.0000051764705797 2.0000052078431287 1.9999983763033722 1.9999985854822222 0.0009765625
2.0000052078431287 2.0000052392156777 1.9999983671245194 1.9999985763033721 0.0009765625
2.0000052392156777 2.0000052705882267 1.9999983579456715 1.9999985671245193 0.0009765625
2.0000052705882267 2.0000053019607757 1.9999983487668223 1.9999985579456714 0.0009765625
2.0000053019607757 2.0000053333333248 1.9999983395879679 1.9999985487668221 0.0009765625
2.0000053333333248 2.0000053647058738 1.9999983304107563 1.999998539589612 0.0009765625
2.0000053647058738 2.0000053960784228 1.9999983212302708 1.9999985304091175 0.0009765625
2.0000053960784228 2.0000054274509718 1.9999983120514209 1.9999985212302707 0.0009765625
2.0000054274509718 2.0000054588235208 1.9999983028725761 1.9999985120514208 0.0009765625
2.0000054588235208 2.0000054901960698 1.9999982936937242 1.999998502872576 0.0009765625
2.0000054901960698 2.0000055215686183 1.9999982845148774 1.9999984936937241 0.0009765625
2.0000055215686183 2.0000055529411673 1.999998275336025 1.9999984845148773 0.0009765625
2.0000055529411673 2.0000055843137163 1.9999982661571811 1.9999984753360249 0.0009765625
2.0000055843137163 2.0000056156862653 1.999998256978329 1.999998466157181 0.0009765625
2.0000056156862653 2.0000056470588143 1.9999982477994824 1.9999984569783289 0.0009765625
2.0000056470588143 2.0000056784313633 1.9999982386206423 1.9999984477994823 0.0009765625
2.0000056784313633 2.0000057098039123 1.9999982294417882 1.9999984386206422 0.0009765625
2.0000057098039123 2.0000057411764613 1.9999982202629554 1.9999984294417881 0.0009765625
2.0000057411764613 2.0000057725490104 1.9999982110841068 1.9999984202629553 0.0009765625
2.0000057725490104 2.0000058039215594 1.9999973019052606 1.9999993110841068 0.0009765625
2.0000058039215594 2.0000058352941084 1.9999972927264142 1.9999993019052607 0.0009765625
2.0000058352941084 2.0000058666666574 1.9999972835475734 1.9999992927264143 0.0009765625
2.0000058666666574 2.0000058980392059 1.999997274368728 1.9999992835475735 0.0009765625
2.0000058980392059 2.0000059294117549 1.9999972651898899 1.999999274368728 0.0009765625
2.0000059294117549 2.0000059607843039 1.9999972560110406 1.9999992651898899 0.0009765625
2.0000059607843039 2.0000059921568529 1.9999972468322034 1.9999992560110407 0.0009765625
2.0000059921568529 2.0000060235294019 1.999997237653361 1.9999992468322034 0.0009765625
2.0000060235294019 2.0000060549019509 1.9999972284745262 1.9999992376533611 0.0009765625
2.0000060549019509 2.0000060862744999 1.9999972192956796 1.9999992284745263 0.0009765625
2.0000060862744999 2.0000061176470489 1.99999721011684 1.9999992192956797 0.0009765625
2.0000061176470489 2.0000061490195979 1.999997200938004 1.99999921011684 0.0009765625
2.0000061490195979 2.0000061803921469 1.9999971917591646 1.9999992009380041 0.0009765625
2.0000061803921469 2.000006211764696 1.999997182580324 1.9999991917591646 0.0009765625
2.000006211764696 2.0000062431372445 1.9999971734014863 1.9999991825803241 0.0009765625
2.0000062431372445 2.0000062745097935 1.9999971642226442 1.9999991734014864 0.0009765625
2.0000062745097935 2.0000063058823425 1.9999971550438003 1.9999991642226442 0.0009765625
2.0000063058823425 2.0000063372548915 1.9999971458649692 1.9999991550438003 0.0009765625
2.0000063372548915 2.0000063686274405 1.9999971366861378 1.9999991458649693 0.0009765625
2.0000063686274405 2.0000063999999895 1.9999971275072939 1.9999991366861378 0.0009765625
2.0000063999999895 2.0000064627450875 1.9999971091512576 1.9999991275089364 0.0009765625
2.0000064627450875 2.0000065254901855 1.9999970907919511 1.9999991091496303 0.0009765625
2.0000065254901855 2.0000065882352835 1.999997072434289 1.9999990907919512 0.0009765625
2.0000065882352835 2.0000066509803811 1.9999970540766192 1.9999990724342891 0.0009765625
2.0000066509803811 2.0000067137254791 1.9999970357189569 1.9999990540766193 0.0009765625
2.0000067137254791 2.0000067764705771 1.9999970173612882 1.999999035718957 0.0009765625
2.0000067764705771 2.0000068392156751 1.9999969990036341 1.9999990173612883 0.0009765625
2.0000068392156751 2.0000069019607731 1.9999969806459676 1.9999989990036342 0.0009765625
2.0000069019607731 2.0000069647058711 1.9999969622883143 1.9999989806459677 0.0009765625
2.0000069647058711 2.0000070274509691 1.999996943930654 1.9999989622883143 0.0009765625
2.0000070274509691 2.0000070901960667 1.9999969255730026 1.999998943930654 0.0009765625
2.0000070901960667 2.0000071529411647 1.999996907215347 1.9999989255730026 0.0009765625
2.0000071529411647 2.0000072156862627 1.9999968888576971 1.999998907215347 0.0009765625
2.0000072156862627 2.0000072784313607 1.9999968705000442 1.9999988888576972 0.0009765625
2.0000072784313607 2.0000073411764587 1.9999968521423974 1.9999988705000442 0.0009765625
2.0000073411764587 2.0000074039215567 1.9999968337847571 1.9999988521423975 0.0009765625
2.0000074039215567 2.0000074666666547 1.9999968154271091 1.9999988337847572 0.0009765625
2.0000074666666547 2.0000075294117523 1.9999967970694643 1.9999988154271091 0.0009765625
2.0000075294117523 2.0000075921568503 1.9999967787118216 1.9999987970694644 0.0009765625
2.0000075921568503 2.0000076549019483 1.9999967603541848 1.9999987787118216 0.0009765625
2.0000076549019483 2.0000077176470463 1.9999967419965463 1.9999987603541849 0.0009765625
2.0000077176470463 2.0000077803921443 1.9999967236389034 1.9999987419965464 0.0009765625
2.0000077803921443 2.0000078431372423 1.999996705281279 1.9999987236389034 0.0009765625
2.0000078431372423 2.0000079058823399 1.9999966869236447 1.9999987052812791 0.0009765625
2.0000079058823399 2.0000079686274379 1.9999966685660067 1.9999986869236448 0.0009765625
2.0000079686274379 2.0000080313725359 1.9999966502083804 1.9999986685660067 0.0009765625
2.0000080313725359 2.0000080941176339 1.9999966318507545 1.9999986502083804 0.0009765625
2.0000080941176339 2.0000081568627319 1.9999966134931246 1.9999986318507545 0.0009765625
2.0000081568627319 2.0000082196078299 1.9999965951355008 1.9999986134931247 0.0009765625
2.0000082196078299 2.0000082823529279 1.9999965767778727 1.9999985951355008 0.0009765625
2.0000082823529279 2.0000083450980255 1.9999965584202593 1.9999985767778727 0.0009765625
2.0000083450980255 2.0000084078431235 1.9999965400626358 1.9999985584202593 0.0009765625
2.0000084078431235 2.0000084705882215 1.9999965217050226 1.9999985400626359 0.0009765625
2.0000084705882215 2.0000085333333195 1.999996503347397 1.9999985217050227 0.0009765625
2.0000085333333195 2.0000085960784175 1.9999964849914205 1.9999985033490313 0.0009765625
2.0000085960784175 2.0000086588235155 1.999996466632173 1.9999984849897865 0.0009765625
2.0000086588235155 2.0000087215686131 1.9999964482745587 1.9999984666321731 0.0009765625
2.0000087215686131 2.0000087843137111 1.9999964299169568 1.9999984482745587 0.0009765625
2.0000087843137111 2.0000088470588091 1.9999964115593452 1.9999984299169569 0.0009765625
2.0000088470588091 2.0000089098039071 1.9999963932017384 1.9999984115593452 0.0009765625
2.0000089098039071 2.0000089725490051 1.9999963748441334 1.9999983932017384 0.0009765625
2.0000089725490051 2.0000090352941031 1.9999963564865293 1.9999983748441335 0.0009765625
2.0000090352941031 2.0000090980392007 1.9999963381289301 1.9999983564865293 0.0009765625
2.0000090980392007 2.0000091607842987 1.9999963197713329 1.9999983381289301 0.0009765625
2.0000091607842987 2.0000092235293967 1.9999963014137327 1.9999983197713329 0.0009765625
2.0000092235293967 2.0000092862744947 1.999996283056138 1.9999983014137328 0.0009765625
2.0000092862744947 2.0000093490195927 1.9999962646985401 1.999998283056138 0.0009765625
2.0000093490195927 2.0000094117646907 1.9999962463409524 1.9999982646985401 0.0009765625
2.0000094117646907 2.0000094745097883 1.9999962279833519 1.9999982463409525 0.0009765625
2.0000094745097883 2.0000095372548863 1.9999962096257677 1.9999982279833519 0.0009765625
2.0000095372548863 2.0000095999999843 1.9999961912681767 1.9999982096257678 0.0009765625
2.0000095999999843 2.0000096627450823 1.9999961729105951 1.9999981912681768 0.0009765625
2.0000096627450823 2.0000097254901803 1.9999961545530027 1.9999981729105951 0.0009765625
2.0000097254901803 2.0000097882352779 1.9999961361954268 1.9999981545530028 0.0009765625
2.0000097882352779 2.0000098509803759 1.9999961178378396 1.9999981361954269 0.0009765625
2.0000098509803759 2.0000099137254739 1.999996099480263 1.9999981178378397 0.0009765625
2.0000099137254739 2.0000099764705719 1.9999960811226842 1.9999980994802631 0.0009765625
2.0000099764705719 2.0000100392156699 1.9999960627651092 1.9999980811226843 0.0009765625
2.0000100392156699 2.0000101019607679 1.9999960444075402 1.9999980627651093 0.0009765625
2.0000101019607679 2.0000101647058655 1.9999960260499603 1.9999980444075403 0.0009765625
2.0000101647058655 2.0000102274509635 1.9999960076923919 1.9999980260499604 0.0009765625
2.0000102274509635 2.0000102901960615 1.9999959893348171 1.999998007692392 0.0009765625
2.0000102901960615 2.0000103529411595 1.999995970977251 1.9999979893348172 0.0009765625
2.0000103529411595 2.0000104156862575 1.9999959526196864 1.9999979709772511 0.0009765625
2.0000104156862575 2.0000104784313555 1.9999959342621239 1.9999979526196865 0.0009765625
2.0000104784313555 2.000010541176453 1.9999959159045593 1.9999979342621239 0.0009765625
2.000010541176453 2.0000106039215511 1.9999958975469965 1.9999979159045593 0.0009765625
2.0000106039215511 2.0000106666666491 1.9999958791894359 1.9999978975469965 0.0009765625
2.0000106666666491 2.0000107294117471 1.9999958608335169 1.9999978791910704 0.0009765625
2.0000107294117471 2.0000107921568451 1.9999958424743265 1.9999978608318916 0.0009765625
2.0000107921568451 2.0000108549019431 1.9999958241167684 1.9999978424743265 0.0009765625
2.0000108549019431 2.0000109176470406 1.9999958057592102 1.9999978241167684 0.0009765625
2.0000109176470406 2.0000109803921386 1.9999957874016703 1.9999978057592103 0.0009765625
2.0000109803921386 2.0000110431372367 1.9999957690441161 1.9999977874016703 0.0009765625
2.0000110431372367 2.0000111058823347 1.999995750686572 1.9999977690441162 0.0009765625
2.0000111058823347 2.0000111686274327 1.9999957323290241 1.999997750686572 0.0009765625
2.0000111686274327 2.0000112313725307 1.9999957139714803 1.9999977323290241 0.0009765625
2.0000112313725307 2.0000112941176287 1.9999956956139293 1.9999977139714804 0.0009765625
2.0000112941176287 2.0000113568627262 1.9999956772563845 1.9999976956139294 0.0009765625
2.0000113568627262 2.0000114196078242 1.9999956588988539 1.9999976772563846 0.0009765625
2.0000114196078242 2.0000114823529223 1.9999956405413182 1.9999976588988539 0.0009765625
2.0000114823529223 2.0000115450980203 1.9999956221837814 1.9999976405413182 0.0009765625
2.0000115450980203 2.0000116078431183 1.9999956038262412 1.9999976221837814 0.0009765625
2.0000116078431183 2.0000116705882163 1.9999955854687108 1.9999976038262413 0.0009765625
2.0000116705882163 2.0000117333333138 1.9999955671111889 1.9999975854687109 0.0009765625
2.0000117333333138 2.0000117960784118 1.9999955487536505 1.9999975671111889 0.0009765625
2.0000117960784118 2.0000118588235098 1.9999955303961194 1.9999975487536505 0.0009765625
2.0000118588235098 2.0000119215686079 1.9999955120385988 1.9999975303961195 0.0009765625
2.0000119215686079 2.0000119843137059 1.9999954936810755 1.9999975120385989 0.0009765625
2.0000119843137059 2.0000120470588039 1.9999954753235525 1.9999974936810756 0.0009765625
2.0000120470588039 2.0000121098039019 1.9999954569660301 1.9999974753235525 0.0009765625
2.0000121098039019 2.0000121725489994 1.9999954386085164 1.9999974569660302 0.0009765625
2.0000121725489994 2.0000122352940974 1.9999954202509909 1.9999974386085164 0.0009765625
2.0000122352940974 2.0000122980391954 1.9999954018934782 1.9999974202509909 0.0009765625
2.0000122980391954 2.0000123607842935 1.9999953835359658 1.9999974018934783 0.0009765625
2.0000123607842935 2.0000124235293915 1.9999953651784561 1.9999973835359659 0.0009765625
2.0000124235293915 2.0000124862744895 1.9999953468209355 1.9999973651784562 0.0009765625
2.0000124862744895 2.0000125490195875 1.9999953284634324 1.9999973468209356 0.0009765625
2.0000125490195875 2.000012611764685 1.9999953101059182 1.9999973284634325 0.0009765625
2.000012611764685 2.000012674509783 1.9999952917484141 1.9999973101059183 0.0009765625
2.000012674509783 2.000012737254881 1.9999952733909139 1.9999972917484141 0.0009765625
2.000012737254881 2.0000127999999791 1.9999952550334108 1.9999972733909139 0.0009765625
2.0000127999999791 2.0000129254901751 1.9999952183200473 1.9999972550350422 0.0009765625
2.0000129254901751 2.0000130509803706 1.9999951816034114 1.9999972183184085 0.0009765625
2.0000130509803706 2.0000131764705666 1.9999951448884237 1.9999971816034114 0.0009765625
2.0000131764705666 2.0000133019607627 1.9999951081734511 1.9999971448884237 0.0009765625
2.0000133019607627 2.0000134274509582 1.9999950714584764 1.9999971081734511 0.0009765625
2.0000134274509582 2.0000135529411542 1.9999950347435111 1.9999970714584765 0.0009765625
2.0000135529411542 2.0000136784313503 1.9999949980285496 1.9999970347435112 0.0009765625
2.0000136784313503 2.0000138039215458 1.9999949613135934 1.9999969980285497 0.0009765625
2.0000138039215458 2.0000139294117418 1.9999949245986548 1.9999969613135935 0.0009765625
2.0000139294117418 2.0000140549019378 1.9999948878837102 1.9999969245986549 0.0009765625
2.0000140549019378 2.0000141803921334 1.9999948511687782 1.9999968878837102 0.0009765625
2.0000141803921334 2.0000143058823294 1.9999948144538493 1.9999968511687782 0.0009765625
2.0000143058823294 2.0000144313725254 1.9999947777389275 1.9999968144538494 0.0009765625
2.0000144313725254 2.000014556862721 1.9999947410240162 1.9999967777389276 0.0009765625
2.000014556862721 2.000014682352917 1.9999947043091149 1.9999967410240163 0.0009765625
2.000014682352917 2.000014807843113 1.9999946675942128 1.9999967043091149 0.0009765625
2.000014807843113 2.0000149333333086 1.9999946308793117 1.9999966675942129 0.0009765625
2.0000149333333086 2.0000150588235046 1.9999945941644275 1.9999966308793118 0.0009765625
2.0000150588235046 2.0000151843137006 1.9999945574495521 1.9999965941644275 0.0009765625
2.0000151843137006 2.0000153098038966 1.9999945207346699 1.9999965574495522 0.0009765625
2.0000153098038966 2.0000154352940922 1.9999944840198103 1.9999965207346699 0.0009765625
2.0000154352940922 2.0000155607842882 1.9999944473049545 1.9999964840198103 0.0009765625
2.0000155607842882 2.0000156862744842 1.9999944105900951 1.9999964473049545 0.0009765625
2.0000156862744842 2.0000158117646798 1.9999943738752546 1.9999964105900951 0.0009765625
2.0000158117646798 2.0000159372548758 1.999994337160411 1.9999963738752546 0.0009765625
2.0000159372548758 2.0000160627450718 1.9999943004455727 1.999996337160411 0.0009765625
2.0000160627450718 2.0000161882352674 1.9999942637307506 1.9999963004455727 0.0009765625
2.0000161882352674 2.0000163137254634 1.9999942270159277 1.9999962637307507 0.0009765625
2.0000163137254634 2.0000164392156594 1.9999941903011154 1.9999962270159277 0.0009765625
2.0000164392156594 2.000016564705855 1.9999941535863179 1.9999961903011154 0.0009765625
2.000016564705855 2.000016690196051 1.9999941168715123 1.999996153586318 0.0009765625
2.000016690196051 2.000016815686247 1.9999940801567191 1.9999961168715124 0.0009765625
2.000016815686247 2.0000169411764426 1.9999940434419374 1.9999960801567191 0.0009765625
2.0000169411764426 2.0000170666666386 1.9999940067271538 1.9999960434419375 0.0009765625
2.0000170666666386 2.0000171921568346 1.9999939700140168 1.9999960067287892 0.0009765625
2.0000171921568346 2.0000173176470302 1.9999939332976131 1.9999959700123833 0.0009765625
2.0000173176470302 2.0000174431372262 1.9999938965828583 1.9999959332976132 0.0009765625
2.0000174431372262 2.0000175686274222 1.999993859868104 1.9999958965828584 0.0009765625
2.0000175686274222 2.0000176941176182 1.9999938231533614 1.999995859868104 0.0009765625
2.0000176941176182 2.0000178196078138 1.9999937864386212 1.9999958231533614 0.0009765625
2.0000178196078138 2.0000179450980098 1.9999937497238864 1.9999957864386213 0.0009765625
2.0000179450980098 2.0000180705882058 1.9999937130091678 1.9999957497238865 0.0009765625
2.0000180705882058 2.0000181960784014 1.9999936762944386 1.9999957130091679 0.0009765625
2.0000181960784014 2.0000183215685974 1.9999936395797309 1.9999956762944386 0.0009765625
2.0000183215685974 2.0000184470587934 1.9999936028650271 1.9999956395797309 0.0009765625
2.0000184470587934 2.000018572548989 1.9999935661503254 1.9999956028650272 0.0009765625
2.000018572548989 2.000018698039185 1.9999935294356355 1.9999955661503255 0.0009765625
2.000018698039185 2.000018823529381 1.9999934927209493 1.9999955294356355 0.0009765625
2.000018823529381 2.000018949019577 1.9999934560062671 1.9999954927209493 0.0009765625
2.000018949019577 2.0000190745097726 1.9999934192916 1.9999954560062672 0.0009765625
2.0000190745097726 2.0000191999999686 1.9999933825769398 1.9999954192916001 0.0009765625
2.0000191999999686 2.0000193254901646 1.9999933458622727 1.9999953825769399 0.0009765625
2.0000193254901646 2.0000194509803602 1.9999933091476154 1.9999953458622728 0.0009765625
2.0000194509803602 2.0000195764705562 1.9999932724329734 1.9999953091476155 0.0009765625
2.0000195764705562 2.0000197019607522 1.9999932357183339 1.9999952724329735 0.0009765625
2.0000197019607522 2.0000198274509482 1.9999931990037008 1.9999952357183339 0.0009765625
2.0000198274509482 2.0000199529411438 1.9999931622890763 1.9999951990037008 0.0009765625
2.0000199529411438 2.0000200784313398 1.9999931255744605 1.9999951622890764 0.0009765625
2.0000200784313398 2.0000202039215358 1.9999930888598469 1.9999951255744606 0.0009765625
2.0000202039215358 2.0000203294117314 1.9999930521452447 1.999995088859847 0.0009765625
2.0000203294117314 2.0000204549019274 1.9999930154306451 1.9999950521452448 0.0009765625
2.0000204549019274 2.0000205803921234 1.9999929787160491 1.9999950154306452 0.0009765625
2.0000205803921234 2.0000207058823189 1.9999929420014695 1.9999949787160491 0.0009765625
2.0000207058823189 2.000020831372515 1.9999929052868894 1.9999949420014695 0.0009765625
2.000020831372515 2.000020956862711 1.9999928685723198 1.9999949052868895 0.0009765625
2.000020956862711 2.000021082352907 1.9999928318577485 1.9999948685723199 0.0009765625
2.000021082352907 2.0000212078431026 1.9999927951431888 1.9999948318577485 0.0009765625
2.0000212078431026 2.0000213333332986 1.999992758428643 1.9999947951431889 0.0009765625
2.0000213333332986 2.0000214588234946 1.9999927217157223 1.9999947584302771 0.0009765625
2.0000214588234946 2.0000215843136901 1.9999926849995542 1.9999947217141012 0.0009765625
2.0000215843136901 2.0000217098038862 1.9999926482850259 1.9999946849995542 0.0009765625
2.0000217098038862 2.0000218352940822 1.9999926115705051 1.9999946482850259 0.0009765625
2.0000218352940822 2.0000219607842777 1.9999925748559806 1.9999946115705052 0.0009765625
2.0000219607842777 2.0000220862744738 1.999992538141472 1.9999945748559806 0.0009765625
2.0000220862744738 2.0000222117646698 1.9999925014269626 1.9999945381414721 0.0009765625
2.0000222117646698 2.0000223372548653 1.9999924647124598 1.9999945014269627 0.0009765625
2.0000223372548653 2.0000224627450613 1.9999924279979742 1.9999944647124599 0.0009765625
2.0000224627450613 2.0000225882352574 1.9999923912834869 1.9999944279979742 0.0009765625
2.0000225882352574 2.0000227137254529 1.9999923545690135 1.999994391283487 0.0009765625
2.0000227137254529 2.0000228392156489 1.9999923178545376 1.9999943545690135 0.0009765625
2.0000228392156489 2.000022964705845 1.9999922811400788 1.9999943178545376 0.0009765625
2.000022964705845 2.0000230901960405 1.9999922444256175 1.9999942811400788 0.0009765625
2.0000230901960405 2.0000232156862365 1.9999922077111578 1.9999942444256176 0.0009765625
2.0000232156862365 2.0000233411764325 1.9999921709967203 1.9999942077111579 0.0009765625
2.0000233411764325 2.0000234666666286 1.9999921342822831 1.9999941709967204 0.0009765625
2.0000234666666286 2.0000235921568241 1.9999920975678482 1.9999941342822831 0.0009765625
2.0000235921568241 2.0000237176470201 1.9999920608534254 1.9999940975678483 0.0009765625
2.0000237176470201 2.0000238431372162 1.9999920241390103 1.9999940608534255 0.0009765625
2.0000238431372162 2.0000239686274117 1.9999919874245959 1.9999940241390104 0.0009765625
2.0000239686274117 2.0000240941176077 1.9999919507101875 1.999993987424596 0.0009765625
2.0000240941176077 2.0000242196078037 1.9999919139958 1.9999939507101876 0.0009765625
2.0000242196078037 2.0000243450979993 1.9999918772814036 1.9999939139958001 0.0009765625
2.0000243450979993 2.0000244705881953 1.999991840567021 1.9999938772814037 0.0009765625
2.0000244705881953 2.0000245960783913 1.9999918038526441 1.999993840567021 0.0009765625
2.0000245960783913 2.0000247215685869 1.9999917671382708 1.9999938038526441 0.0009765625
2.0000247215685869 2.0000248470587829 1.9999917304238952 1.9999937671382708 0.0009765625
2.0000248470587829 2.0000249725489789 1.9999916937095552 1.9999937304238953 0.0009765625
2.0000249725489789 2.0000250980391745 1.9999916569951885 1.9999936937095553 0.0009765625
2.0000250980391745 2.0000252235293705 1.9999916202808505 1.9999936569951886 0.0009765625
2.0000252235293705 2.0000253490195665 1.9999915835665214 1.9999936202808506 0.0009765625
2.0000253490195665 2.0000254745097621 1.9999915468521905 1.9999935835665215 0.0009765625
2.0000254745097621 2.0000255999999581 1.9999915101378474 1.9999935468521906 0.0009765625
2.0000255999999581 2.0000258509803497 1.9999914367108633 1.9999935101394917 0.0009765625
2.0000258509803497 2.0000261019607417 1.9999913632806245 1.9999934367092305 0.0009765625
2.0000261019607417 2.0000263529411333 1.9999912898520489 1.9999933632806246 0.0009765625
2.0000263529411333 2.0000266039215253 1.9999912164235061 1.9999932898520489 0.0009765625
2.0000266039215253 2.0000268549019169 1.9999911429949888 1.9999932164235061 0.0009765625
2.0000268549019169 2.0000271058823085 1.999991069566486 1.9999931429949889 0.0009765625
2.0000271058823085 2.0000273568627005 1.9999909961380213 1.999993069566486 0.0009765625
2.0000273568627005 2.0000276078430921 1.9999909227095845 1.9999929961380214 0.0009765625
2.0000276078430921 2.0000278588234837 1.9999908492811602 1.9999929227095845 0.0009765625
2.0000278588234837 2.0000281098038757 1.9999907758527804 1.9999928492811603 0.0009765625
2.0000281098038757 2.0000283607842673 1.9999907024244188 1.9999927758527805 0.0009765625
2.0000283607842673 2.0000286117646593 1.9999906289960796 1.9999927024244188 0.0009765625
2.0000286117646593 2.0000288627450509 1.9999905555677775 1.9999926289960797 0.0009765625
2.0000288627450509 2.0000291137254425 1.9999904821395 1.9999925555677776 0.0009765625
2.0000291137254425 2.0000293647058345 1.9999904087112395 1.9999924821395001 0.0009765625
2.0000293647058345 2.0000296156862261 1.9999903352830122 1.9999924087112395 0.0009765625
2.0000296156862261 2.0000298666666181 1.9999902618548067 1.9999923352830122 0.0009765625
2.0000298666666181 2.0000301176470097 1.9999901884266458 1.9999922618548067 0.0009765625
2.0000301176470097 2.0000303686274012 1.9999901149984933 1.9999921884266458 0.0009765625
2.0000303686274012 2.0000306196077933 1.9999900415703697 1.9999921149984934 0.0009765625
2.0000306196077933 2.0000308705881849 1.9999899681422757 1.9999920415703698 0.0009765625
2.0000308705881849 2.0000311215685764 1.9999898947142136 1.9999919681422758 0.0009765625
2.0000311215685764 2.0000313725489685 1.9999898212861718 1.9999918947142137 0.0009765625
2.0000313725489685 2.00003162352936 1.9999897478581579 1.9999918212861718 0.0009765625
2.00003162352936 2.0000318745097521 1.9999896744301708 1.9999917478581579 0.0009765625
2.0000318745097521 2.0000321254901436 1.9999896010022176 1.9999916744301709 0.0009765625
2.0000321254901436 2.0000323764705352 1.9999895275742794 1.9999916010022176 0.0009765625
2.0000323764705352 2.0000326274509272 1.9999894541463747 1.9999915275742794 0.0009765625
2.0000326274509272 2.0000328784313188 1.9999893807184985 1.9999914541463748 0.0009765625
2.0000328784313188 2.0000331294117104 1.9999893072906485 1.9999913807184986 0.0009765625
2.0000331294117104 2.0000333803921024 1.9999892338628207 1.9999913072906486 0.0009765625
2.0000333803921024 2.000033631372494 1.9999891604350246 1.9999912338628207 0.0009765625
2.000033631372494 2.000033882352886 1.9999890870072483 1.9999911604350247 0.0009765625
2.000033882352886 2.0000341333332776 1.9999890135795058 1.9999910870072484 0.0009765625
2.0000341333332776 2.0000343843136692 1.9999889401534181 1.9999910135811356 0.0009765625
2.0000343843136692 2.0000346352940612 1.9999888667240964 1.9999909401517906 0.0009765625
2.0000346352940612 2.0000348862744528 1.9999887932964251 1.9999908667240964 0.0009765625
2.0000348862744528 2.0000351372548444 1.9999887198687945 1.9999907932964252 0.0009765625
2.0000351372548444 2.0000353882352364 1.9999886464411785 1.9999907198687945 0.0009765625
2.0000353882352364 2.000035639215628 1.9999885730135967 1.9999906464411785 0.0009765625
2.000035639215628 2.0000358901960196 1.9999884995860389 1.9999905730135967 0.0009765625
2.0000358901960196 2.0000361411764116 1.9999884261585106 1.9999904995860389 0.0009765625
2.0000361411764116 2.0000363921568032 1.9999883527310056 1.9999904261585106 0.0009765625
2.0000363921568032 2.0000366431371952 1.9999882793035295 1.9999903527310057 0.0009765625
2.0000366431371952 2.0000368941175868 1.9999882058760745 1.9999902793035296 0.0009765625
2.0000368941175868 2.0000371450979784 1.999988132448649 1.9999902058760746 0.0009765625
2.0000371450979784 2.0000373960783704 1.9999880590212511 1.9999901324486491 0.0009765625
2.0000373960783704 2.000037647058762 1.9999879855938809 1.9999900590212512 0.0009765625
2.000037647058762 2.0000378980391535 1.9999879121665467 1.999989985593881 0.0009765625
2.0000378980391535 2.0000381490195456 1.9999878387392198 1.9999899121665468 0.0009765625
2.0000381490195456 2.0000383999999372 1.9999877653119342 1.9999898387392199 0.0009765625
2.0000383999999372 2.0000386509803287 1.9999876918846706 1.9999897653119343 0.0009765625
2.0000386509803287 2.0000389019607208 1.9999876184574346 1.9999896918846707 0.0009765625
2.0000389019607208 2.0000391529411123 1.9999875450302274 1.9999896184574346 0.0009765625
2.0000391529411123 2.0000394039215039 1.9999874716030408 1.9999895450302274 0.0009765625
2.0000394039215039 2.0000396549018959 1.999987398175886 1.9999894716030409 0.0009765625
2.0000396549018959 2.0000399058822875 1.9999873247487536 1.9999893981758861 0.0009765625
2.0000399058822875 2.0000401568626791 1.9999872513216566 1.9999893247487537 0.0009765625
2.0000401568626791 2.0000404078430711 1.9999871778945761 1.9999892513216566 0.0009765625
2.0000404078430711 2.0000406588234627 1.999987104467527 1.9999891778945762 0.0009765625
2.0000406588234627 2.0000409098038547 1.9999870310405046 1.9999891044675271 0.0009765625
2.0000409098038547 2.0000411607842463 1.9999869576135032 1.9999890310405046 0.0009765625
2.0000411607842463 2.0000414117646379 1.9999868841865365 1.9999889576135033 0.0009765625
2.0000414117646379 2.0000416627450299 1.9999868107596011 1.9999888841865365 0.0009765625
2.0000416627450299 2.0000419137254215 1.9999867373326816 1.9999888107596011 0.0009765625
2.0000419137254215 2.0000421647058131 1.9999866639057922 1.9999887373326817 0.0009765625
2.0000421647058131 2.0000424156862051 1.9999865904789287 1.9999886639057922 0.0009765625
2.0000424156862051 2.0000426666665967 1.9999865170520925 1.9999885904789287 0.0009765625
2.0000426666665967 2.0000429176469883 1.9999864436269223 1.9999885170537279 0.0009765625
2.0000429176469883 2.0000431686273803 1.999986370198503 1.9999884436252842 0.0009765625
2.0000431686273803 2.0000434196077719 1.9999862967717479 1.9999883701985031 0.0009765625
2.0000434196077719 2.0000436705881639 1.9999862233450236 1.9999882967717479 0.0009765625
2.0000436705881639 2.0000439215685555 1.9999861499183182 1.9999882233450237 0.0009765625
2.0000439215685555 2.0000441725489471 1.9999860764916482 1.9999881499183183 0.0009765625
2.0000441725489471 2.0000444235293391 1.9999860030650005 1.9999880764916482 0.0009765625
2.0000444235293391 2.0000446745097307 1.9999859296383737 1.9999880030650006 0.0009765625
2.0000446745097307 2.0000449254901222 1.9999858562117772 1.9999879296383738 0.0009765625
2.0000449254901222 2.0000451764705143 1.9999857827852143 1.9999878562117772 0.0009765625
2.0000451764705143 2.0000454274509059 1.9999857093586726 1.9999877827852144 0.0009765625
2.0000454274509059 2.0000456784312979 1.9999856359321584 1.9999877093586726 0.0009765625
2.0000456784312979 2.0000459294116895 1.9999855625056697 1.9999876359321584 0.0009765625
2.0000459294116895 2.000046180392081 1.9999854890792115 1.9999875625056698 0.0009765625
2.000046180392081 2.0000464313724731 1.9999854156527792 1.9999874890792115 0.0009765625
2.0000464313724731 2.0000466823528646 1.9999853422263778 1.9999874156527793 0.0009765625
2.0000466823528646 2.0000469333332562 1.9999852687999964 1.9999873422263779 0.0009765625
2.0000469333332562 2.0000471843136483 1.9999851953736458 1.9999872687999964 0.0009765625
2.0000471843136483 2.0000474352940398 1.9999851219473175 1.9999871953736459 0.0009765625
2.0000474352940398 2.0000476862744319 1.9999850485210244 1.9999871219473175 0.0009765625
2.0000476862744319 2.0000479372548234 1.9999849750947363 1.9999870485210245 0.0009765625
2.0000479372548234 2.000048188235215 1.9999849016684956 1.9999869750947363 0.0009765625
2.000048188235215 2.000048439215607 1.9999848282422747 1.9999869016684957 0.0009765625
2.000048439215607 2.0000486901959986 1.9999847548160903 1.9999868282422748 0.0009765625
2.0000486901959986 2.0000489411763906 1.9999846813899151 1.9999867548160903 0.0009765625
2.0000489411763906 2.0000491921567822 1.9999846079637746 1.9999866813899152 0.0009765625
2.0000491921567822 2.0000494431371738 1.9999845345376688 1.9999866079637747 0.0009765625
2.0000494431371738 2.0000496941175658 1.9999844611115756 1.9999865345376688 0.0009765625
2.0000496941175658 2.0000499450979574 1.9999843876855212 1.9999864611115756 0.0009765625
2.0000499450979574 2.000050196078349 1.9999843142594904 1.9999863876855213 0.0009765625
2.000050196078349 2.000050447058741 1.9999842408334874 1.9999863142594905 0.0009765625
2.000050447058741 2.0000506980391326 1.9999841674075098 1.9999862408334874 0.0009765625
2.0000506980391326 2.0000509490195246 1.999984093981559 1.9999861674075099 0.0009765625
2.0000509490195246 2.0000511999999162 1.9999840205556292 1.999986093981559 0.0009765625
2.0000511999999162 2.0000517019606998 1.9999838737054885 1.9999860205572602 0.0009765625
2.0000517019606998 2.000052203921483 1.9999837268521983 1.9999858737038598 0.0009765625
2.000052203921483 2.0000527058822666 1.9999835800006345 1.9999857268521983 0.0009765625
2.0000527058822666 2.0000532078430502 1.9999834331491879 1.9999855800006345 0.0009765625
2.0000532078430502 2.0000537098038338 1.9999832862978537 1.999985433149188 0.0009765625
2.0000537098038338 2.000054211764617 1.9999831394466179 1.9999852862978538 0.0009765625
2.000054211764617 2.0000547137254006 1.9999829925954833 1.9999851394466179 0.0009765625
2.0000547137254006 2.0000552156861842 1.9999828457444715 1.9999849925954833 0.0009765625
2.0000552156861842 2.0000557176469678 1.9999826988935532 1.9999848457444716 0.0009765625
2.0000557176469678 2.0000562196077509 1.9999825520427439 1.9999846988935532 0.0009765625
2.0000562196077509 2.0000567215685345 1.9999824051920525 1.9999845520427439 0.0009765625
2.0000567215685345 2.0000572235293181 1.9999822583414586 1.9999844051920526 0.0009765625
2.0000572235293181 2.0000577254901017 1.999982111490971 1.9999842583414587 0.0009765625
2.0000577254901017 2.0000582274508849 1.9999819646405885 1.9999841114909711 0.0009765625
2.0000582274508849 2.0000587294116685 1.999981817790329 1.9999839646405886 0.0009765625
2.0000587294116685 2.0000592313724521 1.9999726709401624 1.999992817790329 0.0009765625
2.0000592313724521 2.0000597333332353 1.999972524090103 1.9999926709401623 0.0009765625
2.0000597333332353 2.0000602352940189 1.9999723772401572 1.9999925240901029 0.0009765625
2.0000602352940189 2.0000607372548025 1.9999722303903114 1.9999923772401571 0.0009765625
2.0000607372548025 2.0000612392155861 1.9999720835405772 1.9999922303903113 0.0009765625
2.0000612392155861 2.0000617411763693 1.9999719366909492 1.9999920835405771 0.0009765625
2.0000617411763693 2.0000622431371529 1.9999717898414271 1.9999919366909491 0.0009765625
2.0000622431371529 2.0000627450979365 1.9999716429920087 1.999991789841427 0.0009765625
2.0000627450979365 2.0000632470587201 1.9999714961427082 1.9999916429920086 0.0009765625
2.0000632470587201 2.0000637490195032 1.9999713492935052 1.9999914961427081 0.0009765625
2.0000637490195032 2.0000642509802868 1.9999712024444094 1.9999913492935051 0.0009765625
2.0000642509802868 2.0000647529410704 1.9999710555954284 1.9999912024444093 0.0009765625
2.0000647529410704 2.0000652549018541 1.9999709087465425 1.9999910555954283 0.0009765625
2.0000652549018541 2.0000657568626372 1.9999707618977702 1.9999909087465424 0.0009765625
2.0000657568626372 2.0000662588234208 1.9999706150491099 1.9999907618977701 0.0009765625
2.0000662588234208 2.0000667607842044 1.9999704682005564 1.9999906150491098 0.0009765625
2.0000667607842044 2.000067262744988 1.9999703213521074 1.9999904682005563 0.0009765625
2.000067262744988 2.0000677647057712 1.9999701745037544 1.9999903213521073 0.0009765625
2.0000677647057712 2.0000682666665548 1.9999700276555177 1.9999901745037543 0.0009765625
2.0000682666665548 2.0000687686273384 1.9999698808090236 1.9999900276571534 0.0009765625
2.0000687686273384 2.000069270588122 1.9999697339593676 1.9999898808073944 0.0009765625
2.000069270588122 2.0000697725489052 1.9999695871114571 1.9999897339593675 0.0009765625
2.0000697725489052 2.0000702745096888 1.999969440263645 1.999989587111457 0.0009765625
2.0000702745096888 2.0000707764704724 1.9999692934159374 1.9999894402636449 0.0009765625
2.0000707764704724 2.000071278431256 1.9999691465683536 1.9999892934159373 0.0009765625
2.000071278431256 2.0000717803920391 1.9999689997208663 1.9999891465683535 0.0009765625
2.0000717803920391 2.0000722823528228 1.9999688528734851 1.9999889997208662 0.0009765625
2.0000722823528228 2.0000727843136064 1.9999687060262104 1.999988852873485 0.0009765625
2.0000727843136064 2.00007328627439 1.9999685591790444 1.9999887060262103 0.0009765625
2.00007328627439 2.0000737882351731 1.9999684123319834 1.9999885591790443 0.0009765625
2.0000737882351731 2.0000742901959567 1.9999682654850333 1.9999884123319833 0.0009765625
2.0000742901959567 2.0000747921567403 1.9999681186381875 1.9999882654850332 0.0009765625
2.0000747921567403 2.0000752941175239 1.9999679717914471 1.9999881186381874 0.0009765625
2.0000752941175239 2.0000757960783071 1.999967824944817 1.9999879717914471 0.0009765625
2.0000757960783071 2.0000762980390907 1.9999676780982973 1.9999878249448169 0.0009765625
2.0000762980390907 2.0000767999998743 1.9999675312518734 1.9999876780982973 0.0009765625
2.0000767999998743 2.0000773019606579 1.9999673844055648 1.9999875312518733 0.0009765625
2.0000773019606579 2.0000778039214415 1.9999672375593691 1.9999873844055647 0.0009765625
2.0000778039214415 2.0000783058822247 1.9999670907132709 1.999987237559369 0.0009765625
2.0000783058822247 2.0000788078430083 1.9999669438672796 1.9999870907132709 0.0009765625
2.0000788078430083 2.0000793098037919 1.9999667970214088 1.9999869438672795 0.0009765625
2.0000793098037919 2.0000798117645755 1.9999666501756284 1.9999867970214087 0.0009765625
2.0000798117645755 2.0000803137253587 1.9999665033299652 1.9999866501756283 0.0009765625
2.0000803137253587 2.0000808156861423 1.9999663564844059 1.9999865033299651 0.0009765625
2.0000808156861423 2.0000813176469259 1.9999662096389434 1.9999863564844058 0.0009765625
2.0000813176469259 2.0000818196077095 1.9999660627936007 1.9999862096389434 0.0009765625
2.0000818196077095 2.0000823215684926 1.9999659159483585 1.9999860627936006 0.0009765625
2.0000823215684926 2.0000828235292762 1.9999657691032278 1.9999859159483584 0.0009765625
2.0000828235292762 2.0000833254900598 1.999965622258207 1.9999857691032277 0.0009765625
2.0000833254900598 2.0000838274508435 1.9999654754132894 1.9999856222582069 0.0009765625
2.0000838274508435 2.0000843294116266 1.9999653285684789 1.9999854754132893 0.0009765625
2.0000843294116266 2.0000848313724102 1.999965181723776 1.9999853285684788 0.0009765625
2.0000848313724102 2.0000853333331938 1.9999650348791786 1.9999851817237759 0.0009765625
2.0000853333331938 2.0000858352939774 1.999964888036323 1.9999850348808104 0.0009765625
2.0000858352939774 2.0000863372547606 1.999964741190309 1.9999848880346887 0.0009765625
2.0000863372547606 2.0000868392155442 1.9999645943460245 1.9999847411903089 0.0009765625
2.0000868392155442 2.0000873411763278 1.999964447501859 1.9999845943460244 0.0009765625
2.0000873411763278 2.0000878431371114 1.9999643006578083 1.9999844475018589 0.0009765625
2.0000878431371114 2.0000883450978946 1.9999641538138495 1.9999843006578082 0.0009765625
2.0000883450978946 2.0000888470586782 1.9999640069700011 1.9999841538138494 0.0009765625
2.0000888470586782 2.0000893490194618 1.9999638601262593 1.999984006970001 0.0009765625
2.0000893490194618 2.0000898509802454 1.999963713282626 1.9999838601262592 0.0009765625
2.0000898509802454 2.0000903529410285 1.9999635664391073 1.9999837132826259 0.0009765625
2.0000903529410285 2.0000908549018122 1.9999634195956821 1.9999835664391072 0.0009765625
2.0000908549018122 2.0000913568625958 1.9999632727523702 1.999983419595682 0.0009765625
2.0000913568625958 2.0000918588233794 1.9999631259091668 1.9999832727523701 0.0009765625
2.0000918588233794 2.0000923607841625 1.9999629790660627 1.9999831259091667 0.0009765625
2.0000923607841625 2.0000928627449461 1.9999628322230751 1.9999829790660626 0.0009765625
2.0000928627449461 2.0000933647057297 1.9999626853801997 1.999982832223075 0.0009765625
2.0000933647057297 2.0000938666665133 1.999962538537418 1.9999826853801996 0.0009765625
2.0000938666665133 2.0000943686272965 1.9999623916947451 1.9999825385374179 0.0009765625
2.0000943686272965 2.0000948705880801 1.9999622448521892 1.999982391694745 0.0009765625
2.0000948705880801 2.0000953725488637 1.9999620980097319 1.9999822448521891 0.0009765625
2.0000953725488637 2.0000958745096469 1.9999619511673776 1.9999820980097318 0.0009765625
2.0000958745096469 2.0000963764704305 1.9999618043251384 1.9999819511673775 0.0009765625
2.0000963764704305 2.0000968784312141 1.999961657483009 1.9999818043251383 0.0009765625
2.0000968784312141 2.0000973803919977 1.9999615106409769 1.9999816574830089 0.0009765625
2.0000973803919977 2.0000978823527809 1.9999613637990532 1.9999815106409768 0.0009765625
2.0000978823527809 2.0000983843135645 1.9999612169572472 1.9999813637990531 0.0009765625
2.0000983843135645 2.0000988862743481 1.9999610701155381 1.9999812169572471 0.0009765625
2.0000988862743481 2.0000993882351317 1.9999609232739426 1.9999810701155381 0.0009765625
2.0000993882351317 2.0000998901959148 1.9999607764324452 1.9999809232739425 0.0009765625
2.0000998901959148 2.0001003921566984 1.9999606295910553 1.9999807764324451 0.0009765625
2.0001003921566984 2.000100894117482 1.9999604827497866 1.9999806295910552 0.0009765625
2.000100894117482 2.0001013960782656 1.9999603359086089 1.9999804827497865 0.0009765625
2.0001013960782656 2.0001018980390488 1.999960189067552 1.9999803359086088 0.0009765625
2.0001018980390488 2.0001023999998324 1.999960042226592 1.9999801890675519 0.0009765625
2.0001023999998324 2.0001034039213996 1.9999597485466358 1.9999800422282248 0.0009765625
2.0001034039213996 2.0001044078429664 1.999959454863826 1.9999797485449959 0.0009765625
2.0001044078429664 2.0001054117645332 1.9999591611831014 1.9999794548638259 0.0009765625
2.0001054117645332 2.0001064156861004 1.9999588675028033 1.9999791611831013 0.0009765625
2.0001064156861004 2.0001074196076676 1.9999585738229204 1.9999788675028032 0.0009765625
2.0001074196076676 2.0001084235292343 1.9999582801434641 1.9999785738229203 0.0009765625
2.0001084235292343 2.0001094274508011 1.999957986464447 1.999978280143464 0.0009765625
2.0001094274508011 2.0001104313723683 1.9999576927858467 1.9999779864644469 0.0009765625
2.0001104313723683 2.0001114352939355 1.9999573991076827 1.9999776927858466 0.0009765625
2.0001114352939355 2.0001124392155023 1.999957105429939 1.9999773991076826 0.0009765625
2.0001124392155023 2.0001134431370691 1.9999568117526334 1.9999771054299389 0.0009765625
2.0001134431370691 2.0001144470586363 1.9999565180757508 1.9999768117526333 0.0009765625
2.0001144470586363 2.0001154509802035 1.9999562243993012 1.9999765180757507 0.0009765625
2.0001154509802035 2.0001164549017703 1.9999559307232757 1.9999762243993011 0.0009765625
2.0001164549017703 2.000117458823337 1.9999556370476692 1.9999759307232756 0.0009765625
2.000117458823337 2.0001184627449042 1.9999553433725072 1.9999756370476691 0.0009765625
2.0001184627449042 2.0001194666664714 1.9999550496977614 1.9999753433725072 0.0009765625
2.0001194666664714 2.0001204705880382 1.9999547560234554 1.9999750496977613 0.0009765625
2.0001204705880382 2.000121474509605 1.9999544623495773 1.9999747560234553 0.0009765625
2.000121474509605 2.0001224784311722 1.9999541686761115 1.9999744623495772 0.0009765625
2.0001224784311722 2.0001234823527394 1.9999538750030821 1.9999741686761114 0.0009765625
2.0001234823527394 2.0001244862743062 1.9999535813304858 1.999973875003082 0.0009765625
2.0001244862743062 2.0001254901958729 1.9999532876583177 1.9999735813304858 0.0009765625
2.0001254901958729 2.0001264941174401 1.9999529939865626 1.9999732876583176 0.0009765625
2.0001264941174401 2.0001274980390074 1.9999527003152551 1.9999729939865625 0.0009765625
2.0001274980390074 2.0001285019605741 1.9999524066443655 1.999972700315255 0.0009765625
2.0001285019605741 2.0001295058821409 1.9999521129739082 1.9999724066443654 0.0009765625
2.0001295058821409 2.0001305098037081 1.9999518193038788 1.9999721129739081 0.0009765625
2.0001305098037081 2.0001315137252753 1.9999515256342728 1.9999718193038787 0.0009765625
2.0001315137252753 2.0001325176468421 1.9999512319650974 1.9999715256342727 0.0009765625
2.0001325176468421 2.0001335215684088 1.9999509382963498 1.9999712319650973 0.0009765625
2.0001335215684088 2.0001345254899761 1.9999506446280422 1.9999709382963498 0.0009765625
2.0001345254899761 2.0001355294115433 1.999950350960142 1.9999706446280421 0.0009765625
2.0001355294115433 2.00013653333311 1.9999500572926829 1.9999703509601419 0.0009765625
2.00013653333311 2.0001375372546768 1.9999497636272834 1.999970057294318 0.0009765625
2.0001375372546768 2.000138541176244 1.9999494699590421 1.9999697636256528 0.0009765625
2.000138541176244 2.0001395450978108 1.9999491762928636 1.999969469959042 0.0009765625
2.0001395450978108 2.000140549019378 1.9999488826271183 1.9999691762928635 0.0009765625
2.000140549019378 2.0001415529409448 1.9999485889617958 1.9999688826271182 0.0009765625
2.0001415529409448 2.000142556862512 1.9999482952969057 1.9999685889617957 0.0009765625
2.000142556862512 2.0001435607840787 1.9999480016324425 1.9999682952969056 0.0009765625
2.0001435607840787 2.0001445647056459 1.9999477079684094 1.9999680016324424 0.0009765625
2.0001445647056459 2.0001455686272127 1.9999474143047953 1.9999677079684093 0.0009765625
2.0001455686272127 2.0001465725487799 1.9999471206416148 1.9999674143047952 0.0009765625
2.0001465725487799 2.0001475764703467 1.9999468269788658 1.9999671206416147 0.0009765625
2.0001475764703467 2.0001485803919139 1.9999465333165416 1.9999668269788657 0.0009765625
2.0001485803919139 2.0001495843134807 1.9999462396546428 1.9999665333165415 0.0009765625
2.0001495843134807 2.0001505882350479 1.999945945993173 1.9999662396546427 0.0009765625
2.0001505882350479 2.0001515921566146 1.9999456523321391 1.9999659459931729 0.0009765625
2.0001515921566146 2.0001525960781819 1.9999453586715235 1.999965652332139 0.0009765625
2.0001525960781819 2.0001535999997486 1.9999450650113459 1.9999653586715234 0.0009765625
2.0001535999997486 2.0001546039213154 1.9999447713515968 1.9999650650113459 0.0009765625
2.0001546039213154 2.0001556078428826 1.9999444776922615 1.9999647713515967 0.0009765625
2.0001556078428826 2.0001566117644494 1.9999441840333616 1.9999644776922614 0.0009765625
2.0001566117644494 2.0001576156860166 1.9999438903748956 1.9999641840333615 0.0009765625
2.0001576156860166 2.0001586196075833 1.9999435967168515 1.9999638903748955 0.0009765625
2.0001586196075833 2.0001596235291506 1.9999433030592342 1.9999635967168514 0.0009765625
2.0001596235291506 2.0001606274507173 1.9999430094020541 1.9999633030592341 0.0009765625
2.0001606274507173 2.0001616313722845 1.9999427157452958 1.999963009402054 0.0009765625
2.0001616313722845 2.0001626352938513 1.9999424220889661 1.9999627157452957 0.0009765625
2.0001626352938513 2.0001636392154185 1.9999421284330607 1.999962422088966 0.0009765625
2.0001636392154185 2.0001646431369853 1.9999418347775901 1.9999621284330606 0.0009765625
2.0001646431369853 2.0001656470585525 1.9999415411225472 1.99996183477759 0.0009765625
2.0001656470585525 2.0001666509801193 1.9999412474679306 1.9999615411225471 0.0009765625
2.0001666509801193 2.0001676549016865 1.9999409538137418 1.9999612474679305 0.0009765625
2.0001676549016865 2.0001686588232532 1.9999406601599785 1.9999609538137417 0.0009765625
2.0001686588232532 2.0001696627448204 1.9999403665066369 1.9999606601599784 0.0009765625
2.0001696627448204 2.0001706666663872 1.9999400728537482 1.9999603665066368 0.0009765625
2.0001706666663872 2.000171670587954 1.9999397792029023 1.9999600728553717 0.0009765625
2.000171670587954 2.0001726745095212 1.9999394855492256 1.999959779201266 0.0009765625
2.0001726745095212 2.0001736784310884 1.9999391918976046 1.9999594855492255 0.0009765625
2.0001736784310884 2.0001746823526552 1.9999188982464127 1.9999791918976046 0.0009765625
2.0001746823526552 2.0001756862742219 1.9999186045956483 1.9999788982464128 0.0009765625
2.0001756862742219 2.0001766901957891 1.9999183109453116 1.9999786045956485 0.0009765625
2.0001766901957891 2.0001776941173564 1.9999180172954023 1.9999783109453118 0.0009765625
2.0001776941173564 2.0001786980389231 1.9999177236459194 1.9999780172954025 0.0009765625
2.0001786980389231 2.0001797019604899 1.9999174299968703 1.9999777236459195 0.0009765625
2.0001797019604899 2.0001807058820571 1.9999171363482491 1.9999774299968704 0.0009765625
2.0001807058820571 2.0001817098036243 1.9999168427000524 1.9999771363482493 0.0009765625
2.0001817098036243 2.0001827137251911 1.999916549052291 1.9999768427000526 0.0009765625
2.0001827137251911 2.0001837176467578 1.9999162554049528 1.9999765490522912 0.0009765625
2.0001837176467578 2.0001847215683251 1.9999159617580378 1.9999762554049529 0.0009765625
2.0001847215683251 2.0001857254898923 1.9999156681115555 1.9999759617580379 0.0009765625
2.0001857254898923 2.000186729411459 1.9999153744655083 1.9999756681115557 0.0009765625
2.000186729411459 2.0001877333330258 1.9999150808198756 1.9999753744655084 0.0009765625
2.0001877333330258 2.000188737254593 1.9999147871746812 1.9999750808198757 0.0009765625
2.000188737254593 2.0001897411761602 1.9999144935299087 1.9999747871746814 0.0009765625
2.0001897411761602 2.000190745097727 1.9999141998855672 1.9999744935299089 0.0009765625
2.000190745097727 2.0001917490192938 1.9999139062416531 1.9999741998855673 0.0009765625
2.0001917490192938 2.000192752940861 1.9999136125981656 1.9999739062416533 0.0009765625
2.000192752940861 2.0001937568624282 1.9999133189551024 1.9999736125981658 0.0009765625
2.0001937568624282 2.0001947607839949 1.9999130253124753 1.9999733189551026 0.0009765625
2.0001947607839949 2.0001957647055617 1.9999127316702809 1.9999730253124754 0.0009765625
2.0001957647055617 2.0001967686271289 1.9999124380285043 1.9999727316702811 0.0009765625
2.0001967686271289 2.0001977725486961 1.9999121443871675 1.9999724380285044 0.0009765625
2.0001977725486961 2.0001987764702629 1.9999118507462459 1.9999721443871676 0.0009765625
2.0001987764702629 2.0001997803918297 1.9999115571057584 1.9999718507462461 0.0009765625
2.0001997803918297 2.0002007843133969 1.9999112634657004 1.9999715571057586 0.0009765625
2.0002007843133969 2.0002017882349641 1.99991096982606 1.9999712634657005 0.0009765625
2.0002017882349641 2.0002027921565309 1.999910676186869 1.9999709698260602 0.0009765625
2.0002027921565309 2.0002037960780976 1.9999103825480902 1.9999706761868692 0.0009765625
2.0002037960780976 2.0002047999996648 1.9999100889097348 1.9999703825480903 0.0009765625
2.0002047999996648 2.0002068078427988 1.9999095016359598 1.9999700889113672 0.0009765625
2.0002068078427988 2.0002088156859328 1.9999089143606317 1.999969501634324 0.0009765625
2.0002088156859328 2.0002108235290668 1.9999083270886473 1.9999689143606318 0.0009765625
2.0002108235290668 2.0002128313722007 1.9999077398183662 1.9999683270886475 0.0009765625
2.0002128313722007 2.0002148392153347 1.9999071525498007 1.9999677398183664 0.0009765625
2.0002148392153347 2.0002168470584687 1.99990656528295 1.9999671525498008 0.0009765625
2.0002168470584687 2.0002188549016027 1.9999059780178181 1.9999665652829501 0.0009765625
2.0002188549016027 2.0002208627447366 1.9999053907543911 1.9999659780178183 0.0009765625
2.0002208627447366 2.0002228705878706 1.9999048034926739 1.9999653907543913 0.0009765625
2.0002228705878706 2.0002248784310046 1.999904216232673 1.999964803492674 0.0009765625
2.0002248784310046 2.0002268862741386 1.9999036289743839 1.9999642162326732 0.0009765625
2.0002268862741386 2.0002288941172726 1.9999030417178156 1.9999636289743841 0.0009765625
2.0002288941172726 2.0002309019604065 1.9999024544629493 1.9999630417178158 0.0009765625
2.0002309019604065 2.0002329098035405 1.9999018672097926 1.9999624544629495 0.0009765625
2.0002329098035405 2.0002349176466745 1.9999012799583544 1.9999618672097927 0.0009765625
2.0002349176466745 2.0002369254898085 1.9999006927086318 1.9999612799583546 0.0009765625
2.0002369254898085 2.000238933332942 1.9999001054606234 1.999960692708632 0.0009765625
2.000238933332942 2.000240941176076 1.9998995182143158 1.9999601054606235 0.0009765625
2.000240941176076 2.00024294901921 1.9998989309697248 1.9999595182143159 0.0009765625
2.00024294901921 2.0002449568623439 1.9998983437268492 1.999958930969725 0.0009765625
2.0002449568623439 2.0002469647054779 1.9998977564856788 1.9999583437268493 0.0009765625
2.0002469647054779 2.0002489725486119 1.9998971692462282 1.999957756485679 0.0009765625
2.0002489725486119 2.0002509803917459 1.999896582008488 1.9999571692462284 0.0009765625
2.0002509803917459 2.0002529882348798 1.999895994772463 1.9999565820084881 0.0009765625
2.0002529882348798 2.0002549960780138 1.9998954075381448 1.9999559947724632 0.0009765625
2.0002549960780138 2.0002570039211478 1.9998948203055369 1.9999554075381449 0.0009765625
2.0002570039211478 2.0002590117642818 1.9998942330746468 1.9999548203055371 0.0009765625
2.0002590117642818 2.0002610196074158 1.9998936458454681 1.9999542330746469 0.0009765625
2.0002610196074158 2.0002630274505497 1.9998930586180035 1.9999536458454683 0.0009765625
2.0002630274505497 2.0002650352936837 1.9998924713922475 1.9999530586180037 0.0009765625
2.0002650352936837 2.0002670431368177 1.999891884168201 1.9999524713922476 0.0009765625
2.0002670431368177 2.0002690509799517 1.9998912969458664 1.9999518841682011 0.0009765625
2.0002690509799517 2.0002710588230856 1.9998907097252516 1.9999512969458666 0.0009765625
2.0002710588230856 2.0002730666662196 1.9998901225063423 1.9999507097252518 0.0009765625
2.0002730666662196 2.0002750745093536 1.9998895352907764 1.9999501225079823 0.0009765625
2.0002750745093536 2.0002770823524876 1.9998889480736681 1.9999495352891545 0.0009765625
2.0002770823524876 2.0002790901956216 1.9998883608598952 1.9999489480736683 0.0009765625
2.0002790901956216 2.0002810980387555 1.9998877736478373 1.9999483608598954 0.0009765625
2.0002810980387555 2.0002831058818895 1.9998871864374912 1.9999477736478375 0.0009765625
2.0002831058818895 2.0002851137250235 1.9998865992288646 1.9999471864374914 0.0009765625
2.0002851137250235 2.0002871215681575 1.9998860120219342 1.9999465992288648 0.0009765625
2.0002871215681575 2.0002891294112914 1.9998854248167306 1.9999460120219343 0.0009765625
2.0002891294112914 2.0002911372544254 1.9998848376132261 1.9999454248167308 0.0009765625
2.0002911372544254 2.0002931450975594 1.9998842504114349 1.9999448376132263 0.0009765625
2.0002931450975594 2.0002951529406934 1.9998836632113624 1.9999442504114351 0.0009765625
2.0002951529406934 2.0002971607838274 1.9998830760130035 1.9999436632113625 0.0009765625
2.0002971607838274 2.0002991686269613 1.9998824888163547 1.9999430760130037 0.0009765625
2.0002991686269613 2.0003011764700953 1.9998819016214158 1.9999424888163548 0.0009765625
2.0003011764700953 2.0003031843132293 1.9998813144281895 1.9999419016214159 0.0009765625
2.0003031843132293 2.0003051921563633 1.9998807272366721 1.9999413144281897 0.0009765625
2.0003051921563633 2.0003071999994972 1.9998801400468746 1.9999407272366723 0.0009765625
2.0003071999994972 2.0003092078426312 1.9998795528587823 1.9999401400468748 0.0009765625
2.0003092078426312 2.0003112156857652 1.999878965672403 1.9999395528587824 0.0009765625
2.0003112156857652 2.0003132235288992 1.9998783784877381 1.9999389656724031 0.0009765625
2.0003132235288992 2.0003152313720332 1.9998777913047887 1.9999383784877383 0.0009765625
2.0003152313720332 2.0003172392151671 1.9998772041235446 1.9999377913047889 0.0009765625
2.0003172392151671 2.0003192470583011 1.9998766169440165 1.9999372041235448 0.0009765625
2.0003192470583011 2.0003212549014351 1.9998760297661922 1.9999366169440167 0.0009765625
2.0003212549014351 2.0003232627445691 1.9998754425900851 1.9999360297661923 0.0009765625
2.0003232627445691 2.000325270587703 1.9998748554156891 1.9999354425900853 0.0009765625
2.000325270587703 2.000327278430837 1.999874268243012 1.9999348554156893 0.0009765625
2.000327278430837 2.000329286273971 1.9998736810720348 1.9999342682430121 0.0009765625
2.000329286273971 2.000331294117105 1.999873093902782 1.999933681072035 0.0009765625
2.000331294117105 2.000333301960239 1.9998725067352296 1.9999330939027822 0.0009765625
2.000333301960239 2.0003353098033729 1.9998719195693999 1.9999325067352298 0.0009765625
2.0003353098033729 2.0003373176465069 1.9998713324052717 1.9999319195694001 0.0009765625
2.0003373176465069 2.0003393254896409 1.9998707452428666 1.9999313324052719 0.0009765625
2.0003393254896409 2.0003413333327749 1.9998701580821583 1.9999307452428667 0.0009765625
2.0003413333327749 2.0003433411759088 1.9998695709248053 1.999930158083792 0.0009765625
2.0003433411759088 2.0003453490190428 1.9998689837658987 1.9999295709231744 0.0009765625
2.0003453490190428 2.0003473568621768 1.9998683966103401 1.9999289837658989 0.0009765625
2.0003473568621768 2.0003493647053108 1.9998678094564846 1.9999283966103403 0.0009765625
2.0003493647053108 2.0003513725484448 1.9998672223043392 1.9999278094564847 0.0009765625
2.0003513725484448 2.0003533803915787 1.9998666351539072 1.9999272223043394 0.0009765625
2.0003533803915787 2.0003553882347127 1.9998660480051929 1.9999266351539073 0.0009765625
2.0003553882347127 2.0003573960778467 1.9998654608581894 1.999926048005193 0.0009765625
2.0003573960778467 2.0003594039209807 1.999864873712903 1.9999254608581896 0.0009765625
2.0003594039209807 2.0003614117641146 1.9998642865693088 1.9999248737129032 0.0009765625
2.0003614117641146 2.0003634196072486 1.9998636994274461 1.999924286569309 0.0009765625
2.0003634196072486 2.0003654274503826 1.9998631122872801 1.9999236994274463 0.0009765625
2.0003654274503826 2.0003674352935166 1.9998625251488409 1.9999231122872803 0.0009765625
2.0003674352935166 2.0003694431366505 1.9998619380121032 1.9999225251488411 0.0009765625
2.0003694431366505 2.0003714509797845 1.9998613508770793 1.9999219380121034 0.0009765625
2.0003714509797845 2.0003734588229185 1.9998607637437731 1.9999213508770795 0.0009765625
2.0003734588229185 2.0003754666660525 1.9998601766121717 1.9999207637437733 0.0009765625
2.0003754666660525 2.000377474509186 1.9998595894822833 1.9999201766121719 0.0009765625
2.000377474509186 2.00037948235232 1.9998590023541063 1.9999195894822834 0.0009765625
2.00037948235232 2.000381490195454 1.9998584152276444 1.9999190023541065 0.0009765625
2.000381490195454 2.0003834980385879 1.9998578281028787 1.9999184152276446 0.0009765625
2.0003834980385879 2.0003855058817219 1.9998572409798501 1.9999178281028789 0.0009765625
2.0003855058817219 2.0003875137248559 1.9998566538585172 1.9999172409798502 0.0009765625
2.0003875137248559 2.0003895215679899 1.9998560667388972 1.9999166538585174 0.0009765625
2.0003895215679899 2.0003915294111239 1.999855479620986 1.9999160667388973 0.0009765625
2.0003915294111239 2.0003935372542578 1.9998548925047932 1.9999154796209861 0.0009765625
2.0003935372542578 2.0003955450973918 1.9998543053903104 1.9999148925047934 0.0009765625
2.0003955450973918 2.0003975529405258 1.9998537182775316 1.9999143053903106 0.0009765625
2.0003975529405258 2.0003995607836598 1.9998531311664793 1.9999137182775317 0.0009765625
2.0003995607836598 2.0004015686267937 1.9998525440571324 1.9999131311664795 0.0009765625
2.0004015686267937 2.0004035764699277 1.9998519569494957 1.9999125440571326 0.0009765625
2.0004035764699277 2.0004055843130617 1.9998513698435654 1.9999119569494959 0.0009765625
2.0004055843130617 2.0004075921561957 1.9998507827393508 1.9999113698435655 0.0009765625
2.0004075921561957 2.0004095999993297 1.9998501956368535 1.999910782739351 0.0009765625
2.0004095999993297 2.0004136156855976 1.9998490214386144 1.9999101956384853 0.0009765625
2.0004136156855976 2.0004176313718656 1.9998478472439574 1.9999090214369846 0.0009765625
2.0004176313718656 2.0004216470581335 1.9998466730577735 1.9999078472439575 0.0009765625
2.0004216470581335 2.0004256627444015 1.9998454988784495 1.9999066730577737 0.0009765625
2.0004256627444015 2.0004296784306694 1.9998443247059619 1.9999054988784497 0.0009765625
2.0004296784306694 2.0004336941169374 1.9998431505403145 1.999904324705962 0.0009765625
2.0004336941169374 2.0004377098032053 1.9998419763815256 1.9999031505403146 0.0009765625
2.0004377098032053 2.0004417254894733 1.9998408022295793 1.9999019763815258 0.0009765625
2.0004417254894733 2.0004457411757413 1.9998396280844648 1.9999008022295794 0.0009765625
2.0004457411757413 2.0004497568620092 1.9998384539462166 1.999899628084465 0.0009765625
2.0004497568620092 2.0004537725482772 1.9998372798147961 1.9998984539462168 0.0009765625
2.0004537725482772 2.0004577882345451 1.9998361056902318 1.9998972798147963 0.0009765625
2.0004577882345451 2.0004618039208131 1.9998349315725097 1.999896105690232 0.0009765625
2.0004618039208131 2.000465819607081 1.9998337574616352 1.9998949315725099 0.0009765625
2.000465819607081 2.000469835293349 1.9998325833576043 1.9998937574616353 0.0009765625
2.000469835293349 2.0004738509796169 1.9998314092604172 1.9998925833576044 0.0009765625
2.0004738509796169 2.0004778666658849 1.9998302351700634 1.9998914092604174 0.0009765625
2.0004778666658849 2.0004818823521524 1.999829061086583 1.9998902351700636 0.0009765625
2.0004818823521524 2.0004858980384204 1.9998278870099231 1.9998890610865832 0.0009765625
2.0004858980384204 2.0004899137246883 1.9998267129401155 1.9998878870099233 0.0009765625
2.0004899137246883 2.0004939294109563 1.9998255388771518 1.9998867129401157 0.0009765625
2.0004939294109563 2.0004979450972242 1.9998243648210381 1.9998855388771519 0.0009765625
2.0004979450972242 2.0005019607834922 1.9998231907717627 1.9998843648210383 0.0009765625
2.0005019607834922 2.0005059764697601 1.9998220167293299 1.9998831907717629 0.0009765625
2.0005059764697601 2.0005099921560281 1.9998208426937496 1.9998820167293301 0.0009765625
2.0005099921560281 2.000514007842296 1.9998196686650098 1.9998808426937498 0.0009765625
2.000514007842296 2.000518023528564 1.9998184946431219 1.99987966866501 0.0009765625
2.000518023528564 2.000522039214832 1.9998173206280667 1.9998784946431221 0.0009765625
2.000522039214832 2.0005260549010999 1.9998161466198607 1.9998773206280669 0.0009765625
2.0005260549010999 2.0005300705873679 1.9998149726184942 1.9998761466198609 0.0009765625
2.0005300705873679 2.0005340862736358 1.9998137986239728 1.9998749726184943 0.0009765625
2.0005340862736358 2.0005381019599038 1.9998126246363046 1.999873798623973 0.0009765625
2.0005381019599038 2.0005421176461717 1.9998114506554687 1.9998726246363048 0.0009765625
2.0005421176461717 2.0005461333324397 1.9998102766814794 1.9998714506554689 0.0009765625
2.0005461333324397 2.0005501490187076 1.9998091027159701 1.9998702766831098 0.0009765625
2.0005501490187076 2.0005541647049756 1.999807928754036 1.9998691027143378 0.0009765625
2.0005541647049756 2.0005581803912436 1.9998067548005758 1.9998679287540362 0.0009765625
2.0005581803912436 2.0005621960775115 1.9998055808539739 1.999866754800576 0.0009765625
2.0005621960775115 2.0005662117637795 1.9998044069142049 1.999865580853974 0.0009765625
2.0005662117637795 2.0005702274500474 1.9998032329812734 1.9998644069142051 0.0009765625
2.0005702274500474 2.0005742431363154 1.9998020590551988 1.9998632329812736 0.0009765625
2.0005742431363154 2.0005782588225833 1.9998008851359526 1.999862059055199 0.0009765625
2.0005782588225833 2.0005822745088508 1.9997997112235626 1.9998608851359527 0.0009765625
2.0005822745088508 2.0005862901951188 1.999798537318014 1.9998597112235628 0.0009765625
2.0005862901951188 2.0005903058813868 1.9997973634193007 1.9998585373180142 0.0009765625
2.0005903058813868 2.0005943215676547 1.9997261895274334 1.9999273634193009 0.0009765625
2.0005943215676547 2.0005983372539227 1.9997250156424078 1.9999261895274336 0.0009765625
2.0005983372539227 2.0006023529401906 1.9997238417642265 1.999925015642408 0.0009765625
2.0006023529401906 2.0006063686264586 1.9997226678928888 1.9999238417642267 0.0009765625
2.0006063686264586 2.0006103843127265 1.9997214940283958 1.999922667892889 0.0009765625
2.0006103843127265 2.0006143999989945 1.9997203201707472 1.999921494028396 0.0009765625
2.0006143999989945 2.0006184156852624 1.9997191463199389 1.9999203201707474 0.0009765625
2.0006184156852624 2.0006224313715304 1.9997179724759653 1.9999191463199391 0.0009765625
2.0006224313715304 2.0006264470577984 1.9997167986388469 1.9999179724759655 0.0009765625
2.0006264470577984 2.0006304627440663 1.9997156248085615 1.9999167986388471 0.0009765625
2.0006304627440663 2.0006344784303343 1.9997144509851188 1.9999156248085617 0.0009765625
2.0006344784303343 2.0006384941166022 1.9997132771685306 1.999914450985119 0.0009765625
2.0006384941166022 2.0006425098028702 1.9997121033587677 1.9999132771685308 0.0009765625
2.0006425098028702 2.0006465254891381 1.9997109295558577 1.9999121033587679 0.0009765625
2.0006465254891381 2.0006505411754056 1.9997097557597816 1.9999109295558579 0.0009765625
2.0006505411754056 2.0006545568616736 1.9997085819705549 1.9999097557597818 0.0009765625
2.0006545568616736 2.0006585725479415 1.9997074081881643 1.9999085819705551 0.0009765625
2.0006585725479415 2.0006625882342095 1.9997062344126186 1.9999074081881645 0.0009765625
2.0006625882342095 2.0006666039204775 1.9997050606439184 1.9999062344126188 0.0009765625
2.0006666039204775 2.0006706196067454 1.9997038868820498 1.9999050606439186 0.0009765625
2.0006706196067454 2.0006746352930134 1.9997027131270384 1.99990388688205 0.0009765625
2.0006746352930134 2.0006786509792813 1.9997015393788535 1.9999027131270386 0.0009765625
2.0006786509792813 2.0006826666655493 1.9997003656375159 1.9999015393788537 0.0009765625
2.0006826666655493 2.0006866823518172 1.9996991919046498 1.9999003656391465 0.0009765625
2.0006866823518172 2.0006906980380852 1.9996980181753643 1.9998991919030262 0.0009765625
2.0006906980380852 2.0006947137243531 1.9996968444545486 1.9998980181753645 0.0009765625
2.0006947137243531 2.0006987294106211 1.9996956707405806 1.9998968444545488 0.0009765625
2.0006987294106211 2.0007027450968891 1.9996944970334487 1.9998956707405808 0.0009765625
2.0007027450968891 2.000706760783157 1.99969332333316 1.9998944970334489 0.0009765625
2.000706760783157 2.000710776469425 1.9996921496397075 1.9998933233331602 0.0009765625
2.000710776469425 2.0007147921556929 1.9996909759531074 1.9998921496397077 0.0009765625
2.0007147921556929 2.0007188078419609 1.9996898022733409 1.9998909759531076 0.0009765625
2.0007188078419609 2.0007228235282288 1.9996886286004087 1.9998898022733411 0.0009765625
2.0007228235282288 2.0007268392144968 1.9996874549343271 1.9998886286004089 0.0009765625
2.0007268392144968 2.0007308549007647 1.9996862812750802 1.9998874549343273 0.0009765625
2.0007308549007647 2.0007348705870327 1.9996851076226863 1.9998862812750804 0.0009765625
2.0007348705870327 2.0007388862733007 1.9996839339771164 1.9998851076226865 0.0009765625
2.0007388862733007 2.0007429019595686 1.9996827603383873 1.9998839339771166 0.0009765625
2.0007429019595686 2.0007469176458366 1.9996815867065121 1.9998827603383875 0.0009765625
2.0007469176458366 2.0007509333321041 1.999680413081466 1.9998815867065123 0.0009765625
2.0007509333321041 2.000754949018372 1.9996792394632654 1.9998804130814662 0.0009765625
2.000754949018372 2.00075896470464 1.9996780658519033 1.9998792394632656 0.0009765625
2.00075896470464 2.0007629803909079 1.9996768922473771 1.9998780658519035 0.0009765625
2.0007629803909079 2.0007669960771759 1.9996757186497005 1.9998768922473773 0.0009765625
2.0007669960771759 2.0007710117634439 1.9996745450588558 1.9998757186497007 0.0009765625
2.0007710117634439 2.0007750274497118 1.9996733714748474 1.999874545058856 0.0009765625
2.0007750274497118 2.0007790431359798 1.9996721978976943 1.9998733714748476 0.0009765625
2.0007790431359798 2.0007830588222477 1.9996710243273725 1.9998721978976945 0.0009765625
2.0007830588222477 2.0007870745085157 1.9996698507638848 1.9998710243273727 0.0009765625
2.0007870745085157 2.0007910901947836 1.9996686772072387 1.999869850763885 0.0009765625
2.0007910901947836 2.0007951058810516 1.999667503657435 1.9998686772072389 0.0009765625
2.0007951058810516 2.0007991215673195 1.9996663301144693 1.9998675036574352 0.0009765625
2.0007991215673195 2.0008031372535875 1.9996651565783565 1.9998663301144695 0.0009765625
2.0008031372535875 2.0008071529398554 1.9996639830490677 1.9998651565783567 0.0009765625
2.0008071529398554 2.0008111686261234 1.9996628095266156 1.9998639830490679 0.0009765625
2.0008111686261234 2.0008151843123914 1.9996616360110115 1.9998628095266158 0.0009765625
2.0008151843123914 2.0008191999986593 1.9996604625022432 1.9998616360110117 0.0009765625
2.0008191999986593 2.0008272313711952 1.9996581155068507 1.9998604625038612 0.0009765625
2.0008272313711952 2.0008352627437311 1.9996557685355585 1.9998581155052249 0.0009765625
2.0008352627437311 2.000843294116267 1.9996534215932522 1.9998557685355587 0.0009765625
2.000843294116267 2.000851325488803 1.9996510746783001 1.9998534215932524 0.0009765625
2.000851325488803 2.0008593568613389 1.9996487277907049 1.9998510746783003 0.0009765625
2.0008593568613389 2.0008673882338743 1.999646380930455 1.9998487277907051 0.0009765625
2.0008673882338743 2.0008754196064102 1.9996440340975714 1.9998463809304552 0.0009765625
2.0008754196064102 2.0008834509789462 1.999641687292024 1.9998440340975716 0.0009765625
2.0008834509789462 2.0008914823514821 1.9996393405138377 1.9998416872920242 0.0009765625
2.0008914823514821 2.000899513724018 1.9996369937629974 1.9998393405138379 0.0009765625
2.000899513724018 2.0009075450965539 1.9996346470395137 1.9998369937629976 0.0009765625
2.0009075450965539 2.0009155764690898 1.9996323003433789 1.9998346470395139 0.0009765625
2.0009155764690898 2.0009236078416257 1.9996299536745969 1.9998323003433791 0.0009765625
2.0009236078416257 2.0009316392141616 1.9996276070331651 1.9998299536745971 0.0009765625
2.0009316392141616 2.0009396705866975 1.9996252604190743 1.9998276070331653 0.0009765625
2.0009396705866975 2.0009477019592334 1.9996229138323178 1.9998252604190745 0.0009765625
2.0009477019592334 2.0009557333317689 1.9996205672729377 1.999822913832318 0.0009765625
2.0009557333317689 2.0009637647043048 1.9996182207408886 1.9998205672729379 0.0009765625
2.0009637647043048 2.0009717960768407 1.99961587423619 1.9998182207408888 0.0009765625
2.0009717960768407 2.0009798274493766 1.9996135277588316 1.9998158742361902 0.0009765625
2.0009798274493766 2.0009878588219125 1.9996111813088204 1.9998135277588318 0.0009765625
2.0009878588219125 2.0009958901944485 1.9996088348861567 1.9998111813088206 0.0009765625
2.0009958901944485 2.0010039215669844 1.9996064884908431 1.9998088348861569 0.0009765625
2.0010039215669844 2.0010119529395203 1.9996041421228681 1.9998064884908433 0.0009765625
2.0010119529395203 2.0010199843120562 1.9996017957822334 1.9998041421228683 0.0009765625
2.0010199843120562 2.0010280156845921 1.9995994494689378 1.9998017957822336 0.0009765625
2.0010280156845921 2.001036047057128 1.9995971031829851 1.999799449468938 0.0009765625
2.001036047057128 2.0010440784296639 1.9995947569243828 1.9997971031829853 0.0009765625
2.0010440784296639 2.0010521098021994 1.9995924106931144 1.999794756924383 0.0009765625
2.0010521098021994 2.0010601411747353 1.9995900644891915 1.9997924106931146 0.0009765625
2.0010601411747353 2.0010681725472712 1.999587718312603 1.9997900644891917 0.0009765625
2.0010681725472712 2.0010762039198071 1.9995853721633587 1.9997877183126032 0.0009765625
2.0010762039198071 2.001084235292343 1.9995830260414453 1.9997853721633589 0.0009765625
2.001084235292343 2.0010922666648789 1.9995806799468849 1.9997830260414455 0.0009765625
2.0010922666648789 2.0011002980374148 1.9995783338812638 1.9997806799485036 0.0009765625
2.0011002980374148 2.0011083294099508 1.9995759878397472 1.9997783338796467 0.0009765625
2.0011083294099508 2.0011163607824867 1.9995736418271945 1.9997759878397474 0.0009765625
2.0011163607824867 2.0011243921550226 1.9995712958419714 1.9997736418271947 0.0009765625
2.0011243921550226 2.0011324235275585 1.9995689498840723 1.9997712958419716 0.0009765625
2.0011324235275585 2.0011404549000944 1.999566603953532 1.9997689498840725 0.0009765625
2.0011404549000944 2.0011484862726303 1.9995642580503037 1.9997666039535322 0.0009765625
2.0011484862726303 2.0011565176451662 1.9995619121744168 1.9997642580503039 0.0009765625
2.0011565176451662 2.0011645490177017 1.9995595663258596 1.999761912174417 0.0009765625
2.0011645490177017 2.0011725803902376 1.9995572205046432 1.9997595663258598 0.0009765625
2.0011725803902376 2.0011806117627735 1.9995548747107506 1.9997572205046434 0.0009765625
2.0011806117627735 2.0011886431353094 1.999552528944196 1.9997548747107508 0.0009765625
2.0011886431353094 2.0011966745078453 1.9995501832049678 1.9997525289441962 0.0009765625
2.0011966745078453 2.0012047058803812 1.9995478374930797 1.999750183204968 0.0009765625
2.0012047058803812 2.0012127372529172 1.9995454918085107 1.9997478374930799 0.0009765625
2.0012127372529172 2.0012207686254531 1.9995431461512767 1.9997454918085109 0.0009765625
2.0012207686254531 2.001228799997989 1.9995408005213617 1.9997431461512769 0.0009765625
2.001228799997989 2.0012368313705249 1.999538454918794 1.9997408005213619 0.0009765625
2.0012368313705249 2.0012448627430608 1.9995361093435324 1.9997384549187942 0.0009765625
2.0012448627430608 2.0012528941155967 1.9995337637955968 1.9997361093435326 0.0009765625
2.0012528941155967 2.0012609254881326 1.9995314182750097 1.999733763795597 0.0009765625
2.0012609254881326 2.0012689568606685 1.9995290727817261 1.9997314182750099 0.0009765625
2.0012689568606685 2.0012769882332044 1.9995267273157793 1.9997290727817263 0.0009765625
2.0012769882332044 2.0012850196057403 1.9995243818771586 1.9997267273157795 0.0009765625
2.0012850196057403 2.0012930509782763 1.9995220364658628 1.9997243818771588 0.0009765625
2.0012930509782763 2.0013010823508117 1.9995196910818884 1.999722036465863 0.0009765625
2.0013010823508117 2.0013091137233476 1.999517345725236 1.9997196910818886 0.0009765625
2.0013091137233476 2.0013171450958835 1.9995150003959061 1.9997173457252362 0.0009765625
2.0013171450958835 2.0013251764684195 1.9995126550938944 1.9997150003959063 0.0009765625
2.0013251764684195 2.0013332078409554 1.999510309819212 1.9997126550938946 0.0009765625
2.0013332078409554 2.0013412392134913 1.999507964571839 1.9997103098192122 0.0009765625
2.0013412392134913 2.0013492705860272 1.9995056193518037 1.9997079645718392 0.0009765625
2.0013492705860272 2.0013573019585631 1.9995032741590759 1.9997056193518039 0.0009765625
2.0013573019585631 2.001365333331099 1.9995009289936638 1.9997032741590761 0.0009765625
2.001365333331099 2.0013733647036349 1.9994985838572055 1.9997009289952863 0.0009765625
2.0013733647036349 2.0013813960761708 1.9994962387448183 1.9996985838555827 0.0009765625
2.0013813960761708 2.0013894274487067 1.9994938936613615 1.9996962387448185 0.0009765625
2.0013894274487067 2.0013974588212426 1.9994915486052325 1.9996938936613617 0.0009765625
2.0013974588212426 2.0014054901937786 1.9994892035764156 1.9996915486052327 0.0009765625
2.0014054901937786 2.001413521566314 1.9994868585749197 1.9996892035764158 0.0009765625
2.001413521566314 2.0014215529388499 1.9994845136007242 1.9996868585749199 0.0009765625
2.0014215529388499 2.0014295843113858 1.9994821686538626 1.9996845136007244 0.0009765625
2.0014295843113858 2.0014376156839218 1.9994798237342966 1.9996821686538628 0.0009765625
2.0014376156839218 2.0014456470564577 1.999477478842054 1.9996798237342968 0.0009765625
2.0014456470564577 2.0014536784289936 1.9994751339771286 1.9996774788420542 0.0009765625
2.0014536784289936 2.0014617098015295 1.9994727891395099 1.9996751339771288 0.0009765625
2.0014617098015295 2.0014697411740654 1.9994704443292017 1.9996727891395101 0.0009765625
2.0014697411740654 2.0014777725466013 1.9994680995462086 1.9996704443292019 0.0009765625
2.0014777725466013 2.0014858039191372 1.9994657547905235 1.9996680995462088 0.0009765625
2.0014858039191372 2.0014938352916731 1.9994634100621629 1.9996657547905237 0.0009765625
2.0014938352916731 2.001501866664209 1.9994610653610976 1.9996634100621631 0.0009765625
2.001501866664209 2.0015098980367445 1.9994587206873404 1.9996610653610978 0.0009765625
2.0015098980367445 2.0015179294092804 1.9994563760409014 1.9996587206873406 0.0009765625
2.0015179294092804 2.0015259607818163 1.999454031421767 1.9996563760409016 0.0009765625
2.0015259607818163 2.0015339921543522 1.9994516868299321 1.9996540314217672 0.0009765625
2.0015339921543522 2.0015420235268881 1.9994493422654132 1.9996516868299323 0.0009765625
2.0015420235268881 2.0015500548994241 1.9994469977281963 1.9996493422654134 0.0009765625
2.0015500548994241 2.00155808627196 1.9994446532182946 1.9996469977281965 0.0009765625
2.00155808627196 2.0015661176444959 1.9994423087356921 1.9996446532182948 0.0009765625
2.0015661176444959 2.0015741490170318 1.9994399642803891 1.9996423087356923 0.0009765625
2.0015741490170318 2.0015821803895677 1.9994376198523953 1.9996399642803893 0.0009765625
2.0015821803895677 2.0015902117621036 1.9994352754517091 1.9996376198523955 0.0009765625
2.0015902117621036 2.0015982431346391 1.9994329310783203 1.9996352754517093 0.0009765625
2.0015982431346391 2.001606274507175 1.9994305867322419 1.9996329310783205 0.0009765625
2.001606274507175 2.0016143058797109 1.9994282424134517 1.9996305867322421 0.0009765625
2.0016143058797109 2.0016223372522468 1.999425898121977 1.9996282424134519 0.0009765625
2.0016223372522468 2.0016303686247827 1.999423553857798 1.9996258981219772 0.0009765625
2.0016303686247827 2.0016383999973186 1.9994212096209145 1.9996235538577982 0.0009765625
2.0016383999973186 2.0016544627423905 1.9994165212306803 1.999621209622537 0.0009765625
2.0016544627423905 2.0016705254874623 1.9994118329463999 1.9996165212290691 0.0009765625
2.0016705254874623 2.0016865882325341 1.9994071447729354 1.9996118329464001 0.0009765625
2.0016865882325341 2.0017026509776055 1.9994024567086504 1.9996071447729356 0.0009765625
2.0017026509776055 2.0017187137226773 1.9993977687535398 1.9996024567086506 0.0009765625
2.0017187137226773 2.0017347764677491 1.9993930809076204 1.99959776875354 0.0009765625
2.0017347764677491 2.0017508392128209 1.9993883931708734 1.9995930809076206 0.0009765625
2.0017508392128209 2.0017669019578928 1.9993837055432966 1.9995883931708736 0.0009765625
2.0017669019578928 2.0017829647029646 1.9993790180248781 1.9995837055432968 0.0009765625
2.0017829647029646 2.0017990274480364 1.9993743306156231 1.9995790180248783 0.0009765625
2.0017990274480364 2.0018150901931078 1.999369643315511 1.9995743306156233 0.0009765625
2.0018150901931078 2.0018311529381796 1.9993649561245666 1.9995696433155112 0.0009765625
2.0018311529381796 2.0018472156832514 1.9993602690427661 1.9995649561245668 0.0009765625
2.0018472156832514 2.0018632784283232 1.9991555820701099 1.9997602690427663 0.0009765625
2.0018632784283232 2.0018793411733951 1.9991508952065919 1.9997555820701101 0.0009765625
2.0018793411733951 2.0018954039184669 1.9991462084522016 1.9997508952065921 0.0009765625
2.0018954039184669 2.0019114666635387 1.9991415218069473 1.9997462084522017 0.0009765625
2.0019114666635387 2.0019275294086101 1.9991368352708108 1.9997415218069474 0.0009765625
2.0019275294086101 2.0019435921536819 1.9991321488437959 1.9997368352708109 0.0009765625
2.0019435921536819 2.0019596548987537 1.9991274625258904 1.999732148843796 0.0009765625
2.0019596548987537 2.0019757176438255 1.9991227763171151 1.9997274625258905 0.0009765625
2.0019757176438255 2.0019917803888974 1.9991180902174386 1.9997227763171153 0.0009765625
2.0019917803888974 2.0020078431339692 1.999113404226863 1.9997180902174387 0.0009765625
2.0020078431339692 2.0020239058790406 1.9991087183453877 1.9997134042268632 0.0009765625
2.0020239058790406 2.0020399686241124 1.9991040325730034 1.9997087183453879 0.0009765625
2.0020399686241124 2.0020560313691842 1.9990993469097134 1.9997040325730036 0.0009765625
2.0020560313691842 2.002072094114256 1.9990946613555067 1.9996993469097135 0.0009765625
2.002072094114256 2.0020881568593278 1.9990899759103813 1.9996946613555069 0.0009765625
2.0020881568593278 2.0021042196043997 1.9990852905743348 1.9996899759103814 0.0009765625
2.0021042196043997 2.0021202823494715 1.9990806053473522 1.999685290574335 0.0009765625
2.0021202823494715 2.0021363450945429 1.9990759202294521 1.9996806053473524 0.0009765625
2.0021363450945429 2.0021524078396147 1.9990712352205964 1.9996759202294523 0.0009765625
2.0021524078396147 2.0021684705846865 1.9990665503208138 1.9996712352205965 0.0009765625
2.0021684705846865 2.0021845333297583 1.99906186553008 1.999666550320814 0.0009765625
2.0021845333297583 2.0022005960748301 1.9990571808500099 1.9996618655316929 0.0009765625
2.0022005960748301 2.002216658819902 1.9990524962757599 1.9996571808484003 0.0009765625
2.002216658819902 2.0022327215649733 1.9990478118121688 1.99965249627576 0.0009765625
2.0022327215649733 2.0022487843100452 1.9990431274576093 1.999647811812169 0.0009765625
2.0022487843100452 2.002264847055117 1.9990384432120758 1.9996431274576094 0.0009765625
2.002264847055117 2.0022809098001888 1.9990337590755793 1.999638443212076 0.0009765625
2.0022809098001888 2.0022969725452606 1.9990290750481032 1.9996337590755795 0.0009765625
2.0022969725452606 2.0023130352903324 1.9990243911296488 1.9996290750481034 0.0009765625
2.0023130352903324 2.0023290980354038 1.9990197073202076 1.999624391129649 0.0009765625
2.0023290980354038 2.0023451607804756 1.9990150236197808 1.9996197073202078 0.0009765625
2.0023451607804756 2.0023612235255475 1.9990103400283596 1.9996150236197809 0.0009765625
2.0023612235255475 2.0023772862706193 1.9990056565459347 1.9996103400283598 0.0009765625
2.0023772862706193 2.0023933490156911 1.9990009731725067 1.9996056565459348 0.0009765625
2.0023933490156911 2.0024094117607629 1.9989962899080771 1.9996009731725068 0.0009765625
2.0024094117607629 2.0024254745058343 1.9989916067526305 1.9995962899080773 0.0009765625
2.0024254745058343 2.0024415372509061 1.998986923706169 1.9995916067526307 0.0009765625
2.0024415372509061 2.0024575999959779 1.9989822407686912 1.9995869237061692 0.0009765625
2.0024575999959779 2.0024736627410498 1.9989775579401921 1.9995822407686914 0.0009765625
2.0024736627410498 2.0024897254861216 1.9989728752206544 1.9995775579401922 0.0009765625
2.0024897254861216 2.002505788231193 1.9989681926100875 1.9995728752206545 0.0009765625
2.002505788231193 2.0025218509762648 1.9989635101084882 1.9995681926100877 0.0009765625
2.0025218509762648 2.0025379137213366 1.9989588277158408 1.9995635101084883 0.0009765625
2.0025379137213366 2.0025539764664084 1.9989541454321458 1.9995588277158409 0.0009765625
2.0025539764664084 2.0025700392114802 1.9989494632573985 1.9995541454321459 0.0009765625
2.0025700392114802 2.0025861019565521 1.9989447811915955 1.9995494632573987 0.0009765625
2.0025861019565521 2.0026021647016234 1.9989400992347359 1.9995447811915956 0.0009765625
2.0026021647016234 2.0026182274466953 1.9989354173868126 1.9995400992347361 0.0009765625
2.0026182274466953 2.0026342901917671 1.9989307356478168 1.9995354173868127 0.0009765625
2.0026342901917671 2.0026503529368389 1.9989260540177582 1.9995307356478169 0.0009765625
2.0026503529368389 2.0026664156819107 1.9989213724966157 1.9995260540177584 0.0009765625
2.0026664156819107 2.0026824784269825 1.9989166910843861 1.9995213724966159 0.0009765625
2.0026824784269825 2.0026985411720539 1.9989120097810749 1.9995166910843862 0.0009765625
2.0026985411720539 2.0027146039171257 1.998907328586671 1.999512009781075 0.0009765625
2.0027146039171257 2.0027306666621976 1.9989026475011735 1.9995073285866711 0.0009765625
2.0027306666621976 2.0027467294072694 1.998897966526193 1.9995026475027837 0.0009765625
2.0027467294072694 2.0027627921523412 1.9988932856568764 1.9994979665245778 0.0009765625
2.0027627921523412 2.002778854897413 1.9988886048980601 1.9994932856568766 0.0009765625
2.002778854897413 2.0027949176424844 1.9988839242481435 1.9994886048980602 0.0009765625
2.0027949176424844 2.0028109803875562 1.9988792437071048 1.9994839242481437 0.0009765625
2.0028109803875562 2.002827043132628 1.9988745632749507 1.9994792437071049 0.0009765625
2.002827043132628 2.0028431058776999 1.9988698829516616 1.9994745632749509 0.0009765625
2.0028431058776999 2.0028591686227717 1.9988652027372424 1.9994698829516617 0.0009765625
2.0028591686227717 2.0028752313678435 1.9988605226316987 1.9994652027372426 0.0009765625
2.0028752313678435 2.0028912941129153 1.9988558426350045 1.9994605226316988 0.0009765625
2.0028912941129153 2.0029073568579867 1.9988511627471683 1.9994558426350046 0.0009765625
2.0029073568579867 2.0029234196030585 1.9988464829681889 1.9994511627471685 0.0009765625
2.0029234196030585 2.0029394823481304 1.9988418032980559 1.9994464829681891 0.0009765625
2.0029394823481304 2.0029555450932022 1.9988371237367628 1.9994418032980561 0.0009765625
2.0029555450932022 2.002971607838274 1.9988324442843188 1.999437123736763 0.0009765625
2.002971607838274 2.0029876705833458 1.9988277649407009 1.999432444284319 0.0009765625
2.0029876705833458 2.0030037333284172 1.9988230857059135 1.9994277649407011 0.0009765625
2.0030037333284172 2.003019796073489 1.9988184065799519 1.9994230857059136 0.0009765625
2.003019796073489 2.0030358588185608 1.9988137275628211 1.9994184065799521 0.0009765625
2.0030358588185608 2.0030519215636327 1.9988090486544929 1.9994137275628212 0.0009765625
2.0030519215636327 2.0030679843087045 1.99880436985499 1.9994090486544931 0.0009765625
2.0030679843087045 2.0030840470537763 1.9987996911642905 1.9994043698549901 0.0009765625
2.0030840470537763 2.0031001097988481 1.9987950125823886 1.9993996911642906 0.0009765625
2.0031001097988481 2.0031161725439195 1.9987903341092943 1.9993950125823887 0.0009765625
2.0031161725439195 2.0031322352889913 1.9987856557449895 1.9993903341092945 0.0009765625
2.0031322352889913 2.0031482980340631 1.9987809774894871 1.9993856557449896 0.0009765625
2.0031482980340631 2.003164360779135 1.9987762993427571 1.9993809774894873 0.0009765625
2.003164360779135 2.0031804235242068 1.998771621304817 1.9993762993427573 0.0009765625
2.0031804235242068 2.0031964862692786 1.9987669433756539 1.9993716213048172 0.0009765625
2.0031964862692786 2.0032125490143504 1.9987622655552644 1.999366943375654 0.0009765625
2.0032125490143504 2.0032286117594218 1.9987575878436401 1.9993622655552645 0.0009765625
2.0032286117594218 2.0032446745044936 1.9987529102407871 1.9993575878436403 0.0009765625
2.0032446745044936 2.0032607372495654 1.9987482327466819 1.9993529102407872 0.0009765625
2.0032607372495654 2.0032767999946373 1.9987435553613457 1.9993482327466821 0.0009765625
2.0032767999946373 2.0033089254847809 1.9987342009185276 1.9993435553629604 0.0009765625
2.0033089254847809 2.0033410509749241 1.9987248469074548 1.9993342009169168 0.0009765625
2.0033410509749241 2.0033731764650677 1.9987154933329245 1.9993248469074549 0.0009765625
2.0033731764650677 2.0034053019552114 1.9987061401932924 1.9993154933329247 0.0009765625
2.0034053019552114 2.0034374274453546 1.998696787488534 1.9993061401932926 0.0009765625
2.0034374274453546 2.0034695529354982 1.9986874352185964 1.9992967874885341 0.0009765625
2.0034695529354982 2.0035016784256419 1.9986780833834663 1.9992874352185965 0.0009765625
2.0035016784256419 2.0035338039157851 1.9986687319830811 1.9992780833834665 0.0009765625
2.0035338039157851 2.0035659294059287 1.9986593810174322 1.9992687319830813 0.0009765625
2.0035659294059287 2.0035980548960723 1.9986500304864634 1.9992593810174324 0.0009765625
2.0035980548960723 2.0036301803862155 1.9986406803901584 1.9992500304864635 0.0009765625
2.0036301803862155 2.0036623058763592 1.998631330728464 1.9992406803901586 0.0009765625
2.0036623058763592 2.0036944313665028 1.9986219815013599 1.9992313307284642 0.0009765625
2.0036944313665028 2.003726556856646 1.9986126327088096 1.9992219815013601 0.0009765625
2.003726556856646 2.0037586823467897 1.9986032843507648 1.9992126327088098 0.0009765625
2.0037586823467897 2.0037908078369333 1.9985939364272025 1.999203284350765 0.0009765625
2.0037908078369333 2.0038229333270765 1.9985845889380933 1.9991939364272027 0.0009765625
2.0038229333270765 2.0038550588172201 1.9985752418833873 1.9991845889380935 0.0009765625
2.0038550588172201 2.0038871843073638 1.9985658952630478 1.9991752418833875 0.0009765625
2.0038871843073638 2.0039193097975074 1.9985565490770603 1.999165895263048 0.0009765625
2.0039193097975074 2.0039514352876506 1.9985472033253744 1.9991565490770604 0.0009765625
2.0039514352876506 2.0039835607777943 1.9985378580079596 1.9991472033253745 0.0009765625
2.0039835607777943 2.0040156862679379 1.9985285131247676 1.9991378580079597 0.0009765625
2.0040156862679379 2.0040478117580811 1.9985191686757822 1.9991285131247678 0.0009765625
2.0040478117580811 2.0040799372482248 1.9985098246609647 1.9991191686757823 0.0009765625
2.0040799372482248 2.0041120627383684 1.9985004810802718 1.9991098246609649 0.0009765625
2.0041120627383684 2.0041441882285116 1.9984911379336774 1.9991004810802719 0.0009765625
2.0041441882285116 2.0041763137186552 1.9984817952211453 1.9990911379336775 0.0009765625
2.0041763137186552 2.0042084392087989 1.9984724529426374 1.9990817952211455 0.0009765625
2.0042084392087989 2.0042405646989421 1.9984631110981126 1.9990724529426376 0.0009765625
2.0042405646989421 2.0042726901890857 1.9984537696875453 1.9990631110981127 0.0009765625
2.0042726901890857 2.0043048156792294 1.9984444287108916 1.9990537696875454 0.0009765625
2.0043048156792294 2.0043369411693726 1.9984350881681288 1.9990444287108917 0.0009765625
2.0043369411693726 2.0043690666595162 1.9984257480592231 1.9990350881681289 0.0009765625
2.0043690666595162 2.0044011921496598 1.9984164083857274 1.9990257480608211 0.0009765625
2.0044011921496598 2.004433317639803 1.9984070691428077 1.9990164083841209 0.0009765625
2.004433317639803 2.0044654431299467 1.9983977303352314 1.9990070691428079 0.0009765625
2.0044654431299467 2.0044975686200903 1.9983883919613725 1.9989977303352315 0.0009765625
2.0044975686200903 2.004529694110234 1.9983790540211801 1.9989883919613727 0.0009765625
2.004529694110234 2.0045618196003772 1.9983697165146288 1.9989790540211803 0.0009765625
2.0045618196003772 2.0045939450905208 1.9983603794416944 1.998969716514629 0.0009765625
2.0045939450905208 2.0046260705806644 1.998351042802327 1.9989603794416946 0.0009765625
2.0046260705806644 2.0046581960708076 1.9983417065964921 1.9989510428023272 0.0009765625
2.0046581960708076 2.0046903215609513 1.9983323708241467 1.9989417065964923 0.0009765625
2.0046903215609513 2.0047224470510949 1.9983230354852866 1.9989323708241469 0.0009765625
2.0047224470510949 2.0047545725412381 1.9983137005798479 1.9989230354852867 0.0009765625
2.0047545725412381 2.0047866980313818 1.9983043661077979 1.9989137005798481 0.0009765625
2.0047866980313818 2.0048188235215254 1.9982950320691157 1.9989043661077981 0.0009765625
2.0048188235215254 2.004850949011669 1.9982856984637609 1.9988950320691159 0.0009765625
2.004850949011669 2.0048830745018122 1.9982763652917037 1.9988856984637611 0.0009765625
2.0048830745018122 2.0049151999919559 1.9982670325528855 1.9988763652917039 0.0009765625
2.0049151999919559 2.0049473254820995 1.9982577002473021 1.9988670325528857 0.0009765625
2.0049473254820995 2.0049794509722427 1.998248368374905 1.9988577002473022 0.0009765625
2.0049794509722427 2.0050115764623864 1.9982390369356584 1.9988483683749052 0.0009765625
2.0050115764623864 2.00504370195253 1.9982297059295251 1.9988390369356586 0.0009765625
2.00504370195253 2.0050758274426737 1.9982203753564765 1.9988297059295252 0.0009765625
2.0050758274426737 2.0051079529328169 1.9982110452164703 1.9988203753564766 0.0009765625
2.0051079529328169 2.0051400784229605 1.9982017155094818 1.9988110452164705 0.0009765625
2.0051400784229605 2.0051722039131041 1.9981923862354696 1.9988017155094819 0.0009765625
2.0051722039131041 2.0052043294032473 1.9981830573944015 1.9987923862354697 0.0009765625
2.0052043294032473 2.005236454893391 1.998173728986234 1.9987830573944017 0.0009765625
2.005236454893391 2.0052685803835346 1.9981644010109425 1.9987737289862342 0.0009765625
2.0052685803835346 2.0053007058736778 1.9981550734684943 1.9987644010109427 0.0009765625
2.0053007058736778 2.0053328313638215 1.9981457463588461 1.9987550734684945 0.0009765625
2.0053328313638215 2.0053649568539651 1.998136419681968 1.9987457463588463 0.0009765625
2.0053649568539651 2.0053970823441087 1.9981270934378199 1.9987364196819681 0.0009765625
2.0053970823441087 2.0054292078342519 1.9981177676263726 1.9987270934378201 0.0009765625
2.0054292078342519 2.0054613333243956 1.9981084422475861 1.9987177676263728 0.0009765625
2.0054613333243956 2.0054934588145392 1.9980991173030331 1.9987084422491879 0.0009765625
2.0054934588145392 2.0055255843046824 1.9980897927878776 1.9986991173014381 0.0009765625
2.0055255843046824 2.0055577097948261 1.9980804687068678 1.9986897927878777 0.0009765625
2.0055577097948261 2.0055898352849697 1.9980711450583988 1.998680468706868 0.0009765625
2.0055898352849697 2.0056219607751129 1.9980618218424031 1.9986711450583989 0.0009765625
2.0056219607751129 2.0056540862652565 1.9980524990588797 1.9986618218424033 0.0009765625
2.0056540862652565 2.0056862117554002 1.9980431767077573 1.9986524990588799 0.0009765625
2.0056862117554002 2.0057183372455434 1.9980338547890473 1.9986431767077575 0.0009765625
2.0057183372455434 2.005750462735687 1.9980245333026674 1.9986338547890474 0.0009765625
2.005750462735687 2.0057825882258307 1.998015212248611 1.9986245333026675 0.0009765625
2.0057825882258307 2.0058147137159739 1.9980058916268284 1.9986152122486112 0.0009765625
2.0058147137159739 2.0058468392061175 1.9979965714373058 1.9986058916268286 0.0009765625
2.0058468392061175 2.0058789646962611 1.9979872516799817 1.998596571437306 0.0009765625
2.0058789646962611 2.0059110901864043 1.9979779323548377 1.9985872516799819 0.0009765625
2.0059110901864043 2.005943215676548 1.9979686134618482 1.9985779323548378 0.0009765625
2.005943215676548 2.0059753411666916 1.9979592950009428 1.9985686134618483 0.0009765625
2.0059753411666916 2.0060074666568353 1.9979499769721276 1.998559295000943 0.0009765625
2.0060074666568353 2.0060395921469785 1.9979406593753457 1.9985499769721278 0.0009765625
2.0060395921469785 2.0060717176371221 1.9979313422105593 1.9985406593753459 0.0009765625
2.0060717176371221 2.0061038431272658 1.9979220254777568 1.9985313422105595 0.0009765625
2.0061038431272658 2.0061359686174089 1.9979127091768776 1.9985220254777569 0.0009765625
2.0061359686174089 2.0061680941075526 1.9979033933078958 1.9985127091768777 0.0009765625
2.0061680941075526 2.0062002195976962 1.9978940778707885 1.9985033933078959 0.0009765625
2.0062002195976962 2.0062323450878394 1.9978847628655059 1.9984940778707887 0.0009765625
2.0062323450878394 2.0062644705779831 1.9978754482920169 1.998484762865506 0.0009765625
2.0062644705779831 2.0062965960681267 1.9978661341502866 1.9984754482920171 0.0009765625
2.0062965960681267 2.0063287215582699 1.9978568204402856 1.9984661341502867 0.0009765625
2.0063287215582699 2.0063608470484136 1.9978475071619672 1.9984568204402857 0.0009765625
2.0063608470484136 2.0063929725385572 1.9978381943153147 1.9984475071619674 0.0009765625
2.0063929725385572 2.0064250980287004 1.9978288819002801 1.9984381943153149 0.0009765625
2.0064250980287004 2.006457223518844 1.9978195699168306 1.9984288819002802 0.0009765625
2.006457223518844 2.0064893490089877 1.9978102583649355 1.9984195699168308 0.0009765625
2.0064893490089877 2.0065214744991309 1.9978009472445544 1.9984102583649357 0.0009765625
2.0065214744991309 2.0065535999892745 1.9977916365556567 1.9984009472445545 0.0009765625
2.0065535999892745 2.0066178509695614 1.9977730164737755 1.9983916365572545 0.0009765625
2.0066178509695614 2.0066821019498486 1.9977543981142056 1.9983730164721731 0.0009765625
2.0066821019498486 2.0067463529301355 1.9977357814814727 1.9983543981142058 0.0009765625
2.0067463529301355 2.0068106039104228 1.9977171665737055 1.9983357814814728 0.0009765625
2.0068106039104228 2.0068748548907096 1.9976985533906073 1.9983171665737056 0.0009765625
2.0068748548907096 2.0069391058709964 1.9976799419319313 1.9982985533906075 0.0009765625
2.0069391058709964 2.0070033568512837 1.9976613321973653 1.9982799419319315 0.0009765625
2.0070033568512837 2.0070676078315706 1.9976427241866632 1.9982613321973655 0.0009765625
2.0070676078315706 2.0071318588118574 1.997624117899528 1.9982427241866634 0.0009765625
2.0071318588118574 2.0071961097921447 1.997605513335694 1.9982241178995281 0.0009765625
2.0071961097921447 2.0072603607724315 1.9975869104948798 1.9982055133356942 0.0009765625
2.0072603607724315 2.0073246117527188 1.9975683093768213 1.99818691049488 0.0009765625
2.0073246117527188 2.0073888627330057 1.9975497099812174 1.9981683093768214 0.0009765625
2.0073888627330057 2.0074531137132925 1.9975311123078092 1.9981497099812175 0.0009765625
2.0074531137132925 2.0075173646935798 1.9975125163563121 1.9981311123078094 0.0009765625
2.0075173646935798 2.0075816156738666 1.99749392212645 1.9981125163563123 0.0009765625
2.0075816156738666 2.0076458666541539 1.997475329617955 1.9980939221264502 0.0009765625
2.0076458666541539 2.0077101176344407 1.9974567388305418 1.9980753296179552 0.0009765625
2.0077101176344407 2.0077743686147276 1.9974381497639448 1.9980567388305419 0.0009765625
2.0077743686147276 2.0078386195950149 1.9974195624178788 1.998038149763945 0.0009765625
2.0078386195950149 2.0079028705753017 1.9974009767920566 1.9980195624178789 0.0009765625
2.0079028705753017 2.0079671215555885 1.9973823928862229 1.9980009767920568 0.0009765625
2.0079671215555885 2.0080313725358758 1.9973638107000979 1.997982392886223 0.0009765625
2.0080313725358758 2.0080956235161627 1.9973452302333903 1.9979638107000981 0.0009765625
2.0080956235161627 2.0081598744964499 1.9973266514858468 1.9979452302333904 0.0009765625
2.0081598744964499 2.0082241254767368 1.9973080744571716 1.9979266514858469 0.0009765625
2.0082241254767368 2.0082883764570236 1.997289499147102 1.9979080744571718 0.0009765625
2.0082883764570236 2.0083526274373109 1.9972709255553589 1.9978894991471021 0.0009765625
2.0083526274373109 2.0084168784175978 1.9972523536816538 1.9978709255553591 0.0009765625
2.0084168784175978 2.0084811293978846 1.997233783525735 1.9978523536816539 0.0009765625
2.0084811293978846 2.0085453803781719 1.9972152150873053 1.9978337835257352 0.0009765625
2.0085453803781719 2.0086096313584587 1.9971966483661019 1.9978152150873054 0.0009765625
2.0086096313584587 2.008673882338746 1.9971780833618487 1.997796648366102 0.0009765625
2.008673882338746 2.0087381333190328 1.9971595200742631 1.9977780833618488 0.0009765625
2.0087381333190328 2.0088023842993197 1.997140958504658 1.9977595200758487 0.0009765625
2.0088023842993197 2.008866635279607 1.997122398648008 1.9977409585030792 0.0009765625
2.008866635279607 2.0089308862598938 1.9971038405087926 1.9977223986480082 0.0009765625
2.0089308862598938 2.0089951372401806 1.9970852840851401 1.9977038405087928 0.0009765625
2.0089951372401806 2.0090593882204679 1.9970667293767983 1.9976852840851402 0.0009765625
2.0090593882204679 2.0091236392007548 1.9970481763834549 1.9976667293767985 0.0009765625
2.0091236392007548 2.0091878901810416 1.9970296251048747 1.997648176383455 0.0009765625
2.0091878901810416 2.0092521411613289 1.9970110755407555 1.9976296251048749 0.0009765625
2.0092521411613289 2.0093163921416157 1.9969925276908398 1.9976110755407557 0.0009765625
2.0093163921416157 2.009380643121903 1.9969739815548437 1.9975925276908399 0.0009765625
2.009380643121903 2.0094448941021898 1.996955437132496 1.9975739815548439 0.0009765625
2.0094448941021898 2.0095091450824767 1.9969368944235182 1.9975554371324962 0.0009765625
2.0095091450824767 2.009573396062764 1.9969183534276358 1.9975368944235183 0.0009765625
2.009573396062764 2.0096376470430508 1.9968998141445904 1.997518353427636 0.0009765625
2.0096376470430508 2.0097018980233377 1.996881276574072 1.9974998141445905 0.0009765625
2.0097018980233377 2.0097661490036249 1.9968627407158479 1.9974812765740722 0.0009765625
2.0097661490036249 2.0098303999839118 1.9968442065696179 1.9974627407158481 0.0009765625
2.0098303999839118 2.0098946509641986 1.9968256741351162 1.9974442065696181 0.0009765625
2.0098946509641986 2.0099589019444859 1.9968071434120556 1.9974256741351164 0.0009765625
2.0099589019444859 2.0100231529247727 1.996788614400191 1.9974071434120557 0.0009765625
2.0100231529247727 2.0100874039050596 1.9967700870992189 1.9973886144001911 0.0009765625
2.0100874039050596 2.0101516548853469 1.9967515615088862 1.997370087099219 0.0009765625
2.0101516548853469 2.0102159058656337 1.9967330376288959 1.9973515615088864 0.0009765625
2.0102159058656337 2.0102801568459205 1.9967145154589903 1.997333037628896 0.0009765625
2.0102801568459205 2.0103444078262078 1.9966959949988952 1.9973145154589904 0.0009765625
2.0103444078262078 2.0104086588064947 1.9966774762483315 1.9972959949988953 0.0009765625
2.0104086588064947 2.0104729097867819 1.9966589592070403 1.9972774762483316 0.0009765625
2.0104729097867819 2.0105371607670688 1.9966404438747232 1.9972589592070404 0.0009765625
2.0105371607670688 2.0106014117473556 1.9966219302511294 1.9972404438747233 0.0009765625
2.0106014117473556 2.0106656627276429 1.9966034183359676 1.9972219302511296 0.0009765625
2.0106656627276429 2.0107299137079298 1.9965849081289859 1.9972034183359677 0.0009765625
2.0107299137079298 2.0107941646882166 1.9965663996298872 1.9971849081289861 0.0009765625
2.0107941646882166 2.0108584156685039 1.9965478928384059 1.9971663996298874 0.0009765625
2.0108584156685039 2.0109226666487907 1.9965293877542758 1.9971478928384061 0.0009765625
2.0109226666487907 2.0109869176290776 1.996510884378796 1.997129387755858 0.0009765625
2.0109869176290776 2.0110511686093648 1.9964923827069647 1.9971108843772236 0.0009765625
2.0110511686093648 2.0111154195896517 1.9964738827432469 1.9970923827069649 0.0009765625
2.0111154195896517 2.011179670569939 1.9964553844857655 1.997073882743247 0.0009765625
2.011179670569939 2.0112439215502258 1.9964368879342775 1.9970553844857657 0.0009765625
2.0112439215502258 2.0113081725305126 1.9964183930884896 1.9970368879342777 0.0009765625
2.0113081725305126 2.0113724235107999 1.9963998999481509 1.9970183930884897 0.0009765625
2.0113724235107999 2.0114366744910868 1.9963814085129648 1.9969998999481511 0.0009765625
2.0114366744910868 2.0115009254713736 1.9963629187826692 1.9969814085129649 0.0009765625
2.0115009254713736 2.0115651764516609 1.9963444307569997 1.9969629187826694 0.0009765625
2.0115651764516609 2.0116294274319477 1.9963259444356649 1.9969444307569999 0.0009765625
2.0116294274319477 2.011693678412235 1.9963074598184103 1.9969259444356651 0.0009765625
2.011693678412235 2.0117579293925218 1.9962889769049568 1.9969074598184104 0.0009765625
2.0117579293925218 2.0118221803728087 1.9962704956950275 1.9968889769049569 0.0009765625
2.0118221803728087 2.011886431353096 1.9962520161883612 1.9968704956950276 0.0009765625
2.011886431353096 2.0119506823333828 1.9962335383846637 1.9968520161883614 0.0009765625
2.0119506823333828 2.0120149333136697 1.9962150622836954 1.9968335383846638 0.0009765625
2.0120149333136697 2.0120791842939569 1.9961965878851557 1.9968150622836955 0.0009765625
2.0120791842939569 2.0121434352742438 1.9961781151887914 1.9967965878851559 0.0009765625
2.0121434352742438 2.0122076862545311 1.996159644194313 1.9967781151887916 0.0009765625
2.0122076862545311 2.0122719372348179 1.9961411749014586 1.9967596441943132 0.0009765625
2.0122719372348179 2.0123361882151047 1.9961227073099532 1.9967411749014587 0.0009765625
2.0123361882151047 2.012400439195392 1.9961042414195327 1.9967227073099534 0.0009765625
2.012400439195392 2.0124646901756789 1.9960857772299301 1.9967042414195328 0.0009765625
2.0124646901756789 2.0125289411559661 1.9960673147408545 1.9966857772299302 0.0009765625
2.0125289411559661 2.012593192136253 1.996048853952042 1.9966673147408547 0.0009765625
2.012593192136253 2.0126574431165398 1.9960303948632185 1.9966488539520422 0.0009765625
2.0126574431165398 2.0127216940968271 1.9960119374741148 1.9966303948632187 0.0009765625
2.0127216940968271 2.0127859450771139 1.9959934817844713 1.9966119374741149 0.0009765625
2.0127859450771139 2.0128501960574008 1.9959750277940012 1.9965934817844715 0.0009765625
2.0128501960574008 2.0129144470376881 1.9959565755024433 1.9965750277940013 0.0009765625
2.0129144470376881 2.0129786980179749 1.9959381249095225 1.9965565755024435 0.0009765625
2.0129786980179749 2.0130429489982622 1.9959196760149571 1.9965381249095226 0.0009765625
2.0130429489982622 2.013107199978549 1.9959012288184907 1.9965196760149573 0.0009765625
2.013107199978549 2.0137625599774767 1.9957131643482493 1.9965012288200483 0.0009765625
2.0137625599774767 2.0144179199764038 1.9955252762290947 1.996313164346692 0.0009765625
2.0144179199764038 2.0150732799753315 1.9953375641790527 1.9961252762290949 0.0009765625
2.0150732799753315 2.0157286399742587 1.9951500279105832 1.9959375641790529 0.0009765625
2.0157286399742587 2.0163839999731863 1.9949626671383431 1.9957500279105833 0.0009765625
2.0163839999731863 2.0170393599721139 1.9947754815776679 1.9955626671383433 0.0009765625
2.0170393599721139 2.0176947199710411 1.9945884709445345 1.9953754815776681 0.0009765625
2.0176947199710411 2.0183500799699687 1.9944016349555695 1.9951884709445347 0.0009765625
2.0183500799699687 2.0190054399688959 1.9942149733280552 1.9950016349555697 0.0009765625
2.0190054399688959 2.0196607999678236 1.9940284857799053 1.9948149733280554 0.0009765625
2.0196607999678236 2.0203161599667512 1.9938421720297019 1.9946284857799055 0.0009765625
2.0203161599667512 2.0209715199656784 1.9936560317966638 1.9944421720297021 0.0009765625
2.0209715199656784 2.021626879964606 1.9934700648006618 1.994256031796664 0.0009765625
2.021626879964606 2.0222822399635332 1.9932842707621696 1.994070064800662 0.0009765625
2.0222822399635332 2.0229375999624608 1.9930986494023291 1.9938842707621698 0.0009765625
2.0229375999624608 2.0235929599613884 1.9929132004429377 1.9936986494023292 0.0009765625
2.0235929599613884 2.0242483199603156 1.9927279236063875 1.9935132004429379 0.0009765625
2.0242483199603156 2.0249036799592433 1.9925428186157048 1.9933279236063877 0.0009765625
2.0249036799592433 2.0255590399581704 1.9923578851945922 1.993142818615705 0.0009765625
2.0255590399581704 2.0262143999570981 1.9921731230673367 1.9929578851945924 0.0009765625
2.0262143999570981 2.0275251199549529 1.9918041115962242 1.9927731230688479 0.0009765625
2.0275251199549529 2.0288358399528077 1.9914357820047646 1.9924041115947189 0.0009765625
2.0288358399528077 2.030146559950663 1.9910681321143542 1.9920357820047647 0.0009765625
2.030146559950663 2.0314572799485178 1.9907011597502242 1.9916681321143543 0.0009765625
2.0314572799485178 2.0327679999463726 1.9903348627489525 1.9913011597502244 0.0009765625
2.0327679999463726 2.0340787199442274 1.9899692389568846 1.9909348627489527 0.0009765625
2.0340787199442274 2.0353894399420822 1.9896042862301151 1.9905692389568848 0.0009765625
2.0353894399420822 2.0367001599399375 1.9892400024343302 1.9902042862301152 0.0009765625
2.0367001599399375 2.0380108799377923 1.9888763854448905 1.9898400024343303 0.0009765625
2.0380108799377923 2.0393215999356471 1.9885134331466681 1.9894763854448907 0.0009765625
2.0393215999356471 2.0406323199335019 1.9881511434340193 1.9891134331466682 0.0009765625
2.0406323199335019 2.0419430399313567 1.9877895142107636 1.9887511434340195 0.0009765625
2.0419430399313567 2.043253759929212 1.9874285433900816 1.9883895142107637 0.0009765625
2.043253759929212 2.0445644799270668 1.9870682288944879 1.9880285433900817 0.0009765625
2.0445644799270668 2.0458751999249216 1.986708568655783 1.987668228894488 0.0009765625
2.0458751999249216 2.0471859199227764 1.9863495606149906 1.9873085686557832 0.0009765625
2.0471859199227764 2.0484966399206312 1.9859912027222739 1.9869495606149907 0.0009765625
2.0484966399206312 2.0498073599184865 1.9856334929369364 1.9865912027222741 0.0009765625
2.0498073599184865 2.0511180799163413 1.985276429227351 1.9862334929369365 0.0009765625
2.0511180799163413 2.0524287999141961 1.984920009570885 1.9858764292273512 0.0009765625
2.0524287999141961 2.0550502399099058 1.984209094372982 1.9855200095723091 0.0009765625
2.0550502399099058 2.0576716799056158 1.9835007313362889 1.9848090943715737 0.0009765625
2.0576716799056158 2.0602931199013255 1.9827949046032372 1.9841007313362891 0.0009765625
2.0602931199013255 2.0629145598970355 1.9820915984499627 1.9833949046032373 0.0009765625
2.0629145598970355 2.0655359998927452 1.9813907972917892 1.9826915984499629 0.0009765625
2.0655359998927452 2.0681574398884548 1.9806924856802062 1.9819907972917894 0.0009765625
2.0681574398884548 2.0707788798841649 1.9799966483013898 1.9812924856802063 0.0009765625
2.0707788798841649 2.0734003198798745 1.9793032699746844 1.9805966483013899 0.0009765625
2.0734003198798745 2.0760217598755846 1.9786123356510767 1.9799032699746846 0.0009765625
2.0760217598755846 2.0786431998712942 1.9779238304117941 1.9792123356510769 0.0009765625
2.0786431998712942 2.0812646398670038 1.9772377394667513 1.9785238304117942 0.0009765625
2.0812646398670038 2.0838860798627139 1.9765540481532382 1.9778377394667515 0.0009765625
2.0838860798627139 2.0865075198584235 1.9758727419344166 1.9771540481532384 0.0009765625
2.0865075198584235 2.0891289598541336 1.9751938063979746 1.9764727419344168 0.0009765625
2.0891289598541336 2.0917503998498432 1.9745172272547287 1.9757938063979748 0.0009765625
2.0917503998498432 2.0943718398455529 1.9738429903373027 1.9751172272547288 0.0009765625
2.0943718398455529 2.0969932798412629 1.9731710815987404 1.9744429903373029 0.0009765625
2.0969932798412629 2.0996147198369726 1.9725014871112316 1.9737710815987406 0.0009765625
2.0996147198369726 2.1022361598326826 1.9718341930648184 1.9731014871112318 0.0009765625
2.1022361598326826 2.1048575998283923 1.9711691857660263 1.9724341930648186 0.0009765625
2.1048575998283923 2.110100479819812 1.9698459772140489 1.9717691857672939 0.0009765625
2.110100479819812 2.1153433598112317 1.9685317541872702 1.9704459772128153 0.0009765625
2.1153433598112317 2.1205862398026509 1.9672264112105087 1.9691317541872704 0.0009765625
2.1205862398026509 2.1258291197940706 1.9659298445508224 1.9678264112105088 0.0009765625
2.1258291197940706 2.1310719997854903 1.9646419521865339 1.9665298445508226 0.0009765625
2.1310719997854903 2.13631487977691 1.9633626337697376 1.9652419521865341 0.0009765625
2.13631487977691 2.1415577597683297 1.9620917905910542 1.9639626337697378 0.0009765625
2.1415577597683297 2.146800639759749 1.960829325545185 1.9626917905910544 0.0009765625
2.146800639759749 2.1520435197511687 1.9595751430974624 1.9614293255451851 0.0009765625
2.1520435197511687 2.1572863997425884 1.9583291492511814 1.9601751430974625 0.0009765625
2.1572863997425884 2.1625292797340081 1.9570912515157566 1.9589291492511816 0.0009765625
2.1625292797340081 2.1677721597254278 1.9558613588757339 1.9576912515157567 0.0009765625
2.1677721597254278 2.1730150397168471 1.954639381760493 1.956461358875734 0.0009765625
2.1730150397168471 2.1782579197082668 1.9534252320148213 1.9552393817604932 0.0009765625
2.1782579197082668 2.1835007996996865 1.9522188228701085 1.9540252320148215 0.0009765625
2.1835007996996865 2.1887436796911062 1.951020068916324 1.9528188228701087 0.0009765625
2.1887436796911062 2.1939865596825259 1.9498288860746704 1.9516200689163241 0.0009765625
2.1939865596825259 2.1992294396739451 1.9486451915708805 1.9504288860746706 0.0009765625
2.1992294396739451 2.2044723196653648 1.9474689039091915 1.9492451915708806 0.0009765625
2.2044723196653648 2.2097151996567845 1.9462999428469889 1.9480689039091916 0.0009765625
2.2097151996567845 2.2202009596396239 1.9432836856689302 1.9475999428479727 0.0009765625
2.2202009596396239 2.2306867196224629 1.9409958022281415 1.9452836856679743 0.0009765625
2.2306867196224629 2.2411724796053023 1.9387356932462574 1.9429958022281415 0.0009765625
2.2411724796053023 2.2516582395881413 1.9365027772540719 1.9407356932462574 0.0009765625
2.2516582395881413 2.2621439995709807 1.9342964899180153 1.9385027772540719 0.0009765625
2.2621439995709807 2.2726297595538201 1.9321162833922441 1.9362964899180153 0.0009765625
2.2726297595538201 2.283115519536659 1.9299616257013896 1.9341162833922441 0.0009765625
2.283115519536659 2.2936012795194984 1.9278320001513112 1.9319616257013896 0.0009765625
2.2936012795194984 2.3040870395023374 1.9257269047664261 1.9298320001513112 0.0009765625
2.3040870395023374 2.3145727994851768 1.9236458517522603 1.9277269047664261 0.0009765625
2.3145727994851768 2.3250585594680162 1.9215883669817801 1.9256458517522603 0.0009765625
2.3250585594680162 2.3355443194508552 1.9195539895043348 1.9235883669817802 0.0009765625
2.3355443194508552 2.3460300794336946 1.9175422710760495 1.9215539895043348 0.0009765625
2.3460300794336946 2.3565158394165335 1.915552775710549 1.9195422710760495 0.0009765625
2.3565158394165335 2.3670015993993729 1.9135850792490017 1.9175527757105491 0.0009765625
2.3670015993993729 2.3774873593822123 1.9116387689484533 1.9155850792490017 0.0009765625
2.3774873593822123 2.3879731193650513 1.9097134430876139 1.9136387689484533 0.0009765625
2.3879731193650513 2.3984588793478907 1.9078087105891852 1.9117134430876139 0.0009765625
2.3984588793478907 2.4089446393307297 1.9059241906579045 1.9098087105891852 0.0009765625
2.4089446393307297 2.4194303993135691 1.9040595124335502 1.9079241906579045 0.0009765625
2.4194303993135691 2.4294168373924636 1.9023017447147794 1.9060595124335502 0.0009765625
2.4294168373924636 2.4394032754713582 1.9005613420385221 1.9043017447147794 0.0009765625
2.4394032754713582 2.4493897135502527 1.8988380075679028 1.9025613420385221 0.0009765625
2.4493897135502527 2.4593761516291472 1.8971314516318529 1.9008380075679028 0.0009765625
2.4593761516291472 2.4693625897080418 1.8954413915029495 1.8991314516318529 0.0009765625
2.4693625897080418 2.4793490277869359 1.8937675511835317 1.8974413915029495 0.0009765625
2.4793490277869359 2.4893354658658304 1.8921096611998727 1.8957675511835317 0.0009765625
2.4893354658658304 2.499321903944725 1.8904674584039909 1.8941096611998727 0.0009765625
2.499321903944725 2.5093083420236195 1.8888406857828284 1.8924674584039909 0.0009765625
2.5093083420236195 2.5192947801025141 1.8872290922744059 1.8908406857828284 0.0009765625
2.5192947801025141 2.5292812181814086 1.8856324325906895 1.8892290922744059 0.0009765625
2.5292812181814086 2.5392676562603032 1.8847504670468822 1.8869324325906895 0.0009765625
2.5392676562603032 2.5492540943391977 1.8831829613968301 1.8853504670468824 0.0009765625
2.5492540943391977 2.5592405324180922 1.8816296866743945 1.8837829613968302 0.0009765625
2.5592405324180922 2.5692269704969868 1.8800904190403673 1.8822296866743946 0.0009765625
2.5692269704969868 2.5792134085758809 1.8785649396348698 1.8806904190403675 0.0009765625
2.5792134085758809 2.5891998466547754 1.8770530344348226 1.87916493963487 0.0009765625
2.5891998466547754 2.59918628473367 1.8755544941165243 1.8776530344348228 0.0009765625
2.59918628473367 2.6091727228125645 1.87406911392287 1.8761544941165245 0.0009765625
2.6091727228125645 2.6191591608914591 1.8725966935351799 1.8746691139228702 0.0009765625
2.6191591608914591 2.6291455989703536 1.8711370369494498 1.87319669353518 0.0009765625
2.6291455989703536 2.6391320370492481 1.8696899523567394 1.8717370369494499 0.0009765625
2.6391320370492481 2.6491184751281427 1.8682552520276408 1.8702899523567396 0.0009765625
2.6491184751281427 2.6591049132070372 1.8668327522006216 1.8688552520276409 0.0009765625
2.6591049132070372 2.6690913512859318 1.8654222729740515 1.8674327522006218 0.0009765625
2.6690913512859318 2.6790777893648263 1.8640236382019029 1.8660222729740517 0.0009765625
2.6790777893648263 2.6890642274437209 1.8626366753927619 1.864623638201903 0.0009765625
2.6890642274437209 2.699050665522615 1.8612612156122519 1.8632366753927621 0.0009765625
2.699050665522615 2.7090371036015095 1.8598970933886139 1.861861215612252 0.0009765625
2.7090371036015095 2.7190235416804041 1.8585441466212715 1.860497093388614 0.0009765625
2.7190235416804041 2.7290099797592986 1.8572022164924251 1.8591441466212717 0.0009765625
2.7290099797592986 2.7389964178381931 1.8558711473814333 1.8578022164924253 0.0009765625
2.7389964178381931 2.7489828559170877 1.8545507867819218 1.8564711473814335 0.0009765625
2.7489828559170877 2.7589692939959822 1.8532409852215277 1.8551507867819219 0.0009765625
2.7589692939959822 2.7689557320748768 1.8519415961841184 1.8538409852215278 0.0009765625
2.7689557320748768 2.7789421701537713 1.8506524760345022 1.8525415961841185 0.0009765625
2.7789421701537713 2.7889286082326659 1.8493734839454516 1.8512524760345024 0.0009765625
2.7889286082326659 2.79891504631156 1.8481044818269825 1.8499734839454518 0.0009765625
2.79891504631156 2.8089014843904545 1.8468453342577587 1.8487044818269827 0.0009765625
2.8089014843904545 2.818887922469349 1.8455959084187321 1.8474453342577588 0.0009765625
2.818887922469349 2.8288743605482436 1.8443560740285905 1.8461959084187323 0.0009765625
2.8288743605482436 2.8388607986271381 1.843125703281369 1.8449560740285906 0.0009765625
2.8388607986271381 2.8567651543352337 1.8402431100590997 1.8444257032814517 0.0009765625
2.8567651543352337 2.8746695100433297 1.8380898310057201 1.8422431100590273 0.0009765625
2.8746695100433297 2.8925738657514253 1.8359651855796784 1.8400898310057201 0.0009765625
2.8925738657514253 2.9104782214595213 1.833868515551921 1.8379651855796784 0.0009765625
2.9104782214595213 2.9283825771676169 1.8317991840671282 1.835868515551921 0.0009765625
2.9283825771676169 2.9462869328757129 1.8297565747523727 1.8337991840671282 0.0009765625
2.9462869328757129 2.9641912885838084 1.8277400908711217 1.8317565747523727 0.0009765625
2.9641912885838084 2.9820956442919044 1.8257491545196924 1.8297400908711217 0.0009765625
2.9820956442919044 3 1.8237832058637167 1.8277491545196924 0.0009765625
3 3.0199328358208954 1.8216232572443243 1.8257832058636867 0.0009765625
3.0199328358208954 3.0398656716417909 1.8194928827421304 1.8236232572443754 0.0009765625
3.0398656716417909 3.0597985074626868 1.817391382490974 1.8214928827421304 0.0009765625
3.0597985074626868 3.0797313432835822 1.8153180800272317 1.819391382490974 0.0009765625
3.0797313432835822 3.0996641791044777 1.8132723212845019 1.8173180800272317 0.0009765625
3.0996641791044777 3.1195970149253731 1.8112534736411443 1.8152723212845019 0.0009765625
3.1195970149253731 3.1395298507462686 1.8092609250168925 1.8132534736411443 0.0009765625
3.1395298507462686 3.159462686567164 1.8072940830158579 1.8112609250168925 0.0009765625
3.159462686567164 3.1793955223880599 1.8053523741129869 1.8092940830158579 0.0009765625
3.1793955223880599 3.1993283582089553 1.8034352428813447 1.8073523741129869 0.0009765625
3.1993283582089553 3.2192611940298508 1.8015421512580443 1.8054352428813447 0.0009765625
3.2192611940298508 3.2391940298507462 1.7996725778462306 1.8035421512580443 0.0009765625
3.2391940298507462 3.2591268656716417 1.7978260172513305 1.8016725778462306 0.0009765625
3.2591268656716417 3.2790597014925371 1.7960019794494186 1.7998260172513305 0.0009765625
3.2790597014925371 3.298992537313433 1.7941999891859746 1.7980019794494186 0.0009765625
3.298992537313433 3.3189253731343284 1.7924195854031533 1.7961999891859746 0.0009765625
3.3189253731343284 3.3388582089552239 1.790660320694307 1.7944195854031533 0.0009765625
3.3388582089552239 3.3587910447761193 1.7889217607837695 1.792660320694307 0.0009765625
3.3587910447761193 3.3787238805970148 1.7872034840309645 1.7909217607837695 0.0009765625
3.3787238805970148 3.3986567164179107 1.7855050809572866 1.7892034840309645 0.0009765625
3.3986567164179107 3.4185895522388061 1.7838261537944859 1.7875050809572866 0.0009765625
3.4185895522388061 3.4385223880597016 1.7821663160535681 1.7858261537944859 0.0009765625
3.4385223880597016 3.458455223880597 1.780525192112969 1.7841663160535681 0.0009765625
3.458455223880597 3.4783880597014925 1.7789024168251109 1.782525192112969 0.0009765625
3.4783880597014925 3.4983208955223879 1.7772976351402381 1.7809024168251109 0.0009765625
3.4983208955223879 3.5182537313432833 1.7757105017467634 1.7792976351402381 0.0009765625
3.5182537313432833 3.5381865671641792 1.7741406807272078 1.7777105017467634 0.0009765625
3.5381865671641792 3.5581194029850747 1.7725878452290227 1.7761406807272078 0.0009765625
3.5581194029850747 3.5780522388059701 1.7710516771493261 1.7745878452290227 0.0009765625
3.5780522388059701 3.5979850746268656 1.7695318668331976 1.7730516771493261 0.0009765625
3.5979850746268656 3.617917910447761 1.7680281127844573 1.7715318668331976 0.0009765625
3.617917910447761 3.6378507462686569 1.7665401213886935 1.7700281127844573 0.0009765625
3.6378507462686569 3.6577835820895523 1.765067606647658 1.7685401213886935 0.0009765625
3.6577835820895523 3.6777164179104478 1.7636102899245696 1.7670676066476581 0.0009765625
3.6777164179104478 3.6976492537313432 1.7621678996998933 1.7656102899245696 0.0009765625
3.6976492537313432 3.7175820895522387 1.7607401713368878 1.7641678996998933 0.0009765625
3.7175820895522387 3.7375149253731346 1.7593268468566479 1.7627401713368878 0.0009765625
3.7375149253731346 3.7574477611940296 1.7579276747221324 1.7613268468566479 0.0009765625
3.7574477611940296 3.7773805970149255 1.7565424096306952 1.7599276747221324 0.0009765625
3.7773805970149255 3.7973134328358209 1.7551708123147503 1.7585424096306952 0.0009765625
3.7973134328358209 3.8172462686567163 1.7538126493498951 1.7571708123143657 0.0009765625
3.8172462686567163 3.8371791044776118 1.7524676929727352 1.7558126493502861 0.0009765625
3.8371791044776118 3.8571119402985077 1.751135720899955 1.7544676929727352 0.0009765625
3.8571119402985077 3.8770447761194031 1.7498165161619632 1.753135720899955 0.0009765625
3.8770447761194031 3.8969776119402986 1.7485098669370949 1.7518165161619632 0.0009765625
3.8969776119402986 3.916910447761194 1.7472155663943809 1.7505098669370949 0.0009765625
3.916910447761194 3.9368432835820895 1.7466334125418088 1.748515566394381 0.0009765625
3.9368432835820895 3.9567761194029849 1.7453632080801758 1.747233412541809 0.0009765625
3.9567761194029849 3.9767089552238808 1.7441047602623239 1.7459632080801759 0.0009765625
3.9767089552238808 3.9966417910447762 1.7428578807576636 1.744704760262324 0.0009765625
3.9966417910447762 4.0165746268656717 1.7416223855214248 1.7434578807576637 0.0009765625
4.0165746268656717 4.0365074626865676 1.7403980946687787 1.7422223855214249 0.0009765625
4.0365074626865676 4.0564402985074626 1.7391848323534325 1.7409980946687789 0.0009765625
4.0564402985074626 4.0763731343283585 1.7379824266505464 1.7397848323534326 0.0009765625
4.0763731343283585 4.0963059701492535 1.7367907094437598 1.7385824266505465 0.0009765625
4.0963059701492535 4.1162388059701494 1.7356095163163112 1.73739070944376 0.0009765625
4.1162388059701494 4.1361716417910444 1.7344386864458359 1.7362095163163114 0.0009765625
4.1361716417910444 4.1561044776119402 1.7332780625028514 1.735038686445836 0.0009765625
4.1561044776119402 4.1760373134328361 1.7321274905528194 1.7338780625028516 0.0009765625
4.1760373134328361 4.1959701492537311 1.7309868199614336 1.7327274905528196 0.0009765625
4.1959701492537311 4.215902985074627 1.7298559033032903 1.7315868199614337 0.0009765625
4.215902985074627 4.235835820895522 1.7287345962734968 1.7304559033032905 0.0009765625
4.235835820895522 4.2557686567164179 1.727622757602385 1.7293345962734969 0.0009765625
4.2557686567164179 4.2757014925373138 1.726520248972939 1.7282227576023852 0.0009765625
4.2757014925373138 4.2956343283582088 1.7254269349411444 1.7271202489729391 0.0009765625
4.2956343283582088 4.3155671641791047 1.724342682858792 1.7260269349411446 0.0009765625
4.3155671641791047 4.3354999999999997 1.7232673627989024 1.7249426828587922 0.0009765625
4.3354999999999997 4.3554328358208956 1.7222008474835853 1.7238673627989025 0.0009765625
4.3554328358208956 4.3753656716417915 1.7211430122142222 1.7228008474835854 0.0009765625
4.3753656716417915 4.3952985074626865 1.7200937348038889 1.7217430122142223 0.0009765625
4.3952985074626865 4.4152313432835824 1.7190528955119604 1.7206937348038891 0.0009765625
4.4152313432835824 4.4351641791044774 1.7180203769807896 1.7196528955119605 0.0009765625
4.4351641791044774 4.4550970149253732 1.7169960641743904 1.7186203769807897 0.0009765625
4.4550970149253732 4.4750298507462691 1.7159798443190581 1.7175960641743906 0.0009765625
4.4750298507462691 4.4949626865671641 1.7149716068458325 1.7165798443190583 0.0009765625
4.4949626865671641 4.51489552238806 1.7139712433347527 1.7155716068458327 0.0009765625
4.51489552238806 4.534828358208955 1.7129786474608846 1.7145712433347529 0.0009765625
4.534828358208955 4.5547611940298509 1.7119937149419093 1.7135786474608847 0.0009765625
4.5547611940298509 4.5746940298507459 1.7110163434874091 1.7125937149419095 0.0009765625
4.5746940298507459 4.5946268656716418 1.7100464327496432 1.7116163434874092 0.0009765625
4.5946268656716418 4.6145597014925377 1.7090838842752649 1.7106464327490951 0.0009765625
4.6145597014925377 4.6344925373134327 1.7081286014618207 1.7096838842758149 0.0009765625
4.6344925373134327 4.6544253731343286 1.7071804895072906 1.7087286014618208 0.0009765625
4.6544253731343286 4.6743582089552236 1.7062394553720643 1.7077804895072908 0.0009765625
4.6743582089552236 4.6942910447761195 1.7053054077338989 1.7068394553720645 0.0009765625
4.6942910447761195 4.7142238805970145 1.7043782569473909 1.7059054077338991 0.0009765625
4.7142238805970145 4.7341567164179104 1.7034579150042024 1.704978256947391 0.0009765625
4.7341567164179104 4.7540895522388062 1.7025442954943342 1.7040579150042026 0.0009765625
4.7540895522388062 4.7740223880597012 1.7016373135685547 1.7031442954943343 0.0009765625
4.7740223880597012 4.7939552238805971 1.7007368859019707 1.7022373135685549 0.0009765625
4.7939552238805971 4.8138880597014921 1.6998429306585368 1.7013368859019709 0.0009765625
4.8138880597014921 4.833820895522388 1.6989553674566584 1.7004429306585369 0.0009765625
4.833820895522388 4.8537537313432839 1.6980741173357097 1.6995553674566586 0.0009765625
4.8537537313432839 4.8736865671641789 1.6971991027235662 1.6986741173357098 0.0009765625
4.8736865671641789 4.8936194029850748 1.6963302474049327 1.6977991027235664 0.0009765625
4.8936194029850748 4.9135522388059698 1.695467476490697 1.6969302474049328 0.0009765625
4.9135522388059698 4.9334850746268657 1.6946107163880126 1.6960674764906971 0.0009765625
4.9334850746268657 4.9534179104477607 1.6937598947712622 1.6952107163880128 0.0009765625
4.9534179104477607 4.9733507462686566 1.692914940553818 1.6943598947712624 0.0009765625
4.9733507462686566 4.9932835820895516 1.6920757838605613 1.6935149405538181 0.0009765625
4.9932835820895516 5.0132164179104475 1.6912423560011534 1.6926757838605615 0.0009765625
5.0132164179104475 5.0331492537313434 1.6904145894440139 1.6918423560011535 0.0009765625
5.0331492537313434 5.0530820895522384 1.6895924177910135 1.6910145894440141 0.0009765625
5.0530820895522384 5.0730149253731343 1.6887757757528492 1.6901924177910137 0.0009765625
5.0730149253731343 5.0929477611940293 1.6879645991250973 1.6893757757528494 0.0009765625
5.0929477611940293 5.1128805970149251 1.6871588247647962 1.6885645991250975 0.0009765625
5.1128805970149251 5.132813432835821 1.6863583905677724 1.6877588247647963 0.0009765625
5.132813432835821 5.152746268656716 1.685563235446528 1.6869583905677725 0.0009765625
5.152746268656716 5.1726791044776119 1.6847732993086155 1.6861632354465281 0.0009765625
5.1726791044776119 5.1926119402985069 1.6839885230357245 1.6853732993086157 0.0009765625
5.1926119402985069 5.2125447761194028 1.6832088484632017 1.6845885230357247 0.0009765625
5.2125447761194028 5.2324776119402978 1.6824342183600642 1.6838088484632019 0.0009765625
5.2324776119402978 5.2524104477611937 1.6816645764096967 1.6830342183600644 0.0009765625
5.2524104477611937 5.2723432835820896 1.680899867190861 1.6822645764096968 0.0009765625
5.2723432835820896 5.2922761194029846 1.6801400361592462 1.6814998671908612 0.0009765625
5.2922761194029846 5.3122089552238805 1.6793850296295501 1.6807400361592464 0.0009765625
5.3122089552238805 5.3321417910447755 1.6786347947578961 1.6799850296295502 0.0009765625
5.3321417910447755 5.3520746268656714 1.6778892795247944 1.6792347947578963 0.0009765625
5.3520746268656714 5.3720074626865664 1.6771484327184514 1.6784892795247945 0.0009765625
5.3720074626865664 5.3919402985074623 1.6764122039185216 1.6777484327184515 0.0009765625
5.3919402985074623 5.4118731343283581 1.6756805434796587 1.6770122039178961 0.0009765625
5.4118731343283581 5.4318059701492531 1.674953402519187 1.6762805434802843 0.0009765625
5.4318059701492531 5.451738805970149 1.6742307328957022 1.6755534025191872 0.0009765625
5.451738805970149 5.471671641791044 1.6735124872007097 1.6748307328957024 0.0009765625
5.471671641791044 5.4916044776119399 1.6727986187410622 1.6741124872007098 0.0009765625
5.4916044776119399 5.5115373134328358 1.6720890815256289 1.6733986187410623 0.0009765625
5.5115373134328358 5.5314701492537308 1.6713838302515469 1.672689081525629 0.0009765625
5.5314701492537308 5.5514029850746267 1.6706828202909501 1.6719838302515471 0.0009765625
5.5514029850746267 5.5713358208955217 1.6699860076779003 1.6712828202909502 0.0009765625
5.5713358208955217 5.5912686567164176 1.6692933490956672 1.6705860076779004 0.0009765625
5.5912686567164176 5.6112014925373135 1.6686048018642929 1.6698933490956673 0.0009765625
5.6112014925373135 5.6311343283582085 1.6679203239284863 1.6692048018642931 0.0009765625
5.6311343283582085 5.6510671641791044 1.6672398738457648 1.6685203239284865 0.0009765625
5.6510671641791044 5.6709999999999994 1.6665634107748639 1.6678398738457649 0.0009765625
5.6709999999999994 5.6909328358208953 1.6658908944644419 1.6671634107748641 0.0009765625
5.6909328358208953 5.7108656716417912 1.6652222852420628 1.6664908944644421 0.0009765625
5.7108656716417912 5.7307985074626862 1.6645575440033609 1.665822285242063 0.0009765625
5.7307985074626862 5.750731343283582 1.6638966322015147 1.665157544003361 0.0009765625
5.750731343283582 5.770664179104477 1.6632395118369538 1.6644966322015149 0.0009765625
5.770664179104477 5.7905970149253729 1.6625861454472857 1.663839511836954 0.0009765625
5.7905970149253729 5.8105298507462688 1.6619364960974301 1.6631861454472858 0.0009765625
5.8105298507462688 5.8304626865671638 1.6612905273700105 1.6625364960974303 0.0009765625
5.8304626865671638 5.8503955223880597 1.6606482033559726 1.6618905273700106 0.0009765625
5.8503955223880597 5.8703283582089547 1.6600094886453416 1.6612482033559728 0.0009765625
5.8703283582089547 5.8902611940298506 1.6593743483182442 1.6606094886453417 0.0009765625
5.8902611940298506 5.9101940298507465 1.6587427479361505 1.6599743483182443 0.0009765625
5.9101940298507465 5.9301268656716415 1.6581146535332065 1.6593427479361507 0.0009765625
5.9301268656716415 5.9500597014925374 1.6574900316078947 1.6587146535332067 0.0009765625
5.9500597014925374 5.9699925373134324 1.6568688491147334 1.6580900316078948 0.0009765625
5.9699925373134324 5.9899253731343283 1.6562510734562785 1.6574688491147336 0.0009765625
5.9899253731343283 6.0098582089552242 1.6556366724752341 1.6568510734562787 0.0009765625
6.0098582089552242 6.0297910447761192 1.655025614446751 1.6562366724752342 0.0009765625
6.0297910447761192 6.049723880597015 1.6544178680708506 1.6556256144467512 0.0009765625
6.049723880597015 6.06965671641791 1.6538134024650906 1.6550178680708507 0.0009765625
6.06965671641791 6.0895895522388059 1.653212187157332 1.6544134024650907 0.0009765625
6.0895895522388059 6.1095223880597018 1.6526141920786703 1.6538121871573321 0.0009765625
6.1095223880597018 6.1294552238805968 1.6520193875564837 1.6532141920786705 0.0009765625
6.1294552238805968 6.1493880597014927 1.6514277443077128 1.6526193875564839 0.0009765625
6.1493880597014927 6.1693208955223877 1.6508392334321991 1.6520277443077129 0.0009765625
6.1693208955223877 6.1892537313432836 1.6502538264061819 1.6514392334321992 0.0009765625
6.1892537313432836 6.2091865671641795 1.6496714950753015 1.6508538264055164 0.0009765625
6.2091865671641795 6.2291194029850745 1.6490922116516951 1.6502714950759725 0.0009765625
6.2291194029850745 6.2490522388059704 1.648515948701216 1.6496922116516952 0.0009765625
6.2490522388059704 6.2689850746268654 1.6479426791441463 1.6491159487012161 0.0009765625
6.2689850746268654 6.2889179104477613 1.6473723762460231 1.6485426791441464 0.0009765625
6.2889179104477613 6.3088507462686572 1.6468050136125441 1.6479723762460232 0.0009765625
6.3088507462686572 6.3287835820895522 1.64624056518398 1.6474050136125442 0.0009765625
6.3287835820895522 6.3487164179104481 1.6456790052296701 1.6468405651839801 0.0009765625
6.3487164179104481 6.3686492537313431 1.6451203083426043 1.6462790052296703 0.0009765625
6.3686492537313431 6.3885820895522389 1.6445644494341867 1.6457203083426044 0.0009765625
6.3885820895522389 6.4085149253731348 1.6440114037290354 1.6451644494341868 0.0009765625
6.4085149253731348 6.4284477611940298 1.6434611467598936 1.6446114037290356 0.0009765625
6.4284477611940298 6.4483805970149257 1.6429136543627183 1.6440611467598938 0.0009765625
6.4483805970149257 6.4683134328358207 1.6423689026717367 1.6435136543627185 0.0009765625
6.4683134328358207 6.4882462686567166 1.6418268681147048 1.6429689026717369 0.0009765625
6.4882462686567166 6.5081791044776125 1.6412875274082122 1.642426868114705 0.0009765625
6.5081791044776125 6.5281119402985075 1.6407508575531264 1.6418875274082123 0.0009765625
6.5281119402985075 6.5480447761194034 1.640216835830036 1.6413508575531266 0.0009765625
6.5480447761194034 6.5679776119402984 1.6396854397948717 1.6408168358300361 0.0009765625
6.5679776119402984 6.5879104477611943 1.6391566472745844 1.6402854397948718 0.0009765625
6.5879104477611943 6.6078432835820902 1.6386304363628648 1.6397566472745846 0.0009765625
6.6078432835820902 6.6277761194029852 1.6381067854160103 1.6392304363628649 0.0009765625
6.6277761194029852 6.6477089552238811 1.6375856730488325 1.6387067854160104 0.0009765625
6.6477089552238811 6.6676417910447761 1.6370670781306496 1.6381856730488327 0.0009765625
6.6676417910447761 6.6875746268656719 1.6365509797813584 1.6376670781306497 0.0009765625
6.6875746268656719 6.7075074626865678 1.6360373573675764 1.6371509797813586 0.0009765625
6.7075074626865678 6.7274402985074628 1.6355261904988563 1.6366373573675765 0.0009765625
6.7274402985074628 6.7473731343283587 1.6350174590239996 1.6361261904988564 0.0009765625
6.7473731343283587 6.7673059701492537 1.634511143027382 1.6356174590239998 0.0009765625
6.7673059701492537 6.7872388059701496 1.6340072228253884 1.6351111430273821 0.0009765625
6.7872388059701496 6.8071716417910455 1.633505678962925 1.6346072228253885 0.0009765625
6.8071716417910455 6.8271044776119405 1.6330064922099441 1.6341056789629251 0.0009765625
6.8271044776119405 6.8470373134328364 1.632509643558119 1.6336064922099442 0.0009765625
6.8470373134328364 6.8669701492537314 1.6320151142174624 1.6331096435581192 0.0009765625
6.8669701492537314 6.8869029850746273 1.6315228856131219 1.6326151142174625 0.0009765625
6.8869029850746273 6.9068358208955232 1.6310329393821477 1.632122885613122 0.0009765625
6.9068358208955232 6.9267686567164182 1.630545257370386 1.6316329393821478 0.0009765625
6.9267686567164182 6.9467014925373141 1.6300598216294091 1.6311452573703862 0.0009765625
6.9467014925373141 6.9666343283582091 1.6295766144134263 1.6306598216294093 0.0009765625
6.9666343283582091 6.9865671641791049 1.6290956181763763 1.6301766144134264 0.0009765625
6.9865671641791049 7.0065000000000008 1.6286168155683118 1.6296956181756916 0.0009765625
7.0065000000000008 7.0264328358208958 1.6281401894359504 1.6292168155689968 0.0009765625
7.0264328358208958 7.0463656716417917 1.6276657228130076 1.6287401894359506 0.0009765625
7.0463656716417917 7.0662985074626867 1.6271933989242957 1.6282657228130077 0.0009765625
7.0662985074626867 7.0862313432835826 1.6267232011795958 1.6277933989242959 0.0009765625
7.0862313432835826 7.1061641791044776 1.6262551131716383 1.6273232011795959 0.0009765625
7.1061641791044776 7.1260970149253735 1.6257891186735403 1.6268551131716384 0.0009765625
7.1260970149253735 7.1460298507462694 1.6253252016361535 1.6263891186735404 0.0009765625
7.1460298507462694 7.1659626865671644 1.6248633461856392 1.6259252016361536 0.0009765625
7.1659626865671644 7.1858955223880603 1.6244035366208878 1.6254633461856394 0.0009765625
7.1858955223880603 7.2058283582089553 1.6239457574111369 1.6250035366208879 0.0009765625
7.2058283582089553 7.2257611940298512 1.6234899931935678 1.624545757411137 0.0009765625
7.2257611940298512 7.2456940298507462 1.6230362287709221 1.6240899931935679 0.0009765625
7.2456940298507462 7.2656268656716421 1.6225844491091976 1.6236362287709223 0.0009765625
7.2656268656716421 7.285559701492538 1.622134639335397 1.6231844491091978 0.0009765625
7.285559701492538 7.305492537313433 1.6216867847352476 1.6227346393353972 0.0009765625
7.305492537313433 7.3254253731343288 1.6212408707510435 1.6222867847352478 0.0009765625
7.3254253731343288 7.3453582089552238 1.6207968829794577 1.6218408707510437 0.0009765625
7.3453582089552238 7.3652910447761197 1.6203548071694205 1.6213968829794578 0.0009765625
7.3652910447761197 7.3852238805970156 1.6199146292200313 1.6209548071694206 0.0009765625
7.3852238805970156 7.4051567164179106 1.6194763351785355 1.6205146292200314 0.0009765625
7.4051567164179106 7.4250895522388065 1.6190399112382416 1.6200763351785357 0.0009765625
7.4250895522388065 7.4450223880597015 1.6186053437365941 1.6196399112382418 0.0009765625
7.4450223880597015 7.4649552238805974 1.6181726191531982 1.6192053437365943 0.0009765625
7.4649552238805974 7.4848880597014924 1.6177417241078969 1.6187726191531984 0.0009765625
7.4848880597014924 7.5048208955223883 1.6173126453588764 1.618341724107897 0.0009765625
7.5048208955223883 7.5247537313432833 1.6168853698008423 1.6179126453588766 0.0009765625
7.5247537313432833 7.5446865671641792 1.6164598844631501 1.6174853698008425 0.0009765625
7.5446865671641792 7.5646194029850751 1.6160361765080595 1.6170598844631503 0.0009765625
7.5646194029850751 7.5845522388059701 1.6156142332288914 1.6166361765080597 0.0009765625
7.5845522388059701 7.604485074626866 1.6151940420483832 1.6162142332288916 0.0009765625
7.604485074626866 7.624417910447761 1.6147755905169003 1.6157940420483834 0.0009765625
7.624417910447761 7.6443507462686568 1.6143588663108079 1.6153755905169005 0.0009765625
7.6443507462686568 7.6642835820895527 1.6139438572308005 1.6149588663108081 0.0009765625
7.6642835820895527 7.6842164179104477 1.6135305512002234 1.6145438572308006 0.0009765625
7.6842164179104477 7.7041492537313436 1.6131189362635747 1.6141305512002235 0.0009765625
7.7041492537313436 7.7240820895522386 1.6127090005848301 1.6137189362635749 0.0009765625
7.7240820895522386 7.7440149253731345 1.6123007324459482 1.6133090005848303 0.0009765625
7.7440149253731345 7.7639477611940295 1.6118941202453385 1.6129007324459483 0.0009765625
7.7639477611940295 7.7838805970149254 1.6114891524963337 1.6124941202453387 0.0009765625
7.7838805970149254 7.8038134328358213 1.6110858178250329 1.6120891524956342 0.0009765625
7.8038134328358213 7.8237462686567163 1.6106841049723313 1.6116858178257256 0.0009765625
7.8237462686567163 7.8436791044776122 1.610284002785529 1.6112841049723314 0.0009765625
7.8436791044776122 7.8636119402985072 1.6098855002238603 1.6108840027855291 0.0009765625
7.8636119402985072 7.8835447761194031 1.609488586353653 1.6104855002238605 0.0009765625
7.8835447761194031 7.9034776119402981 1.6090932503476436 1.6100885863536532 0.0009765625
7.9034776119402981 7.923410447761194 1.6086994814836397 1.6096932503476438 0.0009765625
7.923410447761194 7.9433432835820899 1.6083072691431921 1.6092994814836399 0.0009765625
7.9433432835820899 7.9632761194029849 1.6079166028102894 1.6089072691431923 0.0009765625
7.9632761194029849 7.9832089552238807 1.6075274720700734 1.6085166028102895 0.0009765625
7.9832089552238807 8.0031417910447757 1.6071398666076151 1.6081274720700736 0.0009765625
8.0031417910447757 8.0230746268656716 1.6067537762065915 1.6077398666076153 0.0009765625
8.0230746268656716 8.0430074626865675 1.6063691907481379 1.6073537762065917 0.0009765625
8.0430074626865675 8.0629402985074634 1.6059861002095912 1.606969190748138 0.0009765625
8.0629402985074634 8.0828731343283575 1.6056044946633399 1.6065861002095914 0.0009765625
8.0828731343283575 8.1028059701492534 1.6052243642756283 1.60620449466334 0.0009765625
8.1028059701492534 8.1227388059701493 1.6048456993054032 1.6058243642756285 0.0009765625
8.1227388059701493 8.1426716417910452 1.6044684901032067 1.6054456993054034 0.0009765625
8.1426716417910452 8.1626044776119393 1.6040927271100289 1.6050684901032068 0.0009765625
8.1626044776119393 8.1825373134328352 1.6037184008562129 1.6046927271100291 0.0009765625
8.1825373134328352 8.2024701492537311 1.6033455019603857 1.604318400856213 0.0009765625
8.2024701492537311 8.222402985074627 1.6029740211283798 1.6039455019603859 0.0009765625
8.222402985074627 8.2423358208955229 1.6026039491521746 1.60357402112838 0.0009765625
8.2423358208955229 8.262268656716417 1.6022352769088768 1.6032039491521748 0.0009765625
8.262268656716417 8.2822014925373129 1.6018679953596764 1.6028352769088769 0.0009765625
8.2822014925373129 8.3021343283582087 1.6015020955488657 1.6024679953596765 0.0009765625
8.3021343283582087 8.3220671641791046 1.6011375686028224 1.6021020955488658 0.0009765625
8.3220671641791046 8.3420000000000005 1.6007744057290514 1.6017375686028226 0.0009765625
8.3420000000000005 8.3619328358208946 1.6004125982152115 1.6013744057290515 0.0009765625
8.3619328358208946 8.3818656716417905 1.6000521374281842 1.6010125982152117 0.0009765625
8.3818656716417905 8.4017985074626864 1.5996930148131041 1.6006521374281844 0.0009765625
8.4017985074626864 8.4217313432835823 1.5993352218924786 1.6002930148131043 0.0009765625
8.4217313432835823 8.4416641791044782 1.5989787502652486 1.5999352218924787 0.0009765625
8.4416641791044782 8.4615970149253723 1.5986235916059002 1.5995787502652488 0.0009765625
8.4615970149253723 8.4815298507462682 1.5982697376636019 1.5992235916059003 0.0009765625
8.4815298507462682 8.5014626865671641 1.5979171802613232 1.5988697376636021 0.0009765625
8.5014626865671641 8.52139552238806 1.5975659112949563 1.5985171802613234 0.0009765625
8.52139552238806 8.5413283582089541 1.5972159227325058 1.5981659112949564 0.0009765625
8.5413283582089541 8.56126119402985 1.596867206613239 1.5978159227325059 0.0009765625
8.56126119402985 8.5811940298507459 1.5965197550468639 1.5974672066132392 0.0009765625
8.5811940298507459 8.6011268656716418 1.5961735602120235 1.5971197550461642 0.0009765625
8.6011268656716418 8.6210597014925376 1.5958286143589953 1.5967735602127233 0.0009765625
8.6210597014925376 8.6409925373134318 1.5954849098019088 1.5964286143589954 0.0009765625
8.6409925373134318 8.6609253731343276 1.595142438924984 1.596084909801909 0.0009765625
8.6609253731343276 8.6808582089552235 1.5948011941782279 1.5957424389249841 0.0009765625
8.6808582089552235 8.7007910447761194 1.5944611680773952 1.595401194178228 0.0009765625
8.7007910447761194 8.7207238805970153 1.5941223532032902 1.5950611680773954 0.0009765625
8.7207238805970153 8.7406567164179094 1.5937847422009737 1.5947223532032904 0.0009765625
8.7406567164179094 8.7605895522388053 1.5934483277790548 1.5943847422009738 0.0009765625
8.7605895522388053 8.7805223880597012 1.5931131027090029 1.5940483277790549 0.0009765625
8.7805223880597012 8.8004552238805971 1.5927790598244211 1.593713102709003 0.0009765625
8.8004552238805971 8.820388059701493 1.5924461920203545 1.5933790598244213 0.0009765625
8.820388059701493 8.8403208955223871 1.5921144922526231 1.5930461920203547 0.0009765625
8.8403208955223871 8.860253731343283 1.5917839535371214 1.5927144922526233 0.0009765625
8.860253731343283 8.8801865671641789 1.5914545689491701 1.5923839535371216 0.0009765625
8.8801865671641789 8.9001194029850748 1.5911263316228632 1.5920545689491703 0.0009765625
8.9001194029850748 8.9200522388059706 1.5907992347504101 1.5917263316228634 0.0009765625
8.9200522388059706 8.9399850746268648 1.5904732715814931 1.5913992347504102 0.0009765625
8.9399850746268648 8.9599179104477606 1.5901484354226627 1.5910732715814933 0.0009765625
8.9599179104477606 8.9798507462686565 1.5898247196366673 1.5907484354226629 0.0009765625
8.9798507462686565 8.9997835820895524 1.5895021176419026 1.5904247196366674 0.0009765625
8.9997835820895524 9.0197164179104483 1.5891806229117569 1.5901021176419028 0.0009765625
9.0197164179104483 9.0396492537313424 1.5888602289740452 1.589780622911757 0.0009765625
9.0396492537313424 9.0595820895522383 1.5885409294103812 1.5894602289740454 0.0009765625
9.0595820895522383 9.0795149253731342 1.5882227178556576 1.5891409294103813 0.0009765625
9.0795149253731342 9.0994477611940301 1.5879055879973953 1.5888227178556578 0.0009765625
9.0994477611940301 9.119380597014926 1.5875895335752632 1.5885055879973955 0.0009765625
9.119380597014926 9.1393134328358201 1.5872745483804394 1.5881895335752634 0.0009765625
9.1393134328358201 9.159246268656716 1.5869606262551255 1.5878745483804395 0.0009765625
9.159246268656716 9.1791791044776119 1.5866477610919505 1.5875606262551256 0.0009765625
9.1791791044776119 9.1991119402985078 1.586335946833477 1.5872477610919506 0.0009765625
9.1991119402985078 9.2190447761194037 1.5860251774716423 1.5869359468334772 0.0009765625
9.2190447761194037 9.2389776119402978 1.5857154470472381 1.5866251774716424 0.0009765625
9.2389776119402978 9.2589104477611937 1.5854067496494268 1.5863154470472383 0.0009765625
9.2589104477611937 9.2788432835820895 1.5850990794151776 1.586006749649427 0.0009765625
9.2788432835820895 9.2987761194029854 1.5847924305288119 1.5856990794151777 0.0009765625
9.2987761194029854 9.3187089552238813 1.5844867972214978 1.5853924305288121 0.0009765625
9.3187089552238813 9.3386417910447754 1.5841821737707287 1.5850867972214979 0.0009765625
9.3386417910447754 9.3585746268656713 1.5838785544998821 1.5847821737707288 0.0009765625
9.3585746268656713 9.3785074626865672 1.5835759337777138 1.5844785544998823 0.0009765625
9.3785074626865672 9.3984402985074631 1.583274306017205 1.5841759337770169 0.0009765625
9.3984402985074631 9.418373134328359 1.5829736656785658 1.5838743060179044 0.0009765625
9.418373134328359 9.4383059701492531 1.5826740072618284 1.5835736656785659 0.0009765625
9.4383059701492531 9.458238805970149 1.582375325313365 1.5832740072618285 0.0009765625
9.458238805970149 9.4781716417910449 1.5820776144218984 1.5829753253133652 0.0009765625
9.4781716417910449 9.4981044776119408 1.5817808692188384 1.5826776144218986 0.0009765625
9.4981044776119408 9.5180373134328367 1.5814850843778032 1.5823808692188386 0.0009765625
9.5180373134328367 9.5379701492537308 1.5811902546141829 1.5820850843778034 0.0009765625
9.5379701492537308 9.5579029850746267 1.5808963746847331 1.5817902546141831 0.0009765625
9.5579029850746267 9.5778358208955225 1.580603439387138 1.5814963746847333 0.0009765625
9.5778358208955225 9.5977686567164184 1.5803114435596037 1.5812034393871381 0.0009765625
9.5977686567164184 9.6177014925373143 1.5800203820804657 1.5809114435596039 0.0009765625
9.6177014925373143 9.6376343283582084 1.5797302498677421 1.5806203820804658 0.0009765625
9.6376343283582084 9.6575671641791043 1.5794410418787641 1.5803302498677423 0.0009765625
9.6575671641791043 9.6775000000000002 1.5791527531097858 1.5800410418787643 0.0009765625
9.6775000000000002 9.6974328358208961 1.5788653785955902 1.5797527531097859 0.0009765625
9.6974328358208961 9.717365671641792 1.5785789134090757 1.5794653785955903 0.0009765625
9.717365671641792 9.7372985074626861 1.5782933526609071 1.5791789134090759 0.0009765625
9.7372985074626861 9.757231343283582 1.5780086914991411 1.5788933526609072 0.0009765625
9.757231343283582 9.7771641791044779 1.5777249251088399 1.5786086914991413 0.0009765625
9.7771641791044779 9.7970970149253738 1.5774420487117022 1.57832492510884 0.0009765625
9.7970970149253738 9.8170298507462697 1.5771600575657252 1.5780420487117024 0.0009765625
9.8170298507462697 9.8369626865671638 1.5768789469648172 1.5777600575657253 0.0009765625
9.8369626865671638 9.8568955223880597 1.5765987122384588 1.5774789469648174 0.0009765625
9.8568955223880597 9.8768283582089555 1.5763193487513614 1.577198712238459 0.0009765625
9.8768283582089555 9.8967611940298514 1.5760408519031095 1.5769193487513615 0.0009765625
9.8967611940298514 9.9166940298507473 1.5757632171278109 1.5766408519031097 0.0009765625
9.9166940298507473 9.9366268656716414 1.5754864398938095 1.576363217127811 0.0009765625
9.9366268656716414 9.9565597014925373 1.5752105157032794 1.5760864398938097 0.0009765625
9.9565597014925373 9.9764925373134332 1.5749354400919593 1.5758105157032796 0.0009765625
9.9764925373134332 9.9964253731343291 1.5746612086287826 1.5755354400919594 0.0009765625
9.9964253731343291 10.016358208955225 1.5743878169155889 1.5752612086287827 0.0009765625
10.016358208955225 10.036291044776119 1.5741152605867932 1.5749878169155891 0.0009765625
10.036291044776119 10.056223880597015 1.5738435353090701 1.5747152605867933 0.0009765625
10.056223880597015 10.076156716417911 1.5735726367810563 1.5744435353090702 0.0009765625
10.076156716417911 10.096089552238807 1.5733025607330271 1.5741726367810565 0.0009765625
10.096089552238807 10.116022388059703 1.5730333029266084 1.5739025607330273 0.0009765625
10.116022388059703 10.135955223880597 1.5727648591544685 1.5736333029266085 0.0009765625
10.135955223880597 10.155888059701493 1.5724972252400364 1.5733648591544687 0.0009765625
10.155888059701493 10.175820895522389 1.5722303970371878 1.5730972252400366 0.0009765625
10.175820895522389 10.195753731343284 1.5719643704292963 1.5728303970364952 0.0009765625
10.195753731343284 10.21568656716418 1.5716991413323738 1.5725643704299959 0.0009765625
10.21568656716418 10.235619402985074 1.5714347056878955 1.5722991413323739 0.0009765625
10.235619402985074 10.25555223880597 1.5711710594694179 1.5720347056878956 0.0009765625
10.25555223880597 10.275485074626866 1.570908198678868 1.5717710594694181 0.0009765625
10.275485074626866 10.295417910447762 1.5706461193469625 1.5715081986788682 0.0009765625
10.295417910447762 10.315350746268658 1.5703848175328992 1.5712461193469627 0.0009765625
10.315350746268658 10.335283582089552 1.5701242893241401 1.5709848175328993 0.0009765625
10.335283582089552 10.355216417910448 1.5698645308361354 1.5707242893241402 0.0009765625
10.355216417910448 10.375149253731344 1.5696055382120377 1.5704645308361356 0.0009765625
10.375149253731344 10.39508208955224 1.5693473076224778 1.5702055382120379 0.0009765625
10.39508208955224 10.415014925373136 1.5690898352652893 1.5699473076224779 0.0009765625
10.415014925373136 10.43494776119403 1.5688331173652759 1.5696898352652895 0.0009765625
10.43494776119403 10.454880597014926 1.5685771501739483 1.569433117365276 0.0009765625
10.454880597014926 10.474813432835822 1.5683219299692777 1.5691771501739484 0.0009765625
10.474813432835822 10.494746268656717 1.5680674530554772 1.5689219299692778 0.0009765625
10.494746268656717 10.514679104477613 1.5678137157627121 1.5686674530554774 0.0009765625
10.514679104477613 10.534611940298507 1.5675607144469292 1.5684137157627123 0.0009765625
10.534611940298507 10.554544776119403 1.5673084454895734 1.5681607144469294 0.0009765625
10.554544776119403 10.574477611940299 1.5670569052973671 1.5679084454895735 0.0009765625
10.574477611940299 10.594410447761195 1.5668060903020999 1.5676569052973672 0.0009765625
10.594410447761195 10.614343283582091 1.5665559969603486 1.5674060903021001 0.0009765625
10.614343283582091 10.634276119402985 1.5663066217533419 1.5671559969603488 0.0009765625
10.634276119402985 10.654208955223881 1.5660579611866405 1.5669066217533421 0.0009765625
10.654208955223881 10.674141791044777 1.5658100117899965 1.5666579611866407 0.0009765625
10.674141791044777 10.694074626865673 1.5655627701171051 1.5664100117899966 0.0009765625
10.694074626865673 10.714007462686569 1.5653162327453509 1.5661627701171053 0.0009765625
10.714007462686569 10.733940298507463 1.5650703962756902 1.5659162327453511 0.0009765625
10.733940298507463 10.753873134328359 1.564825257332346 1.5656703962756904 0.0009765625
10.753873134328359 10.773805970149255 1.5645808125626424 1.5654252573323462 0.0009765625
10.773805970149255 10.79373880597015 1.5643370586368297 1.5651808125626425 0.0009765625
10.79373880597015 10.813671641791046 1.5640939922478103 1.5649370586368299 0.0009765625
10.813671641791046 10.83360447761194 1.5638516101110125 1.5646939922478105 0.0009765625
10.83360447761194 10.853537313432836 1.5636099089641171 1.5644516101110126 0.0009765625
10.853537313432836 10.873470149253732 1.5633688855669325 1.5642099089641173 0.0009765625
10.873470149253732 10.893402985074628 1.5631285367011538 1.5639688855669327 0.0009765625
10.893402985074628 10.913335820895524 1.5628888591701904 1.563728536701154 0.0009765625
10.913335820895524 10.933268656716418 1.5626498497989734 1.5634888591701905 0.0009765625
10.933268656716418 10.953201492537314 1.5624115054337548 1.5632498497989735 0.0009765625
10.953201492537314 10.97313432835821 1.5621738229419306 1.563011505433755 0.0009765625
10.97313432835821 10.993067164179106 1.5619367992111888 1.5627738229412416 0.0009765625
10.993067164179106 11.013000000000002 1.5617004311527356 1.5625367992118779 0.0009765625
11.013000000000002 11.032932835820896 1.561464715694233 1.5623004311527358 0.0009765625
11.032932835820896 11.052865671641792 1.5612296497865434 1.5620647156942331 0.0009765625
11.052865671641792 11.072798507462688 1.5609952304000654 1.5618296497865436 0.0009765625
11.072798507462688 11.092731343283583 1.560761454525285 1.5615952304000655 0.0009765625
11.092731343283583 11.112664179104478 1.5605283191725614 1.5613614545252852 0.0009765625
11.112664179104478 11.132597014925373 1.5602958213719982 1.5611283191725616 0.0009765625
11.132597014925373 11.152529850746269 1.5600639581732636 1.5608958213719983 0.0009765625
11.152529850746269 11.172462686567165 1.5598327266453869 1.5606639581732638 0.0009765625
11.172462686567165 11.192395522388061 1.5596021238766549 1.560432726645387 0.0009765625
11.192395522388061 11.212328358208955 1.5593721469744002 1.560202123876655 0.0009765625
11.212328358208955 11.232261194029851 1.5591427930648438 1.5599721469744003 0.0009765625
11.232261194029851 11.252194029850747 1.5589140592929756 1.559742793064844 0.0009765625
11.252194029850747 11.272126865671643 1.5586859428223336 1.5595140592929757 0.0009765625
11.272126865671643 11.292059701492537 1.5584584408349007 1.5592859428223338 0.0009765625
11.292059701492537 11.311992537313433 1.5582315505309228 1.5590584408349009 0.0009765625
11.311992537313433 11.331925373134329 1.5580052691287563 1.5588315505309229 0.0009765625
11.331925373134329 11.351858208955225 1.557779593864729 1.5586052691287564 0.0009765625
11.351858208955225 11.371791044776121 1.5575545219929676 1.5583795938647291 0.0009765625
11.371791044776121 11.391723880597015 1.5573300507852699 1.5581545219929678 0.0009765625
11.391723880597015 11.411656716417911 1.5571061775309507 1.55793005078527 0.0009765625
11.411656716417911 11.431589552238806 1.556882899536691 1.5577061775309509 0.0009765625
11.431589552238806 11.451522388059702 1.5566602141263934 1.5574828995366912 0.0009765625
11.451522388059702 11.471455223880596 1.5564381186410563 1.5572602141263936 0.0009765625
11.471455223880596 11.491388059701492 1.5562166104386013 1.5570381186410565 0.0009765625
11.491388059701492 11.511320895522388 1.5559956868937475 1.5568166104386014 0.0009765625
11.511320895522388 11.531253731343284 1.555775345397916 1.5565956868937476 0.0009765625
11.531253731343284 11.55118656716418 1.5555555833589976 1.5563753453979161 0.0009765625
11.55118656716418 11.571119402985074 1.555336398201308 1.5561555833589977 0.0009765625
11.571119402985074 11.59105223880597 1.5551177873654014 1.5559363982013081 0.0009765625
11.59105223880597 11.610985074626866 1.5548997483079585 1.5557177873654016 0.0009765625
11.610985074626866 11.630917910447762 1.5546822785016507 1.5554997483079587 0.0009765625
11.630917910447762 11.650850746268656 1.5544653754350084 1.5552822785016509 0.0009765625
11.650850746268656 11.670783582089552 1.5542490366122861 1.5550653754350086 0.0009765625
11.670783582089552 11.690716417910448 1.5540332595533475 1.5548490366122862 0.0009765625
11.690716417910448 11.710649253731344 1.5538180417935292 1.5546332595533476 0.0009765625
11.710649253731344 11.730582089552238 1.5536033808835081 1.5544180417935294 0.0009765625
11.730582089552238 11.750514925373134 1.5533892743892033 1.5542033808835083 0.0009765625
11.750514925373134 11.770447761194029 1.5531757198916274 1.5539892743892034 0.0009765625
11.770447761194029 11.790380597014925 1.5529627149860941 1.5537757198909443 0.0009765625
11.790380597014925 11.810313432835821 1.5527502572855039 1.5535627149867779 0.0009765625
11.810313432835821 11.830246268656715 1.5525383444134184 1.553350257285504 0.0009765625
11.830246268656715 11.850179104477611 1.5523269740107317 1.5531383444134186 0.0009765625
11.850179104477611 11.870111940298507 1.5521161437321838 1.5529269740107319 0.0009765625
11.870111940298507 11.890044776119403 1.5519058512468837 1.5527161437321839 0.0009765625
11.890044776119403 11.909977611940299 1.5516960942382381 1.5525058512468839 0.0009765625
11.909977611940299 11.929910447761193 1.5514868704037978 1.5522960942382382 0.0009765625
11.929910447761193 11.949843283582089 1.5512781774551774 1.552086870403798 0.0009765625
11.949843283582089 11.969776119402985 1.5510700131179331 1.5518781774551775 0.0009765625
11.969776119402985 11.989708955223881 1.5508623751314472 1.5516700131179333 0.0009765625
11.989708955223881 12.009641791044777 1.5506552612488063 1.5514623751314474 0.0009765625
12.009641791044777 12.029574626865671 1.550448669236729 1.5512552612488064 0.0009765625
12.029574626865671 12.049507462686567 1.5502425968754325 1.5510486692367291 0.0009765625
12.049507462686567 12.069440298507462 1.550037041958535 1.5508425968754327 0.0009765625
12.069440298507462 12.089373134328358 1.549832002292947 1.5506370419585351 0.0009765625
12.089373134328358 12.109305970149254 1.5496274756987638 1.5504320022929472 0.0009765625
12.109305970149254 12.129238805970148 1.5494234600091814 1.550227475698764 0.0009765625
12.129238805970148 12.149171641791044 1.5492199530703603 1.5500234600091816 0.0009765625
12.149171641791044 12.16910447761194 1.5490169527413686 1.5498199530703605 0.0009765625
12.16910447761194 12.189037313432836 1.5488144568940458 1.5496169527413688 0.0009765625
12.189037313432836 12.208970149253732 1.5486124634129144 1.549414456894046 0.0009765625
12.208970149253732 12.228902985074626 1.5484109701950901 1.5492124634129145 0.0009765625
12.228902985074626 12.248835820895522 1.5482099751501788 1.5490109701950903 0.0009765625
12.248835820895522 12.268768656716418 1.5480094762001881 1.5488099751501789 0.0009765625
12.268768656716418 12.288701492537314 1.5478094712793915 1.5486094762001883 0.0009765625
12.288701492537314 12.30863432835821 1.5476099583343055 1.5484094712793917 0.0009765625
12.30863432835821 12.328567164179104 1.5474109353235326 1.5482099583343056 0.0009765625
12.328567164179104 12.3485 1.5472124002176988 1.5480109353235327 0.0009765625
12.3485 12.368432835820895 1.5470143509993617 1.5478124002176989 0.0009765625
12.368432835820895 12.388365671641791 1.5468167856629103 1.5476143509993618 0.0009765625
12.388365671641791 12.408298507462687 1.5466197022144825 1.5474167856629104 0.0009765625
12.408298507462687 12.428231343283581 1.5464230986718546 1.5472197022144827 0.0009765625
12.428231343283581 12.448164179104477 1.5462269730643923 1.5470230986718547 0.0009765625
12.448164179104477 12.468097014925373 1.5460313234329344 1.5468269730643924 0.0009765625
12.468097014925373 12.488029850746269 1.5458361478296938 1.5466313234329345 0.0009765625
12.488029850746269 12.507962686567165 1.5456414443182191 1.546436147829694 0.0009765625
12.507962686567165 12.527895522388059 1.5454472109732635 1.5462414443182193 0.0009765625
12.527895522388059 12.547828358208955 1.5452534458807246 1.5460472109732637 0.0009765625
12.547828358208955 12.567761194029851 1.5450601471375394 1.5458534458807247 0.0009765625
12.567761194029851 12.587694029850747 1.5448673128509574 1.5456601471368596 0.0009765625
12.587694029850747 12.607626865671643 1.5446749411418248 1.5454673128516356 0.0009765625
12.607626865671643 12.627559701492537 1.5444830301377115 1.545274941141825 0.0009765625
12.627559701492537 12.647492537313433 1.5442915779796431 1.5450830301377116 0.0009765625
12.647492537313433 12.667425373134328 1.544100582818605 1.5448915779796433 0.0009765625
12.667425373134328 12.687358208955224 1.5439100428161643 1.5447005828186051 0.0009765625
12.687358208955224 12.70729104477612 1.5437199561443578 1.5445100428161644 0.0009765625
12.70729104477612 12.727223880597014 1.5435303209856457 1.5443199561443579 0.0009765625
12.727223880597014 12.74715671641791 1.5433411355328306 1.5441303209856458 0.0009765625
12.74715671641791 12.767089552238806 1.5431523979889556 1.5439411355328307 0.0009765625
12.767089552238806 12.787022388059702 1.5429641065672537 1.5437523979889558 0.0009765625
12.787022388059702 12.806955223880598 1.5427762594910805 1.5435641065672538 0.0009765625
12.806955223880598 12.826888059701492 1.5425888549938103 1.5433762594910807 0.0009765625
12.826888059701492 12.846820895522388 1.5424018913187876 1.5431888549938104 0.0009765625
12.846820895522388 12.866753731343284 1.5422153667192253 1.5430018913187877 0.0009765625
12.866753731343284 12.88668656716418 1.5420292794581767 1.5428153667192255 0.0009765625
12.88668656716418 12.906619402985076 1.5418436278084322 1.5426292794581768 0.0009765625
12.906619402985076 12.92655223880597 1.5416584100524429 1.5424436278084324 0.0009765625
12.92655223880597 12.946485074626866 1.5414736244822689 1.542258410052443 0.0009765625
12.946485074626866 12.966417910447761 1.5412892693995119 1.542073624482269 0.0009765625
12.966417910447761 12.986350746268657 1.5411053431152397 1.5418892693995121 0.0009765625
12.986350746268657 13.006283582089553 1.5409218439498951 1.5417053431152399 0.0009765625
13.006283582089553 13.026216417910447 1.5407387702332609 1.5415218439498952 0.0009765625
13.026216417910447 13.046149253731343 1.5405561203043907 1.541338770233261 0.0009765625
13.046149253731343 13.066082089552239 1.5403738925115211 1.5411561203043909 0.0009765625
13.066082089552239 13.086014925373135 1.5401920852120112 1.5409738925115213 0.0009765625
13.086014925373135 13.105947761194031 1.5400106967723008 1.5407920852120114 0.0009765625
13.105947761194031 13.125880597014925 1.5398297255678126 1.540610696772301 0.0009765625
13.125880597014925 13.145813432835821 1.5396491699829022 1.5404297255678128 0.0009765625
13.145813432835821 13.165746268656717 1.5394690284108001 1.5402491699829024 0.0009765625
13.165746268656717 13.185679104477613 1.5392892992535516 1.5400690284108003 0.0009765625
13.185679104477613 13.205611940298509 1.53910998092193 1.5398892992535518 0.0009765625
13.205611940298509 13.225544776119403 1.5389310718353977 1.5397099809219301 0.0009765625
13.225544776119403 13.245477611940299 1.5387525704220375 1.5395310718353978 0.0009765625
13.245477611940299 13.265410447761194 1.5385744751184913 1.5393525704220377 0.0009765625
13.265410447761194 13.28534328358209 1.5383967843698982 1.5391744751184915 0.0009765625
13.28534328358209 13.305276119402986 1.538219496629849 1.5389967843698984 0.0009765625
13.305276119402986 13.32520895522388 1.5380426103602942 1.5388194966298492 0.0009765625
13.32520895522388 13.345141791044776 1.5378661240315115 1.5386426103602944 0.0009765625
13.345141791044776 13.365074626865672 1.5376900361220454 1.5384661240315116 0.0009765625
13.365074626865672 13.385007462686568 1.5375143451179645 1.5382900361213625 0.0009765625
13.385007462686568 13.404940298507464 1.5373390495161996 1.538114345118641 0.0009765625
13.404940298507464 13.424873134328358 1.5371641478176969 1.5379390495161998 0.0009765625
13.424873134328358 13.444805970149254 1.5369896385341539 1.5377641478176971 0.0009765625
13.444805970149254 13.46473880597015 1.5368155201845615 1.5375896385341541 0.0009765625
13.46473880597015 13.484671641791046 1.5366417912958401 1.5374155201845616 0.0009765625
13.484671641791046 13.50460447761194 1.536468450402775 1.5372417912958403 0.0009765625
13.50460447761194 13.524537313432836 1.5362954960479662 1.5370684504027752 0.0009765625
13.524537313432836 13.544470149253732 1.5361229267817669 1.5368954960479664 0.0009765625
13.544470149253732 13.564402985074627 1.5359507411622286 1.536722926781767 0.0009765625
13.564402985074627 13.584335820895523 1.5357789377550832 1.5365507411622288 0.0009765625
13.584335820895523 13.604268656716417 1.5356075151336328 1.5363789377550834 0.0009765625
13.604268656716417 13.624201492537313 1.5354364718787354 1.536207515133633 0.0009765625
13.624201492537313 13.644134328358209 1.5352658065787486 1.5360364718787356 0.0009765625
13.644134328358209 13.664067164179105 1.5350955178294727 1.5358658065787487 0.0009765625
13.664067164179105 13.683999999999999 1.5349256042341084 1.5356955178294729 0.0009765625
13.683999999999999 13.703932835820895 1.5347560644031724 1.5355256042341086 0.0009765625
13.703932835820895 13.723865671641791 1.5345868969545031 1.5353560644031725 0.0009765625
13.723865671641791 13.743798507462687 1.5344181005131738 1.5351868969545033 0.0009765625
13.743798507462687 13.763731343283581 1.5342496737114446 1.535018100513174 0.0009765625
13.763731343283581 13.783664179104477 1.5340816151887202 1.5348496737114448 0.0009765625
13.783664179104477 13.803597014925373 1.5339139235915158 1.5346816151887204 0.0009765625
13.803597014925373 13.823529850746269 1.5337465975733813 1.5345139235915159 0.0009765625
13.823529850746269 13.843462686567165 1.5335796357948681 1.5343465975733814 0.0009765625
13.843462686567165 13.863395522388059 1.5334130369234908 1.5341796357948683 0.0009765625
13.863395522388059 13.883328358208955 1.5332467996336521 1.534013036923491 0.0009765625
13.883328358208955 13.903261194029851 1.5330809226066384 1.5338467996336522 0.0009765625
13.903261194029851 13.923194029850746 1.5329154045305471 1.5336809226066386 0.0009765625
13.923194029850746 13.943126865671641 1.5327502441002125 1.5335154045305472 0.0009765625
13.943126865671641 13.963059701492536 1.5325854400172332 1.5333502441002127 0.0009765625
13.963059701492536 13.982992537313432 1.5324209909898745 1.5331854400172333 0.0009765625
13.982992537313432 14.002925373134328 1.5322568957330105 1.5330209909898747 0.0009765625
14.002925373134328 14.022858208955224 1.5320931529681456 1.5328568957330106 0.0009765625
14.022858208955224 14.042791044776118 1.5319297614233056 1.5326931529681458 0.0009765625
14.042791044776118 14.062723880597014 1.5317667198330043 1.5325297614233058 0.0009765625
14.062723880597014 14.08265671641791 1.5316040269382567 1.5323667198330044 0.0009765625
14.08265671641791 14.102589552238806 1.531441681486456 1.5322040269382569 0.0009765625
14.102589552238806 14.1225223880597 1.5312796822313857 1.5320416814864561 0.0009765625
14.1225223880597 14.142455223880596 1.5311180279331675 1.5318796822313858 0.0009765625
14.142455223880596 14.162388059701492 1.5309567173581955 1.5317180279331677 0.0009765625
14.162388059701492 14.182320895522388 1.5307957492784505 1.531556717357516 0.0009765625
14.182320895522388 14.202253731343284 1.530635122474826 1.5313957492791304 0.0009765625
14.202253731343284 14.222186567164178 1.5304748357303275 1.5312351224748262 0.0009765625
14.222186567164178 14.242119402985074 1.5303148878367661 1.5310748357303277 0.0009765625
14.242119402985074 14.262052238805969 1.5301552775913911 1.5309148878367662 0.0009765625
14.262052238805969 14.281985074626865 1.5299960037975022 1.5307552775913913 0.0009765625
14.281985074626865 14.301917910447761 1.5298370652643802 1.5305960037975024 0.0009765625
14.301917910447761 14.321850746268657 1.5296784608073055 1.5304370652643804 0.0009765625
14.321850746268657 14.341783582089551 1.5295201892474652 1.5302784608073057 0.0009765625
14.341783582089551 14.361716417910447 1.5293622494119417 1.5301201892474654 0.0009765625
14.361716417910447 14.381649253731343 1.5292046401336703 1.5299622494119418 0.0009765625
14.381649253731343 14.401582089552239 1.5290473602514079 1.5298046401336705 0.0009765625
14.401582089552239 14.421514925373135 1.5288904086096897 1.529647360251408 0.0009765625
14.421514925373135 14.441447761194031 1.5287337840587836 1.5294904086096899 0.0009765625
14.441447761194031 14.461380597014925 1.528577485454663 1.5293337840587837 0.0009765625
14.461380597014925 14.481313432835821 1.5284215116589623 1.5291774854546631 0.0009765625
14.481313432835821 14.501246268656717 1.5282658615389628 1.5290215116589625 0.0009765625
14.501246268656717 14.521179104477612 1.5281105339675287 1.528865861538963 0.0009765625
14.521179104477612 14.541111940298508 1.5279555278230732 1.5287105339675289 0.0009765625
14.541111940298508 14.561044776119402 1.5278008419895497 1.5285555278230734 0.0009765625
14.561044776119402 14.580977611940298 1.5276464753563943 1.5284008419895498 0.0009765625
14.580977611940298 14.600910447761194 1.5274924268184822 1.5282464753563945 0.0009765625
14.600910447761194 14.62084328358209 1.5273386952761301 1.5280924268184823 0.0009765625
14.62084328358209 14.640776119402986 1.5271852796350092 1.5279386952761302 0.0009765625
14.640776119402986 14.660708955223882 1.5270321788061689 1.5277852796350093 0.0009765625
14.660708955223882 14.680641791044776 1.526879391705956 1.5276321788061691 0.0009765625
14.680641791044776 14.700574626865672 1.5267269172559981 1.5274793917059561 0.0009765625
14.700574626865672 14.720507462686568 1.5265747543831765 1.5273269172559982 0.0009765625
14.720507462686568 14.740440298507464 1.526422902019593 1.5271747543831766 0.0009765625
14.740440298507464 14.76037313432836 1.5262713591025188 1.5270229020195931 0.0009765625
14.76037313432836 14.780305970149255 1.5261201245743838 1.5268713591025189 0.0009765625
14.780305970149255 14.80023880597015 1.5259691973827327 1.526720124574384 0.0009765625
14.80023880597015 14.820171641791045 1.5258185764802021 1.5265691973827329 0.0009765625
14.820171641791045 14.840104477611941 1.5256682608244603 1.5264185764802023 0.0009765625
14.840104477611941 14.860037313432837 1.52551824937822 1.5262682608244604 0.0009765625
14.860037313432837 14.879970149253733 1.5253685411091817 1.5261182493782202 0.0009765625
14.879970149253733 14.899902985074629 1.5252191349899875 1.5259685411091819 0.0009765625
14.899902985074629 14.919835820895523 1.5250700299982274 1.5258191349899877 0.0009765625
14.919835820895523 14.939768656716419 1.5249212251163797 1.5256700299982275 0.0009765625
14.939768656716419 14.959701492537315 1.5247727193317895 1.5255212251163799 0.0009765625
14.959701492537315 14.979634328358211 1.5246245116359673 1.525372719331114 0.0009765625
14.979634328358211 14.999567164179107 1.5244766010279338 1.5252245116366394 0.0009765625
14.999567164179107 15.019500000000001 1.5243289865074192 1.525076601027934 0.0009765625
15.019500000000001 15.039432835820897 1.5241816670816313 1.5249289865074194 0.0009765625
15.039432835820897 15.059365671641793 1.5240346417617934 1.5247816670816314 0.0009765625
15.059365671641793 15.079298507462688 1.523887909563836 1.5246346417617935 0.0009765625
15.079298507462688 15.099231343283583 1.5237414695083431 1.5244879095638362 0.0009765625
15.099231343283583 15.119164179104478 1.5235953206205199 1.5243414695083433 0.0009765625
15.119164179104478 15.139097014925374 1.5234494619302035 1.5241953206205201 0.0009765625
15.139097014925374 15.15902985074627 1.5233038924717828 1.5240494619302036 0.0009765625
15.15902985074627 15.178962686567166 1.5231586112842008 1.5239038924717829 0.0009765625
15.178962686567166 15.19889552238806 1.5230136174109241 1.523758611284201 0.0009765625
15.19889552238806 15.218828358208956 1.5228689098999042 1.5236136174109243 0.0009765625
15.218828358208956 15.238761194029852 1.52272448780356 1.5234689098999044 0.0009765625
15.238761194029852 15.258694029850748 1.5225803501787454 1.5233244878035601 0.0009765625
15.258694029850748 15.278626865671642 1.5224364960867371 1.5231803501787455 0.0009765625
15.278626865671642 15.298559701492538 1.5222929245931878 1.5230364960867373 0.0009765625
15.298559701492538 15.318492537313434 1.5221496347681036 1.5228929245931879 0.0009765625
15.318492537313434 15.33842537313433 1.5220066256858171 1.5227496347681038 0.0009765625
15.33842537313433 15.358358208955224 1.5218638964249871 1.5226066256858173 0.0009765625
15.358358208955224 15.37829104477612 1.5217214460685322 1.5224638964249873 0.0009765625
15.37829104477612 15.398223880597016 1.5215792737036316 1.5223214460685324 0.0009765625
15.398223880597016 15.418156716417911 1.5214373784216824 1.5221792737036317 0.0009765625
15.418156716417911 15.438089552238807 1.5212957593183121 1.5220373784216825 0.0009765625
15.438089552238807 15.458022388059701 1.5211544154932788 1.5218957593183122 0.0009765625
15.458022388059701 15.477955223880597 1.5210133460505446 1.5217544154932789 0.0009765625
15.477955223880597 15.497888059701493 1.5208725500981584 1.5216133460505448 0.0009765625
15.497888059701493 15.517820895522389 1.5207320267482862 1.5214725500981585 0.0009765625
15.517820895522389 15.537753731343283 1.5205917751171767 1.5213320267482864 0.0009765625
15.537753731343283 15.557686567164179 1.5204517943251283 1.5211917751171768 0.0009765625
15.557686567164179 15.577619402985075 1.5203120834964612 1.5210517943251285 0.0009765625
15.577619402985075 15.597552238805971 1.52017264175953 1.5209120834964613 0.0009765625
15.597552238805971 15.617485074626867 1.5200334682466285 1.5207726417595302 0.0009765625
15.617485074626867 15.637417910447761 1.5198945620940389 1.5206334682466287 0.0009765625
15.637417910447761 15.657350746268657 1.519755922441971 1.5204945620940391 0.0009765625
15.657350746268657 15.677283582089553 1.5196175484345471 1.5203559224419712 0.0009765625
15.677283582089553 15.697216417910449 1.5194794392197735 1.5202175484345473 0.0009765625
15.697216417910449 15.717149253731343 1.5193415939495247 1.5200794392197736 0.0009765625
15.717149253731343 15.737082089552239 1.5192040117795231 1.5199415939495249 0.0009765625
15.737082089552239 15.757014925373134 1.5190666918693119 1.5198040117795233 0.0009765625
15.757014925373134 15.77694776119403 1.5189296333815416 1.519666691868635 0.0009765625
15.77694776119403 15.796880597014926 1.518792835485355 1.5195296333822128 0.0009765625
15.796880597014926 15.81681343283582 1.5186562973496032 1.5193928354853552 0.0009765625
15.81681343283582 15.836746268656716 1.518520018149542 1.5192562973496033 0.0009765625
15.836746268656716 15.856679104477612 1.5183839970635034 1.5191200181495421 0.0009765625
15.856679104477612 15.876611940298508 1.5182482332734677 1.5189839970635035 0.0009765625
15.876611940298508 15.896544776119404 1.5181127259651004 1.5188482332734679 0.0009765625
15.896544776119404 15.916477611940298 1.5179774743277168 1.5187127259651005 0.0009765625
15.916477611940298 15.936410447761194 1.5178424775542485 1.5185774743277169 0.0009765625
15.936410447761194 15.95634328358209 1.5177077348412289 1.5184424775542487 0.0009765625
15.95634328358209 15.976276119402986 1.5175732453887896 1.5183077348412291 0.0009765625
15.976276119402986 15.996208955223882 1.5174390084006004 1.5181732453887897 0.0009765625
15.996208955223882 16.016141791044777 1.5173050230838907 1.5180390084006006 0.0009765625
16.016141791044777 16.036074626865673 1.5171712886494118 1.5179050230838909 0.0009765625
16.036074626865673 16.056007462686566 1.5170378043113997 1.5177712886494119 0.0009765625
16.056007462686566 16.075940298507462 1.5169045692875833 1.5176378043113998 0.0009765625
16.075940298507462 16.095873134328357 1.5167715827991528 1.5175045692875835 0.0009765625
16.095873134328357 16.115805970149253 1.5166388440707304 1.517371582799153 0.0009765625
16.115805970149253 16.135738805970149 1.5165063523303686 1.5172388440707305 0.0009765625
16.135738805970149 16.155671641791045 1.5163741068095118 1.5171063523303687 0.0009765625
16.155671641791045 16.175604477611941 1.5162421067429954 1.5169741068095119 0.0009765625
16.175604477611941 16.195537313432837 1.5161103513690215 1.5168421067429956 0.0009765625
16.195537313432837 16.215470149253733 1.5159788399291136 1.5167103513690217 0.0009765625
16.215470149253733 16.235402985074629 1.5158475716681503 1.5165788399291138 0.0009765625
16.235402985074629 16.255335820895525 1.5157165458342889 1.5164475716681505 0.0009765625
16.255335820895525 16.275268656716417 1.5155857616789954 1.5163165458342891 0.0009765625
16.275268656716417 16.295201492537313 1.5154552184569772 1.5161857616789955 0.0009765625
16.295201492537313 16.315134328358209 1.5153249154262274 1.5160552184569773 0.0009765625
16.315134328358209 16.335067164179105 1.5151948518479401 1.5159249154262275 0.0009765625
16.335067164179105 16.355 1.5150650269865384 1.5157948518479403 0.0009765625
16.355 16.374932835820896 1.5149354401096273 1.5156650269865386 0.0009765625
16.374932835820896 16.394865671641792 1.5148060904880079 1.5155354401096275 0.0009765625
16.394865671641792 16.414798507462688 1.5146769773956255 1.515406090488008 0.0009765625
16.414798507462688 16.434731343283584 1.5145481001095751 1.5152769773956256 0.0009765625
16.434731343283584 16.454664179104476 1.5144194579100674 1.5151481001095752 0.0009765625
16.454664179104476 16.474597014925372 1.5142910500804321 1.5150194579100675 0.0009765625
16.474597014925372 16.494529850746268 1.5141628759070724 1.5148910500804322 0.0009765625
16.494529850746268 16.514462686567164 1.5140349346794719 1.5147628759070726 0.0009765625
16.514462686567164 16.53439552238806 1.5139072256901727 1.5146349346794721 0.0009765625
16.53439552238806 16.554328358208956 1.5137797482347453 1.5145072256901728 0.0009765625
16.554328358208956 16.574261194029852 1.5136525016111173 1.5143797482340731 0.0009765625
16.574261194029852 16.594194029850748 1.5135254851228988 1.5142525016117825 0.0009765625
16.594194029850748 16.614126865671643 1.5133986980726657 1.5141254851228989 0.0009765625
16.614126865671643 16.634059701492539 1.5132721397686397 1.5139986980726658 0.0009765625
16.634059701492539 16.653992537313435 1.5131458095213555 1.5138721397686399 0.0009765625
16.653992537313435 16.673925373134328 1.5130197066442352 1.5137458095213556 0.0009765625
16.673925373134328 16.693858208955223 1.5128938304536657 1.5136197066442354 0.0009765625
16.693858208955223 16.713791044776119 1.5127681802689243 1.5134938304536658 0.0009765625
16.713791044776119 16.733723880597015 1.5126427554121709 1.5133681802689245 0.0009765625
16.733723880597015 16.753656716417911 1.5125175552084462 1.513242755412171 0.0009765625
16.753656716417911 16.773589552238807 1.5123925789856583 1.5131175552084464 0.0009765625
16.773589552238807 16.793522388059703 1.5122678260745372 1.5129925789856584 0.0009765625
16.793522388059703 16.813455223880599 1.5121432958086594 1.5128678260745374 0.0009765625
16.813455223880599 16.833388059701495 1.5120189875243979 1.5127432958086595 0.0009765625
16.833388059701495 16.853320895522387 1.5118949005609192 1.5126189875243981 0.0009765625
16.853320895522387 16.873253731343283 1.5117710342602002 1.5124949005609194 0.0009765625
16.873253731343283 16.893186567164179 1.5116473879669416 1.5123710342602004 0.0009765625
16.893186567164179 16.913119402985075 1.5115239610286195 1.5122473879669418 0.0009765625
16.913119402985075 16.933052238805971 1.5114007527954409 1.5121239610286197 0.0009765625
16.933052238805971 16.952985074626866 1.5112777626203295 1.5120007527954411 0.0009765625
16.952985074626866 16.972917910447762 1.5111549898589263 1.5118777626203297 0.0009765625
16.972917910447762 16.992850746268658 1.5110324338695531 1.5117549898589264 0.0009765625
16.992850746268658 17.012783582089554 1.5109100940131992 1.5116324338695533 0.0009765625
17.012783582089554 17.03271641791045 1.5107879696535342 1.5115100940131994 0.0009765625
17.03271641791045 17.052649253731346 1.5106660601568656 1.5113879696535344 0.0009765625
17.052649253731346 17.072582089552238 1.5105443648921384 1.5112660601568657 0.0009765625
17.072582089552238 17.092514925373134 1.510422883230913 1.5111443648921385 0.0009765625
17.092514925373134 17.11244776119403 1.5103016145473602 1.5110228832309132 0.0009765625
17.11244776119403 17.132380597014926 1.5101805582182339 1.5109016145473604 0.0009765625
17.132380597014926 17.152313432835822 1.5100597136228839 1.5107805582182341 0.0009765625
17.152313432835822 17.172246268656718 1.5099390801431842 1.5106597136228841 0.0009765625
17.172246268656718 17.192179104477614 1.5098186571636054 1.5105390801431844 0.0009765625
17.192179104477614 17.212111940298509 1.5096984440711303 1.5104186571636056 0.0009765625
17.212111940298509 17.232044776119405 1.5095784402552577 1.5102984440711305 0.0009765625
17.232044776119405 17.251977611940298 1.5094586451080074 1.5101784402552578 0.0009765625
17.251977611940298 17.271910447761194 1.5093390580239006 1.5100586451080076 0.0009765625
17.271910447761194 17.291843283582089 1.509219678399919 1.5099390580239007 0.0009765625
17.291843283582089 17.311776119402985 1.5091005056355427 1.5098196783999192 0.0009765625
17.311776119402985 17.331708955223881 1.508981539132676 1.5097005056355428 0.0009765625
17.331708955223881 17.351641791044777 1.5088627782956983 1.5095815391326761 0.0009765625
17.351641791044777 17.371574626865673 1.5087442225307257 1.5094627782950358 0.0009765625
17.371574626865673 17.391507462686569 1.5086258712489728 1.509344222531394 0.0009765625
17.391507462686569 17.411440298507465 1.5085077238600704 1.509225871248973 0.0009765625
17.411440298507465 17.431373134328361 1.5083897797786647 1.5091077238600705 0.0009765625
17.431373134328361 17.451305970149257 1.5082720384211696 1.5089897797786649 0.0009765625
17.451305970149257 17.471238805970149 1.5081544992063247 1.5088720384211698 0.0009765625
17.471238805970149 17.491171641791045 1.5080371615552426 1.5087544992063249 0.0009765625
17.491171641791045 17.511104477611941 1.5079200248913784 1.5086371615552427 0.0009765625
17.511104477611941 17.531037313432837 1.5078030886405072 1.5085200248913786 0.0009765625
17.531037313432837 17.550970149253732 1.5076863522307327 1.5084030886405073 0.0009765625
17.550970149253732 17.570902985074628 1.5075698150924544 1.5082863522307328 0.0009765625
17.570902985074628 17.590835820895524 1.5074534766583705 1.5081698150924545 0.0009765625
17.590835820895524 17.61076865671642 1.5073373363634592 1.5080534766583706 0.0009765625
17.61076865671642 17.630701492537316 1.5072213936449714 1.5079373363634594 0.0009765625
17.630701492537316 17.650634328358208 1.5071056479424065 1.5078213936449716 0.0009765625
17.650634328358208 17.670567164179104 1.5069900986975311 1.5077056479424067 0.0009765625
17.670567164179104 17.6905 1.5068747453543099 1.5075900986975312 0.0009765625
17.6905 17.710432835820896 1.5067595873589805 1.50747474535431 0.0009765625
17.710432835820896 17.730365671641792 1.5066446241599396 1.5073595873589807 0.0009765625
17.730365671641792 17.750298507462688 1.506529855207809 1.5072446241599398 0.0009765625
17.750298507462688 17.770231343283584 1.5064152799554043 1.5071298552078092 0.0009765625
17.770231343283584 17.79016417910448 1.5063008978577195 1.5070152799554044 0.0009765625
17.79016417910448 17.810097014925375 1.5061867083718976 1.5069008978577196 0.0009765625
17.810097014925375 17.830029850746271 1.5060727109572429 1.5067867083718978 0.0009765625
17.830029850746271 17.849962686567167 1.5059589050752085 1.5066727109572431 0.0009765625
17.849962686567167 17.86989552238806 1.5058452901893773 1.5065589050752086 0.0009765625
17.86989552238806 17.889828358208955 1.5057318657654621 1.5064452901893775 0.0009765625
17.889828358208955 17.909761194029851 1.5056186312712683 1.5063318657654623 0.0009765625
17.909761194029851 17.929694029850747 1.505505586176717 1.5062186312712684 0.0009765625
17.929694029850747 17.949626865671643 1.5053927299538146 1.5061055861767172 0.0009765625
17.949626865671643 17.969559701492539 1.5052800620766391 1.5059927299538147 0.0009765625
17.969559701492539 17.989492537313435 1.5051675820213519 1.5058800620766393 0.0009765625
17.989492537313435 18.009425373134331 1.5050552892661551 1.5057675820213521 0.0009765625
18.009425373134331 18.029358208955227 1.5049431832913087 1.5056552892661552 0.0009765625
18.029358208955227 18.049291044776119 1.5048312635790979 1.5055431832913089 0.0009765625
18.049291044776119 18.069223880597015 1.5047195296138627 1.5054312635790981 0.0009765625
18.069223880597015 18.089156716417911 1.5046079808819144 1.5053195296138628 0.0009765625
18.089156716417911 18.109089552238807 1.5044966168716245 1.5052079808819145 0.0009765625
18.109089552238807 18.129022388059703 1.5043854370733019 1.5050966168716247 0.0009765625
18.129022388059703 18.148955223880598 1.5042744409792863 1.504985437073302 0.0009765625
18.148955223880598 18.168888059701494 1.5041636280832058 1.5048744409786219 0.0009765625
18.168888059701494 18.18882089552239 1.504052997883323 1.5047636280838714 0.0009765625
18.18882089552239 18.208753731343286 1.5039425498758632 1.5046529978833232 0.0009765625
18.208753731343286 18.228686567164182 1.5038322835616482 1.5045425498758633 0.0009765625
18.228686567164182 18.248619402985078 1.5037221984427935 1.5044322835616484 0.0009765625
18.248619402985078 18.26855223880597 1.5036122940233219 1.5043221984427937 0.0009765625
18.26855223880597 18.288485074626866 1.5035025698091842 1.504212294023322 0.0009765625
18.288485074626866 18.308417910447762 1.5033930253082293 1.5041025698091843 0.0009765625
18.308417910447762 18.328350746268658 1.5032836600302102 1.5039930253082294 0.0009765625
18.328350746268658 18.348283582089554 1.5031744734867554 1.5038836600302103 0.0009765625
18.348283582089554 18.36821641791045 1.5030654651913953 1.5037744734867555 0.0009765625
18.36821641791045 18.388149253731346 1.5029566346595065 1.5036654651913954 0.0009765625
18.388149253731346 18.408082089552241 1.5028479814083429 1.5035566346595066 0.0009765625
18.408082089552241 18.428014925373137 1.5027395049570103 1.503447981408343 0.0009765625
18.428014925373137 18.44794776119403 1.5026312048264281 1.5033395049570104 0.0009765625
18.44794776119403 18.467880597014926 1.5025230805393777 1.5032312048264282 0.0009765625
18.467880597014926 18.487813432835821 1.5024151316204655 1.5031230805393778 0.0009765625
18.487813432835821 18.507746268656717 1.5023073575960884 1.5030151316204656 0.0009765625
18.507746268656717 18.527679104477613 1.5021997579944601 1.5029073575960885 0.0009765625
18.527679104477613 18.547611940298509 1.5020923323456103 1.5027997579944603 0.0009765625
18.547611940298509 18.567544776119405 1.5019850801813206 1.5026923323456105 0.0009765625
18.567544776119405 18.587477611940301 1.5018780010351696 1.5025850801813208 0.0009765625
18.587477611940301 18.607410447761197 1.5017710944425211 1.5024780010351697 0.0009765625
18.607410447761197 18.627343283582093 1.5016643599404658 1.5023710944425213 0.0009765625
18.627343283582093 18.647276119402989 1.5015577970678819 1.5022643599404659 0.0009765625
18.647276119402989 18.667208955223881 1.501451405365366 1.5021577970678821 0.0009765625
18.667208955223881 18.687141791044777 1.5013451843752705 1.5020514053653662 0.0009765625
18.687141791044777 18.707074626865673 1.5012391336416611 1.5019451843752707 0.0009765625
18.707074626865673 18.727007462686569 1.5011332527103258 1.5018391336416612 0.0009765625
18.727007462686569 18.746940298507464 1.5010275411287588 1.501733252710326 0.0009765625
18.746940298507464 18.76687313432836 1.5009219984461708 1.501627541128759 0.0009765625
18.76687313432836 18.786805970149256 1.5008166242134466 1.501521998446171 0.0009765625
18.786805970149256 18.806738805970152 1.5007114179831758 1.5014166242134468 0.0009765625
18.806738805970152 18.826671641791048 1.5006063793096138 1.5013114179831759 0.0009765625
18.826671641791048 18.84660447761194 1.5005015077486787 1.501206379309614 0.0009765625
18.84660447761194 18.866537313432836 1.5003968028579671 1.5011015077486789 0.0009765625
18.866537313432836 18.886470149253732 1.5002922641967082 1.5009968028579672 0.0009765625
18.886470149253732 18.906402985074628 1.5001878913257993 1.5008922641967084 0.0009765625
18.906402985074628 18.926335820895524 1.50008368380776 1.5007878913257995 0.0009765625
18.926335820895524 18.94626865671642 1.4999796412067328 1.5006836838077602 0.0009765625
18.94626865671642 18.966201492537316 1.499875763087841 1.5005796412060743 0.0009765625
18.966201492537316 18.986134328358212 1.4997720490204445 1.5004757630884991 0.0009765625
18.986134328358212 19.006067164179107 1.4996684985715627 1.5003720490204446 0.0009765625
19.006067164179107 19.026000000000003 1.4995651113124433 1.5002684985715629 0.0009765625
19.026000000000003 19.045932835820896 1.4994618868152545 1.5001651113124435 0.0009765625
19.045932835820896 19.065865671641792 1.4993588246537695 1.5000618868152547 0.0009765625
19.065865671641792 19.085798507462687 1.4992559244033257 1.4999588246537696 0.0009765625
19.085798507462687 19.105731343283583 1.499153185640834 1.4998559244033258 0.0009765625
19.105731343283583 19.125664179104479 1.499050607944749 1.4997531856408342 0.0009765625
19.125664179104479 19.145597014925375 1.4989481908950915 1.4996506079447491 0.0009765625
19.145597014925375 19.165529850746271 1.4988459340734335 1.4995481908950916 0.0009765625
19.165529850746271 19.185462686567163 1.4987438370628752 1.4994459340734336 0.0009765625
19.185462686567163 19.205395522388059 1.4986418994480317 1.4993438370628753 0.0009765625
19.205395522388059 19.225328358208955 1.4985401208150704 1.4992418994480319 0.0009765625
19.225328358208955 19.245261194029851 1.4984385007516701 1.4991401208150705 0.0009765625
19.245261194029851 19.265194029850747 1.4983370388469954 1.4990385007516702 0.0009765625
19.265194029850747 19.285126865671643 1.4982357346917399 1.4989370388469956 0.0009765625
19.285126865671643 19.305059701492539 1.498134587878075 1.49883573469174 0.0009765625
19.305059701492539 19.324992537313435 1.4980335979996602 1.4987345878780751 0.0009765625
19.324992537313435 19.34492537313433 1.4979327646516478 1.4986335979996603 0.0009765625
19.34492537313433 19.364858208955223 1.497832087430645 1.498532764651648 0.0009765625
19.364858208955223 19.384791044776119 1.4977315659347419 1.4984320874306452 0.0009765625
19.384791044776119 19.404723880597015 1.497631199763495 1.498331565934742 0.0009765625
19.404723880597015 19.42465671641791 1.4975309885178816 1.4982311997634952 0.0009765625
19.42465671641791 19.444589552238806 1.4974309318003598 1.4981309885178817 0.0009765625
19.444589552238806 19.464522388059702 1.4973310292147894 1.49803093180036 0.0009765625
19.464522388059702 19.484455223880598 1.4972312803665071 1.4979310292147896 0.0009765625
19.484455223880598 19.50438805970149 1.4971316848622465 1.4978312803665073 0.0009765625
19.50438805970149 19.524320895522386 1.4970322423101616 1.4977316848622466 0.0009765625
19.524320895522386 19.544253731343282 1.4969329523198296 1.4976322423101618 0.0009765625
19.544253731343282 19.564186567164178 1.4968338145022206 1.4975329523198297 0.0009765625
19.564186567164178 19.584119402985074 1.4967348284697211 1.4974338145022208 0.0009765625
19.584119402985074 19.60405223880597 1.4966359938360994 1.4973348284697212 0.0009765625
19.60405223880597 19.623985074626866 1.4965373102165043 1.4972359938360995 0.0009765625
19.623985074626866 19.643917910447762 1.496438777227477 1.4971373102165044 0.0009765625
19.643917910447762 19.663850746268658 1.4963403944869265 1.4970387772274771 0.0009765625
19.663850746268658 19.68378358208955 1.4962421616141224 1.4969403944869266 0.0009765625
19.68378358208955 19.703716417910446 1.4961440782297093 1.4968421616141225 0.0009765625
19.703716417910446 19.723649253731342 1.4960461439556729 1.4967440782297095 0.0009765625
19.723649253731342 19.743582089552238 1.495948358415357 1.4966461439556731 0.0009765625
19.743582089552238 19.763514925373133 1.4958507212327843 1.4965483584147041 0.0009765625
19.763514925373133 19.783447761194029 1.4957532320359477 1.4964507212334461 0.0009765625
19.783447761194029 19.803380597014925 1.4956558904502191 1.4963532320359478 0.0009765625
19.803380597014925 19.823313432835821 1.4955586961049203 1.4962558904502192 0.0009765625
19.823313432835821 19.843246268656713 1.4954616486300452 1.4961586961049205 0.0009765625
19.843246268656713 19.863179104477609 1.495364747656897 1.4960616486300453 0.0009765625
19.863179104477609 19.883111940298505 1.4952679928180781 1.4959647476568971 0.0009765625
19.883111940298505 19.903044776119401 1.4951713837474816 1.4958679928180783 0.0009765625
19.903044776119401 19.922977611940297 1.4950749200803168 1.4957713837474818 0.0009765625
19.922977611940297 19.942910447761193 1.4949786014530666 1.495674920080317 0.0009765625
19.942910447761193 19.962843283582089 1.4948824275034991 1.4955786014530668 0.0009765625
19.962843283582089 19.982776119402985 1.4947863978706486 1.4954824275034992 0.0009765625
19.982776119402985 20.002708955223881 1.4946905121948335 1.4953863978706488 0.0009765625
20.002708955223881 20.022641791044776 1.4945947701176265 1.4952905121948337 0.0009765625
20.022641791044776 20.042574626865672 1.4944991712818665 1.4951947701176267 0.0009765625
20.042574626865672 20.062507462686565 1.4944037153316474 1.4950991712818666 0.0009765625
20.062507462686565 20.082440298507461 1.4943084019122852 1.4950037153316476 0.0009765625
20.082440298507461 20.102373134328356 1.4942132306703693 1.4949084019122854 0.0009765625
20.102373134328356 20.122305970149252 1.4941182012537098 1.4948132306703694 0.0009765625
20.122305970149252 20.142238805970148 1.4940233133113492 1.4947182012537099 0.0009765625
20.142238805970148 20.162171641791044 1.4939285664935535 1.4946233133113493 0.0009765625
20.162171641791044 20.18210447761194 1.4938339604518003 1.4945285664935537 0.0009765625
20.18210447761194 20.202037313432836 1.4937394948387976 1.4944339604518004 0.0009765625
20.202037313432836 20.221970149253732 1.4936451693084472 1.4943394948387978 0.0009765625
20.221970149253732 20.241902985074624 1.4935509835158596 1.4942451693084473 0.0009765625
20.241902985074624 20.26183582089552 1.4934569371173465 1.4941509835158597 0.0009765625
20.26183582089552 20.281768656716416 1.4933630297704072 1.4940569371173467 0.0009765625
20.281768656716416 20.301701492537312 1.4932692611337215 1.4939630297704074 0.0009765625
20.301701492537312 20.321634328358208 1.49317563086715 1.4938692611337216 0.0009765625
20.321634328358208 20.341567164179104 1.4930821386317479 1.4937756308671502 0.0009765625
20.341567164179104 20.361499999999999 1.4929887840897256 1.493682138631748 0.0009765625
20.361499999999999 20.381432835820895 1.4928955669044515 1.4935887840897257 0.0009765625
20.381432835820895 20.401365671641791 1.4928024867404746 1.4934955669044516 0.0009765625
20.401365671641791 20.421298507462687 1.4927095432634836 1.4934024867404747 0.0009765625
20.421298507462687 20.441231343283583 1.4926167361403284 1.4933095432634838 0.0009765625
20.441231343283583 20.461164179104475 1.4925240650389906 1.4932167361403286 0.0009765625
20.461164179104475 20.481097014925371 1.4924315296285946 1.4931240650389908 0.0009765625
20.481097014925371 20.501029850746267 1.4923391295794095 1.4930315296285948 0.0009765625
20.501029850746267 20.520962686567163 1.4922468645628311 1.4929391295794097 0.0009765625
20.520962686567163 20.540895522388059 1.4921547342513657 1.4928468645628312 0.0009765625
20.540895522388059 20.560828358208955 1.4920627383180018 1.4927547342507153 0.0009765625
20.560828358208955 20.580761194029851 1.4919708764394519 1.4926627383186528 0.0009765625
20.580761194029851 20.600694029850747 1.4918791482896092 1.4925708764394521 0.0009765625
20.600694029850747 20.620626865671642 1.4917875535460998 1.4924791482896094 0.0009765625
20.620626865671642 20.640559701492535 1.4916960918869846 1.4923875535461 0.0009765625
20.640559701492535 20.660492537313431 1.491604762991422 1.4922960918869848 0.0009765625
20.660492537313431 20.680425373134327 1.4915135665396675 1.4922047629914221 0.0009765625
20.680425373134327 20.700358208955222 1.4914225022130605 1.4921135665396676 0.0009765625
20.700358208955222 20.720291044776118 1.4913315696940057 1.4920225022130607 0.0009765625
20.720291044776118 20.740223880597014 1.4912407686659952 1.4919315696940059 0.0009765625
20.740223880597014 20.76015671641791 1.4911500988136195 1.4918407686659954 0.0009765625
20.76015671641791 20.780089552238806 1.4910595598224723 1.4917500988136196 0.0009765625
20.780089552238806 20.800022388059702 1.490969151379264 1.4916595598224724 0.0009765625
20.800022388059702 20.819955223880598 1.4908788731717486 1.4915691513792642 0.0009765625
20.819955223880598 20.839888059701494 1.4907887248887191 1.4914788731717488 0.0009765625
20.839888059701494 20.859820895522386 1.4906987062200301 1.4913887248887192 0.0009765625
20.859820895522386 20.879753731343282 1.4906088168565732 1.4912987062200302 0.0009765625
20.879753731343282 20.899686567164178 1.490519056490279 1.4912088168565734 0.0009765625
20.899686567164178 20.919619402985074 1.4904294248141134 1.4911190564902792 0.0009765625
20.919619402985074 20.93955223880597 1.4903399215220863 1.4910294248141136 0.0009765625
20.93955223880597 20.959485074626865 1.4902505463092015 1.4909399215220864 0.0009765625
20.959485074626865 20.979417910447761 1.4901612988715063 1.4908505463092017 0.0009765625
20.979417910447761 20.999350746268657 1.4900721789060687 1.4907612988715064 0.0009765625
20.999350746268657 21.019283582089553 1.4899831861109554 1.4906721789060688 0.0009765625
21.019283582089553 21.039216417910446 1.4898943201852439 1.4905831861109555 0.0009765625
21.039216417910446 21.059149253731341 1.489805580829018 1.4904943201852441 0.0009765625
21.059149253731341 21.079082089552237 1.489716967743363 1.4904055808290182 0.0009765625
21.079082089552237 21.099014925373133 1.4896284806303599 1.4903169677433632 0.0009765625
21.099014925373133 21.118947761194029 1.4895401191930597 1.4902284806303601 0.0009765625
21.118947761194029 21.138880597014925 1.4894518831355268 1.4901401191930599 0.0009765625
21.138880597014925 21.158813432835821 1.4893637721627973 1.4900518831355269 0.0009765625
21.158813432835821 21.178746268656717 1.4892757859808938 1.4899637721627974 0.0009765625
21.178746268656717 21.198679104477613 1.4891879242967796 1.489875785980894 0.0009765625
21.198679104477613 21.218611940298509 1.4891001868184324 1.4897879242967798 0.0009765625
21.218611940298509 21.238544776119404 1.4890125732547608 1.4897001868184325 0.0009765625
21.238544776119404 21.258477611940297 1.4889250833156471 1.4896125732547609 0.0009765625
21.258477611940297 21.278410447761193 1.4888377167119531 1.4895250833156473 0.0009765625
21.278410447761193 21.298343283582089 1.4887504731554448 1.4894377167119532 0.0009765625
21.298343283582089 21.318276119402984 1.488663352358871 1.489350473155445 0.0009765625
21.318276119402984 21.33820895522388 1.4885763540359322 1.4892633523588712 0.0009765625
21.33820895522388 21.358141791044776 1.4884894779005784 1.489176354035276 0.0009765625
21.358141791044776 21.378074626865672 1.4884027236703528 1.489089477901228 0.0009765625
21.378074626865672 21.398007462686568 1.4883160910597861 1.4890027236703529 0.0009765625
21.398007462686568 21.417940298507464 1.4882295797869538 1.4889160910597863 0.0009765625
21.417940298507464 21.437873134328356 1.4881431895702131 1.488829579786954 0.0009765625
21.437873134328356 21.457805970149252 1.4880569201288332 1.4887431895702132 0.0009765625
21.457805970149252 21.477738805970148 1.487970771183003 1.4886569201288333 0.0009765625
21.477738805970148 21.497671641791044 1.4878847424538288 1.4885707711830032 0.0009765625
21.497671641791044 21.51760447761194 1.4877988336633174 1.488484742453829 0.0009765625
21.51760447761194 21.537537313432836 1.4877130445343814 1.4883988336633176 0.0009765625
21.537537313432836 21.557470149253732 1.4876273747908475 1.4883130445343815 0.0009765625
21.557470149253732 21.577402985074627 1.4875418241574327 1.4882273747908477 0.0009765625
21.577402985074627 21.597335820895523 1.4874563923597475 1.4881418241574329 0.0009765625
21.597335820895523 21.617268656716419 1.4873710791242847 1.4880563923597476 0.0009765625
21.617268656716419 21.637201492537315 1.4872858841784451 1.4879710791242848 0.0009765625
21.637201492537315 21.657134328358207 1.4872008072504936 1.4878858841784453 0.0009765625
21.657134328358207 21.677067164179103 1.4871158480695748 1.4878008072504938 0.0009765625
21.677067164179103 21.696999999999999 1.4870310063657273 1.4877158480695749 0.0009765625
21.696999999999999 21.716932835820895 1.4869462818698342 1.4876310063657274 0.0009765625
21.716932835820895 21.736865671641791 1.4868616743136773 1.4875462818698344 0.0009765625
21.736865671641791 21.756798507462687 1.4867771834298829 1.4874616743136775 0.0009765625
21.756798507462687 21.776731343283583 1.486692808951932 1.487377183429883 0.0009765625
21.776731343283583 21.796664179104479 1.4866085506141824 1.4872928089519322 0.0009765625
21.796664179104479 21.816597014925375 1.4865244081518409 1.4872085506141826 0.0009765625
21.816597014925375 21.836529850746267 1.4864403813009501 1.4871244081518411 0.0009765625
21.836529850746267 21.856462686567163 1.4863564697984253 1.4870403813009503 0.0009765625
21.856462686567163 21.876395522388059 1.48627267338199 1.4869564697984254 0.0009765625
21.876395522388059 21.896328358208955 1.4861889917902498 1.4868726733819901 0.0009765625
21.896328358208955 21.91626119402985 1.4861054247626067 1.4867889917902499 0.0009765625
21.91626119402985 21.936194029850746 1.4860219720393197 1.4867054247626068 0.0009765625
21.936194029850746 21.956126865671642 1.485938633361473 1.4866219720393199 0.0009765625
21.956126865671642 21.976059701492538 1.4858554084709741 1.4865386333614732 0.0009765625
21.976059701492538 21.995992537313434 1.4857722971105476 1.4864554084709742 0.0009765625
21.995992537313434 22.01592537313433 1.4856892990237467 1.4863722971105477 0.0009765625
22.01592537313433 22.035858208955226 1.4856064139549383 1.4862892990237468 0.0009765625
22.035858208955226 22.055791044776118 1.4855236416493047 1.4862064139549385 0.0009765625
22.055791044776118 22.075723880597014 1.4854409818528191 1.4861236416493049 0.0009765625
22.075723880597014 22.09565671641791 1.4853584343122865 1.4860409818528193 0.0009765625
22.09565671641791 22.115589552238806 1.4852759987752986 1.4859584343122867 0.0009765625
22.115589552238806 22.135522388059702 1.4851936749902466 1.4858759987752987 0.0009765625
22.135522388059702 22.155455223880598 1.4851114627056761 1.4857936749895979 0.0009765625
22.155455223880598 22.175388059701493 1.4850293616735148 1.485711462706329 0.0009765625
22.175388059701493 22.195320895522389 1.4849473716425896 1.485629361673515 0.0009765625
22.195320895522389 22.215253731343285 1.4848654923651088 1.4855473716425898 0.0009765625
22.215253731343285 22.235186567164178 1.4847837235934147 1.4854654923651089 0.0009765625
22.235186567164178 22.255119402985073 1.4847020650806149 1.4853837235934149 0.0009765625
22.255119402985073 22.275052238805969 1.4846205165806283 1.485302065080615 0.0009765625
22.275052238805969 22.294985074626865 1.4845390778481133 1.4852205165806285 0.0009765625
22.294985074626865 22.314917910447761 1.4844577486385209 1.4851390778481135 0.0009765625
22.314917910447761 22.334850746268657 1.4843765287080464 1.485057748638521 0.0009765625
22.334850746268657 22.354783582089553 1.4842954178136762 1.4849765287080465 0.0009765625
22.354783582089553 22.374716417910449 1.4842144157131338 1.4848954178136764 0.0009765625
22.374716417910449 22.394649253731345 1.4841335221649135 1.484814415713134 0.0009765625
22.394649253731345 22.414582089552241 1.4840527369282728 1.4847335221649136 0.0009765625
22.414582089552241 22.434514925373136 1.4839720597631982 1.4846527369282729 0.0009765625
22.434514925373136 22.454447761194029 1.4838914904304443 1.4845720597631984 0.0009765625
22.454447761194029 22.474380597014925 1.4838110286914912 1.4844914904304445 0.0009765625
22.474380597014925 22.494313432835821 1.4837306743085878 1.4844110286914913 0.0009765625
22.494313432835821 22.514246268656716 1.483650427044708 1.484330674308588 0.0009765625
22.514246268656716 22.534179104477612 1.4835702866635592 1.4842504270447081 0.0009765625
22.534179104477612 22.554111940298508 1.4834902529295855 1.4841702866635593 0.0009765625
22.554111940298508 22.574044776119404 1.4834103256079669 1.4840902529295856 0.0009765625
22.574044776119404 22.5939776119403 1.4833305044646041 1.4840103256079671 0.0009765625
22.5939776119403 22.613910447761196 1.4832507892661442 1.4839305044646043 0.0009765625
22.613910447761196 22.633843283582088 1.4831711797799121 1.4838507892661443 0.0009765625
22.633843283582088 22.653776119402984 1.4830916757739934 1.4837711797799122 0.0009765625
22.653776119402984 22.67370895522388 1.4830122770171761 1.4836916757739935 0.0009765625
22.67370895522388 22.693641791044776 1.4829329832789522 1.4836122770171762 0.0009765625
22.693641791044776 22.713574626865672 1.4828537943295477 1.4835329832789523 0.0009765625
22.713574626865672 22.733507462686568 1.4827747099398589 1.4834537943295478 0.0009765625
22.733507462686568 22.753440298507464 1.4826957298815311 1.4833747099398591 0.0009765625
22.753440298507464 22.773373134328359 1.4826168539268822 1.4832957298815312 0.0009765625
22.773373134328359 22.793305970149255 1.4825380818489364 1.4832168539268824 0.0009765625
22.793305970149255 22.813238805970151 1.4824594134214149 1.4831380818489366 0.0009765625
22.813238805970151 22.833171641791047 1.4823808484187366 1.483059413421415 0.0009765625
22.833171641791047 22.853104477611939 1.4823023866160072 1.4829808484187368 0.0009765625
22.853104477611939 22.873037313432835 1.482224027789024 1.4829023866160074 0.0009765625
22.873037313432835 22.892970149253731 1.4821457717142557 1.4828240277890241 0.0009765625
22.892970149253731 22.912902985074627 1.482067618168879 1.4827457717142558 0.0009765625
22.912902985074627 22.932835820895523 1.4819895669307341 1.4826676181688792 0.0009765625
22.932835820895523 22.952768656716419 1.4819116177776925 1.482589566930087 0.0009765625
22.952768656716419 22.972701492537315 1.481833770490895 1.4825116177783395 0.0009765625
22.972701492537315 22.992634328358211 1.4817560248482711 1.4824337704908952 0.0009765625
22.992634328358211 23.012567164179107 1.4816783806309954 1.4823560248482712 0.0009765625
23.012567164179107 23.032499999999999 1.4816008376202832 1.4822783806309956 0.0009765625
23.032499999999999 23.052432835820895 1.4815233955979938 1.4822008376202833 0.0009765625
23.052432835820895 23.072365671641791 1.4814460543466672 1.482123395597994 0.0009765625
23.072365671641791 23.092298507462687 1.4813688136494869 1.4820460543466674 0.0009765625
23.092298507462687 23.112231343283582 1.4812916732903003 1.4819688136494871 0.0009765625
23.112231343283582 23.132164179104478 1.4812146330536125 1.4818916732903005 0.0009765625
23.132164179104478 23.152097014925374 1.4811376927245563 1.4818146330536126 0.0009765625
23.152097014925374 23.17202985074627 1.481060852088957 1.4817376927245565 0.0009765625
23.17202985074627 23.191962686567166 1.4809841109332482 1.4816608520889571 0.0009765625
23.191962686567166 23.211895522388062 1.4809074690445236 1.4815841109332484 0.0009765625
23.211895522388062 23.231828358208958 1.4808309262105042 1.4815074690445238 0.0009765625
23.231828358208958 23.25176119402985 1.4807544822195726 1.4814309262105043 0.0009765625
23.25176119402985 23.271694029850746 1.4806781368607373 1.4813544822195728 0.0009765625
23.271694029850746 23.291626865671642 1.4806018899236222 1.4812781368607375 0.0009765625
23.291626865671642 23.311559701492538 1.480525741198514 1.4812018899236223 0.0009765625
23.311559701492538 23.331492537313434 1.4804496904763063 1.4811257411985141 0.0009765625
23.331492537313434 23.35142537313433 1.4803737375485304 1.4810496904763064 0.0009765625
23.35142537313433 23.371358208955225 1.4802978822073278 1.4809737375485306 0.0009765625
23.371358208955225 23.391291044776121 1.4802221242454829 1.480897882207328 0.0009765625
23.391291044776121 23.411223880597017 1.4801464634563717 1.4808221242454831 0.0009765625
23.411223880597017 23.43115671641791 1.4800708996340268 1.4807464634563718 0.0009765625
23.43115671641791 23.451089552238805 1.4799954325730527 1.480670899634027 0.0009765625
23.451089552238805 23.471022388059701 1.4799200620686779 1.4805954325730528 0.0009765625
23.471022388059701 23.490955223880597 1.4798447879167631 1.480520062068678 0.0009765625
23.490955223880597 23.510888059701493 1.4797696099137525 1.4804447879167633 0.0009765625
23.510888059701493 23.530820895522389 1.47969452785671 1.4803696099137527 0.0009765625
23.530820895522389 23.550753731343285 1.4796195415432813 1.4802945278567101 0.0009765625
23.550753731343285 23.570686567164181 1.4795446507717394 1.4802195415432815 0.0009765625
23.570686567164181 23.590619402985077 1.479469855340942 1.4801446507717395 0.0009765625
23.590619402985077 23.610552238805973 1.4793951550503355 1.4800698553409422 0.0009765625
23.610552238805973 23.630485074626868 1.4793205496999677 1.4799951550503356 0.0009765625
23.630485074626868 23.650417910447761 1.4792460390904796 1.4799205496999679 0.0009765625
23.650417910447761 23.670350746268657 1.4791716230230965 1.4798460390904797 0.0009765625
23.670350746268657 23.690283582089553 1.4790973012996387 1.4797716230230966 0.0009765625
23.690283582089553 23.710216417910448 1.479023073722495 1.4796973012996388 0.0009765625
23.710216417910448 23.730149253731344 1.4789489400946536 1.4796230737224951 0.0009765625
23.730149253731344 23.75008208955224 1.4788749002190349 1.4795489400940143 0.0009765625
23.75008208955224 23.770014925373136 1.4788009539016929 1.479474900219671 0.0009765625
23.770014925373136 23.789947761194032 1.4787271009454253 1.479400953901693 0.0009765625
23.789947761194032 23.809880597014928 1.4786533411561569 1.4793271009454254 0.0009765625
23.809880597014928 23.82981343283582 1.4785796743397532 1.479253341156157 0.0009765625
23.82981343283582 23.849746268656716 1.4785061003026365 1.4791796743397534 0.0009765625
23.849746268656716 23.869679104477612 1.478432618851802 1.4791061003026367 0.0009765625
23.869679104477612 23.889611940298508 1.478359229794808 1.4790326188518021 0.0009765625
23.889611940298508 23.909544776119404 1.4782859329397764 1.4789592297948082 0.0009765625
23.909544776119404 23.9294776119403 1.4782127280953969 1.4788859329397765 0.0009765625
23.9294776119403 23.949410447761196 1.478139615070905 1.4788127280953971 0.0009765625
23.949410447761196 23.969343283582091 1.4780665936761033 1.4787396150709051 0.0009765625
23.969343283582091 23.989276119402987 1.4779936637213331 1.4786665936761034 0.0009765625
23.989276119402987 24.009208955223883 1.4779208250175073 1.4785936637213333 0.0009765625
24.009208955223883 24.029141791044779 1.4778480773760796 1.4785208250175075 0.0009765625
24.029141791044779 24.049074626865671 1.4777754206090488 1.4784480773760798 0.0009765625
24.049074626865671 24.069007462686567 1.4777028545289623 1.4783754206090489 0.0009765625
24.069007462686567 24.088940298507463 1.477630378948912 1.4783028545289625 0.0009765625
24.088940298507463 24.108873134328359 1.4775579936825332 1.4782303789489122 0.0009765625
24.108873134328359 24.128805970149255 1.4774856985440015 1.4781579936825333 0.0009765625
24.128805970149255 24.148738805970151 1.477413493348011 1.4780856985440016 0.0009765625
24.148738805970151 24.168671641791047 1.4773413779098308 1.4780134933480111 0.0009765625
24.168671641791047 24.188604477611943 1.4772693520452318 1.4779413779098309 0.0009765625
24.188604477611943 24.208537313432839 1.4771974155705192 1.477869352045232 0.0009765625
24.208537313432839 24.228470149253731 1.4771255683025508 1.4777974155705194 0.0009765625
24.228470149253731 24.248402985074627 1.4770538100586843 1.477725568302551 0.0009765625
24.248402985074627 24.268335820895523 1.4769821406568162 1.4776538100586845 0.0009765625
24.268335820895523 24.288268656716419 1.4769105599153647 1.4775821406568164 0.0009765625
24.288268656716419 24.308201492537314 1.4768390676532817 1.4775105599153648 0.0009765625
24.308201492537314 24.32813432835821 1.4767676636900138 1.4774390676532818 0.0009765625
24.32813432835821 24.348067164179106 1.4766963478455504 1.4773676636900139 0.0009765625
24.348067164179106 24.368000000000002 1.4766251199403815 1.4772963478455505 0.0009765625
24.368000000000002 24.387932835820898 1.4765539797955254 1.4772251199403816 0.0009765625
24.387932835820898 24.407865671641794 1.4764829272324917 1.4771539797955255 0.0009765625
24.407865671641794 24.42779850746269 1.4764119620733214 1.4770829272324919 0.0009765625
24.42779850746269 24.447731343283582 1.4763410841405615 1.4770119620733215 0.0009765625
24.447731343283582 24.467664179104478 1.4762702932572367 1.4769410841405617 0.0009765625
24.467664179104478 24.487597014925374 1.4761995892469222 1.4768702932572368 0.0009765625
24.487597014925374 24.50752985074627 1.4761289719336605 1.4767995892469223 0.0009765625
24.50752985074627 24.527462686567166 1.4760584411420159 1.4767289719336607 0.0009765625
24.527462686567166 24.547395522388062 1.4759879966963976 1.476658441141377 0.0009765625
24.547395522388062 24.567328358208957 1.4759176384242829 1.4765879966970379 0.0009765625
24.567328358208957 24.587261194029853 1.4758473661497993 1.4765176384242831 0.0009765625
24.587261194029853 24.607194029850746 1.4757771797001238 1.4764473661497994 0.0009765625
24.607194029850746 24.627126865671642 1.4757070789023019 1.4763771797001239 0.0009765625
24.627126865671642 24.647059701492537 1.4756370635838443 1.4763070789023021 0.0009765625
24.647059701492537 24.666992537313433 1.4755671335727778 1.4762370635838444 0.0009765625
24.666992537313433 24.686925373134329 1.4754972886975855 1.476167133572778 0.0009765625
24.686925373134329 24.706858208955225 1.4754275287872676 1.4760972886975856 0.0009765625
24.706858208955225 24.726791044776121 1.4753578536712775 1.4760275287872677 0.0009765625
24.726791044776121 24.746723880597017 1.4752882631795732 1.4759578536712776 0.0009765625
24.746723880597017 24.766656716417913 1.4752187571425763 1.4758882631795733 0.0009765625
24.766656716417913 24.786589552238805 1.475149335391196 1.4758187571425765 0.0009765625
24.786589552238805 24.806522388059701 1.4750799977568125 1.4757493353911961 0.0009765625
24.806522388059701 24.826455223880597 1.4750107440712783 1.4756799977568127 0.0009765625
24.826455223880597 24.846388059701493 1.4749415741669252 1.4756107440712785 0.0009765625
24.846388059701493 24.866320895522389 1.4748724878765458 1.4755415741669253 0.0009765625
24.866320895522389 24.886253731343285 1.4748034850334206 1.4754724878765459 0.0009765625
24.886253731343285 24.90618656716418 1.4747345654712638 1.4754034850334208 0.0009765625
24.90618656716418 24.926119402985073 1.4746657290243068 1.475334565471264 0.0009765625
24.926119402985073 24.946052238805969 1.4745969755271942 1.475265729024307 0.0009765625
24.946052238805969 24.965985074626865 1.4745283048150519 1.4751969755271943 0.0009765625
24.965985074626865 24.98591791044776 1.4744597167234761 1.4751283048150521 0.0009765625
24.98591791044776 25.005850746268656 1.4743912110885127 1.4750597167234762 0.0009765625
25.005850746268656 25.025783582089552 1.4743227877466583 1.4749912110885128 0.0009765625
25.025783582089552 25.045716417910448 1.4742544465348852 1.4749227877466584 0.0009765625
25.045716417910448 25.065649253731344 1.4741861872906055 1.4748544465348854 0.0009765625
25.065649253731344 25.08558208955224 1.4741180098516744 1.4747861872906056 0.0009765625
25.08558208955224 25.105514925373132 1.4740499140564218 1.4747180098516746 0.0009765625
25.105514925373132 25.125447761194028 1.4739818997436136 1.474649914056422 0.0009765625
25.125447761194028 25.145380597014924 1.4739139667524519 1.4745818997436138 0.0009765625
25.145380597014924 25.16531343283582 1.4738461149226154 1.4745139667524521 0.0009765625
25.16531343283582 25.185246268656716 1.4737783440941883 1.4744461149226156 0.0009765625
25.185246268656716 25.205179104477612 1.4737106541077389 1.4743783440941884 0.0009765625
25.205179104477612 25.225111940298508 1.473643044804241 1.4743106541077391 0.0009765625
25.225111940298508 25.2450447761194 1.4735755160251232 1.4742430448042412 0.0009765625
25.2450447761194 25.264977611940296 1.4735080676122609 1.4741755160251233 0.0009765625
25.264977611940296 25.284910447761192 1.4734406994079436 1.4741080676122611 0.0009765625
25.284910447761192 25.304843283582088 1.4733734112549288 1.4740406994079438 0.0009765625
25.304843283582088 25.324776119402983 1.4733062029963713 1.473973411254929 0.0009765625
25.324776119402983 25.344708955223879 1.4732390744752364 1.4739062029957315 0.0009765625
25.344708955223879 25.364641791044775 1.4731720255374725 1.4738390744758758 0.0009765625
25.364641791044775 25.384574626865671 1.4731050560256398 1.4737720255374727 0.0009765625
25.384574626865671 25.404507462686567 1.4730381657852452 1.4737050560256399 0.0009765625
25.404507462686567 25.424440298507463 1.4729713546616174 1.4736381657852453 0.0009765625
25.424440298507463 25.444373134328359 1.4729046225004918 1.4735713546616176 0.0009765625
25.444373134328359 25.464305970149251 1.4728379691480284 1.473504622500492 0.0009765625
25.464305970149251 25.484238805970147 1.4727713944508114 1.4734379691480286 0.0009765625
25.484238805970147 25.504171641791043 1.472704898255849 1.4733713944508116 0.0009765625
25.504171641791043 25.524104477611939 1.4726384804105459 1.4733048982558492 0.0009765625
25.524104477611939 25.544037313432835 1.4725721407627534 1.4732384804105461 0.0009765625
25.544037313432835 25.563970149253731 1.4725058791607271 1.4731721407627536 0.0009765625
25.563970149253731 25.583902985074626 1.472439695453128 1.4731058791607272 0.0009765625
25.583902985074626 25.603835820895522 1.4723735894890304 1.4730396954531282 0.0009765625
25.603835820895522 25.623768656716418 1.4723075611179326 1.4729735894890306 0.0009765625
25.623768656716418 25.643701492537314 1.4722416101897231 1.4729075611179328 0.0009765625
25.643701492537314 25.66363432835821 1.4721757365547272 1.4728416101897233 0.0009765625
25.66363432835821 25.683567164179106 1.4721099400636444 1.4727757365547274 0.0009765625
25.683567164179106 25.703500000000002 1.4720442205675901 1.4727099400636445 0.0009765625
25.703500000000002 25.723432835820894 1.471978577918102 1.4726442205675903 0.0009765625
25.723432835820894 25.74336567164179 1.4719130119671036 1.4725785779181022 0.0009765625
25.74336567164179 25.763298507462686 1.4718475225669057 1.4725130119671037 0.0009765625
25.763298507462686 25.783231343283582 1.4717821095702492 1.4724475225669058 0.0009765625
25.783231343283582 25.803164179104478 1.4717167728302554 1.4723821095702494 0.0009765625
25.803164179104478 25.823097014925374 1.4716515122004394 1.4723167728302555 0.0009765625
25.823097014925374 25.843029850746269 1.4715863275347174 1.4722515122004396 0.0009765625
25.843029850746269 25.862962686567165 1.4715212186874045 1.4721863275347176 0.0009765625
25.862962686567165 25.882895522388061 1.4714561855131991 1.4721212186874046 0.0009765625
25.882895522388061 25.902828358208957 1.4713912278672003 1.4720561855131993 0.0009765625
25.902828358208957 25.922761194029853 1.4713263456048891 1.4719912278672005 0.0009765625
25.922761194029853 25.942694029850749 1.4712615385821406 1.4719263456048892 0.0009765625
25.942694029850749 25.962626865671645 1.4711968066552013 1.4718615385821407 0.0009765625
25.962626865671645 25.982559701492541 1.471132149680725 1.4717968066552014 0.0009765625
25.982559701492541 26.002492537313433 1.471067567515743 1.4717321496807252 0.0009765625
26.002492537313433 26.022425373134329 1.4710030600176676 1.4716675675157431 0.0009765625
26.022425373134329 26.042358208955225 1.4709386270442872 1.4716030600176677 0.0009765625
26.042358208955225 26.062291044776121 1.470874268453789 1.4715386270442874 0.0009765625
26.062291044776121 26.082223880597017 1.4708099841047124 1.4714742684537891 0.0009765625
26.082223880597017 26.102156716417912 1.4707457738559988 1.4714099841047126 0.0009765625
26.102156716417912 26.122089552238808 1.4706816375669611 1.471345773855999 0.0009765625
26.122089552238808 26.142022388059704 1.4706175750966397 1.4712816375663242 0.0009765625
26.142022388059704 26.1619552238806 1.4705535863069938 1.4712175750972707 0.0009765625
26.1619552238806 26.181888059701496 1.470489671056558 1.471153586306994 0.0009765625
26.181888059701496 26.201820895522392 1.4704258292067665 1.4710896710565582 0.0009765625
26.201820895522392 26.221753731343284 1.4703620606187897 1.4710258292067666 0.0009765625
26.221753731343284 26.24168656716418 1.4702983651541703 1.4709620606187899 0.0009765625
26.24168656716418 26.261619402985076 1.4702347426748139 1.4708983651541705 0.0009765625
26.261619402985076 26.281552238805972 1.4701711930430039 1.4708347426748141 0.0009765625
26.281552238805972 26.301485074626868 1.47010771612137 1.4707711930430041 0.0009765625
26.301485074626868 26.321417910447764 1.4700443117729198 1.4707077161213702 0.0009765625
26.321417910447764 26.34135074626866 1.4699809798610217 1.47064431177292 0.0009765625
26.34135074626866 26.361283582089555 1.4699177202494007 1.4705809798610219 0.0009765625
26.361283582089555 26.381216417910451 1.4698545328021493 1.4705177202494009 0.0009765625
26.381216417910451 26.401149253731347 1.4697914173837063 1.4704545328021494 0.0009765625
26.401149253731347 26.421082089552243 1.4697283738588833 1.4703914173837065 0.0009765625
26.421082089552243 26.441014925373135 1.4696654020928352 1.4703283738588835 0.0009765625
26.441014925373135 26.460947761194031 1.4696025019510792 1.4702654020928354 0.0009765625
26.460947761194031 26.480880597014927 1.4695396732994892 1.4702025019510794 0.0009765625
26.480880597014927 26.500813432835823 1.4694769160042902 1.4701396732994894 0.0009765625
26.500813432835823 26.520746268656719 1.4694142299320452 1.4700769160042904 0.0009765625
26.520746268656719 26.540679104477615 1.4693516149496855 1.4700142299320453 0.0009765625
26.540679104477615 26.560611940298511 1.4692890709244912 1.4699516149496856 0.0009765625
26.560611940298511 26.580544776119407 1.4692265977240735 1.4698890709244914 0.0009765625
26.580544776119407 26.600477611940303 1.4691641952164114 1.4698265977240736 0.0009765625
26.600477611940303 26.620410447761195 1.469101863269811 1.4697641952164116 0.0009765625
26.620410447761195 26.640343283582091 1.4690396017529372 1.4697018632698111 0.0009765625
26.640343283582091 26.660276119402987 1.468977410534789 1.4696396017529374 0.0009765625
26.660276119402987 26.680208955223883 1.4689152894847164 1.4695774105347892 0.0009765625
26.680208955223883 26.700141791044778 1.4688532384723902 1.4695152894847165 0.0009765625
26.700141791044778 26.720074626865674 1.4687912573678557 1.4694532384723904 0.0009765625
26.720074626865674 26.74000746268657 1.4687293460414705 1.4693912573678558 0.0009765625
26.74000746268657 26.759940298507466 1.4686675043639312 1.4693293460414707 0.0009765625
26.759940298507466 26.779873134328362 1.4686057322062784 1.4692675043639314 0.0009765625
26.779873134328362 26.799805970149258 1.4685440294398899 1.4692057322062786 0.0009765625
26.799805970149258 26.819738805970154 1.4684823959364728 1.4691440294398901 0.0009765625
26.819738805970154 26.839671641791046 1.468420831568062 1.4690823959364729 0.0009765625
26.839671641791046 26.859604477611942 1.468359336207038 1.4690208315680622 0.0009765625
26.859604477611942 26.879537313432838 1.4682979097261011 1.4689593362070381 0.0009765625
26.879537313432838 26.899470149253734 1.4682365519982796 1.4688979097261012 0.0009765625
26.899470149253734 26.91940298507463 1.468175262896944 1.4688365519982798 0.0009765625
26.91940298507463 26.939335820895526 1.468114042295152 1.4687752628963116 0.0009765625
26.939335820895526 26.959268656716421 1.4680528900688128 1.4687140422957856 0.0009765625
26.959268656716421 26.979201492537317 1.4679918060903732 1.4686528900688129 0.0009765625
26.979201492537317 26.99913432835821 1.4679307902351264 1.4685918060903733 0.0009765625
26.99913432835821 27.019067164179106 1.4678698423780747 1.4685307902351266 0.0009765625
27.019067164179106 27.039000000000001 1.467808962394515 1.4684698423780749 0.0009765625
27.039000000000001 27.058932835820897 1.4677481501600822 1.4684089623945151 0.0009765625
27.058932835820897 27.078865671641793 1.4676874055507367 1.4683481501600824 0.0009765625
27.078865671641793 27.098798507462689 1.4676267284427376 1.4682874055507369 0.0009765625
27.098798507462689 27.118731343283585 1.4675661187126881 1.4682267284427377 0.0009765625
27.118731343283585 27.138664179104481 1.4675055762374769 1.4681661187126882 0.0009765625
27.138664179104481 27.158597014925377 1.4674451008943474 1.4681055762374771 0.0009765625
27.158597014925377 27.178529850746269 1.4673846925608167 1.4680451008943476 0.0009765625
27.178529850746269 27.198462686567165 1.4673243511147422 1.4679846925608169 0.0009765625
27.198462686567165 27.218395522388061 1.4672640764342908 1.4679243511147424 0.0009765625
27.218395522388061 27.238328358208957 1.4672038683979289 1.467864076434291 0.0009765625
27.238328358208957 27.258261194029853 1.4671437268844418 1.4678038683979291 0.0009765625
27.258261194029853 27.278194029850749 1.4670836517729318 1.467743726884442 0.0009765625
27.278194029850749 27.298126865671644 1.4670236429427952 1.4676836517729319 0.0009765625
27.298126865671644 27.318059701492537 1.4669637002737395 1.4676236429427953 0.0009765625
27.318059701492537 27.337992537313433 1.4669038236457883 1.4675637002737396 0.0009765625
27.337992537313433 27.357925373134329 1.466844012939263 1.4675038236457885 0.0009765625
27.357925373134329 27.377858208955224 1.4667842680347825 1.4674440129392632 0.0009765625
27.377858208955224 27.39779104477612 1.4667245888132898 1.4673842680347826 0.0009765625
27.39779104477612 27.417723880597016 1.466664975156011 1.46732458881329 0.0009765625
27.417723880597016 27.437656716417912 1.4666054269444697 1.4672649751560112 0.0009765625
27.437656716417912 27.457589552238808 1.4665459440605222 1.4672054269444699 0.0009765625
27.457589552238808 27.477522388059704 1.4664865263862843 1.4671459440605223 0.0009765625
27.477522388059704 27.497455223880596 1.466427173804201 1.4670865263862845 0.0009765625
27.497455223880596 27.517388059701492 1.46636788619699 1.4670271738042011 0.0009765625
27.517388059701492 27.537320895522388 1.4663086634476945 1.4669678861969901 0.0009765625
27.537320895522388 27.557253731343284 1.4662495054396278 1.4669086634476947 0.0009765625
27.557253731343284 27.57718656716418 1.4661904120564022 1.466849505439628 0.0009765625
27.57718656716418 27.597119402985076 1.4661313831819351 1.4667904120564024 0.0009765625
27.597119402985076 27.617052238805972 1.4660724187004255 1.4667313831819353 0.0009765625
27.617052238805972 27.636985074626864 1.4660135184963761 1.4666724187004256 0.0009765625
27.636985074626864 27.65691791044776 1.4659546824545746 1.4666135184963762 0.0009765625
27.65691791044776 27.676850746268656 1.4658959104600771 1.4665546824545748 0.0009765625
27.676850746268656 27.696783582089552 1.465837202398274 1.4664959104600772 0.0009765625
27.696783582089552 27.716716417910447 1.4657785581547986 1.4664372023982741 0.0009765625
27.716716417910447 27.736649253731343 1.4657199776149821 1.4663785581541691 0.0009765625
27.736649253731343 27.756582089552239 1.4656614606669118 1.4663199776156073 0.0009765625
27.756582089552239 27.776514925373135 1.4656030071952408 1.466261460666912 0.0009765625
27.776514925373135 27.796447761194031 1.4655446170873685 1.466203007195241 0.0009765625
27.796447761194031 27.816380597014927 1.4654862902303927 1.4661446170873687 0.0009765625
27.816380597014927 27.836313432835819 1.4654280265116588 1.4660862902303928 0.0009765625
27.836313432835819 27.856246268656715 1.4653698258188259 1.466028026511659 0.0009765625
27.856246268656715 27.876179104477611 1.4653116880398027 1.4659698258188261 0.0009765625
27.876179104477611 27.896111940298507 1.4652536130628 1.4659116880398029 0.0009765625
27.896111940298507 27.916044776119403 1.4651956007762985 1.4658536130628002 0.0009765625
27.916044776119403 27.935977611940299 1.4651376510690661 1.4657956007762987 0.0009765625
27.935977611940299 27.955910447761195 1.4650797638301312 1.4657376510690663 0.0009765625
27.955910447761195 27.97584328358209 1.4650219389488075 1.4656797638301313 0.0009765625
27.97584328358209 27.995776119402986 1.4649641763146899 1.4656219389488077 0.0009765625
27.995776119402986 28.015708955223879 1.4649064758176287 1.46556417631469 0.0009765625
28.015708955223879 28.035641791044775 1.4648488373477726 1.4655064758176288 0.0009765625
28.035641791044775 28.05557462686567 1.4647912607955271 1.4654488373477728 0.0009765625
28.05557462686567 28.075507462686566 1.4647337460515704 1.4653912607955273 0.0009765625
28.075507462686566 28.095440298507462 1.4646762930068578 1.4653337460515705 0.0009765625
28.095440298507462 28.115373134328358 1.4646189015526083 1.4652762930068579 0.0009765625
28.115373134328358 28.135305970149254 1.4645615715803133 1.4652189015526085 0.0009765625
28.135305970149254 28.15523880597015 1.4645043029817328 1.4651615715803135 0.0009765625
28.15523880597015 28.175171641791046 1.4644470956488895 1.465104302981733 0.0009765625
28.175171641791046 28.195104477611942 1.4643899494740851 1.4650470956488897 0.0009765625
28.195104477611942 28.215037313432838 1.4643328643498674 1.4649899494740852 0.0009765625
28.215037313432838 28.23497014925373 1.4642758401690712 1.4649328643498676 0.0009765625
28.23497014925373 28.254902985074626 1.464218876824769 1.4648758401690714 0.0009765625
28.254902985074626 28.274835820895522 1.4641619742103293 1.4648188768247692 0.0009765625
28.274835820895522 28.294768656716418 1.464105132219353 1.4647619742103295 0.0009765625
28.294768656716418 28.314701492537313 1.4640483507457243 1.4647051322193532 0.0009765625
28.314701492537313 28.334634328358209 1.4639916296835667 1.4646483507457244 0.0009765625
28.334634328358209 28.354567164179105 1.4639349689272807 1.4645916296835668 0.0009765625
28.354567164179105 28.374500000000001 1.463878368371528 1.4645349689272809 0.0009765625
28.374500000000001 28.394432835820897 1.463821827911211 1.4644783683715281 0.0009765625
28.394432835820897 28.414365671641789 1.4637653474415036 1.4644218279112111 0.0009765625
28.414365671641789 28.434298507462685 1.4637089268578274 1.4643653474415037 0.0009765625
28.434298507462685 28.454231343283581 1.4636525660558786 1.4643089268578275 0.0009765625
28.454231343283581 28.474164179104477 1.4635962649315848 1.4642525660558787 0.0009765625
28.474164179104477 28.494097014925373 1.4635400233811304 1.4641962649315849 0.0009765625
28.494097014925373 28.514029850746269 1.4634838413009714 1.4641400233811306 0.0009765625
28.514029850746269 28.533962686567165 1.4634277185871716 1.4640838413003479 0.0009765625
28.533962686567165 28.553895522388061 1.4633716551385698 1.464027718587799 0.0009765625
28.553895522388061 28.573828358208957 1.4633156508504703 1.46397165513857 0.0009765625
28.573828358208957 28.593761194029852 1.4632597056209626 1.4639156508504705 0.0009765625
28.593761194029852 28.613694029850748 1.4632038193477486 1.4638597056209628 0.0009765625
28.613694029850748 28.633626865671641 1.4631479919287669 1.4638038193477487 0.0009765625
28.633626865671641 28.653559701492537 1.4630922232622172 1.463747991928767 0.0009765625
28.653559701492537 28.673492537313432 1.4630365132465424 1.4636922232622174 0.0009765625
28.673492537313432 28.693425373134328 1.4629808617804323 1.4636365132465425 0.0009765625
28.693425373134328 28.713358208955224 1.4629252687628238 1.4635808617804325 0.0009765625
28.713358208955224 28.73329104477612 1.4628697340928911 1.463525268762824 0.0009765625
28.73329104477612 28.753223880597016 1.462814257670062 1.4634697340928913 0.0009765625
28.753223880597016 28.773156716417912 1.4627588393940076 1.4634142576700622 0.0009765625
28.773156716417912 28.793089552238808 1.4627034791646294 1.4633588393940078 0.0009765625
28.793089552238808 28.8130223880597 1.4626481768820825 1.4633034791646296 0.0009765625
28.8130223880597 28.832955223880596 1.4625929324467617 1.4632481768820826 0.0009765625
28.832955223880596 28.852888059701492 1.4625377457592854 1.4631929324467619 0.0009765625
28.852888059701492 28.872820895522388 1.4624826167205416 1.4631377457592856 0.0009765625
28.872820895522388 28.892753731343284 1.4624275452316331 1.4630826167205417 0.0009765625
28.892753731343284 28.91268656716418 1.4623725311939135 1.4630275452316333 0.0009765625
28.91268656716418 28.932619402985075 1.4623175745089618 1.4629725311939137 0.0009765625
28.932619402985075 28.952552238805971 1.4622626750786021 1.462917574508962 0.0009765625
28.952552238805971 28.972485074626867 1.4622078328048931 1.4628626750786022 0.0009765625
28.972485074626867 28.992417910447763 1.462153047590127 1.4628078328048932 0.0009765625
28.992417910447763 29.012350746268659 1.462098319336834 1.4627530475901271 0.0009765625
29.012350746268659 29.032283582089551 1.4620436479477641 1.4626983193368341 0.0009765625
29.032283582089551 29.052216417910447 1.4619890333259291 1.4626436479477642 0.0009765625
29.052216417910447 29.072149253731343 1.4619344753745371 1.4625890333259293 0.0009765625
29.072149253731343 29.092082089552239 1.461879973997056 1.4625344753745373 0.0009765625
29.092082089552239 29.112014925373135 1.4618255290971669 1.4624799739970562 0.0009765625
29.112014925373135 29.131947761194031 1.4617711405787934 1.4624255290971671 0.0009765625
29.131947761194031 29.151880597014927 1.4617168083460754 1.4623711405787936 0.0009765625
29.151880597014927 29.171813432835823 1.4616625323033974 1.4623168083460756 0.0009765625
29.171813432835823 29.191746268656718 1.4616083123553534 1.4622625323033975 0.0009765625
29.191746268656718 29.211679104477611 1.4615541484067793 1.4622083123553535 0.0009765625
29.211679104477611 29.231611940298507 1.4615000403627363 1.4621541484067795 0.0009765625
29.231611940298507 29.251544776119403 1.4614459881284967 1.4621000403627364 0.0009765625
29.251544776119403 29.271477611940298 1.4613919916095759 1.4620459881284968 0.0009765625
29.271477611940298 29.291410447761194 1.4613380507117038 1.461991991609576 0.0009765625
29.291410447761194 29.31134328358209 1.4612841653408384 1.4619380507117039 0.0009765625
29.31134328358209 29.331276119402986 1.4612303354025313 1.4618841653402155 0.0009765625
29.331276119402986 29.351208955223882 1.4611765608050609 1.4618303354031488 0.0009765625
29.351208955223882 29.371141791044778 1.4611228414531752 1.461776560805061 0.0009765625
29.371141791044778 29.391074626865674 1.4610691772543389 1.4617228414531753 0.0009765625
29.391074626865674 29.41100746268657 1.4610155681156221 1.4616691772543391 0.0009765625
29.41100746268657 29.430940298507462 1.4609620139443014 1.4616155681156222 0.0009765625
29.430940298507462 29.450873134328358 1.4609085146478917 1.4615620139443015 0.0009765625
29.450873134328358 29.470805970149254 1.4608550701341028 1.4615085146478919 0.0009765625
29.470805970149254 29.49073880597015 1.4608016803108732 1.4614550701341029 0.0009765625
29.49073880597015 29.510671641791046 1.4607483450863636 1.4614016803108734 0.0009765625
29.510671641791046 29.530604477611941 1.4606950643689469 1.4613483450863638 0.0009765625
29.530604477611941 29.550537313432837 1.4606418380672128 1.4612950643689471 0.0009765625
29.550537313432837 29.570470149253733 1.460588666089953 1.461241838067213 0.0009765625
29.570470149253733 29.590402985074629 1.4605355483461961 1.4611886660899531 0.0009765625
29.590402985074629 29.610335820895521 1.4604824847451676 1.4611355483461963 0.0009765625
29.610335820895521 29.630268656716417 1.4604294751963107 1.4610824847451678 0.0009765625
29.630268656716417 29.650201492537313 1.4603765196092846 1.4610294751963109 0.0009765625
29.650201492537313 29.670134328358209 1.4603236178939496 1.4609765196092848 0.0009765625
29.670134328358209 29.690067164179105 1.4602707699603947 1.4609236178939498 0.0009765625
29.690067164179105 29.710000000000001 1.4602179757189047 1.4608707699603949 0.0009765625
29.710000000000001 29.729932835820897 1.4601652350799761 1.4608179757189048 0.0009765625
29.729932835820897 29.749865671641793 1.4601125479543218 1.4607652350799762 0.0009765625
29.749865671641793 29.769798507462689 1.460059914252851 1.4607125479543219 0.0009765625
29.769798507462689 29.789731343283584 1.4600073338867083 1.4606599142528511 0.0009765625
29.789731343283584 29.80966417910448 1.4599548067672032 1.4606073338867085 0.0009765625
29.80966417910448 29.829597014925373 1.4599023328058824 1.4605548067672034 0.0009765625
29.829597014925373 29.849529850746269 1.4598499119144963 1.4605023328058826 0.0009765625
29.849529850746269 29.869462686567164 1.459797544004986 1.4604499119144965 0.0009765625
29.869462686567164 29.88939552238806 1.459745228989517 1.4603975440049861 0.0009765625
29.88939552238806 29.909328358208956 1.4596929667804404 1.4603452289895171 0.0009765625
29.909328358208956 29.929261194029852 1.4596407572903247 1.4602929667804405 0.0009765625
29.929261194029852 29.949194029850748 1.4595886004319321 1.4602407572903249 0.0009765625
29.949194029850748 29.969126865671644 1.4595364961182298 1.4601886004319322 0.0009765625
29.969126865671644 29.98905970149254 1.4594844442623967 1.4601364961182299 0.0009765625
29.98905970149254 30.008992537313432 1.4594324447777971 1.4600844442623968 0.0009765625
30.008992537313432 30.028925373134328 1.4593804975780043 1.4600324447777973 0.0009765625
30.028925373134328 30.048858208955224 1.4593286025767949 1.4599804975780044 0.0009765625
30.048858208955224 30.06879104477612 1.459276759688134 1.459928602576795 0.0009765625
30.06879104477612 30.088723880597016 1.45922496882619 1.4598767596881341 0.0009765625
30.088723880597016 30.108656716417912 1.459173229905333 1.4598249688261902 0.0009765625
30.108656716417912 30.128589552238807 1.4591215428395181 1.4597732299047161 0.0009765625
30.128589552238807 30.148522388059703 1.4590699075453542 1.4597215428401376 0.0009765625
30.148522388059703 30.168455223880599 1.4590183239359453 1.4596699075453543 0.0009765625
30.168455223880599 30.188388059701495 1.4589667919270819 1.4596183239359455 0.0009765625
30.188388059701495 30.208320895522391 1.4589153114340905 1.4595667919270821 0.0009765625
30.208320895522391 30.228253731343283 1.4588638823725308 1.4595153114340906 0.0009765625
30.228253731343283 30.248186567164179 1.4588125046581335 1.459463882372531 0.0009765625
30.248186567164179 30.268119402985075 1.4587611782068397 1.4594125046581337 0.0009765625
30.268119402985075 30.288052238805971 1.4587099029347692 1.4593611782068399 0.0009765625
30.288052238805971 30.307985074626867 1.4586586787582461 1.4593099029347694 0.0009765625
30.307985074626867 30.327917910447763 1.4586075055937717 1.4592586787582462 0.0009765625
30.327917910447763 30.347850746268659 1.4585563833580506 1.4592075055937719 0.0009765625
30.347850746268659 30.367783582089555 1.4585053119679798 1.4591563833580508 0.0009765625
30.367783582089555 30.38771641791045 1.4584542913406342 1.45910531196798 0.0009765625
30.38771641791045 30.407649253731343 1.4584033213932881 1.4590542913406344 0.0009765625
30.407649253731343 30.427582089552239 1.4583524020434038 1.4590033213932883 0.0009765625
30.427582089552239 30.447514925373135 1.45830153320863 1.4589524020434039 0.0009765625
30.447514925373135 30.46744776119403 1.4582507148067978 1.4589015332086301 0.0009765625
30.46744776119403 30.487380597014926 1.4581999467559386 1.458850714806798 0.0009765625
30.487380597014926 30.507313432835822 1.4581492289742566 1.4587999467559387 0.0009765625
30.507313432835822 30.527246268656718 1.4580985613801511 1.4587492289742567 0.0009765625
30.527246268656718 30.547179104477614 1.4580479438922083 1.4586985613801513 0.0009765625
30.547179104477614 30.56711194029851 1.4579973764291969 1.4586479438922084 0.0009765625
30.56711194029851 30.587044776119406 1.4579468589100602 1.4585973764291971 0.0009765625
30.587044776119406 30.606977611940302 1.4578963912539418 1.4585468589100603 0.0009765625
30.606977611940302 30.626910447761194 1.4578459733801601 1.4584963912539419 0.0009765625
30.626910447761194 30.64684328358209 1.4577956052082213 1.4584459733801602 0.0009765625
30.64684328358209 30.666776119402986 1.4577452866578084 1.4583956052082214 0.0009765625
30.666776119402986 30.686708955223882 1.4576950176487882 1.4583452866578086 0.0009765625
30.686708955223882 30.706641791044778 1.4576447981012093 1.4582950176487883 0.0009765625
30.706641791044778 30.726574626865673 1.4575946279352954 1.4582447981012094 0.0009765625
30.726574626865673 30.746507462686569 1.4575445070714699 1.4581946279352955 0.0009765625
30.746507462686569 30.766440298507465 1.4574944354303114 1.45814450707147 0.0009765625
30.766440298507465 30.786373134328361 1.457444412932593 1.4580944354303116 0.0009765625
30.786373134328361 30.806305970149253 1.4573944394992642 1.4580444129325931 0.0009765625
30.806305970149253 30.826238805970149 1.4573445150514459 1.4579944394992643 0.0009765625
30.826238805970149 30.846171641791045 1.4572946395104471 1.4579445150514461 0.0009765625
30.846171641791045 30.866104477611941 1.4572448127977375 1.4578946395104473 0.0009765625
30.866104477611941 30.886037313432837 1.4571950348349867 1.4578448127977377 0.0009765625
30.886037313432837 30.905970149253733 1.457145305544028 1.4577950348349868 0.0009765625
30.905970149253733 30.925902985074629 1.4570956248462468 1.4577453055434091 0.0009765625
30.925902985074629 30.945835820895525 1.4570459926656854 1.4576956248468667 0.0009765625
30.945835820895525 30.965768656716421 1.4569964089228478 1.4576459926656855 0.0009765625
30.965768656716421 30.985701492537316 1.4569468735408786 1.4575964089228479 0.0009765625
30.985701492537316 31.005634328358212 1.4568973864424941 1.4575468735408788 0.0009765625
31.005634328358212 31.025567164179105 1.4568479475505685 1.4574973864424943 0.0009765625
31.025567164179105 31.045500000000001 1.4567985567881594 1.4574479475505686 0.0009765625
31.045500000000001 31.065432835820896 1.4567492140784872 1.4573985567881595 0.0009765625
31.065432835820896 31.085365671641792 1.4566999193449479 1.4573492140784874 0.0009765625
31.085365671641792 31.105298507462688 1.4566506725111115 1.4572999193449481 0.0009765625
31.105298507462688 31.125231343283584 1.4566014735007093 1.4572506725111116 0.0009765625
31.125231343283584 31.14516417910448 1.4565523222376611 1.4572014735007095 0.0009765625
31.14516417910448 31.165097014925376 1.4565032186460323 1.4571523222376612 0.0009765625
31.165097014925376 31.185029850746272 1.4564541626500822 1.4571032186460324 0.0009765625
31.185029850746272 31.204962686567164 1.4564051541742125 1.4570541626500824 0.0009765625
31.204962686567164 31.22489552238806 1.4563561931430211 1.4570051541742126 0.0009765625
31.22489552238806 31.244828358208956 1.456307279481251 1.4569561931430213 0.0009765625
31.244828358208956 31.264761194029852 1.4562584131138205 1.4569072794812512 0.0009765625
31.264761194029852 31.284694029850748 1.4562095939658211 1.4568584131138207 0.0009765625
31.284694029850748 31.304626865671644 1.4561608219624975 1.4568095939658212 0.0009765625
31.304626865671644 31.324559701492539 1.4561120970292745 1.4567608219624977 0.0009765625
31.324559701492539 31.344492537313435 1.4560634190917245 1.4567120970292746 0.0009765625
31.344492537313435 31.364425373134331 1.4560147880756074 1.4566634190917247 0.0009765625
31.364425373134331 31.384358208955227 1.455966203906826 1.4566147880756075 0.0009765625
31.384358208955227 31.404291044776123 1.4559176665114579 1.4565662039068261 0.0009765625
31.404291044776123 31.424223880597015 1.4558691758157507 1.4565176665114581 0.0009765625
31.424223880597015 31.444156716417911 1.4558207317461023 1.4564691758157509 0.0009765625
31.444156716417911 31.464089552238807 1.4557723342290751 1.4564207317461024 0.0009765625
31.464089552238807 31.484022388059703 1.4557239831913944 1.4563723342290753 0.0009765625
31.484022388059703 31.503955223880599 1.4556756785599478 1.4563239831913946 0.0009765625
31.503955223880599 31.523888059701495 1.4556274202617969 1.456275678559948 0.0009765625
31.523888059701495 31.543820895522391 1.4555792082241461 1.4562274202617971 0.0009765625
31.543820895522391 31.563753731343287 1.4555310423743522 1.4561792082241463 0.0009765625
31.563753731343287 31.583686567164182 1.4554829226399639 1.4561310423743523 0.0009765625
31.583686567164182 31.603619402985075 1.4554348489486657 1.4560829226399641 0.0009765625
31.603619402985075 31.623552238805971 1.4553868212283048 1.4560348489486659 0.0009765625
31.623552238805971 31.643485074626867 1.4553388394068847 1.4559868212283049 0.0009765625
31.643485074626867 31.663417910447762 1.4552909034125767 1.4559388394068848 0.0009765625
31.663417910447762 31.683350746268658 1.4552430131736966 1.4558909034125769 0.0009765625
31.683350746268658 31.703283582089554 1.4551951686187314 1.4558430131736968 0.0009765625
31.703283582089554 31.72321641791045 1.4551473696756896 1.4557951686181088 0.0009765625
31.72321641791045 31.743149253731346 1.4550996162752226 1.4557473696763057 0.0009765625
31.743149253731346 31.763082089552242 1.4550519083444287 1.4556996162752227 0.0009765625
31.763082089552242 31.783014925373138 1.4550042458130237 1.4556519083444288 0.0009765625
31.783014925373138 31.802947761194034 1.4549566286102646 1.4556042458130238 0.0009765625
31.802947761194034 31.822880597014926 1.4549090566655645 1.4555566286102648 0.0009765625
31.822880597014926 31.842813432835822 1.454861529908495 1.4555090566655646 0.0009765625
31.842813432835822 31.862746268656718 1.4548140482687728 1.4554615299084952 0.0009765625
31.862746268656718 31.882679104477614 1.4547666116762705 1.455414048268773 0.0009765625
31.882679104477614 31.90261194029851 1.4547192200610097 1.4553666116762707 0.0009765625
31.90261194029851 31.922544776119405 1.454671873353178 1.4553192200610099 0.0009765625
31.922544776119405 31.942477611940301 1.4546245714831012 1.4552718733531782 0.0009765625
31.942477611940301 31.962410447761197 1.4545773143812575 1.4552245714831014 0.0009765625
31.962410447761197 31.982343283582093 1.4545301019782728 1.4551773143812576 0.0009765625
31.982343283582093 32.002276119402985 1.4544829342049461 1.455130101978273 0.0009765625
32.002276119402985 32.022208955223881 1.4544358109922071 1.4550829342049463 0.0009765625
32.022208955223881 32.042141791044777 1.4543887322711289 1.4550358109922072 0.0009765625
32.042141791044777 32.062074626865673 1.4543416979729507 1.454988732271129 0.0009765625
32.062074626865673 32.082007462686569 1.454294708029052 1.4549416979729508 0.0009765625
32.082007462686569 32.101940298507465 1.454247762370956 1.4548947080290522 0.0009765625
32.101940298507465 32.121873134328361 1.4542008609303572 1.4548477623709561 0.0009765625
32.121873134328361 32.141805970149257 1.4541540036390568 1.4548008609303573 0.0009765625
32.141805970149257 32.161738805970153 1.454107190429051 1.4547540036390569 0.0009765625
32.161738805970153 32.181671641791048 1.4540604212324386 1.4547071904290512 0.0009765625
32.181671641791048 32.201604477611944 1.454013695981494 1.4546604212324388 0.0009765625
32.201604477611944 32.22153731343284 1.4539670146086336 1.4546136959814941 0.0009765625
32.22153731343284 32.241470149253736 1.4539203770464044 1.4545670146086338 0.0009765625
32.241470149253736 32.261402985074632 1.4538737832275157 1.4545203770464046 0.0009765625
32.261402985074632 32.281335820895528 1.4538272330848201 1.4544737832275159 0.0009765625
32.281335820895528 32.301268656716417 1.4537807265512952 1.4544272330848202 0.0009765625
32.301268656716417 32.321201492537313 1.453734263560081 1.4543807265512954 0.0009765625
32.321201492537313 32.341134328358208 1.4536878440444554 1.4543342635600811 0.0009765625
32.341134328358208 32.361067164179104 1.4536414679378475 1.4542878440444555 0.0009765625
32.361067164179104 32.381 1.4535951351738168 1.4542414679378477 0.0009765625
32.381 32.400932835820896 1.4535488456860739 1.4541951351738169 0.0009765625
32.400932835820896 32.420865671641792 1.4535025994084714 1.4541488456860741 0.0009765625
32.420865671641792 32.440798507462688 1.4534563962749858 1.4541025994084715 0.0009765625
32.440798507462688 32.460731343283584 1.4534102362197594 1.454056396274986 0.0009765625
32.460731343283584 32.48066417910448 1.4533641191770692 1.4540102362197596 0.0009765625
32.48066417910448 32.500597014925376 1.4533180450813223 1.4539641191770694 0.0009765625
32.500597014925376 32.520529850746271 1.4532720138664599 1.4539180450807054 0.0009765625
32.520529850746271 32.540462686567167 1.4532260254690208 1.4538720138670727 0.0009765625
32.540462686567167 32.560395522388063 1.4531800798219874 1.453826025469021 0.0009765625
32.560395522388063 32.580328358208959 1.4531341768609511 1.4537800798219875 0.0009765625
32.580328358208959 32.600261194029855 1.4530883165210129 1.4537341768609513 0.0009765625
32.600261194029855 32.620194029850751 1.4530424987374386 1.453688316521013 0.0009765625
32.620194029850751 32.640126865671647 1.4529967234455965 1.4536424987374388 0.0009765625
32.640126865671647 32.660059701492543 1.4529509905810281 1.4535967234455967 0.0009765625
32.660059701492543 32.679992537313439 1.4529053000793688 1.4535509905810282 0.0009765625
32.679992537313439 32.699925373134334 1.4528596518764376 1.453505300079369 0.0009765625
32.699925373134334 32.719858208955223 1.4528140459081538 1.4534596518764378 0.0009765625
32.719858208955223 32.739791044776119 1.4527684821105931 1.4534140459081539 0.0009765625
32.739791044776119 32.759723880597015 1.4527229604199563 1.4533684821105932 0.0009765625
32.759723880597015 32.779656716417911 1.4526774807725904 1.4533229604199565 0.0009765625
32.779656716417911 32.799589552238807 1.45263204310496 1.4532774807725906 0.0009765625
32.799589552238807 32.819522388059703 1.4525866473536839 1.4532320431049601 0.0009765625
32.819522388059703 32.839455223880599 1.4525412934554851 1.4531866473536841 0.0009765625
32.839455223880599 32.859388059701494 1.4524959813472678 1.4531412934554853 0.0009765625
32.859388059701494 32.87932089552239 1.4524507109660283 1.4530959813472679 0.0009765625
32.87932089552239 32.899253731343286 1.4524054822488974 1.4530507109660284 0.0009765625
32.899253731343286 32.919186567164182 1.4523602951331742 1.4530054822488976 0.0009765625
32.919186567164182 32.939119402985078 1.4523151495562461 1.4529602951331744 0.0009765625
32.939119402985078 32.959052238805974 1.4522700454556619 1.4529151495562462 0.0009765625
32.959052238805974 32.97898507462687 1.4522249827690901 1.452870045455662 0.0009765625
32.97898507462687 32.998917910447766 1.4521799614343329 1.4528249827690902 0.0009765625
32.998917910447766 33.018850746268662 1.4521349813893267 1.4527799614343331 0.0009765625
33.018850746268662 33.038783582089557 1.4520900425721297 1.4527349813893269 0.0009765625
33.038783582089557 33.058716417910453 1.4520451449209368 1.4526900425721299 0.0009765625
33.058716417910453 33.078649253731349 1.4520002883740757 1.452645144920937 0.0009765625
33.078649253731349 33.098582089552238 1.4519554728699897 1.4526002883740758 0.0009765625
33.098582089552238 33.118514925373134 1.4519106983472656 1.4525554728699899 0.0009765625
33.118514925373134 33.13844776119403 1.4518659647446122 1.4525106983472658 0.0009765625
33.13844776119403 33.158380597014926 1.4518212720008714 1.4524659647446123 0.0009765625
33.158380597014926 33.178313432835822 1.4517766200550037 1.4524212720008716 0.0009765625
33.178313432835822 33.198246268656717 1.4517320088461079 1.4523766200550039 0.0009765625
33.198246268656717 33.218179104477613 1.4516874383134013 1.452332008846108 0.0009765625
33.218179104477613 33.238111940298509 1.451642908396239 1.4522874383134015 0.0009765625
33.238111940298509 33.258044776119405 1.4515984190340865 1.4522429083962392 0.0009765625
33.258044776119405 33.277977611940301 1.4515539701665556 1.4521984190340866 0.0009765625
33.277977611940301 33.297910447761197 1.4515095617333622 1.4521539701665558 0.0009765625
33.297910447761197 33.317843283582093 1.451465193673753 1.4521095617327477 0.0009765625
33.317843283582093 33.337776119402989 1.4514208659295438 1.4520651936743703 0.0009765625
33.337776119402989 33.357708955223885 1.4513765784389994 1.4520208659295439 0.0009765625
33.357708955223885 33.37764179104478 1.4513323311429598 1.4519765784389995 0.0009765625
33.37764179104478 33.397574626865676 1.4512881239817748 1.4519323311429599 0.0009765625
33.397574626865676 33.417507462686572 1.4512439568959237 1.4518881239817749 0.0009765625
33.417507462686572 33.437440298507468 1.4511998298259989 1.4518439568959238 0.0009765625
33.437440298507468 33.457373134328364 1.451155742712724 1.4517998298259991 0.0009765625
33.457373134328364 33.47730597014926 1.451111695496955 1.4517557427127241 0.0009765625
33.47730597014926 33.497238805970156 1.4510676881196476 1.4517116954969551 0.0009765625
33.497238805970156 33.517171641791045 1.4510237205218981 1.4516676881196477 0.0009765625
33.517171641791045 33.53710447761194 1.4509797926449146 1.4516237205218983 0.0009765625
33.53710447761194 33.557037313432836 1.4509359044300303 1.4515797926449148 0.0009765625
33.557037313432836 33.576970149253732 1.4508920558187124 1.4515359044300304 0.0009765625
33.576970149253732 33.596902985074628 1.4508482467525203 1.4514920558187125 0.0009765625
33.596902985074628 33.616835820895524 1.4508044771731685 1.4514482467525205 0.0009765625
33.616835820895524 33.63676865671642 1.4507607470224524 1.4514044771731687 0.0009765625
33.63676865671642 33.656701492537316 1.4507170562423228 1.4513607470224525 0.0009765625
33.656701492537316 33.676634328358212 1.450673404774836 1.451317056242323 0.0009765625
33.676634328358212 33.696567164179108 1.4506297925621681 1.4512734047748361 0.0009765625
33.696567164179108 33.716500000000003 1.4505862195466046 1.4512297925621682 0.0009765625
33.716500000000003 33.736432835820899 1.4505426856705661 1.4511862195466048 0.0009765625
33.736432835820899 33.756365671641795 1.4504991908765914 1.4511426856705663 0.0009765625
33.756365671641795 33.776298507462691 1.4504557351073191 1.4510991908765916 0.0009765625
33.776298507462691 33.796231343283587 1.4504123183055306 1.4510557351073192 0.0009765625
33.796231343283587 33.816164179104483 1.4503689404140923 1.4510123183055308 0.0009765625
33.816164179104483 33.836097014925379 1.450325601376026 1.4509689404140924 0.0009765625
33.836097014925379 33.856029850746275 1.4502823011344392 1.4509256013760261 0.0009765625
33.856029850746275 33.875962686567171 1.4502390396325764 1.4508823011344394 0.0009765625
33.875962686567171 33.895895522388059 1.450195816813783 1.4508390396325765 0.0009765625
33.895895522388059 33.915828358208955 1.4501526326215344 1.4507958168137831 0.0009765625
33.915828358208955 33.935761194029851 1.4501094869994089 1.4507526326215345 0.0009765625
33.935761194029851 33.955694029850747 1.4500663798911058 1.450709486999409 0.0009765625
33.955694029850747 33.975626865671643 1.4500233112404386 1.4506663798911059 0.0009765625
33.975626865671643 33.995559701492539 1.4499802809913409 1.4506233112404388 0.0009765625
33.995559701492539 34.015492537313435 1.449937289087851 1.4505802809913411 0.0009765625
34.015492537313435 34.035425373134331 1.4498943354741312 1.4505372890878512 0.0009765625
34.035425373134331 34.055358208955226 1.4498514200944497 1.4504943354741313 0.0009765625
34.055358208955226 34.075291044776122 1.4498085428931931 1.4504514200944498 0.0009765625
34.075291044776122 34.095223880597018 1.449765703814857 1.4504085428931932 0.0009765625
34.095223880597018 34.115156716417914 1.4497229028034411 1.4503657038142495 0.0009765625
34.115156716417914 34.13508955223881 1.4496801398055097 1.4503229028040519 0.0009765625
34.13508955223881 34.155022388059706 1.4496374147640563 1.4502801398055098 0.0009765625
34.155022388059706 34.174955223880602 1.4495947276246455 1.4502374147640564 0.0009765625
34.174955223880602 34.194888059701498 1.4495520783323323 1.4501947276246456 0.0009765625
34.194888059701498 34.214820895522394 1.4495094668322936 1.4501520783323325 0.0009765625
34.214820895522394 34.234753731343289 1.4494668930698045 1.4501094668322938 0.0009765625
34.234753731343289 34.254686567164185 1.4494243569902556 1.4500668930698046 0.0009765625
34.254686567164185 34.274619402985081 1.4493818585391658 1.4500243569902558 0.0009765625
34.274619402985081 34.294552238805977 1.4493393976621451 1.4499818585391659 0.0009765625
34.294552238805977 34.314485074626866 1.4492969743049022 1.4499393976621453 0.0009765625
34.314485074626866 34.334417910447762 1.4492545884132826 1.4498969743049024 0.0009765625
34.334417910447762 34.354350746268658 1.4492122399332266 1.4498545884132827 0.0009765625
34.354350746268658 34.374283582089554 1.449169928810794 1.4498122399332267 0.0009765625
34.374283582089554 34.394216417910449 1.4491276549921321 1.4497699288107941 0.0009765625
34.394216417910449 34.414149253731345 1.4490854184235278 1.4497276549921323 0.0009765625
34.414149253731345 34.434082089552241 1.4490432190513418 1.4496854184235279 0.0009765625
34.434082089552241 34.454014925373137 1.4490010568220724 1.449643219051342 0.0009765625
34.454014925373137 34.473947761194033 1.4489589316823039 1.4496010568220725 0.0009765625
34.473947761194033 34.493880597014929 1.4489168435787432 1.4495589316823041 0.0009765625
34.493880597014929 34.513813432835825 1.4488747924582019 1.4495168435787433 0.0009765625
34.513813432835825 34.533746268656721 1.4488327782675836 1.4494747924582021 0.0009765625
34.533746268656721 34.553679104477617 1.4487908009539248 1.4494327782675838 0.0009765625
34.553679104477617 34.573611940298512 1.4487488604643444 1.4493908009539249 0.0009765625
34.573611940298512 34.593544776119408 1.4487069567460751 1.4493488604643445 0.0009765625
34.593544776119408 34.613477611940304 1.4486650897464628 1.4493069567460752 0.0009765625
34.613477611940304 34.6334104477612 1.4486232594129504 1.449265089746463 0.0009765625
34.6334104477612 34.653343283582096 1.4485814656930889 1.4492232594129506 0.0009765625
34.653343283582096 34.673276119402992 1.4485397085345295 1.449181465693089 0.0009765625
34.673276119402992 34.693208955223881 1.4484979878850406 1.4491397085345297 0.0009765625
34.693208955223881 34.713141791044777 1.4484563036924845 1.4490979878850407 0.0009765625
34.713141791044777 34.733074626865672 1.4484146559048319 1.4490563036924846 0.0009765625
34.733074626865672 34.753007462686568 1.4483730444701488 1.449014655904832 0.0009765625
34.753007462686568 34.772940298507464 1.4483314693366125 1.448973044470149 0.0009765625
34.772940298507464 34.79287313432836 1.4482899304525099 1.4489314693366127 0.0009765625
34.79287313432836 34.812805970149256 1.448248427766222 1.44888993045251 0.0009765625
34.812805970149256 34.832738805970152 1.4482069612262314 1.4488484277662221 0.0009765625
34.832738805970152 34.852671641791048 1.4481655307811303 1.4488069612262315 0.0009765625
34.852671641791048 34.872604477611944 1.4481241363796007 1.4487655307811305 0.0009765625
34.872604477611944 34.89253731343284 1.4480827779704455 1.4487241363796008 0.0009765625
34.89253731343284 34.912470149253735 1.4480414555019527 1.4486827779698384 0.0009765625
34.912470149253735 34.932402985074631 1.44800016892493 1.4486414555025606 0.0009765625
34.932402985074631 34.952335820895527 1.4479589181866581 1.4486001689249302 0.0009765625
34.952335820895527 34.972268656716423 1.447917703236949 1.4485589181866583 0.0009765625
34.972268656716423 34.992201492537319 1.4478765240250953 1.4485177032369492 0.0009765625
34.992201492537319 35.012134328358215 1.4478353805004924 1.4484765240250954 0.0009765625
35.012134328358215 35.032067164179111 1.4477942726126474 1.4484353805004926 0.0009765625
35.032067164179111 35.052000000000007 1.4477532003111555 1.4483942726126475 0.0009765625
35.052000000000007 35.071932835820903 1.4477121635457171 1.4483532003111557 0.0009765625
35.071932835820903 35.091865671641798 1.4476711622661302 1.4483121635457172 0.0009765625
35.091865671641798 35.111798507462687 1.4476301964222984 1.4482711622661304 0.0009765625
35.111798507462687 35.131731343283583 1.447589265964218 1.4482301964222986 0.0009765625
35.131731343283583 35.151664179104479 1.4475483708419743 1.4481892659642182 0.0009765625
35.151664179104479 35.171597014925375 1.4475075110057709 1.4481483708419745 0.0009765625
35.171597014925375 35.191529850746271 1.4474666864059 1.4481075110057711 0.0009765625
35.191529850746271 35.211462686567167 1.4474258969927483 1.4480666864059002 0.0009765625
35.211462686567167 35.231395522388063 1.4473851427168045 1.4480258969927484 0.0009765625
35.231395522388063 35.251328358208958 1.4473444235286546 1.4479851427168047 0.0009765625
35.251328358208958 35.271261194029854 1.4473037393789803 1.4479444235286547 0.0009765625
35.271261194029854 35.29119402985075 1.447263090218563 1.4479037393789804 0.0009765625
35.29119402985075 35.311126865671646 1.4472224759982828 1.4478630902185632 0.0009765625
35.311126865671646 35.331059701492542 1.4471818966691035 1.447822475998283 0.0009765625
35.331059701492542 35.350992537313438 1.447141352182101 1.4477818966691036 0.0009765625
35.350992537313438 35.370925373134334 1.4471008424884331 1.4477413521821012 0.0009765625
35.370925373134334 35.39085820895523 1.4470603675393681 1.4477008424884332 0.0009765625
35.39085820895523 35.410791044776126 1.4470199272862656 1.4476603675393682 0.0009765625
35.410791044776126 35.430723880597021 1.4469795216805663 1.4476199272862658 0.0009765625
35.430723880597021 35.450656716417917 1.4469391506738227 1.4475795216805665 0.0009765625
35.450656716417917 35.470589552238813 1.4468988142176731 1.4475391506738229 0.0009765625
35.470589552238813 35.490522388059702 1.4468585122638546 1.4474988142176732 0.0009765625
35.490522388059702 35.510455223880598 1.4468182447642044 1.4474585122638548 0.0009765625
35.510455223880598 35.530388059701494 1.4467780116706346 1.4474182447642046 0.0009765625
35.530388059701494 35.55032089552239 1.4467378129351733 1.4473780116706347 0.0009765625
35.55032089552239 35.570253731343286 1.4466976485099199 1.4473378129351735 0.0009765625
35.570253731343286 35.590186567164181 1.4466575183470956 1.44729764850992 0.0009765625
35.590186567164181 35.610119402985077 1.4466174223989849 1.4472575183470957 0.0009765625
35.610119402985077 35.630052238805973 1.4465773606179892 1.4472174223989851 0.0009765625
35.630052238805973 35.649985074626869 1.4465373329565765 1.4471773606179894 0.0009765625
35.649985074626869 35.669917910447765 1.4464973393673424 1.4471373329565766 0.0009765625
35.669917910447765 35.689850746268661 1.446457379802945 1.4470973393673425 0.0009765625
35.689850746268661 35.709783582089557 1.4464174542155288 1.4470573798023361 0.0009765625
35.709783582089557 35.729716417910453 1.4463775625597863 1.4470174542161429 0.0009765625
35.729716417910453 35.749649253731349 1.4463377047868287 1.4469775625597865 0.0009765625
35.749649253731349 35.769582089552244 1.4462978808502969 1.4469377047868288 0.0009765625
35.769582089552244 35.78951492537314 1.4462580907033187 1.446897880850297 0.0009765625
35.78951492537314 35.809447761194036 1.4462183342991135 1.4468580907033188 0.0009765625
35.809447761194036 35.829380597014925 1.4461786115909805 1.4468183342991137 0.0009765625
35.829380597014925 35.849313432835821 1.4461389225323202 1.4467786115909806 0.0009765625
35.849313432835821 35.869246268656717 1.4460992670766262 1.4467389225323204 0.0009765625
35.869246268656717 35.889179104477613 1.4460596451774634 1.4466992670766263 0.0009765625
35.889179104477613 35.909111940298509 1.4460200567885164 1.4466596451774636 0.0009765625
35.909111940298509 35.929044776119405 1.4459805018635359 1.4466200567885166 0.0009765625
35.929044776119405 35.9489776119403 1.4459409803563563 1.446580501863536 0.0009765625
35.9489776119403 35.968910447761196 1.445901492220921 1.4465409803563565 0.0009765625
35.968910447761196 35.988843283582092 1.4458620374112536 1.4465014922209212 0.0009765625
35.988843283582092 36.008776119402988 1.4458226158814633 1.4464620374112538 0.0009765625
36.008776119402988 36.028708955223884 1.4457832275857616 1.4464226158814635 0.0009765625
36.028708955223884 36.04864179104478 1.4457438724784211 1.4463832275857618 0.0009765625
36.04864179104478 36.068574626865676 1.4457045505138346 1.4463438724784212 0.0009765625
36.068574626865676 36.088507462686565 1.4456652616464567 1.4463045505138348 0.0009765625
36.088507462686565 36.10844029850746 1.4456260058308317 1.4462652616464569 0.0009765625
36.10844029850746 36.128373134328356 1.4455867830216143 1.4462260058308318 0.0009765625
36.128373134328356 36.148305970149252 1.4455475931735284 1.4461867830216144 0.0009765625
36.148305970149252 36.168238805970148 1.4455084362413761 1.4461475931735286 0.0009765625
36.168238805970148 36.188171641791044 1.445469312180063 1.4461084362413763 0.0009765625
36.188171641791044 36.20810447761194 1.4454302209445786 1.4460693121800632 0.0009765625
36.20810447761194 36.228037313432836 1.4453911624899933 1.4460302209445788 0.0009765625
36.228037313432836 36.247970149253732 1.4453521367714643 1.4459911624899935 0.0009765625
36.247970149253732 36.267902985074628 1.445313143744237 1.4459521367714645 0.0009765625
36.267902985074628 36.287835820895523 1.4452741833636327 1.4459131437442372 0.0009765625
36.287835820895523 36.307768656716419 1.4452352555850763 1.4458741833636328 0.0009765625
36.307768656716419 36.327701492537315 1.4451963603640685 1.4458352555850764 0.0009765625
36.327701492537315 36.347634328358211 1.4451574976561865 1.4457963603640687 0.0009765625
36.347634328358211 36.3675671641791 1.4451186674171037 1.4457574976561867 0.0009765625
36.3675671641791 36.387499999999996 1.4450798696025731 1.4457186674171039 0.0009765625
36.387499999999996 36.407432835820892 1.4450411041684377 1.4456798696025732 0.0009765625
36.407432835820892 36.427365671641788 1.4450023710706157 1.4456411041684378 0.0009765625
36.427365671641788 36.447298507462683 1.4449636702651119 1.4456023710706158 0.0009765625
36.447298507462683 36.467231343283579 1.4449250017080222 1.445563670265112 0.0009765625
36.467231343283579 36.487164179104475 1.444886365355512 1.4455250017080223 0.0009765625
36.487164179104475 36.507097014925371 1.4448477611632431 1.4454863653549099 0.0009765625
36.507097014925371 36.527029850746267 1.44480918908936 1.4454477611638472 0.0009765625
36.527029850746267 36.546962686567163 1.4447706490884791 1.4454091890893601 0.0009765625
36.546962686567163 36.566895522388059 1.4447321411177052 1.4453706490884792 0.0009765625
36.566895522388059 36.586828358208955 1.4446936651336291 1.4453321411177054 0.0009765625
36.586828358208955 36.606761194029851 1.4446552210929209 1.4452936651336292 0.0009765625
36.606761194029851 36.626694029850746 1.4446168089523339 1.445255221092921 0.0009765625
36.626694029850746 36.646626865671642 1.4445784286686989 1.4452168089523341 0.0009765625
36.646626865671642 36.666559701492538 1.4445400801989319 1.4451784286686991 0.0009765625
36.666559701492538 36.686492537313427 1.4445017635000308 1.445140080198932 0.0009765625
36.686492537313427 36.706425373134323 1.4444634785290775 1.4451017635000309 0.0009765625
36.706425373134323 36.726358208955219 1.4444252252432292 1.4450634785290777 0.0009765625
36.726358208955219 36.746291044776115 1.4443870035997284 1.4450252252432294 0.0009765625
36.746291044776115 36.766223880597011 1.4443488135558844 1.4449870035997285 0.0009765625
36.766223880597011 36.786156716417906 1.4443106550691123 1.4449488135558846 0.0009765625
36.786156716417906 36.806089552238802 1.4442725280968911 1.4449106550691124 0.0009765625
36.806089552238802 36.826022388059698 1.4442344325967789 1.4448725280968913 0.0009765625
36.826022388059698 36.845955223880594 1.4441963685264201 1.444834432596779 0.0009765625
36.845955223880594 36.86588805970149 1.4441583358435344 1.4447963685264202 0.0009765625
36.86588805970149 36.885820895522386 1.4441203345059273 1.4447583358435345 0.0009765625
36.885820895522386 36.905753731343282 1.4440823644714709 1.4447203345059274 0.0009765625
36.905753731343282 36.925686567164178 1.4440444256981284 1.444682364471471 0.0009765625
36.925686567164178 36.945619402985074 1.4440065181439452 1.4446444256981286 0.0009765625
36.945619402985074 36.965552238805969 1.4439686417670297 1.4446065181439454 0.0009765625
36.965552238805969 36.985485074626865 1.4439307965255832 1.4445686417670298 0.0009765625
36.985485074626865 37.005417910447761 1.443892982377869 1.4445307965255834 0.0009765625
37.005417910447761 37.025350746268657 1.4438551992822466 1.4444929823778692 0.0009765625
37.025350746268657 37.045283582089553 1.4438174471971548 1.4444551992822467 0.0009765625
37.045283582089553 37.065216417910449 1.4437797260810865 1.4444174471971549 0.0009765625
37.065216417910449 37.085149253731345 1.4437420358926298 1.4443797260810867 0.0009765625
37.085149253731345 37.105082089552234 1.4437043765904609 1.44434203589263 0.0009765625
37.105082089552234 37.125014925373129 1.4436667481333034 1.4443043765904611 0.0009765625
37.125014925373129 37.144947761194025 1.4436291504799812 1.4442667481333036 0.0009765625
37.144947761194025 37.164880597014921 1.4435915835893873 1.4442291504799813 0.0009765625
37.164880597014921 37.184813432835817 1.4435540474204969 1.4441915835893875 0.0009765625
37.184813432835817 37.204746268656713 1.4435165419323535 1.444154047420497 0.0009765625
37.204746268656713 37.224679104477609 1.4434790670840749 1.4441165419323536 0.0009765625
37.224679104477609 37.244611940298505 1.4434416228348723 1.4440790670840751 0.0009765625
37.244611940298505 37.264544776119401 1.4434042091440145 1.4440416228348725 0.0009765625
37.264544776119401 37.284477611940297 1.4433668259708481 1.4440042091440146 0.0009765625
37.284477611940297 37.304410447761192 1.4433294732742092 1.4439668259702507 0.0009765625
37.304410447761192 37.324343283582088 1.4432921510153967 1.4439294732748127 0.0009765625
37.324343283582088 37.344276119402984 1.4432548591521888 1.4438921510153968 0.0009765625
37.344276119402984 37.36420895522388 1.4432175976448351 1.4438548591521889 0.0009765625
37.36420895522388 37.384141791044776 1.4431803664530625 1.4438175976448353 0.0009765625
37.384141791044776 37.404074626865672 1.443143165536678 1.4437803664530626 0.0009765625
37.404074626865672 37.424007462686568 1.4431059948555514 1.4437431655366781 0.0009765625
37.424007462686568 37.443940298507464 1.4430688543696395 1.4437059948555515 0.0009765625
37.443940298507464 37.46387313432836 1.4430317440389606 1.4436688543696397 0.0009765625
37.46387313432836 37.483805970149248 1.4429946638236248 1.4436317440389608 0.0009765625
37.483805970149248 37.503738805970144 1.4429576136837965 1.443594663823625 0.0009765625
37.503738805970144 37.52367164179104 1.4429205935797154 1.4435576136837966 0.0009765625
37.52367164179104 37.543604477611936 1.4428836034717203 1.4435205935797155 0.0009765625
37.543604477611936 37.563537313432832 1.442846643320183 1.4434836034717204 0.0009765625
37.563537313432832 37.583470149253728 1.4428097130855848 1.4434466433201831 0.0009765625
37.583470149253728 37.603402985074624 1.4427728127284523 1.443409713085585 0.0009765625
37.603402985074624 37.62333582089552 1.4427359422094141 1.4433728127284524 0.0009765625
37.62333582089552 37.643268656716415 1.4426991014891399 1.4433359422094143 0.0009765625
37.643268656716415 37.663201492537311 1.4426622905283901 1.4432991014891401 0.0009765625
37.663201492537311 37.683134328358207 1.4426255092879985 1.4432622905283903 0.0009765625
37.683134328358207 37.703067164179103 1.4425887577288612 1.4432255092879986 0.0009765625
37.703067164179103 37.722999999999999 1.4425520358119506 1.4431887577288613 0.0009765625
37.722999999999999 37.742932835820895 1.442515343498308 1.4431520358119507 0.0009765625
37.742932835820895 37.762865671641791 1.4424786807490655 1.4431153434983082 0.0009765625
37.762865671641791 37.782798507462687 1.442442047525395 1.4430786807490656 0.0009765625
37.782798507462687 37.802731343283583 1.4424054437885536 1.4430420475253951 0.0009765625
37.802731343283583 37.822664179104478 1.4423688694998771 1.4430054437885538 0.0009765625
37.822664179104478 37.842597014925374 1.4423323246207722 1.4429688694998772 0.0009765625
37.842597014925374 37.86252985074627 1.4422958091127025 1.4429323246207724 0.0009765625
37.86252985074627 37.882462686567166 1.4422593229372032 1.4428958091127027 0.0009765625
37.882462686567166 37.902395522388055 1.4422228660559013 1.4428593229372033 0.0009765625
37.902395522388055 37.922328358208951 1.4421864384304723 1.4428228660559015 0.0009765625
37.922328358208951 37.942261194029847 1.4421500400226672 1.4427864384304725 0.0009765625
37.942261194029847 37.962194029850743 1.4421136707943103 1.4427500400226674 0.0009765625
37.962194029850743 37.982126865671638 1.4420773307072901 1.4427136707943105 0.0009765625
37.982126865671638 38.002059701492534 1.4420410197235696 1.4426773307072902 0.0009765625
38.002059701492534 38.02199253731343 1.4420047378051812 1.4426410197235697 0.0009765625
38.02199253731343 38.041925373134326 1.4419684849142305 1.4426047378051814 0.0009765625
38.041925373134326 38.061858208955222 1.4419322610128726 1.4425684849142306 0.0009765625
38.061858208955222 38.081791044776118 1.4418960660633573 1.4425322610128728 0.0009765625
38.081791044776118 38.101723880597014 1.4418599000273884 1.4424960660627548 0.0009765625
38.101723880597014 38.12165671641791 1.4418237628691397 1.4424599000279845 0.0009765625
38.12165671641791 38.141589552238806 1.4417876545492534 1.4424237628691399 0.0009765625
38.141589552238806 38.161522388059701 1.4417515750308494 1.4423876545492536 0.0009765625
38.161522388059701 38.181455223880597 1.4417155242764952 1.4423515750308495 0.0009765625
38.181455223880597 38.201388059701493 1.4416795022488476 1.4423155242764953 0.0009765625
38.201388059701493 38.221320895522389 1.4416435089106197 1.4422795022488477 0.0009765625
38.221320895522389 38.241253731343285 1.4416075442246059 1.4422435089106198 0.0009765625
38.241253731343285 38.261186567164181 1.4415716081536349 1.4422075442246061 0.0009765625
38.261186567164181 38.28111940298507 1.44153570066064 1.4421716081536351 0.0009765625
38.28111940298507 38.301052238805966 1.4414998217086001 1.4421357006606401 0.0009765625
38.301052238805966 38.320985074626861 1.4414639712605768 1.4420998217086003 0.0009765625
38.320985074626861 38.340917910447757 1.4414281492796759 1.4420639712605769 0.0009765625
38.340917910447757 38.360850746268653 1.4413923557290997 1.442028149279676 0.0009765625
38.360850746268653 38.380783582089549 1.441356590572084 1.4419923557290999 0.0009765625
38.380783582089549 38.400716417910445 1.4413208537719555 1.4419565905720841 0.0009765625
38.400716417910445 38.420649253731341 1.4412851452920976 1.4419208537719557 0.0009765625
38.420649253731341 38.440582089552237 1.4412494650959589 1.4418851452920978 0.0009765625
38.440582089552237 38.460514925373133 1.4412138131470653 1.441849465095959 0.0009765625
38.460514925373133 38.480447761194029 1.4411781894089848 1.4418138131470655 0.0009765625
38.480447761194029 38.500380597014924 1.4411425938453732 1.4417781894089849 0.0009765625
38.500380597014924 38.52031343283582 1.4411070264199499 1.4417425938453734 0.0009765625
38.52031343283582 38.540246268656716 1.4410714870964854 1.4417070264199501 0.0009765625
38.540246268656716 38.560179104477612 1.44103597583882 1.4416714870964855 0.0009765625
38.560179104477612 38.580111940298508 1.4410004926108786 1.4416359758388202 0.0009765625
38.580111940298508 38.600044776119404 1.4409650373766165 1.4416004926108787 0.0009765625
38.600044776119404 38.6199776119403 1.4409296101000906 1.4415650373766167 0.0009765625
38.6199776119403 38.639910447761196 1.4408942107453866 1.4415296101000907 0.0009765625
38.639910447761196 38.659843283582092 1.4408588392766817 1.4414942107453868 0.0009765625
38.659843283582092 38.679776119402987 1.4408234956582022 1.4414588392766818 0.0009765625
38.679776119402987 38.699708955223876 1.4407881798542492 1.4414234956582024 0.0009765625
38.699708955223876 38.719641791044772 1.4407528918291777 1.4413881798542494 0.0009765625
38.719641791044772 38.739574626865668 1.4407176315474206 1.4413528918291778 0.0009765625
38.739574626865668 38.759507462686564 1.4406823989734474 1.4413176315474208 0.0009765625
38.759507462686564 38.77944029850746 1.4406471940718246 1.4412823989734476 0.0009765625
38.77944029850746 38.799373134328356 1.4406120168071648 1.4412471940718248 0.0009765625
38.799373134328356 38.819305970149252 1.4405768671441286 1.4412120168071649 0.0009765625
38.819305970149252 38.839238805970147 1.4405417450474793 1.4411768671441287 0.0009765625
38.839238805970147 38.859171641791043 1.4405066504820048 1.4411417450474795 0.0009765625
38.859171641791043 38.879104477611939 1.4404715834125765 1.4411066504820049 0.0009765625
38.879104477611939 38.899037313432835 1.4404365438035238 1.4410715834119781 0.0009765625
38.899037313432835 38.918970149253731 1.4404015316216283 1.4410365438041208 0.0009765625
38.918970149253731 38.938902985074627 1.4403665468301614 1.4410015316216285 0.0009765625
38.938902985074627 38.958835820895523 1.4403315893948168 1.4409665468301616 0.0009765625
38.958835820895523 38.978768656716419 1.4402966592807875 1.4409315893948169 0.0009765625
38.978768656716419 38.998701492537315 1.4402617564533116 1.4408966592807877 0.0009765625
38.998701492537315 39.01863432835821 1.4402268808776817 1.4408617564533117 0.0009765625
39.01863432835821 39.038567164179106 1.4401920325192734 1.4408268808776818 0.0009765625
39.038567164179106 39.058500000000002 1.4401572113435017 1.4407920325192736 0.0009765625
39.058500000000002 39.078432835820891 1.4401224173158602 1.4407572113435019 0.0009765625
39.078432835820891 39.098365671641787 1.4400876504018776 1.4407224173158604 0.0009765625
39.098365671641787 39.118298507462683 1.4400529105671875 1.4406876504018777 0.0009765625
39.118298507462683 39.138231343283579 1.4400181977774438 1.4406529105671877 0.0009765625
39.138231343283579 39.158164179104475 1.4399835119983719 1.4406181977774439 0.0009765625
39.158164179104475 39.17809701492537 1.4399488531957783 1.4405835119983721 0.0009765625
39.17809701492537 39.198029850746266 1.4399142213354981 1.4405488531957784 0.0009765625
39.198029850746266 39.217962686567162 1.4398796163834544 1.4405142213354982 0.0009765625
39.217962686567162 39.237895522388058 1.4398450383056081 1.4404796163834546 0.0009765625
39.237895522388058 39.257828358208954 1.4398104870680026 1.4404450383056082 0.0009765625
39.257828358208954 39.27776119402985 1.439775962636715 1.4404104870680028 0.0009765625
39.27776119402985 39.297694029850746 1.4397414649779083 1.4403759626367152 0.0009765625
39.297694029850746 39.317626865671642 1.439706994057788 1.4403414649779085 0.0009765625
39.317626865671642 39.337559701492538 1.4396725498426362 1.4403069940577882 0.0009765625
39.337559701492538 39.357492537313433 1.4396381322987655 1.4402725498426363 0.0009765625
39.357492537313433 39.377425373134329 1.4396037413925769 1.4402381322987656 0.0009765625
39.377425373134329 39.397358208955225 1.4395693770905185 1.440203741392577 0.0009765625
39.397358208955225 39.417291044776121 1.4395350393590864 1.4401693770905186 0.0009765625
39.417291044776121 39.437223880597017 1.4395007281648657 1.4401350393590866 0.0009765625
39.437223880597017 39.457156716417913 1.439466443474464 1.4401007281648659 0.0009765625
39.457156716417913 39.477089552238809 1.4394321852545751 1.4400664434744641 0.0009765625
39.477089552238809 39.497022388059698 1.4393979534719403 1.4400321852545752 0.0009765625
39.497022388059698 39.516955223880593 1.4393637480933565 1.4399979534719405 0.0009765625
39.516955223880593 39.536888059701489 1.4393295690856864 1.4399637480933567 0.0009765625
39.536888059701489 39.556820895522385 1.4392954164158398 1.4399295690856866 0.0009765625
39.556820895522385 39.576753731343281 1.4392612900508024 1.43989541641584 0.0009765625
39.576753731343281 39.596686567164177 1.4392271899575984 1.4398612900508025 0.0009765625
39.596686567164177 39.616619402985073 1.4391931161033271 1.4398271899575985 0.0009765625
39.616619402985073 39.636552238805969 1.4391590684551263 1.4397931161033273 0.0009765625
39.636552238805969 39.656485074626865 1.439125046980213 1.4397590684551265 0.0009765625
39.656485074626865 39.676417910447761 1.4390910516458371 1.4397250469802132 0.0009765625
39.676417910447761 39.696350746268656 1.4390570824187294 1.4396910516452361 0.0009765625
39.696350746268656 39.716283582089552 1.4390231392680572 1.4396570824193236 0.0009765625
39.716283582089552 39.736216417910448 1.4389892221594545 1.4396231392680574 0.0009765625
39.736216417910448 39.756149253731344 1.438955331061023 1.4395892221594546 0.0009765625
39.756149253731344 39.77608208955224 1.4389214659403045 1.4395553310610232 0.0009765625
39.77608208955224 39.796014925373136 1.4388876267648971 1.4395214659403046 0.0009765625
39.796014925373136 39.815947761194032 1.4388538135024704 1.4394876267648973 0.0009765625
39.815947761194032 39.835880597014928 1.438820026120738 1.4394538135024706 0.0009765625
39.835880597014928 39.855813432835824 1.4387862645874672 1.4394200261207382 0.0009765625
39.855813432835824 39.875746268656719 1.4387525288704921 1.4393862645874673 0.0009765625
39.875746268656719 39.895679104477615 1.4387188189376963 1.4393525288704923 0.0009765625
39.895679104477615 39.915611940298511 1.4386851347570255 1.4393188189376964 0.0009765625
39.915611940298511 39.935544776119407 1.4386514762964684 1.4392851347570257 0.0009765625
39.935544776119407 39.955477611940303 1.4386178435240771 1.4392514762964685 0.0009765625
39.955477611940303 39.975410447761199 1.4385842364079588 1.4392178435240772 0.0009765625
39.975410447761199 39.995343283582095 1.4385506549162821 1.439184236407959 0.0009765625
39.995343283582095 40.015276119402991 1.4385170990172582 1.4391506549162822 0.0009765625
40.015276119402991 40.035208955223887 1.4384835686791602 1.4391170990172584 0.0009765625
40.035208955223887 40.055141791044782 1.4384500638703124 1.4390835686791603 0.0009765625
40.055141791044782 40.075074626865671 1.4384165845591077 1.4390500638703125 0.0009765625
40.075074626865671 40.095007462686567 1.4383831307139778 1.4390165845591079 0.0009765625
40.095007462686567 40.114940298507463 1.4383497023034135 1.438983130713978 0.0009765625
40.114940298507463 40.134873134328359 1.4383162992959597 1.4389497023034137 0.0009765625
40.134873134328359 40.154805970149255 1.4382829216602155 1.4389162992959599 0.0009765625
40.154805970149255 40.174738805970151 1.4382495693648407 1.4388829216602157 0.0009765625
40.174738805970151 40.194671641791047 1.4382162423785367 1.4388495693648409 0.0009765625
40.194671641791047 40.214604477611942 1.4381829406700737 1.4388162423785369 0.0009765625
40.214604477611942 40.234537313432838 1.4381496642082658 1.4387829406700738 0.0009765625
40.234537313432838 40.254470149253734 1.4381164129619819 1.438749664208266 0.0009765625
40.254470149253734 40.27440298507463 1.4380831869001396 1.438716412961982 0.0009765625
40.27440298507463 40.294335820895526 1.4380499859917242 1.4386831869001397 0.0009765625
40.294335820895526 40.314268656716422 1.4380168102057647 1.4386499859917243 0.0009765625
40.314268656716422 40.334201492537318 1.4379836595113447 1.4386168102057648 0.0009765625
40.334201492537318 40.354134328358214 1.4379505338775926 1.4385836595113448 0.0009765625
40.354134328358214 40.37406716417911 1.4379174332737108 1.4385505338775928 0.0009765625
40.37406716417911 40.394000000000005 1.437884357668938 1.438517433273711 0.0009765625
40.394000000000005 40.413932835820901 1.4378513070325663 1.4384843576689381 0.0009765625
40.413932835820901 40.433865671641797 1.4378182813339428 1.4384513070325664 0.0009765625
40.433865671641797 40.453798507462693 1.4377852805424738 1.438418281333943 0.0009765625
40.453798507462693 40.473731343283589 1.4377523046276066 1.4383852805424739 0.0009765625
40.473731343283589 40.493664179104485 1.4377193535582575 1.4383523046270119 0.0009765625
40.493664179104485 40.513597014925381 1.4376864273057697 1.4383193535588557 0.0009765625
40.513597014925381 40.533529850746277 1.4376535258379504 1.4382864273057698 0.0009765625
40.533529850746277 40.553462686567173 1.4376206491250791 1.4382535258379505 0.0009765625
40.553462686567173 40.573395522388068 1.4375877971368574 1.4382206491250793 0.0009765625
40.573395522388068 40.593328358208964 1.437554969843053 1.4381877971368575 0.0009765625
40.593328358208964 40.613261194029853 1.4375221672134868 1.4381549698430531 0.0009765625
40.613261194029853 40.633194029850749 1.437489389218009 1.438122167213487 0.0009765625
40.633194029850749 40.653126865671645 1.4374566358265684 1.4380893892180091 0.0009765625
40.653126865671645 40.673059701492541 1.4374239070091066 1.4380566358265685 0.0009765625
40.673059701492541 40.692992537313437 1.4373912027356708 1.4380239070091068 0.0009765625
40.692992537313437 40.712925373134333 1.4373585229763159 1.4379912027356709 0.0009765625
40.712925373134333 40.732858208955228 1.4373258677011724 1.4379585229763161 0.0009765625
40.732858208955228 40.752791044776124 1.4372932368804143 1.4379258677011726 0.0009765625
40.752791044776124 40.77272388059702 1.4372606304842701 1.4378932368804145 0.0009765625
40.77272388059702 40.792656716417916 1.4372280484830067 1.4378606304842703 0.0009765625
40.792656716417916 40.812589552238812 1.4371954908469695 1.4378280484830068 0.0009765625
40.812589552238812 40.832522388059708 1.4371629575465144 1.4377954908469697 0.0009765625
40.832522388059708 40.852455223880604 1.4371304485520808 1.4377629575465145 0.0009765625
40.852455223880604 40.872388059701493 1.4370979638341472 1.437730448552081 0.0009765625
40.872388059701493 40.892320895522388 1.4370655033632325 1.4376979638341474 0.0009765625
40.892320895522388 40.912253731343284 1.4370330671099194 1.4376655033632326 0.0009765625
40.912253731343284 40.93218656716418 1.4370006550448369 1.4376330671099196 0.0009765625
40.93218656716418 40.952119402985076 1.4369682671386554 1.437600655044837 0.0009765625
40.952119402985076 40.972052238805972 1.4369359033621079 1.4375682671386556 0.0009765625
40.972052238805972 40.991985074626868 1.4369035636859713 1.437535903362108 0.0009765625
40.991985074626868 41.011917910447764 1.4368712480810635 1.4375035636859714 0.0009765625
41.011917910447764 41.03185074626866 1.4368389565182704 1.4374712480810636 0.0009765625
41.03185074626866 41.051783582089556 1.4368066889685109 1.4374389565182706 0.0009765625
41.051783582089556 41.071716417910451 1.4367744454027476 1.4374066889685111 0.0009765625
41.071716417910451 41.091649253731347 1.4367422257920186 1.4373744454027477 0.0009765625
41.091649253731347 41.111582089552243 1.436710030107385 1.4373422257920188 0.0009765625
41.111582089552243 41.131514925373139 1.4366778583199709 1.4373100301073851 0.0009765625
41.131514925373139 41.151447761194028 1.4366457104009465 1.437277858319971 0.0009765625
41.151447761194028 41.171380597014924 1.4366135863215184 1.4372457104009466 0.0009765625
41.171380597014924 41.19131343283582 1.4365814860529673 1.4372135863215185 0.0009765625
41.19131343283582 41.211246268656716 1.4365494095665925 1.4371814860529675 0.0009765625
41.211246268656716 41.231179104477611 1.4365173568337644 1.4371494095665927 0.0009765625
41.231179104477611 41.251111940298507 1.4364853278258931 1.4371173568337645 0.0009765625
41.251111940298507 41.271044776119403 1.4364533225144314 1.4370853278258933 0.0009765625
41.271044776119403 41.290977611940299 1.4364213408702986 1.43705332251384 0.0009765625
41.290977611940299 41.310910447761195 1.4363893828668219 1.4370213408708927 0.0009765625
41.310910447761195 41.330843283582091 1.436357448473828 1.4369893828668221 0.0009765625
41.330843283582091 41.350776119402987 1.4363255376635529 1.4369574484738281 0.0009765625
41.350776119402987 41.370708955223883 1.4362936504077004 1.436925537663553 0.0009765625
41.370708955223883 41.390641791044779 1.4362617866780132 1.4368936504077006 0.0009765625
41.390641791044779 41.410574626865674 1.4362299464462807 1.4368617866780133 0.0009765625
41.410574626865674 41.43050746268657 1.4361981296843362 1.4368299464462808 0.0009765625
41.43050746268657 41.450440298507466 1.4361663363640773 1.4367981296843364 0.0009765625
41.450440298507466 41.470373134328355 1.4361345664574279 1.4367663363640775 0.0009765625
41.470373134328355 41.490305970149251 1.4361028199363703 1.436734566457428 0.0009765625
41.490305970149251 41.510238805970147 1.4360710967729264 1.4367028199363705 0.0009765625
41.510238805970147 41.530171641791043 1.4360393969391805 1.4366710967729266 0.0009765625
41.530171641791043 41.550104477611939 1.4360077204072379 1.4366393969391806 0.0009765625
41.550104477611939 41.570037313432834 1.4359760671492774 1.4366077204072381 0.0009765625
41.570037313432834 41.58997014925373 1.4359444371375079 1.4365760671492775 0.0009765625
41.58997014925373 41.609902985074626 1.4359128303441775 1.436544437137508 0.0009765625
41.609902985074626 41.629835820895522 1.4358812467416104 1.4365128303441776 0.0009765625
41.629835820895522 41.649768656716418 1.4358496863021428 1.4364812467416106 0.0009765625
41.649768656716418 41.669701492537314 1.4358181489981754 1.436449686302143 0.0009765625
41.669701492537314 41.68963432835821 1.4357866348021522 1.4364181489981755 0.0009765625
41.68963432835821 41.709567164179106 1.4357551436865637 1.4363866348021523 0.0009765625
41.709567164179106 41.729500000000002 1.4357236756239466 1.4363551436865638 0.0009765625
41.729500000000002 41.749432835820897 1.4356922305868713 1.4363236756239468 0.0009765625
41.749432835820897 41.769365671641793 1.4356608085479745 1.4362922305868715 0.0009765625
41.769365671641793 41.789298507462689 1.4356294094799142 1.4362608085479747 0.0009765625
41.789298507462689 41.809231343283585 1.435598033355427 1.4362294094799144 0.0009765625
41.809231343283585 41.829164179104481 1.4355666801472526 1.4361980333554272 0.0009765625
41.829164179104481 41.849097014925377 1.4355353498282122 1.4361666801472528 0.0009765625
41.849097014925377 41.869029850746273 1.4355040423711447 1.4361353498282123 0.0009765625
41.869029850746273 41.888962686567162 1.4354727577489654 1.4361040423711449 0.0009765625
41.888962686567162 41.908895522388057 1.4354414959345931 1.4360727577489656 0.0009765625
41.908895522388057 41.928828358208953 1.4354102569010392 1.4360414959345933 0.0009765625
41.928828358208953 41.948761194029849 1.4353790406213167 1.4360102569010393 0.0009765625
41.948761194029849 41.968694029850745 1.4353478470685075 1.4359790406213169 0.0009765625
41.968694029850745 41.988626865671641 1.4353166762157283 1.4359478470685076 0.0009765625
41.988626865671641 42.008559701492537 1.4352855280361418 1.4359166762157285 0.0009765625
42.008559701492537 42.028492537313433 1.4352544025029632 1.435885528036142 0.0009765625
42.028492537313433 42.048425373134329 1.4352232995894425 1.4358544025029634 0.0009765625
42.048425373134329 42.068358208955225 1.4351922192688751 1.4358232995894427 0.0009765625
42.068358208955225 42.08829104477612 1.4351611615140125 1.4357922192682813 0.0009765625
42.08829104477612 42.108223880597016 1.4351301263000074 1.4357611615146024 0.0009765625
42.108223880597016 42.128156716417912 1.4350991135985218 1.4357301263000075 0.0009765625
42.128156716417912 42.148089552238808 1.435068123383616 1.435699113598522 0.0009765625
42.148089552238808 42.168022388059704 1.435037155628806 1.4356681233836162 0.0009765625
42.168022388059704 42.1879552238806 1.4350062103076473 1.4356371556288061 0.0009765625
42.1879552238806 42.207888059701496 1.4349752873937496 1.4356062103076475 0.0009765625
42.207888059701496 42.227820895522392 1.4349443868607552 1.4355752873937497 0.0009765625
42.227820895522392 42.247753731343288 1.4349135086823503 1.4355443868607554 0.0009765625
42.247753731343288 42.267686567164176 1.4348826528322747 1.4355135086823505 0.0009765625
42.267686567164176 42.287619402985072 1.4348518192843032 1.4354826528322748 0.0009765625
42.287619402985072 42.307552238805968 1.4348210080122481 1.4354518192843033 0.0009765625
42.307552238805968 42.327485074626864 1.4347902189899722 1.4354210080122483 0.0009765625
42.327485074626864 42.34741791044776 1.4347594521913789 1.4353902189899723 0.0009765625
42.34741791044776 42.367350746268656 1.4347287075904227 1.4353594521913791 0.0009765625
42.367350746268656 42.387283582089552 1.4346979851610837 1.4353287075904229 0.0009765625
42.387283582089552 42.407216417910448 1.4346672848773991 1.4352979851610839 0.0009765625
42.407216417910448 42.427149253731343 1.4346366067134442 1.4352672848773993 0.0009765625
42.427149253731343 42.447082089552239 1.4346059506433315 1.4352366067134443 0.0009765625
42.447082089552239 42.467014925373135 1.4345753166412198 1.4352059506433317 0.0009765625
42.467014925373135 42.486947761194031 1.434544704681316 1.43517531664122 0.0009765625
42.486947761194031 42.506880597014927 1.4345141147378577 1.4351447046813162 0.0009765625
42.506880597014927 42.526813432835823 1.4344835467851349 1.4351141147378579 0.0009765625
42.526813432835823 42.546746268656719 1.4344530007974692 1.4350835467851351 0.0009765625
42.546746268656719 42.566679104477615 1.4344224767492331 1.4350530007974693 0.0009765625
42.566679104477615 42.586611940298511 1.4343919746148439 1.4350224767492332 0.0009765625
42.586611940298511 42.606544776119406 1.4343614943687317 1.4349919746148441 0.0009765625
42.606544776119406 42.626477611940302 1.4343310359854138 1.4349614943687319 0.0009765625
42.626477611940302 42.646410447761198 1.4343005994394193 1.4349310359854139 0.0009765625
42.646410447761198 42.666343283582094 1.4342701847053245 1.4349005994394195 0.0009765625
42.666343283582094 42.686276119402983 1.4342397917577394 1.4348701847053247 0.0009765625
42.686276119402983 42.706208955223879 1.4342094205713303 1.4348397917577396 0.0009765625
42.706208955223879 42.726141791044775 1.434179071120794 1.4348094205713304 0.0009765625
42.726141791044775 42.746074626865671 1.4341487433808839 1.4347790711207942 0.0009765625
42.746074626865671 42.766007462686566 1.4341184373263642 1.4347487433808841 0.0009765625
42.766007462686566 42.785940298507462 1.4340881529320659 1.4347184373263644 0.0009765625
42.785940298507462 42.805873134328358 1.4340578901728578 1.4346881529320661 0.0009765625
42.805873134328358 42.825805970149254 1.4340276490236383 1.4346578901728579 0.0009765625
42.825805970149254 42.84573880597015 1.4339974294593518 1.4346276490236385 0.0009765625
42.84573880597015 42.865671641791046 1.4339672314549909 1.434597429459352 0.0009765625
42.865671641791046 42.885604477611942 1.4339370549849837 1.4345672314543998 0.0009765625
42.885604477611942 42.905537313432838 1.433906900026173 1.4345370549855738 0.0009765625
42.905537313432838 42.925470149253734 1.4338767665518943 1.4345069000261732 0.0009765625
42.925470149253734 42.945402985074629 1.4338466545378807 1.4344767665518945 0.0009765625
42.945402985074629 42.965335820895525 1.4338165639593214 1.4344466545378809 0.0009765625
42.965335820895525 42.985268656716421 1.4337864947914492 1.4344165639593216 0.0009765625
42.985268656716421 43.005201492537317 1.4337564470095152 1.4343864947914493 0.0009765625
43.005201492537317 43.025134328358213 1.43372642058885 1.4343564470095154 0.0009765625
43.025134328358213 43.045067164179109 1.4336964155047751 1.4343264205888502 0.0009765625
43.045067164179109 43.064999999999998 1.4336664317326997 1.4342964155047753 0.0009765625
43.064999999999998 43.084932835820894 1.4336364692480306 1.4342664317326999 0.0009765625
43.084932835820894 43.10486567164179 1.433606528026244 1.4342364692480307 0.0009765625
43.10486567164179 43.124798507462685 1.4335766080428383 1.4342065280262442 0.0009765625
43.124798507462685 43.144731343283581 1.4335467092733682 1.4341766080428384 0.0009765625
43.144731343283581 43.164664179104477 1.4335168316934104 1.4341467092733684 0.0009765625
43.164664179104477 43.184597014925373 1.433486975278581 1.4341168316934105 0.0009765625
43.184597014925373 43.204529850746269 1.433457140004553 1.4340869752785812 0.0009765625
43.204529850746269 43.224462686567165 1.4334273258470236 1.4340571400045532 0.0009765625
43.224462686567165 43.244395522388061 1.4333975327817297 1.4340273258470237 0.0009765625
43.244395522388061 43.264328358208957 1.4333677607844602 1.4339975327817298 0.0009765625
43.264328358208957 43.284261194029853 1.4333380098310153 1.4339677607844603 0.0009765625
43.284261194029853 43.304194029850748 1.4333082798972623 1.4339380098310155 0.0009765625
43.304194029850748 43.324126865671644 1.4332785709590983 1.4339082798972624 0.0009765625
43.324126865671644 43.34405970149254 1.433248882992447 1.4338785709590984 0.0009765625
43.34405970149254 43.363992537313436 1.4332192159732902 1.4338488829924472 0.0009765625
43.363992537313436 43.383925373134332 1.4331895698776291 1.4338192159732903 0.0009765625
43.383925373134332 43.403858208955228 1.4331599446815193 1.4337895698776293 0.0009765625
43.403858208955228 43.423791044776124 1.4331303403610458 1.4337599446815195 0.0009765625
43.423791044776124 43.44372388059702 1.4331007568923306 1.433730340361046 0.0009765625
43.44372388059702 43.463656716417916 1.4330711942515424 1.4337007568923308 0.0009765625
43.463656716417916 43.483589552238804 1.4330416524148804 1.4336711942515425 0.0009765625
43.483589552238804 43.5035223880597 1.433012131358574 1.4336416524148805 0.0009765625
43.5035223880597 43.523455223880596 1.432982631058916 1.4336121313585741 0.0009765625
43.523455223880596 43.543388059701492 1.4329531514922103 1.4335826310589161 0.0009765625
43.543388059701492 43.563320895522388 1.432923692634815 1.4335531514922104 0.0009765625
43.563320895522388 43.583253731343284 1.4328942544631122 1.4335236926348152 0.0009765625
43.583253731343284 43.60318656716418 1.4328648369535322 1.4334942544631124 0.0009765625
43.60318656716418 43.623119402985076 1.4328354400825483 1.4334648369535323 0.0009765625
43.623119402985076 43.643052238805971 1.4328060638266535 1.4334354400825484 0.0009765625
43.643052238805971 43.662985074626867 1.4327767081623894 1.4334060638266537 0.0009765625
43.662985074626867 43.682917910447763 1.4327473730657461 1.4333767081618001 0.0009765625
43.682917910447763 43.702850746268659 1.432718058515102 1.4333473730663375 0.0009765625
43.702850746268659 43.722783582089555 1.4326887644853405 1.4333180585151022 0.0009765625
43.722783582089555 43.742716417910451 1.4326594909537429 1.4332887644853407 0.0009765625
43.742716417910451 43.762649253731347 1.4326302378970281 1.4332594909537431 0.0009765625
43.762649253731347 43.782582089552243 1.4326010052919649 1.4332302378970283 0.0009765625
43.782582089552243 43.802514925373139 1.432571793115345 1.433201005291965 0.0009765625
43.802514925373139 43.822447761194034 1.4325426013440108 1.4331717931153451 0.0009765625
43.822447761194034 43.84238059701493 1.4325134299548301 1.4331426013440109 0.0009765625
43.84238059701493 43.862313432835819 1.4324842789247088 1.4331134299548303 0.0009765625
43.862313432835819 43.882246268656715 1.4324551482305963 1.4330842789247089 0.0009765625
43.882246268656715 43.902179104477611 1.4324260378494684 1.4330551482305964 0.0009765625
43.902179104477611 43.922111940298507 1.4323969477583569 1.4330260378494686 0.0009765625
43.922111940298507 43.942044776119403 1.432367877934297 1.4329969477583571 0.0009765625
43.942044776119403 43.961977611940299 1.4323388283543932 1.4329678779342971 0.0009765625
43.961977611940299 43.981910447761194 1.4323097989957652 1.4329388283543933 0.0009765625
43.981910447761194 44.00184328358209 1.4322807898355723 1.4329097989957653 0.0009765625
44.00184328358209 44.021776119402986 1.4322518008510181 1.4328807898355724 0.0009765625
44.021776119402986 44.041708955223882 1.4322228320193378 1.4328518008510183 0.0009765625
44.041708955223882 44.061641791044778 1.432193883317797 1.4328228320193379 0.0009765625
44.061641791044778 44.081574626865674 1.4321649547237063 1.4327938833177971 0.0009765625
44.081574626865674 44.10150746268657 1.4321360462144004 1.4327649547237065 0.0009765625
44.10150746268657 44.121440298507466 1.4321071577672622 1.4327360462144005 0.0009765625
44.121440298507466 44.141373134328362 1.432078289359705 1.4327071577672623 0.0009765625
44.141373134328362 44.161305970149257 1.4320494409691684 1.4326782893597052 0.0009765625
44.161305970149257 44.181238805970153 1.4320206125731427 1.4326494409691686 0.0009765625
44.181238805970153 44.201171641791049 1.4319918041491471 1.4326206125731429 0.0009765625
44.201171641791049 44.221104477611945 1.4319630156747327 1.4325918041491472 0.0009765625
44.221104477611945 44.241037313432841 1.4319342471274887 1.4325630156747329 0.0009765625
44.241037313432841 44.260970149253737 1.4319054984850408 1.4325342471274889 0.0009765625
44.260970149253737 44.280902985074626 1.4318767697250459 1.4325054984850409 0.0009765625
44.280902985074626 44.300835820895522 1.4318480608252055 1.432476769725046 0.0009765625
44.300835820895522 44.320768656716417 1.4318193717632308 1.4324480608252057 0.0009765625
44.320768656716417 44.340701492537313 1.4317907025169103 1.432419371763231 0.0009765625
44.340701492537313 44.360634328358209 1.4317620530640276 1.4323907025169105 0.0009765625
44.360634328358209 44.380567164179105 1.4317334233824164 1.4323620530640278 0.0009765625
44.380567164179105 44.400500000000001 1.4317048134499462 1.4323334233824165 0.0009765625
44.400500000000001 44.420432835820897 1.4316762232445215 1.4323048134499463 0.0009765625
44.420432835820897 44.440365671641793 1.4316476527440816 1.4322762232445216 0.0009765625
44.440365671641793 44.460298507462689 1.4316191019265907 1.4322476527440817 0.0009765625
44.460298507462689 44.480231343283585 1.4315905707694692 1.4322191019260029 0.0009765625
44.480231343283585 44.50016417910448 1.4315620592525249 1.4321905707700553 0.0009765625
44.50016417910448 44.520097014925376 1.4315335673520619 1.432162059252525 0.0009765625
44.520097014925376 44.540029850746272 1.43150509504678 1.4321335673520621 0.0009765625
44.540029850746272 44.559962686567168 1.4314766423148195 1.4321050950467802 0.0009765625
44.559962686567168 44.579895522388064 1.4314482091343639 1.4320766423148197 0.0009765625
44.579895522388064 44.59982835820896 1.4314197954836172 1.432048209134364 0.0009765625
44.59982835820896 44.619761194029856 1.4313914013408191 1.4320197954836174 0.0009765625
44.619761194029856 44.639694029850752 1.4313630266842536 1.4319914013408193 0.0009765625
44.639694029850752 44.65962686567164 1.4313346714922315 1.4319630266842538 0.0009765625
44.65962686567164 44.679559701492536 1.4313063357431031 1.4319346714922316 0.0009765625
44.679559701492536 44.699492537313432 1.4312780194152379 1.4319063357431032 0.0009765625
44.699492537313432 44.719425373134328 1.4312497224870475 1.4318780194152381 0.0009765625
44.719425373134328 44.739358208955224 1.4312214449369951 1.4318497224870477 0.0009765625
44.739358208955224 44.75929104477612 1.4311931867435377 1.4318214449369953 0.0009765625
44.75929104477612 44.779223880597016 1.4311649478851982 1.4317931867435378 0.0009765625
44.779223880597016 44.799156716417912 1.4311367283405223 1.4317649478851984 0.0009765625
44.799156716417912 44.819089552238808 1.4311085280880893 1.4317367283405225 0.0009765625
44.819089552238808 44.839022388059703 1.4310803471065121 1.4317085280880895 0.0009765625
44.839022388059703 44.858955223880599 1.4310521853744318 1.4316803471065123 0.0009765625
44.858955223880599 44.878888059701495 1.4310240428705261 1.431652185374432 0.0009765625
44.878888059701495 44.898820895522391 1.4309959195735085 1.4316240428705262 0.0009765625
44.898820895522391 44.918753731343287 1.4309678154621286 1.4315959195735086 0.0009765625
44.918753731343287 44.938686567164183 1.4309397305151561 1.4315678154621287 0.0009765625
44.938686567164183 44.958619402985079 1.430911664711402 1.4315397305151563 0.0009765625
44.958619402985079 44.978552238805975 1.43088361802971 1.4315116647114021 0.0009765625
44.978552238805975 44.998485074626871 1.4308555904489471 1.4314836180297101 0.0009765625
44.998485074626871 45.018417910447766 1.4308275819480316 1.4314555904489472 0.0009765625
45.018417910447766 45.038350746268662 1.4307995925058927 1.4314275819480318 0.0009765625
45.038350746268662 45.058283582089558 1.4307716221015139 1.4313995925058929 0.0009765625
45.058283582089558 45.078216417910447 1.4307436707138881 1.431371622101514 0.0009765625
45.078216417910447 45.098149253731343 1.4307157383220592 1.4313436707138882 0.0009765625
45.098149253731343 45.118082089552239 1.4306878249050992 1.4313157383220594 0.0009765625
45.118082089552239 45.138014925373135 1.4306599304420968 1.4312878249050993 0.0009765625
45.138014925373135 45.157947761194031 1.4306320549121958 1.431259930442097 0.0009765625
45.157947761194031 45.177880597014926 1.4306041982945616 1.431232054912196 0.0009765625
45.177880597014926 45.197813432835822 1.4305763605683837 1.4312041982945618 0.0009765625
45.197813432835822 45.217746268656718 1.4305485417128974 1.4311763605683838 0.0009765625
45.217746268656718 45.237679104477614 1.4305207417073575 1.4311485417128975 0.0009765625
45.237679104477614 45.25761194029851 1.4304929605310628 1.4311207417073577 0.0009765625
45.25761194029851 45.277544776119406 1.4304651981627494 1.4310929605304781 0.0009765625
45.277544776119406 45.297477611940302 1.4304374545835359 1.4310651981633391 0.0009765625
45.297477611940302 45.317410447761198 1.4304097297710439 1.431037454583536 0.0009765625
45.317410447761198 45.337343283582094 1.4303820237052784 1.431009729771044 0.0009765625
45.337343283582094 45.357276119402989 1.430354336365693 1.4309820237052786 0.0009765625
45.357276119402989 45.377208955223885 1.430326667731775 1.4309543363656931 0.0009765625
45.377208955223885 45.397141791044781 1.4302990177830297 1.4309266677317751 0.0009765625
45.397141791044781 45.417074626865677 1.4302713864990071 1.4308990177830299 0.0009765625
45.417074626865677 45.437007462686573 1.4302437738592702 1.4308713864990072 0.0009765625
45.437007462686573 45.456940298507462 1.4302161798434461 1.4308437738592703 0.0009765625
45.456940298507462 45.476873134328358 1.4301886044311625 1.4308161798434462 0.0009765625
45.476873134328358 45.496805970149254 1.4301610476020821 1.4307886044311626 0.0009765625
45.496805970149254 45.516738805970149 1.4301335093359104 1.4307610476020822 0.0009765625
45.516738805970149 45.536671641791045 1.4301059896123909 1.4307335093359106 0.0009765625
45.536671641791045 45.556604477611941 1.4300784884112667 1.430705989612391 0.0009765625
45.556604477611941 45.576537313432837 1.4300510057123357 1.4306784884112669 0.0009765625
45.576537313432837 45.596470149253733 1.4300235414954205 1.4306510057123358 0.0009765625
45.596470149253733 45.616402985074629 1.4299960957403848 1.4306235414954207 0.0009765625
45.616402985074629 45.636335820895525 1.4299686684271007 1.4305960957403849 0.0009765625
45.636335820895525 45.656268656716421 1.4299412595354863 1.4305686684271008 0.0009765625
45.656268656716421 45.676201492537317 1.429913869045486 1.4305412595354865 0.0009765625
45.676201492537317 45.696134328358212 1.4298864969370881 1.4305138690454862 0.0009765625
45.696134328358212 45.716067164179108 1.4298591431902841 1.4304864969370883 0.0009765625
45.716067164179108 45.736000000000004 1.4298318077851142 1.4304591431902842 0.0009765625
45.736000000000004 45.7559328358209 1.4298044907016449 1.4304318077851144 0.0009765625
45.7559328358209 45.775865671641796 1.4297771919199784 1.4304044907016451 0.0009765625
45.775865671641796 45.795798507462692 1.4297499114202423 1.4303771919199786 0.0009765625
45.795798507462692 45.815731343283588 1.4297226491825843 1.4303499114202425 0.0009765625
45.815731343283588 45.835664179104484 1.4296954051872013 1.4303226491825844 0.0009765625
45.835664179104484 45.85559701492538 1.4296681794143065 1.4302954051872014 0.0009765625
45.85559701492538 45.875529850746268 1.4296409718441461 1.4302681794143066 0.0009765625
45.875529850746268 45.895462686567164 1.4296137824569977 1.4302409718441462 0.0009765625
45.895462686567164 45.91539552238806 1.4295866112331677 1.4302137824569978 0.0009765625
45.91539552238806 45.935328358208956 1.4295594581530007 1.4301866112331678 0.0009765625
45.935328358208956 45.955261194029852 1.4295323231968495 1.4301594581530008 0.0009765625
45.955261194029852 45.975194029850748 1.4295052063451157 1.4301323231968497 0.0009765625
45.975194029850748 45.995126865671644 1.4294781075782288 1.4301052063451158 0.0009765625
45.995126865671644 46.01505970149254 1.4294510268766352 1.430078107578229 0.0009765625
46.01505970149254 46.034992537313435 1.4294239642208257 1.4300510268766353 0.0009765625
46.034992537313435 46.054925373134331 1.429396919591313 1.4300239642208259 0.0009765625
46.054925373134331 46.074858208955227 1.4293698929680547 1.4299969195907238 0.0009765625
46.074858208955227 46.094791044776123 1.4293428843333755 1.42996989296864 0.0009765625
46.094791044776123 46.114723880597019 1.429315893666123 1.4299428843333757 0.0009765625
46.114723880597019 46.134656716417915 1.4292889209475128 1.4299158936661232 0.0009765625
46.134656716417915 46.154589552238811 1.4292619661582073 1.429888920947513 0.0009765625
46.154589552238811 46.174522388059707 1.4292350292788867 1.4298619661582075 0.0009765625
46.174522388059707 46.194455223880595 1.4292081102902838 1.4298350292788868 0.0009765625
46.194455223880595 46.214388059701491 1.4291812091731315 1.429808110290284 0.0009765625
46.214388059701491 46.234320895522387 1.4291543259082102 1.4297812091731317 0.0009765625
46.234320895522387 46.254253731343283 1.4291274604763256 1.4297543259082104 0.0009765625
46.254253731343283 46.274186567164179 1.429100612858311 1.4297274604763257 0.0009765625
46.274186567164179 46.294119402985075 1.4290737830350213 1.4297006128583112 0.0009765625
46.294119402985075 46.314052238805971 1.4290469709873483 1.4296737830350215 0.0009765625
46.314052238805971 46.333985074626867 1.4290201766962196 1.4296469709873485 0.0009765625
46.333985074626867 46.353917910447763 1.4289934001425817 1.4296201766962198 0.0009765625
46.353917910447763 46.373850746268658 1.4289666413073963 1.4295934001425818 0.0009765625
46.373850746268658 46.393783582089554 1.4289399001716936 1.4295666413073964 0.0009765625
46.393783582089554 46.41371641791045 1.4289131767164776 1.4295399001716937 0.0009765625
46.41371641791045 46.433649253731346 1.4288864709228222 1.4295131767164777 0.0009765625
46.433649253731346 46.453582089552242 1.428859782771829 1.4294864709228223 0.0009765625
46.453582089552242 46.473514925373131 1.4288331122445901 1.4294597827718292 0.0009765625
46.473514925373131 46.493447761194027 1.42880645932227 1.4294331122445902 0.0009765625
46.493447761194027 46.513380597014923 1.4287798239860443 1.4294064593222702 0.0009765625
46.513380597014923 46.533313432835818 1.4287532062171011 1.4293798239860445 0.0009765625
46.533313432835818 46.553246268656714 1.4287266059966832 1.4293532062171013 0.0009765625
46.553246268656714 46.57317910447761 1.428700023306035 1.4293266059966834 0.0009765625
46.57317910447761 46.593111940298506 1.4286734581264551 1.4293000233060351 0.0009765625
46.593111940298506 46.613044776119402 1.4286469104392476 1.4292734581264552 0.0009765625
46.613044776119402 46.632977611940298 1.4286203802257671 1.4292469104392478 0.0009765625
46.632977611940298 46.652910447761194 1.4285938674673657 1.4292203802257673 0.0009765625
46.652910447761194 46.67284328358209 1.4285673721454493 1.4291938674673659 0.0009765625
46.67284328358209 46.692776119402986 1.4285408942414439 1.4291673721454494 0.0009765625
46.692776119402986 46.712708955223881 1.4285144337367985 1.4291408942414441 0.0009765625
46.712708955223881 46.73264179104477 1.4284879906129941 1.4291144337367987 0.0009765625
46.73264179104477 46.752574626865666 1.4284615648515355 1.4290879906129943 0.0009765625
46.752574626865666 46.772507462686562 1.4284351564339608 1.4290615648515357 0.0009765625
46.772507462686562 46.792440298507458 1.4284087653418234 1.429035156433961 0.0009765625
46.792440298507458 46.812373134328354 1.4283823915567138 1.4290087653418235 0.0009765625
46.812373134328354 46.83230597014925 1.4283560350602629 1.4289823915567139 0.0009765625
46.83230597014925 46.852238805970146 1.4283296958340999 1.428956035060263 0.0009765625
46.852238805970146 46.872171641791041 1.4283033738593203 1.4289296958335174 0.0009765625
46.872171641791041 46.892104477611937 1.4282770691193591 1.4289033738598991 0.0009765625
46.892104477611937 46.912037313432833 1.4282507815942029 1.4288770691193593 0.0009765625
46.912037313432833 46.931970149253729 1.4282245112661831 1.4288507815942031 0.0009765625
46.931970149253729 46.951902985074625 1.4281982581170789 1.4288245112661833 0.0009765625
46.951902985074625 46.971835820895521 1.4281720221286966 1.4287982581170791 0.0009765625
46.971835820895521 46.991768656716417 1.4281458032828711 1.4287720221286968 0.0009765625
46.991768656716417 47.011701492537313 1.4281196015614546 1.4287458032828713 0.0009765625
47.011701492537313 47.031634328358209 1.4280934169463331 1.4287196015614547 0.0009765625
47.031634328358209 47.051567164179104 1.4280672494194313 1.4286934169463332 0.0009765625
47.051567164179104 47.071499999999993 1.4280410989626688 1.4286672494194315 0.0009765625
47.071499999999993 47.091432835820889 1.4280149655580359 1.428641098962669 0.0009765625
47.091432835820889 47.111365671641785 1.4279888491875043 1.428614965558036 0.0009765625
47.111365671641785 47.131298507462681 1.4279627498331044 1.4285888491875045 0.0009765625
47.131298507462681 47.151231343283577 1.4279366674768779 1.4285627498331046 0.0009765625
47.151231343283577 47.171164179104473 1.4279106021008936 1.428536667476878 0.0009765625
47.171164179104473 47.191097014925369 1.4278845536872575 1.4285106021008938 0.0009765625
47.191097014925369 47.211029850746264 1.4278585222180913 1.4284845536872577 0.0009765625
47.211029850746264 47.23096268656716 1.4278325076755394 1.4284585222180914 0.0009765625
47.23096268656716 47.250895522388056 1.4278065100417854 1.4284325076755395 0.0009765625
47.250895522388056 47.270828358208952 1.4277805292990289 1.4284065100417855 0.0009765625
47.270828358208952 47.290761194029848 1.4277545654294956 1.428380529299029 0.0009765625
47.290761194029848 47.310694029850744 1.4277286184154536 1.4283545654294958 0.0009765625
47.310694029850744 47.33062686567164 1.4277026882391737 1.4283286184154538 0.0009765625
47.33062686567164 47.350559701492536 1.4276767748829637 1.4283026882391738 0.0009765625
47.350559701492536 47.370492537313432 1.4276508783291522 1.4282767748829639 0.0009765625
47.370492537313432 47.390425373134327 1.4276249985601144 1.4282508783291523 0.0009765625
47.390425373134327 47.410358208955223 1.4275991355582132 1.4282249985601145 0.0009765625
47.410358208955223 47.430291044776119 1.427573289305877 1.4281991355582133 0.0009765625
47.430291044776119 47.450223880597008 1.4275474597855373 1.4281732893058772 0.0009765625
47.450223880597008 47.470156716417904 1.4275216469796463 1.4281474597855375 0.0009765625
47.470156716417904 47.4900895522388 1.4274958508706983 1.4281216469796465 0.0009765625
47.4900895522388 47.510022388059696 1.4274700714412141 1.4280958508706985 0.0009765625
47.510022388059696 47.529955223880592 1.4274443086737152 1.4280700714412142 0.0009765625
47.529955223880592 47.549888059701487 1.4274185625507816 1.4280443086737153 0.0009765625
47.549888059701487 47.569820895522383 1.4273928330549899 1.4280185625507817 0.0009765625
47.569820895522383 47.589753731343279 1.4273671201689679 1.42799283305499 0.0009765625
47.589753731343279 47.609686567164175 1.4273414238753388 1.4279671201689681 0.0009765625
47.609686567164175 47.629619402985071 1.4273157441567841 1.427941423875339 0.0009765625
47.629619402985071 47.649552238805967 1.4272900809959854 1.4279157441567842 0.0009765625
47.649552238805967 47.669485074626863 1.4272644343750793 1.4278900809954045 0.0009765625
47.669485074626863 47.689417910447759 1.4272388042785529 1.427864434375663 0.0009765625
47.689417910447759 47.709350746268655 1.4272131906874237 1.427838804278553 0.0009765625
47.709350746268655 47.72928358208955 1.4271875935850602 1.4278131906874238 0.0009765625
47.72928358208955 47.749216417910446 1.4271620129542946 1.4277875935850604 0.0009765625
47.749216417910446 47.769149253731342 1.427136448777943 1.4277620129542947 0.0009765625
47.769149253731342 47.789082089552238 1.4271109010388947 1.4277364487779431 0.0009765625
47.789082089552238 47.809014925373134 1.4270853697200321 1.4277109010388949 0.0009765625
47.809014925373134 47.82894776119403 1.4270598548042654 1.4276853697200322 0.0009765625
47.82894776119403 47.848880597014926 1.4270343562745404 1.4276598548042656 0.0009765625
47.848880597014926 47.868813432835822 1.4270088741138165 1.4276343562745406 0.0009765625
47.868813432835822 47.888746268656718 1.4269834083050843 1.4276088741138167 0.0009765625
47.888746268656718 47.908679104477613 1.4269579588313699 1.4275834083050845 0.0009765625
47.908679104477613 47.928611940298509 1.4269325256756888 1.42755795883137 0.0009765625
47.928611940298509 47.948544776119405 1.42690710882113 1.427532525675689 0.0009765625
47.948544776119405 47.968477611940301 1.4268817082507608 1.4275071088211302 0.0009765625
47.968477611940301 47.988410447761197 1.4268563239477101 1.4274817082507609 0.0009765625
47.988410447761197 48.008343283582093 1.4268309558951027 1.4274563239477103 0.0009765625
48.008343283582093 48.028276119402989 1.4268056040761075 1.4274309558951028 0.0009765625
48.028276119402989 48.048208955223885 1.4267802684738939 1.4274056040761076 0.0009765625
48.048208955223885 48.068141791044773 1.4267549490716893 1.4273802684738941 0.0009765625
48.068141791044773 48.088074626865669 1.4267296458527166 1.4273549490716895 0.0009765625
48.088074626865669 48.108007462686565 1.4267043588002426 1.4273296458527167 0.0009765625
48.108007462686565 48.127940298507461 1.4266790878975431 1.4273043588002428 0.0009765625
48.127940298507461 48.147873134328357 1.4266538331279224 1.4272790878975432 0.0009765625
48.147873134328357 48.167805970149253 1.4266285944747175 1.4272538331279225 0.0009765625
48.167805970149253 48.187738805970149 1.4266033719212738 1.4272285944747176 0.0009765625
48.187738805970149 48.207671641791045 1.4265781654509715 1.427203371921274 0.0009765625
48.207671641791045 48.227604477611941 1.4265529750472195 1.4271781654509716 0.0009765625
48.227604477611941 48.247537313432836 1.4265278006934334 1.4271529750472196 0.0009765625
48.247537313432836 48.267470149253732 1.4265026423730793 1.4271278006934336 0.0009765625
48.267470149253732 48.287402985074628 1.4264775000696117 1.4271026423730795 0.0009765625
48.287402985074628 48.307335820895524 1.4264523737665367 1.4270775000696119 0.0009765625
48.307335820895524 48.32726865671642 1.4264272634473742 1.4270523737665368 0.0009765625
48.32726865671642 48.347201492537316 1.4264021690956643 1.4270272634473744 0.0009765625
48.347201492537316 48.367134328358212 1.4263770906949764 1.4270021690956645 0.0009765625
48.367134328358212 48.387067164179108 1.4263520282289128 1.4269770906949766 0.0009765625
48.387067164179108 48.407000000000004 1.4263269816810784 1.426952028228913 0.0009765625
48.407000000000004 48.426932835820899 1.42630195103511 1.4269269816810786 0.0009765625
48.426932835820899 48.446865671641795 1.4262769362746714 1.4269019510351102 0.0009765625
48.446865671641795 48.466798507462691 1.4262519373828713 1.4268769362740918 0.0009765625
48.466798507462691 48.486731343283587 1.4262269543451556 1.4268519373834521 0.0009765625
48.486731343283587 48.506664179104483 1.4262019871435139 1.4268269543451557 0.0009765625
48.506664179104483 48.526597014925379 1.426177035762288 1.426801987143514 0.0009765625
48.526597014925379 48.546529850746275 1.426152100185254 1.4267770357622882 0.0009765625
48.546529850746275 48.566462686567171 1.4261271803962057 1.4267521001852541 0.0009765625
48.566462686567171 48.586395522388067 1.426102276378979 1.4267271803962058 0.0009765625
48.586395522388067 48.606328358208962 1.4260773881174111 1.4267022763789792 0.0009765625
48.606328358208962 48.626261194029858 1.4260525155953854 1.4266773881174113 0.0009765625
48.626261194029858 48.646194029850747 1.4260276587967797 1.4266525155953855 0.0009765625
48.646194029850747 48.666126865671643 1.426002817705522 1.4266276587967799 0.0009765625
48.666126865671643 48.686059701492539 1.4259779923055456 1.4266028177055221 0.0009765625
48.686059701492539 48.705992537313435 1.4259531825808238 1.4265779923055457 0.0009765625
48.705992537313435 48.725925373134331 1.4259283885153298 1.426553182580824 0.0009765625
48.725925373134331 48.745858208955227 1.4259036100930744 1.4265283885153299 0.0009765625
48.745858208955227 48.765791044776122 1.4258788472980886 1.4265036100930746 0.0009765625
48.765791044776122 48.785723880597018 1.4258541001144316 1.4264788472980887 0.0009765625
48.785723880597018 48.805656716417914 1.4258293685261736 1.4264541001144317 0.0009765625
48.805656716417914 48.82558955223881 1.4258046525174151 1.4264293685261737 0.0009765625
48.82558955223881 48.845522388059706 1.4257799520722765 1.4264046525174152 0.0009765625
48.845522388059706 48.865455223880602 1.4257552671749019 1.4263799520722766 0.0009765625
48.865455223880602 48.885388059701498 1.4257305978094565 1.426355267174902 0.0009765625
48.885388059701498 48.905320895522394 1.4257059439601363 1.4263305978094567 0.0009765625
48.905320895522394 48.92525373134329 1.425681305611139 1.4263059439601364 0.0009765625
48.92525373134329 48.945186567164185 1.4256566827467116 1.4262813056111392 0.0009765625
48.945186567164185 48.965119402985081 1.425632075351104 1.4262566827467118 0.0009765625
48.965119402985081 48.985052238805977 1.4256074834085941 1.4262320753511042 0.0009765625
48.985052238805977 49.004985074626873 1.4255829069034822 1.4262074834085943 0.0009765625
49.004985074626873 49.024917910447769 1.4255583458200927 1.4261829069034824 0.0009765625
49.024917910447769 49.044850746268665 1.4255338001427686 1.4261583458200928 0.0009765625
49.044850746268665 49.064783582089554 1.4255092698558787 1.4261338001427688 0.0009765625
49.064783582089554 49.08471641791045 1.4254847549438106 1.4261092698558788 0.0009765625
49.08471641791045 49.104649253731345 1.4254602553909748 1.4260847549438107 0.0009765625
49.104649253731345 49.124582089552241 1.4254357711818015 1.4260602553909749 0.0009765625
49.124582089552241 49.144514925373137 1.4254113023007569 1.4260357711818017 0.0009765625
49.144514925373137 49.164447761194033 1.4253868487323087 1.426011302300757 0.0009765625
49.164447761194033 49.184380597014929 1.4253624104609568 1.4259868487323089 0.0009765625
49.184380597014929 49.204313432835825 1.4253379874712204 1.425962410460957 0.0009765625
49.204313432835825 49.224246268656721 1.4253135797476484 1.4259379874712206 0.0009765625
49.224246268656721 49.244179104477617 1.4252891872747968 1.4259135797476485 0.0009765625
49.244179104477617 49.264111940298513 1.4252648100366796 1.4258891872742188 0.0009765625
49.264111940298513 49.284044776119408 1.4252404480196394 1.4258648100372562 0.0009765625
49.284044776119408 49.303977611940304 1.4252161012065645 1.4258404480196396 0.0009765625
49.303977611940304 49.3239104477612 1.4251917695826881 1.4258161012065647 0.0009765625
49.3239104477612 49.343843283582096 1.4251674531326886 1.4257917695826883 0.0009765625
49.343843283582096 49.363776119402992 1.4251431518412487 1.4257674531326887 0.0009765625
49.363776119402992 49.383708955223888 1.4251188656930904 1.4257431518412489 0.0009765625
49.383708955223888 49.403641791044784 1.4250945946729554 1.4257188656930906 0.0009765625
49.403641791044784 49.42357462686568 1.4250703387655888 1.4256945946729556 0.0009765625
49.42357462686568 49.443507462686568 1.4250460979557795 1.4256703387655889 0.0009765625
49.443507462686568 49.463440298507464 1.4250218722283243 1.4256460979557797 0.0009765625
49.463440298507464 49.48337313432836 1.424997661568054 1.4256218722283245 0.0009765625
49.48337313432836 49.503305970149256 1.4249734659598046 1.4255976615680541 0.0009765625
49.503305970149256 49.523238805970152 1.424949285388444 1.4255734659598047 0.0009765625
49.523238805970152 49.543171641791048 1.4249251198388573 1.4255492853884442 0.0009765625
49.543171641791048 49.563104477611944 1.4249009692959569 1.4255251198388574 0.0009765625
49.563104477611944 49.58303731343284 1.4248768337446565 1.425500969295957 0.0009765625
49.58303731343284 49.602970149253736 1.4248527131699193 1.4254768337446566 0.0009765625
49.602970149253736 49.622902985074631 1.4248286075567163 1.4254527131699195 0.0009765625
49.622902985074631 49.642835820895527 1.4248045168900265 1.4254286075567164 0.0009765625
49.642835820895527 49.662768656716423 1.4247804411548723 1.4254045168900267 0.0009765625
49.662768656716423 49.682701492537319 1.4247563803362844 1.4253804411548725 0.0009765625
49.682701492537319 49.702634328358215 1.4247323344193215 1.4253563803362845 0.0009765625
49.702634328358215 49.722567164179111 1.4247083033890533 1.4253323344193216 0.0009765625
49.722567164179111 49.742500000000007 1.4246842872305741 1.4253083033890535 0.0009765625
49.742500000000007 49.762432835820903 1.4246602859290056 1.4252842872305742 0.0009765625
49.762432835820903 49.782365671641799 1.4246362994694806 1.4252602859290058 0.0009765625
49.782365671641799 49.802298507462694 1.4246123278371645 1.4252362994694807 0.0009765625
49.802298507462694 49.82223134328359 1.4245883710172236 1.4252123278371647 0.0009765625
49.82223134328359 49.842164179104486 1.4245644289948722 1.4251883710172237 0.0009765625
49.842164179104486 49.862097014925375 1.4245405017553219 1.4251644289948724 0.0009765625
49.862097014925375 49.882029850746271 1.4245165892838103 1.425140501755322 0.0009765625
49.882029850746271 49.901962686567167 1.4244926915656049 1.4251165892838105 0.0009765625
49.901962686567167 49.921895522388063 1.4244688085859776 1.425092691565605 0.0009765625
49.921895522388063 49.941828358208959 1.424444940330247 1.4250688085859777 0.0009765625
49.941828358208959 49.961761194029854 1.424421086783723 1.4250449403302472 0.0009765625
49.961761194029854 49.98169402985075 1.4243972479317468 1.4250210867837232 0.0009765625
49.98169402985075 50.001626865671646 1.4243734237596908 1.424997247931747 0.0009765625
50.001626865671646 50.021559701492542 1.4243496142529304 1.4249734237596909 0.0009765625
50.021559701492542 50.041492537313438 1.4243258193968686 1.4249496142529305 0.0009765625
50.041492537313438 50.061425373134334 1.4243020391763539 1.4249258193962893 0.0009765625
50.061425373134334 50.08135820895523 1.4242782735785733 1.424902039176934 0.0009765625
50.08135820895523 50.101291044776126 1.4242545225872356 1.4248782735785734 0.0009765625
50.101291044776126 50.121223880597022 1.4242307861884276 1.4248545225872358 0.0009765625
50.121223880597022 50.141156716417917 1.4242070643676348 1.4248307861884277 0.0009765625
50.141156716417917 50.161089552238813 1.4241833571103897 1.4248070643676349 0.0009765625
50.161089552238813 50.181022388059709 1.4241596644022387 1.4247833571103898 0.0009765625
50.181022388059709 50.200955223880605 1.4241359862287368 1.4247596644022389 0.0009765625
50.200955223880605 50.220888059701501 1.4241123225754848 1.424735986228737 0.0009765625
50.220888059701501 50.24082089552239 1.4240886734280611 1.424712322575485 0.0009765625
50.24082089552239 50.260753731343286 1.4240650387721172 1.4246886734280613 0.0009765625
50.260753731343286 50.280686567164182 1.4240414185932768 1.4246650387721174 0.0009765625
50.280686567164182 50.300619402985077 1.4240178128772154 1.424641418593277 0.0009765625
50.300619402985077 50.320552238805973 1.4239942216096138 1.4246178128772156 0.0009765625
50.320552238805973 50.340485074626869 1.423970644776172 1.4245942216096139 0.0009765625
50.340485074626869 50.360417910447765 1.4239470823626106 1.4245706447761721 0.0009765625
50.360417910447765 50.380350746268661 1.4239235343546846 1.4245470823626107 0.0009765625
50.380350746268661 50.400283582089557 1.4239000007381402 1.4245235343546847 0.0009765625
50.400283582089557 50.420216417910453 1.4238764814987672 1.4245000007381403 0.0009765625
50.420216417910453 50.440149253731349 1.4238529766223715 1.4244764814987674 0.0009765625
50.440149253731349 50.460082089552245 1.4238294860947598 1.4244529766223717 0.0009765625
50.460082089552245 50.48001492537314 1.4238060099017873 1.4244294860947599 0.0009765625
50.48001492537314 50.499947761194036 1.4237825480293069 1.4244060099017875 0.0009765625
50.499947761194036 50.519880597014932 1.4237591004631962 1.4243825480293071 0.0009765625
50.519880597014932 50.539813432835828 1.4237356671893542 1.4243591004631964 0.0009765625
50.539813432835828 50.559746268656724 1.423712248193701 1.4243356671893543 0.0009765625
50.559746268656724 50.57967910447762 1.4236888434621733 1.4243122481937012 0.0009765625
50.57967910447762 50.599611940298516 1.4236654529807264 1.4242888434621734 0.0009765625
50.599611940298516 50.619544776119412 1.4236420767353448 1.4242654529807266 0.0009765625
50.619544776119412 50.639477611940308 1.4236187147120063 1.424242076735345 0.0009765625
50.639477611940308 50.659410447761196 1.4235953668967265 1.4242187147120065 0.0009765625
50.659410447761196 50.679343283582092 1.4235720332755624 1.4241953668967267 0.0009765625
50.679343283582092 50.699276119402988 1.4235487138345384 1.4241720332755625 0.0009765625
50.699276119402988 50.719208955223884 1.4235254085597373 1.4241487138345386 0.0009765625
50.719208955223884 50.73914179104478 1.4235021174372509 1.4241254085597375 0.0009765625
50.73914179104478 50.759074626865676 1.4234788404531904 1.424102117437251 0.0009765625
50.759074626865676 50.779007462686572 1.4234555775936732 1.4240788404531906 0.0009765625
50.779007462686572 50.798940298507468 1.4234323288448587 1.4240555775936734 0.0009765625
50.798940298507468 50.818873134328364 1.4234090941929034 1.4240323288448589 0.0009765625
50.818873134328364 50.838805970149259 1.4233858736240057 1.4240090941929036 0.0009765625
50.838805970149259 50.858738805970155 1.4233626671237791 1.423985873623429 0.0009765625
50.858738805970155 50.878671641791051 1.423339474680182 1.4239626671243593 0.0009765625
50.878671641791051 50.898604477611947 1.4233162962777228 1.4239394746801821 0.0009765625
50.898604477611947 50.918537313432843 1.4232931319032434 1.423916296277723 0.0009765625
50.918537313432843 50.938470149253739 1.4232699815430236 1.4238931319032435 0.0009765625
50.938470149253739 50.958402985074635 1.4232468451833564 1.4238699815430238 0.0009765625
50.958402985074635 50.978335820895524 1.4232237228105626 1.4238468451833566 0.0009765625
50.978335820895524 50.998268656716419 1.4232006144109661 1.4238237228105628 0.0009765625
50.998268656716419 51.018201492537315 1.4231775199709327 1.4238006144109663 0.0009765625
51.018201492537315 51.038134328358211 1.4231544394768267 1.4237775199709328 0.0009765625
51.038134328358211 51.058067164179107 1.4231313729150501 1.4237544394768269 0.0009765625
51.058067164179107 51.078000000000003 1.4231083202719952 1.4237313729150503 0.0009765625
51.078000000000003 51.097932835820899 1.4230852815341057 1.4237083202719953 0.0009765625
51.097932835820899 51.117865671641795 1.4230622566878115 1.4236852815341059 0.0009765625
51.117865671641795 51.137798507462691 1.4230392457195873 1.4236622566878117 0.0009765625
51.137798507462691 51.157731343283587 1.4230162486159155 1.4236392457195874 0.0009765625
51.157731343283587 51.177664179104482 1.4229932653632948 1.4236162486159156 0.0009765625
51.177664179104482 51.197597014925378 1.4229702959482404 1.423593265363295 0.0009765625
51.197597014925378 51.217529850746274 1.4229473403572983 1.4235702959482406 0.0009765625
51.217529850746274 51.23746268656717 1.4229243985770204 1.4235473403572985 0.0009765625
51.23746268656717 51.257395522388059 1.4229014705939784 1.4235243985770205 0.0009765625
51.257395522388059 51.277328358208955 1.4228785563947608 1.4235014705939786 0.0009765625
51.277328358208955 51.297261194029851 1.4228556559659902 1.423478556394761 0.0009765625
51.297261194029851 51.317194029850747 1.4228327692942822 1.4234556559659903 0.0009765625
51.317194029850747 51.337126865671642 1.4228098963662874 1.4234327692942823 0.0009765625
51.337126865671642 51.357059701492538 1.4227870371686748 1.4234098963662876 0.0009765625
51.357059701492538 51.376992537313434 1.4227641916881211 1.423387037168675 0.0009765625
51.376992537313434 51.39692537313433 1.422741359911329 1.4233641916881212 0.0009765625
51.39692537313433 51.416858208955226 1.4227185418250139 1.4233413599113292 0.0009765625
51.416858208955226 51.436791044776122 1.4226957374159224 1.423318541825014 0.0009765625
51.436791044776122 51.456723880597018 1.4226729466707919 1.4232957374159225 0.0009765625
51.456723880597018 51.476656716417914 1.4226501695764111 1.4232729466707921 0.0009765625
51.476656716417914 51.49658955223881 1.4226274061195523 1.4232501695764113 0.0009765625
51.49658955223881 51.516522388059698 1.4226046562870387 1.4232274061195525 0.0009765625
51.516522388059698 51.536455223880594 1.4225819200656882 1.4232046562870388 0.0009765625
51.536455223880594 51.55638805970149 1.4225591974423404 1.4231819200656883 0.0009765625
51.55638805970149 51.576320895522386 1.4225364884038656 1.4231591974423405 0.0009765625
51.576320895522386 51.596253731343282 1.4225137929371325 1.4231364884038658 0.0009765625
51.596253731343282 51.616186567164178 1.4224911110290481 1.4231137929371327 0.0009765625
51.616186567164178 51.636119402985074 1.4224684426665122 1.4230911110290483 0.0009765625
51.636119402985074 51.65605223880597 1.4224457878358934 1.4230684426659377 0.0009765625
51.65605223880597 51.675985074626865 1.4224231465258603 1.4230457878364711 0.0009765625
51.675985074626865 51.695917910447761 1.422400518721652 1.4230231465258605 0.0009765625
51.695917910447761 51.715850746268657 1.4223779044108296 1.4230005187216521 0.0009765625
51.715850746268657 51.735783582089553 1.4223553035803962 1.4229779044108297 0.0009765625
51.735783582089553 51.755716417910449 1.4223327162173685 1.4229553035803963 0.0009765625
51.755716417910449 51.775649253731345 1.4223101423087756 1.4229327162173686 0.0009765625
51.775649253731345 51.795582089552241 1.42228758184168 1.4229101423087758 0.0009765625
51.795582089552241 51.815514925373137 1.4222650348031525 1.4228875818416802 0.0009765625
51.815514925373137 51.835447761194033 1.4222425011802806 1.4228650348031526 0.0009765625
51.835447761194033 51.855380597014921 1.4222199809601592 1.4228425011802808 0.0009765625
51.855380597014921 51.875313432835817 1.4221974741299226 1.4228199809601594 0.0009765625
51.875313432835817 51.895246268656713 1.4221749806767059 1.4227974741299227 0.0009765625
51.895246268656713 51.915179104477609 1.4221525005876647 1.422774980676706 0.0009765625
51.915179104477609 51.935111940298505 1.4221300338499758 1.4227525005876649 0.0009765625
51.935111940298505 51.955044776119401 1.4221075804508325 1.422730033849976 0.0009765625
51.955044776119401 51.974977611940297 1.4220851403774457 1.4227075804508327 0.0009765625
51.974977611940297 51.994910447761193 1.4220627136170259 1.4226851403774459 0.0009765625
51.994910447761193 52.014843283582088 1.4220403001568234 1.422662713617026 0.0009765625
52.014843283582088 52.034776119402984 1.4220178999841067 1.4226403001568235 0.0009765625
52.034776119402984 52.05470895522388 1.4219955130861388 1.4226178999841068 0.0009765625
52.05470895522388 52.074641791044776 1.4219731394502235 1.422595513086139 0.0009765625
52.074641791044776 52.094574626865672 1.4219507790636634 1.4225731394502237 0.0009765625
52.094574626865672 52.114507462686568 1.4219284319137868 1.4225507790636636 0.0009765625
52.114507462686568 52.134440298507464 1.4219060979879372 1.422528431913787 0.0009765625
52.134440298507464 52.15437313432836 1.4218837772734785 1.4225060979879374 0.0009765625
52.15437313432836 52.174305970149256 1.4218614697577929 1.4224837772734786 0.0009765625
52.174305970149256 52.194238805970151 1.4218391754282653 1.4224614697577931 0.0009765625
52.194238805970151 52.214171641791047 1.4218168942723055 1.4224391754282655 0.0009765625
52.214171641791047 52.234104477611936 1.4217946262773504 1.4224168942723057 0.0009765625
52.234104477611936 52.254037313432832 1.4217723714308392 1.4223946262773506 0.0009765625
52.254037313432832 52.273970149253728 1.4217501297202413 1.4223723714308394 0.0009765625
52.273970149253728 52.293902985074624 1.4217279011330179 1.4223501297202414 0.0009765625
52.293902985074624 52.31383582089552 1.4217056856566781 1.4223279011330181 0.0009765625
52.31383582089552 52.333768656716416 1.4216834832787268 1.4223056856566783 0.0009765625
52.333768656716416 52.353701492537311 1.4216612939866931 1.422283483278727 0.0009765625
52.353701492537311 52.373634328358207 1.4216391177681174 1.4222612939866932 0.0009765625
52.373634328358207 52.393567164179103 1.421616954610571 1.4222391177681175 0.0009765625
52.393567164179103 52.413499999999999 1.4215948045016165 1.4222169546105712 0.0009765625
52.413499999999999 52.433432835820895 1.4215726674288549 1.4221948045016166 0.0009765625
52.433432835820895 52.453365671641791 1.4215505433793172 1.4221726674282793 0.0009765625
52.453365671641791 52.473298507462687 1.421528432342364 1.4221505433799024 0.0009765625
52.473298507462687 52.493231343283583 1.4215063343039096 1.4221284323423642 0.0009765625
52.493231343283583 52.513164179104479 1.42148424925218 1.4221063343039098 0.0009765625
52.513164179104479 52.533097014925374 1.4214621771748595 1.4220842492521801 0.0009765625
52.533097014925374 52.55302985074627 1.4214401180596299 1.4220621771748596 0.0009765625
52.55302985074627 52.572962686567166 1.4214180718942091 1.42204011805963 0.0009765625
52.572962686567166 52.592895522388062 1.4213960386663125 1.4220180718942093 0.0009765625
52.592895522388062 52.612828358208958 1.4213740183636869 1.4219960386663126 0.0009765625
52.612828358208958 52.632761194029854 1.4213520109740874 1.4219740183636871 0.0009765625
52.632761194029854 52.652694029850743 1.421330016485278 1.4219520109740875 0.0009765625
52.652694029850743 52.672626865671639 1.4213080348850631 1.4219300164852782 0.0009765625
52.672626865671639 52.692559701492534 1.4212860661612339 1.4219080348850632 0.0009765625
52.692559701492534 52.71249253731343 1.4212641103016224 1.421886066161234 0.0009765625
52.71249253731343 52.732425373134326 1.4212421672940521 1.4218641103016225 0.0009765625
52.732425373134326 52.752358208955222 1.4212202371263838 1.4218421672940522 0.0009765625
52.752358208955222 52.772291044776118 1.4211983197864841 1.4218202371263839 0.0009765625
52.772291044776118 52.792223880597014 1.4211764152622397 1.4217983197864843 0.0009765625
52.792223880597014 52.81215671641791 1.4211545235415457 1.4217764152622399 0.0009765625
52.81215671641791 52.832089552238806 1.4211326446123238 1.4217545235415459 0.0009765625
52.832089552238806 52.852022388059702 1.4211107784625059 1.421732644612324 0.0009765625
52.852022388059702 52.871955223880597 1.4210889250800374 1.421710778462506 0.0009765625
52.871955223880597 52.891888059701493 1.4210670844528912 1.4216889250800375 0.0009765625
52.891888059701493 52.911820895522389 1.4210452565690321 1.4216670844528914 0.0009765625
52.911820895522389 52.931753731343285 1.4210234414164638 1.4216452565690323 0.0009765625
52.931753731343285 52.951686567164181 1.421001638983197 1.4216234414164639 0.0009765625
52.951686567164181 52.971619402985077 1.4209798492572525 1.4216016389831971 0.0009765625
52.971619402985077 52.991552238805973 1.4209580722266897 1.4215798492572527 0.0009765625
52.991552238805973 53.011485074626869 1.4209363078795474 1.4215580722266898 0.0009765625
53.011485074626869 53.031417910447757 1.4209145562039123 1.4215363078795475 0.0009765625
53.031417910447757 53.051350746268653 1.4208928171878676 1.4215145562039124 0.0009765625
53.051350746268653 53.071283582089549 1.4208710908195188 1.4214928171878678 0.0009765625
53.071283582089549 53.091216417910445 1.4208493770869852 1.4214710908195189 0.0009765625
53.091216417910445 53.111149253731341 1.4208276759784071 1.4214493770869854 0.0009765625
53.111149253731341 53.131082089552237 1.4208059874819376 1.4214276759784072 0.0009765625
53.131082089552237 53.151014925373133 1.4207843115857355 1.4214059874819378 0.0009765625
53.151014925373133 53.170947761194029 1.4207626482779911 1.4213843115857356 0.0009765625
53.170947761194029 53.190880597014925 1.4207409975468936 1.4213626482779913 0.0009765625
53.190880597014925 53.21081343283582 1.4207193593806724 1.4213409975468938 0.0009765625
53.21081343283582 53.230746268656716 1.4206977337675337 1.4213193593806726 0.0009765625
53.230746268656716 53.250679104477612 1.4206761206951632 1.4212977337669608 0.0009765625
53.250679104477612 53.270611940298508 1.4206545201535412 1.4212761206957383 0.0009765625
53.270611940298508 53.290544776119404 1.4206329321292139 1.4212545201535414 0.0009765625
53.290544776119404 53.3104776119403 1.4206113566110483 1.4212329321292141 0.0009765625
53.3104776119403 53.330410447761196 1.4205897935873526 1.4212113566110485 0.0009765625
53.330410447761196 53.350343283582092 1.4205682430464426 1.4211897935873528 0.0009765625
53.350343283582092 53.370276119402988 1.4205467049766474 1.4211682430464427 0.0009765625
53.370276119402988 53.390208955223883 1.4205251793663329 1.4211467049766475 0.0009765625
53.390208955223883 53.410141791044779 1.4205036662038546 1.4211251793663331 0.0009765625
53.410141791044779 53.430074626865675 1.420482165477595 1.4211036662038548 0.0009765625
53.430074626865675 53.450007462686564 1.4204606771759554 1.4210821654775951 0.0009765625
53.450007462686564 53.46994029850746 1.4204392012873392 1.4210606771759555 0.0009765625
53.46994029850746 53.489873134328356 1.4204177378001737 1.4210392012873394 0.0009765625
53.489873134328356 53.509805970149252 1.4203962867029043 1.4210177378001738 0.0009765625
53.509805970149252 53.529738805970148 1.4203748479839811 1.4209962867029045 0.0009765625
53.529738805970148 53.549671641791043 1.4203534216318792 1.4209748479839812 0.0009765625
53.549671641791043 53.569604477611939 1.4203320076350852 1.4209534216318793 0.0009765625
53.569604477611939 53.589537313432835 1.4203106059820958 1.4209320076350853 0.0009765625
53.589537313432835 53.609470149253731 1.4202892166614318 1.420910605982096 0.0009765625
53.609470149253731 53.629402985074627 1.4202678396616202 1.420889216661432 0.0009765625
53.629402985074627 53.649335820895523 1.4202464749712034 1.4208678396616203 0.0009765625
53.649335820895523 53.669268656716419 1.4202251225787463 1.4208464749712035 0.0009765625
53.669268656716419 53.689201492537315 1.4202037824728257 1.4208251225787465 0.0009765625
53.689201492537315 53.709134328358211 1.4201824546420301 1.4208037824728259 0.0009765625
53.709134328358211 53.729067164179106 1.4201611390749571 1.4207824546420302 0.0009765625
53.729067164179106 53.749000000000002 1.4201398357602353 1.4207611390749573 0.0009765625
53.749000000000002 53.768932835820898 1.420118544686483 1.4207398357602354 0.0009765625
53.768932835820898 53.788865671641794 1.4200972658423727 1.4207185446864832 0.0009765625
53.788865671641794 53.80879850746269 1.4200759992165537 1.4206972658423729 0.0009765625
53.80879850746269 53.828731343283579 1.4200547447976979 1.4206759992165539 0.0009765625
53.828731343283579 53.848664179104475 1.4200335025745097 1.420654744797698 0.0009765625
53.848664179104475 53.868597014925371 1.4200122725356834 1.4206335025745098 0.0009765625
53.868597014925371 53.888529850746266 1.4199910546699563 1.4206122725356836 0.0009765625
53.888529850746266 53.908462686567162 1.4199698489660562 1.4205910546699565 0.0009765625
53.908462686567162 53.928395522388058 1.4199486554127287 1.4205698489660563 0.0009765625
53.928395522388058 53.948328358208954 1.4199274739987431 1.4205486554127289 0.0009765625
53.948328358208954 53.96826119402985 1.4199063047128788 1.4205274739987432 0.0009765625
53.96826119402985 53.988194029850746 1.4198851475439278 1.420506304712879 0.0009765625
53.988194029850746 54.008126865671642 1.4198640024807072 1.420485147543928 0.0009765625
54.008126865671642 54.028059701492538 1.4198428695120262 1.4204640024807074 0.0009765625
54.028059701492538 54.047992537313434 1.4198217486261588 1.4204428695114533 0.0009765625
54.047992537313434 54.067925373134329 1.4198006398136653 1.420421748626733 0.0009765625
54.067925373134329 54.087858208955225 1.4197795430617055 1.4204006398136655 0.0009765625
54.087858208955225 54.107791044776121 1.4197584583597223 1.4203795430617057 0.0009765625
54.107791044776121 54.127723880597017 1.4197373856966147 1.4203584583597224 0.0009765625
54.127723880597017 54.147656716417913 1.4197163250612856 1.4203373856966148 0.0009765625
54.147656716417913 54.167589552238809 1.4196952764426609 1.4203163250612858 0.0009765625
54.167589552238809 54.187522388059705 1.4196742398296807 1.4202952764426611 0.0009765625
54.187522388059705 54.207455223880601 1.4196532152112888 1.4202742398296808 0.0009765625
54.207455223880601 54.227388059701497 1.4196322025764549 1.420253215211289 0.0009765625
54.227388059701497 54.247320895522385 1.4196112019141558 1.4202322025764551 0.0009765625
54.247320895522385 54.267253731343281 1.4195902132133842 1.420211201914156 0.0009765625
54.267253731343281 54.287186567164177 1.4195692364631505 1.4201902132133843 0.0009765625
54.287186567164177 54.307119402985073 1.4195482716524734 1.4201692364631506 0.0009765625
54.307119402985073 54.327052238805969 1.4195273187703916 1.4201482716524736 0.0009765625
54.327052238805969 54.346985074626865 1.4195063778059525 1.4201273187703918 0.0009765625
54.346985074626865 54.366917910447761 1.4194854487482176 1.4201063778059526 0.0009765625
54.366917910447761 54.386850746268657 1.4194645315862615 1.4200854487482177 0.0009765625
54.386850746268657 54.406783582089552 1.4194436263091883 1.4200645315862617 0.0009765625
54.406783582089552 54.426716417910448 1.4194227329060884 1.4200436263091885 0.0009765625
54.426716417910448 54.446649253731344 1.4194018513660887 1.4200227329060886 0.0009765625
54.446649253731344 54.46658208955224 1.4193809816783207 1.4200018513660888 0.0009765625
54.46658208955224 54.486514925373136 1.4193601238319293 1.4199809816783209 0.0009765625
54.486514925373136 54.506447761194032 1.4193392778160732 1.4199601238319295 0.0009765625
54.506447761194032 54.526380597014928 1.41931844361993 1.4199392778160733 0.0009765625
54.526380597014928 54.546313432835824 1.4192976212326933 1.4199184436199301 0.0009765625
54.546313432835824 54.56624626865672 1.4192768106435489 1.4198976212326935 0.0009765625
54.56624626865672 54.586179104477615 1.419256011841731 1.4198768106435491 0.0009765625
54.586179104477615 54.606111940298511 1.4192352248164617 1.4198560118417312 0.0009765625
54.606111940298511 54.6260447761194 1.4192144495569778 1.4198352248164618 0.0009765625
54.6260447761194 54.645977611940296 1.4191936860525438 1.419814449556978 0.0009765625
54.645977611940296 54.665910447761192 1.41917293429242 1.419793686052544 0.0009765625
54.665910447761192 54.685843283582088 1.4191521942659031 1.4197729342924201 0.0009765625
54.685843283582088 54.705776119402984 1.4191314659622818 1.4197521942659033 0.0009765625
54.705776119402984 54.72570895522388 1.4191107493708734 1.4197314659622819 0.0009765625
54.72570895522388 54.745641791044775 1.4190900444809962 1.4197107493708736 0.0009765625
54.745641791044775 54.765574626865671 1.4190693512819932 1.4196900444809963 0.0009765625
54.765574626865671 54.785507462686567 1.4190486697632085 1.4196693512819933 0.0009765625
54.785507462686567 54.805440298507463 1.4190279999140134 1.4196486697632087 0.0009765625
54.805440298507463 54.825373134328359 1.4190073417237912 1.4196279999140136 0.0009765625
54.825373134328359 54.845305970149255 1.4189866951813503 1.4196073417232127 0.0009765625
54.845305970149255 54.865238805970151 1.4189660602778205 1.419586695181926 0.0009765625
54.865238805970151 54.885171641791047 1.4191454370008947 1.4193660602778206 0.0009765625
54.885171641791047 54.905104477611943 1.419124825340595 1.4193454370008949 0.0009765625
54.905104477611943 54.925037313432838 1.4191042252863553 1.4193248253405952 0.0009765625
54.925037313432838 54.944970149253734 1.4190836368276325 1.4193042252863555 0.0009765625
54.944970149253734 54.96490298507463 1.4190630599539003 1.4192836368276327 0.0009765625
54.96490298507463 54.984835820895526 1.4190424946546454 1.4192630599539005 0.0009765625
54.984835820895526 55.004768656716422 1.4190219409193692 1.4192424946546456 0.0009765625
55.004768656716422 55.024701492537318 1.4190013987375776 1.4192219409193694 0.0009765625
55.024701492537318 55.044634328358207 1.4189808680988076 1.4192013987375778 0.0009765625
55.044634328358207 55.064567164179103 1.4189603489925811 1.4191808680988078 0.0009765625
55.064567164179103 55.084499999999998 1.4189398414084584 1.4191603489925813 0.0009765625
55.084499999999998 55.104432835820894 1.4189193453360103 1.4191398414084586 0.0009765625
55.104432835820894 55.12436567164179 1.4188988607647952 1.4191193453360105 0.0009765625
55.12436567164179 55.144298507462686 1.4188783876844275 1.4190988607647954 0.0009765625
55.144298507462686 55.164231343283582 1.4188579260844925 1.4190783876844277 0.0009765625
55.164231343283582 55.184164179104478 1.4188374759546265 1.4190579260844927 0.0009765625
55.184164179104478 55.204097014925374 1.4188170372844415 1.4190374759546267 0.0009765625
55.204097014925374 55.22402985074627 1.4187966100635878 1.4190170372844417 0.0009765625
55.22402985074627 55.243962686567166 1.4187761942817241 1.418996610063588 0.0009765625
55.243962686567166 55.263895522388061 1.4187557899285164 1.4189761942817243 0.0009765625
55.263895522388061 55.283828358208957 1.4187353969936458 1.4189557899285166 0.0009765625
55.283828358208957 55.303761194029853 1.4187150154668131 1.418935396993646 0.0009765625
55.303761194029853 55.323694029850749 1.4186946453377203 1.4189150154668133 0.0009765625
55.323694029850749 55.343626865671645 1.4186742865960855 1.4188946453377205 0.0009765625
55.343626865671645 55.363559701492541 1.4186539392316582 1.4188742865960857 0.0009765625
55.363559701492541 55.383492537313437 1.4186336032341658 1.4188539392316584 0.0009765625
55.383492537313437 55.403425373134333 1.4186132785933812 1.418833603234166 0.0009765625
55.403425373134333 55.423358208955221 1.4185929652990708 1.4188132785933814 0.0009765625
55.423358208955221 55.443291044776117 1.4185726633410203 1.418792965299071 0.0009765625
55.443291044776117 55.463223880597013 1.4185523727090286 1.4187726633410205 0.0009765625
55.463223880597013 55.483156716417909 1.4185320933929091 1.4187523727090288 0.0009765625
55.483156716417909 55.503089552238805 1.4185118253824853 1.4187320933929093 0.0009765625
55.503089552238805 55.523022388059701 1.4184915686675821 1.4187118253824855 0.0009765625
55.523022388059701 55.542955223880597 1.4184713232380652 1.4186915686675823 0.0009765625
55.542955223880597 55.562888059701493 1.4184510890837847 1.4186713232380654 0.0009765625
55.562888059701493 55.582820895522389 1.4184308661946134 1.4186510890837849 0.0009765625
55.582820895522389 55.602753731343284 1.4184106545604476 1.4186308661946136 0.0009765625
55.602753731343284 55.62268656716418 1.418390454171184 1.4186106545604478 0.0009765625
55.62268656716418 55.642619402985076 1.4183702650161629 1.4185904541706091 0.0009765625
55.642619402985076 55.662552238805972 1.4183500870870132 1.418570265016726 0.0009765625
55.662552238805972 55.682485074626868 1.4183299203719697 1.4185500870870134 0.0009765625
55.682485074626868 55.702417910447764 1.4183097648615541 1.4185299203719699 0.0009765625
55.702417910447764 55.72235074626866 1.4182896205457196 1.4185097648615543 0.0009765625
55.72235074626866 55.742283582089556 1.4182694874144506 1.4184896205457198 0.0009765625
55.742283582089556 55.762216417910452 1.4182493654577273 1.4184694874144508 0.0009765625
55.762216417910452 55.782149253731347 1.4182292546655511 1.4184493654577275 0.0009765625
55.782149253731347 55.802082089552243 1.4182091550279394 1.4184292546655513 0.0009765625
55.802082089552243 55.822014925373139 1.4181890665349075 1.4184091550279396 0.0009765625
55.822014925373139 55.841947761194028 1.4181689891765028 1.4183890665349077 0.0009765625
55.841947761194028 55.861880597014924 1.4181489229427648 1.418368989176503 0.0009765625
55.861880597014924 55.88181343283582 1.4181288678237598 1.418348922942765 0.0009765625
55.88181343283582 55.901746268656716 1.4181088238095616 1.41832886782376 0.0009765625
55.901746268656716 55.921679104477612 1.418088790890258 1.4183088238095618 0.0009765625
55.921679104477612 55.941611940298507 1.4180687690559441 1.4182887908902582 0.0009765625
55.941611940298507 55.961544776119403 1.4180487582967365 1.4182687690559443 0.0009765625
55.961544776119403 55.981477611940299 1.4180987586027549 1.4181787582967367 0.0009765625
55.981477611940299 56.001410447761195 1.41807876996413 1.4181587586027551 0.0009765625
56.001410447761195 56.021343283582091 1.4180587923710146 1.4181387699641301 0.0009765625
56.021343283582091 56.041276119402987 1.4180388258135714 1.4181187923710148 0.0009765625
56.041276119402987 56.061208955223883 1.4180188702819765 1.4180988258135716 0.0009765625
56.061208955223883 56.081141791044779 1.4179989257663959 1.4180788702819767 0.0009765625
56.081141791044779 56.101074626865675 1.4179789922570365 1.418058925766396 0.0009765625
56.101074626865675 56.12100746268657 1.4179590697441138 1.4180389922570367 0.0009765625
56.12100746268657 56.140940298507466 1.4179391582178356 1.418019069744114 0.0009765625
56.140940298507466 56.160873134328362 1.4179192576684403 1.4179991582178357 0.0009765625
56.160873134328362 56.180805970149258 1.4178993680861804 1.4179792576684405 0.0009765625
56.180805970149258 56.200738805970154 1.4178794894612963 1.4179593680861806 0.0009765625
56.200738805970154 56.220671641791043 1.4178596217840687 1.4179394894612964 0.0009765625
56.220671641791043 56.240604477611939 1.4178397650447829 1.4179196217840688 0.0009765625
56.240604477611939 56.260537313432835 1.4178399192337181 1.417879765044783 0.0009765625
56.260537313432835 56.28047014925373 1.4178200843411861 1.417859919233718 0.0009765625
56.28047014925373 56.300402985074626 1.4178002603575073 1.417840084341186 0.0009765625
56.300402985074626 56.320335820895522 1.4177894472729982 1.4178112603575073 0.0009765625
56.320335820895522 56.33030223880597 1.4177505448149166 1.4178204472729983 0.0009765625
56.33030223880597 56.340268656716418 1.417740645078005 1.4178105448149168 0.0009765625
56.340268656716418 56.350235074626866 1.4177507480610676 1.4177806450780051 0.0009765625
56.350235074626866 56.360201492537314 1.4177408537628933 1.4177707480610675 0.0009765625
56.360201492537314 56.370167910447762 1.417730962182272 1.4177608537628932 0.0009765625
56.370167910447762 56.38013432835821 1.4177210733180106 1.4177509621822719 0.0009765625
56.38013432835821 56.390100746268658 1.4177111871688997 1.4177410733180105 0.0009765625
56.390100746268658 56.400067164179106 1.4177103037337369 1.4177221871688996 0.0009765625
56.400067164179106 56.410033582089554 1.4177004230113246 1.4177123037337369 0.0009765625
56.410033582089554 56.415016791044778 1.4176864836670315 1.4177114230113246 0.0009765625
56.415016791044778 56.420000000000002 1.4176815450004689 1.4177064836670314 0.0009765625
