# Direct counterexample,  d = 8:  C(p) > 0 on [56.54, 100]
claim 8 8 56.54 100 +
# p1 p2 lambda1 lambda2 tau0
56.539999999999999 56.544938636363639 1.4175579441956128 1.4175828218932649 0.0009765625
56.544938636363639 56.549877272727272 1.4175530671598053 1.4175779441956127 0.0009765625
56.549877272727272 56.554815909090912 1.4175481907856984 1.4175730671598052 0.0009765625
56.554815909090912 56.559754545454545 1.4175433150731416 1.4175681907856983 0.0009765625
56.559754545454545 56.569631818181819 1.4175434656321131 1.4175534150731415 0.0009765625
56.569631818181819 56.579509090909092 1.4175328188355603 1.4175445656321131 0.0009765625
56.579509090909092 56.589386363636365 1.4175140746823272 1.4175438188355602 0.0009765625
56.589386363636365 56.599263636363638 1.4175043331712589 1.4175340746823271 0.0009765625
56.599263636363638 56.609140909090911 1.4174945943012045 1.4175243331712588 0.0009765625
56.609140909090911 56.619018181818184 1.4174848580710058 1.4175145943012044 0.0009765625
56.619018181818184 56.628895454545457 1.4174751244795085 1.4175048580710057 0.0009765625
56.628895454545457 56.638772727272723 1.4174453935255606 1.4175151244795086 0.0009765625
56.638772727272723 56.648649999999996 1.4174356652080116 1.4175053935255608 0.0009765625
56.648649999999996 56.65852727272727 1.4174259395257076 1.4174956652080117 0.0009765625
56.65852727272727 56.678281818181816 1.4174354960622348 1.4174569395257077 0.0009765625
56.678281818181816 56.698036363636362 1.4174070631259525 1.4174464960622348 0.0009765625
56.698036363636362 56.717790909090908 1.4173876407076687 1.4174270631259525 0.0009765625
56.717790909090908 56.737545454545455 1.4173482287982142 1.4174276407076687 0.0009765625
56.737545454545455 56.757300000000001 1.4173288273884124 1.4174082287982144 0.0009765625
56.757300000000001 56.777054545454547 1.4173094364691272 1.4173888273884125 0.0009765625
56.777054545454547 56.796809090909093 1.4172900560312012 1.4173694364691274 0.0009765625
56.796809090909093 56.816563636363639 1.4172706860655153 1.4173500560312013 0.0009765625
56.816563636363639 56.836318181818186 1.4172513265629438 1.4173306860655155 0.0009765625
56.836318181818186 56.856072727272725 1.4172319775143787 1.417311326562944 0.0009765625
56.856072727272725 56.875827272727271 1.4172126389107287 1.4172919775143789 0.0009765625
56.875827272727271 56.895581818181817 1.4171933107429009 1.4172726389107289 0.0009765625
56.895581818181817 56.915336363636364 1.4171739930018235 1.4172533107429011 0.0009765625
56.915336363636364 56.93509090909091 1.4171546856784236 1.4172339930018236 0.0009765625
56.93509090909091 56.954845454545456 1.4171353887636584 1.4172146856784238 0.0009765625
56.954845454545456 56.974600000000002 1.4171161022484853 1.4171953887636586 0.0009765625
56.974600000000002 56.994354545454549 1.4170968261238612 1.4171761022484854 0.0009765625
56.994354545454549 57.014109090909095 1.4170775603807724 1.4171568261238614 0.0009765625
57.014109090909095 57.033863636363634 1.4169883050102112 1.4172075603807726 0.0009765625
57.033863636363634 57.05361818181818 1.4169690600031699 1.4171883050102114 0.0009765625
57.05361818181818 57.073372727272726 1.416949825350672 1.4171690600031701 0.0009765625
57.073372727272726 57.093127272727273 1.4169306010437286 1.4171498253506722 0.0009765625
57.093127272727273 57.112881818181819 1.4169113870733898 1.4171306010437288 0.0009765625
57.112881818181819 57.132636363636365 1.4168921834306794 1.41711138707339 0.0009765625
57.132636363636365 57.152390909090911 1.416872990106665 1.4170921834306796 0.0009765625
57.152390909090911 57.172145454545458 1.4168538070924077 1.4170729901066652 0.0009765625
57.172145454545458 57.191900000000004 1.4168346343789811 1.4170538070924079 0.0009765625
57.191900000000004 57.21165454545455 1.4168154719574835 1.4170346343789813 0.0009765625
57.21165454545455 57.231409090909096 1.4167963198190019 1.4170154719574837 0.0009765625
57.231409090909096 57.251163636363636 1.4167771779546465 1.4169963198190021 0.0009765625
57.251163636363636 57.270918181818182 1.4167580463555391 1.4169771779546467 0.0009765625
57.270918181818182 57.290672727272728 1.4167389250128193 1.4169580463555393 0.0009765625
57.290672727272728 57.310427272727274 1.4167198139176067 1.4169389250128195 0.0009765625
57.310427272727274 57.330181818181821 1.4167007130610718 1.4169198139176069 0.0009765625
57.330181818181821 57.349936363636367 1.4166816224337928 1.4169007130604991 0.0009765625
57.349936363636367 57.369690909090913 1.4166625420286574 1.4168816224343614 0.0009765625
57.369690909090913 57.389445454545459 1.4166434718351411 1.4168625420286576 0.0009765625
57.389445454545459 57.409199999999998 1.416624411845004 1.4168434718351413 0.0009765625
57.409199999999998 57.428954545454545 1.4166053620494536 1.4168244118450042 0.0009765625
57.428954545454545 57.448709090909091 1.416586322439702 1.4168053620494538 0.0009765625
57.448709090909091 57.468463636363637 1.4165672930069726 1.4167863224397022 0.0009765625
57.468463636363637 57.488218181818183 1.4165482737425006 1.4167672930069728 0.0009765625
57.488218181818183 57.50797272727273 1.4165292646375403 1.4167482737425008 0.0009765625
57.50797272727273 57.527727272727276 1.4165102656833377 1.4167292646375405 0.0009765625
57.527727272727276 57.547481818181822 1.4164912768711699 1.4167102656833379 0.0009765625
57.547481818181822 57.567236363636368 1.4164722981923124 1.4166912768711701 0.0009765625
57.567236363636368 57.586990909090908 1.4164533296380477 1.4166722981923126 0.0009765625
57.586990909090908 57.606745454545454 1.4164343711996756 1.4166533296380479 0.0009765625
57.606745454545454 57.6265 1.4164154228685095 1.4166343711996758 0.0009765625
57.6265 57.646254545454546 1.4163964846358634 1.4166154228685097 0.0009765625
57.646254545454546 57.666009090909093 1.4163775564930696 1.4165964846358636 0.0009765625
57.666009090909093 57.685763636363639 1.4163586384314659 1.4165775564930698 0.0009765625
57.685763636363639 57.705518181818185 1.4163397304424021 1.4165586384314661 0.0009765625
57.705518181818185 57.725272727272724 1.4163208325172438 1.4165397304424023 0.0009765625
57.725272727272724 57.74502727272727 1.4163019446473557 1.416520832517244 0.0009765625
57.74502727272727 57.764781818181817 1.4162830668241224 1.4165019446473559 0.0009765625
57.764781818181817 57.784536363636363 1.4162641990389355 1.4164830668241226 0.0009765625
57.784536363636363 57.804290909090909 1.4162453412831881 1.4164641990389357 0.0009765625
57.804290909090909 57.824045454545455 1.4162264935483067 1.4164453412831883 0.0009765625
57.824045454545455 57.843800000000002 1.4162076558257066 1.4164264935483069 0.0009765625
57.843800000000002 57.863554545454548 1.4161888281068153 1.4164076558257068 0.0009765625
57.863554545454548 57.883309090909094 1.4161700103830752 1.4163888281068155 0.0009765625
57.883309090909094 57.903063636363633 1.4161512026459548 1.4163700103830754 0.0009765625
57.903063636363633 57.92281818181818 1.4161324048868964 1.416351202645955 0.0009765625
57.92281818181818 57.942572727272726 1.4161136170973747 1.4163324048868966 0.0009765625
57.942572727272726 57.962327272727272 1.4160948392688888 1.4163136170973749 0.0009765625
57.962327272727272 57.982081818181818 1.4160760713929204 1.416294839268889 0.0009765625
57.982081818181818 58.001836363636365 1.4160573134609775 1.4162760713929206 0.0009765625
58.001836363636365 58.021590909090911 1.4160385654645617 1.4162573134609777 0.0009765625
58.021590909090911 58.04134545454545 1.4160198273952149 1.4162385654645619 0.0009765625
58.04134545454545 58.061099999999996 1.4160010992444472 1.4162198273952151 0.0009765625
58.061099999999996 58.080854545454542 1.4159823810038259 1.4162010992444474 0.0009765625
58.080854545454542 58.100609090909089 1.4159636726648901 1.4161823810038261 0.0009765625
58.100609090909089 58.120363636363635 1.4159449742192087 1.4161636726648903 0.0009765625
58.120363636363635 58.140118181818181 1.4159262856577881 1.4161449742186418 0.0009765625
58.140118181818181 58.159872727272727 1.4159076069739025 1.4161262856583503 0.0009765625
58.159872727272727 58.179627272727274 1.4158889381574546 1.4161076069739027 0.0009765625
58.179627272727274 58.19938181818182 1.4158702792006188 1.4160889381574548 0.0009765625
58.19938181818182 58.219136363636366 1.4156516300949928 1.416270279200619 0.0009765625
58.219136363636366 58.238890909090905 1.4156329908322209 1.416251630094993 0.0009765625
58.238890909090905 58.258645454545452 1.4156143614039138 1.4162329908322211 0.0009765625
58.258645454545452 58.278399999999998 1.4155957418017302 1.416214361403914 0.0009765625
58.278399999999998 58.298154545454544 1.4155771320173149 1.4161957418017304 0.0009765625
58.298154545454544 58.31790909090909 1.4155585320423296 1.4161771320173151 0.0009765625
58.31790909090909 58.337663636363636 1.4155399418684511 1.4161585320423298 0.0009765625
58.337663636363636 58.357418181818183 1.4155213614873667 1.4161399418684513 0.0009765625
58.357418181818183 58.377172727272729 1.4155027908907554 1.4161213614873669 0.0009765625
58.377172727272729 58.396927272727275 1.4154842300703248 1.4161027908907555 0.0009765625
58.396927272727275 58.416681818181814 1.4154656790177869 1.4160842300703249 0.0009765625
58.416681818181814 58.436436363636361 1.415447137724877 1.416065679017787 0.0009765625
58.436436363636361 58.456190909090907 1.4154286061832977 1.4160471377248771 0.0009765625
58.456190909090907 58.475945454545453 1.4154100843848123 1.4160286061832978 0.0009765625
58.475945454545453 58.495699999999999 1.4153915723211621 1.4160100843848125 0.0009765625
58.495699999999999 58.515454545454546 1.4153730699841027 1.4159915723211622 0.0009765625
58.515454545454546 58.535209090909092 1.4153545773654246 1.4159730699841029 0.0009765625
58.535209090909092 58.554963636363638 1.4153360944568825 1.4159545773654247 0.0009765625
58.554963636363638 58.574718181818184 1.4153176212502823 1.4159360944568826 0.0009765625
58.574718181818184 58.594472727272731 1.4152991577374112 1.4159176212502824 0.0009765625
58.594472727272731 58.614227272727277 1.4152807039100868 1.4158991577374114 0.0009765625
58.614227272727277 58.633981818181816 1.4152622597601294 1.4158807039100869 0.0009765625
58.633981818181816 58.653736363636362 1.4152438252793516 1.4158622597601296 0.0009765625
58.653736363636362 58.673490909090908 1.4152254004596085 1.4158438252793517 0.0009765625
58.673490909090908 58.693245454545455 1.4152069852927336 1.4158254004596087 0.0009765625
58.693245454545455 58.713000000000001 1.4151885797705912 1.4158069852927337 0.0009765625
58.713000000000001 58.732754545454547 1.4151701838850437 1.4157885797705914 0.0009765625
58.732754545454547 58.752509090909093 1.4151517976279691 1.4157701838850438 0.0009765625
58.752509090909093 58.77226363636364 1.4151334209912503 1.4157517976279692 0.0009765625
58.77226363636364 58.792018181818186 1.4151150539667856 1.4157334209912504 0.0009765625
58.792018181818186 58.811772727272725 1.4150966965464769 1.4157150539667858 0.0009765625
58.811772727272725 58.831527272727271 1.4150783487222327 1.415696696546477 0.0009765625
58.831527272727271 58.851281818181818 1.4150600104859821 1.4156783487222329 0.0009765625
58.851281818181818 58.871036363636364 1.4150416818296541 1.4156600104859822 0.0009765625
58.871036363636364 58.89079090909091 1.4150233627451951 1.4156416818296542 0.0009765625
58.89079090909091 58.910545454545456 1.4150050532245502 1.4156233627451953 0.0009765625
58.910545454545456 58.930300000000003 1.4149867532591125 1.415605053223983 0.0009765625
58.930300000000003 58.950054545454549 1.4149684628425647 1.4155867532596871 0.0009765625
58.950054545454549 58.969809090909095 1.4149501819651777 1.4155684628425649 0.0009765625
58.969809090909095 58.989563636363641 1.4149319106194977 1.4155501819651779 0.0009765625
58.989563636363641 59.00931818181818 1.414913648797542 1.4155319106194979 0.0009765625
59.00931818181818 59.029072727272727 1.4148953964913003 1.4155136487975422 0.0009765625
59.029072727272727 59.048827272727273 1.4148771536928029 1.4154953964913004 0.0009765625
59.048827272727273 59.068581818181819 1.4148589203940627 1.415477153692803 0.0009765625
59.068581818181819 59.088336363636365 1.4148406965871287 1.4154589203940628 0.0009765625
59.088336363636365 59.108090909090912 1.4148224822640361 1.4154406965871289 0.0009765625
59.108090909090912 59.127845454545458 1.4148042774168443 1.4154224822640362 0.0009765625
59.127845454545458 59.147599999999997 1.4147860820376086 1.4154042774168445 0.0009765625
59.147599999999997 59.167354545454543 1.41476789611841 1.4153860820376087 0.0009765625
59.167354545454543 59.18710909090909 1.4147497196513257 1.4153678961184102 0.0009765625
59.18710909090909 59.206863636363636 1.414731552628445 1.4153497196513258 0.0009765625
59.206863636363636 59.226618181818182 1.4147133950418727 1.4153315526284451 0.0009765625
59.226618181818182 59.246372727272728 1.4146952468837166 1.4153133950418728 0.0009765625
59.246372727272728 59.266127272727275 1.4146771081460896 1.4152952468837168 0.0009765625
59.266127272727275 59.285881818181821 1.414658978821129 1.4152771081460898 0.0009765625
59.285881818181821 59.305636363636367 1.4146408589009618 1.4152589788211292 0.0009765625
59.305636363636367 59.325390909090906 1.4146227483777392 1.415240858900962 0.0009765625
59.325390909090906 59.345145454545452 1.4146046472436089 1.4152227483777393 0.0009765625
59.345145454545452 59.364899999999999 1.4145865554907469 1.4152046472436091 0.0009765625
59.364899999999999 59.384654545454545 1.4145684731113155 1.415186555490747 0.0009765625
59.384654545454545 59.404409090909091 1.4145504000975051 1.4151684731113157 0.0009765625
59.404409090909091 59.424163636363637 1.4145323364414957 1.4151504000975053 0.0009765625
59.424163636363637 59.443918181818184 1.414514282135497 1.4151323364414958 0.0009765625
59.443918181818184 59.463672727272723 1.4144962371717256 1.4151142821354972 0.0009765625
59.463672727272723 59.483427272727269 1.4144782015423756 1.4150962371717257 0.0009765625
59.483427272727269 59.503181818181815 1.4144601752396941 1.4150782015423757 0.0009765625
59.503181818181815 59.522936363636362 1.4144421582559072 1.4150601752396943 0.0009765625
59.522936363636362 59.542690909090908 1.4144241505832678 1.4150421582559074 0.0009765625
59.542690909090908 59.562445454545454 1.4144061522140263 1.4150241505832679 0.0009765625
59.562445454545454 59.5822 1.414388163140448 1.4150061522140265 0.0009765625
59.5822 59.601954545454547 1.4143701833547999 1.4149881631404482 0.0009765625
59.601954545454547 59.621709090909093 1.4143522128493655 1.4149701833548001 0.0009765625
59.621709090909093 59.641463636363632 1.4143342516164363 1.4149522128493657 0.0009765625
59.641463636363632 59.661218181818178 1.4143162996483061 1.4149342516164365 0.0009765625
59.661218181818178 59.680972727272724 1.4142983569372891 1.4149162996483062 0.0009765625
59.680972727272724 59.700727272727271 1.4142804234756974 1.4148983569372893 0.0009765625
59.700727272727271 59.720481818181817 1.4142624992552972 1.4148804234751375 0.0009765625
59.720481818181817 59.740236363636363 1.4142445842701086 1.4148624992558594 0.0009765625
59.740236363636363 59.759990909090909 1.4142266785107818 1.4148445842701087 0.0009765625
59.759990909090909 59.779745454545456 1.4142087819702427 1.4148266785107819 0.0009765625
59.779745454545456 59.799499999999995 1.4141908946408404 1.4148087819702428 0.0009765625
59.799499999999995 59.819254545454541 1.4141730165149504 1.4147908946408405 0.0009765625
59.819254545454541 59.839009090909087 1.4141551475849461 1.4147730165149506 0.0009765625
59.839009090909087 59.858763636363634 1.414137287843225 1.4147551475849462 0.0009765625
59.858763636363634 59.87851818181818 1.4141194372821695 1.4147372878432252 0.0009765625
59.87851818181818 59.898272727272726 1.4141015958941923 1.4147194372821696 0.0009765625
59.898272727272726 59.918027272727272 1.4140837636717014 1.4147015958941924 0.0009765625
59.918027272727272 59.937781818181818 1.4140659406071245 1.4146837636717016 0.0009765625
59.937781818181818 59.957536363636365 1.4140481266928915 1.4146659406071247 0.0009765625
59.957536363636365 59.977290909090911 1.4140303219214387 1.4146481266928916 0.0009765625
59.977290909090911 59.997045454545457 1.4140125262852137 1.4146303219214389 0.0009765625
59.997045454545457 60.016799999999996 1.413994739776671 1.4146125262852138 0.0009765625
60.016799999999996 60.036554545454543 1.4139769623882863 1.4145947397766712 0.0009765625
60.036554545454543 60.056309090909089 1.413959194112518 1.4145769623882865 0.0009765625
60.056309090909089 60.076063636363635 1.4139414349418644 1.4145591941125182 0.0009765625
60.076063636363635 60.095818181818181 1.4139236848688053 1.4145414349418646 0.0009765625
60.095818181818181 60.115572727272728 1.413905943885845 1.4145236848688054 0.0009765625
60.115572727272728 60.135327272727274 1.4138882119854914 1.4145059438858452 0.0009765625
60.135327272727274 60.15508181818182 1.41387048916026 1.4144882119854916 0.0009765625
60.15508181818182 60.174836363636366 1.4138527754026833 1.4144704891602602 0.0009765625
60.174836363636366 60.194590909090905 1.4138350707052894 1.4144527754026834 0.0009765625
60.194590909090905 60.214345454545452 1.4138173750606073 1.4144350707052895 0.0009765625
60.214345454545452 60.234099999999998 1.4137996884612116 1.4144173750606075 0.0009765625
60.234099999999998 60.253854545454544 1.4137820108996528 1.4143996884612118 0.0009765625
60.253854545454544 60.27360909090909 1.413764342368492 1.414382010899653 0.0009765625
60.27360909090909 60.293363636363637 1.4137466828603209 1.4143643423684922 0.0009765625
60.293363636363637 60.313118181818183 1.4137290323677059 1.4143466828603211 0.0009765625
60.313118181818183 60.332872727272729 1.4137113908832515 1.414329032367706 0.0009765625
60.332872727272729 60.352627272727275 1.4136937583995604 1.4143113908832516 0.0009765625
60.352627272727275 60.372381818181822 1.4136761349092402 1.4142937583995605 0.0009765625
60.372381818181822 60.392136363636368 1.4136585204049077 1.4142761349092403 0.0009765625
60.392136363636368 60.411890909090907 1.4136409148791897 1.4142585204049078 0.0009765625
60.411890909090907 60.431645454545453 1.4136233183247355 1.4142409148791899 0.0009765625
60.431645454545453 60.4514 1.4136057307341643 1.4142233183247357 0.0009765625
60.4514 60.471154545454546 1.4135881521001508 1.4142057307341644 0.0009765625
60.471154545454546 60.490909090909092 1.4135705824153459 1.4141881521001509 0.0009765625
60.490909090909092 60.510663636363638 1.4135530216718559 1.4141705824147806 0.0009765625
60.510663636363638 60.530418181818185 1.4135354698640494 1.4141530216724199 0.0009765625
60.530418181818185 60.550172727272731 1.4135179269829141 1.4141354698640496 0.0009765625
60.550172727272731 60.56992727272727 1.4135003930217247 1.4141179269829143 0.0009765625
60.56992727272727 60.589681818181816 1.4134828679731706 1.4141003930217249 0.0009765625
60.589681818181816 60.609436363636362 1.4134653518299574 1.4140828679731707 0.0009765625
60.609436363636362 60.629190909090909 1.4134478445848211 1.4140653518299575 0.0009765625
60.629190909090909 60.648945454545455 1.4134303462304778 1.4140478445848212 0.0009765625
60.648945454545455 60.668700000000001 1.413412856759664 1.414030346230478 0.0009765625
60.668700000000001 60.688454545454547 1.4133953761651212 1.4140128567596641 0.0009765625
60.688454545454547 60.708209090909094 1.4133779044396064 1.4139953761651214 0.0009765625
60.708209090909094 60.72796363636364 1.4133604415758745 1.4139779044396066 0.0009765625
60.72796363636364 60.747718181818179 1.4133429875667025 1.4139604415758746 0.0009765625
60.747718181818179 60.767472727272725 1.4133255424048583 1.4139429875667027 0.0009765625
60.767472727272725 60.787227272727272 1.4133081060831303 1.4139255424048585 0.0009765625
60.787227272727272 60.806981818181818 1.4132906785943053 1.4139081060831304 0.0009765625
60.806981818181818 60.826736363636364 1.413273259931199 1.4138906785943055 0.0009765625
60.826736363636364 60.84649090909091 1.4132558500866053 1.4138732599311992 0.0009765625
60.84649090909091 60.866245454545457 1.4132384490533465 1.4138558500866054 0.0009765625
60.866245454545457 60.885999999999996 1.4132210568242529 1.4138384490533467 0.0009765625
60.885999999999996 60.905754545454542 1.4132036733921478 1.4138210568242531 0.0009765625
60.905754545454542 60.925509090909088 1.4131862987498767 1.413803673392148 0.0009765625
60.925509090909088 60.945263636363634 1.413168932890297 1.4137862987498768 0.0009765625
60.945263636363634 60.965018181818181 1.4131515758062645 1.4137689328902971 0.0009765625
60.965018181818181 60.984772727272727 1.4131342274906378 1.4137515758062646 0.0009765625
60.984772727272727 61.004527272727273 1.4131168879362912 1.4137342274906379 0.0009765625
61.004527272727273 61.024281818181819 1.4130995571361156 1.4137168879362914 0.0009765625
61.024281818181819 61.044036363636366 1.4130822350829875 1.4136995571361157 0.0009765625
61.044036363636366 61.063790909090905 1.4130649217698208 1.4136822350829876 0.0009765625
61.063790909090905 61.083545454545451 1.413047617189505 1.4136649217698209 0.0009765625
61.083545454545451 61.103299999999997 1.4130303213349664 1.4136476171895052 0.0009765625
61.103299999999997 61.123054545454544 1.4130130341991212 1.4136303213349666 0.0009765625
61.123054545454544 61.14280909090909 1.4129957557749027 1.4136130341991213 0.0009765625
61.14280909090909 61.162563636363636 1.4129784860552497 1.4135957557749028 0.0009765625
61.162563636363636 61.182318181818182 1.4129612250330972 1.4135784860552498 0.0009765625
61.182318181818182 61.202072727272721 1.4129439727014099 1.4135612250330973 0.0009765625
61.202072727272721 61.221827272727268 1.4129267290531489 1.4135439727014101 0.0009765625
61.221827272727268 61.241581818181814 1.412909494081283 1.413526729053149 0.0009765625
61.241581818181814 61.26133636363636 1.4128922677787834 1.4135094940812831 0.0009765625
61.26133636363636 61.281090909090906 1.412875050138642 1.4134922677787836 0.0009765625
61.281090909090906 61.300845454545453 1.4128578411532902 1.4134750501380811 0.0009765625
61.300845454545453 61.320599999999999 1.4128406408174119 1.4134578411538539 0.0009765625
61.320599999999999 61.340354545454545 1.4128234491223286 1.4134406408174121 0.0009765625
61.340354545454545 61.360109090909091 1.4128062660616241 1.4134234491223288 0.0009765625
61.360109090909091 61.379863636363638 1.4127890916283248 1.4134062660616242 0.0009765625
61.379863636363638 61.399618181818177 1.4127719258154539 1.4133890916283249 0.0009765625
61.399618181818177 61.419372727272723 1.4127547686160602 1.413371925815454 0.0009765625
61.419372727272723 61.439127272727269 1.4127376200231858 1.4133547686160604 0.0009765625
61.439127272727269 61.458881818181816 1.4127204800298914 1.413337620023186 0.0009765625
61.458881818181816 61.478636363636362 1.4127033486292337 1.4133204800298915 0.0009765625
61.478636363636362 61.498390909090908 1.412686225814296 1.4133033486292339 0.0009765625
61.498390909090908 61.518145454545454 1.4126691115781458 1.4132862258142962 0.0009765625
61.518145454545454 61.5379 1.4126520059138783 1.4132691115781459 0.0009765625
61.5379 61.557654545454547 1.4126349088145815 1.4132520059138785 0.0009765625
61.557654545454547 61.577409090909086 1.4126178202733637 1.4132349088145817 0.0009765625
61.577409090909086 61.597163636363632 1.4126007402833325 1.4132178202733638 0.0009765625
61.597163636363632 61.616918181818178 1.4125836688376021 1.4132007402833326 0.0009765625
61.616918181818178 61.636672727272725 1.4125666059292998 1.4131836688376023 0.0009765625
61.636672727272725 61.656427272727271 1.4125495515515631 1.4131666059293 0.0009765625
61.656427272727271 61.676181818181817 1.4125325056975313 1.4131495515515633 0.0009765625
61.676181818181817 61.695936363636363 1.4125154683603471 1.4131325056975315 0.0009765625
61.695936363636363 61.71569090909091 1.4124984395331748 1.4131154683603473 0.0009765625
61.71569090909091 61.735445454545456 1.4124814192091772 1.4130984395331749 0.0009765625
61.735445454545456 61.755200000000002 1.41246440738151 1.4130814192091774 0.0009765625
61.755200000000002 61.774954545454548 1.4124474040433759 1.4130644073815102 0.0009765625
61.774954545454548 61.794709090909087 1.4124304091879474 1.413047404043376 0.0009765625
61.794709090909087 61.814463636363634 1.41241342280842 1.4130304091879475 0.0009765625
61.814463636363634 61.83421818181818 1.412396444898004 1.4130134228084201 0.0009765625
61.83421818181818 61.853972727272726 1.4123794754498948 1.4129964448980041 0.0009765625
61.853972727272726 61.873727272727272 1.412362514457318 1.412979475449895 0.0009765625
61.873727272727272 61.893481818181819 1.4123455619134984 1.4129625144573181 0.0009765625
61.893481818181819 61.913236363636365 1.4123286178116645 1.4129455619134985 0.0009765625
61.913236363636365 61.932990909090911 1.4123116821450576 1.4129286178116647 0.0009765625
61.932990909090911 61.952745454545457 1.4122947549069249 1.4129116821450578 0.0009765625
61.952745454545457 61.972499999999997 1.4122778360905173 1.4128947549069251 0.0009765625
61.972499999999997 61.992254545454543 1.4122609256890988 1.4128778360905174 0.0009765625
61.992254545454543 62.012009090909089 1.4122440236959493 1.4128609256890989 0.0009765625
62.012009090909089 62.031763636363635 1.4122271301043263 1.4128440236959494 0.0009765625
62.031763636363635 62.051518181818182 1.4122102449075249 1.4128271301043265 0.0009765625
62.051518181818182 62.071272727272728 1.4121933680988445 1.412810244907525 0.0009765625
62.071272727272728 62.091027272727274 1.4121764996710062 1.4127933680982772 0.0009765625
62.091027272727274 62.11078181818182 1.4121596396190068 1.4127764996715706 0.0009765625
62.11078181818182 62.130536363636367 1.4121427879344877 1.412759639619007 0.0009765625
62.130536363636367 62.150290909090913 1.4121259446113221 1.4127427879344878 0.0009765625
62.150290909090913 62.170045454545452 1.4121091096428349 1.4127259446113223 0.0009765625
62.170045454545452 62.189799999999998 1.4120922830223721 1.412709109642835 0.0009765625
62.189799999999998 62.209554545454544 1.4120754647432718 1.4126922830223723 0.0009765625
62.209554545454544 62.229309090909091 1.4120586547988836 1.412675464743272 0.0009765625
62.229309090909091 62.249063636363637 1.4120418531825709 1.4126586547988838 0.0009765625
62.249063636363637 62.268818181818183 1.4120250598876947 1.4126418531825711 0.0009765625
62.268818181818183 62.288572727272729 1.4120082749076277 1.4126250598876948 0.0009765625
62.288572727272729 62.308327272727269 1.4119914982357569 1.4126082749076279 0.0009765625
62.308327272727269 62.328081818181815 1.4119747298654626 1.412591498235757 0.0009765625
62.328081818181815 62.347836363636361 1.4119579697901432 1.4125747298654627 0.0009765625
62.347836363636361 62.367590909090907 1.411941218003206 1.4125579697901434 0.0009765625
62.367590909090907 62.387345454545454 1.4119244744980517 1.4125412180032062 0.0009765625
62.387345454545454 62.4071 1.411907739268099 1.4125244744980519 0.0009765625
62.4071 62.426854545454546 1.4118910123067774 1.4125077392680991 0.0009765625
62.426854545454546 62.446609090909092 1.4118742936075168 1.4124910123067775 0.0009765625
62.446609090909092 62.466363636363639 1.4118575831637552 1.412474293607517 0.0009765625
62.466363636363639 62.486118181818178 1.4118408809689327 1.4124575831637554 0.0009765625
62.486118181818178 62.505872727272724 1.4118241870165111 1.4124408809689328 0.0009765625
62.505872727272724 62.52562727272727 1.411807501299942 1.4124241870165113 0.0009765625
62.52562727272727 62.545381818181816 1.4117908238127006 1.4124075012999422 0.0009765625
62.545381818181816 62.565136363636363 1.4117741545482605 1.4123908238127008 0.0009765625
62.565136363636363 62.584890909090909 1.4117574935001018 1.4123741545482607 0.0009765625
62.584890909090909 62.604645454545455 1.4117408406617058 1.412357493500102 0.0009765625
62.604645454545455 62.624399999999994 1.4117241960265789 1.412340840661706 0.0009765625
62.624399999999994 62.644154545454541 1.411707559588228 1.4123241960265791 0.0009765625
62.644154545454541 62.663909090909087 1.4116909313401567 1.4123075595882282 0.0009765625
62.663909090909087 62.683663636363633 1.4116743112758778 1.4122909313401568 0.0009765625
62.683663636363633 62.703418181818179 1.4116576993889292 1.412274311275878 0.0009765625
62.703418181818179 62.723172727272726 1.4116410956728274 1.4122576993889293 0.0009765625
62.723172727272726 62.742927272727272 1.4116245001211247 1.4122410956728275 0.0009765625
62.742927272727272 62.762681818181818 1.41160791272736 1.4122245001211249 0.0009765625
62.762681818181818 62.782436363636364 1.4115913334850805 1.4122079127273601 0.0009765625
62.782436363636364 62.802190909090903 1.4115747623878638 1.4121913334850806 0.0009765625
62.802190909090903 62.82194545454545 1.4115581994292639 1.412174762387864 0.0009765625
62.82194545454545 62.841699999999996 1.411541644602861 1.412158199429264 0.0009765625
62.841699999999996 62.861454545454542 1.4115250979022345 1.4121416446028612 0.0009765625
62.861454545454542 62.881209090909088 1.4115085593204035 1.4121250979016724 0.0009765625
62.881209090909088 62.900963636363635 1.4114920288526629 1.4121085593209675 0.0009765625
62.900963636363635 62.920718181818181 1.4114755064909179 1.4120920288526631 0.0009765625
62.920718181818181 62.940472727272727 1.4114589922293475 1.4120755064909181 0.0009765625
62.940472727272727 62.960227272727266 1.4114424860615629 1.4120589922293476 0.0009765625
62.960227272727266 62.979981818181813 1.4114259879811852 1.412042486061563 0.0009765625
62.979981818181813 62.999736363636359 1.4114094979818606 1.4120259879811854 0.0009765625
62.999736363636359 63.019490909090905 1.4113930160572061 1.4120094979818607 0.0009765625
63.019490909090905 63.039245454545451 1.4113765422008764 1.4119930160572063 0.0009765625
63.039245454545451 63.058999999999997 1.4113600764065162 1.4119765422008765 0.0009765625
63.058999999999997 63.078754545454544 1.4113436186677975 1.4119600764065163 0.0009765625
63.078754545454544 63.09850909090909 1.4113271689783715 1.4119436186677976 0.0009765625
63.09850909090909 63.118263636363636 1.4113107273319161 1.4119271689783717 0.0009765625
63.118263636363636 63.138018181818182 1.4112942937221069 1.4119107273319162 0.0009765625
63.138018181818182 63.157772727272729 1.4112778681426348 1.4118942937221071 0.0009765625
63.157772727272729 63.177527272727268 1.4112614505871866 1.4118778681426349 0.0009765625
63.177527272727268 63.197281818181814 1.4112450410494661 1.4118614505871867 0.0009765625
63.197281818181814 63.21703636363636 1.411228639523179 1.4118450410494663 0.0009765625
63.21703636363636 63.236790909090907 1.4112122460020347 1.4118286395231792 0.0009765625
63.236790909090907 63.256545454545453 1.4111958604797614 1.4118122460020348 0.0009765625
63.256545454545453 63.276299999999999 1.4111794829500746 1.4117958604797616 0.0009765625
63.276299999999999 63.296054545454545 1.4111631134067197 1.4117794829500747 0.0009765625
63.296054545454545 63.315809090909092 1.4111467518434357 1.4117631134067199 0.0009765625
63.315809090909092 63.335563636363638 1.4111303982539525 1.4117467518434359 0.0009765625
63.335563636363638 63.355318181818177 1.4111140526320458 1.4117303982539526 0.0009765625
63.355318181818177 63.375072727272723 1.411097714971469 1.411714052632046 0.0009765625
63.375072727272723 63.394827272727269 1.4110813852659889 1.4116977149714691 0.0009765625
63.394827272727269 63.414581818181816 1.4110650635093793 1.4116813852659891 0.0009765625
63.414581818181816 63.434336363636362 1.411048749695426 1.4116650635093795 0.0009765625
63.434336363636362 63.454090909090908 1.4110324438179116 1.4116487496954262 0.0009765625
63.454090909090908 63.473845454545454 1.4110161458706358 1.4116324438179118 0.0009765625
63.473845454545454 63.493600000000001 1.4109998558473935 1.411616145870636 0.0009765625
63.493600000000001 63.513354545454547 1.4109835737419987 1.4115998558473937 0.0009765625
63.513354545454547 63.533109090909093 1.4109672995482621 1.4115835737419988 0.0009765625
63.533109090909093 63.552863636363639 1.4109510332600101 1.4115672995482622 0.0009765625
63.552863636363639 63.572618181818179 1.410934774871067 1.4115510332600103 0.0009765625
63.572618181818179 63.592372727272725 1.410918524375272 1.4115347748710672 0.0009765625
63.592372727272725 63.612127272727271 1.4109022817664589 1.4115185243752721 0.0009765625
63.612127272727271 63.631881818181817 1.4108860470384872 1.4115022817664591 0.0009765625
63.631881818181817 63.651636363636364 1.410869820185201 1.4114860470384873 0.0009765625
63.651636363636364 63.67139090909091 1.4108536011999091 1.4114698201846398 0.0009765625
63.67139090909091 63.691145454545456 1.4108373900781572 1.411453601200463 0.0009765625
63.691145454545456 63.710900000000002 1.4108211868121381 1.4114373900781574 0.0009765625
63.710900000000002 63.730654545454541 1.4108049913962992 1.4114211868121382 0.0009765625
63.730654545454541 63.750409090909088 1.4107888038245251 1.4114049913962994 0.0009765625
63.750409090909088 63.770163636363634 1.4107726240907077 1.4113888038245253 0.0009765625
63.770163636363634 63.78991818181818 1.410756452188751 1.4113726240907079 0.0009765625
63.78991818181818 63.809672727272726 1.410740288112569 1.4113564521887512 0.0009765625
63.809672727272726 63.829427272727273 1.4107241318560602 1.4113402881125692 0.0009765625
63.829427272727273 63.849181818181819 1.4107079834131677 1.4113241318560603 0.0009765625
63.849181818181819 63.868936363636365 1.4106918427778017 1.4113079834131679 0.0009765625
63.868936363636365 63.888690909090911 1.4106757099439029 1.4112918427778018 0.0009765625
63.888690909090911 63.908445454545451 1.4106595849054062 1.4112757099439031 0.0009765625
63.908445454545451 63.928199999999997 1.410643467656268 1.4112595849054064 0.0009765625
63.928199999999997 63.947954545454543 1.4106273581904338 1.4112434676562682 0.0009765625
63.947954545454543 63.967709090909089 1.4106112565018711 1.411227358190434 0.0009765625
63.967709090909089 63.987463636363636 1.410595162584547 1.4112112565018713 0.0009765625
63.987463636363636 64.007218181818175 1.410579076432424 1.4111951625845471 0.0009765625
64.007218181818175 64.026972727272721 1.4105629980394945 1.4111790764324241 0.0009765625
64.026972727272721 64.046727272727267 1.4105469273997362 1.4111629980394946 0.0009765625
64.046727272727267 64.066481818181813 1.410530864507145 1.4111469273997364 0.0009765625
64.066481818181813 64.08623636363636 1.4105148093557178 1.4111308645071452 0.0009765625
64.08623636363636 64.105990909090906 1.4104987619394664 1.411114809355718 0.0009765625
64.105990909090906 64.125745454545452 1.4104827222523946 1.4110987619394666 0.0009765625
64.125745454545452 64.145499999999998 1.4104666902885281 1.4110827222523947 0.0009765625
64.145499999999998 64.165254545454545 1.4104506660418876 1.4110666902885283 0.0009765625
64.165254545454545 64.185009090909091 1.4104346495064999 1.4110506660418878 0.0009765625
64.185009090909091 64.204763636363637 1.4104186406764156 1.4110346495065 0.0009765625
64.204763636363637 64.224518181818183 1.4104026395456659 1.4110186406764158 0.0009765625
64.224518181818183 64.24427272727273 1.4103866461083083 1.4110026395456661 0.0009765625
64.24427272727273 64.264027272727276 1.4103706603583979 1.4109866461083085 0.0009765625
64.264027272727276 64.283781818181808 1.4103546822900037 1.410970660358398 0.0009765625
64.283781818181808 64.303536363636354 1.4103387118971764 1.4109546822900039 0.0009765625
64.303536363636354 64.3232909090909 1.4103227491740167 1.4109387118971766 0.0009765625
64.3232909090909 64.343045454545447 1.410306794114593 1.4109227491740168 0.0009765625
64.343045454545447 64.362799999999993 1.4102908467129898 1.4109067941145932 0.0009765625
64.362799999999993 64.382554545454539 1.4102749069633138 1.4108908467129899 0.0009765625
64.382554545454539 64.402309090909085 1.410258974859661 1.410874906963314 0.0009765625
64.402309090909085 64.422063636363632 1.4102430503961423 1.4108589748596612 0.0009765625
64.422063636363632 64.441818181818178 1.410227133566859 1.4108430503961424 0.0009765625
64.441818181818178 64.461572727272724 1.4102112243653859 1.4108271335662981 0.0009765625
64.461572727272724 64.48132727272727 1.4101953227875248 1.4108112243659445 0.0009765625
64.48132727272727 64.501081818181817 1.4101794288257254 1.410795322787525 0.0009765625
64.501081818181817 64.520836363636363 1.410163542474685 1.4107794288257256 0.0009765625
64.520836363636363 64.540590909090909 1.4101476637285582 1.4107635424746852 0.0009765625
64.540590909090909 64.560345454545455 1.4101317925814898 1.4107476637285583 0.0009765625
64.560345454545455 64.580100000000002 1.4101159290276339 1.41073179258149 0.0009765625
64.580100000000002 64.599854545454548 1.4101000730611615 1.4107159290276341 0.0009765625
64.599854545454548 64.619609090909094 1.4100842246762415 1.4107000730611616 0.0009765625
64.619609090909094 64.63936363636364 1.4100683838670525 1.4106842246762417 0.0009765625
64.63936363636364 64.659118181818172 1.4100525506277697 1.4106683838670526 0.0009765625
64.659118181818172 64.678872727272719 1.4100367249525854 1.4106525506277698 0.0009765625
64.678872727272719 64.698627272727265 1.410020906835695 1.4106367249525855 0.0009765625
64.698627272727265 64.718381818181811 1.4100050962713 1.4106209068356952 0.0009765625
64.718381818181811 64.738136363636357 1.4099892932536096 1.4106050962713002 0.0009765625
64.738136363636357 64.757890909090904 1.4099734977768323 1.4105892932536097 0.0009765625
64.757890909090904 64.77764545454545 1.4099577098351921 1.4105734977768325 0.0009765625
64.77764545454545 64.797399999999996 1.4099419294229081 1.4105577098351922 0.0009765625
64.797399999999996 64.817154545454542 1.4099261565342249 1.4105419294229082 0.0009765625
64.817154545454542 64.836909090909089 1.4099103911633628 1.4105261565342251 0.0009765625
64.836909090909089 64.856663636363635 1.4098946333045874 1.410510391163363 0.0009765625
64.856663636363635 64.876418181818181 1.4098788829521338 1.4104946333045876 0.0009765625
64.876418181818181 64.896172727272727 1.409863140100261 1.410478882952134 0.0009765625
64.896172727272727 64.915927272727274 1.4098474047432301 1.4104631401002612 0.0009765625
64.915927272727274 64.93568181818182 1.4098316768753161 1.4104474047432303 0.0009765625
64.93568181818182 64.955436363636366 1.4098159564907868 1.4104316768753162 0.0009765625
64.955436363636366 64.975190909090912 1.4098002435839327 1.410415956490787 0.0009765625
64.975190909090912 64.994945454545459 1.4097845381490262 1.4104002435839329 0.0009765625
64.994945454545459 65.014700000000005 1.4097688401803699 1.4103845381490263 0.0009765625
65.014700000000005 65.034454545454537 1.4097531496722593 1.41036884018037 0.0009765625
65.034454545454537 65.054209090909083 1.4097374666190039 1.4103531496722594 0.0009765625
65.054209090909083 65.073963636363629 1.4097217910149069 1.4103374666190041 0.0009765625
65.073963636363629 65.093718181818176 1.409706122854294 1.4103217910149071 0.0009765625
65.093718181818176 65.113472727272722 1.409690462131485 1.4103061228542941 0.0009765625
65.113472727272722 65.133227272727268 1.4096748088408033 1.4102904621314851 0.0009765625
65.133227272727268 65.152981818181814 1.4096591629765893 1.4102748088408035 0.0009765625
65.152981818181814 65.172736363636361 1.4096435245331809 1.4102591629765895 0.0009765625
65.172736363636361 65.192490909090907 1.4096278935049265 1.410243524533181 0.0009765625
65.192490909090907 65.212245454545453 1.409612269886183 1.4102278935049266 0.0009765625
65.212245454545453 65.231999999999999 1.4095966536713032 1.4102122698861832 0.0009765625
65.231999999999999 65.251754545454546 1.4095810448541048 1.4101966536707458 0.0009765625
65.251754545454546 65.271509090909092 1.4095654434306177 1.4101810448546637 0.0009765625
65.271509090909092 65.291263636363638 1.4095498493935485 1.4101654434306179 0.0009765625
65.291263636363638 65.311018181818184 1.4095342627378471 1.4101498493935487 0.0009765625
65.311018181818184 65.330772727272731 1.409518683457897 1.4101342627378473 0.0009765625
65.330772727272731 65.350527272727277 1.4095031115480878 1.4101186834578971 0.0009765625
65.350527272727277 65.370281818181823 1.409487547002817 1.410103111548088 0.0009765625
65.370281818181823 65.390036363636369 1.4094719898165031 1.4100875470028171 0.0009765625
65.390036363636369 65.409790909090916 1.409456439983553 1.4100719898165033 0.0009765625
65.409790909090916 65.429545454545462 1.4094408974983876 1.4100564399835531 0.0009765625
65.429545454545462 65.449299999999994 1.4094253623554251 1.4100408974983878 0.0009765625
65.449299999999994 65.46905454545454 1.4094098345490909 1.4100253623554253 0.0009765625
65.46905454545454 65.488809090909086 1.4093943140738363 1.410009834549091 0.0009765625
65.488809090909086 65.508563636363633 1.4093788009240997 1.4099943140738365 0.0009765625
65.508563636363633 65.528318181818179 1.409363295094308 1.4099788009240999 0.0009765625
65.528318181818179 65.548072727272725 1.4093477965789389 1.4099632950943082 0.0009765625
65.548072727272725 65.567827272727271 1.4093323053724434 1.4099477965789391 0.0009765625
65.567827272727271 65.587581818181818 1.4093168214692808 1.4099323053724435 0.0009765625
65.587581818181818 65.607336363636364 1.409301344863928 1.409916821469281 0.0009765625
65.607336363636364 65.62709090909091 1.4092858755508604 1.4099013448639282 0.0009765625
65.62709090909091 65.646845454545456 1.4092704135245566 1.4098858755508605 0.0009765625
65.646845454545456 65.666600000000003 1.4092549587795098 1.4098704135245568 0.0009765625
65.666600000000003 65.686354545454549 1.4092395113102147 1.4098549587795099 0.0009765625
65.686354545454549 65.706109090909095 1.4092240711111619 1.4098395113102149 0.0009765625
65.706109090909095 65.725863636363641 1.4092086381768678 1.409824071111162 0.0009765625
65.725863636363641 65.745618181818188 1.4091932125018347 1.409808638176868 0.0009765625
65.745618181818188 65.765372727272734 1.4091777940805839 1.4097932125018349 0.0009765625
65.765372727272734 65.78512727272728 1.409162382907637 1.409777794080584 0.0009765625
65.78512727272728 65.804881818181826 1.4091469789775295 1.4097623829076371 0.0009765625
65.804881818181826 65.824636363636358 1.4091315822847816 1.4097469789775297 0.0009765625
65.824636363636358 65.844390909090905 1.409116192823944 1.4097315822847818 0.0009765625
65.844390909090905 65.864145454545451 1.4091008105895588 1.4097161928239441 0.0009765625
65.864145454545451 65.883899999999997 1.4090854355761762 1.409700810589559 0.0009765625
65.883899999999997 65.903654545454543 1.4090700677783516 1.4096854355761763 0.0009765625
65.903654545454543 65.92340909090909 1.4090547071906554 1.4096700677783518 0.0009765625
65.92340909090909 65.943163636363636 1.4090393538076493 1.4096547071906556 0.0009765625
65.943163636363636 65.962918181818182 1.409024007623906 1.4096393538076495 0.0009765625
65.962918181818182 65.982672727272728 1.4090086686340131 1.4096240076239062 0.0009765625
65.982672727272728 66.002427272727274 1.4089933368325451 1.4096086686340132 0.0009765625
66.002427272727274 66.022181818181821 1.4089780122141031 1.4095933368325453 0.0009765625
66.022181818181821 66.041936363636367 1.408962694772723 1.4095780122135488 0.0009765625
66.041936363636367 66.061690909090913 1.408947384504676 1.40956269477328 0.0009765625
66.061690909090913 66.081445454545459 1.4089320814028954 1.4095473845046762 0.0009765625
66.081445454545459 66.101200000000006 1.4089167854625639 1.4095320814028955 0.0009765625
66.101200000000006 66.120954545454552 1.4089014966782905 1.4095167854625641 0.0009765625
66.120954545454552 66.140709090909098 1.4088862150447021 1.4095014966782906 0.0009765625
66.140709090909098 66.160463636363644 1.4088709405564328 1.4094862150447023 0.0009765625
66.160463636363644 66.180218181818191 1.4088556732081177 1.409470940556433 0.0009765625
66.180218181818191 66.199972727272737 1.4088404129943906 1.4094556732081178 0.0009765625
66.199972727272737 66.219727272727283 1.4088251599099102 1.4094404129943907 0.0009765625
66.219727272727283 66.239481818181815 1.4088099139493142 1.4094251599099104 0.0009765625
66.239481818181815 66.259236363636361 1.4087946751072795 1.4094099139493144 0.0009765625
66.259236363636361 66.278990909090908 1.4087794433784555 1.4093946751072797 0.0009765625
66.278990909090908 66.298745454545454 1.4087642187575149 1.4093794433784557 0.0009765625
66.298745454545454 66.3185 1.4087490012391373 1.4093642187575151 0.0009765625
66.3185 66.338254545454546 1.4087337908179915 1.4093490012391374 0.0009765625
66.338254545454546 66.358009090909093 1.4087185874887833 1.4093337908179917 0.0009765625
66.358009090909093 66.377763636363639 1.4087033912461853 1.4093185874887835 0.0009765625
66.377763636363639 66.397518181818185 1.4086882020849012 1.4093033912461854 0.0009765625
66.397518181818185 66.417272727272731 1.4086730199996413 1.4092882020849014 0.0009765625
66.417272727272731 66.437027272727278 1.4086578449850973 1.4092730199996415 0.0009765625
66.437027272727278 66.456781818181824 1.4086426770360005 1.4092578449850974 0.0009765625
66.456781818181824 66.47653636363637 1.4086275161470512 1.4092426770360007 0.0009765625
66.47653636363637 66.496290909090916 1.4086123623129849 1.4092275161470513 0.0009765625
66.496290909090916 66.516045454545463 1.4085972155285345 1.4092123623129851 0.0009765625
66.516045454545463 66.535800000000009 1.4085820757884249 1.4091972155285346 0.0009765625
66.535800000000009 66.555554545454555 1.4085669430874113 1.409182075788425 0.0009765625
66.555554545454555 66.575309090909101 1.4085518174202227 1.4091669430874114 0.0009765625
66.575309090909101 66.595063636363648 1.408536698781621 1.4091518174202229 0.0009765625
66.595063636363648 66.61481818181818 1.4085215871663659 1.4091366987816212 0.0009765625
66.61481818181818 66.634572727272726 1.4085064825692095 1.409121587166366 0.0009765625
66.634572727272726 66.654327272727272 1.408491384984929 1.4091064825692097 0.0009765625
66.654327272727272 66.674081818181818 1.4084762944082985 1.4090913849849291 0.0009765625
66.674081818181818 66.693836363636365 1.4084612108340873 1.4090762944082986 0.0009765625
66.693836363636365 66.713590909090911 1.4084461342570826 1.4090612108340874 0.0009765625
66.713590909090911 66.733345454545457 1.4084310646720799 1.4090461342570828 0.0009765625
66.733345454545457 66.753100000000003 1.4084160020738679 1.4090310646720801 0.0009765625
66.753100000000003 66.77285454545455 1.4084009464572582 1.409016002073868 0.0009765625
66.77285454545455 66.792609090909096 1.4083858978170387 1.4090009464572584 0.0009765625
66.792609090909096 66.812363636363642 1.4083708561480319 1.4089858978170389 0.0009765625
66.812363636363642 66.832118181818188 1.408355821444496 1.4089708561474776 0.0009765625
66.832118181818188 66.851872727272735 1.4083407937029155 1.4089558214450506 0.0009765625
66.851872727272735 66.871627272727281 1.4083257729164631 1.4089407937029157 0.0009765625
66.871627272727281 66.891381818181827 1.4083107590805066 1.4089257729164633 0.0009765625
66.891381818181827 66.911136363636373 1.4082957521899024 1.4089107590805068 0.0009765625
66.911136363636373 66.93089090909092 1.4082807522394911 1.4088957521899026 0.0009765625
66.93089090909092 66.950645454545452 1.4082657592241019 1.4088807522394913 0.0009765625
66.950645454545452 66.970399999999998 1.408250773138616 1.4088657592241021 0.0009765625
66.970399999999998 66.990154545454544 1.4082357939778725 1.4088507731386162 0.0009765625
66.990154545454544 67.00990909090909 1.4082208217367453 1.4088357939778726 0.0009765625
67.00990909090909 67.029663636363637 1.4082058564100983 1.4088208217367455 0.0009765625
67.029663636363637 67.049418181818183 1.4081908979928051 1.4088058564100985 0.0009765625
67.049418181818183 67.069172727272729 1.4081759464797543 1.4087908979928052 0.0009765625
67.069172727272729 67.088927272727275 1.4081610018658233 1.4087759464797545 0.0009765625
67.088927272727275 67.108681818181822 1.4081460641459111 1.4087610018658234 0.0009765625
67.108681818181822 67.128436363636368 1.4081311333148994 1.4087460641459113 0.0009765625
67.128436363636368 67.148190909090914 1.4081162093676991 1.4087311333148995 0.0009765625
67.148190909090914 67.16794545454546 1.4081012922992155 1.4087162093676993 0.0009765625
67.16794545454546 67.187700000000007 1.4080863821043597 1.4087012922992157 0.0009765625
67.187700000000007 67.207454545454539 1.4080714787780502 1.4086863821043598 0.0009765625
67.207454545454539 67.227209090909085 1.4080565823152007 1.4086714787780503 0.0009765625
67.227209090909085 67.246963636363631 1.4080416927107509 1.4086565823152009 0.0009765625
67.246963636363631 67.266718181818177 1.4080268099596254 1.408641692710751 0.0009765625
67.266718181818177 67.286472727272724 1.4080119340567587 1.4086268099596255 0.0009765625
67.286472727272724 67.30622727272727 1.4079970649971016 1.4086119340567589 0.0009765625
67.30622727272727 67.325981818181816 1.4079822027755933 1.4085970649971018 0.0009765625
67.325981818181816 67.345736363636362 1.4079673473871934 1.4085822027755934 0.0009765625
67.345736363636362 67.365490909090909 1.407952498826853 1.4085673473871936 0.0009765625
67.365490909090909 67.385245454545455 1.4079376570895519 1.4085524988268532 0.0009765625
67.385245454545455 67.405000000000001 1.4079228221702411 1.408537657089552 0.0009765625
67.405000000000001 67.424754545454547 1.407907994063899 1.4085228221702413 0.0009765625
67.424754545454547 67.444509090909094 1.407893172765504 1.4085079940638991 0.0009765625
67.444509090909094 67.46426363636364 1.4078783582700451 1.4084931727655041 0.0009765625
67.46426363636364 67.484018181818172 1.4078635505725077 1.4084783582700453 0.0009765625
67.484018181818172 67.503772727272718 1.4078487496678789 1.4084635505725078 0.0009765625
67.503772727272718 67.523527272727264 1.4078339555511745 1.408448749667879 0.0009765625
67.523527272727264 67.543281818181811 1.4078191682173888 1.4084339555511747 0.0009765625
67.543281818181811 67.563036363636357 1.407804387661524 1.408419168217389 0.0009765625
67.563036363636357 67.582790909090903 1.4077896138786099 1.4084043876615242 0.0009765625
67.582790909090903 67.602545454545449 1.4077748468636582 1.4083896138786101 0.0009765625
67.602545454545449 67.622299999999996 1.4077600866111342 1.4083748468630966 0.0009765625
67.622299999999996 67.642054545454542 1.407745333117741 1.4083600866116934 0.0009765625
67.642054545454542 67.661809090909088 1.4077305863768428 1.4083453331177411 0.0009765625
67.661809090909088 67.681563636363634 1.4077158463840347 1.4083305863768429 0.0009765625
67.681563636363634 67.701318181818181 1.4077011131343702 1.4083158463840348 0.0009765625
67.701318181818181 67.721072727272727 1.4076863866228937 1.4083011131343703 0.0009765625
67.721072727272727 67.740827272727273 1.4076716668446498 1.4082863866228938 0.0009765625
67.740827272727273 67.760581818181819 1.4076569537947186 1.40827166684465 0.0009765625
67.760581818181819 67.780336363636366 1.4076422474681514 1.4082569537947187 0.0009765625
67.780336363636366 67.800090909090898 1.4076275478600118 1.4082422474681515 0.0009765625
67.800090909090898 67.819845454545444 1.4076128549653961 1.4082275478600119 0.0009765625
67.819845454545444 67.83959999999999 1.4075981687793671 1.4082128549653963 0.0009765625
67.83959999999999 67.859354545454536 1.4075834892970187 1.4081981687793672 0.0009765625
67.859354545454536 67.879109090909083 1.4075688165134363 1.4081834892970189 0.0009765625
67.879109090909083 67.898863636363629 1.4075541504237177 1.4081688165134365 0.0009765625
67.898863636363629 67.918618181818175 1.4075394910229586 1.4081541504237178 0.0009765625
67.918618181818175 67.938372727272721 1.4075248383062724 1.4081394910229588 0.0009765625
67.938372727272721 67.958127272727268 1.4075101922687618 1.4081248383062726 0.0009765625
67.958127272727268 67.977881818181814 1.4074955529055431 1.408110192268762 0.0009765625
67.977881818181814 67.99763636363636 1.4074809202117358 1.4080955529055432 0.0009765625
67.99763636363636 68.017390909090906 1.407466294182474 1.4080809202117359 0.0009765625
68.017390909090906 68.037145454545453 1.4074516748128698 1.4080662941824742 0.0009765625
68.037145454545453 68.056899999999999 1.4074370620980712 1.40805167481287 0.0009765625
68.056899999999999 68.076654545454545 1.4074224560332154 1.4080370620980713 0.0009765625
68.076654545454545 68.096409090909091 1.4074078566134478 1.4080224560332155 0.0009765625
68.096409090909091 68.116163636363638 1.4073932638339108 1.408007856613448 0.0009765625
68.116163636363638 68.135918181818184 1.4073786776897697 1.407993263833911 0.0009765625
68.135918181818184 68.15567272727273 1.4073640981761724 1.4079786776897698 0.0009765625
68.15567272727273 68.175427272727276 1.4073495252882935 1.4079640981761725 0.0009765625
68.175427272727276 68.195181818181823 1.4073349590212951 1.4079495252882936 0.0009765625
68.195181818181823 68.214936363636355 1.4073203993703565 1.4079349590212953 0.0009765625
68.214936363636355 68.234690909090901 1.4073058463306505 1.4079203993703566 0.0009765625
68.234690909090901 68.254445454545447 1.4072912998973566 1.4079058463306506 0.0009765625
68.254445454545447 68.274199999999993 1.4072767600656808 1.4078912998973567 0.0009765625
68.274199999999993 68.29395454545454 1.4072622268308059 1.407876760065681 0.0009765625
68.29395454545454 68.313709090909086 1.4072477001879278 1.4078622268308061 0.0009765625
68.313709090909086 68.333463636363632 1.4072331801322522 1.4078477001879279 0.0009765625
68.333463636363632 68.353218181818178 1.4072186666589868 1.4078331801322523 0.0009765625
68.353218181818178 68.372972727272725 1.4072041597633496 1.4078186666589869 0.0009765625
68.372972727272725 68.392727272727271 1.4071896594405473 1.4078041597633497 0.0009765625
68.392727272727271 68.412481818181817 1.4071751656852591 1.4077896594399937 0.0009765625
68.412481818181817 68.432236363636363 1.4071606784943693 1.4077751656858111 0.0009765625
68.432236363636363 68.45199090909091 1.4071461978614446 1.4077606784943695 0.0009765625
68.45199090909091 68.471745454545456 1.40713172378228 1.4077461978614447 0.0009765625
68.471745454545456 68.491500000000002 1.4071172562521244 1.4077317237822802 0.0009765625
68.491500000000002 68.511254545454548 1.4071027952662052 1.4077172562521245 0.0009765625
68.511254545454548 68.531009090909095 1.4070883408197947 1.4077027952662053 0.0009765625
68.531009090909095 68.550763636363641 1.4070738929081343 1.4076883408197949 0.0009765625
68.550763636363641 68.570518181818187 1.4070594515264945 1.4076738929081345 0.0009765625
68.570518181818187 68.590272727272719 1.4070450166701287 1.4076594515264946 0.0009765625
68.590272727272719 68.610027272727265 1.4070305883343177 1.4076450166701289 0.0009765625
68.610027272727265 68.629781818181812 1.4070161665143321 1.4076305883343179 0.0009765625
68.629781818181812 68.649536363636358 1.407001751205458 1.4076161665143323 0.0009765625
68.649536363636358 68.669290909090904 1.4069873424029711 1.4076017512054582 0.0009765625
68.669290909090904 68.68904545454545 1.4069729401021669 1.4075873424029712 0.0009765625
68.68904545454545 68.708799999999997 1.4069585442983377 1.407572940102167 0.0009765625
68.708799999999997 68.728554545454543 1.4069441549867785 1.4075585442983378 0.0009765625
68.728554545454543 68.748309090909089 1.4069297721627958 1.4075441549867787 0.0009765625
68.748309090909089 68.768063636363635 1.4069153958216996 1.407529772162796 0.0009765625
68.768063636363635 68.787818181818182 1.4069010259587995 1.4075153958216997 0.0009765625
68.787818181818182 68.807572727272728 1.4068866625694183 1.4075010259587997 0.0009765625
68.807572727272728 68.827327272727274 1.4068723056488672 1.4074866625694185 0.0009765625
68.827327272727274 68.84708181818182 1.4068579551924836 1.4074723056488674 0.0009765625
68.84708181818182 68.866836363636367 1.4068436111955982 1.4074579551924837 0.0009765625
68.866836363636367 68.886590909090913 1.4068292736535393 1.4074436111955984 0.0009765625
68.886590909090913 68.906345454545459 1.4068149425616607 1.4074292736535394 0.0009765625
68.906345454545459 68.926100000000005 1.4068006179152961 1.4074149425616609 0.0009765625
68.926100000000005 68.945854545454551 1.4067862997098031 1.4074006179152962 0.0009765625
68.945854545454551 68.965609090909098 1.4067719879405285 1.4073862997098032 0.0009765625
68.965609090909098 68.985363636363644 1.4067576826028432 1.4073719879405286 0.0009765625
68.985363636363644 69.005118181818176 1.4067433836921024 1.4073576826028433 0.0009765625
69.005118181818176 69.024872727272722 1.4067290912036792 1.4073433836921025 0.0009765625
69.024872727272722 69.044627272727269 1.4067148051329461 1.4073290912036793 0.0009765625
69.044627272727269 69.064381818181815 1.4067005254752789 1.4073148051329463 0.0009765625
69.064381818181815 69.084136363636361 1.4066862522260617 1.4073005254752791 0.0009765625
69.084136363636361 69.103890909090907 1.4066719853806808 1.4072862522260619 0.0009765625
69.103890909090907 69.123645454545454 1.4066577249345331 1.407271985380681 0.0009765625
69.123645454545454 69.1434 1.4066434708830058 1.4072577249345333 0.0009765625
69.1434 69.163154545454546 1.4066292232215163 1.4072434708830059 0.0009765625
69.163154545454546 69.182909090909092 1.4066149819454492 1.4072292232215164 0.0009765625
69.182909090909092 69.202663636363638 1.406600747049674 1.4072149819448942 0.0009765625
69.202663636363638 69.222418181818185 1.4065865185312634 1.4072007470502261 0.0009765625
69.222418181818185 69.242172727272731 1.4065722963839844 1.4071865185312635 0.0009765625
69.242172727272731 69.261927272727277 1.4065580806037965 1.4071722963839846 0.0009765625
69.261927272727277 69.281681818181823 1.4065438711861407 1.4071580806037967 0.0009765625
69.281681818181823 69.30143636363637 1.4065296681264454 1.4071438711861408 0.0009765625
69.30143636363637 69.321190909090916 1.4065154714201518 1.4071296681264456 0.0009765625
69.321190909090916 69.340945454545462 1.4065012810627051 1.4071154714201519 0.0009765625
69.340945454545462 69.360700000000008 1.406487097049542 1.4071012810627053 0.0009765625
69.360700000000008 69.38045454545454 1.4064729193761214 1.4070870970495422 0.0009765625
69.38045454545454 69.400209090909087 1.4064587480378885 1.4070729193761216 0.0009765625
69.400209090909087 69.419963636363633 1.4064445830303267 1.4070587480378887 0.0009765625
69.419963636363633 69.439718181818179 1.4064304243488743 1.4070445830303269 0.0009765625
69.439718181818179 69.459472727272725 1.4064162719890152 1.4070304243488745 0.0009765625
69.459472727272725 69.479227272727272 1.4064021259462145 1.4070162719890154 0.0009765625
69.479227272727272 69.498981818181818 1.4063879862159607 1.4070021259462147 0.0009765625
69.498981818181818 69.518736363636364 1.4063738527937319 1.4069879862159609 0.0009765625
69.518736363636364 69.53849090909091 1.4063597256750162 1.4069738527937321 0.0009765625
69.53849090909091 69.558245454545457 1.4063456048552987 1.4069597256750164 0.0009765625
69.558245454545457 69.578000000000003 1.4063314903300834 1.4069456048552988 0.0009765625
69.578000000000003 69.597754545454549 1.4063173820948631 1.4069314903300836 0.0009765625
69.597754545454549 69.617509090909095 1.4063032801451525 1.4069173820948633 0.0009765625
69.617509090909095 69.637263636363642 1.4062891844764545 1.4069032801451526 0.0009765625
69.637263636363642 69.657018181818188 1.4062750950842848 1.4068891844764546 0.0009765625
69.657018181818188 69.676772727272734 1.4062610119641592 1.406875095084285 0.0009765625
69.676772727272734 69.69652727272728 1.4062469351116043 1.4068610119641594 0.0009765625
69.69652727272728 69.716281818181827 1.40623286452215 1.4068469351116044 0.0009765625
69.716281818181827 69.736036363636373 1.4062188001913223 1.4068328645221502 0.0009765625
69.736036363636373 69.755790909090919 1.4062047421146544 1.4068188001913224 0.0009765625
69.755790909090919 69.775545454545465 1.4061906902876966 1.4068047421146546 0.0009765625
69.775545454545465 69.795299999999997 1.4061766447059845 1.4067906902876968 0.0009765625
69.795299999999997 69.815054545454544 1.4061626053650729 1.4067766447059846 0.0009765625
69.815054545454544 69.83480909090909 1.4061485722605156 1.406762605365073 0.0009765625
69.83480909090909 69.854563636363636 1.4061345453878691 1.4067485722605158 0.0009765625
69.854563636363636 69.874318181818182 1.4061205247426951 1.4067345453878692 0.0009765625
69.874318181818182 69.894072727272729 1.4061065103205639 1.4067205247426953 0.0009765625
69.894072727272729 69.913827272727275 1.4060925021170336 1.406706510320564 0.0009765625
69.913827272727275 69.933581818181821 1.4060785001276963 1.4066925021170338 0.0009765625
69.933581818181821 69.953336363636367 1.406064504348131 1.4066785001276965 0.0009765625
69.953336363636367 69.973090909090914 1.4060505147739111 1.4066645043481312 0.0009765625
69.973090909090914 69.99284545454546 1.4060365314000742 1.4066505147733539 0.0009765625
69.99284545454546 70.012600000000006 1.4060225542238813 1.4066365314006326 0.0009765625
70.012600000000006 70.032354545454552 1.4060085832392617 1.4066225542238815 0.0009765625
70.032354545454552 70.052109090909099 1.4059946184423782 1.4066085832392619 0.0009765625
70.052109090909099 70.071863636363645 1.40598065982883 1.4065946184423783 0.0009765625
70.071863636363645 70.091618181818191 1.4059667073942308 1.4065806598288302 0.0009765625
70.091618181818191 70.111372727272723 1.4059527611341938 1.406566707394231 0.0009765625
70.111372727272723 70.131127272727269 1.4059388210443371 1.4065527611341939 0.0009765625
70.131127272727269 70.150881818181816 1.4059248871202832 1.4065388210443373 0.0009765625
70.150881818181816 70.170636363636362 1.4059109593576637 1.4065248871202833 0.0009765625
70.170636363636362 70.190390909090908 1.4058970377521096 1.4065109593576639 0.0009765625
70.190390909090908 70.210145454545454 1.4058831222992543 1.4064970377521098 0.0009765625
70.210145454545454 70.229900000000001 1.4058692129947434 1.4064831222992544 0.0009765625
70.229900000000001 70.249654545454547 1.4058553098342121 1.4064692129947436 0.0009765625
70.249654545454547 70.269409090909093 1.4058414128133141 1.4064553098342123 0.0009765625
70.269409090909093 70.289163636363639 1.4058275219277057 1.4064414128133143 0.0009765625
70.289163636363639 70.308918181818186 1.4058136371730445 1.4064275219277058 0.0009765625
70.308918181818186 70.328672727272732 1.4057997585449922 1.4064136371730447 0.0009765625
70.328672727272732 70.348427272727278 1.4057858860392061 1.4063997585449923 0.0009765625
70.348427272727278 70.368181818181824 1.4057720196513699 1.4063858860392062 0.0009765625
70.368181818181824 70.387936363636356 1.4057581593771511 1.40637201965137 0.0009765625
70.387936363636356 70.407690909090903 1.4057443052122236 1.4063581593771513 0.0009765625
70.407690909090903 70.427445454545449 1.4057304571522782 1.4063443052122238 0.0009765625
70.427445454545449 70.447199999999995 1.4057166151929985 1.4063304571522783 0.0009765625
70.447199999999995 70.466954545454541 1.4057027793300814 1.4063166151929987 0.0009765625
70.466954545454541 70.486709090909088 1.405688949559208 1.4063027793300815 0.0009765625
70.486709090909088 70.506463636363634 1.4056751258760964 1.4062889495592081 0.0009765625
70.506463636363634 70.52621818181818 1.4056613082764384 1.4062751258760966 0.0009765625
70.52621818181818 70.545972727272726 1.4056474967559511 1.4062613082764386 0.0009765625
70.545972727272726 70.565727272727273 1.4056336913103382 1.4062474967559513 0.0009765625
70.565727272727273 70.585481818181819 1.405619891935318 1.4062336913103384 0.0009765625
70.585481818181819 70.605236363636365 1.4056060986266181 1.4062198919353182 0.0009765625
70.605236363636365 70.624990909090911 1.4055923113799587 1.4062060986266183 0.0009765625
70.624990909090911 70.644745454545443 1.4055785301910741 1.4061923113799588 0.0009765625
70.644745454545443 70.66449999999999 1.4055647550556825 1.4061785301910743 0.0009765625
70.66449999999999 70.684254545454536 1.4055509859695376 1.4061647550556826 0.0009765625
70.684254545454536 70.704009090909082 1.4055372229283729 1.4061509859695378 0.0009765625
70.704009090909082 70.723763636363628 1.4055234659279359 1.4061372229283731 0.0009765625
70.723763636363628 70.743518181818175 1.4055097149639821 1.406123465927936 0.0009765625
70.743518181818175 70.763272727272721 1.4054959700322578 1.4061097149639823 0.0009765625
70.763272727272721 70.783027272727267 1.405482231127974 1.4060959700317082 0.0009765625
70.783027272727267 70.802781818181813 1.4054684982485419 1.406082231128525 0.0009765625
70.802781818181813 70.82253636363636 1.4054547713880887 1.4060684982485421 0.0009765625
70.82253636363636 70.842290909090906 1.4054410505429149 1.4060547713880889 0.0009765625
70.842290909090906 70.862045454545452 1.4054273357088118 1.4060410505429151 0.0009765625
70.862045454545452 70.881799999999998 1.4054136268815514 1.406027335708812 0.0009765625
70.881799999999998 70.901554545454545 1.4053999240569186 1.4060136268815515 0.0009765625
70.901554545454545 70.921309090909091 1.4053862272307001 1.4059999240569188 0.0009765625
70.921309090909091 70.941063636363637 1.405372536398686 1.4059862272307002 0.0009765625
70.941063636363637 70.960818181818183 1.4053588515566722 1.4059725363986861 0.0009765625
70.960818181818183 70.980572727272715 1.4053451727004544 1.4059588515566723 0.0009765625
70.980572727272715 71.000327272727262 1.4053314998258446 1.4059451727004546 0.0009765625
71.000327272727262 71.020081818181808 1.4053178329286442 1.4059314998258448 0.0009765625
71.020081818181808 71.039836363636354 1.4053041720046671 1.4059178329286444 0.0009765625
71.039836363636354 71.0595909090909 1.4052905170497272 1.4059041720046672 0.0009765625
71.0595909090909 71.079345454545447 1.4052768680596519 1.4058905170497273 0.0009765625
71.079345454545447 71.099099999999993 1.4052632250302481 1.4058768680596521 0.0009765625
71.099099999999993 71.118854545454539 1.4052495879573605 1.4058632250302483 0.0009765625
71.118854545454539 71.138609090909085 1.4052359568368069 1.4058495879573607 0.0009765625
71.138609090909085 71.158363636363632 1.4052223316644334 1.4058359568368071 0.0009765625
71.158363636363632 71.178118181818178 1.4052087124360793 1.4058223316644336 0.0009765625
71.178118181818178 71.197872727272724 1.4051950991475866 1.4058087124360794 0.0009765625
71.197872727272724 71.21762727272727 1.405181491794798 1.4057950991475867 0.0009765625
71.21762727272727 71.237381818181817 1.4051678903735723 1.4057814917947982 0.0009765625
71.237381818181817 71.257136363636363 1.4051542948797691 1.4057678903735724 0.0009765625
71.257136363636363 71.276890909090909 1.4051407053092346 1.4057542948797692 0.0009765625
71.276890909090909 71.296645454545455 1.4051271216578474 1.4057407053092348 0.0009765625
71.296645454545455 71.316400000000002 1.4051135439214639 1.4057271216578475 0.0009765625
71.316400000000002 71.336154545454548 1.4050999720959683 1.4057135439214641 0.0009765625
71.336154545454548 71.35590909090908 1.4050864061772277 1.4056999720959684 0.0009765625
71.35590909090908 71.375663636363626 1.4050728461611233 1.4056864061772278 0.0009765625
71.375663636363626 71.395418181818172 1.4050592920435334 1.4056728461611234 0.0009765625
71.395418181818172 71.415172727272719 1.405045743820359 1.4056592920435336 0.0009765625
71.415172727272719 71.434927272727265 1.4050322014874896 1.4056457438203591 0.0009765625
71.434927272727265 71.454681818181811 1.4050186650408172 1.4056322014874898 0.0009765625
71.454681818181811 71.474436363636357 1.4050051344762338 1.4056186650408173 0.0009765625
71.474436363636357 71.494190909090904 1.40499160978966 1.4056051344762339 0.0009765625
71.494190909090904 71.51394545454545 1.4049780909769878 1.4055916097896601 0.0009765625
71.51394545454545 71.533699999999996 1.4049645780341429 1.4055780909769879 0.0009765625
71.533699999999996 71.553454545454542 1.4049510709570308 1.405564578034143 0.0009765625
71.553454545454542 71.573209090909089 1.4049375697410154 1.4055510709564747 0.0009765625
71.573209090909089 71.592963636363635 1.4049240743836946 1.4055375697415675 0.0009765625
71.592963636363635 71.612718181818181 1.40491058487932 1.4055240743836948 0.0009765625
71.612718181818181 71.632472727272727 1.4048971012243856 1.4055105848793201 0.0009765625
71.632472727272727 71.652227272727274 1.4048836234148265 1.4054971012243858 0.0009765625
71.652227272727274 71.67198181818182 1.4048701514465773 1.4054836234148267 0.0009765625
71.67198181818182 71.691736363636366 1.4048566853155859 1.4054701514465775 0.0009765625
71.691736363636366 71.711490909090912 1.4048432250178005 1.4054566853155861 0.0009765625
71.711490909090912 71.731245454545459 1.4048297705491584 1.4054432250178006 0.0009765625
71.731245454545459 71.751000000000005 1.4048163219056335 1.4054297705491585 0.0009765625
71.751000000000005 71.770754545454537 1.4048028790831695 1.4054163219056337 0.0009765625
71.770754545454537 71.790509090909083 1.4047894420777398 1.4054028790831696 0.0009765625
71.790509090909083 71.810263636363629 1.4047760108853089 1.40538944207774 0.0009765625
71.810263636363629 71.830018181818176 1.4047625855018384 1.4053760108853091 0.0009765625
71.830018181818176 71.849772727272722 1.4047491659233178 1.4053625855018386 0.0009765625
71.849772727272722 71.869527272727268 1.4047357521457073 1.4053491659233179 0.0009765625
71.869527272727268 71.889281818181814 1.4047223441649974 1.4053357521457075 0.0009765625
71.889281818181814 71.909036363636361 1.4047089419771788 1.4053223441649976 0.0009765625
71.909036363636361 71.928790909090907 1.4046955455782308 1.4053089419771789 0.0009765625
71.928790909090907 71.948545454545453 1.4046821549641626 1.405295545578231 0.0009765625
71.948545454545453 71.968299999999999 1.4046687701309517 1.4052821549641628 0.0009765625
71.968299999999999 71.988054545454546 1.4046553910746116 1.4052687701309519 0.0009765625
71.988054545454546 72.007809090909092 1.4046420177911447 1.4052553910746117 0.0009765625
72.007809090909092 72.027563636363638 1.4046286502765644 1.4052420177911449 0.0009765625
72.027563636363638 72.047318181818184 1.4046152885268726 1.4052286502765645 0.0009765625
72.047318181818184 72.067072727272731 1.404601932538095 1.4052152885268727 0.0009765625
72.067072727272731 72.086827272727277 1.4045885823062503 1.4052019325380951 0.0009765625
72.086827272727277 72.106581818181823 1.4045752378273568 1.4051885823062504 0.0009765625
72.106581818181823 72.126336363636369 1.4045618990974515 1.405175237827357 0.0009765625
72.126336363636369 72.146090909090901 1.4045485661125585 1.4051618990974517 0.0009765625
72.146090909090901 72.165845454545448 1.4045352388687171 1.4051485661125587 0.0009765625
72.165845454545448 72.185599999999994 1.404521917361963 1.4051352388687173 0.0009765625
72.185599999999994 72.20535454545454 1.4045086015883477 1.4051219173619631 0.0009765625
72.20535454545454 72.225109090909086 1.4044952915439071 1.4051086015883478 0.0009765625
72.225109090909086 72.244863636363633 1.404481987224703 1.4050952915439072 0.0009765625
72.244863636363633 72.264618181818179 1.4044686886267788 1.4050819872247031 0.0009765625
72.264618181818179 72.284372727272725 1.4044553957462005 1.4050686886267789 0.0009765625
72.284372727272725 72.304127272727271 1.4044421085790184 1.4050553957462006 0.0009765625
72.304127272727271 72.323881818181817 1.4044288271213137 1.4050421085790186 0.0009765625
72.323881818181817 72.343636363636364 1.4044155513691536 1.4050288271213138 0.0009765625
72.343636363636364 72.36339090909091 1.4044022813180501 1.4050155513686027 0.0009765625
72.36339090909091 72.383145454545456 1.4043890169657425 1.4050022813186021 0.0009765625
72.383145454545456 72.402900000000002 1.4043757583066496 1.4049890169657426 0.0009765625
72.402900000000002 72.422654545454549 1.4043625053374129 1.4049757583066498 0.0009765625
72.422654545454549 72.442409090909095 1.4043492580541199 1.4049625053374131 0.0009765625
72.442409090909095 72.462163636363641 1.404336016452862 1.4049492580541201 0.0009765625
72.462163636363641 72.481918181818187 1.4043227805297365 1.4049360164528621 0.0009765625
72.481918181818187 72.501672727272734 1.4043095502808398 1.4049227805297366 0.0009765625
72.501672727272734 72.52142727272728 1.4042963257022745 1.40490955028084 0.0009765625
72.52142727272728 72.541181818181826 1.4042831067901542 1.4048963257022746 0.0009765625
72.541181818181826 72.560936363636358 1.404269893540578 1.4048831067901544 0.0009765625
72.560936363636358 72.580690909090904 1.4042566859496679 1.4048698935405781 0.0009765625
72.580690909090904 72.600445454545451 1.40424348401354 1.4048566859496681 0.0009765625
72.600445454545451 72.620199999999997 1.4042302877283175 1.4048434840135402 0.0009765625
72.620199999999997 72.639954545454543 1.4042170970901211 1.4048302877283176 0.0009765625
72.639954545454543 72.659709090909089 1.40420391209508 1.4048170970901213 0.0009765625
72.659709090909089 72.679463636363636 1.4041907327393364 1.4048039120950802 0.0009765625
72.679463636363636 72.699218181818182 1.4041775590190093 1.4047907327393365 0.0009765625
72.699218181818182 72.718972727272728 1.4041643909302555 1.4047775590190095 0.0009765625
72.718972727272728 72.738727272727274 1.4041512284692059 1.4047643909302556 0.0009765625
72.738727272727274 72.758481818181821 1.4041380716320206 1.4047512284692061 0.0009765625
72.758481818181821 72.778236363636367 1.4041249204148381 1.4047380716320208 0.0009765625
72.778236363636367 72.797990909090913 1.4041117748138159 1.4047249204148382 0.0009765625
72.797990909090913 72.817745454545459 1.4040986348251157 1.404711774813816 0.0009765625
72.817745454545459 72.837500000000006 1.4040855004448987 1.4046986348251158 0.0009765625
72.837500000000006 72.857254545454552 1.4040723716693251 1.4046855004448988 0.0009765625
72.857254545454552 72.877009090909098 1.4040592484945713 1.4046723716693252 0.0009765625
72.877009090909098 72.896763636363644 1.404046130916804 1.4046592484945715 0.0009765625
72.896763636363644 72.916518181818191 1.4040330189322054 1.4046461309168041 0.0009765625
72.916518181818191 72.936272727272723 1.4040199125369515 1.4046330189322056 0.0009765625
72.936272727272723 72.956027272727269 1.4040068117272235 1.4046199125369516 0.0009765625
72.956027272727269 72.975781818181815 1.4039937164992087 1.4046068117272237 0.0009765625
72.975781818181815 72.995536363636361 1.4039806268491068 1.4045937164992088 0.0009765625
72.995536363636361 73.015290909090908 1.4039675427730991 1.404580626849107 0.0009765625
73.015290909090908 73.035045454545454 1.4039544642673973 1.4045675427730993 0.0009765625
73.035045454545454 73.0548 1.4039413913281908 1.4045544642673975 0.0009765625
73.0548 73.074554545454546 1.4039283239516969 1.404541391328191 0.0009765625
73.074554545454546 73.094309090909093 1.40391526213411 1.404528323951697 0.0009765625
73.094309090909093 73.114063636363639 1.4039022058716526 1.4045152621341102 0.0009765625
73.114063636363639 73.133818181818185 1.4038891551605381 1.4045022058716528 0.0009765625
73.133818181818185 73.153572727272731 1.4038761099964299 1.404489155159985 0.0009765625
73.153572727272731 73.173327272727278 1.4038630703772099 1.4044761099969845 0.0009765625
73.173327272727278 73.193081818181824 1.4038500362974513 1.4044630703772101 0.0009765625
73.193081818181824 73.21283636363637 1.4038370077539364 1.4044500362974515 0.0009765625
73.21283636363637 73.232590909090916 1.4038239847428915 1.4044370077539365 0.0009765625
73.232590909090916 73.252345454545463 1.403810967260561 1.4044239847428917 0.0009765625
73.252345454545463 73.272100000000009 1.4037979553031843 1.4044109672605611 0.0009765625
73.272100000000009 73.291854545454555 1.4037849488669991 1.4043979553031845 0.0009765625
73.291854545454555 73.311609090909101 1.403771947948264 1.4043849488669993 0.0009765625
73.311609090909101 73.331363636363648 1.4037589525432213 1.4043719479482641 0.0009765625
73.331363636363648 73.35111818181818 1.4037459626481317 1.4043589525432214 0.0009765625
73.35111818181818 73.370872727272726 1.4037329782592456 1.4043459626481318 0.0009765625
73.370872727272726 73.390627272727272 1.4037199993728429 1.4043329782592457 0.0009765625
73.390627272727272 73.410381818181818 1.4037070259851732 1.404319999372843 0.0009765625
73.410381818181818 73.430136363636365 1.4036940580925041 1.4043070259851733 0.0009765625
73.430136363636365 73.449890909090911 1.4036810956911185 1.4042940580925043 0.0009765625
73.449890909090911 73.469645454545457 1.4036681387772805 1.4042810956911187 0.0009765625
73.469645454545457 73.489400000000003 1.4036551873472838 1.4042681387772806 0.0009765625
73.489400000000003 73.50915454545455 1.4036422413973999 1.4042551873472839 0.0009765625
73.50915454545455 73.528909090909096 1.4036293009239171 1.4042422413974001 0.0009765625
73.528909090909096 73.548663636363642 1.4036163659231298 1.4042293009239173 0.0009765625
73.548663636363642 73.568418181818188 1.4036034363913261 1.4042163659231299 0.0009765625
73.568418181818188 73.588172727272735 1.4035905123248091 1.4042034363913263 0.0009765625
73.588172727272735 73.607927272727281 1.4035775937198758 1.4041905123248093 0.0009765625
73.607927272727281 73.627681818181827 1.4035646805728192 1.4041775937198759 0.0009765625
73.627681818181827 73.647436363636373 1.4035517728799736 1.4041646805728194 0.0009765625
73.647436363636373 73.66719090909092 1.4035388706376231 1.4041517728799737 0.0009765625
73.66719090909092 73.686945454545466 1.403525973842094 1.4041388706376232 0.0009765625
73.686945454545466 73.706700000000012 1.4035130824897 1.4041259738420941 0.0009765625
73.706700000000012 73.726454545454544 1.4035001965767633 1.4041130824897001 0.0009765625
73.726454545454544 73.74620909090909 1.4034873160996151 1.4041001965767634 0.0009765625
73.74620909090909 73.765963636363637 1.4034744410545723 1.4040873160996152 0.0009765625
73.765963636363637 73.785718181818183 1.4034615714379715 1.4040744410545725 0.0009765625
73.785718181818183 73.805472727272729 1.4034487072461486 1.4040615714379716 0.0009765625
73.805472727272729 73.825227272727275 1.4034358484754395 1.4040487072461487 0.0009765625
73.825227272727275 73.844981818181822 1.4034229951221979 1.4040358484754396 0.0009765625
73.844981818181822 73.864736363636368 1.403410147182744 1.4040229951221981 0.0009765625
73.864736363636368 73.884490909090914 1.4033973046534463 1.4040101471827442 0.0009765625
73.884490909090914 73.90424545454546 1.4033844675306482 1.4039973046534464 0.0009765625
73.90424545454546 73.924000000000007 1.4033716358107107 1.4039844675306483 0.0009765625
73.924000000000007 73.943754545454553 1.4033588094894378 1.4039716358101588 0.0009765625
73.943754545454553 73.963509090909099 1.4033459885648476 1.4039588094899844 0.0009765625
73.963509090909099 73.983263636363645 1.403333173031641 1.4039459885648478 0.0009765625
73.983263636363645 74.003018181818192 1.4033203628867545 1.4039331730316411 0.0009765625
74.003018181818192 74.022772727272738 1.4033075581265519 1.4039203628867547 0.0009765625
74.022772727272738 74.042527272727284 1.4032947587474149 1.4039075581265521 0.0009765625
74.042527272727284 74.062281818181816 1.4032819647457133 1.4038947587474151 0.0009765625
74.062281818181816 74.082036363636362 1.4032691761178342 1.4038819647457135 0.0009765625
74.082036363636362 74.101790909090909 1.4032563928601627 1.4038691761178343 0.0009765625
74.101790909090909 74.121545454545455 1.4032436149690868 1.4038563928601628 0.0009765625
74.121545454545455 74.141300000000001 1.4032308424410009 1.4038436149690869 0.0009765625
74.141300000000001 74.161054545454547 1.4032180752723096 1.4038308424410011 0.0009765625
74.161054545454547 74.180809090909094 1.4032053134593971 1.4038180752723097 0.0009765625
74.180809090909094 74.20056363636364 1.403192556998673 1.4038053134593973 0.0009765625
74.20056363636364 74.220318181818186 1.4031798058865357 1.4037925569986731 0.0009765625
74.220318181818186 74.240072727272732 1.4031670601194073 1.4037798058865358 0.0009765625
74.240072727272732 74.259827272727279 1.4031543196936951 1.4037670601194074 0.0009765625
74.259827272727279 74.279581818181825 1.4031415846058162 1.4037543196936952 0.0009765625
74.279581818181825 74.299336363636371 1.4031288548521859 1.4037415846058163 0.0009765625
74.299336363636371 74.319090909090903 1.403116130429225 1.403728854852186 0.0009765625
74.319090909090903 74.338845454545449 1.4031034113333647 1.4037161304292252 0.0009765625
74.338845454545449 74.358599999999996 1.4030906975610404 1.4037034113333648 0.0009765625
74.358599999999996 74.378354545454542 1.4030779891086698 1.4036906975610406 0.0009765625
74.378354545454542 74.398109090909088 1.4030652859726975 1.4036779891086699 0.0009765625
74.398109090909088 74.417863636363634 1.4030525881495588 1.4036652859726977 0.0009765625
74.417863636363634 74.437618181818181 1.4030398956356969 1.403652588149559 0.0009765625
74.437618181818181 74.457372727272727 1.4030272084275666 1.403639895635697 0.0009765625
74.457372727272727 74.477127272727273 1.4030145265216052 1.4036272084275667 0.0009765625
74.477127272727273 74.496881818181819 1.4030018499142727 1.4036145265216053 0.0009765625
74.496881818181819 74.516636363636366 1.4029891786020163 1.4036018499142728 0.0009765625
74.516636363636366 74.536390909090912 1.4029765125813078 1.4035891786020165 0.0009765625
74.536390909090912 74.556145454545458 1.4029638518485923 1.403576512581308 0.0009765625
74.556145454545458 74.575900000000004 1.4029511964003512 1.4035638518485924 0.0009765625
74.575900000000004 74.595654545454536 1.4029385462330428 1.4035511964003513 0.0009765625
74.595654545454536 74.615409090909083 1.4029259013431485 1.403538546233043 0.0009765625
74.615409090909083 74.635163636363629 1.4029132617271369 1.4035259013431487 0.0009765625
74.635163636363629 74.654918181818175 1.4029006273814875 1.4035132617271371 0.0009765625
74.654918181818175 74.674672727272721 1.4028879983026794 1.4035006273814876 0.0009765625
74.674672727272721 74.694427272727268 1.4028753744872042 1.4034879983026796 0.0009765625
74.694427272727268 74.714181818181814 1.4028627559315456 1.4034753744872044 0.0009765625
74.714181818181814 74.73393636363636 1.4028501426316475 1.4034627559309956 0.0009765625
74.73393636363636 74.753690909090906 1.4028375345856521 1.4034501426321955 0.0009765625
74.753690909090906 74.773445454545453 1.4028249317884094 1.4034375345856522 0.0009765625
74.773445454545453 74.793199999999999 1.4028123342369658 1.4034249317884095 0.0009765625
74.793199999999999 74.812954545454545 1.4027997419278371 1.403412334236966 0.0009765625
74.812954545454545 74.832709090909091 1.4027871548575153 1.4033997419278372 0.0009765625
74.832709090909091 74.852463636363638 1.4027745730225263 1.4033871548575154 0.0009765625
74.852463636363638 74.872218181818184 1.4027619964193778 1.4033745730225264 0.0009765625
74.872218181818184 74.89197272727273 1.4027494250445884 1.403361996419378 0.0009765625
74.89197272727273 74.911727272727262 1.4027368588946731 1.4033494250445886 0.0009765625
74.911727272727262 74.931481818181808 1.4027242979661603 1.4033368588946733 0.0009765625
74.931481818181808 74.951236363636355 1.4027117422555768 1.4033242979661604 0.0009765625
74.951236363636355 74.970990909090901 1.4026991917594598 1.403311742255577 0.0009765625
74.970990909090901 74.990745454545447 1.4026866464743286 1.4032991917594599 0.0009765625
74.990745454545447 75.010499999999993 1.4026741063967272 1.4032866464743288 0.0009765625
75.010499999999993 75.03025454545454 1.4026615715231969 1.4032741063967273 0.0009765625
75.03025454545454 75.050009090909086 1.4026490418502813 1.4032615715231971 0.0009765625
75.050009090909086 75.069763636363632 1.4026365173745192 1.4032490418502814 0.0009765625
75.069763636363632 75.089518181818178 1.4026239980924629 1.4032365173745194 0.0009765625
75.089518181818178 75.109272727272725 1.40261148400067 1.403223998092463 0.0009765625
75.109272727272725 75.129027272727271 1.4025989750956966 1.4032114840006702 0.0009765625
75.129027272727271 75.148781818181817 1.4025864713740912 1.4031989750956968 0.0009765625
75.148781818181817 75.168536363636363 1.4025739728324218 1.4031864713740914 0.0009765625
75.168536363636363 75.18829090909091 1.4025614794672607 1.403173972832422 0.0009765625
75.18829090909091 75.208045454545456 1.402548991275159 1.4031614794672609 0.0009765625
75.208045454545456 75.227800000000002 1.4025365082527073 1.4031489912751591 0.0009765625
75.227800000000002 75.247554545454548 1.4025240303964694 1.4031365082527074 0.0009765625
75.247554545454548 75.267309090909094 1.4025115577030196 1.4031240303964696 0.0009765625
75.267309090909094 75.287063636363641 1.4024990901689514 1.4031115577030198 0.0009765625
75.287063636363641 75.306818181818187 1.4024866277908348 1.4030990901689515 0.0009765625
75.306818181818187 75.326572727272719 1.4024741705652652 1.4030866277908349 0.0009765625
75.326572727272719 75.346327272727265 1.4024617184888377 1.4030741705652654 0.0009765625
75.346327272727265 75.366081818181812 1.4024492715581263 1.4030617184888379 0.0009765625
75.366081818181812 75.385836363636358 1.4024368297697491 1.4030492715581264 0.0009765625
75.385836363636358 75.405590909090904 1.4024243931202918 1.4030368297697493 0.0009765625
75.405590909090904 75.42534545454545 1.4024119616063673 1.4030243931202919 0.0009765625
75.42534545454545 75.445099999999996 1.4023995352245724 1.4030119616063674 0.0009765625
75.445099999999996 75.464854545454543 1.4023871139715207 1.4029995352245725 0.0009765625
75.464854545454543 75.484609090909089 1.4023746978438225 1.4029871139715209 0.0009765625
75.484609090909089 75.504363636363635 1.4023622868380969 1.4029746978438227 0.0009765625
75.504363636363635 75.524118181818181 1.4023498809504085 1.4029622868375451 0.0009765625
75.524118181818181 75.543872727272728 1.4023374801790229 1.4029498809509537 0.0009765625
75.543872727272728 75.563627272727274 1.4023250845189255 1.4029374801790231 0.0009765625
75.563627272727274 75.58338181818182 1.4023126939672863 1.4029250845189256 0.0009765625
75.58338181818182 75.603136363636366 1.4023003085207446 1.4029126939672865 0.0009765625
75.603136363636366 75.622890909090913 1.4022879281759175 1.4029003085207448 0.0009765625
75.622890909090913 75.642645454545459 1.4022755529294575 1.4028879281759177 0.0009765625
75.642645454545459 75.662400000000005 1.4022631827780014 1.4028755529294576 0.0009765625
75.662400000000005 75.682154545454551 1.4022508177181858 1.4028631827780016 0.0009765625
75.682154545454551 75.701909090909083 1.4022384577466596 1.402850817718186 0.0009765625
75.701909090909083 75.72166363636363 1.4022261028600789 1.4028384577466597 0.0009765625
75.72166363636363 75.741418181818176 1.4022137530550851 1.402826102860079 0.0009765625
75.741418181818176 75.761172727272722 1.4022014083283354 1.4028137530550853 0.0009765625
75.761172727272722 75.780927272727268 1.4021890686764884 1.4028014083283356 0.0009765625
75.780927272727268 75.800681818181815 1.4021767340962177 1.4027890686764886 0.0009765625
75.800681818181815 75.820436363636361 1.402164404584167 1.4027767340962178 0.0009765625
75.820436363636361 75.840190909090907 1.4021520801370146 1.4027644045841672 0.0009765625
75.840190909090907 75.859945454545453 1.4021397607514281 1.4027520801370148 0.0009765625
75.859945454545453 75.8797 1.4021274464240865 1.4027397607514283 0.0009765625
75.8797 75.899454545454546 1.4021151371516614 1.4027274464240866 0.0009765625
75.899454545454546 75.919209090909092 1.4021028329308307 1.4027151371516615 0.0009765625
75.919209090909092 75.938963636363638 1.4020905337582772 1.4027028329308309 0.0009765625
75.938963636363638 75.958718181818185 1.4020782396306903 1.4026905337582773 0.0009765625
75.958718181818185 75.978472727272731 1.4020659505447488 1.4026782396306905 0.0009765625
75.978472727272731 75.998227272727277 1.4020536664971608 1.402665950544749 0.0009765625
75.998227272727277 76.017981818181823 1.4020413874846007 1.4026536664971609 0.0009765625
76.017981818181823 76.03773636363637 1.4020291135037857 1.4026413874846009 0.0009765625
76.03773636363637 76.057490909090916 1.4020168445514014 1.4026291135037858 0.0009765625
76.057490909090916 76.077245454545462 1.4020045806241566 1.4026168445514016 0.0009765625
76.077245454545462 76.097000000000008 1.401992321718762 1.4026045806241567 0.0009765625
76.097000000000008 76.11675454545454 1.4019800678319172 1.4025923217187621 0.0009765625
76.11675454545454 76.136509090909087 1.4019678189603422 1.4025800678319174 0.0009765625
76.136509090909087 76.156263636363633 1.40195557510075 1.4025678189603423 0.0009765625
76.156263636363633 76.176018181818179 1.4019433362498528 1.4025555751007501 0.0009765625
76.176018181818179 76.195772727272725 1.4019311024043886 1.4025433362498529 0.0009765625
76.195772727272725 76.215527272727272 1.4019188735610639 1.4025311024043887 0.0009765625
76.215527272727272 76.235281818181818 1.4019066497166197 1.4025188735610641 0.0009765625
76.235281818181818 76.255036363636364 1.4018944308677685 1.4025066497166199 0.0009765625
76.255036363636364 76.27479090909091 1.4018822170112606 1.4024944308677687 0.0009765625
76.27479090909091 76.294545454545457 1.4018700081438291 1.4024822170112607 0.0009765625
76.294545454545457 76.314300000000003 1.4018578042616612 1.4024700081432837 0.0009765625
76.314300000000003 76.334054545454549 1.4018456053631416 1.4024578042622102 0.0009765625
76.334054545454549 76.353809090909095 1.4018334114433744 1.4024456053631418 0.0009765625
76.353809090909095 76.373563636363642 1.4018212224996558 1.4024334114433745 0.0009765625
76.373563636363642 76.393318181818188 1.401809038528737 1.402421222499656 0.0009765625
76.393318181818188 76.413072727272734 1.4017968595273664 1.4024090385287371 0.0009765625
76.413072727272734 76.432827272727266 1.4017846854923042 1.4023968595273666 0.0009765625
76.432827272727266 76.452581818181812 1.4017725164203121 1.4023846854923043 0.0009765625
76.452581818181812 76.472336363636359 1.401760352308149 1.4023725164203122 0.0009765625
76.472336363636359 76.492090909090905 1.4017481931525839 1.4023603523081491 0.0009765625
76.492090909090905 76.511845454545451 1.4017360389503872 1.4023481931525841 0.0009765625
76.511845454545451 76.531599999999997 1.4017238896983202 1.4023360389503874 0.0009765625
76.531599999999997 76.551354545454544 1.40171174539317 1.4023238896983203 0.0009765625
76.551354545454544 76.57110909090909 1.4016996060317033 1.4023117453931702 0.0009765625
76.57110909090909 76.590863636363636 1.4016874716107053 1.4022996060317034 0.0009765625
76.590863636363636 76.610618181818182 1.4016753421269588 1.4022874716107054 0.0009765625
76.610618181818182 76.630372727272729 1.401663217577249 1.4022753421269589 0.0009765625
76.630372727272729 76.650127272727275 1.4016510979583667 1.4022632175772491 0.0009765625
76.650127272727275 76.669881818181821 1.4016389832670997 1.4022510979583669 0.0009765625
76.669881818181821 76.689636363636367 1.4016268735002455 1.4022389832670998 0.0009765625
76.689636363636367 76.709390909090899 1.4016147686545968 1.4022268735002457 0.0009765625
76.709390909090899 76.729145454545446 1.4016026687269563 1.4022147686545969 0.0009765625
76.729145454545446 76.748899999999992 1.4015905737141356 1.4022026687269564 0.0009765625
76.748899999999992 76.768654545454538 1.4015784836129337 1.4021905737141358 0.0009765625
76.768654545454538 76.788409090909084 1.401566398420153 1.4021784836129338 0.0009765625
76.788409090909084 76.808163636363631 1.4015543181326138 1.4021663984201531 0.0009765625
76.808163636363631 76.827918181818177 1.4015422427471307 1.4021543181326139 0.0009765625
76.827918181818177 76.847672727272723 1.4015301722605145 1.4021422427471308 0.0009765625
76.847672727272723 76.867427272727269 1.4015181066695914 1.4021301722605146 0.0009765625
76.867427272727269 76.887181818181816 1.4015060459711886 1.4021181066695916 0.0009765625
76.887181818181816 76.906936363636362 1.4014939901621188 1.4021060459711887 0.0009765625
76.906936363636362 76.926690909090908 1.401481939239231 1.402093990162119 0.0009765625
76.926690909090908 76.946445454545454 1.4014698931993368 1.4020819392392312 0.0009765625
76.946445454545454 76.966199999999986 1.4014578520392835 1.4020698931993369 0.0009765625
76.966199999999986 76.985954545454533 1.4014458157558978 1.4020578520392837 0.0009765625
76.985954545454533 77.005709090909079 1.4014337843460354 1.4020458157558979 0.0009765625
77.005709090909079 77.025463636363625 1.401421757806526 1.4020337843460355 0.0009765625
77.025463636363625 77.045218181818171 1.4014097361342162 1.4020217578065262 0.0009765625
77.045218181818171 77.064972727272718 1.4013977193259692 1.4020097361342163 0.0009765625
77.064972727272718 77.084727272727264 1.4013857073786189 1.4019977193259694 0.0009765625
77.084727272727264 77.10448181818181 1.4013737002884816 1.4019857073780686 0.0009765625
77.10448181818181 77.124236363636356 1.4013616980540597 1.4019737002890345 0.0009765625
77.124236363636356 77.143990909090903 1.4013497006705589 1.4019616980540599 0.0009765625
77.143990909090903 77.163745454545449 1.4013377081354033 1.401949700670559 0.0009765625
77.163745454545449 77.183499999999995 1.4013257204454466 1.4019377081354034 0.0009765625
77.183499999999995 77.203254545454541 1.4013137375975675 1.4019257204454467 0.0009765625
77.203254545454541 77.223009090909088 1.4013017595886332 1.4019137375975677 0.0009765625
77.223009090909088 77.242763636363634 1.4012897864155183 1.4019017595886334 0.0009765625
77.242763636363634 77.26251818181818 1.4012778180750913 1.4018897864155184 0.0009765625
77.26251818181818 77.282272727272726 1.4012658545642445 1.4018778180750915 0.0009765625
77.282272727272726 77.302027272727258 1.4012538958798557 1.4018658545642446 0.0009765625
77.302027272727258 77.321781818181805 1.4012419420188105 1.4018538958798559 0.0009765625
77.321781818181805 77.341536363636351 1.4012299929779932 1.4018419420188106 0.0009765625
77.341536363636351 77.361290909090897 1.401218048754306 1.4018299929779934 0.0009765625
77.361290909090897 77.381045454545443 1.4012061093446335 1.4018180487543062 0.0009765625
77.381045454545443 77.40079999999999 1.4011941747458634 1.4018061093446337 0.0009765625
77.40079999999999 77.420554545454536 1.4011822449549078 1.4017941747458635 0.0009765625
77.420554545454536 77.440309090909082 1.4011703199686676 1.401782244954908 0.0009765625
77.440309090909082 77.460063636363628 1.401158399784042 1.4017703199686677 0.0009765625
77.460063636363628 77.479818181818175 1.4011464843979426 1.4017583997840422 0.0009765625
77.479818181818175 77.499572727272721 1.4011345738072816 1.4017464843979428 0.0009765625
77.499572727272721 77.519327272727267 1.4011226680089643 1.4017345738072817 0.0009765625
77.519327272727267 77.539081818181813 1.4011107669999152 1.4017226680089645 0.0009765625
77.539081818181813 77.55883636363636 1.4010988707770453 1.4017107669999154 0.0009765625
77.55883636363636 77.578590909090906 1.4010869793372804 1.4016988707770455 0.0009765625
77.578590909090906 77.598345454545452 1.4010750926775397 1.4016869793372806 0.0009765625
77.598345454545452 77.618099999999998 1.4010632107947587 1.4016750926775399 0.0009765625
77.618099999999998 77.637854545454545 1.4010513336858601 1.4016632107947589 0.0009765625
77.637854545454545 77.657609090909091 1.4010394613477766 1.4016513336858603 0.0009765625
77.657609090909091 77.677363636363623 1.4010275937774355 1.4016394613477767 0.0009765625
77.677363636363623 77.697118181818169 1.4010157309717921 1.4016275937774356 0.0009765625
77.697118181818169 77.716872727272715 1.4010038729277774 1.4016157309717923 0.0009765625
77.716872727272715 77.736627272727262 1.4009920196423247 1.4016038729277775 0.0009765625
77.736627272727262 77.756381818181808 1.4009801711124019 1.4015920196423248 0.0009765625
77.756381818181808 77.776136363636354 1.4009683273349376 1.4015801711124021 0.0009765625
77.776136363636354 77.7958909090909 1.4009564883068906 1.4015683273349377 0.0009765625
77.7958909090909 77.815645454545447 1.400944654025212 1.4015564883068907 0.0009765625
77.815645454545447 77.835399999999993 1.40093282448687 1.4015446540252121 0.0009765625
77.835399999999993 77.855154545454539 1.4009209996888028 1.4015328244868701 0.0009765625
77.855154545454539 77.874909090909085 1.4009091796279916 1.4015209996888029 0.0009765625
77.874909090909085 77.894663636363632 1.4008973643008387 1.4015091796274455 0.0009765625
77.894663636363632 77.914418181818178 1.400885553705969 1.4014973643013893 0.0009765625
77.914418181818178 77.934172727272724 1.4008737478387006 1.4014855537059692 0.0009765625
77.934172727272724 77.95392727272727 1.4008619466965562 1.4014737478387007 0.0009765625
77.95392727272727 77.973681818181817 1.4008501502765083 1.4014619466965563 0.0009765625
77.973681818181817 77.993436363636363 1.4008383585755346 1.4014501502765084 0.0009765625
77.993436363636363 78.013190909090909 1.4008265715906201 1.4014383585755348 0.0009765625
78.013190909090909 78.032945454545455 1.4008147893187493 1.4014265715906202 0.0009765625
78.032945454545455 78.052700000000002 1.4008030117569072 1.4014147893187494 0.0009765625
78.052700000000002 78.072454545454548 1.4007912389020776 1.4014030117569074 0.0009765625
78.072454545454548 78.09220909090908 1.4007794707512569 1.4013912389020777 0.0009765625
78.09220909090908 78.111963636363626 1.4007677073014384 1.401379470751257 0.0009765625
78.111963636363626 78.131718181818172 1.400755948549617 1.4013677073014386 0.0009765625
78.131718181818172 78.151472727272719 1.4007441944927919 1.4013559485496172 0.0009765625
78.151472727272719 78.171227272727265 1.4007324451279684 1.401344194492792 0.0009765625
78.171227272727265 78.190981818181811 1.4007207004521469 1.4013324451279685 0.0009765625
78.190981818181811 78.210736363636357 1.4007089604623393 1.4013207004521471 0.0009765625
78.210736363636357 78.230490909090904 1.4006972251555521 1.4013089604623394 0.0009765625
78.230490909090904 78.25024545454545 1.4006854945288028 1.4012972251555522 0.0009765625
78.25024545454545 78.269999999999996 1.4006737685790953 1.4012854945288029 0.0009765625
78.269999999999996 78.289754545454542 1.4006620473034634 1.4012737685790955 0.0009765625
78.289754545454542 78.309509090909089 1.4006503306989173 1.4012620473034636 0.0009765625
78.309509090909089 78.329263636363635 1.4006386187624844 1.4012503306989175 0.0009765625
78.329263636363635 78.349018181818181 1.4006269114911833 1.4012386187624846 0.0009765625
78.349018181818181 78.368772727272727 1.4006152088820518 1.4012269114911835 0.0009765625
78.368772727272727 78.388527272727273 1.4006035109321147 1.401215208882052 0.0009765625
78.388527272727273 78.40828181818182 1.400591817638408 1.4012035109321148 0.0009765625
78.40828181818182 78.428036363636366 1.4005801289979756 1.4011918176384082 0.0009765625
78.428036363636366 78.447790909090912 1.4005684450078362 1.4011801289979757 0.0009765625
78.447790909090912 78.467545454545444 1.4005567656650526 1.4011684450078363 0.0009765625
78.467545454545444 78.487299999999991 1.4005450909666597 1.4011567656650528 0.0009765625
78.487299999999991 78.507054545454537 1.4005334209096958 1.4011450909666598 0.0009765625
78.507054545454537 78.526809090909083 1.4005217554912284 1.4011334209096959 0.0009765625
78.526809090909083 78.546563636363629 1.4005100947082947 1.4011217554912285 0.0009765625
78.546563636363629 78.566318181818176 1.4004984385579573 1.4011100947082948 0.0009765625
78.566318181818176 78.586072727272722 1.400486787037267 1.4010984385579575 0.0009765625
78.586072727272722 78.605827272727268 1.4004751401432898 1.4010867870372672 0.0009765625
78.605827272727268 78.625581818181814 1.4004634978730877 1.4010751401432899 0.0009765625
78.625581818181814 78.64533636363636 1.400451860223719 1.4010634978730878 0.0009765625
78.64533636363636 78.665090909090907 1.4004402271922556 1.4010518602237192 0.0009765625
78.665090909090907 78.684845454545453 1.4004285987752201 1.4010402271917097 0.0009765625
78.684845454545453 78.704599999999999 1.4004169749713262 1.4010285987757667 0.0009765625
78.704599999999999 78.724354545454545 1.4004053557760028 1.4010169749713264 0.0009765625
78.724354545454545 78.744109090909092 1.4003937411868819 1.4010053557760029 0.0009765625
78.744109090909092 78.763863636363638 1.400382131201048 1.400993741186882 0.0009765625
78.763863636363638 78.783618181818184 1.400370525815567 1.4009821312010482 0.0009765625
78.783618181818184 78.80337272727273 1.4003589250275437 1.4009705258155671 0.0009765625
78.80337272727273 78.823127272727277 1.4003473288340473 1.4009589250275438 0.0009765625
78.823127272727277 78.842881818181823 1.4003357372321799 1.4009473288340475 0.0009765625
78.842881818181823 78.862636363636369 1.4003241502190313 1.40093573723218 0.0009765625
78.862636363636369 78.882390909090901 1.400312567791707 1.4009241502190315 0.0009765625
78.882390909090901 78.902145454545447 1.400300989947284 1.4009125677917071 0.0009765625
78.902145454545447 78.921899999999994 1.4002894166828841 1.4009009899472842 0.0009765625
78.921899999999994 78.94165454545454 1.4002778479955962 1.4008894166828842 0.0009765625
78.94165454545454 78.961409090909086 1.4002662838825342 1.4008778479955963 0.0009765625
78.961409090909086 78.981163636363632 1.4002547243408008 1.4008662838825343 0.0009765625
78.981163636363632 79.000918181818179 1.400243169367515 1.4008547243408009 0.0009765625
79.000918181818179 79.020672727272725 1.4002316189597781 1.4008431693675152 0.0009765625
79.020672727272725 79.040427272727271 1.4002200731147154 1.4008316189597783 0.0009765625
79.040427272727271 79.060181818181817 1.4002085318294424 1.4008200731147156 0.0009765625
79.060181818181817 79.079936363636364 1.4001969951010775 1.4008085318294425 0.0009765625
79.079936363636364 79.09969090909091 1.4001854629267536 1.4007969951010777 0.0009765625
79.09969090909091 79.119445454545456 1.4001739353035763 1.4007854629267538 0.0009765625
79.119445454545456 79.139200000000002 1.4001624122286969 1.4007739353035764 0.0009765625
79.139200000000002 79.158954545454549 1.4001508936992344 1.400762412228697 0.0009765625
79.158954545454549 79.178709090909095 1.4001393797123234 1.4007508936992346 0.0009765625
79.178709090909095 79.198463636363641 1.4001278702651021 1.4007393797123235 0.0009765625
79.198463636363641 79.218218181818187 1.4001163653547102 1.4007278702651023 0.0009765625
79.218218181818187 79.237972727272734 1.4001048649782821 1.4007163653547103 0.0009765625
79.237972727272734 79.257727272727266 1.4000933691329678 1.4007048649782823 0.0009765625
79.257727272727266 79.277481818181812 1.4000818778159039 1.4006933691329679 0.0009765625
79.277481818181812 79.297236363636358 1.4000703910242513 1.400681877815904 0.0009765625
79.297236363636358 79.316990909090904 1.4000589087551547 1.4006703910242515 0.0009765625
79.316990909090904 79.336745454545451 1.4000474310057667 1.4006589087551549 0.0009765625
79.336745454545451 79.356499999999997 1.4000359577732451 1.4006474310057668 0.0009765625
79.356499999999997 79.376254545454543 1.4000244890547433 1.4006359577732452 0.0009765625
79.376254545454543 79.396009090909089 1.4000130248474321 1.4006244890547435 0.0009765625
79.396009090909089 79.415763636363636 1.4000015651484647 1.4006130248474322 0.0009765625
79.415763636363636 79.435518181818182 1.3999901099550134 1.4006015651484649 0.0009765625
79.435518181818182 79.455272727272728 1.39997865926424 1.4005901099550135 0.0009765625
79.455272727272728 79.475027272727274 1.3999672130727798 1.4005786592636922 0.0009765625
79.475027272727274 79.494781818181821 1.3999557713794279 1.4005672130733184 0.0009765625
79.494781818181821 79.514536363636367 1.3999443341797346 1.4005557713794281 0.0009765625
79.514536363636367 79.534290909090913 1.3999329014714212 1.4005443341797348 0.0009765625
79.534290909090913 79.554045454545459 1.3999214732516692 1.4005329014714214 0.0009765625
79.554045454545459 79.573800000000006 1.3999100495176551 1.4005214732516693 0.0009765625
79.573800000000006 79.593554545454552 1.3998986302665761 1.4005100495176552 0.0009765625
79.593554545454552 79.613309090909098 1.3998872154956066 1.4004986302665763 0.0009765625
79.613309090909098 79.633063636363644 1.3998758052019504 1.4004872154956067 0.0009765625
79.633063636363644 79.652818181818191 1.3998643993827837 1.4004758052019506 0.0009765625
79.652818181818191 79.672572727272723 1.3998529980353105 1.4004643993827839 0.0009765625
79.672572727272723 79.692327272727269 1.3998416011567345 1.4004529980353106 0.0009765625
79.692327272727269 79.712081818181815 1.3998302087442431 1.4004416011567347 0.0009765625
79.712081818181815 79.731836363636361 1.3998188207950513 1.4004302087442433 0.0009765625
79.731836363636361 79.751590909090908 1.3998074373063552 1.4004188207950514 0.0009765625
79.751590909090908 79.771345454545454 1.3997960582753679 1.4004074373063553 0.0009765625
79.771345454545454 79.7911 1.3997846836992904 1.4003960582753681 0.0009765625
79.7911 79.810854545454546 1.3997733135753454 1.4003846836992906 0.0009765625
79.810854545454546 79.830609090909093 1.3997619479007404 1.4003733135753456 0.0009765625
79.830609090909093 79.850363636363639 1.3997505866726931 1.4003619479007405 0.0009765625
79.850363636363639 79.870118181818185 1.3997392298884286 1.4003505866726933 0.0009765625
79.870118181818185 79.889872727272731 1.3997278775451591 1.4003392298884287 0.0009765625
79.889872727272731 79.909627272727278 1.3997165296401166 1.4003278775451593 0.0009765625
79.909627272727278 79.929381818181824 1.3997051861705261 1.4003165296401168 0.0009765625
79.929381818181824 79.94913636363637 1.3996938471336096 1.4003051861705262 0.0009765625
79.94913636363637 79.968890909090916 1.3996825125266055 1.4002938471336097 0.0009765625
79.968890909090916 79.988645454545463 1.3996711823467487 1.4002825125266056 0.0009765625
79.988645454545463 80.008400000000009 1.3996598565912708 1.4002711823467489 0.0009765625
80.008400000000009 80.028154545454555 1.3996485352574173 1.4002598565912709 0.0009765625
80.028154545454555 80.047909090909087 1.3996372183424133 1.4002485352574174 0.0009765625
80.047909090909087 80.067663636363633 1.399625905843517 1.4002372183424134 0.0009765625
80.067663636363633 80.08741818181818 1.3996145977579728 1.4002259058435171 0.0009765625
80.08741818181818 80.107172727272726 1.3996032940830232 1.400214597757973 0.0009765625
80.107172727272726 80.126927272727272 1.3995919948159208 1.4002032940830234 0.0009765625
80.126927272727272 80.146681818181818 1.3995806999539169 1.4001919948159209 0.0009765625
80.146681818181818 80.166436363636365 1.3995694094942719 1.400180699953917 0.0009765625
80.166436363636365 80.186190909090911 1.3995581234342411 1.400169409494272 0.0009765625
80.186190909090911 80.205945454545457 1.3995468417710775 1.4001581234342413 0.0009765625
80.205945454545457 80.225700000000003 1.3995355645020506 1.4001468417710776 0.0009765625
80.225700000000003 80.24545454545455 1.3995242916244253 1.4001355645020508 0.0009765625
80.24545454545455 80.265209090909096 1.3995130231349171 1.4001242916238794 0.0009765625
80.265209090909096 80.284963636363642 1.3995017590324392 1.4001130231354628 0.0009765625
80.284963636363642 80.304718181818188 1.3994904993126167 1.4001017590324394 0.0009765625
80.304718181818188 80.324472727272735 1.399479243973285 1.4000904993126169 0.0009765625
80.324472727272735 80.344227272727281 1.3994679930117038 1.4000792439732852 0.0009765625
80.344227272727281 80.363981818181827 1.3994567464251582 1.4000679930117039 0.0009765625
80.363981818181827 80.383736363636373 1.3994455042109333 1.4000567464251583 0.0009765625
80.383736363636373 80.40349090909092 1.3994342663663122 1.4000455042109334 0.0009765625
80.40349090909092 80.423245454545466 1.3994230328885722 1.4000342663663123 0.0009765625
80.423245454545466 80.443000000000012 1.399411803775013 1.4000230328885723 0.0009765625
80.443000000000012 80.462754545454544 1.3994005790229114 1.4000118037750131 0.0009765625
80.462754545454544 80.48250909090909 1.399389358629566 1.4000005790229115 0.0009765625
80.48250909090909 80.502263636363637 1.3993781425922722 1.3999893586295662 0.0009765625
80.502263636363637 80.522018181818183 1.3993669309083339 1.3999781425922724 0.0009765625
80.522018181818183 80.541772727272729 1.3993557235750442 1.399966930908334 0.0009765625
80.541772727272729 80.561527272727275 1.3993445205897019 1.3999557235750444 0.0009765625
80.561527272727275 80.581281818181822 1.3993333219496153 1.3999445205897021 0.0009765625
80.581281818181822 80.601036363636368 1.3993221276520926 1.3999333219496155 0.0009765625
80.601036363636368 80.620790909090914 1.3993109376944393 1.3999221276520928 0.0009765625
80.620790909090914 80.64054545454546 1.3992997520739729 1.3999109376944394 0.0009765625
80.64054545454546 80.660300000000007 1.3992885707879994 1.3998997520739731 0.0009765625
80.660300000000007 80.680054545454553 1.3992773938338339 1.3998885707879996 0.0009765625
80.680054545454553 80.699809090909099 1.3992662212088003 1.399877393833834 0.0009765625
80.699809090909099 80.719563636363645 1.3992550529102168 1.3998662212088004 0.0009765625
80.719563636363645 80.739318181818192 1.3992438889354044 1.3998550529102169 0.0009765625
80.739318181818192 80.759072727272738 1.399232729281692 1.3998438889354046 0.0009765625
80.759072727272738 80.778827272727284 1.3992215739464025 1.3998327292816921 0.0009765625
80.778827272727284 80.79858181818183 1.3992104229268705 1.3998215739464026 0.0009765625
80.79858181818183 80.818336363636377 1.3991992762204233 1.3998104229268706 0.0009765625
80.818336363636377 80.838090909090909 1.3991881338243917 1.3997992762204234 0.0009765625
80.838090909090909 80.857845454545455 1.399176995736122 1.3997881338243918 0.0009765625
80.857845454545455 80.877600000000001 1.399165861952947 1.3997769957361221 0.0009765625
80.877600000000001 80.897354545454547 1.3991547324722069 1.3997658619529472 0.0009765625
80.897354545454547 80.917109090909094 1.3991436072912506 1.3997547324722071 0.0009765625
80.917109090909094 80.93686363636364 1.3991324864074133 1.3997436072912508 0.0009765625
80.93686363636364 80.956618181818186 1.3991213698180562 1.3997324864074134 0.0009765625
80.956618181818186 80.976372727272732 1.3991102575205197 1.3997213698180564 0.0009765625
80.976372727272732 80.996127272727279 1.3990991495121567 1.3997102575205198 0.0009765625
80.996127272727279 81.015881818181825 1.3990880457903272 1.3996991495121569 0.0009765625
81.015881818181825 81.035636363636371 1.3990769463523736 1.3996880457903274 0.0009765625
81.035636363636371 81.055390909090917 1.3990658511951282 1.3996769463518348 0.0009765625
81.055390909090917 81.075145454545464 1.3990547603175811 1.399665851195675 0.0009765625
81.075145454545464 81.09490000000001 1.3990436737154586 1.3996547603175813 0.0009765625
81.09490000000001 81.114654545454556 1.3990325913866704 1.3996436737154587 0.0009765625
81.114654545454556 81.134409090909102 1.3990215133285884 1.3996325913866705 0.0009765625
81.134409090909102 81.154163636363648 1.3990104395385827 1.3996215133285885 0.0009765625
81.154163636363648 81.173918181818181 1.3989993700140229 1.3996104395385829 0.0009765625
81.173918181818181 81.193672727272727 1.3989883047522793 1.399599370014023 0.0009765625
81.193672727272727 81.213427272727273 1.3989772437507397 1.3995883047522795 0.0009765625
81.213427272727273 81.233181818181819 1.3989661870067778 1.3995772437507399 0.0009765625
81.233181818181819 81.252936363636366 1.39895513451778 1.3995661870067779 0.0009765625
81.252936363636366 81.272690909090912 1.3989440862811193 1.3995551345177801 0.0009765625
81.272690909090912 81.292445454545458 1.3989330422941904 1.3995440862811195 0.0009765625
81.292445454545458 81.312200000000004 1.39892200255438 1.3995330422941905 0.0009765625
81.312200000000004 81.33195454545455 1.3989109670590745 1.3995220025543802 0.0009765625
81.33195454545455 81.351709090909097 1.3988999358056731 1.3995109670590746 0.0009765625
81.351709090909097 81.371463636363643 1.3988889087915664 1.3994999358056732 0.0009765625
81.371463636363643 81.391218181818189 1.3988778860141469 1.3994889087915665 0.0009765625
81.391218181818189 81.410972727272735 1.3988668674708209 1.399477886014147 0.0009765625
81.410972727272735 81.430727272727268 1.3988558531589903 1.3994668674708211 0.0009765625
81.430727272727268 81.450481818181814 1.3988448430760518 1.3994558531589905 0.0009765625
81.450481818181814 81.47023636363636 1.3988338372194218 1.399444843076052 0.0009765625
81.47023636363636 81.489990909090906 1.3988228355864989 1.3994338372194219 0.0009765625
81.489990909090906 81.509745454545453 1.3988118381746975 1.399422835586499 0.0009765625
81.509745454545453 81.529499999999999 1.3988008449814229 1.3994118381746976 0.0009765625
81.529499999999999 81.549254545454545 1.3987898560041037 1.399400844981423 0.0009765625
81.549254545454545 81.569009090909091 1.3987788712401481 1.3993898560041038 0.0009765625
81.569009090909091 81.588763636363637 1.3987678906869756 1.3993788712401483 0.0009765625
81.588763636363637 81.608518181818184 1.3987569143420029 1.3993678906869758 0.0009765625
81.608518181818184 81.62827272727273 1.398745942202662 1.399356914342003 0.0009765625
81.62827272727273 81.648027272727276 1.3987349742663744 1.3993459422026622 0.0009765625
81.648027272727276 81.667781818181822 1.3987240105305669 1.3993349742663745 0.0009765625
81.667781818181822 81.687536363636369 1.3987130509926711 1.3993240105305671 0.0009765625
81.687536363636369 81.707290909090901 1.3987020956501197 1.3993130509926712 0.0009765625
81.707290909090901 81.727045454545447 1.3986911445003458 1.3993020956501199 0.0009765625
81.727045454545447 81.746799999999993 1.3986801975407857 1.399291144500346 0.0009765625
81.746799999999993 81.766554545454539 1.398669254768875 1.3992801975407858 0.0009765625
81.766554545454539 81.786309090909086 1.3986583161820647 1.3992692547688752 0.0009765625
81.786309090909086 81.806063636363632 1.3986473817777823 1.3992583161820649 0.0009765625
81.806063636363632 81.825818181818178 1.3986364515534853 1.3992473817777824 0.0009765625
81.825818181818178 81.845572727272724 1.3986255255060722 1.3992364515529438 0.0009765625
81.845572727272724 81.865327272727271 1.3986146036346303 1.3992255255066171 0.0009765625
81.865327272727271 81.885081818181817 1.3986036859349649 1.3992146036346305 0.0009765625
81.885081818181817 81.904836363636363 1.3985927724050897 1.399203685934965 0.0009765625
81.904836363636363 81.924590909090909 1.3985818630424498 1.3991927724050899 0.0009765625
81.924590909090909 81.944345454545456 1.3985709578445105 1.39918186304245 0.0009765625
81.944345454545456 81.964100000000002 1.3985600568087206 1.3991709578445106 0.0009765625
81.964100000000002 81.983854545454548 1.3985491599325597 1.3991600568087208 0.0009765625
81.983854545454548 82.003609090909094 1.3985382672134767 1.3991491599325598 0.0009765625
82.003609090909094 82.023363636363626 1.3985273786489507 1.3991382672134769 0.0009765625
82.023363636363626 82.043118181818173 1.3985164942364388 1.3991273786489509 0.0009765625
82.043118181818173 82.062872727272719 1.3985056139734147 1.3991164942364389 0.0009765625
82.062872727272719 82.082627272727265 1.3984947378573573 1.3991056139734148 0.0009765625
82.082627272727265 82.102381818181811 1.3984838658857417 1.3990947378573575 0.0009765625
82.102381818181811 82.122136363636358 1.3984729980560371 1.3990838658857419 0.0009765625
82.122136363636358 82.141890909090904 1.3984621343657313 1.3990729980560372 0.0009765625
82.141890909090904 82.16164545454545 1.3984512748122926 1.3990621343657315 0.0009765625
82.16164545454545 82.181399999999996 1.3984404193932187 1.3990512748122927 0.0009765625
82.181399999999996 82.201154545454543 1.3984295681059882 1.3990404193932189 0.0009765625
82.201154545454543 82.220909090909089 1.3984187209480949 1.3990295681059883 0.0009765625
82.220909090909089 82.240663636363635 1.3984078779170268 1.3990187209480951 0.0009765625
82.240663636363635 82.260418181818181 1.3983970390102671 1.399007877917027 0.0009765625
82.260418181818181 82.280172727272728 1.3983862042253181 1.3989970390102673 0.0009765625
82.280172727272728 82.299927272727274 1.3983753735596813 1.3989862042253183 0.0009765625
82.299927272727274 82.31968181818182 1.3983645470108423 1.3989753735596815 0.0009765625
82.31968181818182 82.339436363636366 1.398353724576308 1.3989645470108425 0.0009765625
82.339436363636366 82.359190909090913 1.3983429062535788 1.3989537245763082 0.0009765625
82.359190909090913 82.378945454545459 1.3983320920401667 1.398942906253579 0.0009765625
82.378945454545459 82.398700000000005 1.3983212819335717 1.3989320920401669 0.0009765625
82.398700000000005 82.418454545454551 1.398310475931303 1.3989212819335719 0.0009765625
82.418454545454551 82.438209090909083 1.3982996740308706 1.3989104759313031 0.0009765625
82.438209090909083 82.45796363636363 1.3982888762297914 1.3988996740308708 0.0009765625
82.45796363636363 82.477718181818176 1.3982780825255741 1.3988888762297915 0.0009765625
82.477718181818176 82.497472727272722 1.3982672929157465 1.3988780825255742 0.0009765625
82.497472727272722 82.517227272727268 1.3982565073978206 1.3988672929157466 0.0009765625
82.517227272727268 82.536981818181815 1.3982457259693168 1.3988565073978207 0.0009765625
82.536981818181815 82.556736363636361 1.398234948627757 1.398845725969317 0.0009765625
82.556736363636361 82.576490909090907 1.3982241753706708 1.3988349486277571 0.0009765625
82.576490909090907 82.596245454545453 1.3982134061955969 1.3988241753706709 0.0009765625
82.596245454545453 82.616 1.3982026411000397 1.398813406195597 0.0009765625
82.616 82.635754545454546 1.3981918800809996 1.3988026410994936 0.0009765625
82.635754545454546 82.655509090909092 1.3981811231376517 1.39879188008155 0.0009765625
82.655509090909092 82.675263636363638 1.3981703702658841 1.3987811231376519 0.0009765625
82.675263636363638 82.695018181818185 1.398159621463793 1.3987703702658842 0.0009765625
82.695018181818185 82.714772727272731 1.3981488767289076 1.3987596214637932 0.0009765625
82.714772727272731 82.734527272727277 1.3981381360587704 1.3987488767289078 0.0009765625
82.734527272727277 82.754281818181823 1.3981273994509322 1.3987381360587705 0.0009765625
82.754281818181823 82.77403636363637 1.3981166669029319 1.3987273994509324 0.0009765625
82.77403636363637 82.793790909090916 1.3981059384123251 1.3987166669029321 0.0009765625
82.793790909090916 82.813545454545448 1.3980952139766534 1.3987059384123253 0.0009765625
82.813545454545448 82.833299999999994 1.3980844935934764 1.3986952139766535 0.0009765625
82.833299999999994 82.85305454545454 1.3980737772603484 1.3986844935934766 0.0009765625
82.85305454545454 82.872809090909087 1.398063064974822 1.3986737772603486 0.0009765625
82.872809090909087 82.892563636363633 1.3980523567344529 1.3986630649748222 0.0009765625
82.892563636363633 82.912318181818179 1.3980416525368098 1.3986523567344531 0.0009765625
82.912318181818179 82.932072727272725 1.3980309523794441 1.3986416525368099 0.0009765625
82.932072727272725 82.951827272727272 1.3980202562599275 1.3986309523794442 0.0009765625
82.951827272727272 82.971581818181818 1.3980095641758332 1.3986202562599277 0.0009765625
82.971581818181818 82.991336363636364 1.3979988761247146 1.3986095641758334 0.0009765625
82.991336363636364 83.01109090909091 1.3979881921041526 1.3985988761247148 0.0009765625
83.01109090909091 83.030845454545457 1.3979775121117191 1.3985881921041527 0.0009765625
83.030845454545457 83.050600000000003 1.3979668361449851 1.3985775121117192 0.0009765625
83.050600000000003 83.070354545454549 1.3979561642015248 1.3985668361449852 0.0009765625
83.070354545454549 83.090109090909095 1.3979454962789231 1.398556164201525 0.0009765625
83.090109090909095 83.109863636363642 1.3979348323747682 1.3985454962789232 0.0009765625
83.109863636363642 83.129618181818188 1.3979241724866183 1.3985348323747684 0.0009765625
83.129618181818188 83.149372727272734 1.3979135166120786 1.3985241724866184 0.0009765625
83.149372727272734 83.16912727272728 1.3979028647487315 1.3985135166120788 0.0009765625
83.16912727272728 83.188881818181827 1.3978922168941645 1.3985028647487316 0.0009765625
83.188881818181827 83.208636363636373 1.3978815730459628 1.3984922168941647 0.0009765625
83.208636363636373 83.228390909090905 1.3978709332017256 1.398481573045963 0.0009765625
83.228390909090905 83.248145454545451 1.397860297359051 1.3984709332017258 0.0009765625
83.248145454545451 83.267899999999997 1.3978496655155268 1.3984602973590512 0.0009765625
83.267899999999997 83.287654545454544 1.3978390376687586 1.398449665515527 0.0009765625
83.287654545454544 83.30740909090909 1.3978284138163435 1.3984390376687588 0.0009765625
83.30740909090909 83.327163636363636 1.3978177939558787 1.3984284138163436 0.0009765625
83.327163636363636 83.346918181818182 1.3978071780849797 1.3984177939558788 0.0009765625
83.346918181818182 83.366672727272729 1.3977965662012501 1.3984071780849798 0.0009765625
83.366672727272729 83.386427272727275 1.397785958302294 1.3983965662012503 0.0009765625
83.386427272727275 83.406181818181821 1.3977753543857301 1.3983859583022942 0.0009765625
83.406181818181821 83.425936363636367 1.3977647544486163 1.3983753543851873 0.0009765625
83.425936363636367 83.445690909090914 1.3977541584902109 1.39836475444916 0.0009765625
83.445690909090914 83.46544545454546 1.3977435665064859 1.3983541584902111 0.0009765625
83.46544545454546 83.485200000000006 1.3977329784956076 1.3983435665064861 0.0009765625
83.485200000000006 83.504954545454552 1.3977223944552095 1.3983329784956078 0.0009765625
83.504954545454552 83.524709090909099 1.3977118143828997 1.3983223944552097 0.0009765625
83.524709090909099 83.544463636363645 1.3977012382763037 1.3983118143828999 0.0009765625
83.544463636363645 83.564218181818191 1.3976906661330464 1.3983012382763038 0.0009765625
83.564218181818191 83.583972727272737 1.3976800979507715 1.3982906661330465 0.0009765625
83.583972727272737 83.603727272727269 1.3976695337270977 1.3982800979507717 0.0009765625
83.603727272727269 83.623481818181816 1.3976589734596527 1.3982695337270978 0.0009765625
83.623481818181816 83.643236363636362 1.3976484171460768 1.3982589734596529 0.0009765625
83.643236363636362 83.662990909090908 1.3976378647840082 1.3982484171460769 0.0009765625
83.662990909090908 83.682745454545454 1.3976273163710768 1.3982378647840084 0.0009765625
83.682745454545454 83.702500000000001 1.3976167719049335 1.398227316371077 0.0009765625
83.702500000000001 83.722254545454547 1.3976062313832169 1.3982167719049337 0.0009765625
83.722254545454547 83.742009090909093 1.3975956948035633 1.3982062313832171 0.0009765625
83.742009090909093 83.761763636363639 1.397585162163629 1.3981956948035634 0.0009765625
83.761763636363639 83.781518181818186 1.3975746334610561 1.3981851621636292 0.0009765625
83.781518181818186 83.801272727272732 1.3975641086934965 1.3981746334610563 0.0009765625
83.801272727272732 83.821027272727278 1.3975535878586012 1.3981641086934966 0.0009765625
83.821027272727278 83.840781818181824 1.3975430709540255 1.3981535878586013 0.0009765625
83.840781818181824 83.860536363636371 1.3975325579774216 1.3981430709540257 0.0009765625
83.860536363636371 83.880290909090917 1.3975220489264542 1.3981325579774218 0.0009765625
83.880290909090917 83.900045454545463 1.3975115437987706 1.3981220489264543 0.0009765625
83.900045454545463 83.919800000000009 1.397501042592044 1.3981115437987708 0.0009765625
83.919800000000009 83.939554545454556 1.3974905453039281 1.3981010425920442 0.0009765625
83.939554545454556 83.959309090909102 1.3974800519320978 1.3980905453039283 0.0009765625
83.959309090909102 83.979063636363648 1.3974695624742155 1.3980800519320979 0.0009765625
83.979063636363648 83.998818181818194 1.3974590769279509 1.3980695624742157 0.0009765625
83.998818181818194 84.018572727272726 1.3974485952909705 1.3980590769279511 0.0009765625
84.018572727272726 84.038327272727273 1.3974381175609591 1.3980485952909707 0.0009765625
84.038327272727273 84.058081818181819 1.3974276437355766 1.3980381175609593 0.0009765625
84.058081818181819 84.077836363636365 1.397417173812513 1.3980276437355768 0.0009765625
84.077836363636365 84.097590909090911 1.3974067077894372 1.3980171738125131 0.0009765625
84.097590909090911 84.117345454545458 1.397396245664037 1.3980067077894374 0.0009765625
84.117345454545458 84.137100000000004 1.3973857874339894 1.3979962456640371 0.0009765625
84.137100000000004 84.15685454545455 1.3973753330969818 1.3979857874339896 0.0009765625
84.15685454545455 84.176609090909096 1.3973648826507059 1.397975333096982 0.0009765625
84.176609090909096 84.196363636363643 1.397354436092838 1.3979648826507061 0.0009765625
84.196363636363643 84.216118181818189 1.3973439934205307 1.3979544360922949 0.0009765625
84.216118181818189 84.235872727272735 1.3973335546331078 1.3979439934210713 0.0009765625
84.235872727272735 84.255627272727281 1.39732311972663 1.397933554633108 0.0009765625
84.255627272727281 84.275381818181827 1.3973126886993401 1.3979231197266302 0.0009765625
84.275381818181827 84.295136363636374 1.3973022615489383 1.3979126886993403 0.0009765625
84.295136363636374 84.31489090909092 1.3972918382731145 1.3979022615489385 0.0009765625
84.31489090909092 84.334645454545452 1.3972814188695757 1.3978918382731147 0.0009765625
84.334645454545452 84.354399999999998 1.3972710033360292 1.3978814188695758 0.0009765625
84.354399999999998 84.374154545454545 1.3972605916701732 1.3978710033360293 0.0009765625
84.374154545454545 84.393909090909091 1.3972501838697202 1.3978605916701734 0.0009765625
84.393909090909091 84.413663636363637 1.3972397799323693 1.3978501838697204 0.0009765625
84.413663636363637 84.433418181818183 1.3972293798558497 1.3978397799323694 0.0009765625
84.433418181818183 84.45317272727273 1.3972189836378566 1.3978293798558499 0.0009765625
84.45317272727273 84.472927272727276 1.397208591276113 1.3978189836378567 0.0009765625
84.472927272727276 84.492681818181822 1.3971982027683352 1.3978085912761131 0.0009765625
84.492681818181822 84.512436363636368 1.3971878181122401 1.3977982027683353 0.0009765625
84.512436363636368 84.532190909090914 1.397177437305549 1.3977878181122403 0.0009765625
84.532190909090914 84.551945454545461 1.3971670603459798 1.3977774373055492 0.0009765625
84.551945454545461 84.571700000000007 1.3971566872312586 1.39776706034598 0.0009765625
84.571700000000007 84.591454545454553 1.3971463179591237 1.3977566872312588 0.0009765625
84.591454545454553 84.611209090909085 1.3971359525272804 1.3977463179591239 0.0009765625
84.611209090909085 84.630963636363632 1.3971255909334719 1.3977359525272806 0.0009765625
84.630963636363632 84.650718181818178 1.3971152331754306 1.397725590933472 0.0009765625
84.650718181818178 84.670472727272724 1.3971048792508822 1.3977152331754308 0.0009765625
84.670472727272724 84.69022727272727 1.3970945291575669 1.3977048792508824 0.0009765625
84.69022727272727 84.709981818181816 1.397084182893223 1.3976945291575671 0.0009765625
84.709981818181816 84.729736363636363 1.39707384045559 1.3976841828932232 0.0009765625
84.729736363636363 84.749490909090909 1.3970635018424016 1.3976738404555902 0.0009765625
84.749490909090909 84.769245454545455 1.3970531670514048 1.3976635018424017 0.0009765625
84.769245454545455 84.789000000000001 1.3970428360803422 1.397653167051405 0.0009765625
84.789000000000001 84.808754545454548 1.3970325089269584 1.3976428360803423 0.0009765625
84.808754545454548 84.828509090909094 1.3970221855890144 1.3976325089269586 0.0009765625
84.828509090909094 84.84826363636364 1.3970118660642432 1.3976221855890145 0.0009765625
84.84826363636364 84.868018181818172 1.3970015503504019 1.3976118660642434 0.0009765625
84.868018181818172 84.887772727272718 1.3969912384452527 1.397601550350402 0.0009765625
84.887772727272718 84.907527272727265 1.3969809303465388 1.3975912384452529 0.0009765625
84.907527272727265 84.927281818181811 1.3969706260520236 1.397580930346539 0.0009765625
84.927281818181811 84.947036363636357 1.3969603255594636 1.3975706260520238 0.0009765625
84.947036363636357 84.966790909090903 1.3969500288666226 1.3975603255594637 0.0009765625
84.966790909090903 84.98654545454545 1.3969397359712579 1.3975500288666227 0.0009765625
84.98654545454545 85.006299999999996 1.3969294468705977 1.3975397359707171 0.0009765625
85.006299999999996 85.026054545454542 1.3969191615640315 1.3975294468711381 0.0009765625
85.026054545454542 85.045809090909088 1.396908880047709 1.3975191615640317 0.0009765625
85.045809090909088 85.065563636363635 1.3968986023199264 1.3975088800477091 0.0009765625
85.065563636363635 85.085318181818181 1.3968883283784699 1.3974986023199265 0.0009765625
85.085318181818181 85.105072727272727 1.3968780582211049 1.39748832837847 0.0009765625
85.105072727272727 85.124827272727273 1.3968677918456063 1.397478058221105 0.0009765625
85.124827272727273 85.14458181818182 1.3968575292497598 1.3974677918456064 0.0009765625
85.14458181818182 85.164336363636366 1.3968472704313426 1.39745752924976 0.0009765625
85.164336363636366 85.184090909090912 1.3968370153881235 1.3974472704313428 0.0009765625
85.184090909090912 85.203845454545444 1.3968267641178966 1.3974370153881237 0.0009765625
85.203845454545444 85.22359999999999 1.3968165166184412 1.3974267641178968 0.0009765625
85.22359999999999 85.243354545454537 1.3968062728875514 1.3974165166184414 0.0009765625
85.243354545454537 85.263109090909083 1.3967960329230051 1.3974062728875516 0.0009765625
85.263109090909083 85.282863636363629 1.3967857967225978 1.3973960329230053 0.0009765625
85.282863636363629 85.302618181818175 1.3967755642841169 1.397385796722598 0.0009765625
85.302618181818175 85.322372727272722 1.3967653356053602 1.397375564284117 0.0009765625
85.322372727272722 85.342127272727268 1.3967551106841234 1.3973653356053604 0.0009765625
85.342127272727268 85.361881818181814 1.3967448895181942 1.3973551106841235 0.0009765625
85.361881818181814 85.38163636363636 1.3967346721053837 1.3973448895181944 0.0009765625
85.38163636363636 85.401390909090907 1.3967244584434908 1.3973346721053839 0.0009765625
85.401390909090907 85.421145454545453 1.3967142485303063 1.397324458443491 0.0009765625
85.421145454545453 85.440899999999999 1.3967040423636463 1.3973142485303065 0.0009765625
85.440899999999999 85.460654545454545 1.3966938399413125 1.3973040423636465 0.0009765625
85.460654545454545 85.480409090909092 1.3966836412611117 1.3972938399413126 0.0009765625
85.480409090909092 85.500163636363638 1.3966734463208503 1.3972836412611118 0.0009765625
85.500163636363638 85.519918181818184 1.3966632551183498 1.3972734463208505 0.0009765625
85.519918181818184 85.53967272727273 1.3966530676514095 1.3972632551183499 0.0009765625
85.53967272727273 85.559427272727277 1.396642883917852 1.3972530676514097 0.0009765625
85.559427272727277 85.579181818181809 1.3966327039154984 1.3972428839178521 0.0009765625
85.579181818181809 85.598936363636355 1.3966225276421553 1.3972327039154986 0.0009765625
85.598936363636355 85.618690909090901 1.3966123550956535 1.3972225276421555 0.0009765625
85.618690909090901 85.638445454545447 1.3966021862738083 1.3972123550956537 0.0009765625
85.638445454545447 85.658199999999994 1.3965920211744418 1.3972021862738084 0.0009765625
85.658199999999994 85.67795454545454 1.3965818597953876 1.397192021174442 0.0009765625
85.67795454545454 85.697709090909086 1.3965717021344684 1.3971818597953878 0.0009765625
85.697709090909086 85.717463636363632 1.3965615481895031 1.3971717021344685 0.0009765625
85.717463636363632 85.737218181818179 1.3965513979583455 1.3971615481895032 0.0009765625
85.737218181818179 85.756972727272725 1.3965412514388031 1.3971513979583456 0.0009765625
85.756972727272725 85.776727272727271 1.3965311086287244 1.3971412514388033 0.0009765625
85.776727272727271 85.796481818181817 1.3965209695253977 1.3971311086281772 0.0009765625
85.796481818181817 85.816236363636364 1.3965108341282861 1.3971209695259401 0.0009765625
85.816236363636364 85.83599090909091 1.3965007024336085 1.3971108341282863 0.0009765625
85.83599090909091 85.855745454545456 1.3964905744397471 1.3971007024336086 0.0009765625
85.855745454545456 85.875500000000002 1.3964804501445398 1.3970905744397473 0.0009765625
85.875500000000002 85.895254545454549 1.3964703295458323 1.39708045014454 0.0009765625
85.895254545454549 85.915009090909095 1.3964602126414734 1.3970703295458324 0.0009765625
85.915009090909095 85.934763636363641 1.3964500994293105 1.3970602126414735 0.0009765625
85.934763636363641 85.954518181818187 1.3964399899071831 1.3970500994293107 0.0009765625
85.954518181818187 85.974272727272734 1.396429884072961 1.3970399899071833 0.0009765625
85.974272727272734 85.994027272727266 1.3964197819244912 1.3970298840729611 0.0009765625
85.994027272727266 86.013781818181812 1.3964096834596174 1.3970197819244914 0.0009765625
86.013781818181812 86.033536363636358 1.3963995886762084 1.3970096834596175 0.0009765625
86.033536363636358 86.053290909090904 1.3963894975721249 1.3969995886762085 0.0009765625
86.053290909090904 86.073045454545451 1.3963794101452129 1.3969894975721251 0.0009765625
86.073045454545451 86.092799999999997 1.396369326393345 1.3969794101452131 0.0009765625
86.092799999999997 86.112554545454543 1.3963592463143806 1.3969693263933451 0.0009765625
86.112554545454543 86.132309090909089 1.3963491699061861 1.3969592463143807 0.0009765625
86.132309090909089 86.152063636363636 1.3963390971666256 1.3969491699061862 0.0009765625
86.152063636363636 86.171818181818182 1.3963290280935721 1.3969390971666258 0.0009765625
86.171818181818182 86.191572727272728 1.3963189626849009 1.3969290280935722 0.0009765625
86.191572727272728 86.211327272727274 1.3963089009384706 1.396918962684901 0.0009765625
86.211327272727274 86.231081818181821 1.3962988428521601 1.3969089009384708 0.0009765625
86.231081818181821 86.250836363636367 1.3962887884238513 1.3968988428521603 0.0009765625
86.250836363636367 86.270590909090913 1.396278737651417 1.3968887884238514 0.0009765625
86.270590909090913 86.290345454545459 1.3962686905327382 1.3968787376514171 0.0009765625
86.290345454545459 86.310100000000006 1.3962586470656873 1.3968686905327383 0.0009765625
86.310100000000006 86.329854545454552 1.3962486072481566 1.3968586470656874 0.0009765625
86.329854545454552 86.349609090909098 1.3962385710780272 1.3968486072481567 0.0009765625
86.349609090909098 86.36936363636363 1.3962285385531794 1.3968385710780273 0.0009765625
86.36936363636363 86.389118181818176 1.3962185096715065 1.3968285385531796 0.0009765625
86.389118181818176 86.408872727272723 1.3962084844308977 1.3968185096715067 0.0009765625
86.408872727272723 86.428627272727269 1.3961984628292385 1.3968084844308979 0.0009765625
86.428627272727269 86.448381818181815 1.3961884448644291 1.3967984628292387 0.0009765625
86.448381818181815 86.468136363636361 1.3961784305343528 1.3967884448644292 0.0009765625
86.468136363636361 86.487890909090908 1.3961684198369166 1.3967784305343529 0.0009765625
86.487890909090908 86.507645454545454 1.3961584127700128 1.3967684198369168 0.0009765625
86.507645454545454 86.5274 1.3961484093315393 1.396758412770013 0.0009765625
86.5274 86.547154545454546 1.3961384095194012 1.3967484093315394 0.0009765625
86.547154545454546 86.566909090909093 1.3961284133315004 1.3967384095194013 0.0009765625
86.566909090909093 86.586663636363639 1.396118420765198 1.3967284133309585 0.0009765625
86.586663636363639 86.606418181818185 1.3961084318200221 1.3967184207657375 0.0009765625
86.606418181818185 86.626172727272731 1.3960984464922559 1.3967084318200222 0.0009765625
86.626172727272731 86.645927272727278 1.3960884647803546 1.3966984464922561 0.0009765625
86.645927272727278 86.665681818181824 1.3960784866822236 1.3966884647803548 0.0009765625
86.665681818181824 86.68543636363637 1.3960685121957797 1.3966784866822237 0.0009765625
86.68543636363637 86.705190909090916 1.3960585413189357 1.3966685121957798 0.0009765625
86.705190909090916 86.724945454545463 1.3960485740496089 1.3966585413189359 0.0009765625
86.724945454545463 86.744700000000009 1.3960386103857159 1.3966485740496091 0.0009765625
86.744700000000009 86.764454545454555 1.3960286503251766 1.396638610385716 0.0009765625
86.764454545454555 86.784209090909087 1.3960186938659125 1.3966286503251768 0.0009765625
86.784209090909087 86.803963636363633 1.3960087410058433 1.3966186938659126 0.0009765625
86.803963636363633 86.82371818181818 1.395998791742894 1.3966087410058434 0.0009765625
86.82371818181818 86.843472727272726 1.3959888460749907 1.3965987917428941 0.0009765625
86.843472727272726 86.863227272727272 1.3959789040000576 1.3965888460749909 0.0009765625
86.863227272727272 86.882981818181818 1.3959689655160328 1.3965789040000578 0.0009765625
86.882981818181818 86.902736363636365 1.3959590306208445 1.3965689655160329 0.0009765625
86.902736363636365 86.922490909090911 1.3959490993124213 1.3965590306208446 0.0009765625
86.922490909090911 86.942245454545457 1.3959391715886929 1.3965490993124214 0.0009765625
86.942245454545457 86.962000000000003 1.3959292474476066 1.396539171588693 0.0009765625
86.962000000000003 86.98175454545455 1.3959193268870886 1.3965292474476068 0.0009765625
86.98175454545455 87.001509090909096 1.3959094099050877 1.3965193268870888 0.0009765625
87.001509090909096 87.021263636363642 1.3958994964995366 1.3965094099050879 0.0009765625
87.021263636363642 87.041018181818188 1.3958895866683856 1.3964994964995368 0.0009765625
87.041018181818188 87.060772727272735 1.3958796804095763 1.3964895866683857 0.0009765625
87.060772727272735 87.080527272727281 1.3958697777210491 1.3964796804095765 0.0009765625
87.080527272727281 87.100281818181827 1.3958598786007506 1.3964697777210493 0.0009765625
87.100281818181827 87.120036363636373 1.3958499830466369 1.3964598786007507 0.0009765625
87.120036363636373 87.13979090909092 1.3958400910566489 1.396449983046637 0.0009765625
87.13979090909092 87.159545454545452 1.3958302026287601 1.396440091056649 0.0009765625
87.159545454545452 87.179299999999998 1.395820317760893 1.3964302026287603 0.0009765625
87.179299999999998 87.199054545454544 1.3958104364510258 1.3964203177608931 0.0009765625
87.199054545454544 87.21880909090909 1.3958005586971085 1.3964104364510259 0.0009765625
87.21880909090909 87.238563636363637 1.3957906844970964 1.3964005586971087 0.0009765625
87.238563636363637 87.258318181818183 1.3957808138489562 1.3963906844970966 0.0009765625
87.258318181818183 87.278072727272729 1.3957709467506512 1.3963808138489564 0.0009765625
87.278072727272729 87.297827272727275 1.3957610832001306 1.3963709467506513 0.0009765625
87.297827272727275 87.317581818181822 1.3957512231953706 1.3963610832001307 0.0009765625
87.317581818181822 87.337336363636368 1.3957413667343399 1.3963512231953707 0.0009765625
87.337336363636368 87.357090909090914 1.3957315138150008 1.3963413667343401 0.0009765625
87.357090909090914 87.37684545454546 1.3957216644347865 1.3963315138144641 0.0009765625
87.37684545454546 87.396600000000007 1.3957118185932949 1.3963216644353265 0.0009765625
87.396600000000007 87.416354545454553 1.3957019762868641 1.396311818593295 0.0009765625
87.416354545454553 87.436109090909099 1.3956921375140166 1.3963019762868643 0.0009765625
87.436109090909099 87.455863636363645 1.3956823022727276 1.3962921375140167 0.0009765625
87.455863636363645 87.475618181818191 1.3956724705609795 1.3962823022727278 0.0009765625
87.475618181818191 87.495372727272738 1.3956626423767482 1.3962724705609797 0.0009765625
87.495372727272738 87.515127272727284 1.3956528177180147 1.3962626423767484 0.0009765625
87.515127272727284 87.53488181818183 1.3956429965827648 1.3962528177180149 0.0009765625
87.53488181818183 87.554636363636376 1.3956331789689747 1.396242996582765 0.0009765625
87.554636363636376 87.574390909090909 1.3956233648746417 1.3962331789689748 0.0009765625
87.574390909090909 87.594145454545455 1.3956135542977404 1.3962233648746418 0.0009765625
87.594145454545455 87.613900000000001 1.3956037472362737 1.3962135542977405 0.0009765625
87.613900000000001 87.633654545454547 1.3955939436882208 1.3962037472362738 0.0009765625
87.633654545454547 87.653409090909093 1.3955841436515781 1.3961939436882209 0.0009765625
87.653409090909093 87.67316363636364 1.3955743471243458 1.3961841436515783 0.0009765625
87.67316363636364 87.692918181818186 1.3955645541045087 1.396174347124346 0.0009765625
87.692918181818186 87.712672727272732 1.3955547645900663 1.3961645541045089 0.0009765625
87.712672727272732 87.732427272727278 1.3955449785790282 1.3961547645900665 0.0009765625
87.732427272727278 87.752181818181825 1.3955351960693814 1.3961449785790283 0.0009765625
87.752181818181825 87.771936363636371 1.395525417059128 1.3961351960693815 0.0009765625
87.771936363636371 87.791690909090917 1.3955156415462782 1.3961254170591282 0.0009765625
87.791690909090917 87.811445454545463 1.3955058695288369 1.3961156415462783 0.0009765625
87.811445454545463 87.83120000000001 1.3954961010048024 1.3961058695288371 0.0009765625
87.83120000000001 87.850954545454556 1.3954863359721965 1.3960961010048025 0.0009765625
87.850954545454556 87.870709090909102 1.3954765744290119 1.3960863359721967 0.0009765625
87.870709090909102 87.890463636363648 1.3954668163732731 1.396076574429012 0.0009765625
87.890463636363648 87.910218181818195 1.3954570618029853 1.3960668163732732 0.0009765625
87.910218181818195 87.929972727272741 1.3954473107161678 1.3960570618029855 0.0009765625
87.929972727272741 87.949727272727273 1.3954375631108289 1.3960473107161679 0.0009765625
87.949727272727273 87.969481818181819 1.3954278189849985 1.396037563110829 0.0009765625
87.969481818181819 87.989236363636365 1.395418078336685 1.3960278189849986 0.0009765625
87.989236363636365 88.008990909090912 1.3954083411639149 1.3960180783366851 0.0009765625
88.008990909090912 88.028745454545458 1.3953986074647065 1.396008341163915 0.0009765625
88.028745454545458 88.048500000000004 1.3953888772370837 1.3959986074647066 0.0009765625
88.048500000000004 88.06825454545455 1.3953791504790758 1.3959888772370839 0.0009765625
88.06825454545455 88.088009090909097 1.3953694271887072 1.3959791504790759 0.0009765625
88.088009090909097 88.107763636363643 1.3953597073640021 1.3959694271887073 0.0009765625
88.107763636363643 88.127518181818189 1.3953499910029943 1.3959597073640022 0.0009765625
88.127518181818189 88.147272727272735 1.3953402781037163 1.3959499910029944 0.0009765625
88.147272727272735 88.167027272727282 1.3953305686636586 1.395940278103178 0.0009765625
88.167027272727282 88.186781818181828 1.3953208626824791 1.3959305686642005 0.0009765625
88.186781818181828 88.206536363636374 1.3953111601565866 1.3959208626824793 0.0009765625
88.206536363636374 88.22629090909092 1.3953014610845702 1.3959111601565868 0.0009765625
88.22629090909092 88.246045454545467 1.3952917654644588 1.3959014610845704 0.0009765625
88.246045454545467 88.265800000000013 1.3952820732942963 1.3958917654644589 0.0009765625
88.265800000000013 88.285554545454559 1.3952723845721267 1.3958820732942965 0.0009765625
88.285554545454559 88.305309090909105 1.395262699295994 1.3958723845721268 0.0009765625
88.305309090909105 88.325063636363652 1.3952530174639381 1.3958626992959942 0.0009765625
88.325063636363652 88.344818181818198 1.395243339074014 1.3958530174639383 0.0009765625
88.344818181818198 88.36457272727273 1.3952336641242589 1.3958433390740141 0.0009765625
88.36457272727273 88.384327272727276 1.3952239926127374 1.395833664124259 0.0009765625
88.384327272727276 88.404081818181822 1.3952143245374857 1.3958239926127376 0.0009765625
88.404081818181822 88.423836363636369 1.3952046598965708 1.3958143245374859 0.0009765625
88.423836363636369 88.443590909090915 1.3951949986880374 1.395804659896571 0.0009765625
88.443590909090915 88.463345454545461 1.3951853409099411 1.3957949986880376 0.0009765625
88.463345454545461 88.483100000000007 1.3951756865603433 1.3957853409099412 0.0009765625
88.483100000000007 88.502854545454554 1.3951660356373068 1.3957756865603435 0.0009765625
88.502854545454554 88.5226090909091 1.3951563881388822 1.3957660356373069 0.0009765625
88.5226090909091 88.542363636363646 1.395146744063142 1.3957563881388824 0.0009765625
88.542363636363646 88.562118181818192 1.3951371034081419 1.3957467440631421 0.0009765625
88.562118181818192 88.581872727272739 1.3951274661719499 1.3957371034081421 0.0009765625
88.581872727272739 88.601627272727285 1.3951178323526328 1.3957274661719501 0.0009765625
88.601627272727285 88.621381818181831 1.395108201948255 1.3957178323526329 0.0009765625
88.621381818181831 88.641136363636377 1.3950985749568974 1.3957082019482552 0.0009765625
88.641136363636377 88.660890909090924 1.39508895137662 1.3956985749568975 0.0009765625
88.660890909090924 88.68064545454547 1.3950793312054961 1.3956889513766202 0.0009765625
88.68064545454547 88.700400000000016 1.3950697144416047 1.3956793312054963 0.0009765625
88.700400000000016 88.720154545454562 1.3950601010830146 1.3956697144416048 0.0009765625
88.720154545454562 88.739909090909094 1.3950504911278181 1.3956601010830147 0.0009765625
88.739909090909094 88.759663636363641 1.3950408845740743 1.3956504911278182 0.0009765625
88.759663636363641 88.779418181818187 1.3950312814198729 1.3956408845740744 0.0009765625
88.779418181818187 88.799172727272733 1.3950216816632999 1.395631281419873 0.0009765625
88.799172727272733 88.818927272727279 1.3950120853024279 1.3956216816633 0.0009765625
88.818927272727279 88.838681818181826 1.3950024923353472 1.3956120853024281 0.0009765625
88.838681818181826 88.858436363636372 1.3949929027601484 1.3956024923353474 0.0009765625
88.858436363636372 88.878190909090918 1.3949833165749121 1.3955929027601486 0.0009765625
88.878190909090918 88.897945454545464 1.3949737337777275 1.3955833165749123 0.0009765625
88.897945454545464 88.917700000000011 1.3949641543666877 1.3955737337777276 0.0009765625
88.917700000000011 88.937454545454557 1.3949545783398836 1.3955641543666879 0.0009765625
88.937454545454557 88.957209090909103 1.394945005694874 1.3955545783393524 0.0009765625
88.957209090909103 88.976963636363649 1.3949354364313669 1.3955450056954151 0.0009765625
88.976963636363649 88.996718181818196 1.3949258705458403 1.395535436431367 0.0009765625
88.996718181818196 89.016472727272742 1.3949163080369351 1.3955258705458404 0.0009765625
89.016472727272742 89.036227272727288 1.3949067489027516 1.3955163080369353 0.0009765625
89.036227272727288 89.055981818181834 1.3948971931413847 1.3955067489027517 0.0009765625
89.055981818181834 89.075736363636366 1.3948876407509385 1.3954971931413849 0.0009765625
89.075736363636366 89.095490909090913 1.3948780917295247 1.3954876407509387 0.0009765625
89.095490909090913 89.115245454545459 1.3948685460752346 1.3954780917295249 0.0009765625
89.115245454545459 89.135000000000005 1.3948590037861848 1.3954685460752347 0.0009765625
89.135000000000005 89.154754545454551 1.3948494648604879 1.3954590037861849 0.0009765625
89.154754545454551 89.174509090909098 1.3948399292962437 1.395449464860488 0.0009765625
89.174509090909098 89.194263636363644 1.3948303970915661 1.3954399292962438 0.0009765625
89.194263636363644 89.21401818181819 1.3948208682445686 1.3954303970915662 0.0009765625
89.21401818181819 89.233772727272736 1.3948113427533699 1.3954208682445688 0.0009765625
89.233772727272736 89.253527272727283 1.394801820616077 1.3954113427533701 0.0009765625
89.253527272727283 89.273281818181829 1.3947923018308175 1.3954018206160772 0.0009765625
89.273281818181829 89.293036363636375 1.394782786395703 1.3953923018308176 0.0009765625
89.293036363636375 89.312790909090921 1.3947732743088506 1.3953827863957031 0.0009765625
89.312790909090921 89.332545454545453 1.3947637655683889 1.3953732743088507 0.0009765625
89.332545454545453 89.3523 1.3947542601724332 1.395363765568389 0.0009765625
89.3523 89.372054545454546 1.3947447581191177 1.3953542601724334 0.0009765625
89.372054545454546 89.391809090909092 1.3947352594065661 1.3953447581191178 0.0009765625
89.391809090909092 89.411563636363638 1.3947257640328998 1.3953352594065662 0.0009765625
89.411563636363638 89.431318181818185 1.3947162719962485 1.3953257640329 0.0009765625
89.431318181818185 89.451072727272731 1.394706783294742 1.3953162719962486 0.0009765625
89.451072727272731 89.470827272727277 1.3946972979265191 1.3953067832947421 0.0009765625
89.470827272727277 89.490581818181823 1.3946878158897049 1.3952972979265192 0.0009765625
89.490581818181823 89.51033636363637 1.3946783371824438 1.3952878158897051 0.0009765625
89.51033636363637 89.530090909090916 1.3946688618028562 1.395278337182444 0.0009765625
89.530090909090916 89.549845454545462 1.3946593897490902 1.3952688618028564 0.0009765625
89.549845454545462 89.569600000000008 1.3946499210192871 1.3952593897490904 0.0009765625
89.569600000000008 89.589354545454555 1.3946404556115808 1.3952499210192872 0.0009765625
89.589354545454555 89.609109090909087 1.3946309935241152 1.3952404556115809 0.0009765625
89.609109090909087 89.628863636363633 1.394621534755033 1.3952309935241154 0.0009765625
89.628863636363633 89.648618181818179 1.3946120793024839 1.3952215347550332 0.0009765625
89.648618181818179 89.668372727272725 1.3946026271646037 1.395212079302484 0.0009765625
89.668372727272725 89.688127272727272 1.3945931783395462 1.3952026271646039 0.0009765625
89.688127272727272 89.707881818181818 1.3945837328254624 1.3951931783395464 0.0009765625
89.707881818181818 89.727636363636364 1.3945742906204999 1.3951837328254626 0.0009765625
89.727636363636364 89.74739090909091 1.3945648517222702 1.3951742906199589 0.0009765625
89.74739090909091 89.767145454545457 1.3945554161305402 1.3951648517228075 0.0009765625
89.767145454545457 89.786900000000003 1.3945459838418599 1.3951554161305404 0.0009765625
89.786900000000003 89.806654545454549 1.3945365548549131 1.3951459838418601 0.0009765625
89.806654545454549 89.826409090909095 1.3945271291678587 1.3951365548549133 0.0009765625
89.826409090909095 89.846163636363642 1.3945177067788594 1.3951271291678589 0.0009765625
89.846163636363642 89.865918181818174 1.3945082876860768 1.3951177067788596 0.0009765625
89.865918181818174 89.88567272727272 1.3944988718876674 1.395108287686077 0.0009765625
89.88567272727272 89.905427272727266 1.3944894593817954 1.3950988718876676 0.0009765625
89.905427272727266 89.925181818181812 1.3944800501666228 1.3950894593817955 0.0009765625
89.925181818181812 89.944936363636359 1.3944706442403225 1.395080050166623 0.0009765625
89.944936363636359 89.964690909090905 1.3944612416010602 1.3950706442403227 0.0009765625
89.964690909090905 89.984445454545451 1.3944518422469998 1.3950612416010604 0.0009765625
89.984445454545451 90.004199999999997 1.3944424461763145 1.395051842247 0.0009765625
90.004199999999997 90.023954545454544 1.3944330533871792 1.3950424461763147 0.0009765625
90.023954545454544 90.04370909090909 1.3944236638777647 1.3950330533871793 0.0009765625
90.04370909090909 90.063463636363636 1.3944142776462416 1.3950236638777649 0.0009765625
90.063463636363636 90.083218181818182 1.3944048946907877 1.3950142776462418 0.0009765625
90.083218181818182 90.102972727272729 1.3943955150095808 1.3950048946907878 0.0009765625
90.102972727272729 90.122727272727275 1.3943861386008036 1.394995515009581 0.0009765625
90.122727272727275 90.142481818181807 1.3943767654626285 1.3949861386008038 0.0009765625
90.142481818181807 90.162236363636353 1.3943673955932447 1.3949767654626286 0.0009765625
90.162236363636353 90.181990909090899 1.3943580289908291 1.3949673955932449 0.0009765625
90.181990909090899 90.201745454545446 1.3943486656535633 1.3949580289908292 0.0009765625
90.201745454545446 90.221499999999992 1.3943393055796462 1.3949486656535635 0.0009765625
90.221499999999992 90.241254545454538 1.3943299487672465 1.3949393055796464 0.0009765625
90.241254545454538 90.261009090909084 1.3943205952145661 1.3949299487672466 0.0009765625
90.261009090909084 90.280763636363631 1.3943112449197914 1.3949205952145662 0.0009765625
90.280763636363631 90.300518181818177 1.3943018978811137 1.3949112449197916 0.0009765625
90.300518181818177 90.320272727272723 1.3942925540967246 1.3949018978811139 0.0009765625
90.320272727272723 90.340027272727269 1.3942832135648153 1.3948925540967247 0.0009765625
90.340027272727269 90.359781818181816 1.3942738762835849 1.3948832135648155 0.0009765625
90.359781818181816 90.379536363636362 1.3942645422512328 1.3948738762835851 0.0009765625
90.379536363636362 90.399290909090894 1.3942552114659563 1.3948645422512329 0.0009765625
90.399290909090894 90.41904545454544 1.3942458839259462 1.3948552114659565 0.0009765625
90.41904545454544 90.438799999999986 1.3942365596294115 1.3948458839259463 0.0009765625
90.438799999999986 90.458554545454533 1.3942272385745511 1.3948365596294117 0.0009765625
90.458554545454533 90.478309090909079 1.3942179207595684 1.3948272385745513 0.0009765625
90.478309090909079 90.498063636363625 1.3942086061826704 1.3948179207595686 0.0009765625
90.498063636363625 90.517818181818171 1.394399294842066 1.3946086061826706 0.0009765625
90.517818181818171 90.537572727272718 1.3943899867354157 1.3945992948415267 0.0009765625
90.537572727272718 90.557327272727264 1.3943806818625484 1.3945899867359515 0.0009765625
90.557327272727264 90.57708181818181 1.3944413802200657 1.3945106818625486 0.0009765625
90.57708181818181 90.596836363636356 1.3941620818067155 1.3947713802200659 0.000244140625
90.596836363636356 90.616590909090903 1.3941527866207022 1.3947620818067157 0.000244140625
90.616590909090903 90.636345454545449 1.3941434946602451 1.3947527866207023 0.000244140625
90.636345454545449 90.656099999999995 1.3941342059235611 1.3947434946602453 0.000244140625
90.656099999999995 90.675854545454541 1.3941249204088699 1.3947342059235612 0.000244140625
90.675854545454541 90.695609090909088 1.3941156381143918 1.3947249204088701 0.000244140625
90.695609090909088 90.715363636363634 1.3941063590383347 1.3947156381143919 0.000244140625
90.715363636363634 90.735118181818166 1.394097083178935 1.3947063590383348 0.000244140625
90.735118181818166 90.754872727272712 1.3940878105344017 1.3946970831789351 0.000244140625
90.754872727272712 90.774627272727258 1.3940785411029688 1.3946878105344018 0.000244140625
90.774627272727258 90.794381818181805 1.3940692748828591 1.394678541102969 0.000244140625
90.794381818181805 90.814136363636351 1.3940600118722952 1.3946692748828593 0.000244140625
90.814136363636351 90.833890909090897 1.3940507520695131 1.3946600118722954 0.000244140625
90.833890909090897 90.853645454545443 1.3940414954727365 1.3946507520695133 0.000244140625
90.853645454545443 90.87339999999999 1.3940322420801976 1.3946414954727366 0.000244140625
90.87339999999999 90.893154545454536 1.3940229918901306 1.3946322420801978 0.000244140625
90.893154545454536 90.912909090909082 1.3940137449007644 1.3946229918901307 0.000244140625
90.912909090909082 90.932663636363628 1.3940045011103421 1.3946137449007645 0.000244140625
90.932663636363628 90.952418181818175 1.3939952605170893 1.3946045011103423 0.000244140625
90.952418181818175 90.972172727272721 1.3939860231192494 1.3945952605170895 0.000244140625
90.972172727272721 90.991927272727267 1.3939767889150652 1.3945860231192495 0.000244140625
90.991927272727267 91.011681818181813 1.3939675579027637 1.3945767889150653 0.000244140625
91.011681818181813 91.031436363636359 1.3939583300806018 1.3945675579027639 0.000244140625
91.031436363636359 91.051190909090906 1.3939491054468145 1.3945583300806019 0.000244140625
91.051190909090906 91.070945454545452 1.39393988399965 1.3945491054468147 0.000244140625
91.070945454545452 91.090699999999998 1.3939306657373498 1.3945398839996501 0.000244140625
91.090699999999998 91.11045454545453 1.3939214506581603 1.39453066573735 0.000244140625
91.11045454545453 91.130209090909077 1.393912238760336 1.3945214506581605 0.000244140625
91.130209090909077 91.149963636363623 1.3939030300421213 1.3945122387603361 0.000244140625
91.149963636363623 91.169718181818169 1.3938938245017667 1.3945030300421215 0.000244140625
91.169718181818169 91.189472727272715 1.3938846221375218 1.3944938245017668 0.000244140625
91.189472727272715 91.209227272727261 1.39387542294765 1.394484622137522 0.000244140625
91.209227272727261 91.228981818181808 1.3938662269304019 1.3944754229476501 0.000244140625
91.228981818181808 91.248736363636354 1.3938570340840291 1.394466226930402 0.000244140625
91.248736363636354 91.2684909090909 1.3938478444067939 1.3944570340840292 0.000244140625
91.2684909090909 91.288245454545446 1.3938386578969526 1.394447844406794 0.000244140625
91.288245454545446 91.307999999999993 1.3938294745527695 1.3944386578969528 0.000244140625
91.307999999999993 91.327754545454539 1.3938202943719638 1.3944294745522323 0.000244140625
91.327754545454539 91.347509090909085 1.3938111173544121 1.3944202943725024 0.000244140625
91.347509090909085 91.367263636363631 1.3938019434967668 1.3944111173544123 0.000244140625
91.367263636363631 91.387018181818178 1.3937927727978308 1.3944019434967669 0.000244140625
91.387018181818178 91.406772727272724 1.3937836052558719 1.3943927727978309 0.000244140625
91.406772727272724 91.42652727272727 1.3937744408691579 1.394383605255872 0.000244140625
91.42652727272727 91.446281818181816 1.3937652796359559 1.3943744408691581 0.000244140625
91.446281818181816 91.466036363636363 1.393756121554546 1.394365279635956 0.000244140625
91.466036363636363 91.485790909090909 1.3937469666231808 1.3943561215545461 0.000244140625
91.485790909090909 91.505545454545455 1.3937378148401482 1.3943469666231809 0.000244140625
91.505545454545455 91.525299999999987 1.3937286662037265 1.3943378148401484 0.000244140625
91.525299999999987 91.545054545454533 1.3937195207121802 1.3943286662037266 0.000244140625
91.545054545454533 91.56480909090908 1.3937103783637954 1.3943195207121803 0.000244140625
91.56480909090908 91.584563636363626 1.3937012391568411 1.3943103783637956 0.000244140625
91.584563636363626 91.604318181818172 1.3936921030896052 1.3943012391568412 0.000244140625
91.604318181818172 91.624072727272718 1.3936829701603681 1.3942921030896054 0.000244140625
91.624072727272718 91.643827272727265 1.3936738403674096 1.3942829701603683 0.000244140625
91.643827272727265 91.663581818181811 1.3936647137090177 1.3942738403674098 0.000244140625
91.663581818181811 91.683336363636357 1.3936555901834693 1.3942647137090178 0.000244140625
91.683336363636357 91.703090909090903 1.3936464697890569 1.3942555901834695 0.000244140625
91.703090909090903 91.72284545454545 1.3936373525240686 1.3942464697890571 0.000244140625
91.72284545454545 91.742599999999996 1.39362823838679 1.3942373525240688 0.000244140625
91.742599999999996 91.762354545454542 1.3936191273755192 1.3942282383867901 0.000244140625
91.762354545454542 91.782109090909088 1.3936100194885328 1.3942191273755193 0.000244140625
91.782109090909088 91.801863636363635 1.3936009147241375 1.394210019488533 0.000244140625
91.801863636363635 91.821618181818181 1.393591813080622 1.3942009147241377 0.000244140625
91.821618181818181 91.841372727272727 1.3935827145562869 1.3941918130806221 0.000244140625
91.841372727272727 91.861127272727273 1.3935736191494168 1.3941827145562871 0.000244140625
91.861127272727273 91.88088181818182 1.3935645268583199 1.394173619149417 0.000244140625
91.88088181818182 91.900636363636352 1.3935554376812946 1.39416452685832 0.000244140625
91.900636363636352 91.920390909090898 1.3935463516166358 1.3941554376812948 0.000244140625
91.920390909090898 91.940145454545444 1.3935372686626537 1.3941463516166359 0.000244140625
91.940145454545444 91.95989999999999 1.393528188817639 1.3941372686626539 0.000244140625
91.95989999999999 91.979654545454537 1.3935191120799106 1.3941281888176391 0.000244140625
91.979654545454537 91.999409090909083 1.3935100384477643 1.3941191120799108 0.000244140625
91.999409090909083 92.019163636363629 1.3935009679195134 1.3941100384477645 0.000244140625
92.019163636363629 92.038918181818175 1.3934919004934576 1.3941009679195135 0.000244140625
92.038918181818175 92.058672727272722 1.3934828361679119 1.3940919004934578 0.000244140625
92.058672727272722 92.078427272727268 1.3934737749411901 1.3940828361679121 0.000244140625
92.078427272727268 92.098181818181814 1.3934647168115981 1.3940737749411902 0.000244140625
92.098181818181814 92.11793636363636 1.3934556617769196 1.3940647168110636 0.000244140625
92.11793636363636 92.137690909090907 1.393446609837069 1.394055661777452 0.000244140625
92.137690909090907 92.157445454545453 1.3934375609887615 1.3940466098370692 0.000244140625
92.157445454545453 92.177199999999999 1.3934285152308457 1.3940375609887616 0.000244140625
92.177199999999999 92.196954545454545 1.3934194725616385 1.3940285152308458 0.000244140625
92.196954545454545 92.216709090909092 1.3934104329794661 1.3940194725616386 0.000244140625
92.216709090909092 92.236463636363638 1.3934013964826448 1.3940104329794663 0.000244140625
92.236463636363638 92.256218181818184 1.3933923630694982 1.394001396482645 0.000244140625
92.256218181818184 92.27597272727273 1.3933833327383496 1.3939923630694984 0.000244140625
92.27597272727273 92.295727272727277 1.3933743054875207 1.3939833327383497 0.000244140625
92.295727272727277 92.315481818181809 1.3933652813153445 1.3939743054875209 0.000244140625
92.315481818181809 92.335236363636355 1.3933562602201419 1.3939652813153447 0.000244140625
92.335236363636355 92.354990909090901 1.3933472422002391 1.3939562602201421 0.000244140625
92.354990909090901 92.374745454545447 1.3933382272539716 1.3939472422002392 0.000244140625
92.374745454545447 92.394499999999994 1.3933292153796697 1.3939382272539718 0.000244140625
92.394499999999994 92.41425454545454 1.3933202065756685 1.3939292153796699 0.000244140625
92.41425454545454 92.434009090909086 1.3933112008402897 1.3939202065756686 0.000244140625
92.434009090909086 92.453763636363632 1.3933021981718774 1.3939112008402899 0.000244140625
92.453763636363632 92.473518181818179 1.3932931985687662 1.3939021981718775 0.000244140625
92.473518181818179 92.493272727272725 1.393284202029295 1.3938931985687664 0.000244140625
92.493272727272725 92.513027272727271 1.3932752085517996 1.3938842020292952 0.000244140625
92.513027272727271 92.532781818181817 1.3932662181346165 1.3938752085517998 0.000244140625
92.532781818181817 92.552536363636364 1.3932572307760953 1.3938662181346166 0.000244140625
92.552536363636364 92.57229090909091 1.3932482464745732 1.3938572307760955 0.000244140625
92.57229090909091 92.592045454545456 1.393239265228388 1.3938482464745734 0.000244140625
92.592045454545456 92.611800000000002 1.3932302870358948 1.3938392652283882 0.000244140625
92.611800000000002 92.631554545454549 1.3932213118954291 1.393830287035895 0.000244140625
92.631554545454549 92.651309090909095 1.393212339805352 1.3938213118954292 0.000244140625
92.651309090909095 92.671063636363641 1.393203370763993 1.3938123398053521 0.000244140625
92.671063636363641 92.690818181818173 1.3931944047697138 1.3938033707639932 0.000244140625
92.690818181818173 92.710572727272719 1.3931854418208665 1.3937944047697139 0.000244140625
92.710572727272719 92.730327272727266 1.3931764819157997 1.3937854418208666 0.000244140625
92.730327272727266 92.750081818181812 1.3931675250528675 1.3937764819157998 0.000244140625
92.750081818181812 92.769836363636358 1.3931585712304235 1.3937675250528676 0.000244140625
92.769836363636358 92.789590909090904 1.3931496204468239 1.3937585712304237 0.000244140625
92.789590909090904 92.809345454545451 1.3931406727004285 1.393749620446824 0.000244140625
92.809345454545451 92.829099999999997 1.3931317279895865 1.3937406727004287 0.000244140625
92.829099999999997 92.848854545454543 1.3931227863126652 1.3937317279895867 0.000244140625
92.848854545454543 92.868609090909089 1.3931138476680271 1.3937227863126653 0.000244140625
92.868609090909089 92.888363636363636 1.3931049120540289 1.3937138476680273 0.000244140625
92.888363636363636 92.908118181818182 1.3930959794684934 1.3937049120534883 0.000244140625
92.908118181818182 92.927872727272728 1.3930870499114036 1.3936959794690285 0.000244140625
92.927872727272728 92.947627272727274 1.3930781233795131 1.3936870499114038 0.000244140625
92.947627272727274 92.967381818181821 1.3930691998717197 1.3936781233795132 0.000244140625
92.967381818181821 92.987136363636367 1.3930602793864013 1.3936691998717199 0.000244140625
92.987136363636367 93.006890909090913 1.3930513619219158 1.3936602793864015 0.000244140625
93.006890909090913 93.026645454545459 1.3930424474766445 1.393651361921916 0.000244140625
93.026645454545459 93.046400000000006 1.3930335360489456 1.3936424474766447 0.000244140625
93.046400000000006 93.066154545454552 1.3930246276372031 1.3936335360489458 0.000244140625
93.066154545454552 93.085909090909098 1.393015722239791 1.3936246276372033 0.000244140625
93.085909090909098 93.10566363636363 1.3930068198550762 1.3936157222397911 0.000244140625
93.10566363636363 93.125418181818176 1.3929979204814456 1.3936068198550764 0.000244140625
93.125418181818176 93.145172727272723 1.392989024117266 1.3935979204814457 0.000244140625
93.145172727272723 93.164927272727269 1.3929801307609222 1.3935890241172662 0.000244140625
93.164927272727269 93.184681818181815 1.3929712404107992 1.3935801307609224 0.000244140625
93.184681818181815 93.204436363636361 1.3929623530652648 1.3935712404107994 0.000244140625
93.204436363636361 93.224190909090908 1.3929534687227216 1.393562353065265 0.000244140625
93.224190909090908 93.243945454545454 1.3929445873815314 1.3935534687227218 0.000244140625
93.243945454545454 93.2637 1.3929357090400913 1.3935445873815315 0.000244140625
93.2637 93.283454545454546 1.392926833696785 1.3935357090400915 0.000244140625
93.283454545454546 93.303209090909093 1.392917961350002 1.3935268336967852 0.000244140625
93.303209090909093 93.322963636363639 1.3929090919981226 1.3935179613500022 0.000244140625
93.322963636363639 93.342718181818185 1.3929002256395493 1.3935090919981228 0.000244140625
93.342718181818185 93.362472727272731 1.3928913622726595 1.3935002256395495 0.000244140625
93.362472727272731 93.382227272727278 1.3928825018958553 1.3934913622726597 0.000244140625
93.382227272727278 93.401981818181824 1.3928736445075269 1.3934825018958554 0.000244140625
93.401981818181824 93.42173636363637 1.3928647901060716 1.3934736445075271 0.000244140625
93.42173636363637 93.441490909090916 1.392855938689882 1.3934647901060717 0.000244140625
93.441490909090916 93.461245454545463 1.3928470902573493 1.3934559386898822 0.000244140625
93.461245454545463 93.480999999999995 1.392838244806875 1.3934470902573495 0.000244140625
93.480999999999995 93.500754545454541 1.3928294023368717 1.3934382448068752 0.000244140625
93.500754545454541 93.520509090909087 1.3928205628457206 1.3934294023368718 0.000244140625
93.520509090909087 93.540263636363633 1.3928117263318289 1.3934205628457208 0.000244140625
93.540263636363633 93.56001818181818 1.3928028927936047 1.3934117263318291 0.000244140625
93.56001818181818 93.579772727272726 1.3927940622294499 1.3934028927936049 0.000244140625
93.579772727272726 93.599527272727272 1.3927852346377647 1.3933940622294501 0.000244140625
93.599527272727272 93.619281818181818 1.3927764100169626 1.3933852346377649 0.000244140625
93.619281818181818 93.639036363636365 1.3927675883654453 1.3933764100169628 0.000244140625
93.639036363636365 93.658790909090911 1.3927587696816308 1.3933675883654455 0.000244140625
93.658790909090911 93.678545454545457 1.3927499539639145 1.393358769681631 0.000244140625
93.678545454545457 93.698300000000003 1.3927411412101838 1.3933499539633813 0.000244140625
93.698300000000003 93.718054545454549 1.3927323314204503 1.3933411412107175 0.000244140625
93.718054545454549 93.737809090909096 1.3927235245915219 1.3933323314204504 0.000244140625
93.737809090909096 93.757563636363642 1.392714720722358 1.3933235245915221 0.000244140625
93.757563636363642 93.777318181818188 1.3927059198113623 1.3933147207223582 0.000244140625
93.777318181818188 93.797072727272734 1.3926971218569575 1.3933059198113624 0.000244140625
93.797072727272734 93.816827272727281 1.3926883268575552 1.3932971218569576 0.000244140625
93.816827272727281 93.836581818181827 1.392679534811583 1.3932883268575553 0.000244140625
93.836581818181827 93.856336363636373 1.392670745717461 1.3932795348115832 0.000244140625
93.856336363636373 93.876090909090919 1.3926619595736058 1.3932707457174611 0.000244140625
93.876090909090919 93.895845454545452 1.3926531763784398 1.393261959573606 0.000244140625
93.895845454545452 93.915599999999998 1.392644396130388 1.3932531763784399 0.000244140625
93.915599999999998 93.935354545454544 1.3926356188278817 1.3932443961303882 0.000244140625
93.935354545454544 93.95510909090909 1.3926268444693437 1.3932356188278818 0.000244140625
93.95510909090909 93.974863636363636 1.3926180730531956 1.3932268444693439 0.000244140625
93.974863636363636 93.994618181818183 1.3928093045778729 1.3930180730531958 0.000244140625
93.994618181818183 94.014372727272729 1.3928005390417972 1.3930093045778731 0.000244140625
94.014372727272729 94.034127272727275 1.3927917764434101 1.3930005390417974 0.000244140625
94.034127272727275 94.053881818181821 1.3927830167811346 1.3929917764434103 0.000244140625
94.053881818181821 94.073636363636368 1.3927742600534079 1.3929830167811348 0.000244140625
94.073636363636368 94.093390909090914 1.3927655062586635 1.3929742600534081 0.000244140625
94.093390909090914 94.11314545454546 1.3927567553953428 1.3929655062586637 0.000244140625
94.11314545454546 94.132900000000006 1.3927480074618719 1.392956755395343 0.000244140625
94.132900000000006 94.152654545454553 1.3927392624566959 1.3929480074618721 0.000244140625
94.152654545454553 94.172409090909099 1.3927305203782485 1.3929392624566961 0.000244140625
94.172409090909099 94.192163636363645 1.3927217812249699 1.3929305203782487 0.000244140625
94.192163636363645 94.211918181818191 1.3927130449953145 1.3929217812249701 0.000244140625
94.211918181818191 94.231672727272738 1.392704311687708 1.3929130449953147 0.000244140625
94.231672727272738 94.251427272727284 1.3926955813005988 1.3929043116877082 0.000244140625
94.251427272727284 94.271181818181816 1.3926868538324346 1.392895581300599 0.000244140625
94.271181818181816 94.290936363636362 1.3926781292816601 1.3928868538324348 0.000244140625
94.290936363636362 94.310690909090908 1.3926694076467214 1.3928781292816603 0.000244140625
94.310690909090908 94.330445454545455 1.3926606889260671 1.3928694076467216 0.000244140625
94.330445454545455 94.350200000000001 1.3926519731181499 1.3928606889260673 0.000244140625
94.350200000000001 94.369954545454547 1.3926432602214081 1.3928519731181501 0.000244140625
94.369954545454547 94.389709090909093 1.3926345502343045 1.3928432602214083 0.000244140625
94.389709090909093 94.40946363636364 1.3926258431552887 1.3928345502343047 0.000244140625
94.40946363636364 94.429218181818186 1.3926171389828195 1.3928258431552889 0.000244140625
94.429218181818186 94.448972727272732 1.392608437715344 1.3928171389828197 0.000244140625
94.448972727272732 94.468727272727278 1.3925997393513185 1.3928084377153442 0.000244140625
94.468727272727278 94.488481818181825 1.3925910438886733 1.3927997393507843 0.000244140625
94.488481818181825 94.508236363636371 1.392582351327462 1.3927910438892077 0.000244140625
94.508236363636371 94.527990909090917 1.3925736616645474 1.3927823513274622 0.000244140625
94.527990909090917 94.547745454545463 1.3925649748989186 1.3927736616645476 0.000244140625
94.547745454545463 94.56750000000001 1.3925562910290314 1.3927649748989188 0.000244140625
94.56750000000001 94.587254545454556 1.392547610053374 1.3927562910290316 0.000244140625
94.587254545454556 94.607009090909102 1.3925389319703807 1.3927476100533742 0.000244140625
94.607009090909102 94.626763636363648 1.3925302567785307 1.3927389319703809 0.000244140625
94.626763636363648 94.646518181818195 1.3925215844762897 1.3927302567785309 0.000244140625
94.646518181818195 94.666272727272741 1.392512915062126 1.3927215844762899 0.000244140625
94.666272727272741 94.686027272727273 1.3925042485345078 1.3927129150621262 0.000244140625
94.686027272727273 94.705781818181819 1.3924955848918987 1.392704248534508 0.000244140625
94.705781818181819 94.725536363636365 1.3924869241327729 1.3926955848918989 0.000244140625
94.725536363636365 94.745290909090912 1.3924782662556059 1.3926869241327731 0.000244140625
94.745290909090912 94.765045454545458 1.3924696112588726 1.3926782662556061 0.000244140625
94.765045454545458 94.784800000000004 1.3924609591410337 1.3926696112588728 0.000244140625
94.784800000000004 94.80455454545455 1.3924523099005719 1.3926609591410339 0.000244140625
94.80455454545455 94.824309090909097 1.3924436635359705 1.3926523099005721 0.000244140625
94.824309090909097 94.844063636363643 1.3924350200456965 1.3926436635359707 0.000244140625
94.844063636363643 94.863818181818189 1.3924263794282326 1.3926350200456967 0.000244140625
94.863818181818189 94.883572727272735 1.3924177416820613 1.3926263794282328 0.000244140625
94.883572727272735 94.903327272727282 1.392409106805667 1.3926177416820615 0.000244140625
94.903327272727282 94.923081818181828 1.3924004747975132 1.3926091068056672 0.000244140625
94.923081818181828 94.942836363636374 1.3923918456560989 1.3926004747975134 0.000244140625
94.942836363636374 94.96259090909092 1.3923832193799044 1.3925918456560991 0.000244140625
94.96259090909092 94.982345454545467 1.3923745959674148 1.3925832193799046 0.000244140625
94.982345454545467 95.002100000000013 1.3923659754171156 1.392574595967415 0.000244140625
95.002100000000013 95.021854545454559 1.3923573577274928 1.3925659754171158 0.000244140625
95.021854545454559 95.041609090909105 1.3923487428970411 1.392557357727493 0.000244140625
95.041609090909105 95.061363636363637 1.3923401309242374 1.3925487428970413 0.000244140625
95.061363636363637 95.081118181818184 1.3923315218075885 1.3925401309242376 0.000244140625
95.081118181818184 95.10087272727273 1.3923229155455803 1.3925315218075887 0.000244140625
95.10087272727273 95.120627272727276 1.3923143121366937 1.3925229155455805 0.000244140625
95.120627272727276 95.140381818181822 1.3923057115794397 1.3925143121366939 0.000244140625
95.140381818181822 95.160136363636369 1.3922971138723004 1.3925057115794399 0.000244140625
95.160136363636369 95.179890909090915 1.3922885190137846 1.3924971138723006 0.000244140625
95.179890909090915 95.199645454545461 1.3922799270023813 1.3924885190137848 0.000244140625
95.199645454545461 95.219400000000007 1.3922713378365901 1.3924799270023815 0.000244140625
95.219400000000007 95.239154545454554 1.3922627515149053 1.3924713378365903 0.000244140625
95.239154545454554 95.2589090909091 1.3922541680358373 1.3924627515149055 0.000244140625
95.2589090909091 95.278663636363646 1.3922455873973465 1.3924541680353029 0.000244140625
95.278663636363646 95.298418181818192 1.392237009599548 1.3924455873978827 0.000244140625
95.298418181818192 95.318172727272739 1.3922284346393308 1.3924370095995482 0.000244140625
95.318172727272739 95.337927272727285 1.392219862515736 1.392428434639331 0.000244140625
95.337927272727285 95.357681818181831 1.3922112932272774 1.3924198625157362 0.000244140625
95.357681818181831 95.377436363636377 1.3922027267724548 1.3924112932272776 0.000244140625
95.377436363636377 95.397190909090909 1.392194163149777 1.392402726772455 0.000244140625
95.397190909090909 95.416945454545456 1.3921856023577681 1.3923941631497772 0.000244140625
95.416945454545456 95.436700000000002 1.3921770443949129 1.3923856023577683 0.000244140625
95.436700000000002 95.456454545454548 1.3921684892597352 1.3923770443949131 0.000244140625
95.456454545454548 95.476209090909094 1.3921599369507474 1.3923684892597354 0.000244140625
95.476209090909094 95.495963636363641 1.3921513874664724 1.3923599369507476 0.000244140625
95.495963636363641 95.515718181818187 1.3921428408054068 1.3923513874664726 0.000244140625
95.515718181818187 95.535472727272733 1.3921342969660808 1.392342840805407 0.000244140625
95.535472727272733 95.555227272727279 1.3921257559470008 1.392334296966081 0.000244140625
95.555227272727279 95.574981818181826 1.3921172177466943 1.392325755947001 0.000244140625
95.574981818181826 95.594736363636372 1.3921086823636721 1.3923172177466945 0.000244140625
95.594736363636372 95.614490909090918 1.3921001497964574 1.3923086823636723 0.000244140625
95.614490909090918 95.634245454545464 1.3920916200435769 1.3923001497964576 0.000244140625
95.634245454545464 95.653999999999996 1.3920830931035402 1.3922916200435771 0.000244140625
95.653999999999996 95.673754545454543 1.3920745689748892 1.3922830931035404 0.000244140625
95.673754545454543 95.693509090909089 1.3920660476561282 1.3922745689748894 0.000244140625
95.693509090909089 95.713263636363635 1.3920575291457855 1.3922660476561284 0.000244140625
95.713263636363635 95.733018181818181 1.3920490134424086 1.3922575291457857 0.000244140625
95.733018181818181 95.752772727272728 1.3920405005444974 1.3922490134424088 0.000244140625
95.752772727272728 95.772527272727274 1.3920319904505947 1.3922405005444976 0.000244140625
95.772527272727274 95.79228181818182 1.392023483159232 1.3922319904505949 0.000244140625
95.79228181818182 95.812036363636366 1.3920149786689329 1.3922234831592322 0.000244140625
95.812036363636366 95.831790909090913 1.392006476978235 1.3922149786689331 0.000244140625
95.831790909090913 95.851545454545459 1.3919979780856682 1.3922064769782352 0.000244140625
95.851545454545459 95.871300000000005 1.3919894819897658 1.3921979780856684 0.000244140625
95.871300000000005 95.891054545454551 1.3919809886890615 1.392189481989766 0.000244140625
95.891054545454551 95.910809090909098 1.3919724981820991 1.3921809886890617 0.000244140625
95.910809090909098 95.93056363636363 1.3919640104674047 1.3921724981820993 0.000244140625
95.93056363636363 95.950318181818176 1.3919555255435274 1.3921640104674049 0.000244140625
95.950318181818176 95.970072727272722 1.3919470434089967 1.3921555255435276 0.000244140625
95.970072727272722 95.989827272727268 1.3919385640623609 1.3921470434089969 0.000244140625
95.989827272727268 96.009581818181815 1.3919300875021612 1.3921385640623611 0.000244140625
96.009581818181815 96.029336363636361 1.3919216137269332 1.3921300875021614 0.000244140625
96.029336363636361 96.049090909090907 1.3919131427352192 1.3921216137269334 0.000244140625
96.049090909090907 96.068845454545453 1.3919046745250367 1.3921131427346864 0.000244140625
96.068845454545453 96.0886 1.391896209096527 1.3921046745255674 0.000244140625
96.0886 96.108354545454546 1.3918877464466397 1.3920962090965272 0.000244140625
96.108354545454546 96.128109090909092 1.3918792865744605 1.3920877464466399 0.000244140625
96.128109090909092 96.147863636363638 1.3918708294785309 1.3920792865744607 0.000244140625
96.147863636363638 96.167618181818185 1.3918623751573971 1.3920708294785311 0.000244140625
96.167618181818185 96.187372727272731 1.3918539236096168 1.3920623751573973 0.000244140625
96.187372727272731 96.207127272727277 1.3918454748337388 1.392053923609617 0.000244140625
96.207127272727277 96.226881818181823 1.3918370288283213 1.392045474833739 0.000244140625
96.226881818181823 96.246636363636355 1.3918285855919157 1.3920370288283215 0.000244140625
96.246636363636355 96.266390909090902 1.3918201451230687 1.3920285855919159 0.000244140625
96.266390909090902 96.286145454545448 1.3918117074203429 1.3920201451230689 0.000244140625
96.286145454545448 96.305899999999994 1.3918032724822957 1.3920117074203431 0.000244140625
96.305899999999994 96.32565454545454 1.3917948403074889 1.3920032724822959 0.000244140625
96.32565454545454 96.345409090909087 1.3917864108944733 1.3919948403074891 0.000244140625
96.345409090909087 96.365163636363633 1.3917779842418125 1.3919864108944735 0.000244140625
96.365163636363633 96.384918181818179 1.3917695603480669 1.3919779842418127 0.000244140625
96.384918181818179 96.404672727272725 1.391761139211803 1.3919695603480671 0.000244140625
96.404672727272725 96.424427272727272 1.3917527208315823 1.3919611392118032 0.000244140625
96.424427272727272 96.444181818181818 1.3917443052059701 1.3919527208315825 0.000244140625
96.444181818181818 96.463936363636364 1.3917358923335228 1.3919443052059703 0.000244140625
96.463936363636364 96.48369090909091 1.3917274822128132 1.391935892333523 0.000244140625
96.48369090909091 96.503445454545457 1.3917190748424124 1.3919274822128134 0.000244140625
96.503445454545457 96.523200000000003 1.3917106702208795 1.3919190748424126 0.000244140625
96.523200000000003 96.542954545454549 1.3917022683467966 1.3919106702208797 0.000244140625
96.542954545454549 96.562709090909095 1.391693869218722 1.3919022683467968 0.000244140625
96.562709090909095 96.582463636363642 1.3916854728352346 1.3918938692187222 0.000244140625
96.582463636363642 96.602218181818188 1.3916770791949047 1.3918854728352348 0.000244140625
96.602218181818188 96.621972727272734 1.3916686882963054 1.3918770791949049 0.000244140625
96.621972727272734 96.64172727272728 1.3916603001380154 1.3918686882963056 0.000244140625
96.64172727272728 96.661481818181812 1.391651914718596 1.3918603001380156 0.000244140625
96.661481818181812 96.681236363636359 1.3916435320366372 1.3918519147185962 0.000244140625
96.681236363636359 96.700990909090905 1.3916351520907173 1.3918435320366374 0.000244140625
96.700990909090905 96.720745454545451 1.3916267748794149 1.3918351520907175 0.000244140625
96.720745454545451 96.740499999999997 1.3916184004012953 1.3918267748794151 0.000244140625
96.740499999999997 96.760254545454544 1.3916100286549591 1.3918184004012955 0.000244140625
96.760254545454544 96.78000909090909 1.3916016596389731 1.3918100286549593 0.000244140625
96.78000909090909 96.799763636363636 1.3915932933519288 1.3918016596389733 0.000244140625
96.799763636363636 96.819518181818182 1.3915849297924026 1.391793293351929 0.000244140625
96.819518181818182 96.839272727272729 1.3915765689589834 1.3917849297924028 0.000244140625
96.839272727272729 96.859027272727275 1.3915682108497285 1.3917765689584525 0.000244140625
96.859027272727275 96.878781818181821 1.3915598554648174 1.3917682108502616 0.000244140625
96.878781818181821 96.898536363636367 1.391551502801236 1.3917598554648176 0.000244140625
96.898536363636367 96.918290909090913 1.3915431528581133 1.3917515028012362 0.000244140625
96.918290909090913 96.93804545454546 1.3915348056340378 1.3917431528581135 0.000244140625
96.93804545454546 96.957800000000006 1.3915264611275939 1.391734805634038 0.000244140625
96.957800000000006 96.977554545454538 1.3915181193373867 1.3917264611275941 0.000244140625
96.977554545454538 96.997309090909084 1.3915097802619973 1.3917181193373869 0.000244140625
96.997309090909084 97.017063636363631 1.3915014439000184 1.3917097802619975 0.000244140625
97.017063636363631 97.036818181818177 1.391493110250053 1.3917014439000186 0.000244140625
97.036818181818177 97.056572727272723 1.3914847793106924 1.3916931102500532 0.000244140625
97.056572727272723 97.076327272727269 1.3914764510805331 1.3916847793106926 0.000244140625
97.076327272727269 97.096081818181815 1.3914681255581753 1.3916764510805333 0.000244140625
97.096081818181815 97.115836363636362 1.3914598027422189 1.3916681255581755 0.000244140625
97.115836363636362 97.135590909090908 1.3914514826312603 1.3916598027422191 0.000244140625
97.135590909090908 97.155345454545454 1.3914431652238903 1.3916514826312605 0.000244140625
97.155345454545454 97.1751 1.3914348505187364 1.3916431652238905 0.000244140625
97.1751 97.194854545454547 1.3914265385143842 1.3916348505187366 0.000244140625
97.194854545454547 97.214609090909093 1.391418229209433 1.3916265385143844 0.000244140625
97.214609090909093 97.234363636363639 1.3914099226025027 1.3916182292094332 0.000244140625
97.234363636363639 97.254118181818171 1.3914016186921869 1.3916099226025029 0.000244140625
97.254118181818171 97.273872727272717 1.3913933174770936 1.3916016186921871 0.000244140625
97.273872727272717 97.293627272727264 1.3913850189558408 1.3915933174770938 0.000244140625
97.293627272727264 97.31338181818181 1.3913767231270315 1.391585018955841 0.000244140625
97.31338181818181 97.333136363636356 1.3913684299892652 1.3915767231270317 0.000244140625
97.333136363636356 97.352890909090902 1.3913601395411641 1.3915684299892654 0.000244140625
97.352890909090902 97.372645454545449 1.3913518517813428 1.3915601395411643 0.000244140625
97.372645454545449 97.392399999999995 1.3913435667084046 1.391551851781343 0.000244140625
97.392399999999995 97.412154545454541 1.3913352843209712 1.3915435667084048 0.000244140625
97.412154545454541 97.431909090909087 1.3913270046176531 1.3915352843209714 0.000244140625
97.431909090909087 97.451663636363634 1.3913187275970644 1.3915270046176533 0.000244140625
97.451663636363634 97.47141818181818 1.3913104532578213 1.3915187275970646 0.000244140625
97.47141818181818 97.491172727272726 1.3913021815985436 1.3915104532578215 0.000244140625
97.491172727272726 97.510927272727258 1.391293912617857 1.3915021815985438 0.000244140625
97.510927272727258 97.530681818181804 1.3912856463143708 1.3914939126178572 0.000244140625
97.530681818181804 97.550436363636351 1.391277382686708 1.391485646314371 0.000244140625
97.550436363636351 97.570190909090897 1.3912691217334985 1.3914773826867082 0.000244140625
97.570190909090897 97.589945454545443 1.3912608634533485 1.3914691217334987 0.000244140625
97.589945454545443 97.609699999999989 1.3912526078449003 1.3914608634533487 0.000244140625
97.609699999999989 97.629454545454536 1.3912443549067601 1.3914526078449005 0.000244140625
97.629454545454536 97.649209090909082 1.3912361046370367 1.391444354906231 0.000244140625
97.649209090909082 97.668963636363628 1.3912278570359431 1.3914361046375721 0.000244140625
97.668963636363628 97.688718181818174 1.3912196121005185 1.3914278570359433 0.000244140625
97.688718181818174 97.708472727272721 1.3912113698299142 1.3914196121005187 0.000244140625
97.708472727272721 97.728227272727267 1.3912031302227734 1.3914113698299144 0.000244140625
97.728227272727267 97.747981818181813 1.3911948932777074 1.3914031302227736 0.000244140625
97.747981818181813 97.767736363636359 1.3911866589933679 1.3913948932777076 0.000244140625
97.767736363636359 97.787490909090906 1.3911784273683709 1.3913866589933681 0.000244140625
97.787490909090906 97.807245454545452 1.3911701984013558 1.3913784273683711 0.000244140625
97.807245454545452 97.826999999999998 1.3911619720909569 1.391370198401356 0.000244140625
97.826999999999998 97.84675454545453 1.3911537484358125 1.3913619720909571 0.000244140625
97.84675454545453 97.866509090909076 1.3911455274345497 1.3913537484358127 0.000244140625
97.866509090909076 97.886263636363623 1.3911373090858206 1.3913455274345499 0.000244140625
97.886263636363623 97.906018181818169 1.3911290933882459 1.3913373090858208 0.000244140625
97.906018181818169 97.925772727272715 1.39112088034048 1.3913290933882461 0.000244140625
97.925772727272715 97.945527272727261 1.3911126699411578 1.3913208803404802 0.000244140625
97.945527272727261 97.965281818181808 1.3911044621889113 1.391312669941158 0.000244140625
97.965281818181808 97.985036363636354 1.3910962570823933 1.3913044621889115 0.000244140625
97.985036363636354 98.0047909090909 1.3910880546202444 1.3912962570823935 0.000244140625
98.0047909090909 98.024545454545446 1.391079854801113 1.3912880546202446 0.000244140625
98.024545454545446 98.044299999999993 1.3910716576236277 1.3912798548011132 0.000244140625
98.044299999999993 98.064054545454539 1.3910634630864536 1.3912716576236279 0.000244140625
98.064054545454539 98.083809090909085 1.3910552711882298 1.3912634630864538 0.000244140625
98.083809090909085 98.103563636363631 1.3910470819276008 1.39125527118823 0.000244140625
98.103563636363631 98.123318181818178 1.3910388953032164 1.391247081927601 0.000244140625
98.123318181818178 98.143072727272724 1.3910307113137323 1.3912388953032166 0.000244140625
98.143072727272724 98.16282727272727 1.3910225299577954 1.3912307113137325 0.000244140625
98.16282727272727 98.182581818181816 1.391014351234048 1.3912225299577956 0.000244140625
98.182581818181816 98.202336363636363 1.3910061751411626 1.3912143512340482 0.000244140625
98.202336363636363 98.222090909090895 1.3909980016777725 1.3912061751411628 0.000244140625
98.222090909090895 98.241845454545441 1.390989830842545 1.3911980016777727 0.000244140625
98.241845454545441 98.261599999999987 1.3909816626341356 1.3911898308425452 0.000244140625
98.261599999999987 98.281354545454533 1.39097349705119 1.3911816626341358 0.000244140625
98.281354545454533 98.30110909090908 1.3909653340923731 1.3911734970511902 0.000244140625
98.30110909090908 98.320863636363626 1.3909571737563482 1.3911653340923733 0.000244140625
98.320863636363626 98.340618181818172 1.3909490160417632 1.3911571737563484 0.000244140625
98.340618181818172 98.360372727272718 1.3909408609472851 1.3911490160417634 0.000244140625
98.360372727272718 98.380127272727265 1.3909327084715712 1.3911408609472853 0.000244140625
98.380127272727265 98.399881818181811 1.3909245586132886 1.3911327084715714 0.000244140625
98.399881818181811 98.419636363636357 1.3909164113710972 1.3911245586132888 0.000244140625
98.419636363636357 98.439390909090903 1.3909082667431252 1.3911164113705601 0.000244140625
98.439390909090903 98.45914545454545 1.3909001247296418 1.3911082667436576 0.000244140625
98.45914545454545 98.478899999999996 1.3908919853277077 1.391100124729642 0.000244140625
98.478899999999996 98.498654545454542 1.3908838485365289 1.3910919853277079 0.000244140625
98.498654545454542 98.518409090909088 1.3908757143547683 1.3910838485365291 0.000244140625
98.518409090909088 98.538163636363635 1.3908675827810983 1.3910757143547685 0.000244140625
98.538163636363635 98.557918181818181 1.3908594538141863 1.3910675827810985 0.000244140625
98.557918181818181 98.577672727272727 1.3908513274527117 1.3910594538141865 0.000244140625
98.577672727272727 98.597427272727273 1.3908432036953189 1.3910513274527119 0.000244140625
98.597427272727273 98.61718181818182 1.3908350825407119 1.3910432036953191 0.000244140625
98.61718181818182 98.636936363636352 1.3908269639875499 1.3910350825407121 0.000244140625
98.636936363636352 98.656690909090898 1.3908188480345052 1.3910269639875501 0.000244140625
98.656690909090898 98.676445454545444 1.390810734680253 1.3910188480345054 0.000244140625
98.676445454545444 98.69619999999999 1.3908026239234801 1.3910107346802532 0.000244140625
98.69619999999999 98.715954545454537 1.3907945157628501 1.3910026239234803 0.000244140625
98.715954545454537 98.735709090909083 1.3907864101970424 1.3909945157628503 0.000244140625
98.735709090909083 98.755463636363629 1.3907783072247475 1.3909864101970426 0.000244140625
98.755463636363629 98.775218181818175 1.3907702068446328 1.3909783072247477 0.000244140625
98.775218181818175 98.794972727272722 1.3907621090553863 1.390970206844633 0.000244140625
98.794972727272722 98.814727272727268 1.3907540138556862 1.3909621090553865 0.000244140625
98.814727272727268 98.834481818181814 1.3907459212442126 1.3909540138556864 0.000244140625
98.834481818181814 98.85423636363636 1.3907378312196537 1.3909459212442128 0.000244140625
98.85423636363636 98.873990909090907 1.3907297437806958 1.3909378312196539 0.000244140625
98.873990909090907 98.893745454545453 1.3907216589260221 1.390929743780696 0.000244140625
98.893745454545453 98.913499999999999 1.3907135766543113 1.3909216589260223 0.000244140625
98.913499999999999 98.933254545454545 1.390705496964262 1.3909135766543115 0.000244140625
98.933254545454545 98.953009090909092 1.3906974198545541 1.3909054969642622 0.000244140625
98.953009090909092 98.972763636363638 1.3906893453238867 1.3908974198545543 0.000244140625
98.972763636363638 98.992518181818184 1.3906812733709373 1.3908893453238869 0.000244140625
98.992518181818184 99.012272727272716 1.3906732039944047 1.3908812733709375 0.000244140625
99.012272727272716 99.032027272727262 1.3906651371929748 1.3908732039944049 0.000244140625
99.032027272727262 99.051781818181809 1.3906570729653494 1.390865137192975 0.000244140625
99.051781818181809 99.071536363636355 1.3906490113102117 1.3908570729653496 0.000244140625
99.071536363636355 99.091290909090901 1.3906409522262595 1.3908490113102119 0.000244140625
99.091290909090901 99.111045454545447 1.3906328957122027 1.3908409522262597 0.000244140625
99.111045454545447 99.130799999999994 1.3906248417667071 1.3908328957122029 0.000244140625
99.130799999999994 99.15055454545454 1.3906167903884974 1.3908248417667073 0.000244140625
99.15055454545454 99.170309090909086 1.3906087415762609 1.3908167903884976 0.000244140625
99.170309090909086 99.190063636363632 1.3906006953286956 1.3908087415762611 0.000244140625
99.190063636363632 99.209818181818179 1.3905926516445046 1.3908006953286958 0.000244140625
99.209818181818179 99.229572727272725 1.3905846105218596 1.3907926516439781 0.000244140625
99.229572727272725 99.249327272727271 1.3905765719610546 1.3907846105223935 0.000244140625
99.249327272727271 99.269081818181817 1.3905685359591931 1.3907765719610548 0.000244140625
99.269081818181817 99.288836363636364 1.3905605025155141 1.3907685359591933 0.000244140625
99.288836363636364 99.30859090909091 1.3905524716287205 1.3907605025155143 0.000244140625
99.30859090909091 99.328345454545456 1.3905444432975247 1.3907524716287207 0.000244140625
99.328345454545456 99.348100000000002 1.3905364175206265 1.3907444432975249 0.000244140625
99.348100000000002 99.367854545454549 1.3905283942967317 1.3907364175206267 0.000244140625
99.367854545454549 99.387609090909095 1.3905203736245582 1.3907283942967319 0.000244140625
99.387609090909095 99.407363636363641 1.3905123555027981 1.3907203736245584 0.000244140625
99.407363636363641 99.427118181818173 1.3905043399301784 1.3907123555027983 0.000244140625
99.427118181818173 99.446872727272719 1.3904963269053969 1.3907043399301786 0.000244140625
99.446872727272719 99.466627272727266 1.390488316427176 1.3906963269053971 0.000244140625
99.466627272727266 99.486381818181812 1.3904803084942203 1.3906883164271762 0.000244140625
99.486381818181812 99.506136363636358 1.3904723031052524 1.3906803084942205 0.000244140625
99.506136363636358 99.525890909090904 1.3904643002589789 1.3906723031052526 0.000244140625
99.525890909090904 99.545645454545451 1.3904562999541146 1.3906643002589791 0.000244140625
99.545645454545451 99.565399999999997 1.3904483021893803 1.3906562999541148 0.000244140625
99.565399999999997 99.585154545454543 1.390440306963493 1.3906483021893805 0.000244140625
99.585154545454543 99.604909090909089 1.3904323142751656 1.3906403069634932 0.000244140625
99.604909090909089 99.624663636363636 1.39042432412312 1.3906323142751658 0.000244140625
99.624663636363636 99.644418181818182 1.3904163365060811 1.3906243241231202 0.000244140625
99.644418181818182 99.664172727272728 1.3904083514227603 1.3906163365060813 0.000244140625
99.664172727272728 99.683927272727274 1.39040036887189 1.3906083514227605 0.000244140625
99.683927272727274 99.703681818181821 1.3903923888521796 1.3906003688718902 0.000244140625
99.703681818181821 99.723436363636367 1.390384411362362 1.3905923888521798 0.000244140625
99.723436363636367 99.743190909090913 1.3903764364011599 1.3905844113623622 0.000244140625
99.743190909090913 99.762945454545459 1.3903684639673008 1.3905764364011601 0.000244140625
99.762945454545459 99.782700000000006 1.3903604940594985 1.390568463967301 0.000244140625
99.782700000000006 99.802454545454538 1.3903525266764989 1.3905604940594987 0.000244140625
99.802454545454538 99.822209090909084 1.3903445618170125 1.3905525266764991 0.000244140625
99.822209090909084 99.84196363636363 1.3903365994797785 1.3905445618170127 0.000244140625
99.84196363636363 99.861718181818176 1.3903286396635233 1.3905365994797787 0.000244140625
99.861718181818176 99.881472727272723 1.3903206823669754 1.3905286396635235 0.000244140625
99.881472727272723 99.901227272727269 1.3903127275888731 1.3905206823669756 0.000244140625
99.901227272727269 99.920981818181815 1.3903047753279378 1.3905127275888733 0.000244140625
99.920981818181815 99.940736363636361 1.3902968255829053 1.390504775327938 0.000244140625
99.940736363636361 99.960490909090908 1.3902888783525209 1.3904968255829055 0.000244140625
99.960490909090908 99.980245454545454 1.3902809336355091 1.3904888783525211 0.000244140625
99.980245454545454 100 1.3902729914306067 1.3904809336355093 0.000244140625
