# Direct counterexample,  d = 9:  C(p) < 0 on [2.0000001, 64.67]
claim 9 9 2.0000001 64.67 -
# p1 p2 lambda1 lambda2 tau0
2.0000000999999998 2.000000100980392 1.9999999616729691 1.9999999819479912 0.0009765625
2.000000100980392 2.0000001019607843 1.9999999613957367 1.9999999816707583 0.0009765625
2.0000001019607843 2.0000001029411765 1.9999999611207098 1.9999999813957368 0.0009765625
2.0000001029411765 2.0000001039215687 1.9999999608456878 1.9999999811207099 0.0009765625
2.0000001039215687 2.0000001049019605 1.9999999605706655 1.9999999808456879 0.0009765625
2.0000001049019605 2.0000001058823527 1.9999999602956422 1.9999999805706656 0.0009765625
2.0000001058823527 2.0000001068627449 1.9999999600206246 1.9999999802956423 0.0009765625
2.0000001068627449 2.0000001078431371 1.9999999597456035 1.9999999800206247 0.0009765625
2.0000001078431371 2.0000001088235293 1.9999999594705784 1.9999999797456036 0.0009765625
2.0000001088235293 2.0000001098039215 1.9999999591955586 1.9999999794705785 0.0009765625
2.0000001098039215 2.0000001107843137 1.9999999589205359 1.9999999791955587 0.0009765625
2.0000001107843137 2.0000001117647059 1.9999999586455139 1.999999978920536 0.0009765625
2.0000001117647059 2.0000001127450977 1.9999999583704913 1.999999978645514 0.0009765625
2.0000001127450977 2.0000001137254899 1.9999999580954668 1.9999999783704914 0.0009765625
2.0000001137254899 2.0000001147058821 1.999999957820447 1.9999999780954669 0.0009765625
2.0000001147058821 2.0000001156862743 1.9999999575454226 1.9999999778204471 0.0009765625
2.0000001156862743 2.0000001166666665 1.9999999572704008 1.9999999775454227 0.0009765625
2.0000001166666665 2.0000001176470588 1.9999999569953801 1.9999999772704009 0.0009765625
2.0000001176470588 2.000000118627451 1.999999956720359 1.9999999769953802 0.0009765625
2.000000118627451 2.0000001196078432 1.9999999564453339 1.9999999767203591 0.0009765625
2.0000001196078432 2.0000001205882354 1.9999999561703132 1.999999976445334 0.0009765625
2.0000001205882354 2.0000001215686272 1.9999999558952846 1.9999999761703133 0.0009765625
2.0000001215686272 2.0000001225490194 1.9999999556202648 1.9999999758952847 0.0009765625
2.0000001225490194 2.0000001235294116 1.9999999553452528 1.9999999756202649 0.0009765625
2.0000001235294116 2.0000001245098038 1.9999999550702305 1.9999999753452529 0.0009765625
2.0000001245098038 2.000000125490196 1.9999999547952019 1.9999999750702306 0.0009765625
2.000000125490196 2.0000001264705882 1.9999999545201808 1.999999974795202 0.0009765625
2.0000001264705882 2.0000001274509804 1.9999999542451532 1.9999999745201809 0.0009765625
2.0000001274509804 2.0000001284313726 1.999999953970137 1.9999999742451533 0.0009765625
2.0000001284313726 2.0000001294117644 1.9999999536951218 1.9999999739701371 0.0009765625
2.0000001294117644 2.0000001303921566 1.9999999534200932 1.9999999736951219 0.0009765625
2.0000001303921566 2.0000001313725488 1.9999999531450705 1.9999999734200933 0.0009765625
2.0000001313725488 2.0000001323529411 1.9999999528700441 1.9999999731450706 0.0009765625
2.0000001323529411 2.0000001333333333 1.9999999525950276 1.9999999728700442 0.0009765625
2.0000001333333333 2.0000001343137255 1.9999999523222156 1.9999999725972386 0.0009765625
2.0000001343137255 2.0000001352941177 1.9999999520449898 1.9999999723200086 0.0009765625
2.0000001352941177 2.0000001362745099 1.9999999517699596 1.9999999720449899 0.0009765625
2.0000001362745099 2.0000001372549017 1.9999999514949354 1.9999999717699597 0.0009765625
2.0000001372549017 2.0000001382352939 1.9999999512199198 1.9999999714949355 0.0009765625
2.0000001382352939 2.0000001392156861 1.9999999509448927 1.9999999712199199 0.0009765625
2.0000001392156861 2.0000001401960783 1.9999999506698694 1.9999999709448928 0.0009765625
2.0000001401960783 2.0000001411764705 1.9999999503948476 1.9999999706698695 0.0009765625
2.0000001411764705 2.0000001421568627 1.9999999501198222 1.9999999703948477 0.0009765625
2.0000001421568627 2.0000001431372549 1.9999999498448044 1.9999999701198223 0.0009765625
2.0000001431372549 2.0000001441176467 1.9999999495697816 1.9999999698448045 0.0009765625
2.0000001441176467 2.0000001450980389 1.9999999492947609 1.9999999695697817 0.0009765625
2.0000001450980389 2.0000001460784311 1.9999999490197338 1.999999969294761 0.0009765625
2.0000001460784311 2.0000001470588233 1.9999999487447155 1.9999999690197339 0.0009765625
2.0000001470588233 2.0000001480392156 1.9999999484696911 1.9999999687447156 0.0009765625
2.0000001480392156 2.0000001490196078 1.9999999481946678 1.9999999684696912 0.0009765625
2.0000001490196078 2.00000015 1.9999999479196486 1.9999999681946679 0.0009765625
2.00000015 2.0000001509803917 1.9999999476446315 1.9999999679196487 0.0009765625
2.0000001509803917 2.000000151960784 1.999999947369606 1.9999999676446316 0.0009765625
2.000000151960784 2.0000001529411762 1.9999999470945857 1.9999999673696061 0.0009765625
2.0000001529411762 2.0000001539215684 1.999999946819556 1.9999999670945858 0.0009765625
2.0000001539215684 2.0000001549019606 1.9999999465445364 1.9999999668195561 0.0009765625
2.0000001549019606 2.0000001558823528 1.9999999462695177 1.9999999665445365 0.0009765625
2.0000001558823528 2.0000001568627446 1.9999999459944964 1.9999999662695178 0.0009765625
2.0000001568627446 2.0000001578431368 1.999999945719471 1.9999999659944965 0.0009765625
2.0000001578431368 2.000000158823529 1.9999999454444495 1.9999999657194711 0.0009765625
2.000000158823529 2.0000001598039212 1.9999999451694315 1.9999999654444496 0.0009765625
2.0000001598039212 2.0000001607843134 1.9999999448944032 1.9999999651694316 0.0009765625
2.0000001607843134 2.0000001617647056 1.9999999446193815 1.9999999648944033 0.0009765625
2.0000001617647056 2.0000001627450978 1.9999999443443599 1.9999999646193816 0.0009765625
2.0000001627450978 2.0000001637254896 1.9999999440693397 1.99999996434436 0.0009765625
2.0000001637254896 2.0000001647058818 1.9999999437943214 1.9999999640693398 0.0009765625
2.0000001647058818 2.000000165686274 1.9999999435192943 1.9999999637943215 0.0009765625
2.000000165686274 2.0000001666666662 1.9999999432442803 1.9999999635192944 0.0009765625
2.0000001666666662 2.0000001676470585 1.9999999429714692 1.9999999632464958 0.0009765625
2.0000001676470585 2.0000001686274507 1.9999999426942314 1.9999999629692475 0.0009765625
2.0000001686274507 2.0000001696078429 1.9999999424192061 1.9999999626942315 0.0009765625
2.0000001696078429 2.0000001705882351 1.9999999421441865 1.9999999624192062 0.0009765625
2.0000001705882351 2.0000001715686269 1.9999999418691627 1.9999999621441866 0.0009765625
2.0000001715686269 2.0000001725490191 1.9999999415941376 1.9999999618691628 0.0009765625
2.0000001725490191 2.0000001735294113 1.9999999413191181 1.9999999615941377 0.0009765625
2.0000001735294113 2.0000001745098035 1.9999999410440954 1.9999999613191182 0.0009765625
2.0000001745098035 2.0000001754901957 1.9999999407690672 1.9999999610440955 0.0009765625
2.0000001754901957 2.0000001764705879 1.9999999404940525 1.9999999607690673 0.0009765625
2.0000001764705879 2.0000001774509801 1.9999999402190289 1.9999999604940526 0.0009765625
2.0000001774509801 2.0000001784313723 1.9999999399440067 1.999999960219029 0.0009765625
2.0000001784313723 2.0000001794117641 1.9999999396689896 1.9999999599440068 0.0009765625
2.0000001794117641 2.0000001803921563 1.9999999393939647 1.9999999596689897 0.0009765625
2.0000001803921563 2.0000001813725485 1.9999999391189456 1.9999999593939648 0.0009765625
2.0000001813725485 2.0000001823529407 1.9999999388439245 1.9999999591189457 0.0009765625
2.0000001823529407 2.000000183333333 1.9999999385688998 1.9999999588439246 0.0009765625
2.000000183333333 2.0000001843137252 1.9999999382938767 1.9999999585688999 0.0009765625
2.0000001843137252 2.0000001852941174 1.9999999380188556 1.9999999582938768 0.0009765625
2.0000001852941174 2.0000001862745096 1.9999999377438336 1.9999999580188557 0.0009765625
2.0000001862745096 2.0000001872549018 1.9999999374688111 1.9999999577438337 0.0009765625
2.0000001872549018 2.0000001882352936 1.9999999371937824 1.9999999574688112 0.0009765625
2.0000001882352936 2.0000001892156858 1.9999999369187627 1.9999999571937825 0.0009765625
2.0000001892156858 2.000000190196078 1.9999999366437493 1.9999999569187628 0.0009765625
2.000000190196078 2.0000001911764702 1.999999936368722 1.9999999566437494 0.0009765625
2.0000001911764702 2.0000001921568624 1.9999999360936973 1.9999999563687221 0.0009765625
2.0000001921568624 2.0000001931372546 1.9999999358186735 1.9999999560936974 0.0009765625
2.0000001931372546 2.0000001941176468 1.9999999355436575 1.9999999558186736 0.0009765625
2.0000001941176468 2.0000001950980391 1.999999935268636 1.9999999555436576 0.0009765625
2.0000001950980391 2.0000001960784308 1.9999999349936075 1.9999999552686361 0.0009765625
2.0000001960784308 2.000000197058823 1.9999999347185879 1.9999999549936076 0.0009765625
2.000000197058823 2.0000001980392152 1.9999999344435642 1.999999954718588 0.0009765625
2.0000001980392152 2.0000001990196075 1.9999999341685377 1.9999999544435643 0.0009765625
2.0000001990196075 2.0000001999999997 1.9999999338935239 1.9999999541685378 0.0009765625
2.0000001999999997 2.0000002019607841 1.9999999333456877 1.9999999538957347 0.0009765625
2.0000002019607841 2.0000002039215681 1.9999999327934259 1.9999999533434785 0.0009765625
2.0000002039215681 2.0000002058823525 1.9999999322433892 1.999999952793426 0.0009765625
2.0000002058823525 2.0000002078431369 1.9999999316933466 1.9999999522433893 0.0009765625
2.0000002078431369 2.0000002098039213 1.9999999311432961 1.9999999516933467 0.0009765625
2.0000002098039213 2.0000002117647053 1.9999999305932603 1.9999999511432962 0.0009765625
2.0000002117647053 2.0000002137254898 1.9999999300432072 1.9999999505932604 0.0009765625
2.0000002137254898 2.0000002156862742 1.9999999294931639 1.9999999500432073 0.0009765625
2.0000002156862742 2.0000002176470586 1.9999999289431303 1.999999949493164 0.0009765625
2.0000002176470586 2.0000002196078426 1.9999999283930754 1.9999999489431304 0.0009765625
2.0000002196078426 2.000000221568627 1.9999999278430385 1.9999999483930755 0.0009765625
2.000000221568627 2.0000002235294114 1.9999999272929863 1.9999999478430386 0.0009765625
2.0000002235294114 2.0000002254901958 1.9999999267429536 1.9999999472929864 0.0009765625
2.0000002254901958 2.0000002274509798 1.9999999261929013 1.9999999467429537 0.0009765625
2.0000002274509798 2.0000002294117643 1.9999999256428667 1.9999999461929014 0.0009765625
2.0000002294117643 2.0000002313725487 1.9999999250928138 1.9999999456428668 0.0009765625
2.0000002313725487 2.0000002333333331 1.9999999245427755 1.9999999450928139 0.0009765625
2.0000002333333331 2.0000002352941171 1.9999999239927315 1.9999999445427756 0.0009765625
2.0000002352941171 2.0000002372549015 1.9999999234426802 1.9999999439927316 0.0009765625
2.0000002372549015 2.0000002392156859 1.9999999228926379 1.9999999434426803 0.0009765625
2.0000002392156859 2.0000002411764699 1.999999922342595 1.999999942892638 0.0009765625
2.0000002411764699 2.0000002431372543 1.9999999217925506 1.9999999423425951 0.0009765625
2.0000002431372543 2.0000002450980388 1.9999999212425095 1.9999999417925507 0.0009765625
2.0000002450980388 2.0000002470588232 1.9999999206924544 1.9999999412425096 0.0009765625
2.0000002470588232 2.0000002490196072 1.9999999201424166 1.9999999406924545 0.0009765625
2.0000002490196072 2.0000002509803916 1.9999999195923743 1.9999999401424167 0.0009765625
2.0000002509803916 2.000000252941176 1.999999919042329 1.9999999395923744 0.0009765625
2.000000252941176 2.0000002549019604 1.9999999184922856 1.9999999390423291 0.0009765625
2.0000002549019604 2.0000002568627444 1.9999999179422407 1.9999999384922857 0.0009765625
2.0000002568627444 2.0000002588235288 1.9999999173921938 1.9999999379422408 0.0009765625
2.0000002588235288 2.0000002607843133 1.9999999168421518 1.9999999373921939 0.0009765625
2.0000002607843133 2.0000002627450977 1.9999999162921032 1.9999999368421519 0.0009765625
2.0000002627450977 2.0000002647058817 1.9999999157420623 1.9999999362921033 0.0009765625
2.0000002647058817 2.0000002666666661 1.9999999151920169 1.9999999357420624 0.0009765625
2.0000002666666661 2.0000002686274505 1.9999999146441856 1.9999999351942312 0.0009765625
2.0000002686274505 2.0000002705882349 1.9999999140919247 1.9999999346419788 0.0009765625
2.0000002705882349 2.0000002725490189 1.9999999135418873 1.9999999340919248 0.0009765625
2.0000002725490189 2.0000002745098033 1.9999999129918431 1.9999999335418874 0.0009765625
2.0000002745098033 2.0000002764705878 1.9999999124418051 1.9999999329918432 0.0009765625
2.0000002764705878 2.0000002784313722 1.9999999118917471 1.9999999324418052 0.0009765625
2.0000002784313722 2.0000002803921562 1.9999999113417135 1.9999999318917472 0.0009765625
2.0000002803921562 2.0000002823529406 1.9999999107916615 1.9999999313417136 0.0009765625
2.0000002823529406 2.000000284313725 1.9999999102416182 1.9999999307916616 0.0009765625
2.000000284313725 2.0000002862745094 1.9999999096915819 1.9999999302416183 0.0009765625
2.0000002862745094 2.0000002882352934 1.9999999091415372 1.999999929691582 0.0009765625
2.0000002882352934 2.0000002901960778 1.999999908591487 1.9999999291415373 0.0009765625
2.0000002901960778 2.0000002921568623 1.9999999080414483 1.9999999285914871 0.0009765625
2.0000002921568623 2.0000002941176467 1.9999999074913988 1.9999999280414484 0.0009765625
2.0000002941176467 2.0000002960784307 1.9999999069413539 1.9999999274913989 0.0009765625
2.0000002960784307 2.0000002980392151 1.9999999063913132 1.999999926941354 0.0009765625
2.0000002980392151 2.0000002999999995 1.9999999058412701 1.9999999263913133 0.0009765625
2.0000002999999995 2.0000003019607839 1.9999999052912329 1.9999999258412702 0.0009765625
2.0000003019607839 2.0000003039215684 1.9999999047411785 1.999999925291233 0.0009765625
2.0000003039215684 2.0000003058823523 1.9999999041911398 1.9999999247411786 0.0009765625
2.0000003058823523 2.0000003078431368 1.9999999036410883 1.9999999241911399 0.0009765625
2.0000003078431368 2.0000003098039212 1.9999999030910434 1.9999999236410884 0.0009765625
2.0000003098039212 2.0000003117647056 1.9999999025410027 1.9999999230910435 0.0009765625
2.0000003117647056 2.0000003137254896 1.9999999019909638 1.9999999225410028 0.0009765625
2.0000003137254896 2.000000315686274 1.9999999014409153 1.9999999219909639 0.0009765625
2.000000315686274 2.0000003176470584 1.9999999008908735 1.9999999214409154 0.0009765625
2.0000003176470584 2.0000003196078429 1.9999999003408282 1.9999999208908736 0.0009765625
2.0000003196078429 2.0000003215686268 1.9999998997907875 1.9999999203408283 0.0009765625
2.0000003215686268 2.0000003235294113 1.9999998992407433 1.9999999197907876 0.0009765625
2.0000003235294113 2.0000003254901957 1.9999998986906899 1.9999999192407434 0.0009765625
2.0000003254901957 2.0000003274509801 1.9999998981406497 1.99999991869069 0.0009765625
2.0000003274509801 2.0000003294117641 1.9999998975906055 1.9999999181406498 0.0009765625
2.0000003294117641 2.0000003313725485 1.9999998970405635 1.9999999175906056 0.0009765625
2.0000003313725485 2.0000003333333329 1.9999998964905177 1.9999999170405636 0.0009765625
2.0000003333333329 2.0000003352941174 1.9999998959426928 1.9999999164927318 0.0009765625
2.0000003352941174 2.0000003372549013 1.999999895390431 1.9999999159404764 0.0009765625
2.0000003372549013 2.0000003392156858 1.9999998948403832 1.9999999153904311 0.0009765625
2.0000003392156858 2.0000003411764702 1.9999998942903421 1.9999999148403833 0.0009765625
2.0000003411764702 2.0000003431372546 1.9999998937402943 1.9999999142903422 0.0009765625
2.0000003431372546 2.0000003450980386 1.9999998931902525 1.9999999137402944 0.0009765625
2.0000003450980386 2.000000347058823 1.9999998926402116 1.9999999131902526 0.0009765625
2.000000347058823 2.0000003490196074 1.9999998920901669 1.9999999126402117 0.0009765625
2.0000003490196074 2.0000003509803919 1.9999998915401245 1.999999912090167 0.0009765625
2.0000003509803919 2.0000003529411758 1.9999998909900725 1.9999999115401246 0.0009765625
2.0000003529411758 2.0000003549019603 1.9999998904400373 1.9999999109900726 0.0009765625
2.0000003549019603 2.0000003568627447 1.99999988988999 1.9999999104400374 0.0009765625
2.0000003568627447 2.0000003588235291 1.9999998893399471 1.9999999098899901 0.0009765625
2.0000003588235291 2.0000003607843131 1.9999998887898982 1.9999999093399472 0.0009765625
2.0000003607843131 2.0000003627450975 1.9999998882398553 1.9999999087898983 0.0009765625
2.0000003627450975 2.0000003647058819 1.9999998876898155 1.9999999082398554 0.0009765625
2.0000003647058819 2.0000003666666659 1.9999998871397742 1.9999999076898156 0.0009765625
2.0000003666666659 2.0000003686274503 1.9999998865897288 1.9999999071397743 0.0009765625
2.0000003686274503 2.0000003705882348 1.9999998860396777 1.9999999065897289 0.0009765625
2.0000003705882348 2.0000003725490192 1.9999998854896353 1.9999999060396778 0.0009765625
2.0000003725490192 2.0000003745098032 1.9999998849395957 1.9999999054896354 0.0009765625
2.0000003745098032 2.0000003764705876 1.9999998843895472 1.9999999049395958 0.0009765625
2.0000003764705876 2.000000378431372 1.9999998838395079 1.9999999043895473 0.0009765625
2.000000378431372 2.0000003803921564 1.9999998832894657 1.999999903839508 0.0009765625
2.0000003803921564 2.0000003823529404 1.9999998827394196 1.9999999032894658 0.0009765625
2.0000003823529404 2.0000003843137248 1.9999998821893743 1.9999999027394197 0.0009765625
2.0000003843137248 2.0000003862745093 1.9999998816393294 1.9999999021893744 0.0009765625
2.0000003862745093 2.0000003882352937 1.999999881089277 1.9999999016393295 0.0009765625
2.0000003882352937 2.0000003901960777 1.99999988053924 1.9999999010892771 0.0009765625
2.0000003901960777 2.0000003921568621 1.9999998799891907 1.9999999005392401 0.0009765625
2.0000003921568621 2.0000003941176465 1.9999998794391538 1.9999998999891908 0.0009765625
2.0000003941176465 2.0000003960784309 1.9999998788891025 1.9999998994391539 0.0009765625
2.0000003960784309 2.0000003980392149 1.9999998783390687 1.9999998988891026 0.0009765625
2.0000003980392149 2.0000003999999993 1.9999998777890147 1.9999998983390688 0.0009765625
2.0000003999999993 2.0000004039215682 1.9999998766911413 1.999999897791229 0.0009765625
2.0000004039215682 2.0000004078431366 1.9999998755888444 1.9999998966889301 0.0009765625
2.0000004078431366 2.000000411764705 1.9999998744887511 1.9999998955888445 0.0009765625
2.000000411764705 2.0000004156862738 1.9999998733886708 1.9999998944887512 0.0009765625
2.0000004156862738 2.0000004196078427 1.9999998722885792 1.9999998933886709 0.0009765625
2.0000004196078427 2.0000004235294111 1.9999998711884837 1.9999998922885793 0.0009765625
2.0000004235294111 2.0000004274509795 1.9999998700883976 1.9999998911884838 0.0009765625
2.0000004274509795 2.0000004313725483 1.9999998689883158 1.9999998900883977 0.0009765625
2.0000004313725483 2.0000004352941172 1.9999998678882227 1.9999998889883159 0.0009765625
2.0000004352941172 2.0000004392156856 1.9999998667881398 1.9999998878882228 0.0009765625
2.0000004392156856 2.000000443137254 1.999999865688046 1.9999998867881399 0.0009765625
2.000000443137254 2.0000004470588229 1.9999998645879578 1.9999998856880461 0.0009765625
2.0000004470588229 2.0000004509803917 1.9999998634878804 1.9999998845879579 0.0009765625
2.0000004509803917 2.0000004549019601 1.9999998623877899 1.9999998834878805 0.0009765625
2.0000004549019601 2.0000004588235285 1.9999998612876975 1.99999988238779 0.0009765625
2.0000004588235285 2.0000004627450974 1.9999998601876059 1.9999998812876976 0.0009765625
2.0000004627450974 2.0000004666666662 1.9999998590875181 1.999999880187606 0.0009765625
2.0000004666666662 2.0000004705882346 1.9999998579874394 1.9999998790875182 0.0009765625
2.0000004705882346 2.000000474509803 1.9999998568873476 1.9999998779874395 0.0009765625
2.000000474509803 2.0000004784313719 1.999999855787258 1.9999998768873477 0.0009765625
2.0000004784313719 2.0000004823529407 1.9999998546871645 1.9999998757872581 0.0009765625
2.0000004823529407 2.0000004862745091 1.9999998535870851 1.9999998746871646 0.0009765625
2.0000004862745091 2.0000004901960775 1.9999998524869962 1.9999998735870852 0.0009765625
2.0000004901960775 2.0000004941176464 1.9999998513869033 1.9999998724869963 0.0009765625
2.0000004941176464 2.0000004980392152 1.9999998502868161 1.9999998713869034 0.0009765625
2.0000004980392152 2.0000005019607836 1.9999998491867252 1.9999998702868163 0.0009765625
2.0000005019607836 2.000000505882352 1.9999998480866421 1.9999998691867253 0.0009765625
2.000000505882352 2.0000005098039209 1.9999998469865503 1.9999998680866422 0.0009765625
2.0000005098039209 2.0000005137254897 1.9999998458864696 1.9999998669865504 0.0009765625
2.0000005137254897 2.0000005176470581 1.9999998447863763 1.9999998658864697 0.0009765625
2.0000005176470581 2.0000005215686265 1.9999998436862976 1.9999998647863764 0.0009765625
2.0000005215686265 2.0000005254901954 1.9999998425862044 1.9999998636862977 0.0009765625
2.0000005254901954 2.0000005294117642 1.9999998414861162 1.9999998625862045 0.0009765625
2.0000005294117642 2.0000005333333326 1.9999998403860257 1.9999998614861163 0.0009765625
2.0000005333333326 2.000000537254901 1.9999998392881571 1.9999998603882359 0.0009765625
2.000000537254901 2.0000005411764699 1.9999997481858498 1.9999999492859366 0.0009765625
2.0000005411764699 2.0000005450980383 1.9999997470857616 1.9999999481858497 0.0009765625
2.0000005450980383 2.0000005490196071 1.9999997459856793 1.9999999470857615 0.0009765625
2.0000005490196071 2.0000005529411755 1.9999997448855871 1.9999999459856792 0.0009765625
2.0000005529411755 2.0000005568627444 1.9999997437854957 1.999999944885587 0.0009765625
2.0000005568627444 2.0000005607843128 1.999999742685409 1.9999999437854956 0.0009765625
2.0000005607843128 2.0000005647058816 1.9999997415853226 1.9999999426854089 0.0009765625
2.0000005647058816 2.00000056862745 1.999999740485235 1.9999999415853225 0.0009765625
2.00000056862745 2.0000005725490189 1.9999997393851472 1.9999999404852349 0.0009765625
2.0000005725490189 2.0000005764705873 1.9999997382850601 1.9999999393851471 0.0009765625
2.0000005764705873 2.0000005803921561 1.9999997371849692 1.99999993828506 0.0009765625
2.0000005803921561 2.0000005843137245 1.9999997360848865 1.999999937184969 0.0009765625
2.0000005843137245 2.0000005882352934 1.9999997349847958 1.9999999360848864 0.0009765625
2.0000005882352934 2.0000005921568618 1.9999997338847113 1.9999999349847957 0.0009765625
2.0000005921568618 2.0000005960784306 1.999999732784616 1.9999999338847112 0.0009765625
2.0000005960784306 2.000000599999999 1.9999997316845282 1.9999999327846159 0.0009765625
2.000000599999999 2.0000006039215674 1.999999730584445 1.9999999316845281 0.0009765625
2.0000006039215674 2.0000006078431363 1.9999997294843521 1.9999999305844449 0.0009765625
2.0000006078431363 2.0000006117647047 1.9999997283842665 1.999999929484352 0.0009765625
2.0000006117647047 2.0000006156862735 1.9999997272841838 1.9999999283842664 0.0009765625
2.0000006156862735 2.0000006196078419 1.9999997261840903 1.9999999272841837 0.0009765625
2.0000006196078419 2.0000006235294108 1.9999997250840056 1.9999999261840902 0.0009765625
2.0000006235294108 2.0000006274509792 1.9999997239839225 1.9999999250840055 0.0009765625
2.0000006274509792 2.000000631372548 1.9999997228838287 1.9999999239839223 0.0009765625
2.000000631372548 2.0000006352941164 1.9999997217837409 1.9999999228838286 0.0009765625
2.0000006352941164 2.0000006392156853 1.9999997206836533 1.9999999217837408 0.0009765625
2.0000006392156853 2.0000006431372537 1.9999997195835661 1.9999999206836532 0.0009765625
2.0000006431372537 2.0000006470588225 1.9999997184834795 1.999999919583566 0.0009765625
2.0000006470588225 2.0000006509803909 1.9999997173834023 1.9999999184834794 0.0009765625
2.0000006509803909 2.0000006549019598 1.9999997162833008 1.9999999173834022 0.0009765625
2.0000006549019598 2.0000006588235282 1.999999715183219 1.9999999162833006 0.0009765625
2.0000006588235282 2.000000662745097 1.9999997140831272 1.9999999151832188 0.0009765625
2.000000662745097 2.0000006666666654 1.9999997129830427 1.9999999140831271 0.0009765625
2.0000006666666654 2.0000006705882338 1.9999997118851669 1.9999999129852515 0.0009765625
2.0000006705882338 2.0000006745098027 1.999999710782868 1.9999999118829526 0.0009765625
2.0000006745098027 2.0000006784313715 1.9999997096827711 1.9999999107828679 0.0009765625
2.0000006784313715 2.0000006823529399 1.9999997085826908 1.999999909682771 0.0009765625
2.0000006823529399 2.0000006862745083 1.999999707482603 1.9999999085826907 0.0009765625
2.0000006862745083 2.0000006901960772 1.9999997063825123 1.9999999074826029 0.0009765625
2.0000006901960772 2.000000694117646 1.9999997052824223 1.9999999063825122 0.0009765625
2.000000694117646 2.0000006980392144 1.9999997041823336 1.9999999052824222 0.0009765625
2.0000006980392144 2.0000007019607828 1.9999997030822525 1.9999999041823335 0.0009765625
2.0000007019607828 2.0000007058823517 1.9999997019821589 1.9999999030822524 0.0009765625
2.0000007058823517 2.0000007098039205 1.9999997008820722 1.9999999019821588 0.0009765625
2.0000007098039205 2.0000007137254889 1.9999996997819864 1.9999999008820721 0.0009765625
2.0000007137254889 2.0000007176470573 1.9999996986818955 1.9999998997819863 0.0009765625
2.0000007176470573 2.0000007215686262 1.9999996975818153 1.9999998986818954 0.0009765625
2.0000007215686262 2.000000725490195 1.9999996964817255 1.9999998975818152 0.0009765625
2.000000725490195 2.0000007294117634 1.9999996953816361 1.9999998964817254 0.0009765625
2.0000007294117634 2.0000007333333318 1.9999996942815499 1.999999895381636 0.0009765625
2.0000007333333318 2.0000007372549007 1.9999996931814616 1.9999998942815498 0.0009765625
2.0000007372549007 2.0000007411764695 1.9999996920813754 1.9999998931814615 0.0009765625
2.0000007411764695 2.0000007450980379 1.9999996909812889 1.9999998920813753 0.0009765625
2.0000007450980379 2.0000007490196063 1.9999996898812002 1.9999998909812888 0.0009765625
2.0000007490196063 2.0000007529411752 1.99999968878111 1.9999998898812001 0.0009765625
2.0000007529411752 2.000000756862744 1.999999687681018 1.9999998887811099 0.0009765625
2.000000756862744 2.0000007607843124 1.9999996865809382 1.9999998876810179 0.0009765625
2.0000007607843124 2.0000007647058808 1.9999996854808515 1.9999998865809381 0.0009765625
2.0000007647058808 2.0000007686274497 1.9999996843807566 1.9999998854808514 0.0009765625
2.0000007686274497 2.0000007725490185 1.9999996832806743 1.9999998843807565 0.0009765625
2.0000007725490185 2.0000007764705869 1.9999996821805857 1.9999998832806742 0.0009765625
2.0000007764705869 2.0000007803921553 1.9999996810804976 1.9999998821805856 0.0009765625
2.0000007803921553 2.0000007843137242 1.9999996799804114 1.9999998810804975 0.0009765625
2.0000007843137242 2.000000788235293 1.9999996788803251 1.9999998799804113 0.0009765625
2.000000788235293 2.0000007921568614 1.9999996777802314 1.999999878880325 0.0009765625
2.0000007921568614 2.0000007960784298 1.999999676680146 1.9999998777802312 0.0009765625
2.0000007960784298 2.0000007999999987 1.9999996755800578 1.9999998766801459 0.0009765625
2.0000007999999987 2.0000008078431359 1.9999996733820999 1.9999998755822797 0.0009765625
2.0000008078431359 2.0000008156862732 1.9999996711797106 1.9999998733798894 0.0009765625
2.0000008156862732 2.0000008235294104 1.9999996689795387 1.9999998711797105 0.0009765625
2.0000008235294104 2.0000008313725477 1.9999996667793631 1.9999998689795386 0.0009765625
2.0000008313725477 2.0000008392156849 1.9999996645791915 1.999999866779363 0.0009765625
2.0000008392156849 2.0000008470588222 1.9999996623790131 1.9999998645791914 0.0009765625
2.0000008470588222 2.0000008549019594 1.9999996601788363 1.9999998623790129 0.0009765625
2.0000008549019594 2.0000008627450967 1.999999657978659 1.9999998601788362 0.0009765625
2.0000008627450967 2.0000008705882339 1.9999996557784905 1.9999998579786589 0.0009765625
2.0000008705882339 2.0000008784313712 1.9999996535783047 1.9999998557784904 0.0009765625
2.0000008784313712 2.0000008862745084 1.999999651378134 1.9999998535783046 0.0009765625
2.0000008862745084 2.0000008941176457 1.9999996491779604 1.9999998513781339 0.0009765625
2.0000008941176457 2.000000901960783 1.9999996469777896 1.9999998491779603 0.0009765625
2.000000901960783 2.0000009098039202 1.9999996447776149 1.9999998469777895 0.0009765625
2.0000009098039202 2.0000009176470575 1.999999642577442 1.9999998447776148 0.0009765625
2.0000009176470575 2.0000009254901947 1.9999996403772666 1.9999998425774419 0.0009765625
2.0000009254901947 2.0000009333333315 1.999999638177091 1.9999998403772665 0.0009765625
2.0000009333333315 2.0000009411764688 1.9999996359769139 1.9999998381770909 0.0009765625
2.0000009411764688 2.000000949019606 1.9999996337767387 1.9999998359769138 0.0009765625
2.000000949019606 2.0000009568627433 1.9999996315765614 1.9999998337767386 0.0009765625
2.0000009568627433 2.0000009647058805 1.9999996293763898 1.9999998315765612 0.0009765625
2.0000009647058805 2.0000009725490178 1.999999627176213 1.9999998293763896 0.0009765625
2.0000009725490178 2.000000980392155 1.999999624976039 1.9999998271762129 0.0009765625
2.000000980392155 2.0000009882352923 1.9999996227758685 1.9999998249760389 0.0009765625
2.0000009882352923 2.0000009960784295 1.9999996205756976 1.9999998227758684 0.0009765625
2.0000009960784295 2.0000010039215668 1.9999996183755142 1.9999998205756975 0.0009765625
2.0000010039215668 2.000001011764704 1.9999996161753451 1.9999998183755141 0.0009765625
2.000001011764704 2.0000010196078413 1.9999996139751692 1.9999998161753449 0.0009765625
2.0000010196078413 2.0000010274509785 1.9999996117750056 1.9999998139751691 0.0009765625
2.0000010274509785 2.0000010352941158 1.9999996095748214 1.9999998117750055 0.0009765625
2.0000010352941158 2.000001043137253 1.999999607374646 1.9999998095748213 0.0009765625
2.000001043137253 2.0000010509803903 1.9999996051744744 1.9999998073746459 0.0009765625
2.0000010509803903 2.0000010588235275 1.9999996029742957 1.9999998051744743 0.0009765625
2.0000010588235275 2.0000010666666648 1.9999996007741294 1.9999998029742956 0.0009765625
2.0000010666666648 2.000001074509802 1.9999995985761665 1.9999998007763315 0.0009765625
2.000001074509802 2.0000010823529393 1.999999596373776 1.9999997985739557 0.0009765625
2.0000010823529393 2.0000010901960765 1.9999995941736026 1.9999997963737759 0.0009765625
2.0000010901960765 2.0000010980392138 1.9999995919734261 1.9999997941736025 0.0009765625
2.0000010980392138 2.000001105882351 1.9999995897732576 1.999999791973426 0.0009765625
2.000001105882351 2.0000011137254883 1.9999995875730783 1.9999997897732575 0.0009765625
2.0000011137254883 2.0000011215686255 1.9999995853729102 1.9999997875730782 0.0009765625
2.0000011215686255 2.0000011294117628 1.9999995831727329 1.9999997853729101 0.0009765625
2.0000011294117628 2.0000011372549 1.999999580972557 1.9999997831727327 0.0009765625
2.0000011372549 2.0000011450980373 1.9999995787723874 1.9999997809725569 0.0009765625
2.0000011450980373 2.0000011529411745 1.9999995765722163 1.9999997787723873 0.0009765625
2.0000011529411745 2.0000011607843118 1.9999995743720347 1.9999997765722162 0.0009765625
2.0000011607843118 2.000001168627449 1.9999995721718671 1.9999997743720346 0.0009765625
2.000001168627449 2.0000011764705863 1.9999995699716933 1.999999772171867 0.0009765625
2.0000011764705863 2.0000011843137235 1.9999995677715146 1.9999997699716932 0.0009765625
2.0000011843137235 2.0000011921568608 1.9999995655713361 1.9999997677715144 0.0009765625
2.0000011921568608 2.000001199999998 1.9999995633711622 1.999999765571336 0.0009765625
2.000001199999998 2.0000012078431353 1.9999995611710015 1.9999997633711621 0.0009765625
2.0000012078431353 2.0000012156862725 1.9999995589708184 1.9999997611710014 0.0009765625
2.0000012156862725 2.0000012235294098 1.9999995567706461 1.9999997589708183 0.0009765625
2.0000012235294098 2.000001231372547 1.9999995545704727 1.999999756770646 0.0009765625
2.000001231372547 2.0000012392156843 1.9999995523703011 1.9999997545704726 0.0009765625
2.0000012392156843 2.0000012470588215 1.9999995501701224 1.999999752370301 0.0009765625
2.0000012470588215 2.0000012549019588 1.9999995479699537 1.9999997501701223 0.0009765625
2.0000012549019588 2.000001262745096 1.9999995457697797 1.9999997479699536 0.0009765625
2.000001262745096 2.0000012705882333 1.9999995435696061 1.9999997457697796 0.0009765625
2.0000012705882333 2.0000012784313705 1.9999995413694334 1.999999743569606 0.0009765625
2.0000012784313705 2.0000012862745078 1.9999995391692553 1.9999997413694333 0.0009765625
2.0000012862745078 2.000001294117645 1.9999995369690811 1.9999997391692552 0.0009765625
2.000001294117645 2.0000013019607823 1.9999995347689079 1.999999736969081 0.0009765625
2.0000013019607823 2.0000013098039195 1.9999995325687359 1.9999997347689078 0.0009765625
2.0000013098039195 2.0000013176470568 1.9999995303685651 1.9999997325687358 0.0009765625
2.0000013176470568 2.000001325490194 1.9999995281683884 1.999999730368565 0.0009765625
2.000001325490194 2.0000013333333313 1.9999995259682135 1.9999997281683883 0.0009765625
2.0000013333333313 2.0000013411764686 1.999999523770253 1.9999997259704283 0.0009765625
2.0000013411764686 2.0000013490196058 1.9999995215678728 1.9999997237680467 0.0009765625
2.0000013490196058 2.0000013568627431 1.9999995193676974 1.9999997215678726 0.0009765625
2.0000013568627431 2.0000013647058803 1.9999995171675176 1.9999997193676973 0.0009765625
2.0000013647058803 2.0000013725490176 1.9999995149673477 1.9999997171675175 0.0009765625
2.0000013725490176 2.0000013803921548 1.9999995127671804 1.9999997149673476 0.0009765625
2.0000013803921548 2.0000013882352921 1.999999510567001 1.9999997127671802 0.0009765625
2.0000013882352921 2.0000013960784293 1.9999995083668316 1.9999997105670009 0.0009765625
2.0000013960784293 2.0000014039215666 1.999999506166658 1.9999997083668315 0.0009765625
2.0000014039215666 2.0000014117647038 1.9999995039664793 1.9999997061666579 0.0009765625
2.0000014117647038 2.0000014196078411 1.9999995017663099 1.9999997039664792 0.0009765625
2.0000014196078411 2.0000014274509783 1.9999994995661365 1.9999997017663098 0.0009765625
2.0000014274509783 2.0000014352941156 1.9999994973659658 1.9999996995661364 0.0009765625
2.0000014352941156 2.0000014431372528 1.9999994951657978 1.9999996973659657 0.0009765625
2.0000014431372528 2.0000014509803901 1.9999994929656255 1.9999996951657977 0.0009765625
2.0000014509803901 2.0000014588235273 1.9999994907654479 1.9999996929656254 0.0009765625
2.0000014588235273 2.0000014666666646 1.999999488565269 1.9999996907654478 0.0009765625
2.0000014666666646 2.0000014745098014 1.9999994863651007 1.9999996885652689 0.0009765625
2.0000014745098014 2.0000014823529386 1.99999948416493 1.9999996863651006 0.0009765625
2.0000014823529386 2.0000014901960759 1.9999994819647575 1.9999996841649299 0.0009765625
2.0000014901960759 2.0000014980392131 1.9999994797645839 1.9999996819647574 0.0009765625
2.0000014980392131 2.0000015058823504 1.9999994775644099 1.9999996797645838 0.0009765625
2.0000015058823504 2.0000015137254876 1.9999994753642443 1.9999996775644098 0.0009765625
2.0000015137254876 2.0000015215686249 1.9999994731640587 1.9999996753642442 0.0009765625
2.0000015215686249 2.0000015294117621 1.9999994709638929 1.9999996731640586 0.0009765625
2.0000015294117621 2.0000015372548994 1.9999994687637208 1.9999996709638928 0.0009765625
2.0000015372548994 2.0000015450980366 1.999999466563549 1.9999996687637207 0.0009765625
2.0000015450980366 2.0000015529411739 1.9999994643633792 1.9999996665635489 0.0009765625
2.0000015529411739 2.0000015607843111 1.9999994621632091 1.9999996643633791 0.0009765625
2.0000015607843111 2.0000015686274484 1.9999994599630262 1.999999662163209 0.0009765625
2.0000015686274484 2.0000015764705856 1.9999994577628541 1.9999996599630261 0.0009765625
2.0000015764705856 2.0000015843137229 1.9999994555626857 1.999999657762854 0.0009765625
2.0000015843137229 2.0000015921568601 1.9999994533625107 1.9999996555626856 0.0009765625
2.0000015921568601 2.0000015999999974 1.9999994511623405 1.9999996533625106 0.0009765625
2.0000015999999974 2.0000016156862719 1.9999994467642115 1.9999996511645508 0.0009765625
2.0000016156862719 2.0000016313725464 1.9999994423616494 1.9999996467619969 0.0009765625
2.0000016313725464 2.0000016470588209 1.9999994379613093 1.9999996423616493 0.0009765625
2.0000016470588209 2.0000016627450954 1.9999994335609648 1.9999996379613092 0.0009765625
2.0000016627450954 2.0000016784313699 1.9999994291606238 1.9999996335609647 0.0009765625
2.0000016784313699 2.0000016941176444 1.9999994247602717 1.9999996291606237 0.0009765625
2.0000016941176444 2.0000017098039189 1.9999994203599218 1.9999996247602716 0.0009765625
2.0000017098039189 2.0000017254901934 1.9999994159595853 1.9999996203599217 0.0009765625
2.0000017254901934 2.0000017411764679 1.9999994115592419 1.9999996159595852 0.0009765625
2.0000017411764679 2.0000017568627424 1.9999994071588938 1.9999996115592418 0.0009765625
2.0000017568627424 2.0000017725490169 1.9999994027585497 1.9999996071588937 0.0009765625
2.0000017725490169 2.0000017882352914 1.9999993983582076 1.9999996027585496 0.0009765625
2.0000017882352914 2.0000018039215659 1.9999993939578637 1.9999995983582075 0.0009765625
2.0000018039215659 2.0000018196078404 1.999999389557517 1.9999995939578636 0.0009765625
2.0000018196078404 2.0000018352941149 1.999999385157178 1.9999995895575169 0.0009765625
2.0000018352941149 2.0000018509803894 1.9999993807568262 1.9999995851571779 0.0009765625
2.0000018509803894 2.0000018666666639 1.9999993763564892 1.999999580756826 0.0009765625
2.0000018666666639 2.000001882352938 1.9999993719561486 1.9999995763564891 0.0009765625
2.000001882352938 2.0000018980392125 1.9999993675558034 1.9999995719561485 0.0009765625
2.0000018980392125 2.000001913725487 1.9999993631554633 1.9999995675558033 0.0009765625
2.000001913725487 2.0000019294117615 1.9999993587551173 1.9999995631554632 0.0009765625
2.0000019294117615 2.000001945098036 1.999999354354776 1.9999995587551171 0.0009765625
2.000001945098036 2.0000019607843105 1.9999993499544333 1.9999995543547759 0.0009765625
2.0000019607843105 2.000001976470585 1.9999993455540939 1.9999995499544332 0.0009765625
2.000001976470585 2.0000019921568595 1.9999993411537484 1.9999995455540938 0.0009765625
2.0000019921568595 2.000002007843134 1.9999993367534026 1.9999995411537483 0.0009765625
2.000002007843134 2.0000020235294085 1.9999993323530645 1.9999995367534025 0.0009765625
2.0000020235294085 2.000002039215683 1.9999993279527222 1.9999995323530644 0.0009765625
2.000002039215683 2.0000020549019575 1.9999993235523794 1.9999995279527221 0.0009765625
2.0000020549019575 2.000002070588232 1.9999993191520336 1.9999995235523793 0.0009765625
2.000002070588232 2.0000020862745065 1.9999993147516943 1.9999995191520334 0.0009765625
2.0000020862745065 2.000002101960781 1.9999993103513476 1.9999995147516942 0.0009765625
2.000002101960781 2.0000021176470555 1.9999993059510108 1.9999995103513475 0.0009765625
2.0000021176470555 2.00000213333333 1.9999993015506712 1.9999995059510107 0.0009765625
2.00000213333333 2.0000021490196045 1.9999992971525355 1.9999995015528815 0.0009765625
2.0000021490196045 2.000002164705879 1.9999992927499863 1.9999994971503305 0.0009765625
2.000002164705879 2.0000021803921535 1.9999992883496469 1.9999994927499862 0.0009765625
2.0000021803921535 2.000002196078428 1.9999992839493073 1.9999994883496468 0.0009765625
2.000002196078428 2.0000022117647025 1.9999992795489532 1.9999994839493072 0.0009765625
2.0000022117647025 2.000002227450977 1.9999992751486149 1.9999994795489531 0.0009765625
2.000002227450977 2.0000022431372515 1.9999992707482752 1.9999994751486148 0.0009765625
2.0000022431372515 2.000002258823526 1.9999992663479389 1.9999994707482751 0.0009765625
2.000002258823526 2.0000022745098001 1.9999992619475981 1.9999994663479388 0.0009765625
2.0000022745098001 2.0000022901960746 1.9999992575472585 1.999999461947598 0.0009765625
2.0000022901960746 2.0000023058823491 1.9999992531469177 1.9999994575472584 0.0009765625
2.0000023058823491 2.0000023215686236 1.9999992487465756 1.9999994531469176 0.0009765625
2.0000023215686236 2.0000023372548981 1.9999992443462373 1.9999994487465755 0.0009765625
2.0000023372548981 2.0000023529411726 1.9999992399458961 1.9999994443462372 0.0009765625
2.0000023529411726 2.0000023686274471 1.9999992355455583 1.999999439945896 0.0009765625
2.0000023686274471 2.0000023843137216 1.9999992311452151 1.9999994355455581 0.0009765625
2.0000023843137216 2.0000023999999961 1.9999992267448736 1.9999994311452149 0.0009765625
2.0000023999999961 2.0000024156862706 1.9999992223445402 1.9999994267448735 0.0009765625
2.0000024156862706 2.0000024313725451 1.9999992179441966 1.9999994223445401 0.0009765625
2.0000024313725451 2.0000024470588196 1.9999992135438553 1.9999994179441964 0.0009765625
2.0000024470588196 2.0000024627450941 1.9999992091435133 1.9999994135438552 0.0009765625
2.0000024627450941 2.0000024784313686 1.9999992047431823 1.9999994091435132 0.0009765625
2.0000024784313686 2.0000024941176431 1.9999992003428402 1.9999994047431822 0.0009765625
2.0000024941176431 2.0000025098039176 1.9999991959425036 1.9999994003428401 0.0009765625
2.0000025098039176 2.0000025254901921 1.9999991915421584 1.9999993959425035 0.0009765625
2.0000025254901921 2.0000025411764661 1.9999991871418177 1.9999993915421583 0.0009765625
2.0000025411764661 2.0000025568627406 1.9999991827414805 1.9999993871418176 0.0009765625
2.0000025568627406 2.0000025725490151 1.9999991783411477 1.9999993827414804 0.0009765625
2.0000025725490151 2.0000025882352896 1.9999991739408025 1.9999993783411476 0.0009765625
2.0000025882352896 2.0000026039215641 1.999999169540464 1.9999993739408024 0.0009765625
2.0000026039215641 2.0000026196078386 1.9999991651401263 1.9999993695404639 0.0009765625
2.0000026196078386 2.0000026352941132 1.9999991607397902 1.9999993651401262 0.0009765625
2.0000026352941132 2.0000026509803877 1.9999991563394475 1.9999993607397901 0.0009765625
2.0000026509803877 2.0000026666666622 1.9999991519391156 1.9999993563394474 0.0009765625
2.0000026666666622 2.0000026823529367 1.9999991475409857 1.9999993519413233 0.0009765625
2.0000026823529367 2.0000026980392112 1.9999991431384361 1.9999993475387703 0.0009765625
2.0000026980392112 2.0000027137254857 1.9999991387380982 1.999999343138436 0.0009765625
2.0000027137254857 2.0000027294117602 1.999999134337759 1.9999993387380981 0.0009765625
2.0000027294117602 2.0000027450980347 1.9999991299374211 1.9999993343377589 0.0009765625
2.0000027450980347 2.0000027607843092 1.9999991255370801 1.999999329937421 0.0009765625
2.0000027607843092 2.0000027764705837 1.999999121136748 1.99999932553708 0.0009765625
2.0000027764705837 2.0000027921568582 1.9999991167364124 1.9999993211367479 0.0009765625
2.0000027921568582 2.0000028078431327 1.999999112336067 1.9999993167364123 0.0009765625
2.0000028078431327 2.0000028235294072 1.9999991079357315 1.9999993123360669 0.0009765625
2.0000028235294072 2.0000028392156817 1.9999991035353946 1.9999993079357314 0.0009765625
2.0000028392156817 2.0000028549019562 1.9999990991350554 1.9999993035353945 0.0009765625
2.0000028549019562 2.0000028705882307 1.9999990947347208 1.9999992991350553 0.0009765625
2.0000028705882307 2.0000028862745052 1.9999990903343914 1.9999992947347207 0.0009765625
2.0000028862745052 2.0000029019607797 1.9999990859340488 1.9999992903343913 0.0009765625
2.0000029019607797 2.0000029176470542 1.9999990815337156 1.9999992859340487 0.0009765625
2.0000029176470542 2.0000029333333282 1.9999990771333704 1.9999992815337155 0.0009765625
2.0000029333333282 2.0000029490196027 1.9999990727330359 1.9999992771333703 0.0009765625
2.0000029490196027 2.0000029647058772 1.9999990683327022 1.9999992727330358 0.0009765625
2.0000029647058772 2.0000029803921517 1.9999990639323728 1.9999992683327021 0.0009765625
2.0000029803921517 2.0000029960784262 1.9999990595320312 1.9999992639323727 0.0009765625
2.0000029960784262 2.0000030117647007 1.9999990551316962 1.9999992595320311 0.0009765625
2.0000030117647007 2.0000030274509752 1.9999990507313599 1.9999992551316961 0.0009765625
2.0000030274509752 2.0000030431372497 1.9999990463310269 1.9999992507313598 0.0009765625
2.0000030431372497 2.0000030588235242 1.9999990419306923 1.9999992463310268 0.0009765625
2.0000030588235242 2.0000030745097988 1.9999990375303538 1.9999992419306922 0.0009765625
2.0000030745097988 2.0000030901960733 1.9999990331300106 1.9999992375303537 0.0009765625
2.0000030901960733 2.0000031058823478 1.9999990287296812 1.9999992331300105 0.0009765625
2.0000031058823478 2.0000031215686223 1.9999990243293493 1.9999992287296811 0.0009765625
2.0000031215686223 2.0000031372548968 1.9999990199290067 1.9999992243293492 0.0009765625
2.0000031372548968 2.0000031529411713 1.9999990155286773 1.9999992199290066 0.0009765625
2.0000031529411713 2.0000031686274458 1.9999990111283346 1.9999992155286772 0.0009765625
2.0000031686274458 2.0000031843137203 1.9999990067280058 1.9999992111283345 0.0009765625
2.0000031843137203 2.0000031999999948 1.9999990023276664 1.9999992067280057 0.0009765625
2.0000031999999948 2.0000032313725438 1.9999989935292144 1.9999992023298876 0.0009765625
2.0000032313725438 2.0000032627450928 1.9999989847263304 1.9999991935270012 0.0009765625
2.0000032627450928 2.0000032941176418 1.999998975925662 1.9999991847263303 0.0009765625
2.0000032941176418 2.0000033254901908 1.9999989671249965 1.9999991759256619 0.0009765625
2.0000033254901908 2.0000033568627398 1.9999989583243321 1.9999991671249964 0.0009765625
2.0000033568627398 2.0000033882352883 1.9999989495236528 1.9999991583243319 0.0009765625
2.0000033882352883 2.0000034196078373 1.999998940722987 1.9999991495236527 0.0009765625
2.0000034196078373 2.0000034509803863 1.9999989319223224 1.9999991407229869 0.0009765625
2.0000034509803863 2.0000034823529353 1.9999989231216631 1.9999991319223223 0.0009765625
2.0000034823529353 2.0000035137254843 1.9999989143209933 1.9999991231216629 0.0009765625
2.0000035137254843 2.0000035450980334 1.9999989055203304 1.9999991143209932 0.0009765625
2.0000035450980334 2.0000035764705824 1.9999988967196654 1.9999991055203303 0.0009765625
2.0000035764705824 2.0000036078431314 1.9999988879189954 1.9999990967196652 0.0009765625
2.0000036078431314 2.0000036392156804 1.9999988791183347 1.9999990879189953 0.0009765625
2.0000036392156804 2.0000036705882294 1.9999988703176668 1.9999990791183346 0.0009765625
2.0000036705882294 2.0000037019607784 1.999998861516999 1.9999990703176667 0.0009765625
2.0000037019607784 2.0000037333333269 1.9999988527163441 1.9999990615169989 0.0009765625
2.0000037333333269 2.0000037647058759 1.9999988439156784 1.999999052716344 0.0009765625
2.0000037647058759 2.0000037960784249 1.9999988351150133 1.9999990439156783 0.0009765625
2.0000037960784249 2.0000038274509739 1.9999988263143622 1.9999990351150132 0.0009765625
2.0000038274509739 2.0000038588235229 1.9999988175136945 1.9999990263143621 0.0009765625
2.0000038588235229 2.0000038901960719 1.9999988087130314 1.9999990175136944 0.0009765625
2.0000038901960719 2.0000039215686209 1.9999987999123687 1.9999990087130313 0.0009765625
2.0000039215686209 2.0000039529411699 1.9999987911117083 1.9999989999123686 0.0009765625
2.0000039529411699 2.000003984313719 1.9999987823110537 1.9999989911117082 0.0009765625
2.000003984313719 2.000004015686268 1.9999987735103932 1.9999989823110536 0.0009765625
2.000004015686268 2.000004047058817 1.9999987647097359 1.9999989735103931 0.0009765625
2.000004047058817 2.000004078431366 1.9999987559090726 1.9999989647097358 0.0009765625
2.000004078431366 2.0000041098039145 1.9999987471084204 1.9999989559090725 0.0009765625
2.0000041098039145 2.0000041411764635 1.99999873830776 1.9999989471084203 0.0009765625
2.0000041411764635 2.0000041725490125 1.9999987295070945 1.9999989383077599 0.0009765625
2.0000041725490125 2.0000042039215615 1.9999987207064418 1.9999989295070943 0.0009765625
2.0000042039215615 2.0000042352941105 1.9999987119057796 1.9999989207064417 0.0009765625
2.0000042352941105 2.0000042666666595 1.9999987031051296 1.9999989119057795 0.0009765625
2.0000042666666595 2.0000042980392085 1.9999986943066919 1.9999989031073537 0.0009765625
2.0000042980392085 2.0000043294117575 1.9999986855038221 1.9999988943044711 0.0009765625
2.0000043294117575 2.0000043607843065 1.9999986767031532 1.999998885503822 0.0009765625
2.0000043607843065 2.0000043921568555 1.9999986679025044 1.9999988767031531 0.0009765625
2.0000043921568555 2.0000044235294046 1.9999986591018557 1.9999988679025043 0.0009765625
2.0000044235294046 2.0000044549019536 1.9999986503012019 1.9999988591018556 0.0009765625
2.0000044549019536 2.0000044862745026 1.9999986415005431 1.9999988503012018 0.0009765625
2.0000044862745026 2.0000045176470516 1.9999986326998929 1.999998841500543 0.0009765625
2.0000045176470516 2.0000045490196001 1.999998623899236 1.9999988326998928 0.0009765625
2.0000045490196001 2.0000045803921491 1.9999986150985902 1.9999988238992359 0.0009765625
2.0000045803921491 2.0000046117646981 1.9999986062979325 1.9999988150985901 0.0009765625
2.0000046117646981 2.0000046431372471 1.9999985974972818 1.9999988062979324 0.0009765625
2.0000046431372471 2.0000046745097961 1.9999985886966307 1.9999987974972817 0.0009765625
2.0000046745097961 2.0000047058823451 1.9999985798959801 1.9999987886966306 0.0009765625
2.0000047058823451 2.0000047372548941 1.9999985710953281 1.99999877989598 0.0009765625
2.0000047372548941 2.0000047686274431 1.999998562294679 1.999998771095328 0.0009765625
2.0000047686274431 2.0000047999999921 1.9999985534940294 1.9999987622946789 0.0009765625
2.0000047999999921 2.0000048313725411 1.9999985446933841 1.9999987534940293 0.0009765625
2.0000048313725411 2.0000048627450902 1.9999985358927264 1.999998744693384 0.0009765625
2.0000048627450902 2.0000048941176392 1.9999985270920819 1.9999987358927263 0.0009765625
2.0000048941176392 2.0000049254901882 1.999998518291435 1.9999987270920818 0.0009765625
2.0000049254901882 2.0000049568627372 1.9999985094907879 1.9999987182914349 0.0009765625
2.0000049568627372 2.0000049882352862 1.9999985006901351 1.9999987094907878 0.0009765625
2.0000049882352862 2.0000050196078352 1.9999984918894955 1.999998700690135 0.0009765625
2.0000050196078352 2.0000050509803842 1.9999984830888498 1.9999986918894954 0.0009765625
2.0000050509803842 2.0000050823529327 1.9999984742882011 1.9999986830888496 0.0009765625
2.0000050823529327 2.0000051137254817 1.9999984654875558 1.999998674288201 0.0009765625
2.0000051137254817 2.0000051450980307 1.9999984566869116 1.9999986654875557 0.0009765625
2.0000051450980307 2.0000051764705797 1.9999984478862634 1.9999986566869115 0.0009765625
2.0000051764705797 2.0000052078431287 1.999998439085626 1.9999986478862632 0.0009765625
2.0000052078431287 2.0000052392156777 1.9999984302849723 1.9999986390856259 0.0009765625
2.0000052392156777 2.0000052705882267 1.9999984214843318 1.9999986302849722 0.0009765625
2.0000052705882267 2.0000053019607757 1.9999984126836889 1.9999986214843317 0.0009765625
2.0000053019607757 2.0000053333333248 1.9999984038830454 1.9999986126836888 0.0009765625
2.0000053333333248 2.0000053647058738 1.9999974950846149 1.9999995038852594 0.0009765625
2.0000053647058738 2.0000053960784228 1.9999974862817611 1.9999994950824014 0.0009765625
2.0000053960784228 2.0000054274509718 1.9999974774811191 1.9999994862817612 0.0009765625
2.0000054274509718 2.0000054588235208 1.9999974686804809 1.9999994774811192 0.0009765625
2.0000054588235208 2.0000054901960698 1.9999974598798429 1.999999468680481 0.0009765625
2.0000054901960698 2.0000055215686183 1.9999974510791989 1.999999459879843 0.0009765625
2.0000055215686183 2.0000055529411673 1.999997442278554 1.999999451079199 0.0009765625
2.0000055529411673 2.0000055843137163 1.9999974334779134 1.9999994422785541 0.0009765625
2.0000055843137163 2.0000056156862653 1.9999974246772769 1.9999994334779134 0.0009765625
2.0000056156862653 2.0000056470588143 1.9999974158766438 1.999999424677277 0.0009765625
2.0000056470588143 2.0000056784313633 1.9999974070759983 1.9999994158766439 0.0009765625
2.0000056784313633 2.0000057098039123 1.9999973982753589 1.9999994070759983 0.0009765625
2.0000057098039123 2.0000057411764613 1.9999973894747227 1.999999398275359 0.0009765625
2.0000057411764613 2.0000057725490104 1.9999973806740863 1.9999993894747228 0.0009765625
2.0000057725490104 2.0000058039215594 1.9999973718734487 1.9999993806740863 0.0009765625
2.0000058039215594 2.0000058352941084 1.9999973630728092 1.9999993718734488 0.0009765625
2.0000058352941084 2.0000058666666574 1.9999973542721776 1.9999993630728092 0.0009765625
2.0000058666666574 2.0000058980392059 1.9999973454715394 1.9999993542721777 0.0009765625
2.0000058980392059 2.0000059294117549 1.9999973366709078 1.9999993454715395 0.0009765625
2.0000059294117549 2.0000059607843039 1.9999973278702678 1.9999993366709079 0.0009765625
2.0000059607843039 2.0000059921568529 1.9999973190696327 1.9999993278702679 0.0009765625
2.0000059921568529 2.0000060235294019 1.9999973102690003 1.9999993190696328 0.0009765625
2.0000060235294019 2.0000060549019509 1.9999973014683678 1.9999993102690004 0.0009765625
2.0000060549019509 2.0000060862744999 1.9999972926677376 1.9999993014683679 0.0009765625
2.0000060862744999 2.0000061176470489 1.9999972838670981 1.9999992926677377 0.0009765625
2.0000061176470489 2.0000061490195979 1.9999972750664594 1.9999992838670981 0.0009765625
2.0000061490195979 2.0000061803921469 1.9999972662658376 1.9999992750664595 0.0009765625
2.0000061803921469 2.000006211764696 1.9999972574652034 1.9999992662658377 0.0009765625
2.000006211764696 2.0000062431372445 1.9999972486645772 1.9999992574652035 0.0009765625
2.0000062431372445 2.0000062745097935 1.9999972398639441 1.9999992486645772 0.0009765625
2.0000062745097935 2.0000063058823425 1.9999972310633096 1.9999992398639441 0.0009765625
2.0000063058823425 2.0000063372548915 1.9999972222626787 1.9999992310633097 0.0009765625
2.0000063372548915 2.0000063686274405 1.9999972134620467 1.9999992222626788 0.0009765625
2.0000063686274405 2.0000063999999895 1.9999972046614158 1.9999992134620468 0.0009765625
2.0000063999999895 2.0000064627450875 1.9999971870623805 1.9999992046636292 0.0009765625
2.0000064627450875 2.0000065254901855 1.999997169458902 1.9999991870601626 0.0009765625
2.0000065254901855 2.0000065882352835 1.9999971518576487 1.9999991694589021 0.0009765625
2.0000065882352835 2.0000066509803811 1.999997134256394 1.9999991518576488 0.0009765625
2.0000066509803811 2.0000067137254791 1.9999971166551462 1.9999991342563941 0.0009765625
2.0000067137254791 2.0000067764705771 1.9999970990539 1.9999991166551463 0.0009765625
2.0000067764705771 2.0000068392156751 1.9999970814526491 1.9999990990539001 0.0009765625
2.0000068392156751 2.0000069019607731 1.9999970638514057 1.9999990814526492 0.0009765625
2.0000069019607731 2.0000069647058711 1.9999970462501595 1.9999990638514058 0.0009765625
2.0000069647058711 2.0000070274509691 1.9999970286489153 1.9999990462501596 0.0009765625
2.0000070274509691 2.0000070901960667 1.9999970110476708 1.9999990286489153 0.0009765625
2.0000070901960667 2.0000071529411647 1.9999969934464368 1.9999990110476709 0.0009765625
2.0000071529411647 2.0000072156862627 1.999996975845189 1.9999989934464368 0.0009765625
2.0000072156862627 2.0000072784313607 1.9999969582439561 1.999998975845189 0.0009765625
2.0000072784313607 2.0000073411764587 1.9999969406427145 1.9999989582439561 0.0009765625
2.0000073411764587 2.0000074039215567 1.9999969230414889 1.9999989406427146 0.0009765625
2.0000074039215567 2.0000074666666547 1.9999969054402558 1.999998923041489 0.0009765625
2.0000074666666547 2.0000075294117523 1.999996887839028 1.9999989054402558 0.0009765625
2.0000075294117523 2.0000075921568503 1.9999968702377937 1.999998887839028 0.0009765625
2.0000075921568503 2.0000076549019483 1.9999968526365661 1.9999988702377938 0.0009765625
2.0000076549019483 2.0000077176470463 1.9999968350353465 1.9999988526365662 0.0009765625
2.0000077176470463 2.0000077803921443 1.9999968174341172 1.9999988350353466 0.0009765625
2.0000077803921443 2.0000078431372423 1.9999967998328945 1.9999988174341172 0.0009765625
2.0000078431372423 2.0000079058823399 1.9999967822316789 1.9999987998328945 0.0009765625
2.0000079058823399 2.0000079686274379 1.9999967646304464 1.9999987822316789 0.0009765625
2.0000079686274379 2.0000080313725359 1.9999967470292379 1.9999987646304465 0.0009765625
2.0000080313725359 2.0000080941176339 1.9999967294280174 1.999998747029238 0.0009765625
2.0000080941176339 2.0000081568627319 1.9999967118267972 1.9999987294280175 0.0009765625
2.0000081568627319 2.0000082196078299 1.9999966942255887 1.9999987118267972 0.0009765625
2.0000082196078299 2.0000082823529279 1.9999966766243766 1.9999986942255887 0.0009765625
2.0000082823529279 2.0000083450980255 1.9999966590231697 1.9999986766243767 0.0009765625
2.0000083450980255 2.0000084078431235 1.9999966414219561 1.9999986590231698 0.0009765625
2.0000084078431235 2.0000084705882215 1.9999966238207547 1.9999986414219562 0.0009765625
2.0000084705882215 2.0000085333333195 1.9999966062195449 1.9999986238207548 0.0009765625
2.0000085333333195 2.0000085960784175 1.999996588620548 1.9999986062217621 0.0009765625
2.0000085960784175 2.0000086588235155 1.9999965710171339 1.9999985886183416 0.0009765625
2.0000086588235155 2.0000087215686131 1.999996553415939 1.999998571017134 0.0009765625
2.0000087215686131 2.0000087843137111 1.99999653581474 1.999998553415939 0.0009765625
2.0000087843137111 2.0000088470588091 1.999996518213548 1.9999985358147401 0.0009765625
2.0000088470588091 2.0000089098039071 1.9999965006123466 1.999998518213548 0.0009765625
2.0000089098039071 2.0000089725490051 1.9999964830111527 1.9999985006123466 0.0009765625
2.0000089725490051 2.0000090352941031 1.9999964654099527 1.9999984830111528 0.0009765625
2.0000090352941031 2.0000090980392007 1.9999964478087702 1.9999984654099527 0.0009765625
2.0000090980392007 2.0000091607842987 1.9999964302075766 1.9999984478087702 0.0009765625
2.0000091607842987 2.0000092235293967 1.9999964126063929 1.9999984302075766 0.0009765625
2.0000092235293967 2.0000092862744947 1.9999963950052024 1.999998412606393 0.0009765625
2.0000092862744947 2.0000093490195927 1.999996377404019 1.9999983950052025 0.0009765625
2.0000093490195927 2.0000094117646907 1.9999963598028347 1.9999983774040191 0.0009765625
2.0000094117646907 2.0000094745097883 1.9999963422016576 1.9999983598028348 0.0009765625
2.0000094745097883 2.0000095372548863 1.9999963246004784 1.9999983422016576 0.0009765625
2.0000095372548863 2.0000095999999843 1.999996306999301 1.9999983246004784 0.0009765625
2.0000095999999843 2.0000096627450823 1.9999962893981205 1.999998306999301 0.0009765625
2.0000096627450823 2.0000097254901803 1.9999962717969495 1.9999982893981205 0.0009765625
2.0000097254901803 2.0000097882352779 1.9999962541957721 1.9999982717969496 0.0009765625
2.0000097882352779 2.0000098509803759 1.9999962365946056 1.9999982541957722 0.0009765625
2.0000098509803759 2.0000099137254739 1.9999962189934306 1.9999982365946056 0.0009765625
2.0000099137254739 2.0000099764705719 1.9999962013922608 1.9999982189934307 0.0009765625
2.0000099764705719 2.0000100392156699 1.9999961837910945 1.9999982013922608 0.0009765625
2.0000100392156699 2.0000101019607679 1.9999961661899197 1.9999981837910945 0.0009765625
2.0000101019607679 2.0000101647058655 1.999996148588761 1.9999981661899198 0.0009765625
2.0000101647058655 2.0000102274509635 1.9999961309876013 1.999998148588761 0.0009765625
2.0000102274509635 2.0000102901960615 1.9999961133864317 1.9999981309876014 0.0009765625
2.0000102901960615 2.0000103529411595 1.9999960957852796 1.9999981133864317 0.0009765625
2.0000103529411595 2.0000104156862575 1.9999960781841222 1.9999980957852797 0.0009765625
2.0000104156862575 2.0000104784313555 1.9999960605829556 1.9999980781841222 0.0009765625
2.0000104784313555 2.000010541176453 1.9999960429818102 1.9999980605829557 0.0009765625
2.000010541176453 2.0000106039215511 1.9999960253806575 1.9999980429818103 0.0009765625
2.0000106039215511 2.0000106666666491 1.9999960077795051 1.9999980253806575 0.0009765625
2.0000106666666491 2.0000107294117471 1.9999959901805695 1.9999980077817188 0.0009765625
2.0000107294117471 2.0000107921568451 1.9999959725772067 1.9999979901783564 0.0009765625
2.0000107921568451 2.0000108549019431 1.9999959549760586 1.9999979725772068 0.0009765625
2.0000108549019431 2.0000109176470406 1.9999959373749172 1.9999979549760587 0.0009765625
2.0000109176470406 2.0000109803921386 1.9999959197737724 1.9999979373749173 0.0009765625
2.0000109803921386 2.0000110431372367 1.9999959021726292 1.9999979197737725 0.0009765625
2.0000110431372367 2.0000111058823347 1.9999958845714936 1.9999979021726293 0.0009765625
2.0000111058823347 2.0000111686274327 1.9999958669703504 1.9999978845714936 0.0009765625
2.0000111686274327 2.0000112313725307 1.9999958493692127 1.9999978669703504 0.0009765625
2.0000112313725307 2.0000112941176287 1.9999958317680775 1.9999978493692128 0.0009765625
2.0000112941176287 2.0000113568627262 1.9999958141669445 1.9999978317680775 0.0009765625
2.0000113568627262 2.0000114196078242 1.9999957965658104 1.9999978141669446 0.0009765625
2.0000114196078242 2.0000114823529223 1.9999957789646812 1.9999977965658104 0.0009765625
2.0000114823529223 2.0000115450980203 1.9999957613635464 1.9999977789646812 0.0009765625
2.0000115450980203 2.0000116078431183 1.9999957437624176 1.9999977613635465 0.0009765625
2.0000116078431183 2.0000116705882163 1.9999957261612964 1.9999977437624177 0.0009765625
2.0000116705882163 2.0000117333333138 1.9999957085601721 1.9999977261612965 0.0009765625
2.0000117333333138 2.0000117960784118 1.9999956909590444 1.9999977085601721 0.0009765625
2.0000117960784118 2.0000118588235098 1.9999956733579305 1.9999976909590444 0.0009765625
2.0000118588235098 2.0000119215686079 1.9999956557568104 1.9999976733579305 0.0009765625
2.0000119215686079 2.0000119843137059 1.9999956381556898 1.9999976557568104 0.0009765625
2.0000119843137059 2.0000120470588039 1.9999956205545721 1.9999976381556899 0.0009765625
2.0000120470588039 2.0000121098039019 1.9999956029534509 1.9999976205545722 0.0009765625
2.0000121098039019 2.0000121725489994 1.9999955853523457 1.999997602953451 0.0009765625
2.0000121725489994 2.0000122352940974 1.9999955677512378 1.9999975853523457 0.0009765625
2.0000122352940974 2.0000122980391954 1.9999955501501192 1.9999975677512378 0.0009765625
2.0000122980391954 2.0000123607842935 1.999995532549014 1.9999975501501193 0.0009765625
2.0000123607842935 2.0000124235293915 1.9999955149479069 1.999997532549014 0.0009765625
2.0000124235293915 2.0000124862744895 1.9999954973468026 1.999997514947907 0.0009765625
2.0000124862744895 2.0000125490195875 1.9999954797456982 1.9999974973468027 0.0009765625
2.0000125490195875 2.000012611764685 1.9999954621446021 1.9999974797456983 0.0009765625
2.000012611764685 2.000012674509783 1.9999954445434973 1.9999974621446022 0.0009765625
2.000012674509783 2.000012737254881 1.9999954269423912 1.9999974445434974 0.0009765625
2.000012737254881 2.0000127999999791 1.9999954093412999 1.9999974269423912 0.0009765625
2.0000127999999791 2.0000129254901751 1.9999953741413214 1.9999974093435016 0.0009765625
2.0000129254901751 2.0000130509803706 1.9999953389369194 1.9999973741391071 0.0009765625
2.0000130509803706 2.0000131764705666 1.9999953037347389 1.9999973389369194 0.0009765625
2.0000131764705666 2.0000133019607627 1.9999952685325717 1.9999973037347389 0.0009765625
2.0000133019607627 2.0000134274509582 1.999995233330411 1.9999972685325718 0.0009765625
2.0000134274509582 2.0000135529411542 1.9999951981282511 1.999997233330411 0.0009765625
2.0000135529411542 2.0000136784313503 1.9999951629261006 1.9999971981282512 0.0009765625
2.0000136784313503 2.0000138039215458 1.9999951277239509 1.9999971629261006 0.0009765625
2.0000138039215458 2.0000139294117418 1.9999950925218115 1.999997127723951 0.0009765625
2.0000139294117418 2.0000140549019378 1.9999950573196796 1.9999970925218116 0.0009765625
2.0000140549019378 2.0000141803921334 1.9999950221175491 1.9999970573196797 0.0009765625
2.0000141803921334 2.0000143058823294 1.9999949869154268 1.9999970221175492 0.0009765625
2.0000143058823294 2.0000144313725254 1.9999949517133107 1.9999969869154268 0.0009765625
2.0000144313725254 2.000014556862721 1.9999949165112076 1.9999969517133107 0.0009765625
2.000014556862721 2.000014682352917 1.9999948813091042 1.9999969165112077 0.0009765625
2.000014682352917 2.000014807843113 1.9999948461070103 1.9999968813091042 0.0009765625
2.000014807843113 2.0000149333333086 1.9999948109049195 1.9999968461070103 0.0009765625
2.0000149333333086 2.0000150588235046 1.9999947757028362 1.9999968109049195 0.0009765625
2.0000150588235046 2.0000151843137006 1.9999947405007601 1.9999967757028363 0.0009765625
2.0000151843137006 2.0000153098038966 1.9999947052986971 1.9999967405007602 0.0009765625
2.0000153098038966 2.0000154352940922 1.9999946700966278 1.9999967052986971 0.0009765625
2.0000154352940922 2.0000155607842882 1.999994634894569 1.9999966700966278 0.0009765625
2.0000155607842882 2.0000156862744842 1.9999945996925184 1.999996634894569 0.0009765625
2.0000156862744842 2.0000158117646798 1.9999945644904753 1.9999965996925184 0.0009765625
2.0000158117646798 2.0000159372548758 1.9999945292884387 1.9999965644904754 0.0009765625
2.0000159372548758 2.0000160627450718 1.9999944940864054 1.9999965292884387 0.0009765625
2.0000160627450718 2.0000161882352674 1.9999944588843845 1.9999964940864055 0.0009765625
2.0000161882352674 2.0000163137254634 1.9999944236823608 1.9999964588843846 0.0009765625
2.0000163137254634 2.0000164392156594 1.9999943884803524 1.9999964236823609 0.0009765625
2.0000164392156594 2.000016564705855 1.9999943532783362 1.9999963884803524 0.0009765625
2.000016564705855 2.000016690196051 1.9999943180763395 1.9999963532783362 0.0009765625
2.000016690196051 2.000016815686247 1.9999942828743407 1.9999963180763396 0.0009765625
2.000016815686247 2.0000169411764426 1.99999424767236 1.9999962828743407 0.0009765625
2.0000169411764426 2.0000170666666386 1.9999942124703811 1.9999962476723601 0.0009765625
2.0000170666666386 2.0000171921568346 1.9999941772706233 1.9999962124725947 0.0009765625
2.0000171921568346 2.0000173176470302 1.9999941420664382 1.9999961772684094 0.0009765625
2.0000173176470302 2.0000174431372262 1.9999941068644798 1.9999961420664383 0.0009765625
2.0000174431372262 2.0000175686274222 1.9999940716625155 1.9999961068644798 0.0009765625
2.0000175686274222 2.0000176941176182 1.9999940364605706 1.9999960716625156 0.0009765625
2.0000176941176182 2.0000178196078138 1.9999940012586221 1.9999960364605707 0.0009765625
2.0000178196078138 2.0000179450980098 1.9999939660566903 1.9999960012586222 0.0009765625
2.0000179450980098 2.0000180705882058 1.9999939308547536 1.9999959660566904 0.0009765625
2.0000180705882058 2.0000181960784014 1.9999938956528347 1.9999959308547537 0.0009765625
2.0000181960784014 2.0000183215685974 1.9999938604509142 1.9999958956528348 0.0009765625
2.0000183215685974 2.0000184470587934 1.9999938252490044 1.9999958604509143 0.0009765625
2.0000184470587934 2.000018572548989 1.9999937900470992 1.9999958252490044 0.0009765625
2.000018572548989 2.000018698039185 1.9999937548451987 1.9999957900470993 0.0009765625
2.000018698039185 2.000018823529381 1.9999937196433082 1.9999957548451988 0.0009765625
2.000018823529381 2.000018949019577 1.9999936844414175 1.9999957196433082 0.0009765625
2.000018949019577 2.0000190745097726 1.9999936492395476 1.9999956844414175 0.0009765625
2.0000190745097726 2.0000191999999686 1.9999936140376688 1.9999956492395476 0.0009765625
2.0000191999999686 2.0000193254901646 1.9999935788357994 1.9999956140376689 0.0009765625
2.0000193254901646 2.0000194509803602 1.9999935436339391 1.9999955788357995 0.0009765625
2.0000194509803602 2.0000195764705562 1.9999935084320863 1.9999955436339392 0.0009765625
2.0000195764705562 2.0000197019607522 1.9999934732302374 1.9999955084320864 0.0009765625
2.0000197019607522 2.0000198274509482 1.9999934380284019 1.9999954732302374 0.0009765625
2.0000198274509482 2.0000199529411438 1.9999934028265602 1.999995438028402 0.0009765625
2.0000199529411438 2.0000200784313398 1.9999933676247321 1.9999954028265603 0.0009765625
2.0000200784313398 2.0000202039215358 1.9999933324229102 1.9999953676247322 0.0009765625
2.0000202039215358 2.0000203294117314 1.9999932972210883 1.9999953324229103 0.0009765625
2.0000203294117314 2.0000204549019274 1.9999932620192777 1.9999952972210884 0.0009765625
2.0000204549019274 2.0000205803921234 1.9999932268174769 1.9999952620192778 0.0009765625
2.0000205803921234 2.0000207058823189 1.9999931916156874 1.999995226817477 0.0009765625
2.0000207058823189 2.000020831372515 1.9999931564138902 1.9999951916156875 0.0009765625
2.000020831372515 2.000020956862711 1.9999931212121009 1.9999951564138903 0.0009765625
2.000020956862711 2.000021082352907 1.999993086010329 1.999995121212101 0.0009765625
2.000021082352907 2.0000212078431026 1.9999930508085613 1.999995086010329 0.0009765625
2.0000212078431026 2.0000213333332986 1.9999930156067922 1.9999950508085613 0.0009765625
2.0000213333332986 2.0000214588234946 1.999992980407242 1.9999950156090065 0.0009765625
2.0000214588234946 2.0000215843136901 1.9999929452032796 1.9999949804050379 0.0009765625
2.0000215843136901 2.0000217098038862 1.9999929100015379 1.9999949452032797 0.0009765625
2.0000217098038862 2.0000218352940822 1.9999928747997919 1.999994910001538 0.0009765625
2.0000218352940822 2.0000219607842777 1.9999928395980602 1.999994874799792 0.0009765625
2.0000219607842777 2.0000220862744738 1.999992804396328 1.9999948395980602 0.0009765625
2.0000220862744738 2.0000222117646698 1.999992769194614 1.999994804396328 0.0009765625
2.0000222117646698 2.0000223372548653 1.9999927339928942 1.9999947691946141 0.0009765625
2.0000223372548653 2.0000224627450613 1.9999926987911874 1.9999947339928943 0.0009765625
2.0000224627450613 2.0000225882352574 1.9999926635894882 1.9999946987911874 0.0009765625
2.0000225882352574 2.0000227137254529 1.999992628387784 1.9999946635894883 0.0009765625
2.0000227137254529 2.0000228392156489 1.9999925931860998 1.9999946283877841 0.0009765625
2.0000228392156489 2.000022964705845 1.9999925579844138 1.9999945931860998 0.0009765625
2.000022964705845 2.0000230901960405 1.9999925227827398 1.9999945579844138 0.0009765625
2.0000230901960405 2.0000232156862365 1.9999924875810715 1.9999945227827398 0.0009765625
2.0000232156862365 2.0000233411764325 1.9999924523794066 1.9999944875810716 0.0009765625
2.0000233411764325 2.0000234666666286 1.9999924171777428 1.9999944523794067 0.0009765625
2.0000234666666286 2.0000235921568241 1.9999923819761007 1.9999944171777428 0.0009765625
2.0000235921568241 2.0000237176470201 1.9999923467744514 1.9999943819761008 0.0009765625
2.0000237176470201 2.0000238431372162 1.9999923115728104 1.9999943467744514 0.0009765625
2.0000238431372162 2.0000239686274117 1.9999922763711846 1.9999943115728105 0.0009765625
2.0000239686274117 2.0000240941176077 1.9999922411695508 1.9999942763711847 0.0009765625
2.0000240941176077 2.0000242196078037 1.9999922059679311 1.9999942411695508 0.0009765625
2.0000242196078037 2.0000243450979993 1.9999921707663175 1.9999942059679312 0.0009765625
2.0000243450979993 2.0000244705881953 1.9999921355647181 1.9999941707663176 0.0009765625
2.0000244705881953 2.0000245960783913 1.9999921003631149 1.9999941355647182 0.0009765625
2.0000245960783913 2.0000247215685869 1.9999920651615211 1.999994100363115 0.0009765625
2.0000247215685869 2.0000248470587829 1.9999920299599314 1.9999940651615211 0.0009765625
2.0000248470587829 2.0000249725489789 1.9999919947583424 1.9999940299599315 0.0009765625
2.0000249725489789 2.0000250980391745 1.999991959556779 1.9999939947583425 0.0009765625
2.0000250980391745 2.0000252235293705 1.9999919243552053 1.9999939595567791 0.0009765625
2.0000252235293705 2.0000253490195665 1.9999918891536395 1.9999939243552054 0.0009765625
2.0000253490195665 2.0000254745097621 1.9999918539520845 1.9999938891536395 0.0009765625
2.0000254745097621 2.0000255999999581 1.9999918187505341 1.9999938539520845 0.0009765625
2.0000255999999581 2.0000258509803497 1.9999917483496634 1.9999938187527488 0.0009765625
2.0000258509803497 2.0000261019607417 1.9999916779444045 1.9999937483474539 0.0009765625
2.0000261019607417 2.0000263529411333 1.9999916075413671 1.9999936779444045 0.0009765625
2.0000263529411333 2.0000266039215253 1.999991537138361 1.9999936075413671 0.0009765625
2.0000266039215253 2.0000268549019169 1.9999914667353778 1.999993537138361 0.0009765625
2.0000268549019169 2.0000271058823085 1.9999913963324376 1.9999934667353778 0.0009765625
2.0000271058823085 2.0000273568627005 1.9999913259295057 1.9999933963324377 0.0009765625
2.0000273568627005 2.0000276078430921 1.9999912555265995 1.9999933259295057 0.0009765625
2.0000276078430921 2.0000278588234837 1.9999911851237202 1.9999932555265996 0.0009765625
2.0000278588234837 2.0000281098038757 1.9999911147208682 1.9999931851237203 0.0009765625
2.0000281098038757 2.0000283607842673 1.9999910443180373 1.9999931147208683 0.0009765625
2.0000283607842673 2.0000286117646593 1.9999909739152337 1.9999930443180374 0.0009765625
2.0000286117646593 2.0000288627450509 1.9999909035124657 1.9999929739152338 0.0009765625
2.0000288627450509 2.0000291137254425 1.9999908331097194 1.9999929035124657 0.0009765625
2.0000291137254425 2.0000293647058345 1.9999907627069842 1.9999928331097194 0.0009765625
2.0000293647058345 2.0000296156862261 1.9999906923042816 1.9999927627069842 0.0009765625
2.0000296156862261 2.0000298666666181 1.999990621901607 1.9999926923042817 0.0009765625
2.0000298666666181 2.0000301176470097 1.9999905514989593 1.9999926219016071 0.0009765625
2.0000301176470097 2.0000303686274012 1.9999904810963334 1.9999925514989594 0.0009765625
2.0000303686274012 2.0000306196077933 1.9999904106937363 1.9999924810963334 0.0009765625
2.0000306196077933 2.0000308705881849 1.9999903402911636 1.9999924106937363 0.0009765625
2.0000308705881849 2.0000311215685764 1.999990269888609 1.9999923402911637 0.0009765625
2.0000311215685764 2.0000313725489685 1.9999901994860929 1.999992269888609 0.0009765625
2.0000313725489685 2.00003162352936 1.9999901290835951 1.999992199486093 0.0009765625
2.00003162352936 2.0000318745097521 1.9999900586811261 1.9999921290835951 0.0009765625
2.0000318745097521 2.0000321254901436 1.9999899882786798 1.9999920586811262 0.0009765625
2.0000321254901436 2.0000323764705352 1.9999899178762557 1.9999919882786799 0.0009765625
2.0000323764705352 2.0000326274509272 1.9999898474738584 1.9999919178762557 0.0009765625
2.0000326274509272 2.0000328784313188 1.9999897770714845 1.9999918474738585 0.0009765625
2.0000328784313188 2.0000331294117104 1.9999897066691421 1.9999917770714846 0.0009765625
2.0000331294117104 2.0000333803921024 1.9999896362668248 1.9999917066691422 0.0009765625
2.0000333803921024 2.000033631372494 1.9999895658645264 1.9999916362668249 0.0009765625
2.000033631372494 2.000033882352886 1.9999894954622641 1.9999915658645264 0.0009765625
2.000033882352886 2.0000341333332776 1.9999894250600201 1.9999914954622642 0.0009765625
2.0000341333332776 2.0000343843136692 1.9999893546600169 1.9999914250622195 0.0009765625
2.0000343843136692 2.0000346352940612 1.9999892842556097 1.9999913546577945 0.0009765625
2.0000346352940612 2.0000348862744528 1.9999892138534363 1.9999912842556098 0.0009765625
2.0000348862744528 2.0000351372548444 1.999989143451298 1.9999912138534364 0.0009765625
2.0000351372548444 2.0000353882352364 1.9999890730491776 1.999991143451298 0.0009765625
2.0000353882352364 2.000035639215628 1.999989002647085 1.9999910730491777 0.0009765625
2.000035639215628 2.0000358901960196 1.9999889322450235 1.9999910026470851 0.0009765625
2.0000358901960196 2.0000361411764116 1.9999888618429793 1.9999909322450236 0.0009765625
2.0000361411764116 2.0000363921568032 1.9999887914409624 1.9999908618429794 0.0009765625
2.0000363921568032 2.0000366431371952 1.9999887210389706 1.9999907914409625 0.0009765625
2.0000366431371952 2.0000368941175868 1.999988650637011 1.9999907210389707 0.0009765625
2.0000368941175868 2.0000371450979784 1.9999885802350728 1.9999906506370111 0.0009765625
2.0000371450979784 2.0000373960783704 1.9999885098331511 1.9999905802350728 0.0009765625
2.0000373960783704 2.000037647058762 1.9999884394312688 1.9999905098331512 0.0009765625
2.000037647058762 2.0000378980391535 1.9999883690294025 1.9999904394312689 0.0009765625
2.0000378980391535 2.0000381490195456 1.999988298627565 1.9999903690294025 0.0009765625
2.0000381490195456 2.0000383999999372 1.99998822822575 1.9999902986275651 0.0009765625
2.0000383999999372 2.0000386509803287 1.9999881578239633 1.99999022822575 0.0009765625
2.0000386509803287 2.0000389019607208 1.9999880874222102 1.9999901578239634 0.0009765625
2.0000389019607208 2.0000391529411123 1.9999880170204665 1.9999900874222103 0.0009765625
2.0000391529411123 2.0000394039215039 1.9999879466187489 1.9999900170204665 0.0009765625
2.0000394039215039 2.0000396549018959 1.9999878762170689 1.999989946618749 0.0009765625
2.0000396549018959 2.0000399058822875 1.9999878058154108 1.9999898762170689 0.0009765625
2.0000399058822875 2.0000401568626791 1.9999877354137792 1.9999898058154109 0.0009765625
2.0000401568626791 2.0000404078430711 1.9999876650121686 1.9999897354137792 0.0009765625
2.0000404078430711 2.0000406588234627 1.9999875946105878 1.9999896650121687 0.0009765625
2.0000406588234627 2.0000409098038547 1.9999875242090293 1.9999895946105879 0.0009765625
2.0000409098038547 2.0000411607842463 1.9999874538074873 1.9999895242090293 0.0009765625
2.0000411607842463 2.0000414117646379 1.9999873834059811 1.9999894538074874 0.0009765625
2.0000414117646379 2.0000416627450299 1.9999873130045007 1.9999893834059812 0.0009765625
2.0000416627450299 2.0000419137254215 1.9999872426030352 1.9999893130045008 0.0009765625
2.0000419137254215 2.0000421647058131 1.9999871722016083 1.9999892426030352 0.0009765625
2.0000421647058131 2.0000424156862051 1.9999871018001998 1.9999891722016083 0.0009765625
2.0000424156862051 2.0000426666665967 1.9999870313988228 1.9999891018001998 0.0009765625
2.0000426666665967 2.0000429176469883 1.9999869609996759 1.9999890314010322 0.0009765625
2.0000429176469883 2.0000431686273803 1.9999868905961329 1.9999889609974579 0.0009765625
2.0000431686273803 2.0000434196077719 1.9999868201948274 1.9999888905961329 0.0009765625
2.0000434196077719 2.0000436705881639 1.9999867497935504 1.9999888201948275 0.0009765625
2.0000436705881639 2.0000439215685555 1.9999866793922996 1.9999887497935505 0.0009765625
2.0000439215685555 2.0000441725489471 1.9999866089910632 1.9999886793922996 0.0009765625
2.0000441725489471 2.0000444235293391 1.9999865385898621 1.9999886089910632 0.0009765625
2.0000444235293391 2.0000446745097307 1.9999864681886836 1.9999885385898621 0.0009765625
2.0000446745097307 2.0000449254901222 1.9999863977875301 1.9999884681886837 0.0009765625
2.0000449254901222 2.0000451764705143 1.9999863273864054 1.9999883977875301 0.0009765625
2.0000451764705143 2.0000454274509059 1.9999862569853044 1.9999883273864054 0.0009765625
2.0000454274509059 2.0000456784312979 1.9999861865842277 1.9999882569853045 0.0009765625
2.0000456784312979 2.0000459294116895 1.9999861161831691 1.9999881865842277 0.0009765625
2.0000459294116895 2.000046180392081 1.9999860457821497 1.9999881161831692 0.0009765625
2.000046180392081 2.0000464313724731 1.9999859753811409 1.9999880457821497 0.0009765625
2.0000464313724731 2.0000466823528646 1.9999859049801658 1.9999879753811409 0.0009765625
2.0000466823528646 2.0000469333332562 1.9999858345792201 1.9999879049801659 0.0009765625
2.0000469333332562 2.0000471843136483 1.9999857641782948 1.9999878345792201 0.0009765625
2.0000471843136483 2.0000474352940398 1.9999856937773894 1.9999877641782948 0.0009765625
2.0000474352940398 2.0000476862744319 1.999985623376523 1.9999876937773895 0.0009765625
2.0000476862744319 2.0000479372548234 1.9999855529756734 1.999987623376523 0.0009765625
2.0000479372548234 2.000048188235215 1.9999854825748498 1.9999875529756734 0.0009765625
2.000048188235215 2.000048439215607 1.9999854121740495 1.9999874825748498 0.0009765625
2.000048439215607 2.0000486901959986 1.9999853417732856 1.9999874121740495 0.0009765625
2.0000486901959986 2.0000489411763906 1.9999852713725312 1.9999873417732856 0.0009765625
2.0000489411763906 2.0000491921567822 1.9999852009718089 1.9999872713725313 0.0009765625
2.0000491921567822 2.0000494431371738 1.9999851305711145 1.9999872009718089 0.0009765625
2.0000494431371738 2.0000496941175658 1.9999850601704381 1.9999871305711145 0.0009765625
2.0000496941175658 2.0000499450979574 1.9999849897697997 1.9999870601704381 0.0009765625
2.0000499450979574 2.000050196078349 1.9999849193691783 1.9999869897697997 0.0009765625
2.000050196078349 2.000050447058741 1.9999848489685863 1.9999869193691784 0.0009765625
2.000050447058741 2.0000506980391326 1.9999847785680125 1.9999868489685864 0.0009765625
2.0000506980391326 2.0000509490195246 1.9999847081674675 1.9999867785680125 0.0009765625
2.0000509490195246 2.0000511999999162 1.9999846377669535 1.9999867081674676 0.0009765625
2.0000511999999162 2.0000517019606998 1.9999844969681912 1.9999866377691595 0.0009765625
2.0000517019606998 2.000052203921483 1.9999843561651225 1.9999864969659873 0.0009765625
2.000052203921483 2.0000527058822666 1.9999842153643685 1.9999863561651225 0.0009765625
2.0000527058822666 2.0000532078430502 1.9999840745637132 1.9999862153643686 0.0009765625
2.0000532078430502 2.0000537098038338 1.9999839337631593 1.9999860745637132 0.0009765625
2.0000537098038338 2.000054211764617 1.9999837929627038 1.9999859337631594 0.0009765625
2.000054211764617 2.0000547137254006 1.9999746521623483 1.9999947929627038 0.0009765625
2.0000547137254006 2.0000552156861842 1.9999745113620953 1.9999946521623482 0.0009765625
2.0000552156861842 2.0000557176469678 1.9999743705619524 1.9999945113620952 0.0009765625
2.0000557176469678 2.0000562196077509 1.9999742297618948 1.9999943705619523 0.0009765625
2.0000562196077509 2.0000567215685345 1.9999740889619484 1.9999942297618947 0.0009765625
2.0000567215685345 2.0000572235293181 1.9999739481621051 1.9999940889619483 0.0009765625
2.0000572235293181 2.0000577254901017 1.999973807362353 1.999993948162105 0.0009765625
2.0000577254901017 2.0000582274508849 1.9999736665627239 1.9999938073623529 0.0009765625
2.0000582274508849 2.0000587294116685 1.9999735257631759 1.9999936665627238 0.0009765625
2.0000587294116685 2.0000592313724521 1.9999733849637338 1.9999935257631758 0.0009765625
2.0000592313724521 2.0000597333332353 1.9999732441643998 1.9999933849637337 0.0009765625
2.0000597333332353 2.0000602352940189 1.9999731033651587 1.9999932441643997 0.0009765625
2.0000602352940189 2.0000607372548025 1.9999729625660245 1.9999931033651586 0.0009765625
2.0000607372548025 2.0000612392155861 1.9999728217669943 1.9999929625660244 0.0009765625
2.0000612392155861 2.0000617411763693 1.9999726809680658 1.9999928217669942 0.0009765625
2.0000617411763693 2.0000622431371529 1.9999725401692225 1.9999926809680657 0.0009765625
2.0000622431371529 2.0000627450979365 1.9999723993705005 1.9999925401692225 0.0009765625
2.0000627450979365 2.0000632470587201 1.9999722585718747 1.9999923993705004 0.0009765625
2.0000632470587201 2.0000637490195032 1.9999721177733414 1.9999922585718746 0.0009765625
2.0000637490195032 2.0000642509802868 1.9999719769749194 1.9999921177733413 0.0009765625
2.0000642509802868 2.0000647529410704 1.9999718361765839 1.9999919769749193 0.0009765625
2.0000647529410704 2.0000652549018541 1.9999716953783728 1.9999918361765838 0.0009765625
2.0000652549018541 2.0000657568626372 1.9999715545802539 1.9999916953783727 0.0009765625
2.0000657568626372 2.0000662588234208 1.9999714137822326 1.9999915545802538 0.0009765625
2.0000662588234208 2.0000667607842044 1.9999712729843193 1.9999914137822326 0.0009765625
2.0000667607842044 2.000067262744988 1.9999711321865012 1.9999912729843192 0.0009765625
2.000067262744988 2.0000677647057712 1.9999709913887855 1.9999911321865012 0.0009765625
2.0000677647057712 2.0000682666665548 1.9999708505911655 1.9999909913887854 0.0009765625
2.0000682666665548 2.0000687686273384 1.9999707097958681 1.9999908505933841 0.0009765625
2.0000687686273384 2.000069270588122 1.9999705689962475 1.9999907097936533 0.0009765625
2.000069270588122 2.0000697725489052 1.999970428198937 1.9999905689962474 0.0009765625
2.0000697725489052 2.0000702745096888 1.9999702874017282 1.9999904281989369 0.0009765625
2.0000702745096888 2.0000707764704724 1.9999701466046236 1.9999902874017281 0.0009765625
2.0000707764704724 2.000071278431256 1.999970005807622 1.9999901466046235 0.0009765625
2.000071278431256 2.0000717803920391 1.9999698650107158 1.9999900058076219 0.0009765625
2.0000717803920391 2.0000722823528228 1.9999697242139112 1.9999898650107157 0.0009765625
2.0000722823528228 2.0000727843136064 1.9999695834172189 1.9999897242139111 0.0009765625
2.0000727843136064 2.00007328627439 1.9999694426206127 1.9999895834172188 0.0009765625
2.00007328627439 2.0000737882351731 1.9999693018241151 1.9999894426206126 0.0009765625
2.0000737882351731 2.0000742901959567 1.9999691610277226 1.9999893018241151 0.0009765625
2.0000742901959567 2.0000747921567403 1.9999690202314213 1.9999891610277225 0.0009765625
2.0000747921567403 2.0000752941175239 1.9999688794352324 1.9999890202314212 0.0009765625
2.0000752941175239 2.0000757960783071 1.9999687386391394 1.9999888794352323 0.0009765625
2.0000757960783071 2.0000762980390907 1.9999685978431505 1.9999887386391393 0.0009765625
2.0000762980390907 2.0000767999998743 1.9999684570472664 1.9999885978431504 0.0009765625
2.0000767999998743 2.0000773019606579 1.9999683162514743 1.9999884570472664 0.0009765625
2.0000773019606579 2.0000778039214415 1.9999681754557925 1.9999883162514742 0.0009765625
2.0000778039214415 2.0000783058822247 1.9999680346602045 1.9999881754557924 0.0009765625
2.0000783058822247 2.0000788078430083 1.999967893864723 1.9999880346602044 0.0009765625
2.0000788078430083 2.0000793098037919 1.9999677530693394 1.9999878938647229 0.0009765625
2.0000793098037919 2.0000798117645755 1.9999676122740564 1.9999877530693393 0.0009765625
2.0000798117645755 2.0000803137253587 1.9999674714788822 1.9999876122740563 0.0009765625
2.0000803137253587 2.0000808156861423 1.9999673306838046 1.9999874714788821 0.0009765625
2.0000808156861423 2.0000813176469259 1.9999671898888269 1.9999873306838045 0.0009765625
2.0000813176469259 2.0000818196077095 1.9999670490939618 1.9999871898888268 0.0009765625
2.0000818196077095 2.0000823215684926 1.9999669082991889 1.9999870490939617 0.0009765625
2.0000823215684926 2.0000828235292762 1.9999667675045094 1.9999869082991888 0.0009765625
2.0000828235292762 2.0000833254900598 1.9999666267099403 1.9999867675045093 0.0009765625
2.0000833254900598 2.0000838274508435 1.9999664859154753 1.9999866267099402 0.0009765625
2.0000838274508435 2.0000843294116266 1.9999663451211021 1.9999864859154752 0.0009765625
2.0000843294116266 2.0000848313724102 1.9999662043268447 1.999986345121102 0.0009765625
2.0000848313724102 2.0000853333331938 1.999966063532675 1.9999862043268446 0.0009765625
2.0000853333331938 2.0000858352939774 1.9999659227408269 1.9999860635348856 0.0009765625
2.0000858352939774 2.0000863372547606 1.9999657819446475 1.9999859227386134 0.0009765625
2.0000863372547606 2.0000868392155442 1.9999656411507871 1.9999857819446474 0.0009765625
2.0000868392155442 2.0000873411763278 1.9999655003570316 1.999985641150787 0.0009765625
2.0000873411763278 2.0000878431371114 1.9999653595633817 1.9999855003570315 0.0009765625
2.0000878431371114 2.0000883450978946 1.9999652187698214 1.9999853595633816 0.0009765625
2.0000883450978946 2.0000888470586782 1.9999650779763674 1.9999852187698213 0.0009765625
2.0000888470586782 2.0000893490194618 1.999964937183013 1.9999850779763673 0.0009765625
2.0000893490194618 2.0000898509802454 1.9999647963897635 1.999984937183013 0.0009765625
2.0000898509802454 2.0000903529410285 1.9999646555966111 1.9999847963897635 0.0009765625
2.0000903529410285 2.0000908549018122 1.9999645148035583 1.999984655596611 0.0009765625
2.0000908549018122 2.0000913568625958 1.9999643740106194 1.9999845148035582 0.0009765625
2.0000913568625958 2.0000918588233794 1.9999642332177769 1.9999843740106193 0.0009765625
2.0000918588233794 2.0000923607841625 1.9999640924250366 1.9999842332177769 0.0009765625
2.0000923607841625 2.0000928627449461 1.9999639516323944 1.9999840924250365 0.0009765625
2.0000928627449461 2.0000933647057297 1.9999638108398465 1.9999839516323943 0.0009765625
2.0000933647057297 2.0000938666665133 1.999963670047407 1.9999838108398464 0.0009765625
2.0000938666665133 2.0000943686272965 1.9999635292550662 1.999983670047407 0.0009765625
2.0000943686272965 2.0000948705880801 1.9999633884628314 1.9999835292550661 0.0009765625
2.0000948705880801 2.0000953725488637 1.9999632476707021 1.9999833884628313 0.0009765625
2.0000953725488637 2.0000958745096469 1.9999631068786643 1.999983247670702 0.0009765625
2.0000958745096469 2.0000963764704305 1.9999629660867322 1.9999831068786642 0.0009765625
2.0000963764704305 2.0000968784312141 1.9999628252949058 1.9999829660867321 0.0009765625
2.0000968784312141 2.0000973803919977 1.9999626845031704 1.9999828252949057 0.0009765625
2.0000973803919977 2.0000978823527809 1.9999625437115449 1.9999826845031703 0.0009765625
2.0000978823527809 2.0000983843135645 1.9999624029200163 1.9999825437115448 0.0009765625
2.0000983843135645 2.0000988862743481 1.9999622621285911 1.9999824029200162 0.0009765625
2.0000988862743481 2.0000993882351317 1.9999621213372665 1.999982262128591 0.0009765625
2.0000993882351317 2.0000998901959148 1.999961980546048 1.9999821213372664 0.0009765625
2.0000998901959148 2.0001003921566984 1.999961839754929 1.9999819805460479 0.0009765625
2.0001003921566984 2.000100894117482 1.9999616989639106 1.9999818397549289 0.0009765625
2.000100894117482 2.0001013960782656 1.999961558172991 1.9999816989639105 0.0009765625
2.0001013960782656 2.0001018980390488 1.999961417382174 1.9999815581729909 0.0009765625
2.0001018980390488 2.0001023999998324 1.9999612765914647 1.9999814173821739 0.0009765625
2.0001023999998324 2.0001034039213996 1.999960995012549 1.9999812765936764 0.0009765625
2.0001034039213996 2.0001044078429664 1.9999607134296127 1.9999809950103371 0.0009765625
2.0001044078429664 2.0001054117645332 1.9999604318493016 1.9999807134296126 0.0009765625
2.0001054117645332 2.0001064156861004 1.9999601502693967 1.9999804318493015 0.0009765625
2.0001064156861004 2.0001074196076676 1.9999598686899016 1.9999801502693966 0.0009765625
2.0001074196076676 2.0001084235292343 1.9999595871107982 1.9999798686899015 0.0009765625
2.0001084235292343 2.0001094274508011 1.9999593055321059 1.9999795871107982 0.0009765625
2.0001094274508011 2.0001104313723683 1.9999590239538283 1.9999793055321058 0.0009765625
2.0001104313723683 2.0001114352939355 1.9999587423759444 1.9999790239538282 0.0009765625
2.0001114352939355 2.0001124392155023 1.999958460798466 1.9999787423759443 0.0009765625
2.0001124392155023 2.0001134431370691 1.9999581792214047 1.9999784607984659 0.0009765625
2.0001134431370691 2.0001144470586363 1.9999578976447414 1.9999781792214046 0.0009765625
2.0001144470586363 2.0001154509802035 1.9999576160684813 1.9999778976447413 0.0009765625
2.0001154509802035 2.0001164549017703 1.9999573344926356 1.9999776160684812 0.0009765625
2.0001164549017703 2.000117458823337 1.9999570529171962 1.9999773344926355 0.0009765625
2.000117458823337 2.0001184627449042 1.9999567713421522 1.9999770529171961 0.0009765625
2.0001184627449042 2.0001194666664714 1.9999564897675188 1.9999767713421521 0.0009765625
2.0001194666664714 2.0001204705880382 1.9999562081932967 1.9999764897675187 0.0009765625
2.0001204705880382 2.000121474509605 1.9999559266194784 1.9999762081932966 0.0009765625
2.000121474509605 2.0001224784311722 1.9999556450460547 1.9999759266194783 0.0009765625
2.0001224784311722 2.0001234823527394 1.999955363473052 1.9999756450460546 0.0009765625
2.0001234823527394 2.0001244862743062 1.9999550819004455 1.9999753634730519 0.0009765625
2.0001244862743062 2.0001254901958729 1.9999548003282437 1.9999750819004454 0.0009765625
2.0001254901958729 2.0001264941174401 1.9999545187564507 1.9999748003282436 0.0009765625
2.0001264941174401 2.0001274980390074 1.9999542371850714 1.9999745187564506 0.0009765625
2.0001274980390074 2.0001285019605741 1.9999539556140851 1.9999742371850713 0.0009765625
2.0001285019605741 2.0001295058821409 1.9999536740435109 1.999973955614085 0.0009765625
2.0001295058821409 2.0001305098037081 1.9999533924733441 1.9999736740435108 0.0009765625
2.0001305098037081 2.0001315137252753 1.9999531109035846 1.999973392473344 0.0009765625
2.0001315137252753 2.0001325176468421 1.9999528293342281 1.9999731109035845 0.0009765625
2.0001325176468421 2.0001335215684088 1.9999525477652749 1.999972829334228 0.0009765625
2.0001335215684088 2.0001345254899761 1.9999522661967266 1.9999725477652748 0.0009765625
2.0001345254899761 2.0001355294115433 1.9999519846285809 1.9999722661967265 0.0009765625
2.0001355294115433 2.00013653333311 1.99995170306085 1.9999719846285808 0.0009765625
2.00013653333311 2.0001375372546768 1.9999514214957366 1.9999717030630557 0.0009765625
2.0001375372546768 2.000138541176244 1.9999511399266048 1.999971421493522 0.0009765625
2.000138541176244 2.0001395450978108 1.9999508583600829 1.9999711399266047 0.0009765625
2.0001395450978108 2.000140549019378 1.9999505767939725 1.9999708583600828 0.0009765625
2.000140549019378 2.0001415529409448 1.999950295228264 1.9999705767939724 0.0009765625
2.0001415529409448 2.000142556862512 1.9999500136629653 1.9999702952282639 0.0009765625
2.000142556862512 2.0001435607840787 1.9999497320980697 1.9999700136629652 0.0009765625
2.0001435607840787 2.0001445647056459 1.9999494505335824 1.9999697320980696 0.0009765625
2.0001445647056459 2.0001455686272127 1.9999491689694933 1.9999694505335823 0.0009765625
2.0001455686272127 2.0001465725487799 1.9999488874058247 1.9999691689694932 0.0009765625
2.0001465725487799 2.0001475764703467 1.9999486058425524 1.9999688874058246 0.0009765625
2.0001475764703467 2.0001485803919139 1.9999483242796801 1.9999686058425523 0.0009765625
2.0001485803919139 2.0001495843134807 1.9999480427172278 1.99996832427968 0.0009765625
2.0001495843134807 2.0001505882350479 1.9999477611551724 1.9999680427172277 0.0009765625
2.0001505882350479 2.0001515921566146 1.9999474795935259 1.9999677611551723 0.0009765625
2.0001515921566146 2.0001525960781819 1.9999471980322769 1.9999674795935258 0.0009765625
2.0001525960781819 2.0001535999997486 1.9999469164714483 1.9999671980322768 0.0009765625
2.0001535999997486 2.0001546039213154 1.9999466349110098 1.9999669164714482 0.0009765625
2.0001546039213154 2.0001556078428826 1.9999463533509869 1.9999666349110097 0.0009765625
2.0001556078428826 2.0001566117644494 1.9999460717913726 1.9999663533509868 0.0009765625
2.0001566117644494 2.0001576156860166 1.9999457902321509 1.9999660717913725 0.0009765625
2.0001576156860166 2.0001586196075833 1.9999455086733502 1.9999657902321508 0.0009765625
2.0001586196075833 2.0001596235291506 1.9999452271149387 1.9999655086733501 0.0009765625
2.0001596235291506 2.0001606274507173 1.9999449455569522 1.9999652271149386 0.0009765625
2.0001606274507173 2.0001616313722845 1.9999446639993561 1.9999649455569521 0.0009765625
2.0001616313722845 2.0001626352938513 1.9999243824421788 1.9999846639993561 0.0009765625
2.0001626352938513 2.0001636392154185 1.9999241008853912 1.999984382442179 0.0009765625
2.0001636392154185 2.0001646431369853 1.9999238193290214 1.9999841008853914 0.0009765625
2.0001646431369853 2.0001656470585525 1.9999235377730487 1.9999838193290216 0.0009765625
2.0001656470585525 2.0001666509801193 1.9999232562174902 1.9999835377730488 0.0009765625
2.0001666509801193 2.0001676549016865 1.999922974662339 1.9999832562174904 0.0009765625
2.0001676549016865 2.0001686588232532 1.9999226931075844 1.9999829746623392 0.0009765625
2.0001686588232532 2.0001696627448204 1.9999224115532346 1.9999826931075846 0.0009765625
2.0001696627448204 2.0001706666663872 1.9999221299992977 1.9999824115532348 0.0009765625
2.0001706666663872 2.000171670587954 1.9999218484479779 1.9999821300015113 0.0009765625
2.000171670587954 2.0001726745095212 1.9999215668926431 1.9999818484457668 0.0009765625
2.0001726745095212 2.0001736784310884 1.9999212853399155 1.9999815668926433 0.0009765625
2.0001736784310884 2.0001746823526552 1.9999210037876034 1.9999812853399157 0.0009765625
2.0001746823526552 2.0001756862742219 1.9999207222356918 1.9999810037876036 0.0009765625
2.0001756862742219 2.0001766901957891 1.9999204406841895 1.999980722235692 0.0009765625
2.0001766901957891 2.0001776941173564 1.999920159133076 1.9999804406841897 0.0009765625
2.0001776941173564 2.0001786980389231 1.999919877582389 1.9999801591330761 0.0009765625
2.0001786980389231 2.0001797019604899 1.9999195960320997 1.9999798775823892 0.0009765625
2.0001797019604899 2.0001807058820571 1.9999193144822196 1.9999795960320998 0.0009765625
2.0001807058820571 2.0001817098036243 1.9999190329327416 1.9999793144822198 0.0009765625
2.0001817098036243 2.0001827137251911 1.9999187513836743 1.9999790329327418 0.0009765625
2.0001827137251911 2.0001837176467578 1.999918469835011 1.9999787513836744 0.0009765625
2.0001837176467578 2.0001847215683251 1.9999181882867412 1.9999784698350112 0.0009765625
2.0001847215683251 2.0001857254898923 1.9999179067389015 1.9999781882867413 0.0009765625
2.0001857254898923 2.000186729411459 1.9999176251914574 1.9999779067389016 0.0009765625
2.000186729411459 2.0001877333330258 1.9999173436444062 1.9999776251914576 0.0009765625
2.0001877333330258 2.000188737254593 1.9999170620977735 1.9999773436444064 0.0009765625
2.000188737254593 2.0001897411761602 1.9999167805515374 1.9999770620977737 0.0009765625
2.0001897411761602 2.000190745097727 1.9999164990057174 1.9999767805515376 0.0009765625
2.000190745097727 2.0001917490192938 1.9999162174602967 1.9999764990057176 0.0009765625
2.0001917490192938 2.000192752940861 1.9999159359152818 1.9999762174602969 0.0009765625
2.000192752940861 2.0001937568624282 1.9999156543706702 1.999975935915282 0.0009765625
2.0001937568624282 2.0001947607839949 1.9999153728264707 1.9999756543706704 0.0009765625
2.0001947607839949 2.0001957647055617 1.999915091282676 1.9999753728264709 0.0009765625
2.0001957647055617 2.0001967686271289 1.9999148097392891 1.9999750912826761 0.0009765625
2.0001967686271289 2.0001977725486961 1.9999145281962938 1.9999748097392893 0.0009765625
2.0001977725486961 2.0001987764702629 1.9999142466537225 1.999974528196294 0.0009765625
2.0001987764702629 2.0001997803918297 1.9999139651115501 1.9999742466537227 0.0009765625
2.0001997803918297 2.0002007843133969 1.9999136835697784 1.9999739651115502 0.0009765625
2.0002007843133969 2.0002017882349641 1.9999134020284208 1.9999736835697786 0.0009765625
2.0002017882349641 2.0002027921565309 1.9999131204874672 1.999973402028421 0.0009765625
2.0002027921565309 2.0002037960780976 1.9999128389469099 1.9999731204874673 0.0009765625
2.0002037960780976 2.0002047999996648 1.9999125574067671 1.99997283894691 0.0009765625
2.0002047999996648 2.0002068078427988 1.9999119943299017 1.9999725574089748 0.0009765625
2.0002068078427988 2.0002088156859328 1.9999114312502408 1.9999719943276992 0.0009765625
2.0002088156859328 2.0002108235290668 1.999910868174418 1.999971431250241 0.0009765625
2.0002108235290668 2.0002128313722007 1.999910305100205 1.9999708681744182 0.0009765625
2.0002128313722007 2.0002148392153347 1.9999097420276197 1.9999703051002051 0.0009765625
2.0002148392153347 2.0002168470584687 1.9999091789566665 1.9999697420276199 0.0009765625
2.0002168470584687 2.0002188549016027 1.9999086158873389 1.9999691789566667 0.0009765625
2.0002188549016027 2.0002208627447366 1.9999080528196198 1.9999686158873391 0.0009765625
2.0002208627447366 2.0002228705878706 1.9999074897535201 1.99996805281962 0.0009765625
2.0002228705878706 2.0002248784310046 1.9999069266890506 1.9999674897535202 0.0009765625
2.0002248784310046 2.0002268862741386 1.9999063636262113 1.9999669266890507 0.0009765625
2.0002268862741386 2.0002288941172726 1.9999058005649877 1.9999663636262115 0.0009765625
2.0002288941172726 2.0002309019604065 1.9999052375053783 1.9999658005649879 0.0009765625
2.0002309019604065 2.0002329098035405 1.9999046744474027 1.9999652375053785 0.0009765625
2.0002329098035405 2.0002349176466745 1.999904111391045 1.9999646744474029 0.0009765625
2.0002349176466745 2.0002369254898085 1.9999035483363181 1.9999641113910451 0.0009765625
2.0002369254898085 2.000238933332942 1.9999029852832049 1.9999635483363183 0.0009765625
2.000238933332942 2.000240941176076 1.9999024222317121 1.999962985283205 0.0009765625
2.000240941176076 2.00024294901921 1.9999018591818516 1.9999624222317123 0.0009765625
2.00024294901921 2.0002449568623439 1.9999012961336142 1.9999618591818518 0.0009765625
2.0002449568623439 2.0002469647054779 1.9999007330869858 1.9999612961336144 0.0009765625
2.0002469647054779 2.0002489725486119 1.9999001700419945 1.999960733086986 0.0009765625
2.0002489725486119 2.0002509803917459 1.999899606998619 1.9999601700419947 0.0009765625
2.0002509803917459 2.0002529882348798 1.9998990439568718 1.9999596069986192 0.0009765625
2.0002529882348798 2.0002549960780138 1.9998984809167375 1.999959043956872 0.0009765625
2.0002549960780138 2.0002570039211478 1.9998979178782337 1.9999584809167377 0.0009765625
2.0002570039211478 2.0002590117642818 1.9998973548413534 1.9999579178782338 0.0009765625
2.0002590117642818 2.0002610196074158 1.9998967918060824 1.9999573548413536 0.0009765625
2.0002610196074158 2.0002630274505497 1.9998962287724487 1.9999567918060825 0.0009765625
2.0002630274505497 2.0002650352936837 1.9998956657404332 1.9999562287724488 0.0009765625
2.0002650352936837 2.0002670431368177 1.9998951027100313 1.9999556657404334 0.0009765625
2.0002670431368177 2.0002690509799517 1.9998945396812691 1.9999551027100315 0.0009765625
2.0002690509799517 2.0002710588230856 1.9998939766541213 1.9999545396812692 0.0009765625
2.0002710588230856 2.0002730666662196 1.9998934136285857 1.9999539766541214 0.0009765625
2.0002730666662196 2.0002750745093536 1.9998928506068927 1.9999534136307944 0.0009765625
2.0002750745093536 2.0002770823524876 1.9998922875824028 1.99995285060468 0.0009765625
2.0002770823524876 2.0002790901956216 1.9998917245617402 1.999952287582403 0.0009765625
2.0002790901956216 2.0002810980387555 1.9998911615427029 1.9999517245617404 0.0009765625
2.0002810980387555 2.0002831058818895 1.9998905985252871 1.999951161542703 0.0009765625
2.0002831058818895 2.0002851137250235 1.9998900355095008 1.9999505985252872 0.0009765625
2.0002851137250235 2.0002871215681575 1.9998894724953289 1.999950035509501 0.0009765625
2.0002871215681575 2.0002891294112914 1.999888909482783 1.9999494724953291 0.0009765625
2.0002891294112914 2.0002911372544254 1.9998883464718562 1.9999489094827831 0.0009765625
2.0002911372544254 2.0002931450975594 1.9998877834625552 1.9999483464718564 0.0009765625
2.0002931450975594 2.0002951529406934 1.9998872204548783 1.9999477834625554 0.0009765625
2.0002951529406934 2.0002971607838274 1.9998866574488241 1.9999472204548785 0.0009765625
2.0002971607838274 2.0002991686269613 1.999886094444381 1.9999466574488243 0.0009765625
2.0002991686269613 2.0003011764700953 1.9998855314415771 1.9999460944443812 0.0009765625
2.0003011764700953 2.0003031843132293 1.999884968440387 1.9999455314415773 0.0009765625
2.0003031843132293 2.0003051921563633 1.9998844054408107 1.9999449684403872 0.0009765625
2.0003051921563633 2.0003071999994972 1.9998838424428698 1.9999444054408109 0.0009765625
2.0003071999994972 2.0003092078426312 1.9998832794465473 1.9999438424428699 0.0009765625
2.0003092078426312 2.0003112156857652 1.9998827164518458 1.9999432794465475 0.0009765625
2.0003112156857652 2.0003132235288992 1.9998821534587641 1.999942716451846 0.0009765625
2.0003132235288992 2.0003152313720332 1.9998815904673106 1.9999421534587642 0.0009765625
2.0003152313720332 2.0003172392151671 1.9998810274774785 1.9999415904673108 0.0009765625
2.0003172392151671 2.0003192470583011 1.9998804644892585 1.9999410274774787 0.0009765625
2.0003192470583011 2.0003212549014351 1.9998799015026683 1.9999404644892587 0.0009765625
2.0003212549014351 2.0003232627445691 1.9998793385177112 1.9999399015026684 0.0009765625
2.0003232627445691 2.000325270587703 1.9998787755343617 1.9999393385177113 0.0009765625
2.000325270587703 2.000327278430837 1.9998782125526409 1.9999387755343618 0.0009765625
2.000327278430837 2.000329286273971 1.9998776495725425 1.999938212552641 0.0009765625
2.000329286273971 2.000331294117105 1.9998770865940594 1.9999376495725427 0.0009765625
2.000331294117105 2.000333301960239 1.9998765236172067 1.9999370865940596 0.0009765625
2.000333301960239 2.0003353098033729 1.9998759606419656 1.9999365236172069 0.0009765625
2.0003353098033729 2.0003373176465069 1.9998753976683612 1.9999359606419658 0.0009765625
2.0003373176465069 2.0003393254896409 1.9998748346963757 1.9999353976683614 0.0009765625
2.0003393254896409 2.0003413333327749 1.999874271726007 1.9999348346963759 0.0009765625
2.0003413333327749 2.0003433411759088 1.9998737087594634 1.9999342717282056 0.0009765625
2.0003433411759088 2.0003453490190428 1.9998731457901306 1.9999337087572624 0.0009765625
2.0003453490190428 2.0003473568621768 1.9998725828246375 1.9999331457901308 0.0009765625
2.0003473568621768 2.0003493647053108 1.9998720198607567 1.9999325828246377 0.0009765625
2.0003493647053108 2.0003513725484448 1.9998714568985017 1.9999320198607569 0.0009765625
2.0003513725484448 2.0003533803915787 1.9998708939378735 1.9999314568985018 0.0009765625
2.0003533803915787 2.0003553882347127 1.9998703309788561 1.9999308939378737 0.0009765625
2.0003553882347127 2.0003573960778467 1.999869768021463 1.9999303309788563 0.0009765625
2.0003573960778467 2.0003594039209807 1.9998692050656972 1.9999297680214632 0.0009765625
2.0003594039209807 2.0003614117641146 1.9998686421115581 1.9999292050656974 0.0009765625
2.0003614117641146 2.0003634196072486 1.9998680791590278 1.9999286421115583 0.0009765625
2.0003634196072486 2.0003654274503826 1.9998675162081296 1.9999280791590279 0.0009765625
2.0003654274503826 2.0003674352935166 1.9998669532588467 1.9999275162081298 0.0009765625
2.0003674352935166 2.0003694431366505 1.9998663903111968 1.9999269532588468 0.0009765625
2.0003694431366505 2.0003714509797845 1.9998658273651664 1.999926390311197 0.0009765625
2.0003714509797845 2.0003734588229185 1.9998652644207513 1.9999258273651666 0.0009765625
2.0003734588229185 2.0003754666660525 1.9998647014779545 1.9999252644207515 0.0009765625
2.0003754666660525 2.000377474509186 1.9998641385367859 1.9999247014779546 0.0009765625
2.000377474509186 2.00037948235232 1.9998635755972416 1.9999241385367861 0.0009765625
2.00037948235232 2.000381490195454 1.9998630126593167 1.9999235755972418 0.0009765625
2.000381490195454 2.0003834980385879 1.9998624497230131 1.9999230126593168 0.0009765625
2.0003834980385879 2.0003855058817219 1.9998618867883338 1.9999224497230133 0.0009765625
2.0003855058817219 2.0003875137248559 1.9998613238552796 1.9999218867883339 0.0009765625
2.0003875137248559 2.0003895215679899 1.9998607609238361 1.9999213238552798 0.0009765625
2.0003895215679899 2.0003915294111239 1.9998601979940314 1.9999207609238363 0.0009765625
2.0003915294111239 2.0003935372542578 1.9998596350658286 1.9999201979940315 0.0009765625
2.0003935372542578 2.0003955450973918 1.9998590721392642 1.9999196350658288 0.0009765625
2.0003955450973918 2.0003975529405258 1.9998585092143137 1.9999190721392643 0.0009765625
2.0003975529405258 2.0003995607836598 1.9998579462909882 1.9999185092143139 0.0009765625
2.0003995607836598 2.0004015686267937 1.9998573833692899 1.9999179462909884 0.0009765625
2.0004015686267937 2.0004035764699277 1.9998568204492044 1.99991738336929 0.0009765625
2.0004035764699277 2.0004055843130617 1.9998562575307417 1.9999168204492046 0.0009765625
2.0004055843130617 2.0004075921561957 1.999855694613905 1.9999162575307419 0.0009765625
2.0004075921561957 2.0004095999993297 1.9998551316986886 1.9999156946139052 0.0009765625
2.0004095999993297 2.0004136156855976 1.999854005875328 1.9999151317008992 0.0009765625
2.0004136156855976 2.0004176313718656 1.999852880054042 1.9999140058731144 0.0009765625
2.0004176313718656 2.0004216470581335 1.9998517542414467 1.9999128800540422 0.0009765625
2.0004216470581335 2.0004256627444015 1.9998506284353479 1.9999117542414468 0.0009765625
2.0004256627444015 2.0004296784306694 1.9998495026357284 1.9999106284353481 0.0009765625
2.0004296784306694 2.0004336941169374 1.9998483768425992 1.9999095026357285 0.0009765625
2.0004336941169374 2.0004377098032053 1.9998472510559593 1.9999083768425994 0.0009765625
2.0004377098032053 2.0004417254894733 1.999846125275806 1.9999072510559595 0.0009765625
2.0004417254894733 2.0004457411757413 1.9998449995021359 1.9999061252758061 0.0009765625
2.0004457411757413 2.0004497568620092 1.9998438737349566 1.9999049995021361 0.0009765625
2.0004497568620092 2.0004537725482772 1.9998427479742609 1.9999038737349568 0.0009765625
2.0004537725482772 2.0004577882345451 1.999841622220053 1.999902747974261 0.0009765625
2.0004577882345451 2.0004618039208131 1.9998404964723357 1.9999016222200532 0.0009765625
2.0004618039208131 2.000465819607081 1.9998393707311042 1.9999004964723359 0.0009765625
2.000465819607081 2.000469835293349 1.9998382449963561 1.9998993707311044 0.0009765625
2.000469835293349 2.0004738509796169 1.9998371192680988 1.9998982449963563 0.0009765625
2.0004738509796169 2.0004778666658849 1.999835993546325 1.999897119268099 0.0009765625
2.0004778666658849 2.0004818823521524 1.9998348678310376 1.9998959935463252 0.0009765625
2.0004818823521524 2.0004858980384204 1.9998337421222394 1.9998948678310378 0.0009765625
2.0004858980384204 2.0004899137246883 1.999832616419922 1.9998937421222396 0.0009765625
2.0004899137246883 2.0004939294109563 1.9998314907241013 1.9998926164199222 0.0009765625
2.0004939294109563 2.0004979450972242 1.9998303650347586 1.9998914907241014 0.0009765625
2.0004979450972242 2.0005019607834922 1.999829239351907 1.9998903650347588 0.0009765625
2.0005019607834922 2.0005059764697601 1.9998281136755334 1.9998892393519072 0.0009765625
2.0005059764697601 2.0005099921560281 1.9998269880056583 1.9998881136755335 0.0009765625
2.0005099921560281 2.000514007842296 1.9998258623422507 1.9998869880056585 0.0009765625
2.000514007842296 2.000518023528564 1.9998247366853461 1.9998858623422509 0.0009765625
2.000518023528564 2.000522039214832 1.9998236110349266 1.9998847366853463 0.0009765625
2.000522039214832 2.0005260549010999 1.9998224853909896 1.9998836110349267 0.0009765625
2.0005260549010999 2.0005300705873679 1.9998213597535321 1.9998824853909898 0.0009765625
2.0005300705873679 2.0005340862736358 1.9998202341225702 1.9998813597535323 0.0009765625
2.0005340862736358 2.0005381019599038 1.9998191084980848 1.9998802341225703 0.0009765625
2.0005381019599038 2.0005421176461717 1.9998179828800879 1.9998791084980849 0.0009765625
2.0005421176461717 2.0005461333324397 1.9998168572685826 1.9998779828800881 0.0009765625
2.0005461333324397 2.0005501490187076 1.9997457316657667 1.9999468572707932 0.0009765625
2.0005501490187076 2.0005541647049756 1.9997446060650219 1.9999457316635671 0.0009765625
2.0005541647049756 2.0005581803912436 1.9997434804729675 1.9999446060650221 0.0009765625
2.0005581803912436 2.0005621960775115 1.9997423548874007 1.9999434804729677 0.0009765625
2.0005621960775115 2.0005662117637795 1.999741229308321 1.9999423548874009 0.0009765625
2.0005662117637795 2.0005702274500474 1.9997401037357267 1.9999412293083212 0.0009765625
2.0005702274500474 2.0005742431363154 1.9997389781696142 1.9999401037357269 0.0009765625
2.0005742431363154 2.0005782588225833 1.9997378526099865 1.9999389781696144 0.0009765625
2.0005782588225833 2.0005822745088508 1.9997367270568396 1.9999378526099867 0.0009765625
2.0005822745088508 2.0005862901951188 1.9997356015101828 1.9999367270568398 0.0009765625
2.0005862901951188 2.0005903058813868 1.9997344759700137 1.999935601510183 0.0009765625
2.0005903058813868 2.0005943215676547 1.9997333504363184 1.9999344759700139 0.0009765625
2.0005943215676547 2.0005983372539227 1.9997322249091227 1.9999333504363186 0.0009765625
2.0005983372539227 2.0006023529401906 1.999731099388405 1.9999322249091229 0.0009765625
2.0006023529401906 2.0006063686264586 1.9997299738741721 1.9999310993884052 0.0009765625
2.0006063686264586 2.0006103843127265 1.9997288483664224 1.9999299738741723 0.0009765625
2.0006103843127265 2.0006143999989945 1.9997277228651578 1.9999288483664226 0.0009765625
2.0006143999989945 2.0006184156852624 1.9997265973703857 1.999927722865158 0.0009765625
2.0006184156852624 2.0006224313715304 1.999725471882086 1.9999265973703859 0.0009765625
2.0006224313715304 2.0006264470577984 1.9997243464002665 1.9999254718820862 0.0009765625
2.0006264470577984 2.0006304627440663 1.9997232209249376 1.9999243464002667 0.0009765625
2.0006304627440663 2.0006344784303343 1.9997220954560952 1.9999232209249378 0.0009765625
2.0006344784303343 2.0006384941166022 1.999720969993743 1.9999220954560954 0.0009765625
2.0006384941166022 2.0006425098028702 1.9997198445378632 1.9999209699937432 0.0009765625
2.0006425098028702 2.0006465254891381 1.9997187190884758 1.9999198445378634 0.0009765625
2.0006465254891381 2.0006505411754056 1.9997175936455629 1.999918719088476 0.0009765625
2.0006505411754056 2.0006545568616736 1.9997164682091471 1.9999175936455631 0.0009765625
2.0006545568616736 2.0006585725479415 1.9997153427791945 1.9999164682091473 0.0009765625
2.0006585725479415 2.0006625882342095 1.9997142173557434 1.9999153427791947 0.0009765625
2.0006625882342095 2.0006666039204775 1.9997130919387693 1.9999142173557436 0.0009765625
2.0006666039204775 2.0006706196067454 1.9997119665282908 1.9999130919387695 0.0009765625
2.0006706196067454 2.0006746352930134 1.9997108411242799 1.999911966528291 0.0009765625
2.0006746352930134 2.0006786509792813 1.9997097157267583 1.9999108411242801 0.0009765625
2.0006786509792813 2.0006826666655493 1.9997085903357155 1.9999097157267585 0.0009765625
2.0006826666655493 2.0006866823518172 1.9997074649533666 1.9999085903379135 0.0009765625
2.0006866823518172 2.0006906980380852 1.9997063395730856 1.9999074649511552 0.0009765625
2.0006906980380852 2.0006947137243531 1.9997052142015026 1.9999063395730858 0.0009765625
2.0006947137243531 2.0006987294106211 1.9997040888363935 1.9999052142015028 0.0009765625
2.0006987294106211 2.0007027450968891 1.9997029634777688 1.9999040888363937 0.0009765625
2.0007027450968891 2.000706760783157 1.9997018381256315 1.999902963477769 0.0009765625
2.000706760783157 2.000710776469425 1.9997007127799762 1.9999018381256317 0.0009765625
2.000710776469425 2.0007147921556929 1.9996995874407959 1.9999007127799764 0.0009765625
2.0007147921556929 2.0007188078419609 1.9996984621081009 1.9998995874407961 0.0009765625
2.0007188078419609 2.0007228235282288 1.9996973367819033 1.9998984621081011 0.0009765625
2.0007228235282288 2.0007268392144968 1.9996962114621766 1.9998973367819035 0.0009765625
2.0007268392144968 2.0007308549007647 1.9996950861489255 1.9998962114621768 0.0009765625
2.0007308549007647 2.0007348705870327 1.9996939608421584 1.9998950861489257 0.0009765625
2.0007348705870327 2.0007388862733007 1.9996928355418928 1.9998939608421586 0.0009765625
2.0007388862733007 2.0007429019595686 1.9996917102480869 1.999892835541893 0.0009765625
2.0007429019595686 2.0007469176458366 1.9996905849607809 1.9998917102480871 0.0009765625
2.0007469176458366 2.0007509333321041 1.9996894596799462 1.9998905849607811 0.0009765625
2.0007509333321041 2.000754949018372 1.9996883344055894 1.9998894596799464 0.0009765625
2.000754949018372 2.00075896470464 1.9996872091377254 1.9998883344055896 0.0009765625
2.00075896470464 2.0007629803909079 1.9996860838763417 1.9998872091377256 0.0009765625
2.0007629803909079 2.0007669960771759 1.999684958621436 1.9998860838763419 0.0009765625
2.0007669960771759 2.0007710117634439 1.9996838333730202 1.9998849586214362 0.0009765625
2.0007710117634439 2.0007750274497118 1.9996827081310786 1.9998838333730204 0.0009765625
2.0007750274497118 2.0007790431359798 1.99968158289561 1.9998827081310788 0.0009765625
2.0007790431359798 2.0007830588222477 1.9996804576666436 1.9998815828956102 0.0009765625
2.0007830588222477 2.0007870745085157 1.999679332444146 1.9998804576666438 0.0009765625
2.0007870745085157 2.0007910901947836 1.9996782072281372 1.9998793324441462 0.0009765625
2.0007910901947836 2.0007951058810516 1.9996770820186029 1.9998782072281374 0.0009765625
2.0007951058810516 2.0007991215673195 1.9996759568155498 1.9998770820186031 0.0009765625
2.0007991215673195 2.0008031372535875 1.999674831618979 1.99987595681555 0.0009765625
2.0008031372535875 2.0008071529398554 1.9996737064288947 1.9998748316189792 0.0009765625
2.0008071529398554 2.0008111686261234 1.9996725812452867 1.9998737064288949 0.0009765625
2.0008111686261234 2.0008151843123914 1.9996714560681652 1.9998725812452869 0.0009765625
2.0008151843123914 2.0008191999986593 1.999670330897515 1.9998714560681654 0.0009765625
2.0008191999986593 2.0008272313711952 1.9996680805778755 1.9998703308997208 0.0009765625
2.0008272313711952 2.0008352627437311 1.9996658302797532 1.9998680805756681 0.0009765625
2.0008352627437311 2.000843294116267 1.9996635800097493 1.9998658302797534 0.0009765625
2.000843294116267 2.000851325488803 1.9996613297656802 1.9998635800097495 0.0009765625
2.000851325488803 2.0008593568613389 1.9996590795475235 1.9998613297656804 0.0009765625
2.0008593568613389 2.0008673882338743 1.9996568293552988 1.9998590795475237 0.0009765625
2.0008673882338743 2.0008754196064102 1.9996545791889844 1.999856829355299 0.0009765625
2.0008754196064102 2.0008834509789462 1.9996523290485875 1.9998545791889846 0.0009765625
2.0008834509789462 2.0008914823514821 1.9996500789341234 1.9998523290485877 0.0009765625
2.0008914823514821 2.000899513724018 1.9996478288455755 1.9998500789341236 0.0009765625
2.000899513724018 2.0009075450965539 1.9996455787829444 1.9998478288455757 0.0009765625
2.0009075450965539 2.0009155764690898 1.9996433287462327 1.9998455787829446 0.0009765625
2.0009155764690898 2.0009236078416257 1.9996410787354348 1.9998433287462329 0.0009765625
2.0009236078416257 2.0009316392141616 1.9996388287505618 1.999841078735435 0.0009765625
2.0009316392141616 2.0009396705866975 1.9996365787915951 1.999838828750562 0.0009765625
2.0009396705866975 2.0009477019592334 1.9996343288585618 1.9998365787915953 0.0009765625
2.0009477019592334 2.0009557333317689 1.9996320789514321 1.999834328858562 0.0009765625
2.0009557333317689 2.0009637647043048 1.9996298290702155 1.9998320789514323 0.0009765625
2.0009637647043048 2.0009717960768407 1.9996275792149216 1.9998298290702157 0.0009765625
2.0009717960768407 2.0009798274493766 1.9996253293855357 1.9998275792149218 0.0009765625
2.0009798274493766 2.0009878588219125 1.9996230795820635 1.9998253293855359 0.0009765625
2.0009878588219125 2.0009958901944485 1.9996208298045062 1.9998230795820637 0.0009765625
2.0009958901944485 2.0010039215669844 1.9996185800528685 1.9998208298045064 0.0009765625
2.0010039215669844 2.0010119529395203 1.9996163303271319 1.9998185800528687 0.0009765625
2.0010119529395203 2.0010199843120562 1.9996140806273159 1.9998163303271321 0.0009765625
2.0010199843120562 2.0010280156845921 1.9996118309534079 1.9998140806273161 0.0009765625
2.0010280156845921 2.001036047057128 1.9996095813054053 1.9998118309534081 0.0009765625
2.001036047057128 2.0010440784296639 1.9996073316833238 1.9998095813054055 0.0009765625
2.0010440784296639 2.0010521098021994 1.9996050820871487 1.999807331683324 0.0009765625
2.0010521098021994 2.0010601411747353 1.999602832516878 1.9998050820871489 0.0009765625
2.0010601411747353 2.0010681725472712 1.9996005829725223 1.9998028325168782 0.0009765625
2.0010681725472712 2.0010762039198071 1.9995983334540748 1.9998005829725225 0.0009765625
2.0010762039198071 2.001084235292343 1.9995960839615226 1.999798333454075 0.0009765625
2.001084235292343 2.0010922666648789 1.9995938344948994 1.9997960839615228 0.0009765625
2.0010922666648789 2.0011002980374148 1.9995915850563606 1.9997938344970927 0.0009765625
2.0011002980374148 2.0011083294099508 1.9995893356393362 1.9997915850541665 0.0009765625
2.0011083294099508 2.0011163607824867 1.9995870862504208 1.9997893356393364 0.0009765625
2.0011163607824867 2.0011243921550226 1.999584836887403 1.999787086250421 0.0009765625
2.0011243921550226 2.0011324235275585 1.9995825875502913 1.9997848368874032 0.0009765625
2.0011324235275585 2.0011404549000944 1.9995803382390855 1.9997825875502915 0.0009765625
2.0011404549000944 2.0011484862726303 1.9995780889537911 1.9997803382390857 0.0009765625
2.0011484862726303 2.0011565176451662 1.9995758396943928 1.9997780889537913 0.0009765625
2.0011565176451662 2.0011645490177017 1.9995735904608918 1.999775839694393 0.0009765625
2.0011645490177017 2.0011725803902376 1.9995713412532954 1.999773590460892 0.0009765625
2.0011725803902376 2.0011806117627735 1.9995690920716045 1.9997713412532956 0.0009765625
2.0011806117627735 2.0011886431353094 1.9995668429158067 1.9997690920716047 0.0009765625
2.0011886431353094 2.0011966745078453 1.9995645937859079 1.9997668429158069 0.0009765625
2.0011966745078453 2.0012047058803812 1.9995623446819266 1.9997645937859081 0.0009765625
2.0012047058803812 2.0012127372529172 1.999560095603832 1.9997623446819268 0.0009765625
2.0012127372529172 2.0012207686254531 1.9995578465516479 1.9997600956038322 0.0009765625
2.0012207686254531 2.001228799997989 1.9995555975253416 1.9997578465516481 0.0009765625
2.001228799997989 2.0012368313705249 1.9995533485249446 1.9997555975253418 0.0009765625
2.0012368313705249 2.0012448627430608 1.9995510995504449 1.9997533485249448 0.0009765625
2.0012448627430608 2.0012528941155967 1.9995488506018364 1.9997510995504451 0.0009765625
2.0012528941155967 2.0012609254881326 1.9995466016791315 1.9997488506018366 0.0009765625
2.0012609254881326 2.0012689568606685 1.9995443527823153 1.9997466016791317 0.0009765625
2.0012689568606685 2.0012769882332044 1.999542103911389 1.9997443527823155 0.0009765625
2.0012769882332044 2.0012850196057403 1.9995398550663719 1.9997421039113892 0.0009765625
2.0012850196057403 2.0012930509782763 1.9995376062472432 1.9997398550663721 0.0009765625
2.0012930509782763 2.0013010823508117 1.9995353574540142 1.9997376062472434 0.0009765625
2.0013010823508117 2.0013091137233476 1.9995331086866632 1.9997353574540144 0.0009765625
2.0013091137233476 2.0013171450958835 1.9995308599452153 1.9997331086866634 0.0009765625
2.0013171450958835 2.0013251764684195 1.9995286112296582 1.9997308599452155 0.0009765625
2.0013251764684195 2.0013332078409554 1.9995263625399944 1.9997286112296584 0.0009765625
2.0013332078409554 2.0013412392134913 1.9995241138762212 1.9997263625399946 0.0009765625
2.0013412392134913 2.0013492705860272 1.9995218652383289 1.9997241138762214 0.0009765625
2.0013492705860272 2.0013573019585631 1.9995196166263296 1.9997218652383291 0.0009765625
2.0013573019585631 2.001365333331099 1.9995173680402287 1.9997196166263298 0.0009765625
2.001365333331099 2.0013733647036349 1.9995151194822072 1.9997173680424298 0.0009765625
2.0013733647036349 2.0013813960761708 1.9995128709456829 1.9997151194800158 0.0009765625
2.0013813960761708 2.0013894274487067 1.9995106224372403 1.9997128709456831 0.0009765625
2.0013894274487067 2.0013974588212426 1.9995083739546826 1.9997106224372405 0.0009765625
2.0013974588212426 2.0014054901937786 1.9995061254980167 1.9997083739546828 0.0009765625
2.0014054901937786 2.001413521566314 1.9995038770672391 1.9997061254980169 0.0009765625
2.001413521566314 2.0014215529388499 1.9995016286623397 1.9997038770672393 0.0009765625
2.0014215529388499 2.0014295843113858 1.9994993802833347 1.9997016286623399 0.0009765625
2.0014295843113858 2.0014376156839218 1.9994971319302115 1.9996993802833349 0.0009765625
2.0014376156839218 2.0014456470564577 1.9994948836029718 1.9996971319302117 0.0009765625
2.0014456470564577 2.0014536784289936 1.999492635301604 1.999694883602972 0.0009765625
2.0014536784289936 2.0014617098015295 1.9994903870261309 1.9996926353016042 0.0009765625
2.0014617098015295 2.0014697411740654 1.9994881387765417 1.9996903870261311 0.0009765625
2.0014697411740654 2.0014777725466013 1.9994858905528325 1.9996881387765419 0.0009765625
2.0014777725466013 2.0014858039191372 1.9994836423550071 1.9996858905528327 0.0009765625
2.0014858039191372 2.0014938352916731 1.9994813941830507 1.9996836423550073 0.0009765625
2.0014938352916731 2.001501866664209 1.9994791460369896 1.9996813941830509 0.0009765625
2.001501866664209 2.0015098980367445 1.9994768979168054 1.9996791460369898 0.0009765625
2.0015098980367445 2.0015179294092804 1.9994746498225024 1.9996768979168056 0.0009765625
2.0015179294092804 2.0015259607818163 1.9994724017540697 1.9996746498225026 0.0009765625
2.0015259607818163 2.0015339921543522 1.9994701537115265 1.9996724017540699 0.0009765625
2.0015339921543522 2.0015420235268881 1.9994679056948417 1.9996701537115267 0.0009765625
2.0015420235268881 2.0015500548994241 1.9994656577040562 1.9996679056948419 0.0009765625
2.0015500548994241 2.00155808627196 1.9994634097391391 1.9996656577040564 0.0009765625
2.00155808627196 2.0015661176444959 1.9994611618000924 1.9996634097391393 0.0009765625
2.0015661176444959 2.0015741490170318 1.9994589138869314 1.9996611618000926 0.0009765625
2.0015741490170318 2.0015821803895677 1.9994566659996433 1.9996589138869316 0.0009765625
2.0015821803895677 2.0015902117621036 1.9994544181382252 1.9996566659996435 0.0009765625
2.0015902117621036 2.0015982431346391 1.9994521703026815 1.9996544181382254 0.0009765625
2.0015982431346391 2.001606274507175 1.9994499224930167 1.9996521703026817 0.0009765625
2.001606274507175 2.0016143058797109 1.9994476747092291 1.9996499224930169 0.0009765625
2.0016143058797109 2.0016223372522468 1.9994454269513064 1.9996476747092293 0.0009765625
2.0016223372522468 2.0016303686247827 1.9994431792192513 1.9996454269513066 0.0009765625
2.0016303686247827 2.0016383999973186 1.9994409315130728 1.9996431792192515 0.0009765625
2.0016383999973186 2.0016544627423905 1.9994364361805366 1.9996409315152741 0.0009765625
2.0016544627423905 2.0016705254874623 1.9994319409470733 1.9996364361783383 0.0009765625
2.0016705254874623 2.0016865882325341 1.9994274458192909 1.9996319409470735 0.0009765625
2.0016865882325341 2.0017026509776055 1.9994229507949788 1.9996274458192911 0.0009765625
2.0017026509776055 2.0017187137226773 1.9994184558741424 1.999622950794979 0.0009765625
2.0017187137226773 2.0017347764677491 1.9992139610567528 1.9998184558741425 0.0009765625
2.0017347764677491 2.0017508392128209 1.9992094663428359 1.9998139610567529 0.0009765625
2.0017508392128209 2.0017669019578928 1.9992049717323688 1.9998094663428361 0.0009765625
2.0017669019578928 2.0017829647029646 1.9992004772253535 1.9998049717323689 0.0009765625
2.0017829647029646 2.0017990274480364 1.9991959828217876 1.9998004772253537 0.0009765625
2.0017990274480364 2.0018150901931078 1.9991914885216711 1.9997959828217877 0.0009765625
2.0018150901931078 2.0018311529381796 1.9991869943249863 1.9997914885216712 0.0009765625
2.0018311529381796 2.0018472156832514 1.9991825002317296 1.9997869943249864 0.0009765625
2.0018472156832514 2.0018632784283232 1.9991780062419136 1.9997825002317298 0.0009765625
2.0018632784283232 2.0018793411733951 1.9991735123555225 1.9997780062419137 0.0009765625
2.0018793411733951 2.0018954039184669 1.9991690185725453 1.9997735123555227 0.0009765625
2.0018954039184669 2.0019114666635387 1.9991645248929966 1.9997690185725454 0.0009765625
2.0019114666635387 2.0019275294086101 1.9991600313168676 1.9997645248929967 0.0009765625
2.0019275294086101 2.0019435921536819 1.9991555378441423 1.9997600313168677 0.0009765625
2.0019435921536819 2.0019596548987537 1.9991510444748166 1.9997555378441425 0.0009765625
2.0019596548987537 2.0019757176438255 1.9991465512088928 1.9997510444748168 0.0009765625
2.0019757176438255 2.0019917803888974 1.9991420580463697 1.999746551208893 0.0009765625
2.0019917803888974 2.0020078431339692 1.9991375649872429 1.9997420580463698 0.0009765625
2.0020078431339692 2.0020239058790406 1.9991330720315006 1.9997375649872431 0.0009765625
2.0020239058790406 2.0020399686241124 1.9991285791791382 1.9997330720315007 0.0009765625
2.0020399686241124 2.0020560313691842 1.999124086430176 1.9997285791791384 0.0009765625
2.0020560313691842 2.002072094114256 1.9991195937845736 1.9997240864301762 0.0009765625
2.002072094114256 2.0020881568593278 1.999115101242346 1.9997195937845738 0.0009765625
2.0020881568593278 2.0021042196043997 1.9991106088034909 1.9997151012423462 0.0009765625
2.0021042196043997 2.0021202823494715 1.999106116467992 1.9997106088034911 0.0009765625
2.0021202823494715 2.0021363450945429 1.9991016242358592 1.9997061164679921 0.0009765625
2.0021363450945429 2.0021524078396147 1.9990971321070885 1.9997016242358594 0.0009765625
2.0021524078396147 2.0021684705846865 1.9990926400816593 1.9996971321070887 0.0009765625
2.0021684705846865 2.0021845333297583 1.999088148159581 1.9996926400816595 0.0009765625
2.0021845333297583 2.0022005960748301 1.999083656343043 1.9996881481617759 0.0009765625
2.0022005960748301 2.002216658819902 1.9990791646254562 1.9996836563408416 0.0009765625
2.002216658819902 2.0022327215649733 1.999074673013391 1.9996791646254564 0.0009765625
2.0022327215649733 2.0022487843100452 1.9990701815046672 1.9996746730133912 0.0009765625
2.0022487843100452 2.002264847055117 1.9990656900992687 1.9996701815046674 0.0009765625
2.002264847055117 2.0022809098001888 1.9990611987971869 1.9996656900992689 0.0009765625
2.0022809098001888 2.0022969725452606 1.9990567075984234 1.9996611987971871 0.0009765625
2.0022969725452606 2.0023130352903324 1.9990522165029705 1.9996567075984235 0.0009765625
2.0023130352903324 2.0023290980354038 1.9990477255108419 1.9996522165029706 0.0009765625
2.0023290980354038 2.0023451607804756 1.9990432346220117 1.999647725510842 0.0009765625
2.0023451607804756 2.0023612235255475 1.9990387438364796 1.9996432346220119 0.0009765625
2.0023612235255475 2.0023772862706193 1.9990342531542542 1.9996387438364798 0.0009765625
2.0023772862706193 2.0023933490156911 1.9990297625753191 1.9996342531542544 0.0009765625
2.0023933490156911 2.0024094117607629 1.9990252720996653 1.9996297625753192 0.0009765625
2.0024094117607629 2.0024254745058343 1.9990207817273109 1.9996252720996655 0.0009765625
2.0024254745058343 2.0024415372509061 1.9990162914582239 1.9996207817273111 0.0009765625
2.0024415372509061 2.0024575999959779 1.9990118012924294 1.9996162914582241 0.0009765625
2.0024575999959779 2.0024736627410498 1.9990073112298938 1.9996118012924295 0.0009765625
2.0024736627410498 2.0024897254861216 1.9990028212706312 1.999607311229894 0.0009765625
2.0024897254861216 2.002505788231193 1.9989983314146367 1.9996028212706314 0.0009765625
2.002505788231193 2.0025218509762648 1.998993841661906 1.9995983314146368 0.0009765625
2.0025218509762648 2.0025379137213366 1.998989352012422 1.9995938416619061 0.0009765625
2.0025379137213366 2.0025539764664084 1.9989848624661974 1.9995893520124222 0.0009765625
2.0025539764664084 2.0025700392114802 1.9989803730232152 1.9995848624661976 0.0009765625
2.0025700392114802 2.0025861019565521 1.9989758836834843 1.9995803730232153 0.0009765625
2.0025861019565521 2.0026021647016234 1.9989713944469893 1.9995758836834845 0.0009765625
2.0026021647016234 2.0026182274466953 1.9989669053137251 1.9995713944469895 0.0009765625
2.0026182274466953 2.0026342901917671 1.998962416283697 1.9995669053137253 0.0009765625
2.0026342901917671 2.0026503529368389 1.9989579273568971 1.9995624162836971 0.0009765625
2.0026503529368389 2.0026664156819107 1.9989534385333194 1.9995579273568973 0.0009765625
2.0026664156819107 2.0026824784269825 1.9989489498129576 1.9995534385333196 0.0009765625
2.0026824784269825 2.0026985411720539 1.9989444611958198 1.9995489498129577 0.0009765625
2.0026985411720539 2.0027146039171257 1.9989399726818833 1.99954446119582 0.0009765625
2.0027146039171257 2.0027306666621976 1.99893548427116 1.9995399726818834 0.0009765625
2.0027306666621976 2.0027467294072694 1.9989309959658252 1.999535484273353 0.0009765625
2.0027467294072694 2.0027627921523412 1.9989265077593068 1.9995309959636325 0.0009765625
2.0027627921523412 2.002778854897413 1.998922019658177 1.999526507759307 0.0009765625
2.002778854897413 2.0027949176424844 1.998917531660239 1.9995220196581771 0.0009765625
2.0027949176424844 2.0028109803875562 1.9989130437654861 1.9995175316602392 0.0009765625
2.0028109803875562 2.002827043132628 1.998908555973907 1.9995130437654862 0.0009765625
2.002827043132628 2.0028431058776999 1.9989040682855141 1.9995085559739072 0.0009765625
2.0028431058776999 2.0028591686227717 1.9988995807002934 1.9995040682855143 0.0009765625
2.0028591686227717 2.0028752313678435 1.9988950932182372 1.9994995807002935 0.0009765625
2.0028752313678435 2.0028912941129153 1.9988906058393503 1.9994950932182374 0.0009765625
2.0028912941129153 2.0029073568579867 1.9988861185636226 1.9994906058393505 0.0009765625
2.0029073568579867 2.0029234196030585 1.9988816313910545 1.9994861185636228 0.0009765625
2.0029234196030585 2.0029394823481304 1.9988771443216409 1.9994816313910546 0.0009765625
2.0029394823481304 2.0029555450932022 1.9988726573553719 1.999477144321641 0.0009765625
2.0029555450932022 2.002971607838274 1.998868170492244 1.9994726573553721 0.0009765625
2.002971607838274 2.0029876705833458 1.9988636837322582 1.9994681704922441 0.0009765625
2.0029876705833458 2.0030037333284172 1.9988591970754204 1.9994636837322584 0.0009765625
2.0030037333284172 2.003019796073489 1.9988547105217065 1.9994591970754205 0.0009765625
2.003019796073489 2.0030358588185608 1.9988502240711223 1.9994547105217066 0.0009765625
2.0030358588185608 2.0030519215636327 1.9988457377236528 1.9994502240711225 0.0009765625
2.0030519215636327 2.0030679843087045 1.9988412514793141 1.999445737723653 0.0009765625
2.0030679843087045 2.0030840470537763 1.9988367653380887 1.9994412514793143 0.0009765625
2.0030840470537763 2.0031001097988481 1.9988322792999711 1.9994367653380889 0.0009765625
2.0031001097988481 2.0031161725439195 1.9988277933649643 1.9994322792999712 0.0009765625
2.0031161725439195 2.0031322352889913 1.9988233075330559 1.9994277933649645 0.0009765625
2.0031322352889913 2.0031482980340631 1.9988188218042491 1.9994233075330561 0.0009765625
2.0031482980340631 2.003164360779135 1.9988143361785395 1.9994188218042492 0.0009765625
2.003164360779135 2.0031804235242068 1.9988098506559109 1.9994143361785397 0.0009765625
2.0031804235242068 2.0031964862692786 1.9988053652363793 1.999409850655911 0.0009765625
2.0031964862692786 2.0032125490143504 1.9988008799199384 1.9994053652363795 0.0009765625
2.0032125490143504 2.0032286117594218 1.9987963947065666 1.9994008799199385 0.0009765625
2.0032286117594218 2.0032446745044936 1.9987919095962596 1.9993963947065667 0.0009765625
2.0032446745044936 2.0032607372495654 1.9987874245890376 1.9993919095962598 0.0009765625
2.0032607372495654 2.0032767999946373 1.9987829396848742 1.9993874245890377 0.0009765625
2.0032767999946373 2.0033089254847809 1.9987739701879235 1.9993829396870664 0.0009765625
2.0033089254847809 2.0033410509749241 1.998765001098803 1.9993739701857296 0.0009765625
2.0033410509749241 2.0033731764650677 1.9987560324240534 1.9993650010988031 0.0009765625
2.0033731764650677 2.0034053019552114 1.9987470641614526 1.9993560324240536 0.0009765625
2.0034053019552114 2.0034374274453546 1.9987380963109675 1.9993470641614528 0.0009765625
2.0034374274453546 2.0034695529354982 1.9987291288725626 1.9993380963109677 0.0009765625
2.0034695529354982 2.0035016784256419 1.9987201618462163 1.9993291288725628 0.0009765625
2.0035016784256419 2.0035338039157851 1.9987111952318732 1.9993201618462164 0.0009765625
2.0035338039157851 2.0035659294059287 1.9987022290295244 1.9993111952318734 0.0009765625
2.0035659294059287 2.0035980548960723 1.9986932632391221 1.9993022290295246 0.0009765625
2.0035980548960723 2.0036301803862155 1.9986842978606327 1.9992932632391223 0.0009765625
2.0036301803862155 2.0036623058763592 1.9986753328940234 1.9992842978606329 0.0009765625
2.0036623058763592 2.0036944313665028 1.9986663683392725 1.9992753328940236 0.0009765625
2.0036944313665028 2.003726556856646 1.9986574041963396 1.9992663683392726 0.0009765625
2.003726556856646 2.0037586823467897 1.9986484404651963 1.9992574041963398 0.0009765625
2.0037586823467897 2.0037908078369333 1.998639477145792 1.9992484404651965 0.0009765625
2.0037908078369333 2.0038229333270765 1.9986305142381193 1.9992394771457922 0.0009765625
2.0038229333270765 2.0038550588172201 1.9986215517421224 1.9992305142381195 0.0009765625
2.0038550588172201 2.0038871843073638 1.9986125896577815 1.9992215517421226 0.0009765625
2.0038871843073638 2.0039193097975074 1.9986036279850576 1.9992125896577817 0.0009765625
2.0039193097975074 2.0039514352876506 1.9985946667239314 1.9992036279850578 0.0009765625
2.0039514352876506 2.0039835607777943 1.9985857058743464 1.9991946667239315 0.0009765625
2.0039835607777943 2.0040156862679379 1.9985767454362906 1.9991857058743465 0.0009765625
2.0040156862679379 2.0040478117580811 1.9985677854097132 1.9991767454362908 0.0009765625
2.0040478117580811 2.0040799372482248 1.9985588257945963 1.9991677854097134 0.0009765625
2.0040799372482248 2.0041120627383684 1.9985498665909038 1.9991588257945965 0.0009765625
2.0041120627383684 2.0041441882285116 1.9985409077985954 1.999149866590904 0.0009765625
2.0041441882285116 2.0041763137186552 1.9985319494176474 1.9991409077985955 0.0009765625
2.0041763137186552 2.0042084392087989 1.9985229914480265 1.9991319494176476 0.0009765625
2.0042084392087989 2.0042405646989421 1.9985140338896763 1.9991229914480266 0.0009765625
2.0042405646989421 2.0042726901890857 1.9985050767425958 1.9991140338896765 0.0009765625
2.0042726901890857 2.0043048156792294 1.9984961200067446 1.999105076742596 0.0009765625
2.0043048156792294 2.0043369411693726 1.9984871636820802 1.9990961200067447 0.0009765625
2.0043369411693726 2.0043690666595162 1.9984782077685781 1.9990871636820804 0.0009765625
2.0043690666595162 2.0044011921496598 1.9984692522683771 1.9990782077707643 0.0009765625
2.0044011921496598 2.004433317639803 1.9984602971749064 1.9990692522661933 0.0009765625
2.004433317639803 2.0044654431299467 1.9984513424946801 1.9990602971749065 0.0009765625
2.0044654431299467 2.0044975686200903 1.9984423882254749 1.9990513424946803 0.0009765625
2.0044975686200903 2.004529694110234 1.9984334343672698 1.9990423882254751 0.0009765625
2.004529694110234 2.0045618196003772 1.9984244809200149 1.99903343436727 0.0009765625
2.0045618196003772 2.0045939450905208 1.9984155278836939 1.9990244809200151 0.0009765625
2.0045939450905208 2.0046260705806644 1.9984065752582629 1.9990155278836941 0.0009765625
2.0046260705806644 2.0046581960708076 1.9983976230437019 1.9990065752582631 0.0009765625
2.0046581960708076 2.0046903215609513 1.9983886712399743 1.9989976230437021 0.0009765625
2.0046903215609513 2.0047224470510949 1.9983797198470288 1.9989886712399745 0.0009765625
2.0047224470510949 2.0047545725412381 1.9983707688648509 1.9989797198470289 0.0009765625
2.0047545725412381 2.0047866980313818 1.9983618182934111 1.998970768864851 0.0009765625
2.0047866980313818 2.0048188235215254 1.9983528681326621 1.9989618182934112 0.0009765625
2.0048188235215254 2.004850949011669 1.9983439183825775 1.9989528681326623 0.0009765625
2.004850949011669 2.0048830745018122 1.9983349690431227 1.9989439183825777 0.0009765625
2.0048830745018122 2.0049151999919559 1.9983260201142703 1.9989349690431228 0.0009765625
2.0049151999919559 2.0049473254820995 1.9983170715959837 1.9989260201142705 0.0009765625
2.0049473254820995 2.0049794509722427 1.9983081234882323 1.9989170715959839 0.0009765625
2.0049794509722427 2.0050115764623864 1.9982991757909776 1.9989081234882324 0.0009765625
2.0050115764623864 2.00504370195253 1.998290228504185 1.9988991757909778 0.0009765625
2.00504370195253 2.0050758274426737 1.9982812816278341 1.9988902285041852 0.0009765625
2.0050758274426737 2.0051079529328169 1.9982723351618801 1.9988812816278343 0.0009765625
2.0051079529328169 2.0051400784229605 1.998263389106298 1.9988723351618802 0.0009765625
2.0051400784229605 2.0051722039131041 1.9982544434610601 1.9988633891062981 0.0009765625
2.0051722039131041 2.0052043294032473 1.9982454982261131 1.9988544434610602 0.0009765625
2.0052043294032473 2.005236454893391 1.9982365534014355 1.9988454982261132 0.0009765625
2.005236454893391 2.0052685803835346 1.9982276089870032 1.9988365534014356 0.0009765625
2.0052685803835346 2.0053007058736778 1.9982186649827689 1.9988276089870034 0.0009765625
2.0053007058736778 2.0053328313638215 1.998209721388714 1.9988186649827691 0.0009765625
2.0053328313638215 2.0053649568539651 1.9982007782047853 1.9988097213887142 0.0009765625
2.0053649568539651 2.0053970823441087 1.9981918354309736 1.9988007782047854 0.0009765625
2.0053970823441087 2.0054292078342519 1.9981828930672298 1.9987918354309737 0.0009765625
2.0054292078342519 2.0054613333243956 1.998173951113525 1.99878289306723 0.0009765625
2.0054613333243956 2.0054934588145392 1.9981650095720125 1.9987739511157041 0.0009765625
2.0054934588145392 2.0055255843046824 1.998156068436113 1.9987650095698373 0.0009765625
2.0055255843046824 2.0055577097948261 1.9981471277123355 1.9987560684361132 0.0009765625
2.0055577097948261 2.0055898352849697 1.9981381873984694 1.9987471277123356 0.0009765625
2.0055898352849697 2.0056219607751129 1.9981292474944745 1.9987381873984695 0.0009765625
2.0056219607751129 2.0056540862652565 1.9981203080003189 1.9987292474944747 0.0009765625
2.0056540862652565 2.0056862117554002 1.9981113689159875 1.9987203080003191 0.0009765625
2.0056862117554002 2.0057183372455434 1.9981024302414241 1.9987113689159877 0.0009765625
2.0057183372455434 2.005750462735687 1.9980934919766089 1.9987024302414242 0.0009765625
2.005750462735687 2.0057825882258307 1.9980845541215113 1.9986934919766091 0.0009765625
2.0057825882258307 2.0058147137159739 1.9980756166760818 1.9986845541215115 0.0009765625
2.0058147137159739 2.0058468392061175 1.9980666796403055 1.998675616676082 0.0009765625
2.0058468392061175 2.0058789646962611 1.9980577430141373 1.9986666796403056 0.0009765625
2.0058789646962611 2.0059110901864043 1.9980488067975615 1.9986577430141375 0.0009765625
2.0059110901864043 2.005943215676548 1.9980398709905243 1.9986488067975616 0.0009765625
2.005943215676548 2.0059753411666916 1.9980309355930128 1.9986398709905244 0.0009765625
2.0059753411666916 2.0060074666568353 1.9980220006049851 1.998630935593013 0.0009765625
2.0060074666568353 2.0060395921469785 1.9980130660263935 1.9986220006049853 0.0009765625
2.0060395921469785 2.0060717176371221 1.9980041318572248 1.9986130660263937 0.0009765625
2.0060717176371221 2.0061038431272658 1.9979951980974457 1.998604131857225 0.0009765625
2.0061038431272658 2.0061359686174089 1.9979862647470206 1.9985951980974459 0.0009765625
2.0061359686174089 2.0061680941075526 1.9979773318059055 1.9985862647470207 0.0009765625
2.0061680941075526 2.0062002195976962 1.9979683992740833 1.9985773318059057 0.0009765625
2.0062002195976962 2.0062323450878394 1.9979594671515122 1.9985683992740835 0.0009765625
2.0062323450878394 2.0062644705779831 1.9979505354381688 1.9985594671515123 0.0009765625
2.0062644705779831 2.0062965960681267 1.9979416041340012 1.998550535438169 0.0009765625
2.0062965960681267 2.0063287215582699 1.997932673238999 1.9985416041340014 0.0009765625
2.0063287215582699 2.0063608470484136 1.9979237427531131 1.9985326732389992 0.0009765625
2.0063608470484136 2.0063929725385572 1.9979148126763204 1.9985237427531133 0.0009765625
2.0063929725385572 2.0064250980287004 1.9979058830085867 1.9985148126763206 0.0009765625
2.0064250980287004 2.006457223518844 1.9978969537498796 1.9985058830085869 0.0009765625
2.006457223518844 2.0064893490089877 1.9978880249001603 1.9984969537498798 0.0009765625
2.0064893490089877 2.0065214744991309 1.9978790964594011 1.9984880249001604 0.0009765625
2.0065214744991309 2.0065535999892745 1.9978701684275699 1.9984790964594012 0.0009765625
2.0065535999892745 2.0066178509695614 1.9978523135927302 1.9984701684297457 0.0009765625
2.0066178509695614 2.0066821019498486 1.9978344603888611 1.9984523135905559 0.0009765625
2.0066821019498486 2.0067463529301355 1.9978166088222182 1.9984344603888613 0.0009765625
2.0067463529301355 2.0068106039104228 1.9977987588903661 1.9984166088222184 0.0009765625
2.0068106039104228 2.0068748548907096 1.9977809105930389 1.9983987588903662 0.0009765625
2.0068748548907096 2.0069391058709964 1.9977630639299868 1.998380910593039 0.0009765625
2.0069391058709964 2.0070033568512837 1.9977452189009437 1.998363063929987 0.0009765625
2.0070033568512837 2.0070676078315706 1.9977273755056411 1.9983452189009439 0.0009765625
2.0070676078315706 2.0071318588118574 1.997709533743834 1.9983273755056412 0.0009765625
2.0071318588118574 2.0071961097921447 1.997691693615244 1.9983095337438341 0.0009765625
2.0071961097921447 2.0072603607724315 1.9976738551196225 1.9982916936152442 0.0009765625
2.0072603607724315 2.0073246117527188 1.9976560182567056 1.9982738551196226 0.0009765625
2.0073246117527188 2.0073888627330057 1.9976381830262315 1.9982560182567057 0.0009765625
2.0073888627330057 2.0074531137132925 1.9976203494279363 1.9982381830262317 0.0009765625
2.0074531137132925 2.0075173646935798 1.9976025174615639 1.9982203494279365 0.0009765625
2.0075173646935798 2.0075816156738666 1.9975846871268481 1.9982025174615641 0.0009765625
2.0075816156738666 2.0076458666541539 1.9975668584235327 1.9981846871268483 0.0009765625
2.0076458666541539 2.0077101176344407 1.9975490313513578 1.9981668584235328 0.0009765625
2.0077101176344407 2.0077743686147276 1.9975312059100623 1.9981490313513579 0.0009765625
2.0077743686147276 2.0078386195950149 1.9975133820993822 1.9981312059100624 0.0009765625
2.0078386195950149 2.0079028705753017 1.9974955599190647 1.9981133820993824 0.0009765625
2.0079028705753017 2.0079671215555885 1.9974777393688505 1.9980955599190648 0.0009765625
2.0079671215555885 2.0080313725358758 1.997459920448466 1.9980777393688507 0.0009765625
2.0080313725358758 2.0080956235161627 1.9974421031576579 1.9980599204484661 0.0009765625
2.0080956235161627 2.0081598744964499 1.9974242874961674 1.9980421031576581 0.0009765625
2.0081598744964499 2.0082241254767368 1.9974064734637438 1.9980242874961676 0.0009765625
2.0082241254767368 2.0082883764570236 1.9973886610601048 1.9980064734637439 0.0009765625
2.0082883764570236 2.0083526274373109 1.997370850285012 1.997988661060105 0.0009765625
2.0083526274373109 2.0084168784175978 1.9973530411382001 1.9979708502850122 0.0009765625
2.0084168784175978 2.0084811293978846 1.9973352336193986 1.9979530411382003 0.0009765625
2.0084811293978846 2.0085453803781719 1.9973174277283543 1.9979352336193987 0.0009765625
2.0085453803781719 2.0086096313584587 1.9972996234648115 1.9979174277283545 0.0009765625
2.0086096313584587 2.008673882338746 1.9972818208285079 1.9978996234648116 0.0009765625
2.008673882338746 2.0087381333190328 1.9972640198191829 1.9978818208285081 0.0009765625
2.0087381333190328 2.0088023842993197 1.997246220438736 1.9978640198213446 0.0009765625
2.0088023842993197 2.008866635279607 1.9972284226804333 1.9978462204365803 0.0009765625
2.008866635279607 2.0089308862598938 1.9972106265504856 1.9978284226804335 0.0009765625
2.0089308862598938 2.0089951372401806 1.9971928320464847 1.9978106265504858 0.0009765625
2.0089951372401806 2.0090593882204679 1.9971750391681693 1.9977928320464848 0.0009765625
2.0090593882204679 2.0091236392007548 1.9971572479152684 1.9977750391681695 0.0009765625
2.0091236392007548 2.0091878901810416 1.997139458287531 1.9977572479152685 0.0009765625
2.0091878901810416 2.0092521411613289 1.997121670284705 1.9977394582875312 0.0009765625
2.0092521411613289 2.0093163921416157 1.9971038839065203 1.9977216702847052 0.0009765625
2.0093163921416157 2.009380643121903 1.9970860991527228 1.9977038839065204 0.0009765625
2.009380643121903 2.0094448941021898 1.9970683160230538 1.997686099152723 0.0009765625
2.0094448941021898 2.0095091450824767 1.9970505345172556 1.9976683160230539 0.0009765625
2.0095091450824767 2.009573396062764 1.9970327546350595 1.9976505345172557 0.0009765625
2.009573396062764 2.0096376470430508 1.9970149763762177 1.9976327546350596 0.0009765625
2.0096376470430508 2.0097018980233377 1.9969971997404823 1.9976149763762179 0.0009765625
2.0097018980233377 2.0097661490036249 1.9969794247275661 1.9975971997404824 0.0009765625
2.0097661490036249 2.0098303999839118 1.9969616513372281 1.9975794247275662 0.0009765625
2.0098303999839118 2.0098946509641986 1.9969438795692116 1.9975616513372283 0.0009765625
2.0098946509641986 2.0099589019444859 1.996926109423244 1.9975438795692118 0.0009765625
2.0099589019444859 2.0100231529247727 1.9969083408990864 1.9975261094232442 0.0009765625
2.0100231529247727 2.0100874039050596 1.99689057399647 1.9975083408990866 0.0009765625
2.0100874039050596 2.0101516548853469 1.99687280871513 1.9974905739964701 0.0009765625
2.0101516548853469 2.0102159058656337 1.9968550450548253 1.9974728087151301 0.0009765625
2.0102159058656337 2.0102801568459205 1.9968372830152799 1.9974550450548254 0.0009765625
2.0102801568459205 2.0103444078262078 1.9968195225962542 1.99743728301528 0.0009765625
2.0103444078262078 2.0104086588064947 1.9968017637974642 1.9974195225962543 0.0009765625
2.0104086588064947 2.0104729097867819 1.9967840066186815 1.9974017637974644 0.0009765625
2.0104729097867819 2.0105371607670688 1.9967662510596245 1.9973840066186817 0.0009765625
2.0105371607670688 2.0106014117473556 1.9967484971200389 1.9973662510596246 0.0009765625
2.0106014117473556 2.0106656627276429 1.9967307447996856 1.997348497120039 0.0009765625
2.0106656627276429 2.0107299137079298 1.9967129940982866 1.9973307447996858 0.0009765625
2.0107299137079298 2.0107941646882166 1.9966952450155957 1.9973129940982868 0.0009765625
2.0107941646882166 2.0108584156685039 1.9966774975513482 1.9972952450155959 0.0009765625
2.0108584156685039 2.0109226666487907 1.9966597517052944 1.9972774975513483 0.0009765625
2.0109226666487907 2.0109869176290776 1.9966420074793201 1.9972597517074406 0.0009765625
2.0109869176290776 2.0110511686093648 1.9966242648667181 1.9972420074771642 0.0009765625
2.0110511686093648 2.0111154195896517 1.9966065238736701 1.9972242648667182 0.0009765625
2.0111154195896517 2.011179670569939 1.9965887844977885 1.9972065238736703 0.0009765625
2.011179670569939 2.0112439215502258 1.996571046738814 1.9971887844977887 0.0009765625
2.0112439215502258 2.0113081725305126 1.996553310596483 1.9971710467388142 0.0009765625
2.0113081725305126 2.0113724235107999 1.996535576070545 1.9971533105964832 0.0009765625
2.0113724235107999 2.0114366744910868 1.9965178431607278 1.9971355760705451 0.0009765625
2.0114366744910868 2.0115009254713736 1.9965001118667822 1.9971178431607279 0.0009765625
2.0115009254713736 2.0115651764516609 1.9964823821884579 1.9971001118667824 0.0009765625
2.0115651764516609 2.0116294274319477 1.9964646541254902 1.997082382188458 0.0009765625
2.0116294274319477 2.011693678412235 1.9964469276776304 1.9970646541254904 0.0009765625
2.011693678412235 2.0117579293925218 1.9964292028446089 1.9970469276776306 0.0009765625
2.0117579293925218 2.0118221803728087 1.9964114796261845 1.9970292028446091 0.0009765625
2.0118221803728087 2.011886431353096 1.9963937580220785 1.9970114796261846 0.0009765625
2.011886431353096 2.0119506823333828 1.9963760380320512 1.9969937580220787 0.0009765625
2.0119506823333828 2.0120149333136697 1.9963583196558587 1.9969760380320514 0.0009765625
2.0120149333136697 2.0120791842939569 1.9963406028932122 1.9969583196558589 0.0009765625
2.0120791842939569 2.0121434352742438 1.996322887743881 1.9969406028932124 0.0009765625
2.0121434352742438 2.0122076862545311 1.9963051742075877 1.9969228877438812 0.0009765625
2.0122076862545311 2.0122719372348179 1.9962874622840887 1.9969051742075878 0.0009765625
2.0122719372348179 2.0123361882151047 1.9962697519731327 1.9968874622840889 0.0009765625
2.0123361882151047 2.012400439195392 1.9962520432744519 1.9968697519731329 0.0009765625
2.012400439195392 2.0124646901756789 1.9962343361878034 1.9968520432744521 0.0009765625
2.0124646901756789 2.0125289411559661 1.9962166307129066 1.9968343361878036 0.0009765625
2.0125289411559661 2.012593192136253 1.9961989268495417 1.9968166307129067 0.0009765625
2.012593192136253 2.0126574431165398 1.9961812245974206 1.9967989268495419 0.0009765625
2.0126574431165398 2.0127216940968271 1.9961635239563087 1.9967812245974208 0.0009765625
2.0127216940968271 2.0127859450771139 1.996145824925931 1.9967635239563089 0.0009765625
2.0127859450771139 2.0128501960574008 1.996128127506045 1.9967458249259311 0.0009765625
2.0128501960574008 2.0129144470376881 1.9961104316963949 1.9967281275060451 0.0009765625
2.0129144470376881 2.0129786980179749 1.9960927374967188 1.9967104316963951 0.0009765625
2.0129786980179749 2.0130429489982622 1.9960750449067557 1.9966927374967189 0.0009765625
2.0130429489982622 2.013107199978549 1.9960573539262654 1.9966750449067558 0.0009765625
2.013107199978549 2.0137625599774767 1.9958769978007378 1.9966573539284151 0.0009765625
2.0137625599774767 2.0144179199764038 1.9956968088223148 1.9964769977985912 0.0009765625
2.0144179199764038 2.0150732799753315 1.9955167867271721 1.996296808822315 0.0009765625
2.0150732799753315 2.0157286399742587 1.9953369312435627 1.9961167867271723 0.0009765625
2.0157286399742587 2.0163839999731863 1.9951572421024981 1.9959369312435629 0.0009765625
2.0163839999731863 2.0170393599721139 1.994977719035586 1.9957572421024983 0.0009765625
2.0170393599721139 2.0176947199710411 1.9947983617750569 1.9955777190355861 0.0009765625
2.0176947199710411 2.0183500799699687 1.9946191700537566 1.995398361775057 0.0009765625
2.0183500799699687 2.0190054399688959 1.9944401436051418 1.9952191700537567 0.0009765625
2.0190054399688959 2.0196607999678236 1.9942612821632799 1.9950401436051419 0.0009765625
2.0196607999678236 2.0203161599667512 1.9940825854628341 1.9948612821632801 0.0009765625
2.0203161599667512 2.0209715199656784 1.9939040532390813 1.9946825854628343 0.0009765625
2.0209715199656784 2.021626879964606 1.9937256852279148 1.9945040532390814 0.0009765625
2.021626879964606 2.0222822399635332 1.9935474811657836 1.994325685227915 0.0009765625
2.0222822399635332 2.0229375999624608 1.9933694407898046 1.9941474811657838 0.0009765625
2.0229375999624608 2.0235929599613884 1.993191563837629 1.9939694407898048 0.0009765625
2.0235929599613884 2.0242483199603156 1.9930138500475445 1.9937915638376291 0.0009765625
2.0242483199603156 2.0249036799592433 1.9928362991584028 1.9936138500475447 0.0009765625
2.0249036799592433 2.0255590399581704 1.9926589109096988 1.9934362991584029 0.0009765625
2.0255590399581704 2.0262143999570981 1.9924816850414528 1.993258910909699 0.0009765625
2.0262143999570981 2.0275251199549529 1.9921277194116251 1.9930816850435418 0.0009765625
2.0275251199549529 2.0288358399528077 1.9917744001948434 1.9927277194095434 0.0009765625
2.0288358399528077 2.030146559950663 1.9914217253388786 1.9923744001948436 0.0009765625
2.030146559950663 2.0314572799485178 1.9910696927924625 1.9920217253388788 0.0009765625
2.0314572799485178 2.0327679999463726 1.9907183005156599 1.9916696927924626 0.0009765625
2.0327679999463726 2.0340787199442274 1.9903675464776915 1.9913183005156601 0.0009765625
2.0340787199442274 2.0353894399420822 1.9900174286569359 1.9909675464776917 0.0009765625
2.0353894399420822 2.0367001599399375 1.989667945040849 1.990617428656936 0.0009765625
2.0367001599399375 2.0380108799377923 1.989319093625872 1.9902679450408491 0.0009765625
2.0380108799377923 2.0393215999356471 1.9889708724174691 1.9899190936258722 0.0009765625
2.0393215999356471 2.0406323199335019 1.9886232794299974 1.9895708724174692 0.0009765625
2.0406323199335019 2.0419430399313567 1.9882763126867014 1.9892232794299975 0.0009765625
2.0419430399313567 2.043253759929212 1.9879299702196189 1.9888763126867015 0.0009765625
2.043253759929212 2.0445644799270668 1.9875842500695813 1.9885299702196191 0.0009765625
2.0445644799270668 2.0458751999249216 1.9872391502861169 1.9881842500695814 0.0009765625
2.0458751999249216 2.0471859199227764 1.9868946689274345 1.987839150286117 0.0009765625
2.0471859199227764 2.0484966399206312 1.9865508040603623 1.9874946689274346 0.0009765625
2.0484966399206312 2.0498073599184865 1.986207553760293 1.9871508040603625 0.0009765625
2.0498073599184865 2.0511180799163413 1.9858649161111255 1.9868075537602932 0.0009765625
2.0511180799163413 2.0524287999141961 1.9855228892052577 1.9864649161111256 0.0009765625
2.0524287999141961 2.0550502399099058 1.9848406600369388 1.9861228892072387 0.0009765625
2.0550502399099058 2.0576716799056158 1.9841608511560735 1.985440660034969 0.0009765625
2.0576716799056158 2.0602931199013255 1.9834834476076837 1.9847608511560737 0.0009765625
2.0602931199013255 2.0629145598970355 1.9828084345598824 1.9840834476076838 0.0009765625
2.0629145598970355 2.0655359998927452 1.98213579731226 1.9834084345598826 0.0009765625
2.0655359998927452 2.0681574398884548 1.9814655212924666 1.9827357973122601 0.0009765625
2.0681574398884548 2.0707788798841649 1.9807975920547163 1.9820655212924667 0.0009765625
2.0707788798841649 2.0734003198798745 1.9801319952784369 1.9813975920547164 0.0009765625
2.0734003198798745 2.0760217598755846 1.9794687167668568 1.980731995278437 0.0009765625
2.0760217598755846 2.0786431998712942 1.9788077424455877 1.9800687167668569 0.0009765625
2.0786431998712942 2.0812646398670038 1.9781490583613046 1.9794077424455878 0.0009765625
2.0812646398670038 2.0838860798627139 1.9774926506803892 1.9787490583613048 0.0009765625
2.0838860798627139 2.0865075198584235 1.9768385056876108 1.9780926506803893 0.0009765625
2.0865075198584235 2.0891289598541336 1.9761866097848289 1.9774385056876109 0.0009765625
2.0891289598541336 2.0917503998498432 1.9755369494896771 1.976786609784829 0.0009765625
2.0917503998498432 2.0943718398455529 1.9748895114343152 1.9761369494896772 0.0009765625
2.0943718398455529 2.0969932798412629 1.9742442823641619 1.9754895114343154 0.0009765625
2.0969932798412629 2.0996147198369726 1.973601249136681 1.9748442823641621 0.0009765625
2.0996147198369726 2.1022361598326826 1.9729603987201354 1.9742012491366812 0.0009765625
2.1022361598326826 2.1048575998283923 1.9723217181924091 1.9735603987201356 0.0009765625
2.1048575998283923 2.110100479819812 1.9710508156575492 1.9729217181942105 0.0009765625
2.110100479819812 2.1153433598112317 1.96978844029705 1.9716508156557564 0.0009765625
2.1153433598112317 2.1205862398026509 1.9685344925658264 1.9703884402970502 0.0009765625
2.1205862398026509 2.1258291197940706 1.9672888745550463 1.9691344925658265 0.0009765625
2.1258291197940706 2.1310719997854903 1.9660514899662118 1.9678888745550465 0.0009765625
2.1310719997854903 2.13631487977691 1.9648222440753362 1.966651489966212 0.0009765625
2.13631487977691 2.1415577597683297 1.9636010436998708 1.9654222440753364 0.0009765625
2.1415577597683297 2.146800639759749 1.9623877971664074 1.9642010436998709 0.0009765625
2.146800639759749 2.1520435197511687 1.9611824142792467 1.9629877971664076 0.0009765625
2.1520435197511687 2.1572863997425884 1.9599848062897525 1.9617824142792468 0.0009765625
2.1572863997425884 2.1625292797340081 1.9587948858664634 1.9605848062897526 0.0009765625
2.1625292797340081 2.1677721597254278 1.9576125670660216 1.9593948858664636 0.0009765625
2.1677721597254278 2.1730150397168471 1.95643776530472 1.9582125670660218 0.0009765625
2.1730150397168471 2.1782579197082668 1.9552703973308694 1.9570377653047202 0.0009765625
2.1782579197082668 2.1835007996996865 1.9541103811977854 1.9558703973308695 0.0009765625
2.1835007996996865 2.1887436796911062 1.9529576362374548 1.9547103811977855 0.0009765625
2.1887436796911062 2.1939865596825259 1.9518120830348555 1.9535576362374549 0.0009765625
2.1939865596825259 2.1992294396739451 1.9506736434029281 1.9524120830348557 0.0009765625
2.1992294396739451 2.2044723196653648 1.9495422403580986 1.9512736434029283 0.0009765625
2.2044723196653648 2.2097151996567845 1.9484177980964594 1.9501422403580988 0.0009765625
2.2097151996567845 2.2202009596396239 1.9454894984678148 1.9497177980979579 0.0009765625
2.2202009596396239 2.2306867196224629 1.9432881608040111 1.947489498466358 0.0009765625
2.2306867196224629 2.2411724796053023 1.9411132188428342 1.9452881608040111 0.0009765625
2.2411724796053023 2.2516582395881413 1.9389641230899644 1.9431132188428342 0.0009765625
2.2516582395881413 2.2621439995709807 1.9368403401891257 1.9409641230899644 0.0009765625
2.2621439995709807 2.2726297595538201 1.9347413523128725 1.9388403401891257 0.0009765625
2.2726297595538201 2.283115519536659 1.9326666565826933 1.9367413523128725 0.0009765625
2.283115519536659 2.2936012795194984 1.9306157645152857 1.9346666565826933 0.0009765625
2.2936012795194984 2.3040870395023374 1.9285882014939331 1.9326157645152857 0.0009765625
2.3040870395023374 2.3145727994851768 1.9265835062633456 1.9305882014939331 0.0009765625
2.3145727994851768 2.3250585594680162 1.9246012304469073 1.9285835062633456 0.0009765625
2.3250585594680162 2.3355443194508552 1.9226409380851062 1.9266012304469073 0.0009765625
2.3355443194508552 2.3460300794336946 1.9207022051941625 1.9246409380851062 0.0009765625
2.3460300794336946 2.3565158394165335 1.9187846193435441 1.9227022051941625 0.0009765625
2.3565158394165335 2.3670015993993729 1.9168877792518277 1.9207846193435441 0.0009765625
2.3670015993993729 2.3774873593822123 1.9150112943995803 1.9188877792518277 0.0009765625
2.3774873593822123 2.3879731193650513 1.9131547846586601 1.9170112943995803 0.0009765625
2.3879731193650513 2.3984588793478907 1.9113178799370432 1.9151547846586601 0.0009765625
2.3984588793478907 2.4089446393307297 1.909500219838415 1.9133178799370432 0.0009765625
2.4089446393307297 2.4194303993135691 1.9077014533357934 1.911500219838415 0.0009765625
2.4194303993135691 2.4294168373924636 1.9060055948742574 1.9097014533357934 0.0009765625
2.4294168373924636 2.4394032754713582 1.9043262752047139 1.9080055948742574 0.0009765625
2.4394032754713582 2.4493897135502527 1.9026632132870684 1.9063262752047139 0.0009765625
2.4493897135502527 2.4593761516291472 1.9010161348413857 1.9046632132870684 0.0009765625
2.4593761516291472 2.4693625897080418 1.899384772138661 1.9030161348413857 0.0009765625
2.4693625897080418 2.4793490277869359 1.8977688637996961 1.901384772138661 0.0009765625
2.4793490277869359 2.4893354658658304 1.8961681546013134 1.8997688637996961 0.0009765625
2.4893354658658304 2.499321903944725 1.8945823952898453 1.8981681546013134 0.0009765625
2.499321903944725 2.5093083420236195 1.8930113424015007 1.8965823952898453 0.0009765625
2.5093083420236195 2.5192947801025141 1.8914547580893379 1.8950113424015007 0.0009765625
2.5192947801025141 2.5292812181814086 1.8899124099564797 1.8934547580893379 0.0009765625
2.5292812181814086 2.5392676562603032 1.8883840708954047 1.8919124099564797 0.0009765625
2.5392676562603032 2.5492540943391977 1.8875695189330135 1.8896840708954048 0.0009765625
2.5492540943391977 2.5592405324180922 1.8860685370812027 1.8881695189330137 0.0009765625
2.5592405324180922 2.5692269704969868 1.8845809131927418 1.8866685370812029 0.0009765625
2.5692269704969868 2.5792134085758809 1.8831064398222257 1.8851809131927419 0.0009765625
2.5792134085758809 2.5891998466547754 1.8816449140919307 1.8837064398222259 0.0009765625
2.5891998466547754 2.59918628473367 1.8801961375622771 1.8822449140919308 0.0009765625
2.59918628473367 2.6091727228125645 1.8787599161068207 1.8807961375622773 0.0009765625
2.6091727228125645 2.6191591608914591 1.8773360597914772 1.8793599161068208 0.0009765625
2.6191591608914591 2.6291455989703536 1.8759243827579521 1.8779360597914774 0.0009765625
2.6291455989703536 2.6391320370492481 1.8745247031110368 1.8765243827579523 0.0009765625
2.6391320370492481 2.6491184751281427 1.8731368428097825 1.875124703111037 0.0009765625
2.6491184751281427 2.6591049132070372 1.8717606275622283 1.8737368428097827 0.0009765625
2.6591049132070372 2.6690913512859318 1.8703958867237314 1.8723606275622284 0.0009765625
2.6690913512859318 2.6790777893648263 1.8690424531985925 1.8709958867237315 0.0009765625
2.6790777893648263 2.6890642274437209 1.8677001633449413 1.8696424531985927 0.0009765625
2.6890642274437209 2.699050665522615 1.8663688568827157 1.8683001633449414 0.0009765625
2.699050665522615 2.7090371036015095 1.8650483768046964 1.8669688568827159 0.0009765625
2.7090371036015095 2.7190235416804041 1.8637385692902533 1.8656483768046965 0.0009765625
2.7190235416804041 2.7290099797592986 1.8624392836221038 1.8643385692902534 0.0009765625
2.7290099797592986 2.7389964178381931 1.8611503721055072 1.8630392836221039 0.0009765625
2.7389964178381931 2.7489828559170877 1.85987168999012 1.8617503721055073 0.0009765625
2.7489828559170877 2.7589692939959822 1.8586030953943353 1.8604716899901201 0.0009765625
2.7589692939959822 2.7689557320748768 1.8573444492319593 1.8592030953943355 0.0009765625
2.7689557320748768 2.7789421701537713 1.8560956151411454 1.8579444492319594 0.0009765625
2.7789421701537713 2.7889286082326659 1.8548564594156536 1.8566956151411456 0.0009765625
2.7889286082326659 2.79891504631156 1.8536268509380274 1.8554564594156537 0.0009765625
2.79891504631156 2.8089014843904545 1.852406661115038 1.8542268509380275 0.0009765625
2.8089014843904545 2.818887922469349 1.8511957638149614 1.8530066611150382 0.0009765625
2.818887922469349 2.8288743605482436 1.8499940353067543 1.8517957638149616 0.0009765625
2.8288743605482436 2.8388607986271381 1.8488013542011681 1.8505940353067545 0.0009765625
2.8388607986271381 2.8567651543352337 1.8459853112074853 1.8501013542015616 0.0009765625
2.8567651543352337 2.8746695100433297 1.8438972997821743 1.8479853112071072 0.0009765625
2.8746695100433297 2.8925738657514253 1.8418366733520262 1.8458972997821743 0.0009765625
2.8925738657514253 2.9104782214595213 1.8398028064592871 1.8438366733520262 0.0009765625
2.9104782214595213 2.9283825771676169 1.8377950938770422 1.8418028064592871 0.0009765625
2.9283825771676169 2.9462869328757129 1.8358129497675553 1.8397950938770422 0.0009765625
2.9462869328757129 2.9641912885838084 1.8338558068836197 1.8378129497675553 0.0009765625
2.9641912885838084 2.9820956442919044 1.8319231158099039 1.8358558068836197 0.0009765625
2.9820956442919044 3 1.8300143442419272 1.8339231158099039 0.0009765625
3 3.0197660256410255 1.8279342613556686 1.8320143442421599 0.0009765625
3.0197660256410255 3.0395320512820514 1.8258820305959662 1.8299342613554515 0.0009765625
3.0395320512820514 3.0592980769230769 1.823857002547183 1.8278820305959662 0.0009765625
3.0592980769230769 3.0790641025641028 1.8218585492471755 1.825857002547183 0.0009765625
3.0790641025641028 3.0988301282051283 1.8198860632768692 1.8238585492471755 0.0009765625
3.0988301282051283 3.1185961538461537 1.8179389568957407 1.8218860632768692 0.0009765625
3.1185961538461537 3.1383621794871797 1.8160166612215971 1.8199389568957407 0.0009765625
3.1383621794871797 3.1581282051282051 1.8141186254521131 1.8180166612215971 0.0009765625
3.1581282051282051 3.1778942307692306 1.812244316125339 1.8161186254521131 0.0009765625
3.1778942307692306 3.1976602564102565 1.8103932164171936 1.814244316125339 0.0009765625
3.1976602564102565 3.217426282051282 1.8085648254734408 1.8123932164171936 0.0009765625
3.217426282051282 3.2371923076923075 1.8067586577744372 1.8105648254734408 0.0009765625
3.2371923076923075 3.2569583333333334 1.8049742425305897 1.8087586577744372 0.0009765625
3.2569583333333334 3.2767243589743589 1.8032111231069055 1.8069742425305897 0.0009765625
3.2767243589743589 3.2964903846153848 1.8014688564748262 1.8052111231069055 0.0009765625
3.2964903846153848 3.3162564102564103 1.7997470126899966 1.8034688564748262 0.0009765625
3.3162564102564103 3.3360224358974357 1.798045174394501 1.8017470126899966 0.0009765625
3.3360224358974357 3.3557884615384617 1.7963629363419975 1.800045174394501 0.0009765625
3.3557884615384617 3.3755544871794871 1.7946999049448875 1.7983629363419975 0.0009765625
3.3755544871794871 3.3953205128205131 1.7930556978419954 1.7966999049448875 0.0009765625
3.3953205128205131 3.4150865384615385 1.7914299434858256 1.7950556978419954 0.0009765625
3.4150865384615385 3.434852564102564 1.7898222807483246 1.7934299434858256 0.0009765625
3.434852564102564 3.4546185897435899 1.7882323585441493 1.7918222807483246 0.0009765625
3.4546185897435899 3.4743846153846154 1.7866598354705348 1.7902323585441493 0.0009765625
3.4743846153846154 3.4941506410256409 1.785104379462978 1.7886598354705348 0.0009765625
3.4941506410256409 3.5139166666666668 1.7835656674657725 1.787104379462978 0.0009765625
3.5139166666666668 3.5336826923076923 1.7820433851167117 1.7855656674657725 0.0009765625
3.5336826923076923 3.5534487179487177 1.7805372264453947 1.7840433851167117 0.0009765625
3.5534487179487177 3.5732147435897437 1.7790468935841 1.7825372264453947 0.0009765625
3.5732147435897437 3.5929807692307691 1.7775720964909811 1.7810468935841 0.0009765625
3.5929807692307691 3.6127467948717946 1.7761125526846986 1.7795720964909811 0.0009765625
3.6127467948717946 3.6325128205128205 1.7746679869901214 1.7781125526846986 0.0009765625
3.6325128205128205 3.6522788461538465 1.7732381312943351 1.7766679869901214 0.0009765625
3.6522788461538465 3.6720448717948719 1.7718227243127527 1.7752381312943351 0.0009765625
3.6720448717948719 3.6918108974358974 1.7704215113645534 1.7738227243127527 0.0009765625
3.6918108974358974 3.7115769230769233 1.7690342441572231 1.7724215113645534 0.0009765625
3.7115769230769233 3.7313429487179488 1.7676606805796002 1.7710342441572231 0.0009765625
3.7313429487179488 3.7511089743589743 1.7663005845031878 1.7696606805796002 0.0009765625
3.7511089743589743 3.7708750000000002 1.7649537255912082 1.7683005845031878 0.0009765625
3.7708750000000002 3.7906410256410257 1.7636198791150861 1.7669537255912082 0.0009765625
3.7906410256410257 3.8104070512820511 1.7622988257779149 1.765619879114886 0.0009765625
3.8104070512820511 3.8301730769230771 1.7609903515458445 1.764298825778122 0.0009765625
3.8301730769230771 3.8499391025641025 1.7596942474828525 1.7629903515458445 0.0009765625
3.8499391025641025 3.869705128205128 1.7584103095958881 1.7616942474828525 0.0009765625
3.869705128205128 3.8894711538461539 1.7571383386827537 1.7604103095958881 0.0009765625
3.8894711538461539 3.9092371794871794 1.7558781401868946 1.7591383386827537 0.0009765625
3.9092371794871794 3.9290032051282053 1.7553295240573694 1.7571781401868947 0.0009765625
3.9290032051282053 3.9487692307692308 1.7540923046140009 1.7559295240573696 0.0009765625
3.9487692307692308 3.9685352564102563 1.7528663004174054 1.7546923046140011 0.0009765625
3.9685352564102563 3.9883012820512822 1.7516513341438373 1.7534663004174056 0.0009765625
3.9883012820512822 4.0080673076923077 1.7504472324644242 1.7522513341438375 0.0009765625
4.0080673076923077 4.0278333333333336 1.7492538259288293 1.7510472324644244 0.0009765625
4.0278333333333336 4.0475993589743586 1.7480709488530481 1.7498538259288294 0.0009765625
4.0475993589743586 4.0673653846153845 1.7468984392111186 1.7486709488530483 0.0009765625
4.0673653846153845 4.0871314102564105 1.7457361385306778 1.7474984392111188 0.0009765625
4.0871314102564105 4.1068974358974355 1.7445838917921797 1.7463361385306779 0.0009765625
4.1068974358974355 4.1266634615384614 1.7434415473315465 1.7451838917921798 0.0009765625
4.1266634615384614 4.1464294871794873 1.7423089567462762 1.7440415473315467 0.0009765625
4.1464294871794873 4.1661955128205133 1.7411859748046219 1.7429089567462763 0.0009765625
4.1661955128205133 4.1859615384615383 1.7400724593580337 1.7417859748046221 0.0009765625
4.1859615384615383 4.2057275641025642 1.7389682712563816 1.7406724593580338 0.0009765625
4.2057275641025642 4.2254935897435901 1.737873274266202 1.7395682712563818 0.0009765625
4.2254935897435901 4.2452596153846152 1.7367873349915182 1.7384732742662021 0.0009765625
4.2452596153846152 4.2650256410256411 1.7357103227973947 1.7373873349915183 0.0009765625
4.2650256410256411 4.284791666666667 1.7346421097359832 1.7363103227973948 0.0009765625
4.284791666666667 4.304557692307692 1.733582570474949 1.7352421097359834 0.0009765625
4.304557692307692 4.3243237179487179 1.7325315822282896 1.7341825704749492 0.0009765625
4.3243237179487179 4.3440897435897439 1.7314890246893668 1.7331315822282898 0.0009765625
4.3440897435897439 4.3638557692307689 1.7304547799661001 1.732089024689367 0.0009765625
4.3638557692307689 4.3836217948717948 1.7294287325181883 1.7310547799661002 0.0009765625
4.3836217948717948 4.4033878205128207 1.7284107690964519 1.7300287325181885 0.0009765625
4.4033878205128207 4.4231538461538467 1.7274007786839278 1.729010769096452 0.0009765625
4.4231538461538467 4.4429198717948717 1.7263986524389299 1.728000778683928 0.0009765625
4.4429198717948717 4.4626858974358976 1.7254042836398484 1.72699865243893 0.0009765625
4.4626858974358976 4.4824519230769235 1.7244175676317055 1.7260042836398486 0.0009765625
4.4824519230769235 4.5022179487179486 1.7234384017742419 1.7250175676317057 0.0009765625
4.5022179487179486 4.5219839743589745 1.7224666853918005 1.7240384017742421 0.0009765625
4.5219839743589745 4.5417500000000004 1.7215023197245016 1.7230666853918006 0.0009765625
4.5417500000000004 4.5615160256410254 1.720545207881105 1.7221023197245018 0.0009765625
4.5615160256410254 4.5812820512820513 1.7195952547931859 1.7211452078811051 0.0009765625
4.5812820512820513 4.6010480769230773 1.7186523671702514 1.7201952547927599 0.0009765625
4.6010480769230773 4.6208141025641023 1.7177164534588398 1.7192523671706919 0.0009765625
4.6208141025641023 4.6405801282051282 1.7167874237963647 1.71831645345884 0.0009765625
4.6405801282051282 4.6603461538461541 1.7158651899748341 1.7173874237963649 0.0009765625
4.6603461538461541 4.6801121794871792 1.7149496653993481 1.7164651899748342 0.0009765625
4.6801121794871792 4.6998782051282051 1.714040765050223 1.7155496653993483 0.0009765625
4.6998782051282051 4.719644230769231 1.7131384054458823 1.7146407650502231 0.0009765625
4.719644230769231 4.739410256410256 1.712242504606831 1.7137384054458824 0.0009765625
4.739410256410256 4.759176282051282 1.7113529820205826 1.7128425046068312 0.0009765625
4.759176282051282 4.7789423076923079 1.7104697586076403 1.7119529820205828 0.0009765625
4.7789423076923079 4.7987083333333329 1.7095927566884557 1.7110697586076404 0.0009765625
4.7987083333333329 4.8184743589743588 1.7087218999513358 1.7101927566884558 0.0009765625
4.8184743589743588 4.8382403846153847 1.7078571134211284 1.709321899951336 0.0009765625
4.8382403846153847 4.8580064102564098 1.7069983234289685 1.7084571134211286 0.0009765625
4.8580064102564098 4.8777724358974357 1.7061454575827406 1.7075983234289687 0.0009765625
4.8777724358974357 4.8975384615384616 1.705298444738381 1.7067454575827408 0.0009765625
4.8975384615384616 4.9173044871794875 1.7044572149719894 1.7058984447383811 0.0009765625
4.9173044871794875 4.9370705128205126 1.7036216995527227 1.7050572149719896 0.0009765625
4.9370705128205126 4.9568365384615385 1.7027918309163499 1.7042216995527228 0.0009765625
4.9568365384615385 4.9766025641025635 1.7019675426396224 1.70339183091635 0.0009765625
4.9766025641025635 4.9963685897435894 1.7011487694152752 1.7025675426396225 0.0009765625
4.9963685897435894 5.0161346153846154 1.700335447027691 1.7017487694152753 0.0009765625
5.0161346153846154 5.0359006410256413 1.6995275123292644 1.7009354470276912 0.0009765625
5.0359006410256413 5.0556666666666663 1.6987249032173626 1.7001275123292645 0.0009765625
5.0556666666666663 5.0754326923076922 1.6979275586118807 1.6993249032173627 0.0009765625
5.0754326923076922 5.0951987179487181 1.6971354184334291 1.6985275586118809 0.0009765625
5.0951987179487181 5.1149647435897432 1.6963484235820496 1.6977354184334292 0.0009765625
5.1149647435897432 5.1347307692307691 1.695566515916525 1.6969484235820498 0.0009765625
5.1347307692307691 5.154496794871795 1.6947896382341472 1.6961665159165251 0.0009765625
5.154496794871795 5.17426282051282 1.6940177342511795 1.6953896382341473 0.0009765625
5.17426282051282 5.194028846153846 1.6932507485835793 1.6946177342511797 0.0009765625
5.194028846153846 5.2137948717948719 1.692488626728422 1.6938507485835794 0.0009765625
5.2137948717948719 5.2335608974358969 1.6917313150456972 1.6930886267284222 0.0009765625
5.2335608974358969 5.2533269230769228 1.6909787607405617 1.6923313150456973 0.0009765625
5.2533269230769228 5.2730929487179488 1.6902309118460863 1.6915787607405619 0.0009765625
5.2730929487179488 5.2928589743589738 1.6894877172064091 1.6908309118460865 0.0009765625
5.2928589743589738 5.3126249999999997 1.6887491264603038 1.6900877172064093 0.0009765625
5.3126249999999997 5.3323910256410256 1.6880150900251563 1.689349126460304 0.0009765625
5.3323910256410256 5.3521570512820507 1.6872855590813511 1.6886150900251564 0.0009765625
5.3521570512820507 5.3719230769230766 1.6865604855570548 1.6878855590813513 0.0009765625
5.3719230769230766 5.3916891025641025 1.6858398221127657 1.6871604855565077 0.0009765625
5.3916891025641025 5.4114551282051275 1.6851235221295875 1.6864398221133172 0.0009765625
5.4114551282051275 5.4312211538461534 1.6844115396895973 1.6857235221295876 0.0009765625
5.4312211538461534 5.4509871794871794 1.6837038295674889 1.6850115396895975 0.0009765625
5.4509871794871794 5.4707532051282044 1.6830003472143784 1.684303829567489 0.0009765625
5.4707532051282044 5.4905192307692303 1.6823010487452315 1.6836003472143786 0.0009765625
5.4905192307692303 5.5102852564102562 1.681605890925961 1.6829010487452316 0.0009765625
5.5102852564102562 5.5300512820512822 1.6809148311609401 1.6822058909259612 0.0009765625
5.5300512820512822 5.5498173076923072 1.6802278274807523 1.6815148311609402 0.0009765625
5.5498173076923072 5.5695833333333331 1.6795448385302278 1.6808278274807524 0.0009765625
5.5695833333333331 5.589349358974359 1.6788658235568237 1.680144838530228 0.0009765625
5.589349358974359 5.6091153846153841 1.6781907423991296 1.6794658235568238 0.0009765625
5.6091153846153841 5.62888141025641 1.6775195554758477 1.6787907423991297 0.0009765625
5.62888141025641 5.6486474358974359 1.6768522237748189 1.6781195554758479 0.0009765625
5.6486474358974359 5.6684134615384618 1.6761887088424681 1.6774522237748191 0.0009765625
5.6684134615384618 5.6881794871794868 1.675528972773386 1.6767887088424682 0.0009765625
5.6881794871794868 5.7079455128205128 1.6748729782001865 1.6761289727733861 0.0009765625
5.7079455128205128 5.7277115384615387 1.6742206882835944 1.6754729782001867 0.0009765625
5.7277115384615387 5.7474775641025637 1.6735720667027634 1.6748206882835945 0.0009765625
5.7474775641025637 5.7672435897435896 1.6729270776457972 1.6741720667027635 0.0009765625
5.7672435897435896 5.7870096153846156 1.6722856858004806 1.6735270776457973 0.0009765625
5.7870096153846156 5.8067756410256406 1.6716478563452415 1.6728856858004808 0.0009765625
5.8067756410256406 5.8265416666666665 1.6710135549402865 1.6722478563452416 0.0009765625
5.8265416666666665 5.8463076923076924 1.6703827477189552 1.6716135549402866 0.0009765625
5.8463076923076924 5.8660737179487175 1.6697554012792408 1.6709827477189554 0.0009765625
5.8660737179487175 5.8858397435897434 1.6691314826755412 1.670355401279241 0.0009765625
5.8858397435897434 5.9056057692307693 1.6685109594105092 1.6697314826755414 0.0009765625
5.9056057692307693 5.9253717948717952 1.6678937994271885 1.6691109594105094 0.0009765625
5.9253717948717952 5.9451378205128202 1.6672799711012336 1.6684937994271887 0.0009765625
5.9451378205128202 5.9649038461538462 1.6666694432333131 1.6678799711012338 0.0009765625
5.9649038461538462 5.9846698717948721 1.6660621850417368 1.6672694432333133 0.0009765625
5.9846698717948721 6.0044358974358971 1.6654581661551406 1.6666621850417369 0.0009765625
6.0044358974358971 6.024201923076923 1.6648573566054181 1.6660581661551408 0.0009765625
6.024201923076923 6.043967948717949 1.6642597268207844 1.6654573566054183 0.0009765625
6.043967948717949 6.0637339743589749 1.6636652476188789 1.6648597268207845 0.0009765625
6.0637339743589749 6.0834999999999999 1.6630738902002336 1.6642652476188791 0.0009765625
6.0834999999999999 6.1032660256410258 1.6624856261416436 1.6636738902002337 0.0009765625
6.1032660256410258 6.1230320512820517 1.6619004273898215 1.6630856261416438 0.0009765625
6.1230320512820517 6.1427980769230768 1.6613182662551385 1.6625004273898216 0.0009765625
6.1427980769230768 6.1625641025641027 1.6607391154055318 1.6619182662551386 0.0009765625
6.1625641025641027 6.1823301282051286 1.6601629478598225 1.6613391154049297 0.0009765625
6.1823301282051286 6.2020961538461536 1.6595897369849566 1.6607629478604327 0.0009765625
6.2020961538461536 6.2218621794871796 1.6590194564841581 1.6601897369849568 0.0009765625
6.2218621794871796 6.2416282051282055 1.6584520803973188 1.6596194564841582 0.0009765625
6.2416282051282055 6.2613942307692305 1.6578875830925237 1.659052080397319 0.0009765625
6.2613942307692305 6.2811602564102564 1.6573259392611719 1.6584875830925239 0.0009765625
6.2811602564102564 6.3009262820512824 1.6567671239127348 1.657925939261172 0.0009765625
6.3009262820512824 6.3206923076923083 1.656211112369524 1.657367123912735 0.0009765625
6.3206923076923083 6.3404583333333333 1.6556578802616246 1.6568111123695242 0.0009765625
6.3404583333333333 6.3602243589743592 1.6551074035218949 1.6562578802616248 0.0009765625
6.3602243589743592 6.3799903846153851 1.654559658381096 1.655707403521895 0.0009765625
6.3799903846153851 6.3997564102564102 1.6540146213630884 1.6551596583810961 0.0009765625
6.3997564102564102 6.4195224358974361 1.6534722692801156 1.6546146213630886 0.0009765625
6.4195224358974361 6.439288461538462 1.6529325792282643 1.6540722692801157 0.0009765625
6.439288461538462 6.4590544871794879 1.6523955285828633 1.6535325792282645 0.0009765625
6.4590544871794879 6.478820512820513 1.6518610949941546 1.6529955285828635 0.0009765625
6.478820512820513 6.4985865384615389 1.651329256382843 1.6524610949941547 0.0009765625
6.4985865384615389 6.5183525641025648 1.6507999909359659 1.6519292563828432 0.0009765625
6.5183525641025648 6.5381185897435898 1.6502732771026081 1.651399990935966 0.0009765625
6.5381185897435898 6.5578846153846158 1.64974909358989 1.6508732771026082 0.0009765625
6.5578846153846158 6.5776506410256417 1.6492274193588923 1.6503490935898901 0.0009765625
6.5776506410256417 6.5974166666666667 1.6487082336207872 1.6498274193588924 0.0009765625
6.5974166666666667 6.6171826923076926 1.6481915158328917 1.6493082336207874 0.0009765625
6.6171826923076926 6.6369487179487185 1.6476772456949571 1.6487915158328919 0.0009765625
6.6369487179487185 6.6567147435897436 1.6471654031454186 1.6482772456949573 0.0009765625
6.6567147435897436 6.6764807692307695 1.6466559683577262 1.6477654031454187 0.0009765625
6.6764807692307695 6.6962467948717954 1.6461489217368082 1.6472559683577264 0.0009765625
6.6962467948717954 6.7160128205128213 1.6456442439155381 1.6467489217368083 0.0009765625
6.7160128205128213 6.7357788461538464 1.6451419157512732 1.6462442439155383 0.0009765625
6.7357788461538464 6.7555448717948723 1.6446419183225105 1.6457419157512734 0.0009765625
6.7555448717948723 6.7753108974358982 1.6441442329255396 1.6452419183225107 0.0009765625
6.7753108974358982 6.7950769230769232 1.6436488410711803 1.6447442329255397 0.0009765625
6.7950769230769232 6.8148429487179492 1.643155724481606 1.6442488410711804 0.0009765625
6.8148429487179492 6.8346089743589751 1.6426648650871838 1.6437557244816061 0.0009765625
6.8346089743589751 6.854375000000001 1.6421762450234105 1.6432648650871839 0.0009765625
6.854375000000001 6.874141025641026 1.6416898466278622 1.6427762450234107 0.0009765625
6.874141025641026 6.8939070512820519 1.6412056524372511 1.6422898466278624 0.0009765625
6.8939070512820519 6.9136730769230779 1.6407236451844742 1.6418056524372513 0.0009765625
6.9136730769230779 6.9334391025641029 1.6402438077957955 1.6413236451844744 0.0009765625
6.9334391025641029 6.9532051282051288 1.6397661233879766 1.6408438077957956 0.0009765625
6.9532051282051288 6.9729711538461547 1.639290575264887 1.6403661233873297 0.0009765625
6.9729711538461547 6.9927371794871798 1.6388171469180768 1.6398905752655408 0.0009765625
6.9927371794871798 7.0125032051282057 1.6383458220175418 1.6394171469180769 0.0009765625
7.0125032051282057 7.0322692307692316 1.6378765844156538 1.6389458220175419 0.0009765625
7.0322692307692316 7.0520352564102566 1.6374094181413246 1.6384765844156539 0.0009765625
7.0520352564102566 7.0718012820512826 1.6369443073981225 1.6380094181413247 0.0009765625
7.0718012820512826 7.0915673076923085 1.6364812365617989 1.6375443073981226 0.0009765625
7.0915673076923085 7.1113333333333335 1.6360201901778411 1.637081236561799 0.0009765625
7.1113333333333335 7.1310993589743594 1.6355611529590794 1.6366201901778412 0.0009765625
7.1310993589743594 7.1508653846153853 1.6351041097833281 1.6361611529590796 0.0009765625
7.1508653846153853 7.1706314102564104 1.6346490456910734 1.6357041097833283 0.0009765625
7.1706314102564104 7.1903974358974363 1.6341959458832043 1.6352490456910735 0.0009765625
7.1903974358974363 7.2101634615384622 1.6337447957187652 1.6347959458832044 0.0009765625
7.2101634615384622 7.2299294871794872 1.6332955807127636 1.6343447957187653 0.0009765625
7.2299294871794872 7.2496955128205132 1.6328482865340095 1.6338955807127638 0.0009765625
7.2496955128205132 7.2694615384615391 1.6324028990029897 1.6334482865340096 0.0009765625
7.2694615384615391 7.2892275641025641 1.6319594040897878 1.6330028990029899 0.0009765625
7.2892275641025641 7.30899358974359 1.6315177879120399 1.6325594040897879 0.0009765625
7.30899358974359 7.328759615384616 1.631078036732889 1.6321177879120401 0.0009765625
7.328759615384616 7.3485256410256419 1.6306401369590269 1.6316780367328891 0.0009765625
7.3485256410256419 7.3682916666666669 1.6302040751387401 1.631240136959027 0.0009765625
7.3682916666666669 7.3880576923076928 1.6297698379599692 1.6308040751387403 0.0009765625
7.3880576923076928 7.4078237179487179 1.6293374122484661 1.6303698379599694 0.0009765625
7.4078237179487179 7.4275897435897438 1.6289067849659109 1.6299374122484662 0.0009765625
7.4275897435897438 7.4473557692307697 1.6284779432080771 1.6295067849659111 0.0009765625
7.4473557692307697 7.4671217948717956 1.6280508742030779 1.6290779432080773 0.0009765625
7.4671217948717956 7.4868878205128206 1.627625565309561 1.6286508742030781 0.0009765625
7.4868878205128206 7.5066538461538466 1.6272020040149897 1.6282255653095612 0.0009765625
7.5066538461538466 7.5264198717948725 1.6267801779339595 1.6278020040149899 0.0009765625
7.5264198717948725 7.5461858974358975 1.6263600748064817 1.6273801779339596 0.0009765625
7.5461858974358975 7.5659519230769234 1.6259416824963349 1.6269600748064819 0.0009765625
7.5659519230769234 7.5857179487179494 1.6255249889894805 1.626541682496335 0.0009765625
7.5857179487179494 7.6054839743589744 1.6251099823924158 1.6261249889894807 0.0009765625
7.6054839743589744 7.6252500000000003 1.6246966509306231 1.6257099823924159 0.0009765625
7.6252500000000003 7.6450160256410262 1.6242849829470414 1.6252966509306233 0.0009765625
7.6450160256410262 7.6647820512820513 1.6238749669004857 1.6248849829470415 0.0009765625
7.6647820512820513 7.6845480769230772 1.6234665913642128 1.6244749669004859 0.0009765625
7.6845480769230772 7.7043141025641031 1.6230598450244067 1.6240665913642129 0.0009765625
7.7043141025641031 7.7240801282051281 1.6226547166787524 1.6236598450244069 0.0009765625
7.7240801282051281 7.743846153846154 1.6222511952349707 1.6232547166787525 0.0009765625
7.743846153846154 7.76361217948718 1.621849269708785 1.6228511952343034 0.0009765625
7.76361217948718 7.783378205128205 1.6214489292258538 1.6224492697094528 0.0009765625
7.783378205128205 7.8031442307692309 1.6210501630137315 1.622048929225854 0.0009765625
7.8031442307692309 7.8229102564102568 1.6206529604072251 1.6216501630137317 0.0009765625
7.8229102564102568 7.8426762820512819 1.6202573108436915 1.6212529604072252 0.0009765625
7.8426762820512819 7.8624423076923078 1.6198632038624574 1.6208573108436917 0.0009765625
7.8624423076923078 7.8822083333333337 1.6194706291035146 1.6204632038624576 0.0009765625
7.8822083333333337 7.9019743589743587 1.6190795763062493 1.6200706291035147 0.0009765625
7.9019743589743587 7.9217403846153847 1.6186900353082221 1.6196795763062495 0.0009765625
7.9217403846153847 7.9415064102564106 1.6183019960439218 1.6192900353082222 0.0009765625
7.9415064102564106 7.9612724358974356 1.617915448543616 1.6189019960439219 0.0009765625
7.9612724358974356 7.9810384615384615 1.6175303829321024 1.6185154485436162 0.0009765625
7.9810384615384615 8.0008044871794866 1.6171467894275722 1.6181303829321025 0.0009765625
8.0008044871794866 8.0205705128205125 1.6167646583404667 1.6177467894275723 0.0009765625
8.0205705128205125 8.0403365384615384 1.6163839800723367 1.6173646583404668 0.0009765625
8.0403365384615384 8.0601025641025643 1.6160047451147364 1.6169839800723369 0.0009765625
8.0601025641025643 8.0798685897435902 1.6156269440481061 1.6166047451147365 0.0009765625
8.0798685897435902 8.0996346153846162 1.615250567540722 1.6162269440481063 0.0009765625
8.0996346153846162 8.1194006410256403 1.6148756063476137 1.6158505675407222 0.0009765625
8.1194006410256403 8.1391666666666662 1.6145020513095072 1.6154756063476139 0.0009765625
8.1391666666666662 8.1589326923076921 1.6141298933517993 1.6151020513095073 0.0009765625
8.1589326923076921 8.1786987179487181 1.61375912348356 1.6147298933517995 0.0009765625
8.1786987179487181 8.198464743589744 1.6133897327964895 1.6143591234835601 0.0009765625
8.198464743589744 8.2182307692307699 1.6130217124639639 1.6139897327964896 0.0009765625
8.2182307692307699 8.237996794871794 1.6126550537400519 1.613621712463964 0.0009765625
8.237996794871794 8.25776282051282 1.6122897479585452 1.6132550537400521 0.0009765625
8.25776282051282 8.2775288461538459 1.6119257865320327 1.6128897479585453 0.0009765625
8.2775288461538459 8.2972948717948718 1.6115631609509415 1.6125257865320328 0.0009765625
8.2972948717948718 8.3170608974358977 1.6112018627826399 1.6121631609509417 0.0009765625
8.3170608974358977 8.3368269230769236 1.6108418836705354 1.61180186278264 0.0009765625
8.3368269230769236 8.3565929487179478 1.610483215333177 1.6114418836705355 0.0009765625
8.3565929487179478 8.3763589743589737 1.6101258495633533 1.6110832153331771 0.0009765625
8.3763589743589737 8.3961249999999996 1.6097697782272837 1.6107258495633534 0.0009765625
8.3961249999999996 8.4158910256410255 1.6094149932636936 1.6103697782272839 0.0009765625
8.4158910256410255 8.4356570512820515 1.6090614866830371 1.6100149932636938 0.0009765625
8.4356570512820515 8.4554230769230774 1.6087092505666138 1.6096614866830372 0.0009765625
8.4554230769230774 8.4751891025641015 1.6083582770658023 1.609309250566614 0.0009765625
8.4751891025641015 8.4949551282051274 1.6080085584012089 1.6089582770658024 0.0009765625
8.4949551282051274 8.5147211538461534 1.6076600868619004 1.6086085584012091 0.0009765625
8.5147211538461534 8.5344871794871793 1.6073128548046114 1.6082600868619006 0.0009765625
8.5344871794871793 8.5542532051282052 1.6069668546523046 1.6079128548039348 0.0009765625
8.5542532051282052 8.5740192307692311 1.6066220788967747 1.6075668546529871 0.0009765625
8.5740192307692311 8.593785256410257 1.6062785200911467 1.6072220788967748 0.0009765625
8.593785256410257 8.6135512820512812 1.6059361708558837 1.6068785200911468 0.0009765625
8.6135512820512812 8.6333173076923071 1.6055950238747105 1.6065361708558838 0.0009765625
8.6333173076923071 8.653083333333333 1.6052550718945249 1.6061950238747107 0.0009765625
8.653083333333333 8.6728493589743589 1.6049163077247293 1.605855071894525 0.0009765625
8.6728493589743589 8.6926153846153849 1.6045787242364864 1.6055163077247294 0.0009765625
8.6926153846153849 8.7123814102564108 1.6042423143620692 1.6051787242364866 0.0009765625
8.7123814102564108 8.7321474358974349 1.6039070710941605 1.6048423143620694 0.0009765625
8.7321474358974349 8.7519134615384608 1.6035729874851903 1.6045070710941607 0.0009765625
8.7519134615384608 8.7716794871794868 1.6032400566466594 1.6041729874851904 0.0009765625
8.7716794871794868 8.7914455128205127 1.6029082717484904 1.6038400566466595 0.0009765625
8.7914455128205127 8.8112115384615386 1.6025776260183902 1.6035082717484905 0.0009765625
8.8112115384615386 8.8309775641025645 1.6022481127412243 1.6031776260183903 0.0009765625
8.8309775641025645 8.8507435897435904 1.601919725258367 1.6028481127412244 0.0009765625
8.8507435897435904 8.8705096153846146 1.6015924569670814 1.6025197252583672 0.0009765625
8.8705096153846146 8.8902756410256405 1.6012663013199397 1.6021924569670816 0.0009765625
8.8902756410256405 8.9100416666666664 1.6009412518241828 1.6018663013199399 0.0009765625
8.9100416666666664 8.9298076923076923 1.6006173020411585 1.6015412518241829 0.0009765625
8.9298076923076923 8.9495737179487183 1.6002944455857115 1.6012173020411586 0.0009765625
8.9495737179487183 8.9693397435897442 1.5999726761256285 1.6008944455857117 0.0009765625
8.9693397435897442 8.9891057692307701 1.5996519873810304 1.6005726761256287 0.0009765625
8.9891057692307701 9.0088717948717942 1.5993323731238644 1.6002519873810306 0.0009765625
9.0088717948717942 9.0286378205128202 1.5990138271772849 1.5999323731238646 0.0009765625
9.0286378205128202 9.0484038461538461 1.598696343415166 1.5996138271772851 0.0009765625
9.0484038461538461 9.068169871794872 1.5983799157615117 1.5992963434151661 0.0009765625
9.068169871794872 9.0879358974358979 1.598064538189949 1.5989799157615119 0.0009765625
9.0879358974358979 9.1077019230769238 1.5977502047231908 1.5986645381899491 0.0009765625
9.1077019230769238 9.1274679487179498 1.5974369094325227 1.598350204723191 0.0009765625
9.1274679487179498 9.1472339743589739 1.5971246464372986 1.5980369094325229 0.0009765625
9.1472339743589739 9.1669999999999998 1.596813409904386 1.5977246464372987 0.0009765625
9.1669999999999998 9.1867660256410257 1.5965031940477366 1.5974134099043862 0.0009765625
9.1867660256410257 9.2065320512820517 1.5961939931278386 1.5971031940477367 0.0009765625
9.2065320512820517 9.2262980769230776 1.5958858014512516 1.5967939931278388 0.0009765625
9.2262980769230776 9.2460641025641035 1.5955786133701406 1.5964858014512517 0.0009765625
9.2460641025641035 9.2658301282051276 1.5952724232817537 1.5961786133701408 0.0009765625
9.2658301282051276 9.2855961538461536 1.5949672256279963 1.5958724232817538 0.0009765625
9.2855961538461536 9.3053621794871795 1.5946630148949597 1.5955672256279965 0.0009765625
9.3053621794871795 9.3251282051282054 1.5943597856124521 1.5952630148949598 0.0009765625
9.3251282051282054 9.3448942307692313 1.5940575323528716 1.5949597856117637 0.0009765625
9.3448942307692313 9.3646602564102572 1.5937562497341931 1.5946575323535577 0.0009765625
9.3646602564102572 9.3844262820512832 1.5934559324126629 1.5943562497341932 0.0009765625
9.3844262820512832 9.4041923076923073 1.5931565750892032 1.5940559324126631 0.0009765625
9.4041923076923073 9.4239583333333332 1.5928581725056248 1.5937565750892033 0.0009765625
9.4239583333333332 9.4437243589743591 1.5925607194448006 1.5934581725056249 0.0009765625
9.4437243589743591 9.4634903846153851 1.5922642107302969 1.5931607194448008 0.0009765625
9.4634903846153851 9.483256410256411 1.5919686412259542 1.592864210730297 0.0009765625
9.483256410256411 9.5030224358974369 1.5916740058354972 1.5925686412259543 0.0009765625
9.5030224358974369 9.522788461538461 1.5913802995020663 1.5922740058354974 0.0009765625
9.522788461538461 9.542554487179487 1.5910875172079311 1.5919802995020664 0.0009765625
9.542554487179487 9.5623205128205129 1.5907956539739674 1.5916875172079312 0.0009765625
9.5623205128205129 9.5820865384615388 1.590504704859383 1.5913956539739675 0.0009765625
9.5820865384615388 9.6018525641025647 1.590214664961265 1.5911047048593832 0.0009765625
9.6018525641025647 9.6216185897435906 1.5899255294142376 1.5908146649612651 0.0009765625
9.6216185897435906 9.6413846153846166 1.5896372933900618 1.5905255294142377 0.0009765625
9.6413846153846166 9.6611506410256407 1.5893499520972916 1.5902372933900619 0.0009765625
9.6611506410256407 9.6809166666666666 1.5890635007808929 1.5899499520972917 0.0009765625
9.6809166666666666 9.7006826923076925 1.5887779347218809 1.589663500780893 0.0009765625
9.7006826923076925 9.7204487179487185 1.588493249236987 1.589377934721881 0.0009765625
9.7204487179487185 9.7402147435897444 1.5882094396782831 1.5890932492369871 0.0009765625
9.7402147435897444 9.7599807692307703 1.5879265014328472 1.5888094396782833 0.0009765625
9.7599807692307703 9.7797467948717962 1.5876444299224206 1.5885265014328473 0.0009765625
9.7797467948717962 9.7995128205128204 1.5873632206030439 1.5882444299224208 0.0009765625
9.7995128205128204 9.8192788461538463 1.5870828689647796 1.5879632206030441 0.0009765625
9.8192788461538463 9.8390448717948722 1.5868033705313347 1.5876828689647797 0.0009765625
9.8390448717948722 9.8588108974358981 1.5865247208597222 1.5874033705313348 0.0009765625
9.8588108974358981 9.878576923076924 1.5862469155399825 1.5871247208597223 0.0009765625
9.878576923076924 9.89834294871795 1.5859699501948528 1.5868469155399827 0.0009765625
9.89834294871795 9.9181089743589759 1.5856938204794213 1.5865699501948529 0.0009765625
9.9181089743589759 9.937875 1.5854185220808585 1.5862938204794215 0.0009765625
9.937875 9.9576410256410259 1.5851440507180636 1.5860185220808587 0.0009765625
9.9576410256410259 9.9774070512820519 1.5848704021414033 1.5857440507180638 0.0009765625
9.9774070512820519 9.9971730769230778 1.5845975721324046 1.5854704021414034 0.0009765625
9.9971730769230778 10.016939102564104 1.5843255565034116 1.5851975721324048 0.0009765625
10.016939102564104 10.03670512820513 1.584054351097353 1.5849255565034117 0.0009765625
10.03670512820513 10.056471153846154 1.5837839517874213 1.5846543510973532 0.0009765625
10.056471153846154 10.07623717948718 1.5835143544767971 1.5843839517874214 0.0009765625
10.07623717948718 10.096003205128206 1.5832455550983413 1.5841143544767973 0.0009765625
10.096003205128206 10.115769230769232 1.5829775496143519 1.5838455550983415 0.0009765625
10.115769230769232 10.135535256410257 1.5827103340155715 1.5835775496136633 0.0009765625
10.135535256410257 10.155301282051283 1.5824439043243592 1.5833103340162602 0.0009765625
10.155301282051283 10.175067307692309 1.5821782565875577 1.5830439043243594 0.0009765625
10.175067307692309 10.194833333333333 1.5819133868830917 1.5827782565875579 0.0009765625
10.194833333333333 10.214599358974359 1.5816492913162448 1.5825133868830918 0.0009765625
10.214599358974359 10.234365384615385 1.5813859660201219 1.5822492913162449 0.0009765625
10.234365384615385 10.254131410256411 1.5811234071553797 1.5819859660201221 0.0009765625
10.254131410256411 10.273897435897437 1.5808616109099476 1.5817234071553798 0.0009765625
10.273897435897437 10.293663461538463 1.5806005734988255 1.5814616109099477 0.0009765625
10.293663461538463 10.313429487179487 1.5803402911637632 1.5812005734988257 0.0009765625
10.313429487179487 10.333195512820513 1.5800807601730944 1.5809402911637633 0.0009765625
10.333195512820513 10.352961538461539 1.5798219768214152 1.5806807601730946 0.0009765625
10.352961538461539 10.372727564102565 1.5795639374294137 1.5804219768214154 0.0009765625
10.372727564102565 10.392493589743591 1.5793066383435801 1.5801639374294139 0.0009765625
10.392493589743591 10.412259615384617 1.5790500759359898 1.5799066383435802 0.0009765625
10.412259615384617 10.432025641025643 1.5787942466040827 1.5796500759359899 0.0009765625
10.432025641025643 10.451791666666667 1.5785391467704002 1.5793942466040829 0.0009765625
10.451791666666667 10.471557692307693 1.5782847728823977 1.5791391467704003 0.0009765625
10.471557692307693 10.491323717948719 1.5780311214121669 1.5788847728823978 0.0009765625
10.491323717948719 10.511089743589745 1.5777781888563076 1.5786311214121671 0.0009765625
10.511089743589745 10.53085576923077 1.5775259717355663 1.5783781888563078 0.0009765625
10.53085576923077 10.550621794871796 1.5772744665947589 1.5781259717355665 0.0009765625
10.550621794871796 10.570387820512822 1.5770236700024547 1.5778744665947591 0.0009765625
10.570387820512822 10.590153846153846 1.5767735785508221 1.5776236700024548 0.0009765625
10.590153846153846 10.609919871794872 1.5765241888554036 1.5773735785508223 0.0009765625
10.609919871794872 10.629685897435898 1.5762754975548723 1.5771241888554037 0.0009765625
10.629685897435898 10.649451923076924 1.576027501310878 1.5768754975548724 0.0009765625
10.649451923076924 10.66921794871795 1.5757801968078262 1.5766275013108781 0.0009765625
10.66921794871795 10.688983974358976 1.5755335807526469 1.5763801968078264 0.0009765625
10.688983974358976 10.708750000000002 1.5752876498746391 1.5761335807526471 0.0009765625
10.708750000000002 10.728516025641026 1.5750424009252357 1.5758876498746393 0.0009765625
10.728516025641026 10.748282051282052 1.5747978306778507 1.5756424009252359 0.0009765625
10.748282051282052 10.768048076923078 1.5745539359276441 1.5753978306778509 0.0009765625
10.768048076923078 10.787814102564104 1.5743107134913414 1.5751539359276443 0.0009765625
10.787814102564104 10.80758012820513 1.5740681602070754 1.5749107134913416 0.0009765625
10.80758012820513 10.827346153846156 1.5738262729341521 1.5746681602070756 0.0009765625
10.827346153846156 10.84711217948718 1.5735850485529095 1.5744262729341523 0.0009765625
10.84711217948718 10.866878205128206 1.5733444839644992 1.5741850485529096 0.0009765625
10.866878205128206 10.886644230769232 1.5731045760907258 1.5739444839644994 0.0009765625
10.886644230769232 10.906410256410258 1.5728653218738753 1.573704576090726 0.0009765625
10.906410256410258 10.926176282051284 1.5726267182758253 1.5734653218731902 0.0009765625
10.926176282051284 10.945942307692309 1.5723887622813146 1.5732267182765085 0.0009765625
10.945942307692309 10.965708333333334 1.5721514508909247 1.5729887622813148 0.0009765625
10.965708333333334 10.98547435897436 1.5719147811277305 1.5727514508909248 0.0009765625
10.98547435897436 11.005240384615385 1.5716787500337606 1.5725147811277307 0.0009765625
11.005240384615385 11.025006410256411 1.5714433546704449 1.5722787500337607 0.0009765625
11.025006410256411 11.044772435897437 1.5712085921184753 1.5720433546704451 0.0009765625
11.044772435897437 11.064538461538463 1.5709744594776984 1.5718085921184755 0.0009765625
11.064538461538463 11.084304487179487 1.570740953866854 1.5715744594776986 0.0009765625
11.084304487179487 11.104070512820513 1.5705080724234859 1.5713409538668541 0.0009765625
11.104070512820513 11.123836538461539 1.5702758123037581 1.571108072423486 0.0009765625
11.123836538461539 11.143602564102565 1.570044170682293 1.5708758123037583 0.0009765625
11.143602564102565 11.163368589743591 1.5698131447520269 1.5706441706822931 0.0009765625
11.163368589743591 11.183134615384617 1.5695827317240505 1.5704131447520271 0.0009765625
11.183134615384617 11.202900641025641 1.569352928827467 1.5701827317240507 0.0009765625
11.202900641025641 11.222666666666667 1.5691237333091861 1.5699529288274672 0.0009765625
11.222666666666667 11.242432692307693 1.5688951424338782 1.5697237333091862 0.0009765625
11.242432692307693 11.262198717948719 1.5686671534837375 1.5694951424338783 0.0009765625
11.262198717948719 11.281964743589745 1.5684397637583611 1.5692671534837377 0.0009765625
11.281964743589745 11.301730769230769 1.5682129705746184 1.5690397637583613 0.0009765625
11.301730769230769 11.321496794871795 1.5679867712664892 1.5688129705746185 0.0009765625
11.321496794871795 11.341262820512821 1.5677611631849402 1.5685867712664894 0.0009765625
11.341262820512821 11.361028846153847 1.5675361436977595 1.5683611631849403 0.0009765625
11.361028846153847 11.380794871794873 1.5673117101894356 1.5681361436977597 0.0009765625
11.380794871794873 11.400560897435899 1.5670878600610287 1.5679117101894358 0.0009765625
11.400560897435899 11.420326923076923 1.5668645907300103 1.5676878600610289 0.0009765625
11.420326923076923 11.440092948717949 1.5666418996301317 1.5674645907300104 0.0009765625
11.440092948717949 11.459858974358974 1.5664197842113226 1.5672418996301318 0.0009765625
11.459858974358974 11.479625 1.5661982419395197 1.5670197842113227 0.0009765625
11.479625 11.499391025641026 1.5659772702965404 1.5667982419395199 0.0009765625
11.499391025641026 11.519157051282052 1.5657568667799764 1.5665772702965406 0.0009765625
11.519157051282052 11.538923076923076 1.5655370289030512 1.5663568667799765 0.0009765625
11.538923076923076 11.558689102564102 1.5653177541944963 1.5661370289030514 0.0009765625
11.558689102564102 11.578455128205128 1.5650990401984215 1.5659177541944964 0.0009765625
11.578455128205128 11.598221153846154 1.5648808844741904 1.5656990401984217 0.0009765625
11.598221153846154 11.61798717948718 1.5646632845962953 1.5654808844741905 0.0009765625
11.61798717948718 11.637753205128206 1.564446238154251 1.5652632845962955 0.0009765625
11.637753205128206 11.65751923076923 1.5642297427524445 1.5650462381542511 0.0009765625
11.65751923076923 11.677285256410256 1.5640137960100629 1.5648297427524447 0.0009765625
11.677285256410256 11.697051282051282 1.5637983955609165 1.564613796010063 0.0009765625
11.697051282051282 11.716817307692308 1.5635835390526751 1.5643983955602321 0.0009765625
11.716817307692308 11.736583333333334 1.5633692241501613 1.5641835390533558 0.0009765625
11.736583333333334 11.75634935897436 1.5631554485284043 1.5639692241501615 0.0009765625
11.75634935897436 11.776115384615384 1.5629422098793646 1.5637554485284044 0.0009765625
11.776115384615384 11.79588141025641 1.5627295059083648 1.5635422098793648 0.0009765625
11.79588141025641 11.815647435897436 1.5625173343347365 1.5633295059083649 0.0009765625
11.815647435897436 11.835413461538462 1.5623056928916346 1.5631173343347367 0.0009765625
11.835413461538462 11.855179487179488 1.5620945793259704 1.5629056928916347 0.0009765625
11.855179487179488 11.874945512820513 1.561883991398294 1.5626945793259706 0.0009765625
11.874945512820513 11.894711538461539 1.5616739268826778 1.5624839913982942 0.0009765625
11.894711538461539 11.914477564102564 1.5614643835666211 1.562273926882678 0.0009765625
11.914477564102564 11.934243589743589 1.5612553592509559 1.5620643835666213 0.0009765625
11.934243589743589 11.954009615384615 1.5610468517497047 1.5618553592509561 0.0009765625
11.954009615384615 11.973775641025641 1.5608388588900111 1.5616468517497049 0.0009765625
11.973775641025641 11.993541666666667 1.5606313785120416 1.5614388588900112 0.0009765625
11.993541666666667 12.013307692307693 1.5604244084688401 1.5612313785120417 0.0009765625
12.013307692307693 12.033073717948717 1.5602179466262818 1.5610244084688403 0.0009765625
12.033073717948717 12.052839743589743 1.5600119908629482 1.5608179466262819 0.0009765625
12.052839743589743 12.072605769230769 1.5598065390700127 1.5606119908629483 0.0009765625
12.072605769230769 12.092371794871795 1.5596015891511856 1.5604065390700128 0.0009765625
12.092371794871795 12.112137820512821 1.5593971390225707 1.5602015891511858 0.0009765625
12.112137820512821 12.131903846153847 1.5591931866125996 1.5599971390225709 0.0009765625
12.131903846153847 12.151669871794873 1.5589897298619286 1.5597931866125998 0.0009765625
12.151669871794873 12.171435897435897 1.5587867667233453 1.5595897298619288 0.0009765625
12.171435897435897 12.191201923076923 1.5585842951616933 1.5593867667233454 0.0009765625
12.191201923076923 12.210967948717949 1.5583823131537256 1.5591842951616934 0.0009765625
12.210967948717949 12.230733974358975 1.5581808186880894 1.5589823131537257 0.0009765625
12.230733974358975 12.250500000000001 1.5579798097651658 1.5587808186880896 0.0009765625
12.250500000000001 12.270266025641027 1.5577792843970246 1.558579809765166 0.0009765625
12.270266025641027 12.290032051282051 1.5575792406073292 1.5583792843970248 0.0009765625
12.290032051282051 12.309798076923077 1.557379676431234 1.5581792406073294 0.0009765625
12.309798076923077 12.329564102564103 1.5571805899152877 1.5579796764312341 0.0009765625
12.329564102564103 12.349330128205128 1.5569819791174218 1.5577805899152879 0.0009765625
12.349330128205128 12.369096153846154 1.5567838421067297 1.5575819791174219 0.0009765625
12.369096153846154 12.38886217948718 1.5565861769635376 1.5573838421067299 0.0009765625
12.38886217948718 12.408628205128206 1.5563889817791821 1.5571861769635378 0.0009765625
12.408628205128206 12.42839423076923 1.5561922546560227 1.5569889817791822 0.0009765625
12.42839423076923 12.448160256410256 1.5559959937073176 1.5567922546560229 0.0009765625
12.448160256410256 12.467926282051282 1.5558001970571531 1.5565959937073177 0.0009765625
12.467926282051282 12.487692307692308 1.5556048628403525 1.5564001970571533 0.0009765625
12.487692307692308 12.507458333333334 1.555409989201739 1.5562048628396765 0.0009765625
12.507458333333334 12.52722435897436 1.5552155742994165 1.5560099892024215 0.0009765625
12.52722435897436 12.546990384615386 1.555021616297938 1.5558155742994166 0.0009765625
12.546990384615386 12.56675641025641 1.5548281133749962 1.5556216162979382 0.0009765625
12.56675641025641 12.586522435897436 1.5546350637179589 1.5554281133749963 0.0009765625
12.586522435897436 12.606288461538462 1.5544424655244649 1.5552350637179591 0.0009765625
12.606288461538462 12.626054487179488 1.5542503170023658 1.555042465524465 0.0009765625
12.626054487179488 12.645820512820514 1.5540586163696177 1.554850317002366 0.0009765625
12.645820512820514 12.66558653846154 1.553867361854238 1.5546586163696179 0.0009765625
12.66558653846154 12.685352564102566 1.5536765516942217 1.5544673618542382 0.0009765625
12.685352564102566 12.70511858974359 1.5534861841374614 1.5542765516942219 0.0009765625
12.70511858974359 12.724884615384616 1.5532962574416951 1.5540861841374616 0.0009765625
12.724884615384616 12.744650641025641 1.5531067698744117 1.5538962574416952 0.0009765625
12.744650641025641 12.764416666666667 1.5529177197127748 1.5537067698744118 0.0009765625
12.764416666666667 12.784182692307693 1.5527291052435861 1.553517719712775 0.0009765625
12.784182692307693 12.803948717948719 1.5525409247631878 1.5533291052435863 0.0009765625
12.803948717948719 12.823714743589743 1.5523531765774052 1.553140924763188 0.0009765625
12.823714743589743 12.843480769230769 1.5521658590014653 1.5529531765774054 0.0009765625
12.843480769230769 12.863246794871795 1.5519789703599494 1.5527658590014655 0.0009765625
12.863246794871795 12.883012820512821 1.5517925089867066 1.5525789703599495 0.0009765625
12.883012820512821 12.902778846153847 1.5516064732247976 1.5523925089867068 0.0009765625
12.902778846153847 12.922544871794873 1.5514208614264162 1.5522064732247978 0.0009765625
12.922544871794873 12.942310897435899 1.5512356719528555 1.5520208614264164 0.0009765625
12.942310897435899 12.962076923076923 1.5510509031743849 1.5518356719528557 0.0009765625
12.962076923076923 12.981842948717949 1.5508665534702604 1.551650903174385 0.0009765625
12.981842948717949 13.001608974358975 1.5506826212286007 1.5514665534702605 0.0009765625
13.001608974358975 13.021375000000001 1.550499104846341 1.5512826212286008 0.0009765625
13.021375000000001 13.041141025641027 1.5503160027291838 1.5510991048463412 0.0009765625
13.041141025641027 13.060907051282053 1.5501333132915223 1.550916002729184 0.0009765625
13.060907051282053 13.080673076923077 1.5499510349563874 1.5507333132915224 0.0009765625
13.080673076923077 13.100439102564103 1.5497691661553801 1.5505510349563876 0.0009765625
13.100439102564103 13.120205128205129 1.5495877053286176 1.5503691661553802 0.0009765625
13.120205128205129 13.139971153846155 1.5494066509246547 1.5501877053286177 0.0009765625
13.139971153846155 13.15973717948718 1.5492260014004549 1.5500066509246548 0.0009765625
13.15973717948718 13.179503205128206 1.5490457552213046 1.549826001400455 0.0009765625
13.179503205128206 13.199269230769232 1.5488659108607805 1.5496457552213048 0.0009765625
13.199269230769232 13.219035256410256 1.5486864668006604 1.5494659108607807 0.0009765625
13.219035256410256 13.238801282051282 1.5485074215308818 1.5492864668006605 0.0009765625
13.238801282051282 13.258567307692308 1.5483287735494906 1.549107421530882 0.0009765625
13.258567307692308 13.278333333333334 1.5481505213625888 1.5489287735494908 0.0009765625
13.278333333333334 13.29809935897436 1.5479726634835631 1.548750521361909 0.0009765625
13.29809935897436 13.317865384615386 1.5477951984364695 1.5485726634842385 0.0009765625
13.317865384615386 13.33763141025641 1.5476181247491816 1.5483951984364697 0.0009765625
13.33763141025641 13.357397435897436 1.5474414409600803 1.5482181247491817 0.0009765625
13.357397435897436 13.377163461538462 1.54726514561466 1.5480414409600805 0.0009765625
13.377163461538462 13.396929487179488 1.5470892372661331 1.5478651456146602 0.0009765625
13.396929487179488 13.416695512820514 1.5469137144753677 1.5476892372661333 0.0009765625
13.416695512820514 13.43646153846154 1.546738575810843 1.5475137144753679 0.0009765625
13.43646153846154 13.456227564102564 1.5465638198486076 1.5473385758108431 0.0009765625
13.456227564102564 13.47599358974359 1.5463894451721993 1.5471638198486077 0.0009765625
13.47599358974359 13.495759615384616 1.5462154503726258 1.5469894451721995 0.0009765625
13.495759615384616 13.515525641025642 1.5460418340482971 1.5468154503726259 0.0009765625
13.515525641025642 13.535291666666668 1.54586859480497 1.5466418340482972 0.0009765625
13.535291666666668 13.555057692307694 1.5456957312557176 1.5464685948049701 0.0009765625
13.555057692307694 13.574823717948718 1.5455232420208491 1.5462957312557177 0.0009765625
13.574823717948718 13.594589743589744 1.5453511257278891 1.5461232420208493 0.0009765625
13.594589743589744 13.61435576923077 1.5451793810115293 1.5459511257278893 0.0009765625
13.61435576923077 13.634121794871795 1.5450080065135381 1.5457793810115295 0.0009765625
13.634121794871795 13.653887820512821 1.5448370008827732 1.5456080065135382 0.0009765625
13.653887820512821 13.673653846153847 1.5446663627750949 1.5454370008827734 0.0009765625
13.673653846153847 13.693419871794871 1.5444960908533103 1.5452663627750951 0.0009765625
13.693419871794871 13.713185897435897 1.5443261837871736 1.5450960908533105 0.0009765625
13.713185897435897 13.732951923076923 1.5441566402532863 1.5449261837871737 0.0009765625
13.732951923076923 13.752717948717949 1.5439874589350837 1.5447566402532864 0.0009765625
13.752717948717949 13.772483974358975 1.543818638522781 1.5445874589350839 0.0009765625
13.772483974358975 13.792249999999999 1.5436501777133316 1.5444186385227812 0.0009765625
13.792249999999999 13.812016025641025 1.5434820752103566 1.5442501777133317 0.0009765625
13.812016025641025 13.831782051282051 1.5433143297241494 1.5440820752103568 0.0009765625
13.831782051282051 13.851548076923077 1.5431469399715874 1.5439143297241495 0.0009765625
13.851548076923077 13.871314102564103 1.5429799046761012 1.5437469399715875 0.0009765625
13.871314102564103 13.891080128205129 1.5428132225676425 1.5435799046761014 0.0009765625
13.891080128205129 13.910846153846153 1.5426468923826187 1.5434132225676427 0.0009765625
13.910846153846153 13.930612179487179 1.5424809128638888 1.5432468923826188 0.0009765625
13.930612179487179 13.950378205128205 1.5423152827606736 1.5430809128638889 0.0009765625
13.950378205128205 13.970144230769231 1.5421500008285391 1.5429152827606738 0.0009765625
13.970144230769231 13.989910256410257 1.5419850658293617 1.5427500008285393 0.0009765625
13.989910256410257 14.009676282051281 1.5418204765312638 1.5425850658293618 0.0009765625
14.009676282051281 14.029442307692307 1.5416562317085887 1.5424204765312639 0.0009765625
14.029442307692307 14.049208333333333 1.5414923301418673 1.5422562317085888 0.0009765625
14.049208333333333 14.068974358974359 1.5413287706177485 1.5420923301418674 0.0009765625
14.068974358974359 14.088740384615384 1.5411655519283147 1.5419287706170748 0.0009765625
14.088740384615384 14.10850641025641 1.541002672874402 1.541765551928991 0.0009765625
14.10850641025641 14.128272435897436 1.5408401322588134 1.5416026728744021 0.0009765625
14.128272435897436 14.14803846153846 1.540677928893025 1.5414401322588136 0.0009765625
14.14803846153846 14.167804487179486 1.5405160615937885 1.5412779288930252 0.0009765625
14.167804487179486 14.187570512820512 1.5403545291837459 1.5411160615937887 0.0009765625
14.187570512820512 14.207336538461538 1.54019333049139 1.5409545291837461 0.0009765625
14.207336538461538 14.227102564102564 1.5400324643510721 1.5407933304913901 0.0009765625
14.227102564102564 14.24686858974359 1.5398719296028975 1.5406324643510723 0.0009765625
14.24686858974359 14.266634615384614 1.5397117250927244 1.5404719296028977 0.0009765625
14.266634615384614 14.28640064102564 1.5395518496721503 1.5403117250927245 0.0009765625
14.28640064102564 14.306166666666666 1.5393923021984173 1.5401518496721505 0.0009765625
14.306166666666666 14.325932692307692 1.5392330815344166 1.5399923021984174 0.0009765625
14.325932692307692 14.345698717948718 1.5390741865486459 1.5398330815344168 0.0009765625
14.345698717948718 14.365464743589744 1.5389156161151718 1.5396741865486461 0.0009765625
14.365464743589744 14.38523076923077 1.5387573691135805 1.539515616115172 0.0009765625
14.38523076923077 14.404996794871794 1.5385994444289741 1.5393573691135807 0.0009765625
14.404996794871794 14.42476282051282 1.5384418409518852 1.5391994444289743 0.0009765625
14.42476282051282 14.444528846153846 1.5382845575783068 1.5390418409518853 0.0009765625
14.444528846153846 14.464294871794872 1.5381275932096019 1.538884557578307 0.0009765625
14.464294871794872 14.484060897435898 1.5379709467524929 1.5387275932096021 0.0009765625
14.484060897435898 14.503826923076923 1.5378146171190357 1.5385709467524931 0.0009765625
14.503826923076923 14.523592948717949 1.5376586032265742 1.5384146171190358 0.0009765625
14.523592948717949 14.543358974358974 1.5375029039976982 1.5382586032265744 0.0009765625
14.543358974358974 14.563124999999999 1.5373475183602274 1.5381029039976983 0.0009765625
14.563124999999999 14.582891025641025 1.5371924452471755 1.5379475183602276 0.0009765625
14.582891025641025 14.602657051282051 1.5370376835967086 1.5377924452471756 0.0009765625
14.602657051282051 14.622423076923077 1.5368832323521251 1.5376376835967087 0.0009765625
14.622423076923077 14.642189102564103 1.5367290904618081 1.5374832323521253 0.0009765625
14.642189102564103 14.661955128205129 1.5365752568792106 1.5373290904618082 0.0009765625
14.661955128205129 14.681721153846153 1.5364217305628032 1.5371752568792107 0.0009765625
14.681721153846153 14.701487179487179 1.5362685104760712 1.5370217305628033 0.0009765625
14.701487179487179 14.721253205128205 1.5361155955874553 1.5368685104760713 0.0009765625
14.721253205128205 14.741019230769231 1.5359629848703289 1.5367155955874554 0.0009765625
14.741019230769231 14.760785256410257 1.5358106773029871 1.5365629848703291 0.0009765625
14.760785256410257 14.780551282051283 1.5356586718685963 1.5364106773029873 0.0009765625
14.780551282051283 14.800317307692307 1.5355069675551403 1.5362586718685964 0.0009765625
14.800317307692307 14.820083333333333 1.5353555633554621 1.5361069675551404 0.0009765625
14.820083333333333 14.839849358974359 1.5352044582671571 1.5359555633554622 0.0009765625
14.839849358974359 14.859615384615385 1.5350536512925905 1.5358044582671573 0.0009765625
14.859615384615385 14.879381410256411 1.5349031414381715 1.5356536512919152 0.0009765625
14.879381410256411 14.899147435897437 1.5347529277177105 1.5355031414388483 0.0009765625
14.899147435897437 14.918913461538462 1.5346030091456409 1.5353529277177107 0.0009765625
14.918913461538462 14.938679487179487 1.5344533847437274 1.535203009145641 0.0009765625
14.938679487179487 14.958445512820512 1.5343040535376757 1.5350533847437275 0.0009765625
14.958445512820512 14.978211538461538 1.5341550145577718 1.5349040535376759 0.0009765625
14.978211538461538 14.997977564102564 1.5340062668388637 1.534755014557772 0.0009765625
14.997977564102564 15.01774358974359 1.5338578094203115 1.5346062668388638 0.0009765625
15.01774358974359 15.037509615384616 1.5337096413459972 1.5344578094203116 0.0009765625
15.037509615384616 15.05727564102564 1.5335617616642541 1.5343096413459973 0.0009765625
15.05727564102564 15.077041666666666 1.5334141694278662 1.5341617616642542 0.0009765625
15.077041666666666 15.096807692307692 1.5332668636940505 1.5340141694278664 0.0009765625
15.096807692307692 15.116573717948718 1.533119843524392 1.5338668636940507 0.0009765625
15.116573717948718 15.136339743589744 1.5329731079848667 1.5337198435243922 0.0009765625
15.136339743589744 15.15610576923077 1.5328266561457544 1.5335731079848669 0.0009765625
15.15610576923077 15.175871794871796 1.532680487081679 1.5334266561457546 0.0009765625
15.175871794871796 15.19563782051282 1.5325345998715458 1.5332804870816792 0.0009765625
15.19563782051282 15.215403846153846 1.532388993598498 1.533134599871546 0.0009765625
15.215403846153846 15.235169871794872 1.5322436673499411 1.5329889935984982 0.0009765625
15.235169871794872 15.254935897435898 1.5320986202174791 1.5328436673499413 0.0009765625
15.254935897435898 15.274701923076924 1.5319538512968875 1.5326986202174793 0.0009765625
15.274701923076924 15.29446794871795 1.5318093596881286 1.5325538512968877 0.0009765625
15.29446794871795 15.314233974358975 1.5316651444952696 1.5324093596881287 0.0009765625
15.314233974358975 15.334 1.5315212048265081 1.5322651444952697 0.0009765625
15.334 15.353766025641026 1.5313775397941247 1.5321212048265083 0.0009765625
15.353766025641026 15.373532051282051 1.5312341485144529 1.5319775397941249 0.0009765625
15.373532051282051 15.393298076923077 1.5310910301078617 1.5318341485144531 0.0009765625
15.393298076923077 15.413064102564103 1.5309481836987477 1.5316910301078619 0.0009765625
15.413064102564103 15.432830128205129 1.5308056084154755 1.5315481836987479 0.0009765625
15.432830128205129 15.452596153846155 1.530663303390394 1.5314056084154757 0.0009765625
15.452596153846155 15.472362179487179 1.5305212677597906 1.5312633033903942 0.0009765625
15.472362179487179 15.492128205128205 1.5303795006638585 1.5311212677597907 0.0009765625
15.492128205128205 15.511894230769231 1.5302380012466916 1.5309795006638587 0.0009765625
15.511894230769231 15.531660256410257 1.530096768656273 1.5308380012466918 0.0009765625
15.531660256410257 15.551426282051283 1.5299558020444177 1.5306967686562731 0.0009765625
15.551426282051283 15.571192307692309 1.5298151005667795 1.5305558020444179 0.0009765625
15.571192307692309 15.590958333333333 1.5296746633828033 1.5304151005667797 0.0009765625
15.590958333333333 15.610724358974359 1.5295344896557226 1.5302746633828035 0.0009765625
15.610724358974359 15.630490384615385 1.5293945785525478 1.5301344896557227 0.0009765625
15.630490384615385 15.650256410256411 1.5292549292440003 1.5299945785525479 0.0009765625
15.650256410256411 15.670022435897437 1.5291155409038628 1.5298549292433268 0.0009765625
15.670022435897437 15.689788461538463 1.5289764127122965 1.5297155409045347 0.0009765625
15.689788461538463 15.709554487179489 1.5288375438491213 1.5295764127122966 0.0009765625
15.709554487179489 15.729320512820513 1.5286989335004642 1.5294375438491215 0.0009765625
15.729320512820513 15.749086538461539 1.5285605808554354 1.5292989335004643 0.0009765625
15.749086538461539 15.768852564102565 1.5284224851067492 1.5291605808554356 0.0009765625
15.768852564102565 15.78861858974359 1.5282846454507117 1.5290224851067493 0.0009765625
15.78861858974359 15.808384615384616 1.528147061087199 1.5288846454507119 0.0009765625
15.808384615384616 15.828150641025642 1.5280097312196179 1.5287470610871992 0.0009765625
15.828150641025642 15.847916666666666 1.5278726550549326 1.5286097312196181 0.0009765625
15.847916666666666 15.867682692307692 1.5277358318035865 1.5284726550549328 0.0009765625
15.867682692307692 15.887448717948718 1.5275992606795263 1.5283358318035867 0.0009765625
15.887448717948718 15.907214743589744 1.5274629409001608 1.5281992606795265 0.0009765625
15.907214743589744 15.92698076923077 1.5273268716863579 1.5280629409001609 0.0009765625
15.92698076923077 15.946746794871796 1.5271910522623904 1.5279268716863581 0.0009765625
15.946746794871796 15.966512820512822 1.5270554818559499 1.5277910522623905 0.0009765625
15.966512820512822 15.986278846153846 1.526920159698121 1.52765548185595 0.0009765625
15.986278846153846 16.006044871794874 1.5267850850233589 1.5275201596981212 0.0009765625
16.006044871794874 16.0258108974359 1.5266502570694549 1.527385085023359 0.0009765625
16.0258108974359 16.045576923076922 1.5265156750775446 1.5272502570694551 0.0009765625
16.045576923076922 16.065342948717948 1.526381338292081 1.5271156750775448 0.0009765625
16.065342948717948 16.085108974358974 1.5262472459607845 1.5269813382920812 0.0009765625
16.085108974358974 16.104875 1.526113397334677 1.5268472459607847 0.0009765625
16.104875 16.124641025641026 1.5259797916680282 1.5267133973346771 0.0009765625
16.124641025641026 16.144407051282052 1.5258464282183413 1.5265797916680284 0.0009765625
16.144407051282052 16.164173076923078 1.5257133062463357 1.5264464282183414 0.0009765625
16.164173076923078 16.183939102564104 1.5255804250159484 1.5263133062463359 0.0009765625
16.183939102564104 16.203705128205129 1.5254477837942821 1.5261804250159485 0.0009765625
16.203705128205129 16.223471153846155 1.5253153818516156 1.5260477837942823 0.0009765625
16.223471153846155 16.243237179487181 1.5251832184613674 1.5259153818516158 0.0009765625
16.243237179487181 16.263003205128207 1.525051292900109 1.5257832184613676 0.0009765625
16.263003205128207 16.282769230769233 1.5249196044474878 1.5256512929001091 0.0009765625
16.282769230769233 16.302535256410259 1.5247881523862672 1.5255196044474879 0.0009765625
16.302535256410259 16.322301282051281 1.5246569360022966 1.5253881523862673 0.0009765625
16.322301282051281 16.342067307692307 1.5245259545844758 1.5252569360022967 0.0009765625
16.342067307692307 16.361833333333333 1.5243952074247409 1.525125954584476 0.0009765625
16.361833333333333 16.381599358974359 1.5242646938180724 1.524995207424741 0.0009765625
16.381599358974359 16.401365384615385 1.5241344130624439 1.5248646938180725 0.0009765625
16.401365384615385 16.421131410256411 1.5240043644588361 1.5247344130624441 0.0009765625
16.421131410256411 16.440897435897437 1.5238745473111956 1.5246043644588363 0.0009765625
16.440897435897437 16.460663461538463 1.5237449609257709 1.524474547310523 0.0009765625
16.460663461538463 16.480429487179489 1.5236156046144214 1.5243449609264341 0.0009765625
16.480429487179489 16.500195512820515 1.5234864776879298 1.5242156046144215 0.0009765625
16.500195512820515 16.519961538461541 1.5233575794626495 1.5240864776879299 0.0009765625
16.519961538461541 16.539727564102567 1.5232289092571811 1.5239575794626496 0.0009765625
16.539727564102567 16.559493589743592 1.5231004663930017 1.5238289092571813 0.0009765625
16.559493589743592 16.579259615384615 1.5229722501944296 1.5237004663930018 0.0009765625
16.579259615384615 16.599025641025641 1.522844259988658 1.5235722501944298 0.0009765625
16.599025641025641 16.618791666666667 1.5227164951057033 1.5234442599886582 0.0009765625
16.618791666666667 16.638557692307693 1.5225889548783933 1.5233164951057034 0.0009765625
16.638557692307693 16.658323717948718 1.5224616386423651 1.5231889548783935 0.0009765625
16.658323717948718 16.678089743589744 1.5223345457360473 1.5230616386423652 0.0009765625
16.678089743589744 16.69785576923077 1.5222076755006253 1.5229345457360475 0.0009765625
16.69785576923077 16.717621794871796 1.5220810272800467 1.5228076755006255 0.0009765625
16.717621794871796 16.737387820512822 1.5219546004210065 1.5226810272800468 0.0009765625
16.737387820512822 16.757153846153848 1.5218283942729207 1.5225546004210067 0.0009765625
16.757153846153848 16.776919871794874 1.5217024081879187 1.5224283942729209 0.0009765625
16.776919871794874 16.7966858974359 1.5215766415208176 1.5223024081879188 0.0009765625
16.7966858974359 16.816451923076926 1.5214510936291337 1.5221766415208178 0.0009765625
16.816451923076926 16.836217948717952 1.5213257638730528 1.5220510936291338 0.0009765625
16.836217948717952 16.855983974358974 1.5212006516153751 1.521925763873053 0.0009765625
16.855983974358974 16.87575 1.5210757562215937 1.5218006516153753 0.0009765625
16.87575 16.895516025641026 1.5209510770597974 1.5216757562215939 0.0009765625
16.895516025641026 16.915282051282052 1.5208266135006778 1.5215510770597975 0.0009765625
16.915282051282052 16.935048076923078 1.5207023649175546 1.521426613500678 0.0009765625
16.935048076923078 16.954814102564104 1.5205783306862983 1.5213023649175548 0.0009765625
16.954814102564104 16.97458012820513 1.5204545101853755 1.5211783306862985 0.0009765625
16.97458012820513 16.994346153846156 1.5203309027957872 1.5210545101853756 0.0009765625
16.994346153846156 17.014112179487181 1.5202075079010859 1.5209309027957874 0.0009765625
17.014112179487181 17.033878205128207 1.5200843248873559 1.5208075079010861 0.0009765625
17.033878205128207 17.053644230769233 1.5199613531431833 1.5206843248873561 0.0009765625
17.053644230769233 17.073410256410259 1.5198385920596673 1.5205613531431834 0.0009765625
17.073410256410259 17.093176282051285 1.5197160410303987 1.5204385920596675 0.0009765625
17.093176282051285 17.112942307692308 1.5195936994514281 1.5203160410303989 0.0009765625
17.112942307692308 17.132708333333333 1.5194715667212784 1.5201936994514282 0.0009765625
17.132708333333333 17.152474358974359 1.5193496422409103 1.5200715667212785 0.0009765625
17.152474358974359 17.172240384615385 1.5192279254137542 1.5199496422409104 0.0009765625
17.172240384615385 17.192006410256411 1.5191064156456107 1.5198279254137543 0.0009765625
17.192006410256411 17.211772435897437 1.5189851123447378 1.5197064156456108 0.0009765625
17.211772435897437 17.231538461538463 1.5188640149217683 1.5195851123447379 0.0009765625
17.231538461538463 17.251304487179489 1.5187431227890469 1.5194640149210958 0.0009765625
17.251304487179489 17.271070512820515 1.5186224353639859 1.5193431227897194 0.0009765625
17.271070512820515 17.290836538461541 1.5185019520623253 1.519222435363986 0.0009765625
17.290836538461541 17.310602564102567 1.5183816723048311 1.5191019520623255 0.0009765625
17.310602564102567 17.330368589743593 1.5182615955139527 1.5189816723048313 0.0009765625
17.330368589743593 17.350134615384615 1.5181417211144461 1.5188615955139528 0.0009765625
17.350134615384615 17.369900641025641 1.5180220485333742 1.5187417211144463 0.0009765625
17.369900641025641 17.389666666666667 1.5179025772001136 1.5186220485333743 0.0009765625
17.389666666666667 17.409432692307693 1.5177833065463162 1.5185025772001137 0.0009765625
17.409432692307693 17.429198717948719 1.5176642360059236 1.5183833065463164 0.0009765625
17.429198717948719 17.448964743589745 1.5175453650151303 1.5182642360059238 0.0009765625
17.448964743589745 17.468730769230771 1.5174266930123754 1.5181453650151304 0.0009765625
17.468730769230771 17.488496794871796 1.5173082194383503 1.5180266930123756 0.0009765625
17.488496794871796 17.508262820512822 1.5171899437359624 1.5179082194383504 0.0009765625
17.508262820512822 17.528028846153845 1.5170718653503532 1.5177899437359625 0.0009765625
17.528028846153845 17.547794871794871 1.5169539837288624 1.5176718653503534 0.0009765625
17.547794871794871 17.567560897435897 1.51683629832101 1.5175539837288625 0.0009765625
17.567560897435897 17.587326923076922 1.516718808578515 1.5174362983210101 0.0009765625
17.587326923076922 17.607092948717948 1.5166015139552682 1.5173188085785152 0.0009765625
17.607092948717948 17.626858974358974 1.516484413907301 1.5172015139552684 0.0009765625
17.626858974358974 17.646625 1.5163675078928187 1.5170844139073012 0.0009765625
17.646625 17.666391025641026 1.5162507953721465 1.5169675078928189 0.0009765625
17.666391025641026 17.686157051282052 1.5161342758077503 1.5168507953721466 0.0009765625
17.686157051282052 17.705923076923078 1.516017948664202 1.5167342758077504 0.0009765625
17.705923076923078 17.725689102564104 1.5159018134081881 1.5166179486642022 0.0009765625
17.725689102564104 17.745455128205126 1.5157858695084749 1.5165018134081882 0.0009765625
17.745455128205126 17.765221153846152 1.5156701164359327 1.5163858695084751 0.0009765625
17.765221153846152 17.784987179487178 1.5155545536634909 1.5162701164359329 0.0009765625
17.784987179487178 17.804753205128204 1.5154391806661349 1.5161545536634911 0.0009765625
17.804753205128204 17.82451923076923 1.5153239969209353 1.5160391806661351 0.0009765625
17.82451923076923 17.844285256410256 1.5152090019069639 1.5159239969209355 0.0009765625
17.844285256410256 17.864051282051282 1.5150941951053496 1.5158090019069641 0.0009765625
17.864051282051282 17.883817307692308 1.5149795759992322 1.5156941951053498 0.0009765625
17.883817307692308 17.903583333333334 1.5148651440737781 1.5155795759992323 0.0009765625
17.903583333333334 17.923349358974356 1.5147508988161336 1.5154651440737783 0.0009765625
17.923349358974356 17.943115384615382 1.5146368397154435 1.5153508988161337 0.0009765625
17.943115384615382 17.962881410256408 1.5145229662628359 1.5152368397154437 0.0009765625
17.962881410256408 17.982647435897434 1.5144092779514173 1.515122966262836 0.0009765625
17.982647435897434 18.00241346153846 1.5142957742762397 1.5150092779514175 0.0009765625
18.00241346153846 18.022179487179486 1.5141824547343115 1.5148957742762399 0.0009765625
18.022179487179486 18.041945512820512 1.5140693188239236 1.5147824547336468 0.0009765625
18.041945512820512 18.061711538461537 1.5139563660479582 1.514669318824589 0.0009765625
18.061711538461537 18.081477564102563 1.5138435959072194 1.5145563660479584 0.0009765625
18.081477564102563 18.101243589743589 1.5137310079070923 1.5144435959072196 0.0009765625
18.101243589743589 18.121009615384615 1.5136186015541924 1.5143310079070924 0.0009765625
18.121009615384615 18.140775641025641 1.5135063763570398 1.5142186015541925 0.0009765625
18.140775641025641 18.160541666666667 1.5133943318260374 1.5141063763570399 0.0009765625
18.160541666666667 18.180307692307693 1.5132824674734373 1.5139943318260376 0.0009765625
18.180307692307693 18.200073717948719 1.5131707828133969 1.5138824674734375 0.0009765625
18.200073717948719 18.219839743589745 1.5130592773619065 1.5137707828133971 0.0009765625
18.219839743589745 18.239605769230767 1.5129479506367993 1.5136592773619066 0.0009765625
18.239605769230767 18.259371794871793 1.5128368021577605 1.5135479506367995 0.0009765625
18.259371794871793 18.279137820512819 1.5127258314462877 1.5134368021577607 0.0009765625
18.279137820512819 18.298903846153845 1.5126150380257055 1.5133258314462879 0.0009765625
18.298903846153845 18.318669871794871 1.5125044214211656 1.5132150380257057 0.0009765625
18.318669871794871 18.338435897435897 1.5123939811595934 1.5131044214211657 0.0009765625
18.338435897435897 18.358201923076923 1.512283716769723 1.5129939811595936 0.0009765625
18.358201923076923 18.377967948717949 1.5121736277820657 1.5128837167697231 0.0009765625
18.377967948717949 18.397733974358975 1.512063713728917 1.5127736277820658 0.0009765625
18.397733974358975 18.4175 1.511953974144326 1.5126637137289172 0.0009765625
18.4175 18.437266025641026 1.5118444085641174 1.5125539741443261 0.0009765625
18.437266025641026 18.457032051282052 1.511735016525841 1.5124444085641175 0.0009765625
18.457032051282052 18.476798076923078 1.5116257975688092 1.5123350165258411 0.0009765625
18.476798076923078 18.496564102564104 1.5115167512340528 1.5122257975688094 0.0009765625
18.496564102564104 18.51633012820513 1.5114078770643338 1.512116751234053 0.0009765625
18.51633012820513 18.536096153846156 1.5112991746041331 1.5120078770643339 0.0009765625
18.536096153846156 18.555862179487182 1.5111906433996198 1.5118991746041333 0.0009765625
18.555862179487182 18.575628205128208 1.5110822829986823 1.51179064339962 0.0009765625
18.575628205128208 18.595394230769234 1.5109740929508966 1.5116822829986825 0.0009765625
18.595394230769234 18.615160256410256 1.5108660728074954 1.5115740929508967 0.0009765625
18.615160256410256 18.634926282051282 1.5107582221214266 1.5114660728074956 0.0009765625
18.634926282051282 18.654692307692308 1.510650540447283 1.5113582221214268 0.0009765625
18.654692307692308 18.674458333333334 1.510543027341291 1.5112505404472831 0.0009765625
18.674458333333334 18.69422435897436 1.5104356823613743 1.5111430273412911 0.0009765625
18.69422435897436 18.713990384615386 1.5103285050670734 1.5110356823613744 0.0009765625
18.713990384615386 18.733756410256412 1.5102214950195483 1.5109285050670735 0.0009765625
18.733756410256412 18.753522435897438 1.5101146517816255 1.5108214950195484 0.0009765625
18.753522435897438 18.773288461538463 1.5100079749177096 1.5107146517816257 0.0009765625
18.773288461538463 18.793054487179489 1.5099014639938282 1.5106079749177097 0.0009765625
18.793054487179489 18.812820512820515 1.5097951185776326 1.5105014639938283 0.0009765625
18.812820512820515 18.832586538461541 1.5096889382376701 1.5103951185769671 0.0009765625
18.832586538461541 18.852352564102567 1.5095829225467683 1.5102889382383393 0.0009765625
18.852352564102567 18.872118589743593 1.5094770710753143 1.5101829225467684 0.0009765625
18.872118589743593 18.891884615384619 1.5093713833979499 1.5100770710753144 0.0009765625
18.891884615384619 18.911650641025645 1.5092658590902088 1.50997138339795 0.0009765625
18.911650641025645 18.931416666666667 1.5091604977291724 1.509865859090209 0.0009765625
18.931416666666667 18.951182692307693 1.5090552988934998 1.5097604977291725 0.0009765625
18.951182692307693 18.970948717948719 1.5089502621633624 1.5096552988934999 0.0009765625
18.970948717948719 18.990714743589745 1.5088453871204759 1.5095502621633625 0.0009765625
18.990714743589745 19.010480769230771 1.508740673348101 1.509445387120476 0.0009765625
19.010480769230771 19.030246794871797 1.5086361204309937 1.5093406733481012 0.0009765625
19.030246794871797 19.050012820512823 1.5085317279554491 1.5092361204309939 0.0009765625
19.050012820512823 19.069778846153849 1.5084274955092323 1.5091317279554493 0.0009765625
19.069778846153849 19.089544871794875 1.5083234226816586 1.5090274955092324 0.0009765625
19.089544871794875 19.109310897435897 1.5082195090634904 1.5089234226816588 0.0009765625
19.109310897435897 19.129076923076923 1.5081157542469787 1.5088195090634906 0.0009765625
19.129076923076923 19.148842948717949 1.5080121578259054 1.5087157542469789 0.0009765625
19.148842948717949 19.168608974358975 1.5079087193954568 1.5086121578259055 0.0009765625
19.168608974358975 19.188375000000001 1.507805438552313 1.5085087193954569 0.0009765625
19.188375000000001 19.208141025641027 1.5077023148946154 1.5084054385523131 0.0009765625
19.208141025641027 19.227907051282052 1.5075993480219478 1.5083023148946155 0.0009765625
19.227907051282052 19.247673076923078 1.5074965375353317 1.508199348021948 0.0009765625
19.247673076923078 19.267439102564104 1.5073938830372549 1.5080965375353319 0.0009765625
19.267439102564104 19.28720512820513 1.5072913841316058 1.507993883037255 0.0009765625
19.28720512820513 19.306971153846156 1.5071890404236969 1.5078913841316059 0.0009765625
19.306971153846156 19.326737179487179 1.5070868515202758 1.5077890404236971 0.0009765625
19.326737179487179 19.346503205128204 1.5069848170294902 1.5076868515202759 0.0009765625
19.346503205128204 19.36626923076923 1.5068829365608905 1.5075848170294903 0.0009765625
19.36626923076923 19.386035256410256 1.5067812097254338 1.5074829365608906 0.0009765625
19.386035256410256 19.405801282051282 1.5066796361354498 1.507381209725434 0.0009765625
19.405801282051282 19.425567307692308 1.5065782154046703 1.5072796361354499 0.0009765625
19.425567307692308 19.445333333333334 1.5064769471481942 1.5071782154046705 0.0009765625
19.445333333333334 19.46509935897436 1.5063758309825099 1.5070769471481944 0.0009765625
19.46509935897436 19.484865384615386 1.5062748665254451 1.5069758309825101 0.0009765625
19.484865384615386 19.504631410256408 1.506174053396198 1.5068748665254452 0.0009765625
19.504631410256408 19.524397435897434 1.5060733912153295 1.5067740533961982 0.0009765625
19.524397435897434 19.54416346153846 1.5059728796047385 1.5066733912153296 0.0009765625
19.54416346153846 19.563929487179486 1.5058725181876538 1.5065728796047386 0.0009765625
19.563929487179486 19.583695512820512 1.5057723065886564 1.5064725181876539 0.0009765625
19.583695512820512 19.603461538461538 1.5056722444336417 1.5063723065886565 0.0009765625
19.603461538461538 19.623227564102564 1.5055723313491771 1.5062722444329755 0.0009765625
19.623227564102564 19.64299358974359 1.5054725669657794 1.5061723313498372 0.0009765625
19.64299358974359 19.662759615384616 1.505372950911321 1.5060725669657795 0.0009765625
19.662759615384616 19.682525641025642 1.5052734828176113 1.5059729509113211 0.0009765625
19.682525641025642 19.702291666666667 1.5051741623170951 1.5058734828176115 0.0009765625
19.702291666666667 19.722057692307693 1.5050749890435313 1.5057741623170953 0.0009765625
19.722057692307693 19.741823717948716 1.5049759626319223 1.5056749890435315 0.0009765625
19.741823717948716 19.761589743589742 1.5048770827186004 1.5055759626319225 0.0009765625
19.761589743589742 19.781355769230768 1.5047783489411342 1.5054770827186006 0.0009765625
19.781355769230768 19.801121794871793 1.5046797609383864 1.5053783489411343 0.0009765625
19.801121794871793 19.820887820512819 1.5045813183504604 1.5052797609383866 0.0009765625
19.820887820512819 19.840653846153845 1.5044830208187367 1.5051813183504605 0.0009765625
19.840653846153845 19.860419871794871 1.5043848679858336 1.5050830208187369 0.0009765625
19.860419871794871 19.880185897435897 1.5042868594956138 1.5049848679858338 0.0009765625
19.880185897435897 19.899951923076923 1.5041889949931952 1.504886859495614 0.0009765625
19.899951923076923 19.919717948717949 1.5040912741249228 1.5047889949931954 0.0009765625
19.919717948717949 19.939483974358975 1.5039936965383645 1.504691274124923 0.0009765625
19.939483974358975 19.959250000000001 1.5038962618823113 1.5045936965383646 0.0009765625
19.959250000000001 19.979016025641027 1.5037989698067817 1.5044962618823114 0.0009765625
19.979016025641027 19.998782051282049 1.5037018199629988 1.5043989698067819 0.0009765625
19.998782051282049 20.018548076923075 1.5036048120034002 1.5043018199629989 0.0009765625
20.018548076923075 20.038314102564101 1.5035079455816169 1.5042048120034004 0.0009765625
20.038314102564101 20.058080128205127 1.5034112203524821 1.5041079455816171 0.0009765625
20.058080128205127 20.077846153846153 1.5033146359720182 1.5040112203524822 0.0009765625
20.077846153846153 20.097612179487179 1.5032181920974226 1.5039146359720184 0.0009765625
20.097612179487179 20.117378205128205 1.5031218883870889 1.5038181920974227 0.0009765625
20.117378205128205 20.137144230769231 1.5030257245005849 1.5037218883870891 0.0009765625
20.137144230769231 20.156910256410256 1.5029297000986348 1.5036257245005851 0.0009765625
20.156910256410256 20.176676282051282 1.5028338148431357 1.503529700098635 0.0009765625
20.176676282051282 20.196442307692308 1.5027380683971439 1.5034338148431359 0.0009765625
20.196442307692308 20.216208333333334 1.5026424604248672 1.503338068397144 0.0009765625
20.216208333333334 20.23597435897436 1.5025469905916657 1.5032424604248673 0.0009765625
20.23597435897436 20.255740384615386 1.5024516585640417 1.5031469905916659 0.0009765625
20.255740384615386 20.275506410256408 1.5023564640096443 1.5030516585640419 0.0009765625
20.275506410256408 20.295272435897434 1.5022614065972326 1.5029564640096444 0.0009765625
20.295272435897434 20.31503846153846 1.5021664859967194 1.5028614065972328 0.0009765625
20.31503846153846 20.334804487179486 1.5020717018791354 1.5027664859967196 0.0009765625
20.334804487179486 20.354570512820512 1.5019770539166213 1.5026717018791356 0.0009765625
20.354570512820512 20.374336538461538 1.5018825417824411 1.5025770539166214 0.0009765625
20.374336538461538 20.394102564102564 1.5017881651509639 1.5024825417824412 0.0009765625
20.394102564102564 20.41386858974359 1.5016939236969977 1.5023881651503037 0.0009765625
20.41386858974359 20.433634615384616 1.5015998170991054 1.5022939236976565 0.0009765625
20.433634615384616 20.453400641025642 1.501505845032963 1.5021998170991055 0.0009765625
20.453400641025642 20.473166666666668 1.5014120071779906 1.5021058450329632 0.0009765625
20.473166666666668 20.492932692307694 1.5013183032140336 1.5020120071779908 0.0009765625
20.492932692307694 20.512698717948719 1.5012247328220143 1.5019183032140337 0.0009765625
20.512698717948719 20.532464743589742 1.5011312956839271 1.5018247328220145 0.0009765625
20.532464743589742 20.552230769230768 1.50103799148283 1.5017312956839273 0.0009765625
20.552230769230768 20.571996794871794 1.5009448199028799 1.5016379914828302 0.0009765625
20.571996794871794 20.59176282051282 1.5008517806292463 1.50154481990288 0.0009765625
20.59176282051282 20.611528846153846 1.5007588733481938 1.5014517806292464 0.0009765625
20.611528846153846 20.631294871794871 1.5006660977470276 1.501358873348194 0.0009765625
20.631294871794871 20.651060897435897 1.5005734535141009 1.5012660977470278 0.0009765625
20.651060897435897 20.670826923076923 1.5004809403387962 1.501173453514101 0.0009765625
20.670826923076923 20.690592948717949 1.5003885579115561 1.5010809403387964 0.0009765625
20.690592948717949 20.710358974358975 1.500296305923847 1.5009885579115563 0.0009765625
20.710358974358975 20.730125000000001 1.5002041840681646 1.5008963059238472 0.0009765625
20.730125000000001 20.749891025641027 1.5001121920380218 1.5008041840681647 0.0009765625
20.749891025641027 20.769657051282053 1.5000203295279695 1.500712192038022 0.0009765625
20.769657051282053 20.789423076923079 1.4999285962335669 1.5006203295279696 0.0009765625
20.789423076923079 20.809189102564101 1.4998369918513792 1.500528596233567 0.0009765625
20.809189102564101 20.828955128205127 1.4997455160789865 1.5004369918513794 0.0009765625
20.828955128205127 20.848721153846153 1.4996541686149636 1.5003455160789867 0.0009765625
20.848721153846153 20.868487179487179 1.4995629491589022 1.5002541686149637 0.0009765625
20.868487179487179 20.888253205128205 1.4994718574113657 1.5001629491589024 0.0009765625
20.888253205128205 20.908019230769231 1.499380893073921 1.5000718574113658 0.0009765625
20.908019230769231 20.927785256410257 1.499290055849116 1.4999808930739211 0.0009765625
20.927785256410257 20.947551282051283 1.4991993454404864 1.4998900558491162 0.0009765625
20.947551282051283 20.967317307692309 1.4991087615525367 1.4997993454404865 0.0009765625
20.967317307692309 20.987083333333334 1.4990183038907559 1.4997087615525369 0.0009765625
20.987083333333334 21.00684935897436 1.4989279721615922 1.499618303890756 0.0009765625
21.00684935897436 21.026615384615386 1.498837766072463 1.4995279721615924 0.0009765625
21.026615384615386 21.046381410256412 1.4987476853317427 1.4994377660724632 0.0009765625
21.046381410256412 21.066147435897435 1.4986577296487775 1.4993476853317429 0.0009765625
21.066147435897435 21.08591346153846 1.4985678987338464 1.4992577296487777 0.0009765625
21.08591346153846 21.105679487179486 1.4984781922981856 1.4991678987338466 0.0009765625
21.105679487179486 21.125445512820512 1.4983886100539774 1.4990781922981857 0.0009765625
21.125445512820512 21.145211538461538 1.4982991517143527 1.4989886100539775 0.0009765625
21.145211538461538 21.164977564102564 1.4982098169933613 1.4988991517143528 0.0009765625
21.164977564102564 21.18474358974359 1.4981206056059877 1.4988098169933615 0.0009765625
21.18474358974359 21.204509615384616 1.4980315172675096 1.4987206056053386 0.0009765625
21.204509615384616 21.224275641025642 1.4979425516967388 1.4986315172681715 0.0009765625
21.224275641025642 21.244041666666668 1.4978537086094761 1.498542551696739 0.0009765625
21.244041666666668 21.263807692307694 1.4977649877250514 1.4984537086094762 0.0009765625
21.263807692307694 21.28357371794872 1.4976763887630571 1.4983649877250516 0.0009765625
21.28357371794872 21.303339743589746 1.4975879114440169 1.4982763887630572 0.0009765625
21.303339743589746 21.323105769230768 1.4974995554893313 1.4981879114440171 0.0009765625
21.323105769230768 21.342871794871794 1.4974113206213189 1.4980995554893315 0.0009765625
21.342871794871794 21.36263782051282 1.4973232065631876 1.498011320621319 0.0009765625
21.36263782051282 21.382403846153846 1.4972352130390496 1.4979232065631878 0.0009765625
21.382403846153846 21.402169871794872 1.4971473397738859 1.4978352130390498 0.0009765625
21.402169871794872 21.421935897435898 1.4970595864935978 1.4977473397738861 0.0009765625
21.421935897435898 21.441701923076923 1.4969719529249417 1.497659586493598 0.0009765625
21.441701923076923 21.461467948717949 1.496884438795574 1.4975719529249418 0.0009765625
21.461467948717949 21.481233974358975 1.4967970438339995 1.4974844387955741 0.0009765625
21.481233974358975 21.501000000000001 1.4967097677696211 1.4973970438339996 0.0009765625
21.501000000000001 21.520766025641027 1.4966226103327018 1.4973097677696212 0.0009765625
21.520766025641027 21.540532051282053 1.4965355712543642 1.497222610332702 0.0009765625
21.540532051282053 21.560298076923079 1.4964486502665968 1.4971355712543644 0.0009765625
21.560298076923079 21.580064102564101 1.4963618471022464 1.4970486502665969 0.0009765625
21.580064102564101 21.599830128205127 1.4962751614950167 1.4969618471022466 0.0009765625
21.599830128205127 21.619596153846153 1.4961885931794499 1.4968751614950169 0.0009765625
21.619596153846153 21.639362179487179 1.4961021418909488 1.49678859317945 0.0009765625
21.639362179487179 21.659128205128205 1.4960158073657506 1.496702141890949 0.0009765625
21.659128205128205 21.678894230769231 1.4959295893409421 1.4966158073657507 0.0009765625
21.678894230769231 21.698660256410257 1.495843487554438 1.4965295893409423 0.0009765625
21.698660256410257 21.718426282051283 1.4957575017449751 1.4964434875544381 0.0009765625
21.718426282051283 21.738192307692309 1.4956716316521621 1.4963575017449753 0.0009765625
21.738192307692309 21.757958333333335 1.4955858770163788 1.4962716316521623 0.0009765625
21.757958333333335 21.777724358974361 1.4955002375788662 1.496185877016379 0.0009765625
21.777724358974361 21.797490384615386 1.4954147130816746 1.4961002375788663 0.0009765625
21.797490384615386 21.817256410256412 1.4953293032676602 1.4960147130816748 0.0009765625
21.817256410256412 21.837022435897438 1.4952440078805118 1.4959293032676604 0.0009765625
21.837022435897438 21.856788461538461 1.4951588266647142 1.495844007880512 0.0009765625
21.856788461538461 21.876554487179487 1.495073759365555 1.4957588266647144 0.0009765625
21.876554487179487 21.896320512820513 1.4949888057291367 1.4956737593655551 0.0009765625
21.896320512820513 21.916086538461538 1.4949039655023504 1.4955888057291369 0.0009765625
21.916086538461538 21.935852564102564 1.4948192384328849 1.4955039655023505 0.0009765625
21.935852564102564 21.95561858974359 1.4947346242692419 1.495419238432885 0.0009765625
21.95561858974359 21.975384615384616 1.4946501227606734 1.495334624269242 0.0009765625
21.975384615384616 21.995150641025642 1.4945657336565985 1.495250122760013 0.0009765625
21.995150641025642 22.014916666666668 1.4944814567098317 1.4951657336572539 0.0009765625
22.014916666666668 22.034682692307694 1.4943972916700219 1.4950814567098318 0.0009765625
22.034682692307694 22.05444871794872 1.4943132382902329 1.494997291670022 0.0009765625
22.05444871794872 22.074214743589746 1.4942292963236457 1.494913238290233 0.0009765625
22.074214743589746 22.093980769230772 1.4941454655241961 1.4948292963236458 0.0009765625
22.093980769230772 22.113746794871794 1.4940617456466048 1.4947454655241963 0.0009765625
22.113746794871794 22.13351282051282 1.4939781364463549 1.4946617456466049 0.0009765625
22.13351282051282 22.153278846153846 1.4938946376796793 1.4945781364463551 0.0009765625
22.153278846153846 22.173044871794872 1.4938112491035784 1.4944946376796795 0.0009765625
22.173044871794872 22.192810897435898 1.4937279704758091 1.4944112491035786 0.0009765625
22.192810897435898 22.212576923076924 1.4936448015548787 1.4943279704758092 0.0009765625
22.212576923076924 22.23234294871795 1.4935617421000467 1.4942448015548788 0.0009765625
22.23234294871795 22.252108974358976 1.4934787918713055 1.4941617421000468 0.0009765625
22.252108974358976 22.271875000000001 1.493395950629407 1.4940787918713057 0.0009765625
22.271875000000001 22.291641025641027 1.4933132181358282 1.4939959506294072 0.0009765625
22.291641025641027 22.311407051282053 1.4932305941528108 1.4939132181358283 0.0009765625
22.311407051282053 22.331173076923079 1.4931480784432964 1.4938305941528109 0.0009765625
22.331173076923079 22.350939102564105 1.4930656707709755 1.4937480784432966 0.0009765625
22.350939102564105 22.370705128205131 1.4929833709002713 1.4936656707709757 0.0009765625
22.370705128205131 22.390471153846153 1.4929011785963209 1.4935833709002715 0.0009765625
22.390471153846153 22.410237179487179 1.4928190936249874 1.493501178596321 0.0009765625
22.410237179487179 22.430003205128205 1.4927371157528688 1.4934190936249876 0.0009765625
22.430003205128205 22.449769230769231 1.4926552447472559 1.493337115752869 0.0009765625
22.449769230769231 22.469535256410257 1.4925734803761717 1.493255244747256 0.0009765625
22.469535256410257 22.489301282051283 1.4924918224083421 1.4931734803761718 0.0009765625
22.489301282051283 22.509067307692309 1.4924102706131968 1.4930918224083423 0.0009765625
22.509067307692309 22.528833333333335 1.4923288247608808 1.4930102706131969 0.0009765625
22.528833333333335 22.548599358974361 1.4922474846222431 1.492928824760881 0.0009765625
22.548599358974361 22.568365384615387 1.4921662499688251 1.4928474846222433 0.0009765625
22.568365384615387 22.588131410256413 1.4920851205728647 1.4927662499688252 0.0009765625
22.588131410256413 22.607897435897438 1.4920040962073062 1.4926851205728648 0.0009765625
22.607897435897438 22.627663461538464 1.4919231766457728 1.4926040962073064 0.0009765625
22.627663461538464 22.647429487179487 1.4918423616625749 1.4925231766457729 0.0009765625
22.647429487179487 22.667195512820513 1.4917616510327238 1.492442361662575 0.0009765625
22.667195512820513 22.686961538461539 1.4916810445319091 1.492361651032724 0.0009765625
22.686961538461539 22.706727564102565 1.4916005419364904 1.4922810445319092 0.0009765625
22.706727564102565 22.72649358974359 1.491520143023513 1.4922005419364905 0.0009765625
22.72649358974359 22.746259615384616 1.4914398475707107 1.4921201430235131 0.0009765625
22.746259615384616 22.766025641025642 1.4913596553564656 1.4920398475707108 0.0009765625
22.766025641025642 22.785791666666668 1.4912795661591891 1.4919596553558068 0.0009765625
22.785791666666668 22.805557692307694 1.4911995797605802 1.491879566159845 0.0009765625
22.805557692307694 22.82532371794872 1.4911196959390689 1.4917995797605803 0.0009765625
22.82532371794872 22.845089743589746 1.4910399144763788 1.4917196959390691 0.0009765625
22.845089743589746 22.864855769230772 1.490960235154221 1.491639914476379 0.0009765625
22.864855769230772 22.884621794871798 1.4908806577549711 1.4915602351542212 0.0009765625
22.884621794871798 22.90438782051282 1.4908011820616682 1.4914806577549713 0.0009765625
22.90438782051282 22.924153846153846 1.4907218078579816 1.4914011820616684 0.0009765625
22.924153846153846 22.943919871794872 1.4906425349282653 1.4913218078579817 0.0009765625
22.943919871794872 22.963685897435898 1.4905633630574782 1.4912425349282654 0.0009765625
22.963685897435898 22.983451923076924 1.490484292031266 1.4911633630574783 0.0009765625
22.983451923076924 23.00321794871795 1.4904053216358788 1.4910842920312661 0.0009765625
23.00321794871795 23.022983974358976 1.4903264516582331 1.491005321635879 0.0009765625
23.022983974358976 23.042750000000002 1.4902476818858583 1.4909264516582332 0.0009765625
23.042750000000002 23.062516025641028 1.4901690121069533 1.4908476818858585 0.0009765625
23.062516025641028 23.082282051282053 1.490090442110318 1.4907690121069535 0.0009765625
23.082282051282053 23.102048076923079 1.4900119716853806 1.4906904421103182 0.0009765625
23.102048076923079 23.121814102564105 1.4899336006222319 1.4906119716853807 0.0009765625
23.121814102564105 23.141580128205131 1.4898553287115459 1.4905336006222321 0.0009765625
23.141580128205131 23.161346153846154 1.489777155744656 1.4904553287115461 0.0009765625
23.161346153846154 23.18111217948718 1.4896990815134641 1.4903771557446561 0.0009765625
23.18111217948718 23.200878205128205 1.4896211058105544 1.4902990815134642 0.0009765625
23.200878205128205 23.220644230769231 1.4895432284290784 1.4902211058105546 0.0009765625
23.220644230769231 23.240410256410257 1.489465449162821 1.4901432284290785 0.0009765625
23.240410256410257 23.260176282051283 1.4893877678061731 1.4900654491628211 0.0009765625
23.260176282051283 23.279942307692309 1.4893101841541441 1.4899877678061733 0.0009765625
23.279942307692309 23.299708333333335 1.4892326980023149 1.4899101841541442 0.0009765625
23.299708333333335 23.319474358974361 1.4891553091469205 1.4898326980023151 0.0009765625
23.319474358974361 23.339240384615387 1.4890780173847498 1.4897553091469207 0.0009765625
23.339240384615387 23.359006410256413 1.4890008225132281 1.4896780173847499 0.0009765625
23.359006410256413 23.378772435897439 1.4889237243303513 1.4896008225132282 0.0009765625
23.378772435897439 23.398538461538465 1.4888467226347222 1.4895237243303514 0.0009765625
23.398538461538465 23.418304487179491 1.4887698172255348 1.4894467226347223 0.0009765625
23.418304487179491 23.438070512820513 1.4886930079025706 1.489369817225535 0.0009765625
23.438070512820513 23.457836538461539 1.4886162944661963 1.4892930079025708 0.0009765625
23.457836538461539 23.477602564102565 1.4885396767173706 1.4892162944661964 0.0009765625
23.477602564102565 23.497368589743591 1.4884631544576292 1.4891396767173708 0.0009765625
23.497368589743591 23.517134615384617 1.4883867274890958 1.4890631544576294 0.0009765625
23.517134615384617 23.536900641025642 1.4883103956144661 1.488986727489096 0.0009765625
23.536900641025642 23.556666666666668 1.4882341586370169 1.4889103956144663 0.0009765625
23.556666666666668 23.576432692307694 1.4881580163599371 1.4888341586363609 0.0009765625
23.576432692307694 23.59619871794872 1.4880819685896114 1.488758016360586 0.0009765625
23.59619871794872 23.615964743589746 1.4880060151290764 1.4886819685896115 0.0009765625
23.615964743589746 23.635730769230772 1.4879301557845381 1.4886060151290765 0.0009765625
23.635730769230772 23.655496794871798 1.4878543903621269 1.4885301557845383 0.0009765625
23.655496794871798 23.675262820512824 1.487778718668533 1.488454390362127 0.0009765625
23.675262820512824 23.695028846153846 1.4877031405109924 1.4883787186685331 0.0009765625
23.695028846153846 23.714794871794872 1.4876276556973314 1.4883031405109926 0.0009765625
23.714794871794872 23.734560897435898 1.4875522640359014 1.4882276556973315 0.0009765625
23.734560897435898 23.754326923076924 1.4874769653356426 1.4881522640359015 0.0009765625
23.754326923076924 23.77409294871795 1.4874017594060183 1.4880769653356427 0.0009765625
23.77409294871795 23.793858974358976 1.4873266460570553 1.4880017594060184 0.0009765625
23.793858974358976 23.813625000000002 1.4872516250993375 1.4879266460570555 0.0009765625
23.813625000000002 23.833391025641028 1.4871766963439672 1.4878516250993377 0.0009765625
23.833391025641028 23.853157051282054 1.4871018596026331 1.4877766963439674 0.0009765625
23.853157051282054 23.87292307692308 1.4870271146875407 1.4877018596026332 0.0009765625
23.87292307692308 23.892689102564105 1.4869524614114238 1.4876271146875408 0.0009765625
23.892689102564105 23.912455128205131 1.4868778995875911 1.4875524614114239 0.0009765625
23.912455128205131 23.932221153846157 1.486803429029862 1.4874778995875912 0.0009765625
23.932221153846157 23.951987179487183 1.4867290495526002 1.4874034290298621 0.0009765625
23.951987179487183 23.971753205128206 1.4866547609706884 1.4873290495526004 0.0009765625
23.971753205128206 23.991519230769232 1.4865805630995699 1.4872547609706885 0.0009765625
23.991519230769232 24.011285256410257 1.4865064557551833 1.48718056309957 0.0009765625
24.011285256410257 24.031051282051283 1.4864324387540064 1.4871064557551834 0.0009765625
24.031051282051283 24.050817307692309 1.4863585119130605 1.4870324387540066 0.0009765625
24.050817307692309 24.070583333333335 1.4862846750498642 1.4869585119130606 0.0009765625
24.070583333333335 24.090349358974361 1.4862109279824687 1.4868846750498643 0.0009765625
24.090349358974361 24.110115384615387 1.4861372705294373 1.4868109279824688 0.0009765625
24.110115384615387 24.129881410256413 1.4860637025098633 1.4867372705294375 0.0009765625
24.129881410256413 24.149647435897439 1.4859902237433438 1.4866637025098635 0.0009765625
24.149647435897439 24.169413461538465 1.4859168340499918 1.4865902237433439 0.0009765625
24.169413461538465 24.189179487179491 1.4858435332504309 1.4865168340499919 0.0009765625
24.189179487179491 24.208945512820517 1.4857703211658035 1.4864435332504311 0.0009765625
24.208945512820517 24.228711538461539 1.4856971976177522 1.4863703211658037 0.0009765625
24.228711538461539 24.248477564102565 1.485624162428421 1.4862971976177524 0.0009765625
24.248477564102565 24.268243589743591 1.4855512154204658 1.4862241624284211 0.0009765625
24.268243589743591 24.288009615384617 1.4854783564170406 1.4861512154204659 0.0009765625
24.288009615384617 24.307775641025643 1.4854055852418038 1.4860783564170408 0.0009765625
24.307775641025643 24.327541666666669 1.4853329017189034 1.4860055852418039 0.0009765625
24.327541666666669 24.347307692307695 1.4852603056730012 1.4859329017189036 0.0009765625
24.347307692307695 24.36707371794872 1.4851877969285849 1.4858603056723523 0.0009765625
24.36707371794872 24.386839743589746 1.4851153753132436 1.485787796929233 0.0009765625
24.386839743589746 24.406605769230772 1.4850430406511475 1.4857153753132437 0.0009765625
24.406605769230772 24.426371794871798 1.4849707927695861 1.4856430406511476 0.0009765625
24.426371794871798 24.446137820512824 1.4848986314956543 1.4855707927695863 0.0009765625
24.446137820512824 24.465903846153847 1.4848265566569445 1.4854986314956544 0.0009765625
24.465903846153847 24.485669871794872 1.4847545680815402 1.4854265566569447 0.0009765625
24.485669871794872 24.505435897435898 1.484682665597995 1.4853545680815403 0.0009765625
24.505435897435898 24.525201923076924 1.4846108490353489 1.4852826655979952 0.0009765625
24.525201923076924 24.54496794871795 1.4845391182231238 1.4852108490353491 0.0009765625
24.54496794871795 24.564733974358976 1.4844674729913141 1.4851391182231239 0.0009765625
24.564733974358976 24.584500000000002 1.4843959131703865 1.4850674729913143 0.0009765625
24.584500000000002 24.604266025641028 1.4843244385912975 1.4849959131703867 0.0009765625
24.604266025641028 24.624032051282054 1.4842530490854529 1.4849244385912976 0.0009765625
24.624032051282054 24.643798076923076 1.4841817444847483 1.484853049085453 0.0009765625
24.643798076923076 24.663564102564102 1.4841105246215316 1.4847817444847484 0.0009765625
24.663564102564102 24.683330128205128 1.484039389328631 1.4847105246215317 0.0009765625
24.683330128205128 24.703096153846154 1.4839683384393283 1.4846393893286312 0.0009765625
24.703096153846154 24.72286217948718 1.4838973717873856 1.4845683384393284 0.0009765625
24.72286217948718 24.742628205128206 1.4838264892070057 1.4844973717873857 0.0009765625
24.742628205128206 24.762394230769232 1.4837556905328635 1.4844264892070058 0.0009765625
24.762394230769232 24.782160256410258 1.4836849756000985 1.4843556905328636 0.0009765625
24.782160256410258 24.801926282051284 1.4836143442442855 1.4842849756000986 0.0009765625
24.801926282051284 24.821692307692309 1.4835437963014853 1.4842143442442857 0.0009765625
24.821692307692309 24.841458333333335 1.4834733316081816 1.4841437963014854 0.0009765625
24.841458333333335 24.861224358974358 1.4834029500013319 1.4840733316081818 0.0009765625
24.861224358974358 24.880990384615384 1.4833326513183309 1.4840029500013321 0.0009765625
24.880990384615384 24.90075641025641 1.4832624353970265 1.4839326513183311 0.0009765625
24.90075641025641 24.920522435897436 1.4831923020757256 1.4838624353970267 0.0009765625
24.920522435897436 24.940288461538461 1.4831222511931594 1.4837923020757258 0.0009765625
24.940288461538461 24.960054487179487 1.4830522825885104 1.4837222511931596 0.0009765625
24.960054487179487 24.979820512820513 1.4829823961014168 1.4836522825885106 0.0009765625
24.979820512820513 24.999586538461539 1.4829125915719386 1.483582396101417 0.0009765625
24.999586538461539 25.019352564102565 1.4828428688405848 1.4835125915719387 0.0009765625
25.019352564102565 25.039118589743588 1.4827732277483057 1.483442868840585 0.0009765625
25.039118589743588 25.058884615384613 1.4827036681364745 1.4833732277483058 0.0009765625
25.058884615384613 25.078650641025639 1.4826341898469186 1.4833036681364746 0.0009765625
25.078650641025639 25.098416666666665 1.4825647927218746 1.4832341898469188 0.0009765625
25.098416666666665 25.118182692307691 1.4824954766040312 1.4831647927218747 0.0009765625
25.118182692307691 25.137948717948717 1.482426241336491 1.4830954766040314 0.0009765625
25.137948717948717 25.157714743589743 1.4823570867621563 1.483026241335845 0.0009765625
25.157714743589743 25.177480769230769 1.4822880127269289 1.4829570867628077 0.0009765625
25.177480769230769 25.197246794871795 1.4822190190732611 1.4828880127269291 0.0009765625
25.197246794871795 25.217012820512821 1.4821501056466091 1.4828190190732613 0.0009765625
25.217012820512821 25.236778846153847 1.482081272292213 1.4827501056466093 0.0009765625
25.236778846153847 25.256544871794873 1.482012518855738 1.4826812722922131 0.0009765625
25.256544871794873 25.276310897435895 1.4819438451832578 1.4826125188557382 0.0009765625
25.276310897435895 25.296076923076921 1.481875251121259 1.482543845183258 0.0009765625
25.296076923076921 25.315842948717947 1.4818067365166647 1.4824752511212591 0.0009765625
25.315842948717947 25.335608974358973 1.4817383012168022 1.4824067365166649 0.0009765625
25.335608974358973 25.355374999999999 1.4816699450694093 1.4823383012168023 0.0009765625
25.355374999999999 25.375141025641025 1.4816016679226385 1.4822699450694095 0.0009765625
25.375141025641025 25.394907051282051 1.4815334696250588 1.4822016679226386 0.0009765625
25.394907051282051 25.414673076923076 1.4814653500256421 1.482133469625059 0.0009765625
25.414673076923076 25.434439102564102 1.4813973089737622 1.4820653500256422 0.0009765625
25.434439102564102 25.454205128205128 1.4813293463192112 1.4819973089737624 0.0009765625
25.454205128205128 25.473971153846154 1.4812614619121764 1.4819293463192114 0.0009765625
25.473971153846154 25.49373717948718 1.4811936556032683 1.4818614619121766 0.0009765625
25.49373717948718 25.513503205128206 1.4811259272434723 1.4817936556032685 0.0009765625
25.513503205128206 25.533269230769228 1.4810582766841898 1.4817259272434724 0.0009765625
25.533269230769228 25.553035256410254 1.4809907037772234 1.4816582766841899 0.0009765625
25.553035256410254 25.57280128205128 1.4809232083747619 1.4815907037772236 0.0009765625
25.57280128205128 25.592567307692306 1.4808557903293953 1.481523208374762 0.0009765625
25.592567307692306 25.612333333333332 1.4807884494941232 1.4814557903293954 0.0009765625
25.612333333333332 25.632099358974358 1.480721185722319 1.4813884494941234 0.0009765625
25.632099358974358 25.651865384615384 1.4806539988677627 1.4813211857223192 0.0009765625
25.651865384615384 25.67163141025641 1.4805868887846083 1.4812539988677629 0.0009765625
25.67163141025641 25.691397435897436 1.480519855327423 1.4811868887846085 0.0009765625
25.691397435897436 25.711163461538462 1.4804528983511482 1.4811198553274232 0.0009765625
25.711163461538462 25.730929487179488 1.4803860177111055 1.4810528983511484 0.0009765625
25.730929487179488 25.750695512820513 1.4803192132630245 1.4809860177111056 0.0009765625
25.750695512820513 25.770461538461539 1.4802524848629934 1.4809192132630247 0.0009765625
25.770461538461539 25.790227564102565 1.4801858323675032 1.4808524848629936 0.0009765625
25.790227564102565 25.809993589743588 1.4801192556334146 1.4807858323675034 0.0009765625
25.809993589743588 25.829759615384614 1.4800527545179831 1.4807192556334148 0.0009765625
25.829759615384614 25.84952564102564 1.479986328878818 1.4806527545179833 0.0009765625
25.84952564102564 25.869291666666665 1.4799199785739348 1.4805863288788181 0.0009765625
25.869291666666665 25.889057692307691 1.479853703461707 1.4805199785739349 0.0009765625
25.889057692307691 25.908823717948717 1.4797875034008918 1.4804537034617071 0.0009765625
25.908823717948717 25.928589743589743 1.4797213782506131 1.480387503400892 0.0009765625
25.928589743589743 25.948355769230769 1.47965532786973 1.4803213782499725 0.0009765625
25.948355769230769 25.968121794871795 1.4795893521200558 1.4802553278703772 0.0009765625
25.968121794871795 25.987887820512821 1.4795234508598865 1.480189352120056 0.0009765625
25.987887820512821 26.007653846153847 1.4794576239504871 1.4801234508598866 0.0009765625
26.007653846153847 26.027419871794873 1.4793918712528333 1.4800576239504872 0.0009765625
26.027419871794873 26.047185897435899 1.4793261926282721 1.4799918712528335 0.0009765625
26.047185897435899 26.066951923076921 1.4792605879385197 1.4799261926282723 0.0009765625
26.066951923076921 26.086717948717947 1.4791950570456329 1.4798605879385198 0.0009765625
26.086717948717947 26.106483974358973 1.4791295998120644 1.4797950570456331 0.0009765625
26.106483974358973 26.126249999999999 1.4790642161006076 1.4797295998120645 0.0009765625
26.126249999999999 26.146016025641025 1.4789989057744133 1.4796642161006077 0.0009765625
26.146016025641025 26.165782051282051 1.4789336686970154 1.4795989057744134 0.0009765625
26.165782051282051 26.185548076923077 1.478868504732276 1.4795336686970155 0.0009765625
26.185548076923077 26.205314102564103 1.4788034137444321 1.4794685047322762 0.0009765625
26.205314102564103 26.225080128205128 1.478738395598062 1.4794034137444323 0.0009765625
26.225080128205128 26.244846153846154 1.4786734501581231 1.4793383955980621 0.0009765625
26.244846153846154 26.26461217948718 1.4786085772898954 1.4792734501581233 0.0009765625
26.26461217948718 26.284378205128206 1.4785437768590244 1.4792085772898955 0.0009765625
26.284378205128206 26.304144230769232 1.4784790487315063 1.4791437768590245 0.0009765625
26.304144230769232 26.323910256410258 1.4784143927736957 1.4790790487315064 0.0009765625
26.323910256410258 26.34367628205128 1.4783498088522793 1.4790143927736958 0.0009765625
26.34367628205128 26.363442307692306 1.4782852968342957 1.4789498088522794 0.0009765625
26.363442307692306 26.383208333333332 1.4782208565871351 1.4788852968342958 0.0009765625
26.383208333333332 26.402974358974358 1.4781564879785192 1.4788208565871352 0.0009765625
26.402974358974358 26.422740384615384 1.4780921908765374 1.4787564879785193 0.0009765625
26.422740384615384 26.44250641025641 1.4780279651495924 1.4786921908765376 0.0009765625
26.44250641025641 26.462272435897436 1.4779638106664448 1.4786279651495926 0.0009765625
26.462272435897436 26.482038461538462 1.477899727296196 1.4785638106664449 0.0009765625
26.482038461538462 26.501804487179488 1.4778357149082806 1.4784997272961962 0.0009765625
26.501804487179488 26.521570512820514 1.4777717733724709 1.4784357149082807 0.0009765625
26.521570512820514 26.54133653846154 1.4777079025588808 1.4783717733724711 0.0009765625
26.54133653846154 26.561102564102566 1.477644102337961 1.478307902558881 0.0009765625
26.561102564102566 26.580868589743591 1.4775803725804832 1.4782441023379611 0.0009765625
26.580868589743591 26.600634615384614 1.4775167131575593 1.4781803725804834 0.0009765625
26.600634615384614 26.62040064102564 1.4774531239406399 1.4781167131575594 0.0009765625
26.62040064102564 26.640166666666666 1.4773896048015056 1.47805312394064 0.0009765625
26.640166666666666 26.659932692307692 1.4773261556122612 1.4779896048015058 0.0009765625
26.659932692307692 26.679698717948718 1.4772627762453416 1.4779261556122614 0.0009765625
26.679698717948718 26.699464743589743 1.4771994665735051 1.4778627762453418 0.0009765625
26.699464743589743 26.719230769230769 1.4771362264698535 1.4777994665735052 0.0009765625
26.719230769230769 26.738996794871795 1.4770730558071479 1.4777362264692162 0.0009765625
26.738996794871795 26.758762820512821 1.4770099544610615 1.4776730558077902 0.0009765625
26.758762820512821 26.778528846153847 1.4769469223037384 1.4776099544610617 0.0009765625
26.778528846153847 26.798294871794873 1.4768839592101857 1.4775469223037385 0.0009765625
26.798294871794873 26.818060897435899 1.4768210650551312 1.4774839592101858 0.0009765625
26.818060897435899 26.837826923076925 1.4767582397135939 1.4774210650551314 0.0009765625
26.837826923076925 26.857592948717947 1.4766954830609231 1.477358239713594 0.0009765625
26.857592948717947 26.877358974358973 1.4766327949727716 1.4772954830609233 0.0009765625
26.877358974358973 26.897124999999999 1.476570175325137 1.4772327949727717 0.0009765625
26.897124999999999 26.916891025641025 1.4765076239943102 1.4771701753251372 0.0009765625
26.916891025641025 26.936657051282051 1.4764451408569106 1.4771076239943104 0.0009765625
26.936657051282051 26.956423076923077 1.4763827257898372 1.4770451408569107 0.0009765625
26.956423076923077 26.976189102564103 1.4763203786703631 1.4769827257898374 0.0009765625
26.976189102564103 26.995955128205129 1.4762580993760219 1.4769203786703633 0.0009765625
26.995955128205129 27.015721153846155 1.4761958877846808 1.4768580993760221 0.0009765625
27.015721153846155 27.03548717948718 1.4761337437745148 1.476795887784681 0.0009765625
27.03548717948718 27.055253205128206 1.47607166722399 1.4767337437745149 0.0009765625
27.055253205128206 27.075019230769232 1.4760096580119157 1.4766716672239901 0.0009765625
27.075019230769232 27.094785256410258 1.4759477160173626 1.4766096580119159 0.0009765625
27.094785256410258 27.114551282051281 1.475885841119746 1.4765477160173628 0.0009765625
27.114551282051281 27.134317307692307 1.4758240331987764 1.4764858411197461 0.0009765625
27.134317307692307 27.154083333333332 1.4757622921344522 1.4764240331987766 0.0009765625
27.154083333333332 27.173849358974358 1.4757006178070871 1.4763622921344524 0.0009765625
27.173849358974358 27.193615384615384 1.4756390100972954 1.4763006178070872 0.0009765625
27.193615384615384 27.21338141025641 1.4755774688859988 1.4762390100972955 0.0009765625
27.21338141025641 27.233147435897436 1.4755159940544038 1.476177468885999 0.0009765625
27.233147435897436 27.252913461538462 1.4754545854840238 1.476115994054404 0.0009765625
27.252913461538462 27.272679487179488 1.4753932430566739 1.4760545854840239 0.0009765625
27.272679487179488 27.292445512820514 1.4753319666544555 1.475993243056674 0.0009765625
27.292445512820514 27.31221153846154 1.4752707561597804 1.4759319666544557 0.0009765625
27.31221153846154 27.331977564102566 1.4752096114553452 1.4758707561597806 0.0009765625
27.331977564102566 27.351743589743592 1.4751485324241316 1.4758096114553454 0.0009765625
27.351743589743592 27.371509615384618 1.4750875189494406 1.4757485324241317 0.0009765625
27.371509615384618 27.39127564102564 1.4750265709148498 1.4756875189494407 0.0009765625
27.39127564102564 27.411041666666666 1.4749656882042128 1.4756265709148499 0.0009765625
27.411041666666666 27.430807692307692 1.4749048707017052 1.475565688204213 0.0009765625
27.430807692307692 27.450573717948718 1.4748441182917624 1.4755048707017053 0.0009765625
27.450573717948718 27.470339743589744 1.4747834308591381 1.4754441182917626 0.0009765625
27.470339743589744 27.49010576923077 1.4747228082888408 1.4753834308591383 0.0009765625
27.49010576923077 27.509871794871795 1.4746622504661864 1.475322808288841 0.0009765625
27.509871794871795 27.529637820512821 1.4746017572761392 1.4752622504655462 0.0009765625
27.529637820512821 27.549403846153847 1.4745413286064828 1.4752017572767742 0.0009765625
27.549403846153847 27.569169871794873 1.4744809643414798 1.4751413286064829 0.0009765625
27.569169871794873 27.588935897435899 1.4744206643682063 1.4750809643414799 0.0009765625
27.588935897435899 27.608701923076925 1.4743604285733964 1.4750206643682064 0.0009765625
27.608701923076925 27.628467948717951 1.4743002568440542 1.4749604285733966 0.0009765625
27.628467948717951 27.648233974358973 1.4742401490674888 1.4749002568440543 0.0009765625
27.648233974358973 27.667999999999999 1.474180105131246 1.4748401490674889 0.0009765625
27.667999999999999 27.687766025641025 1.4741201249231881 1.4747801051312461 0.0009765625
27.687766025641025 27.707532051282051 1.4740602083314382 1.4747201249231883 0.0009765625
27.707532051282051 27.727298076923077 1.4740003552443861 1.4746602083314384 0.0009765625
27.727298076923077 27.747064102564103 1.4739405655507358 1.4746003552443863 0.0009765625
27.747064102564103 27.766830128205129 1.4738808391394147 1.474540565550736 0.0009765625
27.766830128205129 27.786596153846155 1.4738211758996584 1.4744808391394149 0.0009765625
27.786596153846155 27.806362179487181 1.4737615757209668 1.4744211758996586 0.0009765625
27.806362179487181 27.826128205128207 1.4737020384931137 1.4743615757209669 0.0009765625
27.826128205128207 27.845894230769233 1.4736425641061359 1.4743020384931138 0.0009765625
27.845894230769233 27.865660256410258 1.4735831524503502 1.4742425641061361 0.0009765625
27.865660256410258 27.885426282051284 1.4735238034163352 1.4741831524503504 0.0009765625
27.885426282051284 27.90519230769231 1.4734645168949516 1.4741238034163353 0.0009765625
27.90519230769231 27.924958333333333 1.4734052927773016 1.4740645168949518 0.0009765625
27.924958333333333 27.944724358974359 1.4733461309547895 1.4740052927773017 0.0009765625
27.944724358974359 27.964490384615384 1.4732870313190509 1.4739461309547897 0.0009765625
27.964490384615384 27.98425641025641 1.4732279937620147 1.4738870313190511 0.0009765625
27.98425641025641 28.004022435897436 1.4731690181758679 1.4738279937620149 0.0009765625
28.004022435897436 28.023788461538462 1.4731101044530379 1.473769018175868 0.0009765625
28.023788461538462 28.043554487179488 1.4730512524862454 1.4737101044530381 0.0009765625
28.043554487179488 28.063320512820514 1.4729924621684614 1.4736512524862455 0.0009765625
28.063320512820514 28.08308653846154 1.4729337333929118 1.4735924621684615 0.0009765625
28.08308653846154 28.102852564102566 1.4728750660530903 1.4735337333929119 0.0009765625
28.102852564102566 28.122618589743592 1.4728164600427487 1.4734750660530904 0.0009765625
28.122618589743592 28.142384615384618 1.4727579152558932 1.4734164600427488 0.0009765625
28.142384615384618 28.162150641025644 1.4726994315867987 1.4733579152558933 0.0009765625
28.162150641025644 28.181916666666666 1.47264100892998 1.4732994315867989 0.0009765625
28.181916666666666 28.201682692307692 1.4725826471802326 1.4732410089299801 0.0009765625
28.201682692307692 28.221448717948718 1.4725243462325803 1.4731826471802327 0.0009765625
28.221448717948718 28.241214743589744 1.4724661059823154 1.4731243462325805 0.0009765625
28.241214743589744 28.26098076923077 1.4724079263249881 1.4730661059823156 0.0009765625
28.26098076923077 28.280746794871796 1.4723498071563892 1.4730079263249882 0.0009765625
28.280746794871796 28.300512820512822 1.4722917483725717 1.4729498071563893 0.0009765625
28.300512820512822 28.320278846153847 1.4722337498692044 1.4728917483719306 0.0009765625
28.320278846153847 28.340044871794873 1.4721758115447428 1.4728337498698381 0.0009765625
28.340044871794873 28.359810897435899 1.4721179332940817 1.4727758115447429 0.0009765625
28.359810897435899 28.379576923076925 1.4720601150149142 1.4727179332940818 0.0009765625
28.379576923076925 28.399342948717951 1.472002356604531 1.4726601150149143 0.0009765625
28.399342948717951 28.419108974358977 1.4719446579604827 1.4726023566045312 0.0009765625
28.419108974358977 28.438874999999999 1.4718870189805666 1.4725446579604828 0.0009765625
28.438874999999999 28.458641025641025 1.4718294395628149 1.4724870189805668 0.0009765625
28.458641025641025 28.478407051282051 1.4717719196055266 1.472429439562815 0.0009765625
28.478407051282051 28.498173076923077 1.4717144590072082 1.4723719196055267 0.0009765625
28.498173076923077 28.517939102564103 1.4716570576666481 1.4723144590072084 0.0009765625
28.517939102564103 28.537705128205129 1.4715997154828622 1.4722570576666483 0.0009765625
28.537705128205129 28.557471153846155 1.4715424323551001 1.4721997154828623 0.0009765625
28.557471153846155 28.577237179487181 1.4714852081828744 1.4721424323551002 0.0009765625
28.577237179487181 28.597003205128207 1.4714280428659117 1.4720852081828746 0.0009765625
28.597003205128207 28.616769230769233 1.4713709363042007 1.4720280428659118 0.0009765625
28.616769230769233 28.636535256410259 1.4713138883979657 1.4719709363042008 0.0009765625
28.636535256410259 28.656301282051285 1.4712568990476502 1.4719138883979659 0.0009765625
28.656301282051285 28.67606730769231 1.4711999681539603 1.4718568990476504 0.0009765625
28.67606730769231 28.695833333333333 1.4711430956178257 1.4717999681539604 0.0009765625
28.695833333333333 28.715599358974359 1.4710862813404155 1.4717430956178259 0.0009765625
28.715599358974359 28.735365384615385 1.4710295252231336 1.4716862813404157 0.0009765625
28.735365384615385 28.755131410256411 1.4709728271676217 1.4716295252231337 0.0009765625
28.755131410256411 28.774897435897437 1.4709161870757481 1.4715728271676218 0.0009765625
28.774897435897437 28.794663461538462 1.4708596048496272 1.4715161870757483 0.0009765625
28.794663461538462 28.814429487179488 1.4708030803915935 1.4714596048496273 0.0009765625
28.814429487179488 28.834195512820514 1.4707466136042107 1.4714030803915936 0.0009765625
28.834195512820514 28.85396153846154 1.4706902043903003 1.4713466136042108 0.0009765625
28.85396153846154 28.873727564102566 1.4706338526528762 1.4712902043903004 0.0009765625
28.873727564102566 28.893493589743592 1.4705775582952128 1.4712338526528763 0.0009765625
28.893493589743592 28.913259615384618 1.4705213212208008 1.4711775582952129 0.0009765625
28.913259615384618 28.933025641025644 1.4704651413333529 1.471121321220801 0.0009765625
28.933025641025644 28.95279166666667 1.470409018536825 1.4710651413333531 0.0009765625
28.95279166666667 28.972557692307692 1.4703529527353907 1.4710090185368252 0.0009765625
28.972557692307692 28.992323717948718 1.4702969438334503 1.4709529527353908 0.0009765625
28.992323717948718 29.012089743589744 1.4702409917356309 1.4708969438334505 0.0009765625
29.012089743589744 29.03185576923077 1.4701850963467795 1.4708409917356311 0.0009765625
29.03185576923077 29.051621794871796 1.4701292575719804 1.4707850963467797 0.0009765625
29.051621794871796 29.071387820512822 1.470073475316529 1.4707292575719806 0.0009765625
29.071387820512822 29.091153846153848 1.470017749485945 1.4706734753165291 0.0009765625
29.091153846153848 29.110919871794874 1.4699620799853472 1.4706177494853134 0.0009765625
29.110919871794874 29.1306858974359 1.4699064667226021 1.4705620799859838 0.0009765625
29.1306858974359 29.150451923076925 1.4698509096019852 1.4705064667226022 0.0009765625
29.150451923076925 29.170217948717951 1.4697954085305498 1.4704509096019853 0.0009765625
29.170217948717951 29.189983974358977 1.4697399634149093 1.47039540853055 0.0009765625
29.189983974358977 29.209750000000003 1.4696845741619262 1.4703399634149095 0.0009765625
29.209750000000003 29.229516025641026 1.4696292406786475 1.4702845741619264 0.0009765625
29.229516025641026 29.249282051282051 1.4695739628723679 1.4702292406786477 0.0009765625
29.249282051282051 29.269048076923077 1.4695187406505767 1.470173962872368 0.0009765625
29.269048076923077 29.288814102564103 1.4694635739209909 1.4701187406505769 0.0009765625
29.288814102564103 29.308580128205129 1.469408462591538 1.4700635739209911 0.0009765625
29.308580128205129 29.328346153846155 1.4693534065703777 1.4700084625915382 0.0009765625
29.328346153846155 29.348112179487181 1.4692984057658496 1.4699534065703779 0.0009765625
29.348112179487181 29.367878205128207 1.4692434600865347 1.4698984057658497 0.0009765625
29.367878205128207 29.387644230769233 1.4691885694412183 1.4698434600865349 0.0009765625
29.387644230769233 29.407410256410259 1.4691337337388966 1.4697885694412185 0.0009765625
29.407410256410259 29.427176282051285 1.4690789528887822 1.4697337337388967 0.0009765625
29.427176282051285 29.446942307692311 1.4690242268002904 1.4696789528887824 0.0009765625
29.446942307692311 29.466708333333337 1.4689695553830606 1.4696242268002906 0.0009765625
29.466708333333337 29.486474358974363 1.4689149385469287 1.4695695553830608 0.0009765625
29.486474358974363 29.506240384615385 1.4688603762019425 1.4695149385469288 0.0009765625
29.506240384615385 29.526006410256411 1.4688058682583685 1.4694603762019427 0.0009765625
29.526006410256411 29.545772435897437 1.4687514146266649 1.4694058682583686 0.0009765625
29.545772435897437 29.565538461538463 1.4686970152175065 1.4693514146266651 0.0009765625
29.565538461538463 29.585304487179489 1.4686426699417798 1.4692970152175067 0.0009765625
29.585304487179489 29.605070512820514 1.4685883787105591 1.46924266994178 0.0009765625
29.605070512820514 29.62483653846154 1.4685341414351492 1.4691883787105593 0.0009765625
29.62483653846154 29.644602564102566 1.468479958027046 1.4691341414351493 0.0009765625
29.644602564102566 29.664368589743592 1.4684258283979361 1.4690799580270462 0.0009765625
29.664368589743592 29.684134615384618 1.4683717524597417 1.4690258283979363 0.0009765625
29.684134615384618 29.703900641025644 1.4683177301245602 1.4689717524597419 0.0009765625
29.703900641025644 29.72366666666667 1.4682637613046967 1.4689177301245604 0.0009765625
29.72366666666667 29.743432692307696 1.4682098459126771 1.4688637613046969 0.0009765625
29.743432692307696 29.763198717948718 1.4681559838612015 1.4688098459126773 0.0009765625
29.763198717948718 29.782964743589744 1.4681021750631866 1.4687559838612017 0.0009765625
29.782964743589744 29.80273076923077 1.4680484194317458 1.4687021750631868 0.0009765625
29.80273076923077 29.822496794871796 1.4679947168801999 1.468648419431746 0.0009765625
29.822496794871796 29.842262820512822 1.467941067322047 1.4685947168802 0.0009765625
29.842262820512822 29.862028846153848 1.4678874706710021 1.4685410673220471 0.0009765625
29.862028846153848 29.881794871794874 1.4678339268409752 1.4684874706710023 0.0009765625
29.881794871794874 29.9015608974359 1.4677804357454372 1.468433926840347 0.0009765625
29.9015608974359 29.921326923076926 1.46772699730058 1.4683804357460704 0.0009765625
29.921326923076926 29.941092948717952 1.4676736114190079 1.4683269973005801 0.0009765625
29.941092948717952 29.960858974358977 1.4676202780160457 1.468273611419008 0.0009765625
29.960858974358977 29.980625000000003 1.4675669970065801 1.4682202780160458 0.0009765625
29.980625000000003 30.000391025641029 1.4675137683056849 1.4681669970065803 0.0009765625
30.000391025641029 30.020157051282052 1.4674605918286439 1.4681137683056851 0.0009765625
30.020157051282052 30.039923076923078 1.467407467490923 1.468060591828644 0.0009765625
30.039923076923078 30.059689102564104 1.4673543952081771 1.4680074674909231 0.0009765625
30.059689102564104 30.079455128205129 1.4673013748962567 1.4679543952081773 0.0009765625
30.079455128205129 30.099221153846155 1.4672484064712101 1.4679013748962568 0.0009765625
30.099221153846155 30.118987179487181 1.4671954898492625 1.4678484064712103 0.0009765625
30.118987179487181 30.138753205128207 1.4671426249468482 1.4677954898492627 0.0009765625
30.138753205128207 30.158519230769233 1.467089811680576 1.4677426249468484 0.0009765625
30.158519230769233 30.178285256410259 1.4670370499672456 1.4676898116805761 0.0009765625
30.178285256410259 30.198051282051285 1.4669843397238429 1.4676370499672458 0.0009765625
30.198051282051285 30.217817307692311 1.4669316808675623 1.4675843397238431 0.0009765625
30.217817307692311 30.237583333333337 1.4668790733157573 1.4675316808675625 0.0009765625
30.237583333333337 30.257349358974363 1.4668265169859858 1.4674790733157574 0.0009765625
30.257349358974363 30.277115384615385 1.4667740117959835 1.4674265169859859 0.0009765625
30.277115384615385 30.296881410256411 1.4667215576636814 1.4673740117959837 0.0009765625
30.296881410256411 30.316647435897437 1.4666691545071848 1.4673215576636816 0.0009765625
30.316647435897437 30.336413461538463 1.466616802244789 1.467269154507185 0.0009765625
30.336413461538463 30.356179487179489 1.4665645007949732 1.4672168022447891 0.0009765625
30.356179487179489 30.375945512820515 1.4665122500763967 1.4671645007949734 0.0009765625
30.375945512820515 30.395711538461541 1.4664600500079175 1.4671122500763969 0.0009765625
30.395711538461541 30.415477564102567 1.4664079005085457 1.4670600500079176 0.0009765625
30.415477564102567 30.435243589743592 1.4663558014975149 1.4670079005085459 0.0009765625
30.435243589743592 30.455009615384618 1.4663037528941918 1.466955801497515 0.0009765625
30.455009615384618 30.474775641025644 1.4662517546181661 1.4669037528941919 0.0009765625
30.474775641025644 30.49454166666667 1.4661998065891857 1.4668517546181663 0.0009765625
30.49454166666667 30.514307692307696 1.4661479087271856 1.4667998065891859 0.0009765625
30.514307692307696 30.534073717948722 1.4660960609522735 1.4667479087271857 0.0009765625
30.534073717948722 30.553839743589744 1.4660442631847395 1.4666960609522737 0.0009765625
30.553839743589744 30.57360576923077 1.4659925153450644 1.4666442631847396 0.0009765625
30.57360576923077 30.593371794871796 1.4659408173538828 1.4665925153450645 0.0009765625
30.593371794871796 30.613137820512822 1.4658891691320235 1.466540817353883 0.0009765625
30.613137820512822 30.632903846153848 1.4658375706004987 1.4664891691320237 0.0009765625
30.632903846153848 30.652669871794874 1.4657860216804666 1.4664375706004988 0.0009765625
30.652669871794874 30.6724358974359 1.4657345222932958 1.4663860216804667 0.0009765625
30.6724358974359 30.692201923076926 1.4656830723598808 1.4663345222926634 0.0009765625
30.692201923076926 30.711967948717952 1.4656316718038087 1.4662830723605096 0.0009765625
30.711967948717952 30.731733974358978 1.4655803205450793 1.4662316718038089 0.0009765625
30.731733974358978 30.751500000000004 1.4655290185063639 1.4661803205450794 0.0009765625
30.751500000000004 30.771266025641026 1.4654777656098932 1.466129018506364 0.0009765625
30.771266025641026 30.791032051282052 1.4654265617780629 1.4660777656098933 0.0009765625
30.791032051282052 30.810798076923078 1.4653754069334441 1.466026561778063 0.0009765625
30.810798076923078 30.830564102564104 1.4653243009987829 1.4659754069334443 0.0009765625
30.830564102564104 30.85033012820513 1.465273243896978 1.465924300998783 0.0009765625
30.85033012820513 30.870096153846156 1.4652222355511284 1.4658732438969782 0.0009765625
30.870096153846156 30.889862179487181 1.4651712758844837 1.4658222355511286 0.0009765625
30.889862179487181 30.909628205128207 1.4651203648204627 1.4657712758844839 0.0009765625
30.909628205128207 30.929394230769233 1.4650695022826554 1.4657203648204629 0.0009765625
30.929394230769233 30.949160256410259 1.4650186881948417 1.4656695022826556 0.0009765625
30.949160256410259 30.968926282051285 1.4649679224809369 1.4656186881948419 0.0009765625
30.968926282051285 30.988692307692308 1.464917205065041 1.465567922480937 0.0009765625
30.988692307692308 31.008458333333333 1.4648665358714226 1.4655172050650411 0.0009765625
31.008458333333333 31.028224358974359 1.4648159148245159 1.4654665358714227 0.0009765625
31.028224358974359 31.047990384615385 1.464765341848915 1.4654159148245161 0.0009765625
31.047990384615385 31.067756410256411 1.4647148168693889 1.4653653418489152 0.0009765625
31.067756410256411 31.087522435897437 1.4646643398108679 1.465314816869389 0.0009765625
31.087522435897437 31.107288461538463 1.4646139105984479 1.465264339810868 0.0009765625
31.107288461538463 31.127054487179489 1.4645635291573833 1.4652139105984481 0.0009765625
31.127054487179489 31.146820512820515 1.464513195413105 1.4651635291573835 0.0009765625
31.146820512820515 31.166586538461537 1.4644629092912018 1.4651131954131051 0.0009765625
31.166586538461537 31.186352564102563 1.4644126707174141 1.465062909291202 0.0009765625
31.186352564102563 31.206118589743589 1.4643624796176637 1.4650126707174143 0.0009765625
31.206118589743589 31.225884615384615 1.4643123359180275 1.4649624796176639 0.0009765625
31.225884615384615 31.245650641025641 1.46426223954475 1.4649123359180276 0.0009765625
31.245650641025641 31.265416666666667 1.4642121904242102 1.4648622395447501 0.0009765625
31.265416666666667 31.285182692307693 1.4641621884829821 1.4648121904242104 0.0009765625
31.285182692307693 31.304948717948719 1.4641122336477863 1.4647621884829822 0.0009765625
31.304948717948719 31.324714743589745 1.4640623258454992 1.4647122336477865 0.0009765625
31.324714743589745 31.344480769230771 1.4640124650031676 1.4646623258454994 0.0009765625
31.344480769230771 31.364246794871796 1.463962651047976 1.4646124650031678 0.0009765625
31.364246794871796 31.384012820512819 1.4639128839072977 1.4645626510479761 0.0009765625
31.384012820512819 31.403778846153845 1.463863163508635 1.4645128839072978 0.0009765625
31.403778846153845 31.423544871794871 1.4638134897796722 1.4644631635086351 0.0009765625
31.423544871794871 31.443310897435897 1.4637638626482328 1.4644134897796723 0.0009765625
31.443310897435897 31.463076923076922 1.4637142820423084 1.4643638626482329 0.0009765625
31.463076923076922 31.482842948717948 1.4636647478894125 1.464314282041679 0.0009765625
31.482842948717948 31.502608974358974 1.4636152601197261 1.4642647478900379 0.0009765625
31.502608974358974 31.522375 1.463565818659829 1.4642152601197262 0.0009765625
31.522375 31.542141025641026 1.4635164234389617 1.4641658186598292 0.0009765625
31.542141025641026 31.561907051282052 1.4634670743858715 1.4641164234389619 0.0009765625
31.561907051282052 31.581673076923078 1.4634177714294925 1.4640670743858717 0.0009765625
31.581673076923078 31.6014391025641 1.4633685144988915 1.4640177714294926 0.0009765625
31.6014391025641 31.621205128205126 1.4633193035233003 1.4639685144988916 0.0009765625
31.621205128205126 31.640971153846152 1.4632701384320965 1.4639193035233005 0.0009765625
31.640971153846152 31.660737179487178 1.4632210191548138 1.4638701384320967 0.0009765625
31.660737179487178 31.680503205128204 1.463171945621123 1.463821019154814 0.0009765625
31.680503205128204 31.70026923076923 1.4631229177608802 1.4637719456211231 0.0009765625
31.70026923076923 31.720035256410256 1.463073935504059 1.4637229177608804 0.0009765625
31.720035256410256 31.739801282051282 1.4630249987807946 1.4636739355040591 0.0009765625
31.739801282051282 31.759567307692308 1.4629761075213903 1.4636249987807948 0.0009765625
31.759567307692308 31.779333333333334 1.4629272616562692 1.4635761075213904 0.0009765625
31.779333333333334 31.79909935897436 1.4628784611160204 1.4635272616562693 0.0009765625
31.79909935897436 31.818865384615385 1.4628297058313902 1.4634784611160205 0.0009765625
31.818865384615385 31.838631410256411 1.4627809957332547 1.4634297058313903 0.0009765625
31.838631410256411 31.858397435897437 1.4627323307526523 1.4633809957332549 0.0009765625
31.858397435897437 31.87816346153846 1.4626837108207618 1.4633323307526525 0.0009765625
31.87816346153846 31.897929487179486 1.4626351358689149 1.4632837108207619 0.0009765625
31.897929487179486 31.917695512820512 1.462586605828581 1.4632351358689151 0.0009765625
31.917695512820512 31.937461538461537 1.4625381206313921 1.4631866058285812 0.0009765625
31.937461538461537 31.957227564102563 1.4624896802091156 1.4631381206313923 0.0009765625
31.957227564102563 31.976993589743589 1.4624412844936638 1.4630896802091158 0.0009765625
31.976993589743589 31.996759615384615 1.4623929334170924 1.463041284493664 0.0009765625
31.996759615384615 32.016525641025638 1.4623446269116125 1.4629929334170926 0.0009765625
32.016525641025638 32.036291666666664 1.462296364909575 1.4629446269116126 0.0009765625
32.036291666666664 32.056057692307689 1.4622481473434707 1.4628963649095752 0.0009765625
32.056057692307689 32.075823717948715 1.4621999741459482 1.4628481473434709 0.0009765625
32.075823717948715 32.095589743589741 1.4621518452497724 1.4627999741459483 0.0009765625
32.095589743589741 32.115355769230767 1.4621037605878797 1.4627518452497725 0.0009765625
32.115355769230767 32.135121794871793 1.4620557200933337 1.4627037605878799 0.0009765625
32.135121794871793 32.154887820512819 1.462007723699341 1.4626557200933339 0.0009765625
32.154887820512819 32.174653846153845 1.4619597713392667 1.4626077236993411 0.0009765625
32.174653846153845 32.194419871794871 1.461911862946583 1.4625597713392668 0.0009765625
32.194419871794871 32.214185897435897 1.4618639984549393 1.4625118629465832 0.0009765625
32.214185897435897 32.233951923076923 1.4618161777981118 1.4624639984549395 0.0009765625
32.233951923076923 32.253717948717949 1.4617684009100023 1.4624161777981119 0.0009765625
32.253717948717949 32.273483974358975 1.461720667724052 1.4623684009093767 0.0009765625
32.273483974358975 32.29325 1.4616729781763309 1.4623206677246716 0.0009765625
32.29325 32.313016025641026 1.461625332199282 1.4622729781763311 0.0009765625
32.313016025641026 32.332782051282052 1.4615777297280275 1.4622253321992822 0.0009765625
32.332782051282052 32.352548076923078 1.4615301706971688 1.4621777297280276 0.0009765625
32.352548076923078 32.372314102564104 1.4614826550414486 1.462130170697169 0.0009765625
32.372314102564104 32.39208012820513 1.4614351826957568 1.4620826550414487 0.0009765625
32.39208012820513 32.411846153846156 1.4613877535951216 1.4620351826957569 0.0009765625
32.411846153846156 32.431612179487182 1.4613403676747003 1.4619877535951218 0.0009765625
32.431612179487182 32.451378205128208 1.4612930248697931 1.4619403676747005 0.0009765625
32.451378205128208 32.471144230769227 1.4612457251158362 1.4618930248697932 0.0009765625
32.471144230769227 32.490910256410253 1.4611984683483925 1.4618457251158363 0.0009765625
32.490910256410253 32.510676282051278 1.4611512545031717 1.4617984683483927 0.0009765625
32.510676282051278 32.530442307692304 1.4611040835160174 1.4617512545031719 0.0009765625
32.530442307692304 32.55020833333333 1.4610569553228918 1.4617040835160175 0.0009765625
32.55020833333333 32.569974358974356 1.461009869859921 1.461656955322892 0.0009765625
32.569974358974356 32.589740384615382 1.4609628270633381 1.4616098698599211 0.0009765625
32.589740384615382 32.609506410256408 1.4609158268695166 1.4615628270633383 0.0009765625
32.609506410256408 32.629272435897434 1.4608688692149787 1.4615158268695168 0.0009765625
32.629272435897434 32.64903846153846 1.4608219540363561 1.4614688692149789 0.0009765625
32.64903846153846 32.668804487179486 1.4607750812704263 1.4614219540363562 0.0009765625
32.668804487179486 32.688570512820512 1.4607282508541068 1.4613750812704265 0.0009765625
32.688570512820512 32.708336538461538 1.4606814627244322 1.461328250854107 0.0009765625
32.708336538461538 32.728102564102564 1.4606347168185625 1.4612814627244324 0.0009765625
32.728102564102564 32.747868589743589 1.4605880130738145 1.4612347168185627 0.0009765625
32.747868589743589 32.767634615384615 1.4605413514276149 1.4611880130738146 0.0009765625
32.767634615384615 32.787400641025641 1.4604947318175214 1.461141351427615 0.0009765625
32.787400641025641 32.807166666666667 1.4604481541812435 1.4610947318175216 0.0009765625
32.807166666666667 32.826932692307693 1.4604016184565816 1.4610481541812437 0.0009765625
32.826932692307693 32.846698717948712 1.4603551245815074 1.4610016184565817 0.0009765625
32.846698717948712 32.866464743589738 1.4603086724941001 1.4609551245815076 0.0009765625
32.866464743589738 32.886230769230764 1.4602622621325534 1.4609086724941003 0.0009765625
32.886230769230764 32.90599679487179 1.4602158934352267 1.4608622621325535 0.0009765625
32.90599679487179 32.925762820512816 1.4601695663405783 1.4608158934352269 0.0009765625
32.925762820512816 32.945528846153842 1.4601232807871931 1.4607695663405784 0.0009765625
32.945528846153842 32.965294871794868 1.4600770367138036 1.4607232807871933 0.0009765625
32.965294871794868 32.985060897435893 1.4600308340592518 1.4606770367138038 0.0009765625
32.985060897435893 33.004826923076919 1.4599846727625201 1.460630834059252 0.0009765625
33.004826923076919 33.024592948717945 1.4599385527626993 1.4605846727625202 0.0009765625
33.024592948717945 33.044358974358971 1.4598924739990271 1.4605385527626995 0.0009765625
33.044358974358971 33.064124999999997 1.4598464364102248 1.4604924739984002 0.0009765625
33.064124999999997 33.083891025641023 1.4598004399376407 1.4604464364108491 0.0009765625
33.083891025641023 33.103657051282049 1.4597544845190127 1.4604004399376409 0.0009765625
33.103657051282049 33.123423076923075 1.4597085700946912 1.4603544845190128 0.0009765625
33.123423076923075 33.143189102564101 1.4596626966045152 1.4603085700946914 0.0009765625
33.143189102564101 33.162955128205127 1.4596168639884797 1.4602626966045154 0.0009765625
33.162955128205127 33.182721153846153 1.4595710721866666 1.4602168639884798 0.0009765625
33.182721153846153 33.202487179487179 1.4595253211393084 1.4601710721866668 0.0009765625
33.202487179487179 33.222253205128204 1.4594796107867498 1.4601253211393086 0.0009765625
33.222253205128204 33.24201923076923 1.4594339410694583 1.46007961078675 0.0009765625
33.24201923076923 33.261785256410256 1.4593883119280171 1.4600339410694585 0.0009765625
33.261785256410256 33.281551282051282 1.4593427233031473 1.4599883119280173 0.0009765625
33.281551282051282 33.301317307692308 1.4592971751356729 1.4599427233031474 0.0009765625
33.301317307692308 33.321083333333334 1.4592516673665623 1.4598971751356731 0.0009765625
33.321083333333334 33.34084935897436 1.4592061999368837 1.4598516673665625 0.0009765625
33.34084935897436 33.360615384615386 1.4591607727878295 1.4598061999368839 0.0009765625
33.360615384615386 33.380381410256412 1.459115385860726 1.4597607727878297 0.0009765625
33.380381410256412 33.400147435897438 1.4590700390970077 1.4597153858607261 0.0009765625
33.400147435897438 33.419913461538464 1.4590247324382226 1.4596700390970079 0.0009765625
33.419913461538464 33.43967948717949 1.4589794658260553 1.4596247324382228 0.0009765625
33.43967948717949 33.459445512820508 1.4589342392023057 1.4595794658260555 0.0009765625
33.459445512820508 33.479211538461534 1.4588890525088818 1.4595342392023058 0.0009765625
33.479211538461534 33.49897756410256 1.458843905687818 1.4594890525088819 0.0009765625
33.49897756410256 33.518743589743586 1.4587987986812616 1.4594439056878181 0.0009765625
33.518743589743586 33.538509615384612 1.4587537314314858 1.4593987986812618 0.0009765625
33.538509615384612 33.558275641025638 1.4587087038808664 1.4593537314314859 0.0009765625
33.558275641025638 33.578041666666664 1.4586637159719276 1.4593087038808665 0.0009765625
33.578041666666664 33.59780769230769 1.4586187676472728 1.4592637159719277 0.0009765625
33.59780769230769 33.617573717948716 1.4585738588496366 1.459218767647273 0.0009765625
33.617573717948716 33.637339743589742 1.458528989521884 1.4591738588496368 0.0009765625
33.637339743589742 33.657105769230768 1.4584841596069755 1.4591289895218842 0.0009765625
33.657105769230768 33.676871794871793 1.4584393690479993 1.4590841596069757 0.0009765625
33.676871794871793 33.696637820512819 1.4583946177881595 1.4590393690479995 0.0009765625
33.696637820512819 33.716403846153845 1.4583499057707652 1.4589946177881596 0.0009765625
33.716403846153845 33.736169871794871 1.4583052329392472 1.4589499057707653 0.0009765625
33.736169871794871 33.755935897435897 1.45826059923715 1.4589052329392473 0.0009765625
33.755935897435897 33.775701923076923 1.4582160046081387 1.4588605992371502 0.0009765625
33.775701923076923 33.795467948717949 1.4581714489959772 1.4588160046081389 0.0009765625
33.795467948717949 33.815233974358975 1.458126932344552 1.4587714489959773 0.0009765625
33.815233974358975 33.835000000000001 1.4580824545978728 1.4587269323445522 0.0009765625
33.835000000000001 33.854766025641027 1.4580380156994204 1.458682454597253 0.0009765625
33.854766025641027 33.874532051282053 1.4579936155952877 1.4586380157000411 0.0009765625
33.874532051282053 33.894298076923079 1.4579492542279471 1.4585936155952879 0.0009765625
33.894298076923079 33.914064102564105 1.4579049315424726 1.4585492542279472 0.0009765625
33.914064102564105 33.93383012820513 1.4578606474834275 1.4585049315424727 0.0009765625
33.93383012820513 33.953596153846156 1.4578164019954731 1.4584606474834276 0.0009765625
33.953596153846156 33.973362179487182 1.4577721950234062 1.4584164019954733 0.0009765625
33.973362179487182 33.993128205128208 1.4577280265121193 1.4583721950234063 0.0009765625
33.993128205128208 34.012894230769234 1.4576838964066112 1.4583280265121195 0.0009765625
34.012894230769234 34.03266025641026 1.4576398046520067 1.4582838964066114 0.0009765625
34.03266025641026 34.052426282051286 1.4575957511935247 1.4582398046520069 0.0009765625
34.052426282051286 34.072192307692312 1.4575517359765073 1.4581957511935248 0.0009765625
34.072192307692312 34.091958333333338 1.4575077589464023 1.4581517359765075 0.0009765625
34.091958333333338 34.111724358974364 1.45746382004876 1.4581077589464024 0.0009765625
34.111724358974364 34.13149038461539 1.457419919229243 1.4580638200487601 0.0009765625
34.13149038461539 34.151256410256416 1.4573760564336213 1.4580199192292431 0.0009765625
34.151256410256416 34.171022435897441 1.4573322316077904 1.4579760564336215 0.0009765625
34.171022435897441 34.190788461538467 1.4572884446977217 1.4579322316077905 0.0009765625
34.190788461538467 34.210554487179493 1.457244695649522 1.4578884446977218 0.0009765625
34.210554487179493 34.230320512820512 1.4572009844093976 1.4578446956495221 0.0009765625
34.230320512820512 34.250086538461538 1.4571573109236506 1.4578009844093978 0.0009765625
34.250086538461538 34.269852564102564 1.4571136751387097 1.4577573109236508 0.0009765625
34.269852564102564 34.28961858974359 1.457070077001098 1.4577136751387099 0.0009765625
34.28961858974359 34.309384615384616 1.4570265164574405 1.4576700770010982 0.0009765625
34.309384615384616 34.329150641025642 1.4569829934544773 1.4576265164574407 0.0009765625
34.329150641025642 34.348916666666668 1.4569395079390584 1.4575829934544775 0.0009765625
34.348916666666668 34.368682692307694 1.456896059858134 1.4575395079390585 0.0009765625
34.368682692307694 34.388448717948719 1.4568526491587495 1.4574960598581341 0.0009765625
34.388448717948719 34.408214743589745 1.4568092757880726 1.4574526491587496 0.0009765625
34.408214743589745 34.427980769230771 1.4567659396933668 1.4574092757880728 0.0009765625
34.427980769230771 34.447746794871797 1.4567226408219971 1.4573659396933669 0.0009765625
34.447746794871797 34.467512820512823 1.4566793791214521 1.4573226408219973 0.0009765625
34.467512820512823 34.487278846153849 1.4566361545392881 1.4572793791214522 0.0009765625
34.487278846153849 34.507044871794875 1.4565929670232098 1.4572361545392882 0.0009765625
34.507044871794875 34.526810897435901 1.4565498165209811 1.45719296702321 0.0009765625
34.526810897435901 34.546576923076927 1.4565067029804952 1.4571498165209813 0.0009765625
34.546576923076927 34.566342948717953 1.4564636263497552 1.4571067029804954 0.0009765625
34.566342948717953 34.586108974358979 1.4564205865768385 1.4570636263497554 0.0009765625
34.586108974358979 34.605875000000005 1.4563775836099513 1.4570205865768386 0.0009765625
34.605875000000005 34.625641025641031 1.4563346173973939 1.4569775836099514 0.0009765625
34.625641025641031 34.645407051282056 1.456291687886943 1.4569346173967774 0.0009765625
34.645407051282056 34.665173076923082 1.4562487950289644 1.4568916878875615 0.0009765625
34.665173076923082 34.684939102564108 1.4562059387701904 1.4568487950289646 0.0009765625
34.684939102564108 34.704705128205134 1.4561631190599569 1.4568059387701906 0.0009765625
34.704705128205134 34.72447115384616 1.4561203358470638 1.456763119059957 0.0009765625
34.72447115384616 34.744237179487186 1.4560775890804174 1.456720335847064 0.0009765625
34.744237179487186 34.764003205128212 1.4560348787090329 1.4566775890804176 0.0009765625
34.764003205128212 34.783769230769238 1.4559922046820071 1.4566348787090331 0.0009765625
34.783769230769238 34.803535256410264 1.4559495669485438 1.4565922046820072 0.0009765625
34.803535256410264 34.82330128205129 1.4559069654579624 1.456549566948544 0.0009765625
34.82330128205129 34.843067307692309 1.4558644001596555 1.4565069654579625 0.0009765625
34.843067307692309 34.862833333333334 1.455821871003129 1.4564644001596556 0.0009765625
34.862833333333334 34.88259935897436 1.4557793779379971 1.4564218710031291 0.0009765625
34.88259935897436 34.902365384615386 1.4557369209139506 1.4563793779379972 0.0009765625
34.902365384615386 34.922131410256412 1.4556944998807966 1.4563369209139507 0.0009765625
34.922131410256412 34.941897435897438 1.455652114788426 1.4562944998807967 0.0009765625
34.941897435897438 34.961663461538464 1.4556097655868427 1.4562521147884262 0.0009765625
34.961663461538464 34.98142948717949 1.4555674522261361 1.4562097655868429 0.0009765625
34.98142948717949 35.001195512820516 1.4555251746564997 1.4561674522261363 0.0009765625
35.001195512820516 35.020961538461542 1.4554829328282195 1.4561251746564998 0.0009765625
35.020961538461542 35.040727564102568 1.4554407266916825 1.4560829328282197 0.0009765625
35.040727564102568 35.060493589743594 1.4553985561973699 1.4560407266916826 0.0009765625
35.060493589743594 35.08025961538462 1.4553564212958638 1.4559985561973701 0.0009765625
35.08025961538462 35.100025641025645 1.4553143219378282 1.455956421295864 0.0009765625
35.100025641025645 35.119791666666671 1.455272258074048 1.4559143219378283 0.0009765625
35.119791666666671 35.139557692307697 1.4552302296553803 1.4558722580740482 0.0009765625
35.139557692307697 35.159323717948723 1.4551882366327815 1.4558302296553804 0.0009765625
35.159323717948723 35.179089743589749 1.4551462789573226 1.4557882366327817 0.0009765625
35.179089743589749 35.198855769230775 1.4551043565801403 1.4557462789573228 0.0009765625
35.198855769230775 35.218621794871794 1.4550624694524954 1.4557043565801404 0.0009765625
35.218621794871794 35.23838782051282 1.4550206175257132 1.4556624694524956 0.0009765625
35.23838782051282 35.258153846153846 1.4549788007512396 1.4556206175257134 0.0009765625
35.258153846153846 35.277919871794872 1.454937019080603 1.4555788007512398 0.0009765625
35.277919871794872 35.297685897435898 1.4548952724654221 1.4555370190806032 0.0009765625
35.297685897435898 35.317451923076923 1.4548535608574105 1.4554952724654222 0.0009765625
35.317451923076923 35.337217948717949 1.454811884208385 1.4554535608574106 0.0009765625
35.337217948717949 35.356983974358975 1.4547702424702453 1.4554118842083852 0.0009765625
35.356983974358975 35.376750000000001 1.4547286355949898 1.4553702424702455 0.0009765625
35.376750000000001 35.396516025641027 1.4546870635346913 1.4553286355949899 0.0009765625
35.396516025641027 35.416282051282053 1.4546455262415516 1.4552870635346915 0.0009765625
35.416282051282053 35.436048076923079 1.4546040236672158 1.4552455262409347 0.0009765625
35.436048076923079 35.455814102564105 1.4545625557659008 1.4552040236678339 0.0009765625
35.455814102564105 35.475580128205131 1.454521122488212 1.4551625557659009 0.0009765625
35.475580128205131 35.495346153846157 1.4544797237873062 1.4551211224882121 0.0009765625
35.495346153846157 35.515112179487183 1.4544383596158323 1.4550797237873063 0.0009765625
35.515112179487183 35.534878205128209 1.4543970299265236 1.4550383596158325 0.0009765625
35.534878205128209 35.554644230769235 1.4543557346721858 1.4549970299265238 0.0009765625
35.554644230769235 35.57441025641026 1.4543144738057456 1.454955734672186 0.0009765625
35.57441025641026 35.594176282051286 1.45427324728019 1.4549144738057458 0.0009765625
35.594176282051286 35.613942307692312 1.454232055048627 1.4548732472801902 0.0009765625
35.613942307692312 35.633708333333331 1.4541908970642232 1.4548320550486271 0.0009765625
35.633708333333331 35.653474358974357 1.454149773280256 1.4547908970642234 0.0009765625
35.653474358974357 35.673240384615383 1.4541086836500874 1.4547497732802561 0.0009765625
35.673240384615383 35.693006410256409 1.4540676281271607 1.4547086836500875 0.0009765625
35.693006410256409 35.712772435897435 1.454026606665016 1.4546676281271609 0.0009765625
35.712772435897435 35.732538461538461 1.4539856192172897 1.4546266066650162 0.0009765625
35.732538461538461 35.752304487179487 1.4539446657376967 1.4545856192172899 0.0009765625
35.752304487179487 35.772070512820513 1.4539037461800288 1.4545446657376968 0.0009765625
35.772070512820513 35.791836538461538 1.4538628604981902 1.454503746180029 0.0009765625
35.791836538461538 35.811602564102564 1.453822008646156 1.4544628604981904 0.0009765625
35.811602564102564 35.83136858974359 1.4537811905779974 1.4544220086461561 0.0009765625
35.83136858974359 35.851134615384616 1.4537404062478698 1.4543811905779975 0.0009765625
35.851134615384616 35.870900641025642 1.4536996556100112 1.45434040624787 0.0009765625
35.870900641025642 35.890666666666668 1.4536589386187617 1.4542996556100114 0.0009765625
35.890666666666668 35.910432692307694 1.4536182552285217 1.4542589386187619 0.0009765625
35.910432692307694 35.93019871794872 1.4535776053938076 1.4542182552285219 0.0009765625
35.93019871794872 35.949964743589746 1.4535369890692047 1.4541776053938078 0.0009765625
35.949964743589746 35.969730769230772 1.4534964062093922 1.4541369890692049 0.0009765625
35.969730769230772 35.989496794871798 1.4534558567691274 1.4540964062093924 0.0009765625
35.989496794871798 36.009262820512816 1.4534153407032648 1.4540558567691275 0.0009765625
36.009262820512816 36.029028846153842 1.4533748579667296 1.454015340703265 0.0009765625
36.029028846153842 36.048794871794868 1.4533344085145454 1.4539748579667298 0.0009765625
36.048794871794868 36.068560897435894 1.4532939923018069 1.4539344085145456 0.0009765625
36.068560897435894 36.08832692307692 1.4532536092837269 1.453893992301807 0.0009765625
36.08832692307692 36.108092948717946 1.4532132594155442 1.4538536092837271 0.0009765625
36.108092948717946 36.127858974358972 1.453172942652641 1.4538132594155444 0.0009765625
36.127858974358972 36.147624999999998 1.4531326589504532 1.4537729426526411 0.0009765625
36.147624999999998 36.167391025641024 1.4530924082645016 1.4537326589504533 0.0009765625
36.167391025641024 36.18715705128205 1.4530521905504077 1.4536924082645017 0.0009765625
36.18715705128205 36.206923076923076 1.4530120057638554 1.4536521905504078 0.0009765625
36.206923076923076 36.226689102564102 1.4529718538600112 1.4536120057632387 0.0009765625
36.226689102564102 36.246455128205127 1.4529317347965809 1.4535718538606295 0.0009765625
36.246455128205127 36.266221153846153 1.4528916485276626 1.453531734796581 0.0009765625
36.266221153846153 36.285987179487179 1.452851595009899 1.4534916485276628 0.0009765625
36.285987179487179 36.305753205128205 1.4528115741993939 1.4534515950098992 0.0009765625
36.305753205128205 36.325519230769231 1.4527715860523529 1.453411574199394 0.0009765625
36.325519230769231 36.345285256410257 1.4527316305250344 1.4533715860523531 0.0009765625
36.345285256410257 36.365051282051283 1.4526917075737944 1.4533316305250346 0.0009765625
36.365051282051283 36.384817307692309 1.4526518171550831 1.4532917075737946 0.0009765625
36.384817307692309 36.404583333333335 1.4526119592254154 1.4532518171550832 0.0009765625
36.404583333333335 36.424349358974361 1.4525721337413917 1.4532119592254156 0.0009765625
36.424349358974361 36.444115384615387 1.4525323406596937 1.4531721337413919 0.0009765625
36.444115384615387 36.463881410256413 1.4524925799370836 1.4531323406596939 0.0009765625
36.463881410256413 36.483647435897439 1.4524528515304098 1.4530925799370837 0.0009765625
36.483647435897439 36.503413461538464 1.4524131553965891 1.45305285153041 0.0009765625
36.503413461538464 36.52317948717949 1.4523734914926429 1.4530131553965893 0.0009765625
36.52317948717949 36.542945512820516 1.4523338597756412 1.4529734914926431 0.0009765625
36.542945512820516 36.562711538461542 1.4522942602027578 1.4529338597756414 0.0009765625
36.562711538461542 36.582477564102568 1.4522546927312416 1.4528942602027579 0.0009765625
36.582477564102568 36.602243589743594 1.4522151573184154 1.4528546927312418 0.0009765625
36.602243589743594 36.622009615384613 1.4521756539216766 1.4528151573184156 0.0009765625
36.622009615384613 36.641775641025639 1.4521361824985191 1.4527756539216767 0.0009765625
36.641775641025639 36.661541666666665 1.4520967430065059 1.4527361824985192 0.0009765625
36.661541666666665 36.681307692307691 1.4520573354032751 1.4526967430065061 0.0009765625
36.681307692307691 36.701073717948717 1.4520179596465534 1.4526573354032752 0.0009765625
36.701073717948717 36.720839743589742 1.4519786156941401 1.4526179596465536 0.0009765625
36.720839743589742 36.740605769230768 1.451939303503913 1.4525786156941403 0.0009765625
36.740605769230768 36.760371794871794 1.4519000230338241 1.4525393035039131 0.0009765625
36.760371794871794 36.78013782051282 1.4518607742419189 1.4525000230338243 0.0009765625
36.78013782051282 36.799903846153846 1.4518215570863016 1.4524607742419191 0.0009765625
36.799903846153846 36.819669871794872 1.4517823715251581 1.4524215570863017 0.0009765625
36.819669871794872 36.839435897435898 1.4517432175167702 1.4523823715251583 0.0009765625
36.839435897435898 36.859201923076924 1.4517040950194795 1.4523432175167703 0.0009765625
36.859201923076924 36.87896794871795 1.4516650039916932 1.4523040950194797 0.0009765625
36.87896794871795 36.898733974358976 1.451625944391925 1.4522650039916933 0.0009765625
36.898733974358976 36.918500000000002 1.4515869161787505 1.4522259443919252 0.0009765625
36.918500000000002 36.938266025641028 1.4515479193108154 1.4521869161787506 0.0009765625
36.938266025641028 36.958032051282053 1.4515089537468522 1.4521479193108155 0.0009765625
36.958032051282053 36.977798076923079 1.4514700194456678 1.4521089537468523 0.0009765625
36.977798076923079 36.997564102564105 1.4514311163661349 1.4520700194456679 0.0009765625
36.997564102564105 37.017330128205131 1.4513922444666012 1.4520311163655231 0.0009765625
37.017330128205131 37.037096153846157 1.4513534037079507 1.4519922444672175 0.0009765625
37.037096153846157 37.056862179487183 1.4513145940474312 1.4519534037079509 0.0009765625
37.056862179487183 37.076628205128209 1.4512758154448551 1.4519145940474314 0.0009765625
37.076628205128209 37.096394230769235 1.4512370678594662 1.4518758154448552 0.0009765625
37.096394230769235 37.116160256410261 1.4511983512506095 1.4518370678594663 0.0009765625
37.116160256410261 37.135926282051287 1.4511596655776888 1.4517983512506096 0.0009765625
37.135926282051287 37.155692307692313 1.4511210108001862 1.451759665577689 0.0009765625
37.155692307692313 37.175458333333339 1.4510823868776588 1.4517210108001863 0.0009765625
37.175458333333339 37.195224358974357 1.4510437937697354 1.4516823868776589 0.0009765625
37.195224358974357 37.214990384615383 1.451005231436127 1.4516437937697355 0.0009765625
37.214990384615383 37.234756410256409 1.4509666998366058 1.4516052314361272 0.0009765625
37.234756410256409 37.254522435897435 1.4509281989310296 1.4515666998366059 0.0009765625
37.254522435897435 37.274288461538461 1.4508897286793192 1.4515281989310298 0.0009765625
37.274288461538461 37.294054487179487 1.4508512890414778 1.4514897286793194 0.0009765625
37.294054487179487 37.313820512820513 1.4508128799775764 1.4514512890414779 0.0009765625
37.313820512820513 37.333586538461539 1.4507745014477611 1.4514128799775765 0.0009765625
37.333586538461539 37.353352564102565 1.4507361534122534 1.4513745014477613 0.0009765625
37.353352564102565 37.373118589743591 1.4506978358313412 1.4513361534122535 0.0009765625
37.373118589743591 37.392884615384617 1.4506595486653844 1.4512978358313413 0.0009765625
37.392884615384617 37.412650641025643 1.4506212918748269 1.4512595486653845 0.0009765625
37.412650641025643 37.432416666666668 1.4505830654201697 1.4512212918748271 0.0009765625
37.432416666666668 37.452182692307694 1.4505448692619982 1.4511830654201698 0.0009765625
37.452182692307694 37.47194871794872 1.45050670336096 1.4511448692619984 0.0009765625
37.47194871794872 37.491714743589746 1.4504685676777831 1.4511067033609601 0.0009765625
37.491714743589746 37.511480769230772 1.4504304621732584 1.4510685676777832 0.0009765625
37.511480769230772 37.531246794871798 1.4503923868082542 1.4510304621732586 0.0009765625
37.531246794871798 37.551012820512824 1.4503543415436995 1.4509923868082544 0.0009765625
37.551012820512824 37.57077884615385 1.4503163263406118 1.4509543415436996 0.0009765625
37.57077884615385 37.590544871794876 1.4502783411600744 1.450916326340612 0.0009765625
37.590544871794876 37.610310897435895 1.4502403859632276 1.4508783411600745 0.0009765625
37.610310897435895 37.630076923076921 1.4502024607112991 1.4508403859632277 0.0009765625
37.630076923076921 37.649842948717946 1.4501645653655668 1.4508024607112993 0.0009765625
37.649842948717946 37.669608974358972 1.4501266998874007 1.450764565365567 0.0009765625
37.669608974358972 37.689374999999998 1.4500888642382292 1.4507266998874009 0.0009765625
37.689374999999998 37.709141025641024 1.4500510583795561 1.4506888642382294 0.0009765625
37.709141025641024 37.72890705128205 1.450013282272945 1.4506510583795562 0.0009765625
37.72890705128205 37.748673076923076 1.4499755358800457 1.4506132822729452 0.0009765625
37.748673076923076 37.768439102564102 1.4499378191625525 1.4505755358800458 0.0009765625
37.768439102564102 37.788205128205128 1.4499001320822575 1.4505378191625526 0.0009765625
37.788205128205128 37.807971153846154 1.4498624746003859 1.450500132081648 0.0009765625
37.807971153846154 37.82773717948718 1.4498248466806918 1.4504624746009971 0.0009765625
37.82773717948718 37.847503205128206 1.4497872482833225 1.4504248466806919 0.0009765625
37.847503205128206 37.867269230769232 1.4497496793709468 1.4503872482833227 0.0009765625
37.867269230769232 37.887035256410257 1.4497121399056829 1.4503496793709469 0.0009765625
37.887035256410257 37.906801282051283 1.4496746298497247 1.4503121399056831 0.0009765625
37.906801282051283 37.926567307692309 1.4496371491653204 1.4502746298497249 0.0009765625
37.926567307692309 37.946333333333335 1.4495996978148069 1.4502371491653205 0.0009765625
37.946333333333335 37.966099358974361 1.4495622757605708 1.4501996978148071 0.0009765625
37.966099358974361 37.985865384615387 1.4495248829650691 1.450162275760571 0.0009765625
37.985865384615387 38.005631410256413 1.4494875193908396 1.4501248829650693 0.0009765625
38.005631410256413 38.025397435897439 1.4494501850004735 1.4500875193908398 0.0009765625
38.025397435897439 38.045163461538465 1.4494128797566264 1.4500501850004737 0.0009765625
38.045163461538465 38.064929487179491 1.4493756036220353 1.4500128797566265 0.0009765625
38.064929487179491 38.084695512820517 1.4493383565594988 1.4499756036220355 0.0009765625
38.084695512820517 38.104461538461543 1.4493011385318726 1.449938356559499 0.0009765625
38.104461538461543 38.124227564102569 1.44926394950209 1.4499011385318727 0.0009765625
38.124227564102569 38.143993589743594 1.4492267894331361 1.4498639495020902 0.0009765625
38.143993589743594 38.16375961538462 1.449189658288095 1.4498267894331363 0.0009765625
38.16375961538462 38.183525641025639 1.449152556030074 1.4497896582880951 0.0009765625
38.183525641025639 38.203291666666665 1.449115482622277 1.4497525560300741 0.0009765625
38.203291666666665 38.223057692307691 1.4490784380279547 1.4497154826222771 0.0009765625
38.223057692307691 38.242823717948717 1.4490414222104451 1.4496784380279548 0.0009765625
38.242823717948717 38.262589743589743 1.4490044351331297 1.4496414222104452 0.0009765625
38.262589743589743 38.282355769230769 1.4489674767594658 1.4496044351331299 0.0009765625
38.282355769230769 38.302121794871795 1.4489305470529681 1.449567476759466 0.0009765625
38.302121794871795 38.321887820512821 1.4488936459772321 1.4495305470529682 0.0009765625
38.321887820512821 38.341653846153847 1.4488567734959026 1.4494936459772323 0.0009765625
38.341653846153847 38.361419871794872 1.4488199295727051 1.4494567734959027 0.0009765625
38.361419871794872 38.381185897435898 1.4487831141714074 1.4494199295727053 0.0009765625
38.381185897435898 38.400951923076924 1.4487463272558483 1.4493831141714075 0.0009765625
38.400951923076924 38.42071794871795 1.4487095687899494 1.4493463272558484 0.0009765625
38.42071794871795 38.440483974358976 1.4486728387376795 1.4493095687899495 0.0009765625
38.440483974358976 38.460250000000002 1.4486361370630658 1.4492728387376796 0.0009765625
38.460250000000002 38.480016025641028 1.4485994637302242 1.449236137063066 0.0009765625
38.480016025641028 38.499782051282054 1.4485628187033053 1.4491994637302243 0.0009765625
38.499782051282054 38.51954807692308 1.4485262019465361 1.4491628187033054 0.0009765625
38.51954807692308 38.539314102564106 1.4484896134242182 1.4491262019465363 0.0009765625
38.539314102564106 38.559080128205132 1.4484530531007007 1.4490896134242184 0.0009765625
38.559080128205132 38.578846153846158 1.4484165209403972 1.4490530531007009 0.0009765625
38.578846153846158 38.598612179487183 1.4483800169071783 1.4490165209397883 0.0009765625
38.598612179487183 38.618378205128209 1.4483435409674124 1.4489800169077891 0.0009765625
38.618378205128209 38.638144230769235 1.4483070930838864 1.4489435409674125 0.0009765625
38.638144230769235 38.657910256410261 1.4482706732218584 1.4489070930838865 0.0009765625
38.657910256410261 38.677676282051287 1.4482342813460796 1.4488706732218586 0.0009765625
38.677676282051287 38.697442307692313 1.4481979174213317 1.4488342813460797 0.0009765625
38.697442307692313 38.717208333333339 1.4481615814124642 1.4487979174213319 0.0009765625
38.717208333333339 38.736974358974365 1.4481252732843979 1.4487615814124644 0.0009765625
38.736974358974365 38.756740384615391 1.4480889930021192 1.448725273284398 0.0009765625
38.756740384615391 38.776506410256417 1.4480527405306489 1.4486889930021194 0.0009765625
38.776506410256417 38.796272435897436 1.4480165158351022 1.4486527405306491 0.0009765625
38.796272435897436 38.816038461538461 1.4479803188806406 1.4486165158351023 0.0009765625
38.816038461538461 38.835804487179487 1.447944149632481 1.4485803188806408 0.0009765625
38.835804487179487 38.855570512820513 1.4479080080559081 1.4485441496324811 0.0009765625
38.855570512820513 38.875336538461539 1.4478718941162758 1.4485080080559083 0.0009765625
38.875336538461539 38.895102564102565 1.4478358077789801 1.448471894116276 0.0009765625
38.895102564102565 38.914868589743591 1.4477997490094956 1.4484358077789803 0.0009765625
38.914868589743591 38.934634615384617 1.447763717773346 1.4483997490094958 0.0009765625
38.934634615384617 38.954400641025643 1.4477277140361142 1.4483637177733462 0.0009765625
38.954400641025643 38.974166666666669 1.4476917377634615 1.4483277140361144 0.0009765625
38.974166666666669 38.993932692307695 1.4476557889210893 1.4482917377634617 0.0009765625
38.993932692307695 39.013698717948721 1.447619867474762 1.4482557889210894 0.0009765625
39.013698717948721 39.033464743589747 1.4475839733903073 1.4482198674747622 0.0009765625
39.033464743589747 39.053230769230773 1.447548106633622 1.4481839733903075 0.0009765625
39.053230769230773 39.072996794871798 1.4475122671706422 1.4481481066336221 0.0009765625
39.072996794871798 39.092762820512824 1.4474764549673871 1.4481122671706423 0.0009765625
39.092762820512824 39.11252884615385 1.4474406699899078 1.4480764549673872 0.0009765625
39.11252884615385 39.132294871794876 1.4474049122043435 1.448040669989908 0.0009765625
39.132294871794876 39.152060897435902 1.447369181576867 1.4480049122043437 0.0009765625
39.152060897435902 39.171826923076921 1.4473334780737237 1.4479691815768672 0.0009765625
39.171826923076921 39.191592948717947 1.4472978016612219 1.4479334780737239 0.0009765625
39.191592948717947 39.211358974358973 1.4472621523057232 1.4478978016612221 0.0009765625
39.211358974358973 39.231124999999999 1.4472265299736355 1.4478621523057233 0.0009765625
39.231124999999999 39.250891025641025 1.4471909346314447 1.4478265299736357 0.0009765625
39.250891025641025 39.270657051282051 1.44715536624569 1.4477909346314448 0.0009765625
39.270657051282051 39.290423076923076 1.447119824782952 1.4477553662456901 0.0009765625
39.290423076923076 39.310189102564102 1.4470843102098945 1.4477198247829521 0.0009765625
39.310189102564102 39.329955128205128 1.4470488224932185 1.4476843102098946 0.0009765625
39.329955128205128 39.349721153846154 1.4470133615997014 1.4476488224932187 0.0009765625
39.349721153846154 39.36948717948718 1.4469779274961574 1.4476133615997016 0.0009765625
39.36948717948718 39.389253205128206 1.4469425201488686 1.4475779274955449 0.0009765625
39.389253205128206 39.409019230769232 1.4469071395265942 1.4475425201494752 0.0009765625
39.409019230769232 39.428785256410258 1.4468717855945057 1.4475071395265944 0.0009765625
39.428785256410258 39.448551282051284 1.4468364583202797 1.4474717855945058 0.0009765625
39.448551282051284 39.46831730769231 1.4468011576710036 1.4474364583202799 0.0009765625
39.46831730769231 39.488083333333336 1.4467658836138606 1.4474011576710037 0.0009765625
39.488083333333336 39.507849358974362 1.446730636116081 1.4473658836138608 0.0009765625
39.507849358974362 39.527615384615387 1.4466954151449258 1.4473306361160811 0.0009765625
39.527615384615387 39.547381410256413 1.4466602206677524 1.447295415144926 0.0009765625
39.547381410256413 39.567147435897439 1.4466250526519366 1.4472602206677525 0.0009765625
39.567147435897439 39.586913461538465 1.4465899110649489 1.4472250526519368 0.0009765625
39.586913461538465 39.606679487179491 1.446554795874275 1.4471899110649491 0.0009765625
39.606679487179491 39.626445512820517 1.446519707047492 1.4471547958742752 0.0009765625
39.626445512820517 39.646211538461543 1.4464846445522146 1.4471197070474922 0.0009765625
39.646211538461543 39.665977564102569 1.4464496083561105 1.4470846445522147 0.0009765625
39.665977564102569 39.685743589743595 1.4464145984269163 1.4470496083561106 0.0009765625
39.685743589743595 39.705509615384621 1.4463796147324091 1.4470145984269165 0.0009765625
39.705509615384621 39.725275641025647 1.4463446572404317 1.4469796147324092 0.0009765625
39.725275641025647 39.745041666666673 1.4463097259188846 1.4469446572404319 0.0009765625
39.745041666666673 39.764807692307699 1.4462748207357126 1.4469097259188848 0.0009765625
39.764807692307699 39.784573717948717 1.446239941658924 1.4468748207357127 0.0009765625
39.784573717948717 39.804339743589743 1.4462050886565792 1.4468399416589242 0.0009765625
39.804339743589743 39.824105769230769 1.44617026169679 1.4468050886565793 0.0009765625
39.824105769230769 39.843871794871795 1.4461354607477226 1.4467702616967901 0.0009765625
39.843871794871795 39.863637820512821 1.446100685777606 1.4467354607477227 0.0009765625
39.863637820512821 39.883403846153847 1.4460659367547244 1.4467006857776061 0.0009765625
39.883403846153847 39.903169871794873 1.4460312136473947 1.4466659367547245 0.0009765625
39.903169871794873 39.922935897435899 1.4459965164240245 1.4466312136473949 0.0009765625
39.922935897435899 39.942701923076925 1.4459618450530369 1.4465965164240246 0.0009765625
39.942701923076925 39.962467948717951 1.4459271995029268 1.4465618450530371 0.0009765625
39.962467948717951 39.982233974358977 1.4458925797422515 1.446527199502927 0.0009765625
39.982233974358977 40.002000000000002 1.4458579857396148 1.4464925797422516 0.0009765625
40.002000000000002 40.021766025641028 1.4458234174636606 1.4464579857396149 0.0009765625
40.021766025641028 40.041532051282054 1.4457888748831063 1.4464234174636608 0.0009765625
40.041532051282054 40.06129807692308 1.4457543579667083 1.4463888748831064 0.0009765625
40.06129807692308 40.081064102564106 1.4457198666832913 1.4463543579667084 0.0009765625
40.081064102564106 40.100830128205132 1.4456854010017131 1.4463198666832915 0.0009765625
40.100830128205132 40.120596153846158 1.4456509608908978 1.4462854010017132 0.0009765625
40.120596153846158 40.140362179487184 1.4456165463198249 1.446250960890898 0.0009765625
40.140362179487184 40.16012820512821 1.4455821572575198 1.4462165463198251 0.0009765625
40.16012820512821 40.179894230769236 1.445547793672451 1.4461821572569116 0.0009765625
40.179894230769236 40.199660256410262 1.4455134555355711 1.4461477936730558 0.0009765625
40.199660256410262 40.219426282051288 1.4454791428142448 1.4461134555355712 0.0009765625
40.219426282051288 40.239192307692313 1.4454448554783195 1.446079142814245 0.0009765625
40.239192307692313 40.258958333333339 1.445410593497076 1.4460448554783196 0.0009765625
40.258958333333339 40.278724358974365 1.4453763568398694 1.4460105934970762 0.0009765625
40.278724358974365 40.298490384615391 1.4453421454760769 1.4459763568398696 0.0009765625
40.298490384615391 40.318256410256417 1.4453079593751461 1.445942145476077 0.0009765625
40.318256410256417 40.338022435897443 1.4452737985065911 1.4459079593751463 0.0009765625
40.338022435897443 40.357788461538462 1.4452396628399284 1.4458737985065913 0.0009765625
40.357788461538462 40.377554487179488 1.4452055523447775 1.4458396628399286 0.0009765625
40.377554487179488 40.397320512820514 1.4451714669907834 1.4458055523447777 0.0009765625
40.397320512820514 40.41708653846154 1.4451374067476492 1.4457714669907835 0.0009765625
40.41708653846154 40.436852564102566 1.4451033715851334 1.4457374067476494 0.0009765625
40.436852564102566 40.456618589743591 1.4450693614730274 1.4457033715851335 0.0009765625
40.456618589743591 40.476384615384617 1.4450353763811934 1.4456693614730276 0.0009765625
40.476384615384617 40.496150641025643 1.4450014162795373 1.4456353763811935 0.0009765625
40.496150641025643 40.515916666666669 1.4449674811380118 1.4456014162795374 0.0009765625
40.515916666666669 40.535682692307695 1.444933570926632 1.4455674811380119 0.0009765625
40.535682692307695 40.555448717948721 1.4448996856154444 1.4455335709266321 0.0009765625
40.555448717948721 40.575214743589747 1.4448658251745663 1.4454996856154445 0.0009765625
40.575214743589747 40.594980769230773 1.4448319895741455 1.4454658251745665 0.0009765625
40.594980769230773 40.614746794871799 1.44479817878439 1.4454319895741456 0.0009765625
40.614746794871799 40.634512820512825 1.4447643927755722 1.4453981787843901 0.0009765625
40.634512820512825 40.654278846153851 1.4447306315179851 1.4453643927755724 0.0009765625
40.654278846153851 40.674044871794877 1.4446968949819985 1.4453306315179852 0.0009765625
40.674044871794877 40.693810897435903 1.4446631831380055 1.4452968949819986 0.0009765625
40.693810897435903 40.713576923076928 1.4446294959564732 1.4452631831380056 0.0009765625
40.713576923076928 40.733342948717954 1.4445958334079048 1.4452294959564733 0.0009765625
40.733342948717954 40.75310897435898 1.4445621954628545 1.4451958334079049 0.0009765625
40.75310897435898 40.772874999999999 1.444528582091936 1.4451621954628546 0.0009765625
40.772874999999999 40.792641025641025 1.4444949932657922 1.4451285820919362 0.0009765625
40.792641025641025 40.812407051282051 1.4444614289551354 1.4450949932657924 0.0009765625
40.812407051282051 40.832173076923077 1.444427889130711 1.4450614289551356 0.0009765625
40.832173076923077 40.851939102564103 1.4443943737633251 1.4450278891307111 0.0009765625
40.851939102564103 40.871705128205129 1.4443608828238221 1.4449943737633253 0.0009765625
40.871705128205129 40.891471153846155 1.4443274162831095 1.4449608828238223 0.0009765625
40.891471153846155 40.911237179487181 1.4442939741121272 1.4449274162831096 0.0009765625
40.911237179487181 40.931003205128206 1.4442605562818736 1.4448939741121274 0.0009765625
40.931003205128206 40.950769230769232 1.4442271627633827 1.4448605562818737 0.0009765625
40.950769230769232 40.970535256410258 1.4441937935271529 1.4448271627627804 0.0009765625
40.970535256410258 40.990301282051284 1.444160448546145 1.4447937935277606 0.0009765625
40.990301282051284 41.01006730769231 1.4441271277897154 1.4447604485461452 0.0009765625
41.01006730769231 41.029833333333336 1.4440938312297154 1.4447271277897156 0.0009765625
41.029833333333336 41.049599358974362 1.44406055883743 1.4446938312297155 0.0009765625
41.049599358974362 41.069365384615388 1.4440273105841825 1.4446605588374302 0.0009765625
41.069365384615388 41.089131410256414 1.4439940864413576 1.4446273105841827 0.0009765625
41.089131410256414 41.10889743589744 1.4439608863803814 1.4445940864413578 0.0009765625
41.10889743589744 41.128663461538466 1.4439277103727317 1.4445608863803816 0.0009765625
41.128663461538466 41.148429487179484 1.4438945583899241 1.4445277103727319 0.0009765625
41.148429487179484 41.16819551282051 1.4438614304035231 1.4444945583899242 0.0009765625
41.16819551282051 41.187961538461536 1.4438283263851541 1.4444614304035233 0.0009765625
41.187961538461536 41.207727564102562 1.4437952463064796 1.4444283263851543 0.0009765625
41.207727564102562 41.227493589743588 1.4437621901391997 1.4443952463064798 0.0009765625
41.227493589743588 41.247259615384614 1.4437291578550815 1.4443621901391999 0.0009765625
41.247259615384614 41.26702564102564 1.4436961494259217 1.4443291578550816 0.0009765625
41.26702564102564 41.286791666666666 1.4436631648235734 1.4442961494259219 0.0009765625
41.286791666666666 41.306557692307692 1.4436302040199176 1.4442631648235735 0.0009765625
41.306557692307692 41.326323717948718 1.4435972669869144 1.4442302040199178 0.0009765625
41.326323717948718 41.346089743589744 1.4435643536965603 1.4441972669869145 0.0009765625
41.346089743589744 41.36585576923077 1.4435314641208694 1.4441643536965605 0.0009765625
41.36585576923077 41.385621794871795 1.4434985982319286 1.4441314641208696 0.0009765625
41.385621794871795 41.405387820512821 1.4434657560018698 1.4440985982319288 0.0009765625
41.405387820512821 41.425153846153847 1.4434329374028612 1.4440657560018699 0.0009765625
41.425153846153847 41.444919871794873 1.4434001424071263 1.4440329374028613 0.0009765625
41.444919871794873 41.464685897435899 1.443367370986927 1.4440001424071265 0.0009765625
41.464685897435899 41.484451923076925 1.4433346231145723 1.4439673709869272 0.0009765625
41.484451923076925 41.504217948717951 1.4433018987624222 1.4439346231145724 0.0009765625
41.504217948717951 41.523983974358977 1.4432691979028722 1.4439018987624224 0.0009765625
41.523983974358977 41.543750000000003 1.4432365205083717 1.4438691979028724 0.0009765625
41.543750000000003 41.563516025641022 1.4432038665514115 1.4438365205083719 0.0009765625
41.563516025641022 41.583282051282048 1.4431712360045263 1.4438038665514117 0.0009765625
41.583282051282048 41.603048076923073 1.4431386288403043 1.4437712360045265 0.0009765625
41.603048076923073 41.622814102564099 1.4431060450313664 1.4437386288403045 0.0009765625
41.622814102564099 41.642580128205125 1.4430734845503859 1.4437060450313666 0.0009765625
41.642580128205125 41.662346153846151 1.4430409473700792 1.443673484550386 0.0009765625
41.662346153846151 41.682112179487177 1.4430084334632098 1.4436409473700793 0.0009765625
41.682112179487177 41.701878205128203 1.442975942802577 1.44360843346321 0.0009765625
41.701878205128203 41.721644230769229 1.4429434753610351 1.4435759428025772 0.0009765625
41.721644230769229 41.741410256410255 1.4429110311114768 1.4435434753610352 0.0009765625
41.741410256410255 41.761176282051281 1.4428786100262367 1.4435110311108772 0.0009765625
41.761176282051281 41.780942307692307 1.4428462120801178 1.4434786100268462 0.0009765625
41.780942307692307 41.800708333333333 1.442813837244318 1.4434462120801179 0.0009765625
41.800708333333333 41.820474358974359 1.4427814854925265 1.4434138372443182 0.0009765625
41.820474358974359 41.840240384615385 1.4427491567978519 1.4433814854925267 0.0009765625
41.840240384615385 41.86000641025641 1.4427168511334552 1.443349156797852 0.0009765625
41.86000641025641 41.879772435897436 1.4426845684725396 1.4433168511334553 0.0009765625
41.879772435897436 41.899538461538462 1.4426523087883438 1.4432845684725397 0.0009765625
41.899538461538462 41.919304487179488 1.4426200720541731 1.443252308788344 0.0009765625
41.919304487179488 41.939070512820514 1.4425878582433449 1.4432200720541732 0.0009765625
41.939070512820514 41.95883653846154 1.4425556673292408 1.4431878582433451 0.0009765625
41.95883653846154 41.978602564102566 1.4425234992852807 1.4431556673292409 0.0009765625
41.978602564102566 41.998368589743592 1.4424913540849282 1.4431234992852808 0.0009765625
41.998368589743592 42.018134615384618 1.4424592317016895 1.4430913540849284 0.0009765625
42.018134615384618 42.037900641025644 1.4424271321091133 1.4430592317016897 0.0009765625
42.037900641025644 42.05766666666667 1.4423950552807874 1.4430271321091135 0.0009765625
42.05766666666667 42.077432692307696 1.4423630011903499 1.4429950552807875 0.0009765625
42.077432692307696 42.097198717948721 1.4423309698114803 1.44296300119035 0.0009765625
42.097198717948721 42.116964743589747 1.4422989611178936 1.4429309698114805 0.0009765625
42.116964743589747 42.136730769230766 1.4422669750833608 1.4428989611178937 0.0009765625
42.136730769230766 42.156496794871792 1.442235011681676 1.4428669750833609 0.0009765625
42.156496794871792 42.176262820512818 1.4422030708866902 1.4428350116816762 0.0009765625
42.176262820512818 42.196028846153844 1.4421711526722958 1.4428030708866904 0.0009765625
42.196028846153844 42.21579487179487 1.4421392570124234 1.4427711526722959 0.0009765625
42.21579487179487 42.235560897435896 1.4421073838810452 1.4427392570124236 0.0009765625
42.235560897435896 42.255326923076922 1.4420755332521786 1.4427073838810454 0.0009765625
42.255326923076922 42.275092948717948 1.442043705099884 1.4426755332521788 0.0009765625
42.275092948717948 42.294858974358974 1.4420118993982536 1.4426437050998842 0.0009765625
42.294858974358974 42.314624999999999 1.4419801161214418 1.4426118993982537 0.0009765625
42.314624999999999 42.334391025641025 1.4419483552436168 1.442580116121442 0.0009765625
42.334391025641025 42.354157051282051 1.4419166167390163 1.4425483552436169 0.0009765625
42.354157051282051 42.373923076923077 1.4418849005818961 1.4425166167390164 0.0009765625
42.373923076923077 42.393689102564103 1.4418532067465695 1.4424849005818963 0.0009765625
42.393689102564103 42.413455128205129 1.4418215352073847 1.4424532067465696 0.0009765625
42.413455128205129 42.433221153846155 1.4417898859387361 1.4424215352073848 0.0009765625
42.433221153846155 42.452987179487181 1.4417582589150442 1.4423898859387363 0.0009765625
42.452987179487181 42.472753205128207 1.4417266541107927 1.4423582589150443 0.0009765625
42.472753205128207 42.492519230769233 1.4416950715004824 1.4423266541107929 0.0009765625
42.492519230769233 42.512285256410259 1.4416635110586831 1.4422950715004825 0.0009765625
42.512285256410259 42.532051282051285 1.4416319727599824 1.4422635110586832 0.0009765625
42.532051282051285 42.551817307692311 1.4416004565784093 1.4422319727593751 0.0009765625
42.551817307692311 42.571583333333336 1.4415689624904486 1.4422004565790065 0.0009765625
42.571583333333336 42.591349358974362 1.4415374904690212 1.4421689624904488 0.0009765625
42.591349358974362 42.611115384615388 1.4415060404894757 1.4421374904690214 0.0009765625
42.611115384615388 42.630881410256414 1.4414746125266149 1.4421060404894759 0.0009765625
42.630881410256414 42.65064743589744 1.441443206555276 1.4420746125266151 0.0009765625
42.65064743589744 42.670413461538466 1.4414118225503358 1.4420432065552762 0.0009765625
42.670413461538466 42.690179487179492 1.4413804604867193 1.442011822550336 0.0009765625
42.690179487179492 42.709945512820518 1.4413491203393709 1.4419804604867195 0.0009765625
42.709945512820518 42.729711538461544 1.4413178020833068 1.4419491203393711 0.0009765625
42.729711538461544 42.749477564102563 1.4412865056935504 1.441917802083307 0.0009765625
42.749477564102563 42.769243589743589 1.4412552311451954 1.4418865056935506 0.0009765625
42.769243589743589 42.789009615384614 1.4412239784133443 1.4418552311451955 0.0009765625
42.789009615384614 42.80877564102564 1.4411927474731667 1.4418239784133444 0.0009765625
42.80877564102564 42.828541666666666 1.4411615382998575 1.4417927474731669 0.0009765625
42.828541666666666 42.848307692307692 1.4411303508686437 1.4417615382998576 0.0009765625
42.848307692307692 42.868073717948718 1.4410991851548121 1.4417303508686439 0.0009765625
42.868073717948718 42.887839743589744 1.4410680411336831 1.4416991851548122 0.0009765625
42.887839743589744 42.90760576923077 1.4410369187805967 1.4416680411336833 0.0009765625
42.90760576923077 42.927371794871796 1.4410058180709571 1.4416369187805969 0.0009765625
42.927371794871796 42.947137820512822 1.4409747389801939 1.4416058180709572 0.0009765625
42.947137820512822 42.966903846153848 1.4409436814837755 1.4415747389801941 0.0009765625
42.966903846153848 42.986669871794874 1.440912645557223 1.4415436814837757 0.0009765625
42.986669871794874 43.0064358974359 1.4408816311760841 1.4415126455572231 0.0009765625
43.0064358974359 43.026201923076925 1.4408506383159343 1.4414816311760843 0.0009765625
43.026201923076925 43.045967948717951 1.4408196669524123 1.4414506383159345 0.0009765625
43.045967948717951 43.065733974358977 1.4407887170611862 1.4414196669524124 0.0009765625
43.065733974358977 43.085500000000003 1.440757788617955 1.4413887170611863 0.0009765625
43.085500000000003 43.105266025641029 1.4407268815984626 1.4413577886179552 0.0009765625
43.105266025641029 43.125032051282048 1.4406959959784933 1.4413268815984628 0.0009765625
43.125032051282048 43.144798076923074 1.4406651317338592 1.4412959959784934 0.0009765625
43.144798076923074 43.1645641025641 1.440634288840422 1.4412651317338594 0.0009765625
43.1645641025641 43.184330128205126 1.4406034672740837 1.4412342888404222 0.0009765625
43.184330128205126 43.204096153846152 1.4405726670107661 1.4412034672740839 0.0009765625
43.204096153846152 43.223862179487178 1.440541888026454 1.4411726670107663 0.0009765625
43.223862179487178 43.243628205128203 1.4405111302971518 1.4411418880264542 0.0009765625
43.243628205128203 43.263394230769229 1.440480393798911 1.441111130297152 0.0009765625
43.263394230769229 43.283160256410255 1.4404496785078051 1.4410803937989112 0.0009765625
43.283160256410255 43.302926282051281 1.4404189843999657 1.4410496785078053 0.0009765625
43.302926282051281 43.322692307692307 1.4403883114515539 1.4410189843999659 0.0009765625
43.322692307692307 43.342458333333333 1.4403576596381666 1.4409883114509558 0.0009765625
43.342458333333333 43.362224358974359 1.440327028937846 1.4409576596387699 0.0009765625
43.362224358974359 43.381990384615385 1.4402964193250514 1.4409270289378462 0.0009765625
43.381990384615385 43.401756410256411 1.4402658307767022 1.4408964193250515 0.0009765625
43.401756410256411 43.421522435897437 1.4402352632691466 1.4408658307767024 0.0009765625
43.421522435897437 43.441288461538463 1.4402047167787673 1.4408352632691468 0.0009765625
43.441288461538463 43.461054487179489 1.4401741912819839 1.4408047167787674 0.0009765625
43.461054487179489 43.480820512820515 1.4401436867552595 1.440774191281984 0.0009765625
43.480820512820515 43.50058653846154 1.4401132031750852 1.4407436867552597 0.0009765625
43.50058653846154 43.520352564102566 1.4400827405180026 1.4407132031750853 0.0009765625
43.520352564102566 43.540118589743592 1.4400522987605686 1.4406827405180027 0.0009765625
43.540118589743592 43.559884615384618 1.4400218778793992 1.4406522987605688 0.0009765625
43.559884615384618 43.579650641025644 1.4399914778511311 1.4406218778793993 0.0009765625
43.579650641025644 43.59941666666667 1.4399610986524423 1.4405914778511313 0.0009765625
43.59941666666667 43.619182692307696 1.4399307402600541 1.4405610986524424 0.0009765625
43.619182692307696 43.638948717948722 1.4399004026507185 1.4405307402600542 0.0009765625
43.638948717948722 43.658714743589748 1.4398700858012214 1.4405004026507187 0.0009765625
43.658714743589748 43.678480769230774 1.4398397896883792 1.4404700858012216 0.0009765625
43.678480769230774 43.6982467948718 1.4398095142890672 1.4404397896883794 0.0009765625
43.6982467948718 43.718012820512826 1.4397792595801751 1.4404095142890674 0.0009765625
43.718012820512826 43.737778846153844 1.4397490255386414 1.4403792595801752 0.0009765625
43.737778846153844 43.75754487179487 1.4397188121414262 1.4403490255386415 0.0009765625
43.75754487179487 43.777310897435896 1.4396886193655369 1.4403188121414263 0.0009765625
43.777310897435896 43.797076923076922 1.4396584471880223 1.4402886193655371 0.0009765625
43.797076923076922 43.816842948717948 1.4396282955859483 1.4402584471880224 0.0009765625
43.816842948717948 43.836608974358974 1.4395981645364297 1.4402282955859484 0.0009765625
43.836608974358974 43.856375 1.4395680540166205 1.4401981645364299 0.0009765625
43.856375 43.876141025641026 1.4395379640036914 1.4401680540166206 0.0009765625
43.876141025641026 43.895907051282052 1.4395078944748789 1.4401379640036915 0.0009765625
43.895907051282052 43.915673076923078 1.4394778454074193 1.4401078944748791 0.0009765625
43.915673076923078 43.935439102564104 1.4394478167786118 1.4400778454074195 0.0009765625
43.935439102564104 43.955205128205129 1.4394178085657789 1.4400478167786119 0.0009765625
43.955205128205129 43.974971153846155 1.4393878207462789 1.4400178085657791 0.0009765625
43.974971153846155 43.994737179487181 1.4393578532975095 1.4399878207462791 0.0009765625
43.994737179487181 44.014503205128207 1.4393279061968955 1.4399578532975097 0.0009765625
44.014503205128207 44.034269230769233 1.4392979794219136 1.4399279061968957 0.0009765625
44.034269230769233 44.054035256410259 1.4392680729500476 1.4398979794219138 0.0009765625
44.054035256410259 44.073801282051285 1.4392381867588409 1.4398680729500477 0.0009765625
44.073801282051285 44.093567307692311 1.4392083208258635 1.439838186758841 0.0009765625
44.093567307692311 44.113333333333337 1.4391784751287209 1.4398083208258636 0.0009765625
44.113333333333337 44.133099358974363 1.439148649644449 1.4397784751281184 0.0009765625
44.133099358974363 44.152865384615389 1.4391188443525169 1.439748649645042 0.0009765625
44.152865384615389 44.172631410256415 1.4390890592288363 1.4397188443525171 0.0009765625
44.172631410256415 44.192397435897441 1.4390592942517471 1.4396890592288365 0.0009765625
44.192397435897441 44.212163461538466 1.4390295493990326 1.4396592942517472 0.0009765625
44.212163461538466 44.231929487179492 1.4389998246484963 1.4396295493990328 0.0009765625
44.231929487179492 44.251695512820518 1.4389701199779907 1.4395998246484965 0.0009765625
44.251695512820518 44.271461538461544 1.4389404353653892 1.4395701199779909 0.0009765625
44.271461538461544 44.29122756410257 1.4389107707886029 1.4395404353653893 0.0009765625
44.29122756410257 44.310993589743589 1.4388811262255832 1.439510770788603 0.0009765625
44.310993589743589 44.330759615384615 1.438851501654312 1.4394811262255833 0.0009765625
44.330759615384615 44.350525641025641 1.4388218970527997 1.4394515016543121 0.0009765625
44.350525641025641 44.370291666666667 1.4387923123990953 1.4394218970527999 0.0009765625
44.370291666666667 44.390057692307693 1.4387627476712901 1.4393923123990955 0.0009765625
44.390057692307693 44.409823717948719 1.4387332028474962 1.4393627476712902 0.0009765625
44.409823717948719 44.429589743589744 1.4387036779058562 1.4393332028474963 0.0009765625
44.429589743589744 44.44935576923077 1.4386741728245567 1.4393036779058563 0.0009765625
44.44935576923077 44.469121794871796 1.4386446875818173 1.4392741728245568 0.0009765625
44.469121794871796 44.488887820512822 1.4386152221558923 1.4392446875818175 0.0009765625
44.488887820512822 44.508653846153848 1.4385857765250549 1.4392152221558925 0.0009765625
44.508653846153848 44.528419871794874 1.438556350667632 1.4391857765250551 0.0009765625
44.528419871794874 44.5481858974359 1.4385269445619639 1.4391563506676321 0.0009765625
44.5481858974359 44.567951923076926 1.4384975581864428 1.4391269445619641 0.0009765625
44.567951923076926 44.587717948717952 1.4384681915194777 1.4390975581864429 0.0009765625
44.587717948717952 44.607483974358978 1.4384388445395253 1.4390681915194778 0.0009765625
44.607483974358978 44.627250000000004 1.4384095172250637 1.4390388445395255 0.0009765625
44.627250000000004 44.64701602564103 1.4383802095546021 1.4390095172250639 0.0009765625
44.64701602564103 44.666782051282055 1.4383509215067012 1.4389802095546023 0.0009765625
44.666782051282055 44.686548076923081 1.4383216530599274 1.4389509215067013 0.0009765625
44.686548076923081 44.706314102564107 1.4382924041929068 1.4389216530599276 0.0009765625
44.706314102564107 44.726080128205126 1.4382631748842769 1.438892404192907 0.0009765625
44.726080128205126 44.745846153846152 1.4382339651127241 1.4388631748842771 0.0009765625
44.745846153846152 44.765612179487178 1.4382047748569455 1.4388339651127242 0.0009765625
44.765612179487178 44.785378205128204 1.4381756040957043 1.4388047748569457 0.0009765625
44.785378205128204 44.80514423076923 1.4381464528077619 1.4387756040957045 0.0009765625
44.80514423076923 44.824910256410256 1.4381173209719276 1.438746452807762 0.0009765625
44.824910256410256 44.844676282051282 1.4380882085670474 1.4387173209719277 0.0009765625
44.844676282051282 44.864442307692308 1.4380591155719873 1.4386882085670476 0.0009765625
44.864442307692308 44.884208333333333 1.4380300419656584 1.4386591155719874 0.0009765625
44.884208333333333 44.903974358974359 1.4380009877269913 1.4386300419656586 0.0009765625
44.903974358974359 44.923740384615385 1.4379719528343624 1.4386009877263997 0.0009765625
44.923740384615385 44.943506410256411 1.4379429372685668 1.4385719528349625 0.0009765625
44.943506410256411 44.963272435897437 1.43791394100684 1.438542937268567 0.0009765625
44.963272435897437 44.983038461538463 1.4378849640288396 1.4385139410068402 0.0009765625
44.983038461538463 45.002804487179489 1.4378560063136625 1.4384849640288397 0.0009765625
45.002804487179489 45.022570512820515 1.437827067840445 1.4384560063136627 0.0009765625
45.022570512820515 45.042336538461541 1.4377981485883404 1.4384270678404452 0.0009765625
45.042336538461541 45.062102564102567 1.4377692485365379 1.4383981485883406 0.0009765625
45.062102564102567 45.081868589743593 1.4377403676642699 1.438369248536538 0.0009765625
45.081868589743593 45.101634615384619 1.4377115059507755 1.4383403676642701 0.0009765625
45.101634615384619 45.121400641025645 1.4376826633753537 1.4383115059507756 0.0009765625
45.121400641025645 45.14116666666667 1.437653839917312 1.4382826633753538 0.0009765625
45.14116666666667 45.160932692307696 1.4376250355559985 1.4382538399173121 0.0009765625
45.160932692307696 45.180698717948722 1.4375962502707915 1.4382250355559987 0.0009765625
45.180698717948722 45.200464743589748 1.4375674840411052 1.4381962502707917 0.0009765625
45.200464743589748 45.220230769230774 1.4375387368463843 1.4381674840411054 0.0009765625
45.220230769230774 45.2399967948718 1.4375100086660884 1.4381387368463845 0.0009765625
45.2399967948718 45.259762820512826 1.4374812994797317 1.4381100086660885 0.0009765625
45.259762820512826 45.279528846153852 1.4374526092668423 1.4380812994797318 0.0009765625
45.279528846153852 45.299294871794871 1.4374239380069869 1.4380526092668424 0.0009765625
45.299294871794871 45.319060897435897 1.4373952856797612 1.438023938006987 0.0009765625
45.319060897435897 45.338826923076923 1.4373666522647941 1.4379952856797613 0.0009765625
45.338826923076923 45.358592948717948 1.4373380377417322 1.4379666522647943 0.0009765625
45.358592948717948 45.378358974358974 1.4373094420902761 1.4379380377417323 0.0009765625
45.378358974358974 45.398125 1.4372808652901348 1.4379094420902763 0.0009765625
45.398125 45.417891025641026 1.4372523073210581 1.4378808652901349 0.0009765625
45.417891025641026 45.437657051282052 1.4372237681628255 1.4378523073210583 0.0009765625
45.437657051282052 45.457423076923078 1.4371952477952514 1.4378237681628256 0.0009765625
45.457423076923078 45.477189102564104 1.4371667461981728 1.4377952477952516 0.0009765625
45.477189102564104 45.49695512820513 1.4371382633514498 1.4377667461981729 0.0009765625
45.49695512820513 45.516721153846156 1.4371097992349917 1.4377382633514499 0.0009765625
45.516721153846156 45.536487179487182 1.4370813538287313 1.4377097992349919 0.0009765625
45.536487179487182 45.556253205128208 1.4370529271126242 1.4376813538287314 0.0009765625
45.556253205128208 45.576019230769234 1.4370245190666531 1.4376529271126244 0.0009765625
45.576019230769234 45.595785256410259 1.436996129670846 1.4376245190666532 0.0009765625
45.595785256410259 45.615551282051285 1.4369677589052543 1.4375961296708462 0.0009765625
45.615551282051285 45.635317307692311 1.4369394067499546 1.4375677589052545 0.0009765625
45.635317307692311 45.655083333333337 1.4369110731850581 1.4375394067499547 0.0009765625
45.655083333333337 45.674849358974363 1.4368827581907038 1.4375110731850582 0.0009765625
45.674849358974363 45.694615384615389 1.4368544617470549 1.4374827581907039 0.0009765625
45.694615384615389 45.714381410256415 1.4368261838337195 1.4374544617464633 0.0009765625
45.714381410256415 45.734147435897441 1.4367979244327151 1.4374261838343165 0.0009765625
45.734147435897441 45.753913461538467 1.436769683522505 1.4373979244327153 0.0009765625
45.753913461538467 45.773679487179493 1.4367414610839775 1.4373696835225052 0.0009765625
45.773679487179493 45.793445512820519 1.4367132570974475 1.4373414610839776 0.0009765625
45.793445512820519 45.813211538461545 1.4366850715432609 1.4373132570974476 0.0009765625
45.813211538461545 45.832977564102571 1.4366569044017885 1.437285071543261 0.0009765625
45.832977564102571 45.852743589743596 1.4366287556534383 1.4372569044017887 0.0009765625
45.852743589743596 45.872509615384622 1.4366006252786354 1.4372287556534384 0.0009765625
45.872509615384622 45.892275641025648 1.4365725132578617 1.4372006252786356 0.0009765625
45.892275641025648 45.912041666666667 1.4365444195715904 1.4371725132578619 0.0009765625
45.912041666666667 45.931807692307693 1.4365163442003366 1.4371444195715906 0.0009765625
45.931807692307693 45.951573717948719 1.4364882871246702 1.4371163442003367 0.0009765625
45.951573717948719 45.971339743589745 1.436460248325155 1.4370882871246704 0.0009765625
45.971339743589745 45.991105769230771 1.4364322277824069 1.4370602483251551 0.0009765625
45.991105769230771 46.010871794871797 1.4364042254770528 1.437032227782407 0.0009765625
46.010871794871797 46.030637820512823 1.4363762413897643 1.437004225477053 0.0009765625
46.030637820512823 46.050403846153849 1.4363482755012271 1.4369762413897644 0.0009765625
46.050403846153849 46.070169871794874 1.4363203277921666 1.4369482755012273 0.0009765625
46.070169871794874 46.0899358974359 1.4362923982433287 1.4369203277921667 0.0009765625
46.0899358974359 46.109701923076926 1.4362644868354979 1.4368923982433288 0.0009765625
46.109701923076926 46.129467948717952 1.4362365935494812 1.4368644868354981 0.0009765625
46.129467948717952 46.149233974358978 1.4362087183661099 1.4368365935494813 0.0009765625
46.149233974358978 46.169000000000004 1.4361808612662492 1.43680871836611 0.0009765625
46.169000000000004 46.18876602564103 1.4361530222307952 1.4367808612662494 0.0009765625
46.18876602564103 46.208532051282056 1.4361252012406607 1.4367530222307954 0.0009765625
46.208532051282056 46.228298076923082 1.4360973982767928 1.4367252012406608 0.0009765625
46.228298076923082 46.248064102564108 1.4360696133201791 1.436697398276793 0.0009765625
46.248064102564108 46.267830128205134 1.4360418463518207 1.4366696133201793 0.0009765625
46.267830128205134 46.287596153846152 1.4360140973527384 1.4366418463518209 0.0009765625
46.287596153846152 46.307362179487178 1.4359863663040082 1.4366140973527386 0.0009765625
46.307362179487178 46.327128205128204 1.435958653186705 1.4365863663040084 0.0009765625
46.327128205128204 46.34689423076923 1.435930957981959 1.4365586531867052 0.0009765625
46.34689423076923 46.366660256410256 1.4359032806709013 1.4365309579819592 0.0009765625
46.366660256410256 46.386426282051282 1.4358756212347037 1.4365032806709015 0.0009765625
46.386426282051282 46.406192307692308 1.4358479796545798 1.4364756212347038 0.0009765625
46.406192307692308 46.425958333333334 1.4358203559117466 1.4364479796545799 0.0009765625
46.425958333333334 46.44572435897436 1.4357927499874528 1.4364203559117468 0.0009765625
46.44572435897436 46.465490384615386 1.4357651618629939 1.4363927499874529 0.0009765625
46.465490384615386 46.485256410256412 1.4357375915196742 1.436365161862994 0.0009765625
46.485256410256412 46.505022435897438 1.4357100389382247 1.4363375915190735 0.0009765625
46.505022435897438 46.524788461538463 1.4356825041018138 1.4363100389388228 0.0009765625
46.524788461538463 46.544554487179489 1.4356549869900312 1.4362825041018139 0.0009765625
46.544554487179489 46.564320512820515 1.4356274875849033 1.4362549869900314 0.0009765625
46.564320512820515 46.584086538461541 1.4356000058678662 1.4362274875849035 0.0009765625
46.584086538461541 46.603852564102567 1.4355725418204042 1.4362000058678663 0.0009765625
46.603852564102567 46.623618589743593 1.4355450954240079 1.4361725418204043 0.0009765625
46.623618589743593 46.643384615384619 1.4355176666602076 1.436145095424008 0.0009765625
46.643384615384619 46.663150641025645 1.4354902555105602 1.4361176666602078 0.0009765625
46.663150641025645 46.682916666666671 1.4354628619566503 1.4360902555105604 0.0009765625
46.682916666666671 46.70268269230769 1.4354354859800771 1.4360628619566504 0.0009765625
46.70268269230769 46.722448717948716 1.4354081275624742 1.4360354859800772 0.0009765625
46.722448717948716 46.742214743589741 1.4353807866855168 1.4360081275624743 0.0009765625
46.742214743589741 46.761980769230767 1.4353534633308873 1.435980786685517 0.0009765625
46.761980769230767 46.781746794871793 1.4353261574802965 1.4359534633308875 0.0009765625
46.781746794871793 46.801512820512819 1.4352988691154946 1.4359261574802966 0.0009765625
46.801512820512819 46.821278846153845 1.4352715982182422 1.4358988691154948 0.0009765625
46.821278846153845 46.841044871794871 1.4352443447703465 1.4358715982182424 0.0009765625
46.841044871794871 46.860810897435897 1.4352171087536156 1.4358443447703466 0.0009765625
46.860810897435897 46.880576923076923 1.4351898901499063 1.4358171087536158 0.0009765625
46.880576923076923 46.900342948717949 1.4351626889410838 1.4357898901499064 0.0009765625
46.900342948717949 46.920108974358975 1.4351355051090593 1.4357626889410839 0.0009765625
46.920108974358975 46.939875000000001 1.4351083386357597 1.4357355051090595 0.0009765625
46.939875000000001 46.959641025641027 1.4350811895031339 1.4357083386357599 0.0009765625
46.959641025641027 46.979407051282053 1.435054057693163 1.4356811895031341 0.0009765625
46.979407051282053 46.999173076923078 1.4350269431878595 1.4356540576931631 0.0009765625
46.999173076923078 47.018939102564104 1.4349998459692435 1.4356269431878597 0.0009765625
47.018939102564104 47.03870512820513 1.434972766019379 1.4355998459692436 0.0009765625
47.03870512820513 47.058471153846156 1.434945703320351 1.4355727660193791 0.0009765625
47.058471153846156 47.078237179487175 1.4349186578542721 1.4355457033203511 0.0009765625
47.078237179487175 47.098003205128201 1.434891629603269 1.4355186578542722 0.0009765625
47.098003205128201 47.117769230769227 1.4348646185495115 1.4354916296032691 0.0009765625
47.117769230769227 47.137535256410253 1.4348376246751897 1.4354646185495117 0.0009765625
47.137535256410253 47.157301282051279 1.4348106479625058 1.4354376246751899 0.0009765625
47.157301282051279 47.177067307692305 1.4347836883937084 1.4354106479625059 0.0009765625
47.177067307692305 47.196833333333331 1.4347567459510662 1.4353836883937086 0.0009765625
47.196833333333331 47.216599358974356 1.4347298206168582 1.4353567459510663 0.0009765625
47.216599358974356 47.236365384615382 1.4347029123734032 1.4353298206168583 0.0009765625
47.236365384615382 47.256131410256408 1.4346760212030483 1.4353029123734034 0.0009765625
47.256131410256408 47.275897435897434 1.4346491470881599 1.4352760212030484 0.0009765625
47.275897435897434 47.29566346153846 1.4346222900105323 1.4352491470875688 0.0009765625
47.29566346153846 47.315429487179486 1.4345954499543703 1.435222290011122 0.0009765625
47.315429487179486 47.335195512820512 1.434568626900329 1.4351954499543704 0.0009765625
47.335195512820512 47.354961538461538 1.4345418208314742 1.4351686269003292 0.0009765625
47.354961538461538 47.374727564102564 1.434515031730301 1.4351418208314743 0.0009765625
47.374727564102564 47.39449358974359 1.4344882595793318 1.4351150317303012 0.0009765625
47.39449358974359 47.414259615384616 1.4344615043611042 1.4350882595793319 0.0009765625
47.414259615384616 47.434025641025642 1.4344347660581842 1.4350615043611044 0.0009765625
47.434025641025642 47.453791666666667 1.4344080446531764 1.4350347660581844 0.0009765625
47.453791666666667 47.473557692307693 1.4343813401286993 1.4350080446531766 0.0009765625
47.473557692307693 47.493323717948719 1.4343546524673887 1.4349813401286995 0.0009765625
47.493323717948719 47.513089743589745 1.4343279816519188 1.4349546524673888 0.0009765625
47.513089743589745 47.532855769230771 1.4343013276649823 1.4349279816519189 0.0009765625
47.532855769230771 47.552621794871797 1.4342746904893031 1.4349013276649825 0.0009765625
47.552621794871797 47.572387820512823 1.4342480701076163 1.4348746904893033 0.0009765625
47.572387820512823 47.592153846153849 1.4342214665027031 1.4348480701076165 0.0009765625
47.592153846153849 47.611919871794875 1.4341948796573429 1.4348214665027033 0.0009765625
47.611919871794875 47.631685897435901 1.4341683095543596 1.4347948796573431 0.0009765625
47.631685897435901 47.651451923076927 1.4341417561765966 1.4347683095543597 0.0009765625
47.651451923076927 47.671217948717953 1.4341152195069224 1.4347417561765967 0.0009765625
47.671217948717953 47.690983974358971 1.4340886995282296 1.4347152195069226 0.0009765625
47.690983974358971 47.710749999999997 1.4340621962234246 1.4346886995282297 0.0009765625
47.710749999999997 47.730516025641023 1.4340357095754577 1.4346621962234247 0.0009765625
47.730516025641023 47.750282051282049 1.4340092395672912 1.4346357095754578 0.0009765625
47.750282051282049 47.770048076923075 1.4339827861819072 1.4346092395672914 0.0009765625
47.770048076923075 47.789814102564101 1.4339563494023295 1.4345827861819074 0.0009765625
47.789814102564101 47.809580128205127 1.4339299292115906 1.4345563494023297 0.0009765625
47.809580128205127 47.829346153846153 1.4339035255927486 1.4345299292115907 0.0009765625
47.829346153846153 47.849112179487179 1.433877138528898 1.4345035255927487 0.0009765625
47.849112179487179 47.868878205128205 1.4338507680031485 1.4344771385288981 0.0009765625
47.868878205128205 47.888644230769231 1.4338244139986254 1.4344507680031486 0.0009765625
47.888644230769231 47.908410256410257 1.4337980764984912 1.4344244139986255 0.0009765625
47.908410256410257 47.928176282051282 1.4337717554859342 1.4343980764984914 0.0009765625
47.928176282051282 47.947942307692308 1.4337454509441541 1.4343717554859343 0.0009765625
47.947942307692308 47.967708333333334 1.4337191628563781 1.4343454509441542 0.0009765625
47.967708333333334 47.98747435897436 1.4336928912058684 1.4343191628563783 0.0009765625
47.98747435897436 48.007240384615386 1.4336666359758954 1.4342928912058686 0.0009765625
48.007240384615386 48.027006410256412 1.4336403971497687 1.4342666359758955 0.0009765625
48.027006410256412 48.046772435897438 1.4336141747108064 1.4342403971497688 0.0009765625
48.046772435897438 48.066538461538464 1.4335879686423545 1.4342141747108066 0.0009765625
48.066538461538464 48.08630448717949 1.4335617789272075 1.4341879686417649 0.0009765625
48.08630448717949 48.106070512820516 1.4335356055505191 1.4341617789278012 0.0009765625
48.106070512820516 48.125836538461542 1.4335094484939457 1.4341356055505192 0.0009765625
48.125836538461542 48.145602564102568 1.4334833077415163 1.4341094484939458 0.0009765625
48.145602564102568 48.165368589743593 1.4334571832767031 1.4340833077415165 0.0009765625
48.165368589743593 48.185134615384619 1.4334310750829882 1.4340571832767033 0.0009765625
48.185134615384619 48.204900641025645 1.4334049831438949 1.4340310750829883 0.0009765625
48.204900641025645 48.224666666666671 1.433378907442951 1.434004983143895 0.0009765625
48.224666666666671 48.244432692307697 1.4333528479637172 1.4339789074429512 0.0009765625
48.244432692307697 48.264198717948716 1.4333268046897816 1.4339528479637174 0.0009765625
48.264198717948716 48.283964743589742 1.4333007776047468 1.4339268046897817 0.0009765625
48.283964743589742 48.303730769230768 1.4332747666922481 1.433900777604747 0.0009765625
48.303730769230768 48.323496794871794 1.433248771935927 1.4338747666922482 0.0009765625
48.323496794871794 48.34326282051282 1.433222793319469 1.4338487719359272 0.0009765625
48.34326282051282 48.363028846153846 1.4331968308265663 1.4338227933194692 0.0009765625
48.363028846153846 48.382794871794871 1.433170884440947 1.4337968308265665 0.0009765625
48.382794871794871 48.402560897435897 1.4331449541463548 1.4337708844409471 0.0009765625
48.402560897435897 48.422326923076923 1.4331190399265561 1.4337449541463549 0.0009765625
48.422326923076923 48.442092948717949 1.4330931417653323 1.4337190399265562 0.0009765625
48.442092948717949 48.461858974358975 1.4330672596465135 1.4336931417653325 0.0009765625
48.461858974358975 48.481625000000001 1.4330413935539235 1.4336672596465136 0.0009765625
48.481625000000001 48.501391025641027 1.4330155434714233 1.4336413935539236 0.0009765625
48.501391025641027 48.521157051282053 1.4329897093828958 1.4336155434714235 0.0009765625
48.521157051282053 48.540923076923079 1.4329638912722442 1.433589709382896 0.0009765625
48.540923076923079 48.560689102564105 1.4329380891234038 1.4335638912722444 0.0009765625
48.560689102564105 48.580455128205131 1.4329123029203075 1.433538089123404 0.0009765625
48.580455128205131 48.600221153846157 1.432886532646936 1.4335123029203076 0.0009765625
48.600221153846157 48.619987179487183 1.4328607782872917 1.4334865326469362 0.0009765625
48.619987179487183 48.639753205128208 1.4328350398253777 1.4334607782872919 0.0009765625
48.639753205128208 48.659519230769234 1.4328093172452407 1.4334350398253779 0.0009765625
48.659519230769234 48.679285256410253 1.4327836105309395 1.4334093172452409 0.0009765625
48.679285256410253 48.699051282051279 1.4327579196665619 1.4333836105309397 0.0009765625
48.699051282051279 48.718817307692305 1.4327322446362043 1.433357919666562 0.0009765625
48.718817307692305 48.738583333333331 1.4327065854240122 1.4333322446362045 0.0009765625
48.738583333333331 48.758349358974357 1.4326809420141224 1.4333065854240123 0.0009765625
48.758349358974357 48.778115384615383 1.4326553143907128 1.4332809420141226 0.0009765625
48.778115384615383 48.797881410256409 1.4326297025379728 1.433255314390713 0.0009765625
48.797881410256409 48.817647435897435 1.432604106440126 1.433229702537973 0.0009765625
48.817647435897435 48.837413461538461 1.4325785260814154 1.4332041064401262 0.0009765625
48.837413461538461 48.857179487179486 1.4325529614460917 1.4331785260814156 0.0009765625
48.857179487179486 48.876945512820512 1.4325274125178573 1.4331529614455063 0.0009765625
48.876945512820512 48.896711538461538 1.4325018792827757 1.4331274125184423 0.0009765625
48.896711538461538 48.916477564102564 1.4324763617234193 1.4331018792827759 0.0009765625
48.916477564102564 48.93624358974359 1.4324508598247128 1.4330763617234195 0.0009765625
48.93624358974359 48.956009615384616 1.4324253735710279 1.4330508598247129 0.0009765625
48.956009615384616 48.975775641025642 1.4323999029467755 1.4330253735710281 0.0009765625
48.975775641025642 48.995541666666668 1.4323744479363474 1.4329999029467757 0.0009765625
48.995541666666668 49.015307692307694 1.4323490085241923 1.4329744479363475 0.0009765625
49.015307692307694 49.03507371794872 1.4323235846947564 1.4329490085241925 0.0009765625
49.03507371794872 49.054839743589746 1.4322981764325364 1.4329235846947566 0.0009765625
49.054839743589746 49.074605769230772 1.4322727837220179 1.4328981764325366 0.0009765625
49.074605769230772 49.094371794871797 1.4322474065477284 1.4328727837220181 0.0009765625
49.094371794871797 49.114137820512823 1.4322220448942142 1.4328474065477286 0.0009765625
49.114137820512823 49.133903846153849 1.4321966987460335 1.4328220448942144 0.0009765625
49.133903846153849 49.153669871794875 1.4321713680877786 1.4327966987460337 0.0009765625
49.153669871794875 49.173435897435901 1.4321460529040591 1.4327713680877787 0.0009765625
49.173435897435901 49.193201923076927 1.4321207531794986 1.4327460529040592 0.0009765625
49.193201923076927 49.212967948717953 1.4320954688987477 1.4327207531794988 0.0009765625
49.212967948717953 49.232733974358979 1.4320702000464878 1.4326954688987479 0.0009765625
49.232733974358979 49.252499999999998 1.4320449466073999 1.4326702000464879 0.0009765625
49.252499999999998 49.272266025641024 1.4320197085662079 1.4326449466074 0.0009765625
49.272266025641024 49.29203205128205 1.4319944859076466 1.432619708566208 0.0009765625
49.29203205128205 49.311798076923075 1.4319692786164697 1.4325944859076467 0.0009765625
49.311798076923075 49.331564102564101 1.4319440866774529 1.4325692786164699 0.0009765625
49.331564102564101 49.351330128205127 1.431918910075396 1.432544086677453 0.0009765625
49.351330128205127 49.371096153846153 1.431893748795122 1.4325189100753961 0.0009765625
49.371096153846153 49.390862179487179 1.4318686028214749 1.4324937487951221 0.0009765625
49.390862179487179 49.410628205128205 1.4318434721393103 1.432468602821475 0.0009765625
49.410628205128205 49.430394230769231 1.4318183567335072 1.4324434721393104 0.0009765625
49.430394230769231 49.450160256410257 1.4317932565889764 1.4324183567335074 0.0009765625
49.450160256410257 49.469926282051283 1.4317681716906416 1.4323932565889765 0.0009765625
49.469926282051283 49.489692307692309 1.4317431020234441 1.4323681716906418 0.0009765625
49.489692307692309 49.509458333333335 1.4317180475723603 1.4323431020234443 0.0009765625
49.509458333333335 49.529224358974361 1.4316930083223602 1.4323180475723605 0.0009765625
49.529224358974361 49.548990384615387 1.4316679842584605 1.4322930083223604 0.0009765625
49.548990384615387 49.568756410256412 1.4316429753656974 1.4322679842584607 0.0009765625
49.568756410256412 49.588522435897438 1.4316179816291021 1.4322429753656976 0.0009765625
49.588522435897438 49.608288461538464 1.4315930030337554 1.4322179816291023 0.0009765625
49.608288461538464 49.62805448717949 1.4315680395647385 1.4321930030337555 0.0009765625
49.62805448717949 49.647820512820516 1.4315430912071705 1.4321680395647387 0.0009765625
49.647820512820516 49.667586538461542 1.4315181579455925 1.4321430912065838 0.0009765625
49.667586538461542 49.687352564102568 1.431493239766922 1.432118157946183 0.0009765625
49.687352564102568 49.707118589743594 1.431468336654554 1.4320932397669222 0.0009765625
49.707118589743594 49.72688461538462 1.4314434485942773 1.4320683366545541 0.0009765625
49.72688461538462 49.746650641025646 1.4314185755713071 1.4320434485942775 0.0009765625
49.746650641025646 49.766416666666672 1.4313937175708669 1.4320185755713073 0.0009765625
49.766416666666672 49.786182692307698 1.431368874578214 1.431993717570867 0.0009765625
49.786182692307698 49.805948717948723 1.4313440465786249 1.4319688745782142 0.0009765625
49.805948717948723 49.825714743589749 1.4313192335573854 1.4319440465786251 0.0009765625
49.825714743589749 49.845480769230775 1.4312944354998165 1.4319192335573856 0.0009765625
49.845480769230775 49.865246794871794 1.4312696523912412 1.4318944354998167 0.0009765625
49.865246794871794 49.88501282051282 1.4312448842170238 1.4318696523912413 0.0009765625
49.88501282051282 49.904778846153846 1.4312201309625319 1.4318448842170239 0.0009765625
49.904778846153846 49.924544871794872 1.4311953926131569 1.431820130962532 0.0009765625
49.924544871794872 49.944310897435898 1.4311706691543122 1.431795392613157 0.0009765625
49.944310897435898 49.964076923076924 1.4311459605714358 1.4317706691543124 0.0009765625
49.964076923076924 49.98384294871795 1.4311212668499829 1.431745960571436 0.0009765625
49.98384294871795 50.003608974358976 1.4310965879754201 1.431721266849983 0.0009765625
50.003608974358976 50.023375000000001 1.431071923933235 1.4316965879754202 0.0009765625
50.023375000000001 50.043141025641027 1.4310472747089578 1.4316719239332352 0.0009765625
50.043141025641027 50.062907051282053 1.4310226402881059 1.4316472747089579 0.0009765625
50.062907051282053 50.082673076923079 1.4309980206562354 1.431622640288106 0.0009765625
50.082673076923079 50.102439102564105 1.43097341579892 1.4315980206562355 0.0009765625
50.102439102564105 50.122205128205131 1.4309488257017458 1.4315734157989202 0.0009765625
50.122205128205131 50.141971153846157 1.430924250350331 1.4315488257017459 0.0009765625
50.141971153846157 50.161737179487183 1.4308996897303012 1.4315242503503312 0.0009765625
50.161737179487183 50.181503205128209 1.4308751438273029 1.4314996897303014 0.0009765625
50.181503205128209 50.201269230769235 1.4308506126270166 1.431475143827303 0.0009765625
50.201269230769235 50.221035256410261 1.4308260961151218 1.4314506126270168 0.0009765625
50.221035256410261 50.240801282051279 1.4308015942773336 1.4314260961151219 0.0009765625
50.240801282051279 50.260567307692305 1.4307771070993747 1.4314015942773337 0.0009765625
50.260567307692305 50.280333333333331 1.4307526345669923 1.4313771070993748 0.0009765625
50.280333333333331 50.300099358974357 1.430728176665963 1.4313526345669925 0.0009765625
50.300099358974357 50.319865384615383 1.4307037333820516 1.4313281766659631 0.0009765625
50.319865384615383 50.339631410256409 1.4306793047010931 1.4313037333820517 0.0009765625
50.339631410256409 50.359397435897435 1.4306548906088821 1.4312793047010932 0.0009765625
50.359397435897435 50.379163461538461 1.4306304910912846 1.4312548906088822 0.0009765625
50.379163461538461 50.398929487179487 1.4306061061341488 1.4312304910912848 0.0009765625
50.398929487179487 50.418695512820513 1.4305817357233641 1.431206106134149 0.0009765625
50.418695512820513 50.438461538461539 1.4305573798448319 1.4311817357233643 0.0009765625
50.438461538461539 50.458227564102565 1.430533038483875 1.4311573798442419 0.0009765625
50.458227564102565 50.477993589743591 1.4305087116282094 1.431133038484466 0.0009765625
50.477993589743591 50.497759615384616 1.4304843992620262 1.4311087116282095 0.0009765625
50.497759615384616 50.517525641025642 1.4304601013718823 1.4310843992620264 0.0009765625
50.517525641025642 50.537291666666668 1.4304358179437811 1.4310601013718824 0.0009765625
50.537291666666668 50.557057692307694 1.4304115489637346 1.4310358179437812 0.0009765625
50.557057692307694 50.57682371794872 1.4303872944177849 1.4310115489637347 0.0009765625
50.57682371794872 50.596589743589746 1.4303630542919714 1.430987294417785 0.0009765625
50.596589743589746 50.616355769230772 1.4303388285723759 1.4309630542919716 0.0009765625
50.616355769230772 50.636121794871798 1.4303146172450796 1.4309388285723761 0.0009765625
50.636121794871798 50.655887820512817 1.4302904202961977 1.4309146172450797 0.0009765625
50.655887820512817 50.675653846153843 1.4302662377118616 1.4308904202961978 0.0009765625
50.675653846153843 50.695419871794869 1.4302420694782063 1.4308662377118617 0.0009765625
50.695419871794869 50.715185897435894 1.4302179155814085 1.4308420694782065 0.0009765625
50.715185897435894 50.73495192307692 1.4301937760076446 1.4308179155814087 0.0009765625
50.73495192307692 50.754717948717946 1.4301696507431241 1.4307937760076448 0.0009765625
50.754717948717946 50.774483974358972 1.430145539774057 1.4307696507431242 0.0009765625
50.774483974358972 50.794249999999998 1.4301214430866884 1.4307455397740572 0.0009765625
50.794249999999998 50.814016025641024 1.4300973606672784 1.4307214430866886 0.0009765625
50.814016025641024 50.83378205128205 1.4300732925020962 1.4306973606672786 0.0009765625
50.83378205128205 50.853548076923076 1.4300492385774508 1.4306732925020964 0.0009765625
50.853548076923076 50.873314102564102 1.4300251988796366 1.430649238577451 0.0009765625
50.873314102564102 50.893080128205128 1.4300011733949998 1.4306251988796368 0.0009765625
50.893080128205128 50.912846153846154 1.4299771621098816 1.4306011733949999 0.0009765625
50.912846153846154 50.93261217948718 1.4299531650106458 1.4305771621098817 0.0009765625
50.93261217948718 50.952378205128205 1.4299291820836961 1.430553165010646 0.0009765625
50.952378205128205 50.972144230769231 1.4299052133154266 1.4305291820836963 0.0009765625
50.972144230769231 50.991910256410257 1.4298812586922598 1.4305052133154268 0.0009765625
50.991910256410257 51.011676282051283 1.4298573182006307 1.4304812586922599 0.0009765625
51.011676282051283 51.031442307692302 1.429833391827003 1.4304573182006308 0.0009765625
51.031442307692302 51.051208333333328 1.429809479557858 1.4304333918270031 0.0009765625
51.051208333333328 51.070974358974354 1.4297855813796945 1.4304094795578581 0.0009765625
51.070974358974354 51.09074038461538 1.4297616972790113 1.4303855813796946 0.0009765625
51.09074038461538 51.110506410256406 1.4297378272423449 1.4303616972790114 0.0009765625
51.110506410256406 51.130272435897432 1.4297139712562594 1.430337827242345 0.0009765625
51.130272435897432 51.150038461538458 1.4296901293073025 1.4303139712562596 0.0009765625
51.150038461538458 51.169804487179483 1.4296663013820652 1.4302901293073027 0.0009765625
51.169804487179483 51.189570512820509 1.4296424874671569 1.4302663013820653 0.0009765625
51.189570512820509 51.209336538461535 1.4296186875491896 1.4302424874671571 0.0009765625
51.209336538461535 51.229102564102561 1.4295949016148053 1.4302186875491898 0.0009765625
51.229102564102561 51.248868589743587 1.4295711296500764 1.4301949016142179 0.0009765625
51.248868589743587 51.268634615384613 1.4295473716434353 1.4301711296506627 0.0009765625
51.268634615384613 51.288400641025639 1.4295236275798056 1.4301473716434354 0.0009765625
51.288400641025639 51.308166666666665 1.4294998974465025 1.4301236275798057 0.0009765625
51.308166666666665 51.327932692307691 1.4294761812302386 1.4300998974465027 0.0009765625
51.327932692307691 51.347698717948717 1.4294524789177647 1.4300761812302387 0.0009765625
51.347698717948717 51.367464743589743 1.4294287904958369 1.4300524789177649 0.0009765625
51.367464743589743 51.387230769230769 1.4294051159512389 1.4300287904958371 0.0009765625
51.387230769230769 51.406996794871795 1.4293814552707751 1.430005115951239 0.0009765625
51.406996794871795 51.42676282051282 1.4293578084412513 1.4299814552707752 0.0009765625
51.42676282051282 51.446528846153846 1.4293341754495072 1.4299578084412514 0.0009765625
51.446528846153846 51.466294871794872 1.429310556282388 1.4299341754495074 0.0009765625
51.466294871794872 51.486060897435898 1.4292869509267603 1.4299105562823882 0.0009765625
51.486060897435898 51.505826923076924 1.429263359369515 1.4298869509267604 0.0009765625
51.505826923076924 51.52559294871795 1.4292397815975519 1.4298633593695151 0.0009765625
51.52559294871795 51.545358974358976 1.4292162175977916 1.4298397815975521 0.0009765625
51.545358974358976 51.565125000000002 1.4291926673571635 1.4298162175977918 0.0009765625
51.565125000000002 51.584891025641028 1.4291691308626375 1.4297926673571637 0.0009765625
51.584891025641028 51.604657051282054 1.4291456081011689 1.4297691308626377 0.0009765625
51.604657051282054 51.62442307692308 1.4291220990597575 1.429745608101169 0.0009765625
51.62442307692308 51.644189102564098 1.4290986037253992 1.4297220990597577 0.0009765625
51.644189102564098 51.663955128205124 1.4290751220851294 1.4296986037253994 0.0009765625
51.663955128205124 51.68372115384615 1.4290516541259832 1.4296751220851296 0.0009765625
51.68372115384615 51.703487179487176 1.4290281998350167 1.4296516541259834 0.0009765625
51.703487179487176 51.723253205128202 1.4290047591993065 1.4296281998350169 0.0009765625
51.723253205128202 51.743019230769228 1.4289813322059362 1.4296047591993066 0.0009765625
51.743019230769228 51.762785256410254 1.4289579188420347 1.4295813322059363 0.0009765625
51.762785256410254 51.78255128205128 1.4289345190946998 1.4295579188420349 0.0009765625
51.78255128205128 51.802317307692306 1.4289111329510968 1.4295345190947 0.0009765625
51.802317307692306 51.822083333333332 1.4288877603983732 1.429511132951097 0.0009765625
51.822083333333332 51.841849358974358 1.4288644014237128 1.4294877603983733 0.0009765625
51.841849358974358 51.861615384615384 1.428841056014297 1.429464401423713 0.0009765625
51.861615384615384 51.881381410256409 1.4288177241573492 1.4294410560142972 0.0009765625
51.881381410256409 51.901147435897435 1.4287944058400925 1.4294177241573494 0.0009765625
51.901147435897435 51.920913461538461 1.428771101049771 1.4293944058400927 0.0009765625
51.920913461538461 51.940679487179487 1.4287478097736404 1.4293711010497712 0.0009765625
51.940679487179487 51.960445512820513 1.4287245319989774 1.4293478097736405 0.0009765625
51.960445512820513 51.980211538461539 1.4287012677130888 1.4293245319989776 0.0009765625
51.980211538461539 51.999977564102565 1.4286780169032702 1.429301267713089 0.0009765625
51.999977564102565 52.019743589743591 1.4286547795568547 1.4292780169032704 0.0009765625
52.019743589743591 52.039509615384617 1.4286315556606024 1.4292547795562693 0.0009765625
52.039509615384617 52.059275641025643 1.4286083452036267 1.429231555661187 0.0009765625
52.059275641025643 52.079041666666669 1.4285851481715559 1.4292083452036268 0.0009765625
52.079041666666669 52.098807692307695 1.428561964552354 1.4291851481715561 0.0009765625
52.098807692307695 52.118573717948721 1.4285387943334495 1.4291619645523541 0.0009765625
52.118573717948721 52.138339743589746 1.4285156375022579 1.4291387943334497 0.0009765625
52.138339743589746 52.158105769230772 1.4284924940462251 1.429115637502258 0.0009765625
52.158105769230772 52.177871794871798 1.4284693639528108 1.4290924940462253 0.0009765625
52.177871794871798 52.197637820512824 1.4284462472094905 1.4290693639528109 0.0009765625
52.197637820512824 52.217403846153843 1.4284231438037513 1.4290462472094907 0.0009765625
52.217403846153843 52.237169871794869 1.4284000537231101 1.4290231438037515 0.0009765625
52.237169871794869 52.256935897435895 1.4283769769550876 1.4290000537231102 0.0009765625
52.256935897435895 52.276701923076921 1.428353913487229 1.4289769769550877 0.0009765625
52.276701923076921 52.296467948717947 1.4283308633070877 1.4289539134872291 0.0009765625
52.296467948717947 52.316233974358973 1.4283078264022351 1.4289308633070879 0.0009765625
52.316233974358973 52.335999999999999 1.4282848027602668 1.4289078264022352 0.0009765625
52.335999999999999 52.355766025641024 1.4282617923687826 1.428884802760267 0.0009765625
52.355766025641024 52.37553205128205 1.4282387952154134 1.4288617923687827 0.0009765625
52.37553205128205 52.395298076923076 1.4282158112877923 1.4288387952154136 0.0009765625
52.395298076923076 52.415064102564102 1.428192840573578 1.4288158112877924 0.0009765625
52.415064102564102 52.434830128205128 1.4281698830604306 1.4287928405735781 0.0009765625
52.434830128205128 52.454596153846154 1.4281469387360464 1.4287698830604307 0.0009765625
52.454596153846154 52.47436217948718 1.4281240075881287 1.4287469387360465 0.0009765625
52.47436217948718 52.494128205128206 1.4281010896043844 1.4287240075881289 0.0009765625
52.494128205128206 52.513894230769232 1.4280781847725672 1.4287010896043846 0.0009765625
52.513894230769232 52.533660256410258 1.4280552930804107 1.4286781847725674 0.0009765625
52.533660256410258 52.553426282051284 1.4280324145156906 1.4286552930804108 0.0009765625
52.553426282051284 52.57319230769231 1.4280095490661862 1.4286324145156908 0.0009765625
52.57319230769231 52.592958333333335 1.4279866967196988 1.4286095490661863 0.0009765625
52.592958333333335 52.612724358974361 1.4279638574640325 1.428586696719699 0.0009765625
52.612724358974361 52.63249038461538 1.4279410312870229 1.4285638574640327 0.0009765625
52.63249038461538 52.652256410256406 1.4279182181765229 1.428541031287023 0.0009765625
52.652256410256406 52.672022435897432 1.427895418120386 1.428518218176523 0.0009765625
52.672022435897432 52.691788461538458 1.427872631106494 1.4284954181203862 0.0009765625
52.691788461538458 52.711554487179484 1.4278498571227349 1.4284726311064941 0.0009765625
52.711554487179484 52.73132051282051 1.4278270961570181 1.4284498571227351 0.0009765625
52.73132051282051 52.751086538461536 1.4278043481972664 1.4284270961570182 0.0009765625
52.751086538461536 52.770852564102562 1.4277816132314207 1.4284043481972666 0.0009765625
52.770852564102562 52.790618589743588 1.4277588912474435 1.4283816132314209 0.0009765625
52.790618589743588 52.810384615384613 1.4277361822333017 1.4283588912474436 0.0009765625
52.810384615384613 52.830150641025639 1.4277134861763845 1.4283361822327121 0.0009765625
52.830150641025639 52.849916666666665 1.4276908030664672 1.4283134861769704 0.0009765625
52.849916666666665 52.869682692307691 1.4276681328898 1.4282908030664674 0.0009765625
52.869682692307691 52.889448717948717 1.4276454756350105 1.4282681328898001 0.0009765625
52.889448717948717 52.909214743589743 1.4276228312901358 1.4282454756350107 0.0009765625
52.909214743589743 52.928980769230769 1.4276001998432439 1.4282228312901359 0.0009765625
52.928980769230769 52.948746794871795 1.4275775812824238 1.4282001998432441 0.0009765625
52.948746794871795 52.968512820512821 1.4275549755957562 1.428177581282424 0.0009765625
52.968512820512821 52.988278846153847 1.42753238277136 1.4281549755957563 0.0009765625
52.988278846153847 53.008044871794873 1.4275098027973554 1.4281323827713601 0.0009765625
53.008044871794873 53.027810897435899 1.4274872356618866 1.4281098027973556 0.0009765625
53.027810897435899 53.047576923076925 1.4274646813531044 1.4280872356618868 0.0009765625
53.047576923076925 53.06734294871795 1.4274421398591823 1.4280646813531046 0.0009765625
53.06734294871795 53.087108974358976 1.4274196111683088 1.4280421398591825 0.0009765625
53.087108974358976 53.106875000000002 1.427397095268687 1.428019611168309 0.0009765625
53.106875000000002 53.126641025641028 1.4273745921485248 1.4279970952686871 0.0009765625
53.126641025641028 53.146407051282054 1.4273521017960549 1.427974592148525 0.0009765625
53.146407051282054 53.16617307692308 1.4273296241995383 1.427952101796055 0.0009765625
53.16617307692308 53.185939102564106 1.4273071593472249 1.4279296241995385 0.0009765625
53.185939102564106 53.205705128205125 1.4272847072273886 1.427907159347225 0.0009765625
53.205705128205125 53.225471153846151 1.4272622678283295 1.4278847072273888 0.0009765625
53.225471153846151 53.245237179487177 1.4272398411383549 1.4278622678283297 0.0009765625
53.245237179487177 53.265003205128203 1.4272174271457823 1.427839841138355 0.0009765625
53.265003205128203 53.284769230769228 1.4271950258389465 1.4278174271457824 0.0009765625
53.284769230769228 53.304535256410254 1.4271726372061957 1.4277950258389467 0.0009765625
53.304535256410254 53.32430128205128 1.4271502612359135 1.4277726372061958 0.0009765625
53.32430128205128 53.344067307692306 1.4271278979164728 1.4277502612359136 0.0009765625
53.344067307692306 53.363833333333332 1.4271055472362664 1.4277278979164729 0.0009765625
53.363833333333332 53.383599358974358 1.4270832091837098 1.4277055472362665 0.0009765625
53.383599358974358 53.403365384615384 1.4270608837472278 1.4276832091837099 0.0009765625
53.403365384615384 53.42313141025641 1.42703857091526 1.427660883747228 0.0009765625
53.42313141025641 53.442897435897436 1.4270162706762626 1.4276385709152601 0.0009765625
53.442897435897436 53.462663461538462 1.4269939830187082 1.4276162706762627 0.0009765625
53.462663461538462 53.482429487179488 1.4269717079310842 1.4275939830187083 0.0009765625
53.482429487179488 53.502195512820514 1.4269494454018874 1.4275717079310843 0.0009765625
53.502195512820514 53.521961538461539 1.4269271954196274 1.4275494454018876 0.0009765625
53.521961538461539 53.541727564102565 1.426904957972841 1.4275271954196276 0.0009765625
53.541727564102565 53.561493589743591 1.4268827330500735 1.4275049579728412 0.0009765625
53.561493589743591 53.581259615384617 1.4268605206398748 1.4274827330500737 0.0009765625
53.581259615384617 53.601025641025643 1.4268383207308248 1.4274605206398749 0.0009765625
53.601025641025643 53.620791666666669 1.426816133310927 1.4274383207302404 0.0009765625
53.620791666666669 53.640557692307695 1.4267939583705256 1.427416133311507 0.0009765625
53.640557692307695 53.660323717948721 1.4267717958965034 1.4273939583705257 0.0009765625
53.660323717948721 53.680089743589747 1.4267496458780575 1.4273717958965035 0.0009765625
53.680089743589747 53.699855769230773 1.4267275083038471 1.4273496458780577 0.0009765625
53.699855769230773 53.719621794871799 1.4267053831625223 1.4273275083038472 0.0009765625
53.719621794871799 53.739387820512825 1.4266832704427654 1.4273053831625224 0.0009765625
53.739387820512825 53.759153846153851 1.4266611701332597 1.4272832704427656 0.0009765625
53.759153846153851 53.778919871794876 1.4266390822227057 1.4272611701332598 0.0009765625
53.778919871794876 53.798685897435902 1.4266170066998256 1.4272390822227059 0.0009765625
53.798685897435902 53.818451923076921 1.4265949435533598 1.4272170066998258 0.0009765625
53.818451923076921 53.838217948717947 1.4265728927720376 1.42719494355336 0.0009765625
53.838217948717947 53.857983974358973 1.4265508543446284 1.4271728927720377 0.0009765625
53.857983974358973 53.877749999999999 1.4265288282599058 1.4271508543446285 0.0009765625
53.877749999999999 53.897516025641025 1.4265068145066606 1.4271288282599059 0.0009765625
53.897516025641025 53.917282051282051 1.4264848130736947 1.4271068145066608 0.0009765625
53.917282051282051 53.937048076923077 1.4264628239498194 1.4270848130736948 0.0009765625
53.937048076923077 53.956814102564103 1.4264408471238754 1.4270628239498195 0.0009765625
53.956814102564103 53.976580128205129 1.4264188825847022 1.4270408471238756 0.0009765625
53.976580128205129 53.996346153846154 1.4263969303211577 1.4270188825847023 0.0009765625
53.996346153846154 54.01611217948718 1.4263749903221232 1.4269969303211578 0.0009765625
54.01611217948718 54.035878205128206 1.4263530625764824 1.4269749903221234 0.0009765625
54.035878205128206 54.055644230769232 1.4263311470731335 1.4269530625764826 0.0009765625
54.055644230769232 54.075410256410258 1.4263092438009923 1.4269311470731336 0.0009765625
54.075410256410258 54.095176282051284 1.4262873527489974 1.4269092438009925 0.0009765625
54.095176282051284 54.11494230769231 1.4262654739060909 1.4268873527489976 0.0009765625
54.11494230769231 54.134708333333336 1.4262436072612239 1.4268654739060911 0.0009765625
54.134708333333336 54.154474358974362 1.426221752803368 1.4268436072612241 0.0009765625
54.154474358974362 54.174240384615388 1.4261999105215033 1.4268217528033682 0.0009765625
54.174240384615388 54.194006410256407 1.4261780804046509 1.4267999105215035 0.0009765625
54.194006410256407 54.213772435897432 1.4261562624418027 1.426778080404651 0.0009765625
54.213772435897432 54.233538461538458 1.4261344566219949 1.4267562624418029 0.0009765625
54.233538461538458 54.253304487179484 1.4261126629342684 1.4267344566219951 0.0009765625
54.253304487179484 54.27307051282051 1.4260908813676769 1.4267126629342686 0.0009765625
54.27307051282051 54.292836538461536 1.4260691119112863 1.4266908813676771 0.0009765625
54.292836538461536 54.312602564102562 1.4260473545541814 1.4266691119112864 0.0009765625
54.312602564102562 54.332368589743588 1.4260256092854604 1.4266473545541816 0.0009765625
54.332368589743588 54.352134615384614 1.426003876094226 1.4266256092854606 0.0009765625
54.352134615384614 54.37190064102564 1.4259821549696072 1.4266038760942261 0.0009765625
54.37190064102564 54.391666666666666 1.425960445900738 1.4265821549696074 0.0009765625
54.391666666666666 54.411432692307692 1.4259387488761941 1.4265604459001617 0.0009765625
54.411432692307692 54.431198717948718 1.4259170638868754 1.4265387488767722 0.0009765625
54.431198717948718 54.450964743589743 1.4258953909202157 1.4265170638868756 0.0009765625
54.450964743589743 54.470730769230769 1.4258737299659929 1.4264953909202158 0.0009765625
54.470730769230769 54.490496794871795 1.4258520810134128 1.4264737299659931 0.0009765625
54.490496794871795 54.510262820512821 1.4258304440516916 1.4264520810134129 0.0009765625
54.510262820512821 54.530028846153847 1.4258088190700569 1.4264304440516917 0.0009765625
54.530028846153847 54.549794871794873 1.4257872060577548 1.426408819070057 0.0009765625
54.549794871794873 54.569560897435899 1.4257656050040497 1.4263872060577549 0.0009765625
54.569560897435899 54.589326923076925 1.42574401589821 1.4263656050040499 0.0009765625
54.589326923076925 54.609092948717951 1.4257224387295271 1.4263440158982101 0.0009765625
54.609092948717951 54.628858974358977 1.4257008734872956 1.4263224387295272 0.0009765625
54.628858974358977 54.648625000000003 1.4256793201608275 1.4263008734872957 0.0009765625
54.648625000000003 54.668391025641029 1.4256577787394453 1.4262793201608277 0.0009765625
54.668391025641029 54.688157051282055 1.4256362492124925 1.4262577787394455 0.0009765625
54.688157051282055 54.70792307692308 1.4256147315693202 1.4262362492124927 0.0009765625
54.70792307692308 54.727689102564106 1.4255932257992965 1.4262147315693203 0.0009765625
54.727689102564106 54.747455128205132 1.4255717318917982 1.4261932257992966 0.0009765625
54.747455128205132 54.767221153846158 1.4255502498362242 1.4261717318917984 0.0009765625
54.767221153846158 54.786987179487184 1.425528779621968 1.4261502498362244 0.0009765625
54.786987179487184 54.806753205128203 1.425507321238457 1.4261287796219682 0.0009765625
54.806753205128203 54.826519230769229 1.4254858746751129 1.4261073212384572 0.0009765625
54.826519230769229 54.846285256410255 1.4254644399213994 1.4260858746751131 0.0009765625
54.846285256410255 54.866051282051281 1.4254430169667576 1.4260644399213995 0.0009765625
54.866051282051281 54.885817307692307 1.4254216058006612 1.4260430169667577 0.0009765625
54.885817307692307 54.905583333333333 1.4254002064126037 1.4260216058006614 0.0009765625
54.905583333333333 54.925349358974358 1.4253788187920766 1.4260002064126038 0.0009765625
54.925349358974358 54.945115384615384 1.42535744292859 1.4259788187920768 0.0009765625
54.945115384615384 54.96488141025641 1.4253360788116651 1.4259574429285902 0.0009765625
54.96488141025641 54.984647435897436 1.4253147264308417 1.4259360788116653 0.0009765625
54.984647435897436 55.004413461538462 1.4252933857756722 1.4259147264308418 0.0009765625
55.004413461538462 55.024179487179488 1.4252720568357105 1.4258933857756724 0.0009765625
55.024179487179488 55.043945512820514 1.4252507396005465 1.4258720568357106 0.0009765625
55.043945512820514 55.06371153846154 1.4252294340597487 1.4258507396005466 0.0009765625
55.06371153846154 55.083477564102566 1.4252081402029306 1.4258294340597488 0.0009765625
55.083477564102566 55.103243589743592 1.4251868580197171 1.4258081402029308 0.0009765625
55.103243589743592 55.123009615384618 1.4251655874997069 1.4257868580197173 0.0009765625
55.123009615384618 55.142775641025644 1.4251443286325647 1.4257655874997071 0.0009765625
55.142775641025644 55.162541666666669 1.425123081407933 1.4257443286325648 0.0009765625
55.162541666666669 55.182307692307695 1.4251018458154792 1.4257230814079331 0.0009765625
55.182307692307695 55.202073717948721 1.4250806218442993 1.4257018458149011 0.0009765625
55.202073717948721 55.221839743589747 1.4250594094858304 1.4256806218448794 0.0009765625
55.221839743589747 55.241605769230773 1.4250382087280351 1.4256594094858306 0.0009765625
55.241605769230773 55.261371794871799 1.4250170195611989 1.4256382087280353 0.0009765625
55.261371794871799 55.281137820512825 1.4249958419750604 1.425617019561199 0.0009765625
55.281137820512825 55.300903846153851 1.42497467595936 1.4255958419750605 0.0009765625
55.300903846153851 55.320669871794877 1.4249535215038573 1.4255746759593602 0.0009765625
55.320669871794877 55.340435897435903 1.4249323785983175 1.4255535215038575 0.0009765625
55.340435897435903 55.360201923076929 1.4249112472325121 1.4255323785983176 0.0009765625
55.360201923076929 55.379967948717955 1.424890127396238 1.4255112472325122 0.0009765625
55.379967948717955 55.399733974358981 1.4248690190793072 1.4254901273962381 0.0009765625
55.399733974358981 55.419500000000006 1.4248479222715293 1.4254690190793073 0.0009765625
55.419500000000006 55.439266025641032 1.4248268369627328 1.4254479222715295 0.0009765625
55.439266025641032 55.459032051282058 1.4248057631427633 1.425426836962733 0.0009765625
55.459032051282058 55.478798076923084 1.424784700801486 1.4254057631427635 0.0009765625
55.478798076923084 55.49856410256411 1.4247636499287566 1.4253847008014862 0.0009765625
55.49856410256411 55.518330128205136 1.4247426105144525 1.4253636499287567 0.0009765625
55.518330128205136 55.538096153846162 1.4247215825484807 1.4253426105144527 0.0009765625
55.538096153846162 55.557862179487188 1.4247005660207308 1.4253215825484808 0.0009765625
55.557862179487188 55.577628205128207 1.4246795609211362 1.425300566020731 0.0009765625
55.577628205128207 55.597394230769233 1.4246585672396068 1.4252795609211364 0.0009765625
55.597394230769233 55.617160256410259 1.4246375849661008 1.425258567239607 0.0009765625
55.617160256410259 55.636926282051284 1.4246166140905676 1.425237584966101 0.0009765625
55.636926282051284 55.65669230769231 1.4245956546029701 1.4252166140905678 0.0009765625
55.65669230769231 55.676458333333336 1.4245747064932908 1.4251956546029703 0.0009765625
55.676458333333336 55.696224358974362 1.4245537697515291 1.4251747064932909 0.0009765625
55.696224358974362 55.715990384615388 1.424532844367675 1.4251537697515293 0.0009765625
55.715990384615388 55.735756410256414 1.4245119303317497 1.4251328443676752 0.0009765625
55.735756410256414 55.75552243589744 1.4244910276337843 1.4251119303317499 0.0009765625
55.75552243589744 55.775288461538466 1.424470136263817 1.4250910276337845 0.0009765625
55.775288461538466 55.795054487179492 1.4244492562119015 1.4250701362638172 0.0009765625
55.795054487179492 55.814820512820518 1.424428387468101 1.4250492562119017 0.0009765625
55.814820512820518 55.834586538461544 1.424407530022493 1.4250283874681011 0.0009765625
55.834586538461544 55.85435256410257 1.4243866838651642 1.4250075300224931 0.0009765625
55.85435256410257 55.874118589743595 1.4243658489862192 1.4249866838651644 0.0009765625
55.874118589743595 55.893884615384621 1.4243450253757728 1.4249658489862194 0.0009765625
55.893884615384621 55.913650641025647 1.4243242130239453 1.4249450253757729 0.0009765625
55.913650641025647 55.933416666666673 1.4243034119208786 1.4249242130239455 0.0009765625
55.933416666666673 55.953182692307699 1.4242826220567175 1.4249034119208788 0.0009765625
55.953182692307699 55.972948717948725 1.4242618434216305 1.4248826220567177 0.0009765625
55.972948717948725 55.992714743589751 1.4242410760052 1.4248618434210483 0.0009765625
55.992714743589751 56.012480769230777 1.4242203197993608 1.4248410760057748 0.0009765625
56.012480769230777 56.032246794871803 1.4241995747925666 1.424820319799361 0.0009765625
56.032246794871803 56.052012820512829 1.4241788409756104 1.4247995747925668 0.0009765625
56.052012820512829 56.071778846153855 1.4241581183387069 1.4247788409756106 0.0009765625
56.071778846153855 56.091544871794881 1.424137406872096 1.424758118338707 0.0009765625
56.091544871794881 56.111310897435906 1.4241167065660161 1.4247374068720962 0.0009765625
56.111310897435906 56.131076923076932 1.42409601741073 1.4247167065660162 0.0009765625
56.131076923076932 56.150842948717958 1.4240753393965064 1.4246960174107302 0.0009765625
56.150842948717958 56.170608974358984 1.4240546725136198 1.4246753393965066 0.0009765625
56.170608974358984 56.190375000000003 1.4240340167523704 1.42465467251362 0.0009765625
56.190375000000003 56.210141025641029 1.4240133721030539 1.4246340167523706 0.0009765625
56.210141025641029 56.229907051282055 1.4239927385559943 1.4246133721030541 0.0009765625
56.229907051282055 56.249673076923081 1.423972116101516 1.4245927385559944 0.0009765625
56.249673076923081 56.269439102564107 1.423951504729964 1.4245721161015161 0.0009765625
56.269439102564107 56.289205128205133 1.4239309044316795 1.4245515047299642 0.0009765625
56.289205128205133 56.308971153846159 1.423910315197028 1.4245309044316796 0.0009765625
56.308971153846159 56.328737179487185 1.4238897370163839 1.4245103151970282 0.0009765625
56.328737179487185 56.34850320512821 1.4238691698801444 1.424489737016384 0.0009765625
56.34850320512821 56.368269230769236 1.4238486137786941 1.4244691698801446 0.0009765625
56.368269230769236 56.388035256410262 1.423828068702448 1.4244486137786943 0.0009765625
56.388035256410262 56.407801282051288 1.4238075346418266 1.4244280687024482 0.0009765625
56.407801282051288 56.427567307692314 1.4237870115872624 1.4244075346418268 0.0009765625
56.427567307692314 56.44733333333334 1.4237664995292014 1.4243870115872626 0.0009765625
56.44733333333334 56.467099358974366 1.4237459984581036 1.4243664995292016 0.0009765625
56.467099358974366 56.486865384615392 1.4237255083644189 1.4243459984581037 0.0009765625
56.486865384615392 56.506631410256418 1.4237050292386471 1.4243255083644191 0.0009765625
56.506631410256418 56.526397435897444 1.4236845610712681 1.4243050292386472 0.0009765625
56.526397435897444 56.54616346153847 1.4236641038527849 1.4242845610712682 0.0009765625
56.54616346153847 56.565929487179488 1.4236436575737192 1.424264103852785 0.0009765625
56.565929487179488 56.585695512820514 1.4236232222245768 1.4242436575737194 0.0009765625
56.585695512820514 56.60546153846154 1.4236027977959105 1.424223222224577 0.0009765625
56.60546153846154 56.625227564102566 1.4235823842782664 1.4242027977959106 0.0009765625
56.625227564102566 56.644993589743592 1.4235619816621967 1.4241823842782666 0.0009765625
56.644993589743592 56.664759615384618 1.4235415899382817 1.4241619816621969 0.0009765625
56.664759615384618 56.684525641025644 1.4235212090970923 1.4241415899382819 0.0009765625
56.684525641025644 56.70429166666667 1.423500839129231 1.4241212090970925 0.0009765625
56.70429166666667 56.724057692307696 1.4234804800252936 1.4241008391292311 0.0009765625
56.724057692307696 56.743823717948722 1.4234601317759084 1.4240804800252937 0.0009765625
56.743823717948722 56.763589743589748 1.4234397943716854 1.4240601317759085 0.0009765625
56.763589743589748 56.783355769230774 1.4234194678027003 1.4240397943711069 0.0009765625
56.783355769230774 56.803121794871799 1.4233991520613303 1.4240194678032785 0.0009765625
56.803121794871799 56.822887820512825 1.4233788471365023 1.4239991520613304 0.0009765625
56.822887820512825 56.842653846153851 1.4233585530194675 1.4239788471365025 0.0009765625
56.842653846153851 56.862419871794877 1.4233382697009069 1.4239585530194676 0.0009765625
56.862419871794877 56.882185897435903 1.423317997171524 1.4239382697009071 0.0009765625
56.882185897435903 56.901951923076929 1.4232977354220131 1.4239179971715241 0.0009765625
56.901951923076929 56.921717948717955 1.4232774844430975 1.4238977354220133 0.0009765625
56.921717948717955 56.941483974358981 1.4232572442255009 1.4238774844430977 0.0009765625
56.941483974358981 56.961250000000007 1.4232370147599704 1.4238572442255011 0.0009765625
56.961250000000007 56.981016025641033 1.4232167960372406 1.4238370147599706 0.0009765625
56.981016025641033 57.000782051282059 1.4231965880480955 1.4238167960372408 0.0009765625
57.000782051282059 57.020548076923085 1.4231763907832884 1.4237965880480956 0.0009765625
57.020548076923085 57.04031410256411 1.423156204233611 1.4237763907832885 0.0009765625
57.04031410256411 57.060080128205136 1.4231360283898564 1.4237562042336112 0.0009765625
57.060080128205136 57.079846153846162 1.4231158632428305 1.4237360283898566 0.0009765625
57.079846153846162 57.099612179487188 1.4230957087833476 1.4237158632428306 0.0009765625
57.099612179487188 57.119378205128214 1.4230755650022393 1.4236957087833477 0.0009765625
57.119378205128214 57.13914423076924 1.4230554318903392 1.4236755650022395 0.0009765625
57.13914423076924 57.158910256410266 1.4230353094385049 1.4236554318903394 0.0009765625
57.158910256410266 57.178676282051285 1.4230151976375853 1.423635309438505 0.0009765625
57.178676282051285 57.198442307692311 1.4229950964784575 1.4236151976375855 0.0009765625
57.198442307692311 57.218208333333337 1.4229750059520103 1.4235950964784576 0.0009765625
57.218208333333337 57.237974358974363 1.4229549260491228 1.4235750059520105 0.0009765625
57.237974358974363 57.257740384615389 1.4229348567607094 1.4235549260491229 0.0009765625
57.257740384615389 57.277506410256414 1.4229147980776784 1.4235348567607096 0.0009765625
57.277506410256414 57.29727243589744 1.4228947499909619 1.4235147980776786 0.0009765625
57.29727243589744 57.317038461538466 1.4228747124914896 1.423494749990962 0.0009765625
57.317038461538466 57.336804487179492 1.4228546855702169 1.4234747124914897 0.0009765625
57.336804487179492 57.356570512820518 1.4228346692180893 1.423454685570217 0.0009765625
57.356570512820518 57.376336538461544 1.4228146634260905 1.4234346692180895 0.0009765625
57.376336538461544 57.39610256410257 1.422794668185196 1.4234146634260907 0.0009765625
57.39610256410257 57.415868589743596 1.4227746834863857 1.4233946681851961 0.0009765625
57.415868589743596 57.435634615384622 1.4227547093206716 1.4233746834863858 0.0009765625
57.435634615384622 57.455400641025648 1.4227347456790609 1.4233547093206718 0.0009765625
57.455400641025648 57.475166666666674 1.4227147925525723 1.423334745679061 0.0009765625
57.475166666666674 57.4949326923077 1.4226948499322478 1.4233147925525724 0.0009765625
57.4949326923077 57.514698717948725 1.422674917809124 1.423294849932248 0.0009765625
57.514698717948725 57.534464743589751 1.4226549961742625 1.4232749178091242 0.0009765625
57.534464743589751 57.554230769230777 1.4226350850187162 1.4232549961742627 0.0009765625
57.554230769230777 57.573996794871803 1.4226151843329877 1.4232350850181394 0.0009765625
57.573996794871803 57.593762820512829 1.4225952941099029 1.4232151843335676 0.0009765625
57.593762820512829 57.613528846153855 1.4225754143388218 1.4231952941099031 0.0009765625
57.613528846153855 57.633294871794881 1.4225555450114344 1.423175414338822 0.0009765625
57.633294871794881 57.653060897435907 1.4225356861188387 1.4231555450114346 0.0009765625
57.653060897435907 57.672826923076933 1.422515837652184 1.4231356861188389 0.0009765625
57.672826923076933 57.692592948717959 1.4224959996026043 1.4231158376521842 0.0009765625
57.692592948717959 57.712358974358985 1.4224761719612431 1.4230959996026045 0.0009765625
57.712358974358985 57.732125000000011 1.4224563547192672 1.4230761719612433 0.0009765625
57.732125000000011 57.751891025641029 1.422436547867842 1.4230563547192674 0.0009765625
57.751891025641029 57.771657051282055 1.4224167513981445 1.4230365478678422 0.0009765625
57.771657051282055 57.791423076923081 1.4223969653013746 1.4230167513981447 0.0009765625
57.791423076923081 57.811189102564107 1.4223771895687278 1.4229969653013748 0.0009765625
57.811189102564107 57.830955128205133 1.4223574241914216 1.422977189568728 0.0009765625
57.830955128205133 57.850721153846159 1.4223376691606748 1.4229574241914218 0.0009765625
57.850721153846159 57.870487179487185 1.422317924467714 1.422937669160675 0.0009765625
57.870487179487185 57.890253205128211 1.4222981901037879 1.4229179244677141 0.0009765625
57.890253205128211 57.910019230769237 1.4222784660601544 1.422898190103788 0.0009765625
57.910019230769237 57.929785256410263 1.4222587523280721 1.4228784660601546 0.0009765625
57.929785256410263 57.949551282051289 1.4222390488988181 1.4228587523280722 0.0009765625
57.949551282051289 57.969317307692315 1.4222193557636702 1.4228390488988183 0.0009765625
57.969317307692315 57.98908333333334 1.4221996729139297 1.4228193557636704 0.0009765625
57.98908333333334 58.008849358974366 1.4221800003408986 1.4227996729139298 0.0009765625
58.008849358974366 58.028615384615392 1.4221603380358858 1.4227800003408988 0.0009765625
58.028615384615392 58.048381410256418 1.4221406859902246 1.422760338035886 0.0009765625
58.048381410256418 58.068147435897444 1.4221210441952556 1.4227406859902247 0.0009765625
58.068147435897444 58.08791346153847 1.4221014126423079 1.4227210441952558 0.0009765625
58.08791346153847 58.107679487179496 1.4220817913227484 1.4227014126423081 0.0009765625
58.107679487179496 58.127445512820522 1.4220621802279423 1.4226817913227485 0.0009765625
58.127445512820522 58.147211538461548 1.4220425793492659 1.4226621802279424 0.0009765625
58.147211538461548 58.166977564102567 1.4220229886781037 1.4226425793492661 0.0009765625
58.166977564102567 58.186743589743593 1.4220034082058499 1.4226229886781039 0.0009765625
58.186743589743593 58.206509615384618 1.4219838379239111 1.4226034082058501 0.0009765625
58.206509615384618 58.226275641025644 1.4219642778237136 1.4225838379239113 0.0009765625
58.226275641025644 58.24604166666667 1.4219447278966721 1.4225642778237138 0.0009765625
58.24604166666667 58.265807692307696 1.421925188134229 1.4225447278966723 0.0009765625
58.265807692307696 58.285573717948722 1.4219056585278271 1.4225251881342291 0.0009765625
58.285573717948722 58.305339743589748 1.4218861390689232 1.4225056585278273 0.0009765625
58.305339743589748 58.325105769230774 1.4218666297489921 1.4224861390689234 0.0009765625
58.325105769230774 58.3448717948718 1.4218471305595051 1.4224666297489923 0.0009765625
58.3448717948718 58.364637820512826 1.4218276414913682 1.4224471305589261 0.0009765625
58.364637820512826 58.384403846153852 1.4218081625378101 1.4224276414919443 0.0009765625
58.384403846153852 58.404169871794878 1.4217886936886135 1.4224081625378102 0.0009765625
58.404169871794878 58.423935897435904 1.4217692349358642 1.4223886936886136 0.0009765625
58.423935897435904 58.443701923076929 1.4217497862710897 1.4223692349358643 0.0009765625
58.443701923076929 58.463467948717955 1.4217303476858345 1.4223497862710899 0.0009765625
58.463467948717955 58.483233974358974 1.4217109191716324 1.4223303476858347 0.0009765625
58.483233974358974 58.503 1.4216915007200492 1.4223109191716325 0.0009765625
58.503 58.522766025641026 1.4216720923226456 1.4222915007200494 0.0009765625
58.522766025641026 58.542532051282052 1.4216526939710021 1.4222720923226457 0.0009765625
58.542532051282052 58.562298076923078 1.421633305656697 1.4222526939710023 0.0009765625
58.562298076923078 58.582064102564104 1.421613927371332 1.4222333056566971 0.0009765625
58.582064102564104 58.60183012820513 1.4215945591065109 1.4222139273713321 0.0009765625
58.60183012820513 58.621596153846156 1.4215752008538467 1.422194559106511 0.0009765625
58.621596153846156 58.641362179487182 1.4215558526049683 1.4221752008538469 0.0009765625
58.641362179487182 58.661128205128207 1.4215365143515057 1.4221558526049685 0.0009765625
58.661128205128207 58.680894230769233 1.4215171860851046 1.4221365143515059 0.0009765625
58.680894230769233 58.700660256410259 1.4214978677974199 1.4221171860851047 0.0009765625
58.700660256410259 58.720426282051285 1.4214785594801214 1.4220978677974201 0.0009765625
58.720426282051285 58.740192307692311 1.4214592611248702 1.4220785594801215 0.0009765625
58.740192307692311 58.75995833333333 1.4214399727233531 1.4220592611248704 0.0009765625
58.75995833333333 58.779724358974356 1.4214206942672718 1.4220399727233533 0.0009765625
58.779724358974356 58.799490384615382 1.4214014257483252 1.422020694267272 0.0009765625
58.799490384615382 58.819256410256408 1.4213821671582092 1.4220014257483253 0.0009765625
58.819256410256408 58.839022435897434 1.42136291848867 1.4219821671582094 0.0009765625
58.839022435897434 58.85878846153846 1.4213436797314158 1.4219629184886702 0.0009765625
58.85878846153846 58.878554487179485 1.4213244508782135 1.421943679731416 0.0009765625
58.878554487179485 58.898320512820511 1.4213052319207966 1.4219244508782136 0.0009765625
58.898320512820511 58.918086538461537 1.4212860228509254 1.4219052319207968 0.0009765625
58.918086538461537 58.937852564102563 1.4212668236603754 1.4218860228509256 0.0009765625
58.937852564102563 58.957618589743589 1.4212476343409162 1.4218668236603755 0.0009765625
58.957618589743589 58.977384615384615 1.4212284548843463 1.4218476343409163 0.0009765625
58.977384615384615 58.997150641025641 1.421209285282464 1.4218284548843465 0.0009765625
58.997150641025641 59.01691666666666 1.4211901255270682 1.4218092852824642 0.0009765625
59.01691666666666 59.036682692307686 1.4211709756099844 1.4217901255270684 0.0009765625
59.036682692307686 59.056448717948712 1.4211518355230406 1.4217709756099846 0.0009765625
59.056448717948712 59.076214743589738 1.4211327052580645 1.4217518355230407 0.0009765625
59.076214743589738 59.095980769230763 1.4211135848069074 1.4217327052580646 0.0009765625
59.095980769230763 59.115746794871789 1.4210944741614211 1.4217135848069076 0.0009765625
59.115746794871789 59.135512820512815 1.4210753733134729 1.4216944741614213 0.0009765625
59.135512820512815 59.155278846153841 1.421056282254358 1.4216753733128951 0.0009765625
59.155278846153841 59.175044871794867 1.4210372009776893 1.421656282254933 0.0009765625
59.175044871794867 59.194810897435893 1.4210181294736279 1.4216372009776894 0.0009765625
59.194810897435893 59.214576923076919 1.4209990677346609 1.4216181294736281 0.0009765625
59.214576923076919 59.234342948717945 1.42098001575269 1.421599067734661 0.0009765625
59.234342948717945 59.254108974358971 1.4209609735196345 1.4215800157526901 0.0009765625
59.254108974358971 59.273874999999997 1.4209419410274378 1.4215609735196346 0.0009765625
59.273874999999997 59.293641025641023 1.4209229182680339 1.4215419410274379 0.0009765625
59.293641025641023 59.313407051282049 1.4209039052333612 1.421522918268034 0.0009765625
59.313407051282049 59.333173076923075 1.4208849019153826 1.4215039052333613 0.0009765625
59.333173076923075 59.3529391025641 1.4208659083060682 1.4214849019153828 0.0009765625
59.3529391025641 59.372705128205126 1.4208469243973894 1.4214659083060683 0.0009765625
59.372705128205126 59.392471153846152 1.4208279501813408 1.4214469243973895 0.0009765625
59.392471153846152 59.412237179487178 1.420808985649904 1.4214279501813409 0.0009765625
59.412237179487178 59.432003205128204 1.4207900307950925 1.4214089856499041 0.0009765625
59.432003205128204 59.45176923076923 1.4207710856089193 1.4213900307950926 0.0009765625
59.45176923076923 59.471535256410256 1.4207521500834119 1.4213710856089194 0.0009765625
59.471535256410256 59.491301282051282 1.4207332242105841 1.4213521500834121 0.0009765625
59.491301282051282 59.511067307692308 1.4207143079824833 1.4213332242105843 0.0009765625
59.511067307692308 59.530833333333334 1.420695401391167 1.4213143079824835 0.0009765625
59.530833333333334 59.550599358974353 1.4206765044286946 1.4212954013911672 0.0009765625
59.550599358974353 59.570365384615378 1.4206576170871261 1.4212765044286948 0.0009765625
59.570365384615378 59.590131410256404 1.4206387393585378 1.4212576170871263 0.0009765625
59.590131410256404 59.60989743589743 1.4206198712350286 1.421238739358538 0.0009765625
59.60989743589743 59.629663461538456 1.4206010127086759 1.4212198712350288 0.0009765625
59.629663461538456 59.649429487179482 1.4205821637715963 1.421201012708676 0.0009765625
59.649429487179482 59.669195512820508 1.4205633244159015 1.4211821637715965 0.0009765625
59.669195512820508 59.688961538461534 1.4205444946337102 1.4211633244159017 0.0009765625
59.688961538461534 59.70872756410256 1.4205256744171566 1.4211444946337104 0.0009765625
59.70872756410256 59.728493589743586 1.4205068637583735 1.4211256744171568 0.0009765625
59.728493589743586 59.748259615384612 1.4204880626495289 1.4211068637583737 0.0009765625
59.748259615384612 59.768025641025638 1.4204692710827624 1.421088062649529 0.0009765625
59.768025641025638 59.787791666666664 1.4204504890502541 1.4210692710827626 0.0009765625
59.787791666666664 59.807557692307689 1.4204317165441658 1.4210504890502542 0.0009765625
59.807557692307689 59.827323717948715 1.4204129535566987 1.4210317165441659 0.0009765625
59.827323717948715 59.847089743589741 1.4203942000800367 1.4210129535566989 0.0009765625
59.847089743589741 59.866855769230767 1.4203754561063797 1.4209942000800369 0.0009765625
59.866855769230767 59.886621794871793 1.420356721627952 1.4209754561063799 0.0009765625
59.886621794871793 59.906387820512819 1.4203379966369656 1.4209567216279522 0.0009765625
59.906387820512819 59.926153846153845 1.4203192811256524 1.4209379966369657 0.0009765625
59.926153846153845 59.945919871794871 1.4203005750856794 1.4209192811250773 0.0009765625
59.945919871794871 59.965685897435897 1.420281878511015 1.4209005750862531 0.0009765625
59.965685897435897 59.985451923076923 1.4202631913921879 1.4208818785110151 0.0009765625
59.985451923076923 60.005217948717949 1.4202445137220427 1.4208631913921881 0.0009765625
60.005217948717949 60.024983974358975 1.4202258454928554 1.4208445137220429 0.0009765625
60.024983974358975 60.044750000000001 1.4202071866969008 1.4208258454928555 0.0009765625
60.044750000000001 60.064516025641026 1.4201885373264749 1.420807186696901 0.0009765625
60.064516025641026 60.084282051282052 1.4201698973738843 1.420788537326475 0.0009765625
60.084282051282052 60.104048076923078 1.4201512668314238 1.4207698973738845 0.0009765625
60.104048076923078 60.123814102564097 1.4201326456914245 1.4207512668314239 0.0009765625
60.123814102564097 60.143580128205123 1.4201140339462051 1.4207326456914247 0.0009765625
60.143580128205123 60.163346153846149 1.4200954315881025 1.4207140339462052 0.0009765625
60.163346153846149 60.183112179487175 1.4200768386094631 1.4206954315881026 0.0009765625
60.183112179487175 60.202878205128201 1.4200582550026306 1.4206768386094633 0.0009765625
60.202878205128201 60.222644230769227 1.4200396807599853 1.4206582550026308 0.0009765625
60.222644230769227 60.242410256410253 1.4200211158738747 1.4206396807599855 0.0009765625
60.242410256410253 60.262176282051279 1.4200025603366937 1.4206211158738749 0.0009765625
60.262176282051279 60.281942307692304 1.4199840141408198 1.4206025603366939 0.0009765625
60.281942307692304 60.30170833333333 1.4199654772786514 1.4205840141408199 0.0009765625
60.30170833333333 60.321474358974356 1.4199469497425921 1.4205654772786516 0.0009765625
60.321474358974356 60.341240384615382 1.4199284315250622 1.4205469497425922 0.0009765625
60.341240384615382 60.361006410256408 1.4199099226184733 1.4205284315250624 0.0009765625
60.361006410256408 60.380772435897434 1.4198914230152611 1.4205099226184734 0.0009765625
60.380772435897434 60.40053846153846 1.419872932707859 1.4204914230152612 0.0009765625
60.40053846153846 60.420304487179486 1.4198544516887273 1.4204729327078591 0.0009765625
60.420304487179486 60.440070512820512 1.4198359799503089 1.4204544516887274 0.0009765625
60.440070512820512 60.459836538461538 1.419817517485074 1.420435979950309 0.0009765625
60.459836538461538 60.479602564102564 1.4197990642854972 1.4204175174850742 0.0009765625
60.479602564102564 60.49936858974359 1.4197806203440502 1.4203990642854973 0.0009765625
60.49936858974359 60.519134615384615 1.4197621856532356 1.4203806203440503 0.0009765625
60.519134615384615 60.538900641025634 1.4197437602055436 1.4203621856532358 0.0009765625
60.538900641025634 60.55866666666666 1.4197253439934829 1.4203437602055438 0.0009765625
60.55866666666666 60.578432692307686 1.4197069370095721 1.4203253439934831 0.0009765625
60.578432692307686 60.598198717948712 1.4196885392463261 1.4203069370095722 0.0009765625
60.598198717948712 60.617964743589738 1.4196701506962888 1.4202885392463263 0.0009765625
60.617964743589738 60.637730769230764 1.4196517713519903 1.4202701506962889 0.0009765625
60.637730769230764 60.65749679487179 1.419633401205991 1.4202517713519904 0.0009765625
60.65749679487179 60.677262820512816 1.4196150402508372 1.4202334012059912 0.0009765625
60.677262820512816 60.697028846153842 1.4195966884790996 1.4202150402508373 0.0009765625
60.697028846153842 60.716794871794868 1.4195783458833522 1.4201966884790997 0.0009765625
60.716794871794868 60.736560897435893 1.4195600124556063 1.420178345882779 0.0009765625
60.736560897435893 60.756326923076919 1.4195416881901688 1.4201600124561788 0.0009765625
60.756326923076919 60.776092948717945 1.4195233730779244 1.4201416881901689 0.0009765625
60.776092948717945 60.795858974358971 1.4195050671120455 1.4201233730779246 0.0009765625
60.795858974358971 60.815624999999997 1.4194867702851572 1.4201050671120456 0.0009765625
60.815624999999997 60.835391025641023 1.4194684825898762 1.4200867702851574 0.0009765625
60.835391025641023 60.855157051282049 1.4194502040188377 1.4200684825898764 0.0009765625
60.855157051282049 60.874923076923075 1.4194319345646809 1.4200502040188379 0.0009765625
60.874923076923075 60.894689102564101 1.4194136742200663 1.420031934564681 0.0009765625
60.894689102564101 60.914455128205127 1.4193954229776324 1.4200136742200664 0.0009765625
60.914455128205127 60.934221153846153 1.419377180830055 1.4199954229776326 0.0009765625
60.934221153846153 60.953987179487179 1.4193589477700079 1.4199771808300552 0.0009765625
60.953987179487179 60.973753205128205 1.4193407237901694 1.4199589477700081 0.0009765625
60.973753205128205 60.99351923076923 1.4193225088832344 1.4199407237901696 0.0009765625
60.99351923076923 61.013285256410256 1.419304303041891 1.4199225088832346 0.0009765625
61.013285256410256 61.033051282051282 1.4192861062588675 1.4199043030418912 0.0009765625
61.033051282051282 61.052817307692308 1.4192679185268513 1.4198861062588677 0.0009765625
61.052817307692308 61.072583333333334 1.4192497398385868 1.4198679185268515 0.0009765625
61.072583333333334 61.09234935897436 1.4192315701867908 1.419849739838587 0.0009765625
61.09234935897436 61.112115384615379 1.4192134095642086 1.419831570186791 0.0009765625
61.112115384615379 61.131881410256405 1.4191952579635863 1.4198134095642088 0.0009765625
61.131881410256405 61.151647435897431 1.4191771153776831 1.4197952579635864 0.0009765625
61.151647435897431 61.171413461538457 1.4191589817992569 1.4197771153776833 0.0009765625
61.171413461538457 61.191179487179483 1.4191408572210757 1.4197589817992571 0.0009765625
61.191179487179483 61.210945512820508 1.4191227416359322 1.4197408572210759 0.0009765625
61.210945512820508 61.230711538461534 1.4191046350365994 1.4197227416359324 0.0009765625
61.230711538461534 61.25047756410256 1.4190865374158854 1.4197046350365996 0.0009765625
61.25047756410256 61.270243589743586 1.4190684487665828 1.4196865374158856 0.0009765625
61.270243589743586 61.290009615384612 1.4190503690815086 1.4196684487665829 0.0009765625
61.290009615384612 61.309775641025638 1.4190322983534889 1.4196503690815088 0.0009765625
61.309775641025638 61.329541666666664 1.4190142365753386 1.419632298353489 0.0009765625
61.329541666666664 61.34930769230769 1.4189961837399043 1.4196142365753388 0.0009765625
61.34930769230769 61.369073717948716 1.4189781398400241 1.4195961837399045 0.0009765625
61.369073717948716 61.388839743589742 1.4189601048685545 1.4195781398400242 0.0009765625
61.388839743589742 61.408605769230768 1.4189420788183498 1.4195601048685547 0.0009765625
61.408605769230768 61.428371794871794 1.4189240616822758 1.4195420788183499 0.0009765625
61.428371794871794 61.448137820512819 1.4189060534532174 1.419524061682276 0.0009765625
61.448137820512819 61.467903846153845 1.4188880541240463 1.4195060534532176 0.0009765625
61.467903846153845 61.487669871794871 1.4188700636876634 1.4194880541240464 0.0009765625
61.487669871794871 61.507435897435897 1.4188520821369619 1.4194700636876636 0.0009765625
61.507435897435897 61.527201923076923 1.4188341094642853 1.4194520821363914 0.0009765625
61.527201923076923 61.546967948717949 1.418816145664255 1.4194341094648533 0.0009765625
61.546967948717949 61.566733974358975 1.4187981907280802 1.4194161456642551 0.0009765625
61.566733974358975 61.586500000000001 1.4187802446492668 1.4193981907280804 0.0009765625
61.586500000000001 61.606266025641027 1.418762307420752 1.4193802446492669 0.0009765625
61.606266025641027 61.626032051282053 1.4187443790354812 1.4193623074207522 0.0009765625
61.626032051282053 61.645798076923079 1.4187264594864142 1.4193443790354814 0.0009765625
61.645798076923079 61.665564102564105 1.4187085487665054 1.4193264594864143 0.0009765625
61.665564102564105 61.685330128205131 1.4186906468687226 1.4193085487665056 0.0009765625
61.685330128205131 61.705096153846156 1.418672753786056 1.4192906468687227 0.0009765625
61.705096153846156 61.724862179487175 1.4186548695114796 1.4192727537860561 0.0009765625
61.724862179487175 61.744628205128201 1.4186369940379933 1.4192548695114797 0.0009765625
61.744628205128201 61.764394230769227 1.4186191273585929 1.4192369940379934 0.0009765625
61.764394230769227 61.784160256410253 1.4186012694662906 1.419219127358593 0.0009765625
61.784160256410253 61.803926282051279 1.4185834203541001 1.4192012694662908 0.0009765625
61.803926282051279 61.823692307692305 1.4185655800150456 1.4191834203541003 0.0009765625
61.823692307692305 61.843458333333331 1.4185477484421651 1.4191655800150458 0.0009765625
61.843458333333331 61.863224358974357 1.4185299256284924 1.4191477484421653 0.0009765625
61.863224358974357 61.882990384615383 1.4185121115670791 1.4191299256284926 0.0009765625
61.882990384615383 61.902756410256409 1.4184943062509727 1.4191121115670793 0.0009765625
61.902756410256409 61.922522435897434 1.4184765096732463 1.4190943062509729 0.0009765625
61.922522435897434 61.94228846153846 1.4184587218269578 1.4190765096732465 0.0009765625
61.94228846153846 61.962054487179486 1.4184409427051912 1.4190587218269579 0.0009765625
61.962054487179486 61.981820512820512 1.4184231723010365 1.4190409427051913 0.0009765625
61.981820512820512 62.001586538461538 1.4184054106075812 1.4190231723010367 0.0009765625
62.001586538461538 62.021352564102564 1.4183876576179242 1.4190054106075813 0.0009765625
62.021352564102564 62.04111858974359 1.4183699133251826 1.4189876576179243 0.0009765625
62.04111858974359 62.060884615384616 1.4183521777224681 1.4189699133251827 0.0009765625
62.060884615384616 62.080650641025642 1.4183344508028983 1.4189521777224683 0.0009765625
62.080650641025642 62.100416666666661 1.4183167325596178 1.4189344508028985 0.0009765625
62.100416666666661 62.120182692307687 1.4182990229857466 1.4189167325596179 0.0009765625
62.120182692307687 62.139948717948712 1.4182813220744479 1.4188990229857468 0.0009765625
62.139948717948712 62.159714743589738 1.4182636298188651 1.4188813220744481 0.0009765625
62.159714743589738 62.179480769230764 1.4182459462121684 1.4188636298188653 0.0009765625
62.179480769230764 62.19924679487179 1.418228271247518 1.4188459462121685 0.0009765625
62.19924679487179 62.219012820512816 1.4182106049180927 1.4188282712475182 0.0009765625
62.219012820512816 62.238778846153842 1.4181929472170818 1.4188106049180929 0.0009765625
62.238778846153842 62.258544871794868 1.4181752981376681 1.4187929472170819 0.0009765625
62.258544871794868 62.278310897435894 1.4181576576730535 1.4187752981376682 0.0009765625
62.278310897435894 62.29807692307692 1.4181400258164498 1.4187576576730536 0.0009765625
62.29807692307692 62.317842948717946 1.4181224025604975 1.4187400258158782 0.0009765625
62.317842948717946 62.337608974358972 1.4181047879001194 1.4187224025610701 0.0009765625
62.337608974358972 62.357374999999998 1.4180871818268463 1.4187047879001196 0.0009765625
62.357374999999998 62.377141025641023 1.418069584334485 1.4186871818268465 0.0009765625
62.377141025641023 62.396907051282049 1.4180519954162629 1.4186695843344852 0.0009765625
62.396907051282049 62.416673076923075 1.4180344150654483 1.4186519954162631 0.0009765625
62.416673076923075 62.436439102564101 1.4180168432752893 1.4186344150654484 0.0009765625
62.436439102564101 62.456205128205127 1.4179992800390542 1.4186168432752895 0.0009765625
62.456205128205127 62.475971153846153 1.4179817253500164 1.4185992800390543 0.0009765625
62.475971153846153 62.495737179487179 1.4179641792014581 1.4185817253500166 0.0009765625
62.495737179487179 62.515503205128205 1.4179466415866639 1.4185641792014583 0.0009765625
62.515503205128205 62.535269230769231 1.4179291124989253 1.4185466415866641 0.0009765625
62.535269230769231 62.555035256410257 1.4179115919315606 1.4185291124989254 0.0009765625
62.555035256410257 62.574801282051283 1.4178940798778603 1.4185115919315607 0.0009765625
62.574801282051283 62.594567307692309 1.4178765763311547 1.4184940798778605 0.0009765625
62.594567307692309 62.614333333333335 1.4178590812847589 1.4184765763311549 0.0009765625
62.614333333333335 62.63409935897436 1.4178415947320073 1.4184590812847591 0.0009765625
62.63409935897436 62.653865384615386 1.4178241166662413 1.4184415947320075 0.0009765625
62.653865384615386 62.673631410256412 1.4178066470808051 1.4184241166662415 0.0009765625
62.673631410256412 62.693397435897438 1.417789185969055 1.4184066470808052 0.0009765625
62.693397435897438 62.713163461538457 1.4177717333243476 1.4183891859690552 0.0009765625
62.713163461538457 62.732929487179483 1.4177542891400559 1.4183717333243477 0.0009765625
62.732929487179483 62.752695512820509 1.4177368534095489 1.418354289140056 0.0009765625
62.752695512820509 62.772461538461535 1.4177194261262072 1.4183368534095491 0.0009765625
62.772461538461535 62.792227564102561 1.4177020072834337 1.4183194261262073 0.0009765625
62.792227564102561 62.811993589743587 1.417684596874607 1.4183020072834338 0.0009765625
62.811993589743587 62.831759615384613 1.4176671948931474 1.4182845968746072 0.0009765625
62.831759615384613 62.851525641025638 1.4176498013324563 1.4182671948931476 0.0009765625
62.851525641025638 62.871291666666664 1.4176324161859541 1.4182498013324565 0.0009765625
62.871291666666664 62.89105769230769 1.417615039447069 1.4182324161859543 0.0009765625
62.89105769230769 62.910823717948716 1.4175976711092293 1.4182150394470692 0.0009765625
62.910823717948716 62.930589743589742 1.4175803111658773 1.4181976711092295 0.0009765625
62.930589743589742 62.950355769230768 1.4175629596104531 1.4181803111658775 0.0009765625
62.950355769230768 62.970121794871794 1.417745616436425 1.4179629596104533 0.0009765625
62.970121794871794 62.98988782051282 1.4177282816372445 1.4179456164364252 0.0009765625
62.98988782051282 63.009653846153846 1.4177109552063738 1.4179282816372447 0.0009765625
63.009653846153846 63.029419871794872 1.417693637137301 1.417910955206374 0.0009765625
63.029419871794872 63.049185897435898 1.4176763274235051 1.4178936371373012 0.0009765625
63.049185897435898 63.068951923076924 1.4176590260584689 1.4178763274235053 0.0009765625
63.068951923076924 63.088717948717949 1.4176417330356939 1.4178590260584691 0.0009765625
63.088717948717949 63.108483974358975 1.41762444834811 1.4178417330351207 0.0009765625
63.108483974358975 63.128250000000001 1.4176071719909442 1.4178244483486779 0.0009765625
63.128250000000001 63.148016025641027 1.4175899039559985 1.4178071719909444 0.0009765625
63.148016025641027 63.167782051282053 1.4175726442373704 1.4177899039559987 0.0009765625
63.167782051282053 63.187548076923079 1.4175553928285896 1.4177726442373706 0.0009765625
63.187548076923079 63.207314102564105 1.4175381497231967 1.4177553928285898 0.0009765625
63.207314102564105 63.227080128205131 1.4175209149147341 1.4177381497231969 0.0009765625
63.227080128205131 63.246846153846157 1.4175036883967558 1.4177209149147343 0.0009765625
63.246846153846157 63.266612179487183 1.4174864701628256 1.417703688396756 0.0009765625
63.266612179487183 63.286378205128209 1.4174692602065029 1.4176864701628258 0.0009765625
63.286378205128209 63.306144230769235 1.4174520585213621 1.4176692602065031 0.0009765625
63.306144230769235 63.325910256410261 1.4174348651009914 1.4176520585213623 0.0009765625
63.325910256410261 63.345676282051286 1.4174176799389708 1.4176348651009916 0.0009765625
63.345676282051286 63.365442307692312 1.4174005030288943 1.417617679938971 0.0009765625
63.365442307692312 63.385208333333338 1.417383334364366 1.4176005030288945 0.0009765625
63.385208333333338 63.404974358974364 1.4173661739389924 1.4175833343643662 0.0009765625
63.404974358974364 63.42474038461539 1.4173490217463871 1.4175661739389926 0.0009765625
63.42474038461539 63.444506410256416 1.417331877780174 1.4175490217463873 0.0009765625
63.444506410256416 63.464272435897442 1.417314742033988 1.4175318777801742 0.0009765625
63.464272435897442 63.484038461538461 1.4172976145014502 1.4175147420339882 0.0009765625
63.484038461538461 63.503804487179487 1.4172804951762159 1.4174976145014504 0.0009765625
63.503804487179487 63.523570512820513 1.417263384051926 1.4174804951762161 0.0009765625
63.523570512820513 63.543336538461539 1.4172462811222413 1.4174633840519262 0.0009765625
63.543336538461539 63.563102564102564 1.4172291863808233 1.4174462811222415 0.0009765625
63.563102564102564 63.58286858974359 1.4172120998213487 1.4174291863808235 0.0009765625
63.58286858974359 63.602634615384616 1.41719502143748 1.4174120998213489 0.0009765625
63.602634615384616 63.622400641025642 1.4171779512229066 1.4173950214374802 0.0009765625
63.622400641025642 63.642166666666668 1.4171608891713274 1.4173779512229068 0.0009765625
63.642166666666668 63.661932692307694 1.4171438352764218 1.4173608891713276 0.0009765625
63.661932692307694 63.68169871794872 1.4171267895319084 1.417343835276422 0.0009765625
63.68169871794872 63.701464743589746 1.4171097519314917 1.4173267895319086 0.0009765625
63.701464743589746 63.721230769230772 1.4170927224688883 1.4173097519314919 0.0009765625
63.721230769230772 63.740996794871798 1.4170757011378268 1.4172927224688885 0.0009765625
63.740996794871798 63.760762820512824 1.4170586879320346 1.417275701137827 0.0009765625
63.760762820512824 63.78052884615385 1.417041682845243 1.4172586879320348 0.0009765625
63.78052884615385 63.800294871794875 1.4170246858712121 1.4172416828452432 0.0009765625
63.800294871794875 63.820060897435901 1.4170076970036745 1.4172246858712123 0.0009765625
63.820060897435901 63.839826923076927 1.4169907162363982 1.4172076970036747 0.0009765625
63.839826923076927 63.859592948717953 1.4169737435631466 1.4171907162363984 0.0009765625
63.859592948717953 63.879358974358979 1.4169567789776916 1.4171737435631468 0.0009765625
63.879358974358979 63.899125000000005 1.4169398224732312 1.4171567789771191 0.0009765625
63.899125000000005 63.918891025641031 1.4169228740452748 1.4171398224738059 0.0009765625
63.918891025641031 63.938657051282057 1.4169059336858862 1.417122874045275 0.0009765625
63.938657051282057 63.958423076923083 1.4168890013894482 1.4171059336858864 0.0009765625
63.958423076923083 63.978189102564109 1.4168720771497574 1.4170890013894484 0.0009765625
63.978189102564109 63.997955128205135 1.4168551609606241 1.4170720771497576 0.0009765625
63.997955128205135 64.017721153846153 1.4168382528158674 1.4170551609606243 0.0009765625
64.017721153846153 64.037487179487186 1.4168213527093159 1.4170382528158676 0.0009765625
64.037487179487186 64.057253205128205 1.4168044606347892 1.4170213527093161 0.0009765625
64.057253205128205 64.077019230769238 1.4167875765861324 1.4170044606347894 0.0009765625
64.077019230769238 64.096785256410257 1.4167707005571866 1.4169875765861326 0.0009765625
64.096785256410257 64.11655128205129 1.4167538325418036 1.4169707005571868 0.0009765625
64.11655128205129 64.136317307692309 1.4167369725338377 1.4169538325418038 0.0009765625
64.136317307692309 64.156083333333342 1.4167201205271558 1.4169369725338379 0.0009765625
64.156083333333342 64.175849358974361 1.4167032765156269 1.416920120527156 0.0009765625
64.175849358974361 64.195615384615394 1.4166864404931252 1.4169032765156271 0.0009765625
64.195615384615394 64.215381410256413 1.4167396124535332 1.4168164404931254 0.0009765625
64.215381410256413 64.235147435897446 1.4167227923907428 1.4167996124535334 0.0009765625
64.235147435897446 64.254913461538465 1.416705980298651 1.416782792390743 0.0009765625
64.254913461538465 64.274679487179498 1.4166891761711609 1.4167659802986512 0.0009765625
64.274679487179498 64.294445512820516 1.416672380002173 1.416749176171161 0.0009765625
64.294445512820516 64.314211538461535 1.4166555917856138 1.4167323800021732 0.0009765625
64.314211538461535 64.333977564102568 1.4166388115154014 1.416715591785614 0.0009765625
64.333977564102568 64.353743589743587 1.41662203918546 1.4166988115154016 0.0009765625
64.353743589743587 64.37350961538462 1.4166052747897278 1.4166820391854602 0.0009765625
64.37350961538462 64.393275641025639 1.41658851832215 1.4166652747897279 0.0009765625
64.393275641025639 64.413041666666672 1.4165717697766664 1.4166485183221502 0.0009765625
64.413041666666672 64.432807692307691 1.4165550291472377 1.4166317697766666 0.0009765625
64.432807692307691 64.452573717948724 1.4165382964278173 1.4166150291472379 0.0009765625
64.452573717948724 64.472339743589743 1.4165215716123802 1.4165982964278174 0.0009765625
64.472339743589743 64.492105769230776 1.4165048546948955 1.4165815716123804 0.0009765625
64.492105769230776 64.511871794871794 1.4165081456693467 1.4165448546948955 0.0009765625
64.511871794871794 64.531637820512827 1.4164914445297119 1.4165281456693466 0.0009765625
64.531637820512827 64.551403846153846 1.4164747512699958 1.4165114445297118 0.0009765625
64.551403846153846 64.571169871794879 1.4164670658841818 1.4164857512699958 0.0009765625
64.571169871794879 64.581052884615389 1.4164297261421215 1.4164980658841819 0.0009765625
64.581052884615389 64.590935897435898 1.4164413883662881 1.4164697261421215 0.0009765625
64.590935897435898 64.600818910256422 1.4164330525559383 1.416461388366288 0.0009765625
64.600818910256422 64.610701923076931 1.4164247187103232 1.4164530525559382 0.0009765625
64.610701923076931 64.62058493589744 1.4164163868286888 1.4164447187103231 0.0009765625
64.62058493589744 64.63046794871795 1.4164080569102981 1.4164363868286887 0.0009765625
64.63046794871795 64.640350961538473 1.4163997289543937 1.4164280569102981 0.0009765625
64.640350961538473 64.650233974358983 1.4164004029602453 1.4164107289543937 0.0009765625
64.650233974358983 64.660116987179492 1.4163920789270905 1.4164024029602453 0.0009765625
64.660116987179492 64.665058493589754 1.4163789176456576 1.4164030789270905 0.0009765625
64.665058493589754 64.670000000000002 1.41637475685419 1.4163989176456575 0.0009765625
