# Direct counterexample,  d = 9:  C(p) > 0 on [64.79, 100]
claim 9 9 64.78999999999999 100 +
# p1 p2 lambda1 lambda2 tau0
64.78999999999999 64.794890277777796 1.4162697605498988 1.4162938659794448 0.0009765625
64.794890277777796 64.799780555555571 1.4162656555978281 1.4162897605498987 0.0009765625
64.799780555555571 64.804670833333347 1.4162615511231473 1.416285655597828 0.0009765625
64.804670833333347 64.809561111111123 1.4162574471257572 1.4162815511231472 0.0009765625
64.809561111111123 64.819341666666674 1.416258240562509 1.4162684471257572 0.0009765625
64.819341666666674 64.829122222222225 1.4162500359073735 1.4162602405625091 0.0009765625
64.829122222222225 64.83890277777779 1.416232833159629 1.4162610359073735 0.0009765625
64.83890277777779 64.848683333333341 1.4162246323185648 1.4162528331596289 0.0009765625
64.848683333333341 64.858463888888906 1.4162164333834635 1.4162446323185647 0.0009765625
64.858463888888906 64.868244444444457 1.4162082363536046 1.4162364333834634 0.0009765625
64.868244444444457 64.878025000000008 1.4162000412282822 1.4162282363536045 0.0009765625
64.878025000000008 64.887805555555559 1.4161718480067764 1.4162400412282823 0.0009765625
64.887805555555559 64.907366666666675 1.4161844672723674 1.4162028480067765 0.0009765625
64.907366666666675 64.926927777777792 1.4161590941446733 1.4161954672723673 0.0009765625
64.926927777777792 64.946488888888894 1.4161427286179895 1.4161790941446732 0.0009765625
64.946488888888894 64.96605000000001 1.4161263706866167 1.4161627286179894 0.0009765625
64.96605000000001 64.985611111111126 1.4161100203448815 1.4161463706866166 0.0009765625
64.985611111111126 65.005172222222228 1.4160736775870835 1.4161500203448816 0.0009765625
65.005172222222228 65.024733333333344 1.4160573424075615 1.4161336775870836 0.0009765625
65.024733333333344 65.044294444444446 1.4160410148006297 1.4161173424075617 0.0009765625
65.044294444444446 65.063855555555563 1.4160246947606285 1.4161010148006299 0.0009765625
65.063855555555563 65.083416666666679 1.4160083822818996 1.4160846947606287 0.0009765625
65.083416666666679 65.102977777777781 1.4159920773587977 1.4160683822818998 0.0009765625
65.102977777777781 65.122538888888897 1.4159757799856558 1.4160520773587979 0.0009765625
65.122538888888897 65.142100000000013 1.4159594901568495 1.416035779985656 0.0009765625
65.142100000000013 65.161661111111115 1.4159432078667376 1.4160194901568497 0.0009765625
65.161661111111115 65.181222222222232 1.4159269331096891 1.4160032078667377 0.0009765625
65.181222222222232 65.200783333333348 1.4159106658800749 1.4159869331096893 0.0009765625
65.200783333333348 65.22034444444445 1.4158944061722858 1.415970665880075 0.0009765625
65.22034444444445 65.239905555555566 1.4158781539807037 1.415954406172286 0.0009765625
65.239905555555566 65.259466666666682 1.4158619092997273 1.4159381539807039 0.0009765625
65.259466666666682 65.279027777777785 1.4158456721237533 1.4159219092997275 0.0009765625
65.279027777777785 65.298588888888901 1.4157594424471767 1.4159756721237535 0.0009765625
65.298588888888901 65.318150000000017 1.4157432202644236 1.4159594424471769 0.0009765625
65.318150000000017 65.337711111111119 1.4157270055699005 1.4159432202644238 0.0009765625
65.337711111111119 65.357272222222235 1.4157107983580379 1.4159270055699007 0.0009765625
65.357272222222235 65.376833333333337 1.4156945986232523 1.4159107983580381 0.0009765625
65.376833333333337 65.396394444444454 1.4156784063599914 1.4158945986232525 0.0009765625
65.396394444444454 65.41595555555557 1.4156622215626871 1.4158784063599916 0.0009765625
65.41595555555557 65.435516666666672 1.4156460442257817 1.4158622215626873 0.0009765625
65.435516666666672 65.455077777777788 1.4156298743437357 1.4158460442257819 0.0009765625
65.455077777777788 65.474638888888904 1.4156137119109973 1.4158298743437359 0.0009765625
65.474638888888904 65.494200000000006 1.4155975569220329 1.4158137119109975 0.0009765625
65.494200000000006 65.513761111111123 1.4155814093713153 1.4157975569220331 0.0009765625
65.513761111111123 65.533322222222239 1.4155652692533072 1.4157814093713155 0.0009765625
65.533322222222239 65.552883333333341 1.4155491365624948 1.4157652692533074 0.0009765625
65.552883333333341 65.572444444444457 1.4155330112933668 1.415749136562495 0.0009765625
65.572444444444457 65.592005555555573 1.4155168934398483 1.4157330112928008 0.0009765625
65.592005555555573 65.611566666666675 1.4155007829981239 1.4157168934404134 0.0009765625
65.611566666666675 65.631127777777792 1.415484679961009 1.4157007829981241 0.0009765625
65.631127777777792 65.650688888888908 1.4154685843235784 1.4156846799610092 0.0009765625
65.650688888888908 65.67025000000001 1.4154524960803341 1.4156685843235786 0.0009765625
65.67025000000001 65.689811111111126 1.4154364152258114 1.4156524960803343 0.0009765625
65.689811111111126 65.709372222222228 1.4154203417545204 1.4156364152258116 0.0009765625
65.709372222222228 65.728933333333345 1.4154042756610055 1.4156203417545206 0.0009765625
65.728933333333345 65.748494444444461 1.4153882169397867 1.4156042756610057 0.0009765625
65.748494444444461 65.768055555555563 1.4153721655854203 1.4155882169397869 0.0009765625
65.768055555555563 65.787616666666679 1.4153561215924566 1.4155721655854205 0.0009765625
65.787616666666679 65.807177777777781 1.4153400849554327 1.4155561215924568 0.0009765625
65.807177777777781 65.826738888888897 1.4153240556689211 1.4155400849554329 0.0009765625
65.826738888888897 65.846300000000014 1.4153080337274768 1.4155240556689213 0.0009765625
65.846300000000014 65.865861111111116 1.4152920191256808 1.415508033727477 0.0009765625
65.865861111111116 65.885422222222232 1.4152760118581031 1.415492019125681 0.0009765625
65.885422222222232 65.904983333333348 1.4152600119193222 1.4154760118581033 0.0009765625
65.904983333333348 65.92454444444445 1.415244019303928 1.4154600119193224 0.0009765625
65.92454444444445 65.944105555555566 1.4152280340065109 1.4154440193039282 0.0009765625
65.944105555555566 65.963666666666683 1.4152120560216697 1.4154280340065111 0.0009765625
65.963666666666683 65.983227777777785 1.4151960853440084 1.4154120560216699 0.0009765625
65.983227777777785 66.002788888888901 1.4151801219681424 1.4153960853440086 0.0009765625
66.002788888888901 66.022350000000003 1.415164165888672 1.4153801219681426 0.0009765625
66.022350000000003 66.041911111111119 1.4151482171002285 1.4153641658886722 0.0009765625
66.041911111111119 66.061472222222235 1.4151322755974352 1.4153482171002287 0.0009765625
66.061472222222235 66.081033333333338 1.415116341374921 1.4153322755974354 0.0009765625
66.081033333333338 66.100594444444454 1.415100414427322 1.4153163413749212 0.0009765625
66.100594444444454 66.120155555555556 1.4150844947492853 1.4153004144273222 0.0009765625
66.120155555555556 66.139716666666672 1.415068582335453 1.4152844947492855 0.0009765625
66.139716666666672 66.159277777777788 1.4150526771804768 1.4152685823354532 0.0009765625
66.159277777777788 66.17883888888889 1.4150367792790235 1.415252677180477 0.0009765625
66.17883888888889 66.198400000000007 1.4150208886257485 1.4152367792790237 0.0009765625
66.198400000000007 66.217961111111123 1.4150050052153247 1.4152208886257487 0.0009765625
66.217961111111123 66.237522222222225 1.4149891290424312 1.4152050052153249 0.0009765625
66.237522222222225 66.257083333333341 1.4149732601017342 1.4151891290424314 0.0009765625
66.257083333333341 66.276644444444457 1.414957398387942 1.4151732601017344 0.0009765625
66.276644444444457 66.296205555555559 1.4149415438957222 1.4151573983879422 0.0009765625
66.296205555555559 66.315766666666676 1.4149256966197896 1.4151415438957224 0.0009765625
66.315766666666676 66.335327777777778 1.4149098565548355 1.4151256966197898 0.0009765625
66.335327777777778 66.354888888888894 1.4148940236955725 1.4151098565548357 0.0009765625
66.354888888888894 66.37445000000001 1.4148781980361467 1.4150940236950045 0.0009765625
66.37445000000001 66.394011111111112 1.4148623795729678 1.4150781980367146 0.0009765625
66.394011111111112 66.413572222222228 1.4148465682990758 1.415062379572968 0.0009765625
66.413572222222228 66.433133333333345 1.4148307642097511 1.415046568299076 0.0009765625
66.433133333333345 66.452694444444447 1.4148149672997314 1.4150307642097513 0.0009765625
66.452694444444447 66.472255555555563 1.4147991775637654 1.4150149672997316 0.0009765625
66.472255555555563 66.491816666666679 1.414783394996586 1.4149991775637656 0.0009765625
66.491816666666679 66.511377777777781 1.4147676195929517 1.4149833949965862 0.0009765625
66.511377777777781 66.530938888888898 1.4147518513476163 1.4149676195929519 0.0009765625
66.530938888888898 66.5505 1.4147360902553383 1.4149518513476165 0.0009765625
66.5505 66.570061111111116 1.4147203363108884 1.4149360902553385 0.0009765625
66.570061111111116 66.589622222222232 1.4147045895090349 1.4149203363108886 0.0009765625
66.589622222222232 66.609183333333334 1.4146888498445569 1.4149045895090351 0.0009765625
66.609183333333334 66.62874444444445 1.4146731173122349 1.4148888498445571 0.0009765625
66.62874444444445 66.648305555555567 1.4146573919068584 1.4148731173122351 0.0009765625
66.648305555555567 66.667866666666669 1.4144416736232186 1.4150573919068585 0.0009765625
66.667866666666669 66.687427777777785 1.41442596245612 1.4150416736232188 0.0009765625
66.687427777777785 66.706988888888901 1.4144102584003579 1.4150259624561201 0.0009765625
66.706988888888901 66.726550000000003 1.4143945614507392 1.4150102584003581 0.0009765625
66.726550000000003 66.746111111111119 1.4143788716020891 1.4149945614507393 0.0009765625
66.746111111111119 66.765672222222236 1.4143631888492227 1.4149788716020892 0.0009765625
66.765672222222236 66.785233333333338 1.4143475131869581 1.4149631888492229 0.0009765625
66.785233333333338 66.804794444444454 1.4143318446101347 1.4149475131869582 0.0009765625
66.804794444444454 66.82435555555557 1.4143161831135731 1.4149318446101349 0.0009765625
66.82435555555557 66.843916666666672 1.41430052869213 1.4149161831135733 0.0009765625
66.843916666666672 66.863477777777788 1.4142848813406426 1.4149005286921301 0.0009765625
66.863477777777788 66.883038888888905 1.4142692410539643 1.4148848813406427 0.0009765625
66.883038888888905 66.902600000000007 1.4142536078269528 1.4148692410539645 0.0009765625
66.902600000000007 66.922161111111123 1.4142379816544617 1.4148536078269529 0.0009765625
66.922161111111123 66.941722222222239 1.4142223625313712 1.4148379816544618 0.0009765625
66.941722222222239 66.961283333333341 1.4142067504525351 1.4148223625313714 0.0009765625
66.961283333333341 66.980844444444458 1.4141911454128424 1.4148067504525352 0.0009765625
66.980844444444458 67.00040555555556 1.4141755474071735 1.4147911454128426 0.0009765625
67.00040555555556 67.019966666666676 1.4141599564304099 1.4147755474071737 0.0009765625
67.019966666666676 67.039527777777792 1.4141443724774516 1.4147599564304101 0.0009765625
67.039527777777792 67.059088888888894 1.4141287955431865 1.4147443724774518 0.0009765625
67.059088888888894 67.07865000000001 1.4141132256225319 1.4147287955431866 0.0009765625
67.07865000000001 67.098211111111127 1.4140976627103745 1.4147132256225321 0.0009765625
67.098211111111127 67.117772222222229 1.4140821068016494 1.4146976627103747 0.0009765625
67.117772222222229 67.137333333333345 1.4140665578912675 1.4146821068016495 0.0009765625
67.137333333333345 67.156894444444461 1.4140510159735775 1.4146665578906992 0.0009765625
67.156894444444461 67.176455555555563 1.414035481045204 1.4146510159741374 0.0009765625
67.176455555555563 67.196016666666679 1.4140199530993991 1.4146354810452042 0.0009765625
67.196016666666679 67.215577777777781 1.4140044321316543 1.4146199530993993 0.0009765625
67.215577777777781 67.235138888888898 1.4139889181369185 1.4146044321316544 0.0009765625
67.235138888888898 67.254700000000014 1.4139734111101312 1.4145889181369187 0.0009765625
67.254700000000014 67.274261111111116 1.413957911046267 1.4145734111101314 0.0009765625
67.274261111111116 67.293822222222232 1.4139424179402642 1.4145579110462672 0.0009765625
67.293822222222232 67.313383333333348 1.4139269317870988 1.4145424179402644 0.0009765625
67.313383333333348 67.33294444444445 1.4139114525817238 1.414526931787099 0.0009765625
67.33294444444445 67.352505555555567 1.413895980319134 1.4145114525817239 0.0009765625
67.352505555555567 67.372066666666683 1.4138805149942926 1.4144959803191341 0.0009765625
67.372066666666683 67.391627777777785 1.413865056602194 1.4144805149942927 0.0009765625
67.391627777777785 67.411188888888901 1.4138496051378173 1.4144650566021941 0.0009765625
67.411188888888901 67.430750000000003 1.4138341605961677 1.4144496051378175 0.0009765625
67.430750000000003 67.45031111111112 1.4138187229722432 1.4144341605961679 0.0009765625
67.45031111111112 67.469872222222236 1.4138032922610362 1.4144187229722434 0.0009765625
67.469872222222236 67.489433333333338 1.4137878684575669 1.4144032922610363 0.0009765625
67.489433333333338 67.508994444444454 1.4137724515568522 1.414387868457567 0.0009765625
67.508994444444454 67.528555555555556 1.4137570415538971 1.4143724515568523 0.0009765625
67.528555555555556 67.548116666666672 1.4137416384437411 1.4143570415538973 0.0009765625
67.548116666666672 67.567677777777789 1.4137262422214045 1.4143416384437413 0.0009765625
67.567677777777789 67.587238888888891 1.4137108528819198 1.4143262422214047 0.0009765625
67.587238888888891 67.606800000000007 1.4136954704203373 1.4143108528819199 0.0009765625
67.606800000000007 67.626361111111123 1.4136800948316961 1.4142954704203374 0.0009765625
67.626361111111123 67.645922222222225 1.4136647261110393 1.4142800948316963 0.0009765625
67.645922222222225 67.665483333333341 1.4136493642534238 1.4142647261110395 0.0009765625
67.665483333333341 67.685044444444458 1.4136340092539144 1.414249364253424 0.0009765625
67.685044444444458 67.70460555555556 1.4136186611075661 1.4142340092539145 0.0009765625
67.70460555555556 67.724166666666676 1.4136033198094604 1.4142186611075662 0.0009765625
67.724166666666676 67.743727777777778 1.4135879853546576 1.4142033198094606 0.0009765625
67.743727777777778 67.763288888888894 1.4135726577382455 1.4141879853546577 0.0009765625
67.763288888888894 67.78285000000001 1.4135573369553007 1.4141726577382456 0.0009765625
67.78285000000001 67.802411111111113 1.4135420230009252 1.4141573369553009 0.0009765625
67.802411111111113 67.821972222222229 1.4135267158701952 1.4141420230009254 0.0009765625
67.821972222222229 67.841533333333331 1.4135114155582202 1.4141267158701953 0.0009765625
67.841533333333331 67.861094444444447 1.4134961220600966 1.4141114155582204 0.0009765625
67.861094444444447 67.880655555555563 1.4134808353709409 1.4140961220600967 0.0009765625
67.880655555555563 67.900216666666665 1.4134655554858595 1.4140808353709411 0.0009765625
67.900216666666665 67.919777777777782 1.4134502823999773 1.4140655554858597 0.0009765625
67.919777777777782 67.939338888888898 1.4134350161078475 1.4140502823994108 0.0009765625
67.939338888888898 67.9589 1.4134197566062841 1.4140350161084096 0.0009765625
67.9589 67.978461111111116 1.4134045038887411 1.4140197566062842 0.0009765625
67.978461111111116 67.998022222222232 1.4133892579509115 1.4140045038887412 0.0009765625
67.998022222222232 68.017583333333334 1.413374018787938 1.4139892579509117 0.0009765625
68.017583333333334 68.037144444444451 1.4133587863949699 1.4139740187879382 0.0009765625
68.037144444444451 68.056705555555567 1.4133435607671636 1.4139587863949701 0.0009765625
68.056705555555567 68.076266666666669 1.4133283418996623 1.4139435607671638 0.0009765625
68.076266666666669 68.095827777777785 1.4133131297876393 1.4139283418996624 0.0009765625
68.095827777777785 68.115388888888901 1.4132979244262571 1.4139131297876395 0.0009765625
68.115388888888901 68.134950000000003 1.4132827258106888 1.4138979244262573 0.0009765625
68.134950000000003 68.15451111111112 1.413267533936106 1.413882725810689 0.0009765625
68.15451111111112 68.174072222222222 1.4132523487977005 1.4138675339361062 0.0009765625
68.174072222222222 68.193633333333338 1.4132371703906395 1.4138523487977006 0.0009765625
68.193633333333338 68.213194444444454 1.413221998710134 1.4138371703906396 0.0009765625
68.213194444444454 68.232755555555556 1.413206833751357 1.4138219987101341 0.0009765625
68.232755555555556 68.252316666666673 1.4131916755095275 1.4138068337513572 0.0009765625
68.252316666666673 68.271877777777789 1.4131765239798435 1.4137916755095277 0.0009765625
68.271877777777789 68.291438888888891 1.4131613791575079 1.4137765239798437 0.0009765625
68.291438888888891 68.311000000000007 1.4131462410377482 1.4137613791575081 0.0009765625
68.311000000000007 68.330561111111123 1.4131311096157715 1.4137462410377484 0.0009765625
68.330561111111123 68.350122222222225 1.4131159848868025 1.4137311096157716 0.0009765625
68.350122222222225 68.369683333333342 1.4131008668460785 1.4137159848868026 0.0009765625
68.369683333333342 68.389244444444458 1.4130857554888245 1.4137008668460787 0.0009765625
68.389244444444458 68.40880555555556 1.4130706508102833 1.4136857554888247 0.0009765625
68.40880555555556 68.428366666666676 1.4130555528056905 1.4136706508102834 0.0009765625
68.428366666666676 68.447927777777792 1.4130404614703047 1.4136555528056907 0.0009765625
68.447927777777792 68.467488888888894 1.4130253767993661 1.4136404614703049 0.0009765625
68.467488888888894 68.487050000000011 1.4130102987881352 1.4136253767993663 0.0009765625
68.487050000000011 68.506611111111113 1.4129952274318782 1.4136102987881354 0.0009765625
68.506611111111113 68.526172222222229 1.4129801627258549 1.4135952274318784 0.0009765625
68.526172222222229 68.545733333333345 1.4129651046653382 1.4135801627258551 0.0009765625
68.545733333333345 68.565294444444447 1.4129500532456067 1.4135651046653384 0.0009765625
68.565294444444447 68.584855555555563 1.4129350084619354 1.4135500532456069 0.0009765625
68.584855555555563 68.60441666666668 1.4129199703096098 1.4135350084619356 0.0009765625
68.60441666666668 68.623977777777782 1.4129049387839172 1.41351997030961 0.0009765625
68.623977777777782 68.643538888888898 1.4128899138801647 1.4135049387839174 0.0009765625
68.643538888888898 68.663100000000014 1.4128748955936345 1.4134899138801649 0.0009765625
68.663100000000014 68.682661111111116 1.412859883919638 1.4134748955936347 0.0009765625
68.682661111111116 68.702222222222233 1.4128448788534849 1.4134598839196382 0.0009765625
68.702222222222233 68.721783333333349 1.4128298803899171 1.4134448788529153 0.0009765625
68.721783333333349 68.741344444444451 1.4128148885259479 1.4134298803904808 0.0009765625
68.741344444444451 68.760905555555567 1.4127999032552101 1.4134148885259481 0.0009765625
68.760905555555567 68.780466666666683 1.4127849245735833 1.4133999032552103 0.0009765625
68.780466666666683 68.800027777777785 1.4127699524764146 1.4133849245735834 0.0009765625
68.800027777777785 68.819588888888902 1.4127549869590277 1.4133699524764147 0.0009765625
68.819588888888902 68.839150000000004 1.4127400280167626 1.4133549869590278 0.0009765625
68.839150000000004 68.85871111111112 1.412725075644973 1.4133400280167627 0.0009765625
68.85871111111112 68.878272222222236 1.412710129838995 1.4133250756449731 0.0009765625
68.878272222222236 68.897833333333338 1.4126951905941962 1.4133101298389952 0.0009765625
68.897833333333338 68.917394444444454 1.4126802579059266 1.4132951905941964 0.0009765625
68.917394444444454 68.936955555555556 1.4126653317695543 1.4132802579059267 0.0009765625
68.936955555555556 68.956516666666673 1.4126504121804453 1.4132653317695545 0.0009765625
68.956516666666673 68.976077777777789 1.4126354991339662 1.4132504121804454 0.0009765625
68.976077777777789 68.995638888888891 1.4126205926255027 1.4132354991339664 0.0009765625
68.995638888888891 69.015200000000007 1.4126056926504325 1.4132205926255028 0.0009765625
69.015200000000007 69.034761111111123 1.4125907992041342 1.4132056926504326 0.0009765625
69.034761111111123 69.054322222222225 1.4125759122820127 1.4131907992041344 0.0009765625
69.054322222222225 69.073883333333342 1.4125610318794481 1.4131759122820129 0.0009765625
69.073883333333342 69.093444444444458 1.4125461579918508 1.4131610318794483 0.0009765625
69.093444444444458 69.11300555555556 1.4125312906146179 1.4131461579918509 0.0009765625
69.11300555555556 69.132566666666676 1.4125164297431607 1.4131312906146181 0.0009765625
69.132566666666676 69.152127777777778 1.4125015753728922 1.4131164297431609 0.0009765625
69.152127777777778 69.171688888888895 1.4124867274992274 1.4131015753728924 0.0009765625
69.171688888888895 69.191250000000011 1.412471886117592 1.4130867274992276 0.0009765625
69.191250000000011 69.210811111111113 1.4124570512234138 1.4130718861175922 0.0009765625
69.210811111111113 69.230372222222229 1.4124422228121147 1.413057051223414 0.0009765625
69.230372222222229 69.249933333333331 1.4124274008791382 1.4130422228121149 0.0009765625
69.249933333333331 69.269494444444447 1.412412585419919 1.4130274008791384 0.0009765625
69.269494444444447 69.289055555555564 1.4123977764298998 1.4130125854199191 0.0009765625
69.289055555555564 69.308616666666666 1.4123829739045382 1.4129977764299 0.0009765625
69.308616666666666 69.328177777777782 1.4123681778392827 1.4129829739045383 0.0009765625
69.328177777777782 69.347738888888898 1.412353388229592 1.4129681778392829 0.0009765625
69.347738888888898 69.3673 1.4123386050709186 1.4129533882295922 0.0009765625
69.3673 69.386861111111116 1.4123238283587427 1.4129386050709187 0.0009765625
69.386861111111116 69.406422222222233 1.4123090580885336 1.4129238283587429 0.0009765625
69.406422222222233 69.425983333333335 1.4122942942557477 1.4129090580885337 0.0009765625
69.425983333333335 69.445544444444451 1.4122795368558945 1.4128942942557479 0.0009765625
69.445544444444451 69.465105555555553 1.4122647858844357 1.4128795368558946 0.0009765625
69.465105555555553 69.484666666666669 1.4122500413368639 1.4128647858844359 0.0009765625
69.484666666666669 69.504227777777785 1.4122353032081165 1.4128500413363001 0.0009765625
69.504227777777785 69.523788888888888 1.4122205714953717 1.4128353032086822 0.0009765625
69.523788888888888 69.543350000000004 1.4122058461924516 1.4128205714953719 0.0009765625
69.543350000000004 69.56291111111112 1.412191127295418 1.4128058461924518 0.0009765625
69.56291111111112 69.582472222222222 1.4121764147997831 1.4127911272954181 0.0009765625
69.582472222222222 69.602033333333338 1.4121617087010547 1.4127764147997832 0.0009765625
69.602033333333338 69.621594444444455 1.4121470089947681 1.4127617087010549 0.0009765625
69.621594444444455 69.641155555555557 1.4121323156764296 1.4127470089947682 0.0009765625
69.641155555555557 69.660716666666673 1.4121176287415786 1.4127323156764298 0.0009765625
69.660716666666673 69.680277777777775 1.4121029481857434 1.4127176287415788 0.0009765625
69.680277777777775 69.699838888888891 1.4120882740044605 1.4127029481857436 0.0009765625
69.699838888888891 69.719400000000007 1.4120736061932724 1.4126882740044606 0.0009765625
69.719400000000007 69.738961111111109 1.4120589447477228 1.4126736061932725 0.0009765625
69.738961111111109 69.758522222222226 1.41204428966336 1.4126589447477229 0.0009765625
69.758522222222226 69.778083333333342 1.4120296409357438 1.4126442896633602 0.0009765625
69.778083333333342 69.797644444444444 1.4120149985604258 1.4126296409357439 0.0009765625
69.797644444444444 69.81720555555556 1.4120003625329707 1.4126149985604259 0.0009765625
69.81720555555556 69.836766666666676 1.4119857328489454 1.4126003625329708 0.0009765625
69.836766666666676 69.856327777777778 1.411971109503922 1.4125857328489455 0.0009765625
69.856327777777778 69.875888888888895 1.4119564924934709 1.4125711095039222 0.0009765625
69.875888888888895 69.895450000000011 1.4119418818131828 1.412556492493471 0.0009765625
69.895450000000011 69.915011111111113 1.4119272774586324 1.412541881813183 0.0009765625
69.915011111111113 69.934572222222229 1.41191267942541 1.4125272774586326 0.0009765625
69.934572222222229 69.954133333333345 1.4118980877091103 1.4125126794254101 0.0009765625
69.954133333333345 69.973694444444448 1.4118835023053258 1.4124980877091105 0.0009765625
69.973694444444448 69.993255555555564 1.4118689232096657 1.4124835023053259 0.0009765625
69.993255555555564 70.01281666666668 1.4118543504177292 1.4124689232096659 0.0009765625
70.01281666666668 70.032377777777782 1.4118397839251229 1.4124543504177294 0.0009765625
70.032377777777782 70.051938888888898 1.4118252237274656 1.412439783925123 0.0009765625
70.051938888888898 70.071500000000015 1.4118106698203752 1.4124252237274657 0.0009765625
70.071500000000015 70.091061111111117 1.411796122199473 1.4124106698203753 0.0009765625
70.091061111111117 70.110622222222233 1.4117815808603909 1.4123961221994732 0.0009765625
70.110622222222233 70.130183333333335 1.4117670457987479 1.412381580860391 0.0009765625
70.130183333333335 70.149744444444451 1.4117525170101903 1.4123670457987481 0.0009765625
70.149744444444451 70.169305555555567 1.4117379944903552 1.4123525170101905 0.0009765625
70.169305555555567 70.188866666666669 1.4117234782348793 1.4123379944903554 0.0009765625
70.188866666666669 70.208427777777786 1.4117089682394139 1.4123234782348795 0.0009765625
70.208427777777786 70.227988888888902 1.4116944644996163 1.4123089682394141 0.0009765625
70.227988888888902 70.247550000000004 1.4116799670111377 1.4122944644996165 0.0009765625
70.247550000000004 70.26711111111112 1.4116654757696381 1.4122799670111379 0.0009765625
70.26711111111112 70.286672222222236 1.4116509907702153 1.412265475769072 0.0009765625
70.286672222222236 70.306233333333338 1.4116365120102321 1.4122509907707748 0.0009765625
70.306233333333338 70.325794444444455 1.4116220394836712 1.4122365120102323 0.0009765625
70.325794444444455 70.345355555555557 1.4116075731867759 1.4122220394836713 0.0009765625
70.345355555555557 70.364916666666673 1.4115931131152228 1.412207573186776 0.0009765625
70.364916666666673 70.384477777777789 1.4115786592647022 1.412193113115223 0.0009765625
70.384477777777789 70.404038888888891 1.411564211630894 1.4121786592647023 0.0009765625
70.404038888888891 70.423600000000008 1.4115497702094992 1.4121642116308941 0.0009765625
70.423600000000008 70.443161111111124 1.4115353349962174 1.4121497702094994 0.0009765625
70.443161111111124 70.462722222222226 1.4115209059867413 1.4121353349962176 0.0009765625
70.462722222222226 70.482283333333342 1.4115064831767865 1.4121209059867414 0.0009765625
70.482283333333342 70.501844444444458 1.4114920665620589 1.4121064831767867 0.0009765625
70.501844444444458 70.52140555555556 1.4114776561382709 1.4120920665620591 0.0009765625
70.52140555555556 70.540966666666677 1.4114632519011439 1.4120776561382711 0.0009765625
70.540966666666677 70.560527777777779 1.4114488538464023 1.412063251901144 0.0009765625
70.560527777777779 70.580088888888895 1.4114344619697679 1.4120488538464024 0.0009765625
70.580088888888895 70.599650000000011 1.4114200762669769 1.412034461969768 0.0009765625
70.599650000000011 70.619211111111113 1.4114056967337549 1.412020076266977 0.0009765625
70.619211111111113 70.638772222222229 1.4113913233658539 1.4120056967337551 0.0009765625
70.638772222222229 70.658333333333331 1.4113769561590035 1.4119913233658541 0.0009765625
70.658333333333331 70.677894444444448 1.4113625951089583 1.4119769561590036 0.0009765625
70.677894444444448 70.697455555555564 1.4113482402114663 1.4119625951089585 0.0009765625
70.697455555555564 70.717016666666666 1.4113338914622839 1.4119482402114665 0.0009765625
70.717016666666666 70.736577777777782 1.4113195488571695 1.4119338914622841 0.0009765625
70.736577777777782 70.756138888888898 1.4113052123918985 1.4119195488571696 0.0009765625
70.756138888888898 70.775700000000001 1.411290882062215 1.4119052123918987 0.0009765625
70.775700000000001 70.795261111111117 1.4112765578639068 1.4118908820622151 0.0009765625
70.795261111111117 70.814822222222233 1.411262239792745 1.411876557863907 0.0009765625
70.814822222222233 70.834383333333335 1.4112479278445134 1.4118622397927452 0.0009765625
70.834383333333335 70.853944444444451 1.4112336220149946 1.4118479278445135 0.0009765625
70.853944444444451 70.873505555555553 1.4112193222999674 1.4118336220149947 0.0009765625
70.873505555555553 70.89306666666667 1.4112050286952302 1.4118193222999675 0.0009765625
70.89306666666667 70.912627777777786 1.4111907411965763 1.4118050286952304 0.0009765625
70.912627777777786 70.932188888888888 1.4111764597998115 1.4117907411965764 0.0009765625
70.932188888888888 70.951750000000004 1.4111621845007307 1.4117764597998117 0.0009765625
70.951750000000004 70.971311111111106 1.4111479152951554 1.4117621845007309 0.0009765625
70.971311111111106 70.990872222222222 1.4111336521788798 1.4117479152951555 0.0009765625
70.990872222222222 71.010433333333339 1.4111193951477279 1.4117336521788799 0.0009765625
71.010433333333339 71.029994444444441 1.41110514419752 1.411719395147728 0.0009765625
71.029994444444441 71.049555555555557 1.4110908993240758 1.4117051441975201 0.0009765625
71.049555555555557 71.069116666666673 1.4110766605226714 1.4116908993235147 0.0009765625
71.069116666666673 71.088677777777775 1.4110624277908115 1.4116766605232385 0.0009765625
71.088677777777775 71.108238888888891 1.4110482011226604 1.4116624277908116 0.0009765625
71.108238888888891 71.127800000000008 1.4110339805145982 1.4116482011226605 0.0009765625
71.127800000000008 71.14736111111111 1.4110197659624859 1.4116339805145983 0.0009765625
71.14736111111111 71.166922222222226 1.4110055574621641 1.4116197659624861 0.0009765625
71.166922222222226 71.186483333333342 1.4109913550094983 1.4116055574621642 0.0009765625
71.186483333333342 71.206044444444444 1.4109771586003168 1.4115913550094985 0.0009765625
71.206044444444444 71.22560555555556 1.4109629682304989 1.411577158600317 0.0009765625
71.22560555555556 71.245166666666677 1.4109487838959058 1.4115629682304991 0.0009765625
71.245166666666677 71.264727777777779 1.4109346055924004 1.411548783895906 0.0009765625
71.264727777777779 71.284288888888895 1.4109204333158543 1.4115346055924005 0.0009765625
71.284288888888895 71.303849999999997 1.4109062670621493 1.4115204333158544 0.0009765625
71.303849999999997 71.323411111111113 1.4108921068271483 1.4115062670621494 0.0009765625
71.323411111111113 71.34297222222223 1.4108779526067541 1.4114921068271484 0.0009765625
71.34297222222223 71.362533333333332 1.4108638043968411 1.4114779526067542 0.0009765625
71.362533333333332 71.382094444444448 1.4108496621933051 1.4114638043968413 0.0009765625
71.382094444444448 71.401655555555564 1.4108355259920349 1.4114496621933053 0.0009765625
71.401655555555564 71.421216666666666 1.4108213957889395 1.411435525992035 0.0009765625
71.421216666666666 71.440777777777782 1.4108072715799025 1.4114213957889397 0.0009765625
71.440777777777782 71.460338888888899 1.4107931533608538 1.4114072715799026 0.0009765625
71.460338888888899 71.479900000000001 1.4107790411276895 1.4113931533608539 0.0009765625
71.479900000000001 71.499461111111117 1.4107649348763274 1.4113790411276896 0.0009765625
71.499461111111117 71.519022222222233 1.410750834602684 1.4113649348763275 0.0009765625
71.519022222222233 71.538583333333335 1.4107367403026743 1.4113508346026842 0.0009765625
71.538583333333335 71.558144444444451 1.4107226519722433 1.4113367403026744 0.0009765625
71.558144444444451 71.577705555555568 1.4107085696073063 1.4113226519722435 0.0009765625
71.577705555555568 71.59726666666667 1.4106944932037915 1.4113085696073064 0.0009765625
71.59726666666667 71.616827777777786 1.4106804227576535 1.4112944932037916 0.0009765625
71.616827777777786 71.636388888888888 1.4106663582648153 1.4112804227576536 0.0009765625
71.636388888888888 71.655950000000004 1.4106522997212354 1.4112663582648155 0.0009765625
71.655950000000004 71.67551111111112 1.4106382471228622 1.4112522997212356 0.0009765625
71.67551111111112 71.695072222222223 1.4106242004656335 1.4112382471228624 0.0009765625
71.695072222222223 71.714633333333339 1.4106101597455194 1.4112242004656337 0.0009765625
71.714633333333339 71.734194444444455 1.4105961249584809 1.4112101597455196 0.0009765625
71.734194444444455 71.753755555555557 1.4105820961004725 1.411196124958481 0.0009765625
71.753755555555557 71.773316666666673 1.4105680731674675 1.4111820961004726 0.0009765625
71.773316666666673 71.79287777777779 1.4105540561554402 1.4111680731674676 0.0009765625
71.79287777777779 71.812438888888892 1.4105400450603609 1.4111540561554403 0.0009765625
71.812438888888892 71.832000000000008 1.410526039878212 1.4111400450603611 0.0009765625
71.832000000000008 71.851561111111124 1.4105120406044171 1.4111260398776537 0.0009765625
71.851561111111124 71.871122222222226 1.4104980472366437 1.4111120406049771 0.0009765625
71.871122222222226 71.890683333333342 1.4104840597691986 1.4110980472366439 0.0009765625
71.890683333333342 71.910244444444459 1.4104700781986346 1.4110840597691987 0.0009765625
71.910244444444459 71.929805555555561 1.4104561025209537 1.4110700781986347 0.0009765625
71.929805555555561 71.949366666666677 1.4104421327321661 1.4110561025209538 0.0009765625
71.949366666666677 71.968927777777779 1.4104281688282601 1.4110421327321663 0.0009765625
71.968927777777779 71.988488888888895 1.4104142108052611 1.4110281688282602 0.0009765625
71.988488888888895 72.008050000000011 1.4104002586591746 1.4110142108052612 0.0009765625
72.008050000000011 72.027611111111113 1.4103863123860201 1.4110002586591748 0.0009765625
72.027611111111113 72.04717222222223 1.4103723719818075 1.4109863123860202 0.0009765625
72.04717222222223 72.066733333333332 1.4103584374425773 1.4109723719818077 0.0009765625
72.066733333333332 72.086294444444448 1.4103445087643551 1.4109584374425774 0.0009765625
72.086294444444448 72.105855555555564 1.4103305859431665 1.4109445087643553 0.0009765625
72.105855555555564 72.125416666666666 1.4103166689750515 1.4109305859431667 0.0009765625
72.125416666666666 72.144977777777783 1.4103027578560434 1.4109166689750516 0.0009765625
72.144977777777783 72.164538888888899 1.4102888525821937 1.4109027578560436 0.0009765625
72.164538888888899 72.184100000000001 1.4102749531495389 1.4108888525821939 0.0009765625
72.184100000000001 72.203661111111117 1.410261059554142 1.410874953149539 0.0009765625
72.203661111111117 72.223222222222233 1.4102471717920544 1.4108610595541422 0.0009765625
72.223222222222233 72.242783333333335 1.4102332898593282 1.4108471717920545 0.0009765625
72.242783333333335 72.262344444444452 1.4102194137520261 1.4108332898593283 0.0009765625
72.262344444444452 72.281905555555554 1.4102055434662173 1.4108194137520262 0.0009765625
72.281905555555554 72.30146666666667 1.4101916789979723 1.4108055434662174 0.0009765625
72.30146666666667 72.321027777777786 1.4101778203433541 1.4107916789979724 0.0009765625
72.321027777777786 72.340588888888888 1.410163967498451 1.4107778203433543 0.0009765625
72.340588888888888 72.360150000000004 1.4101501204593399 1.4107639674984511 0.0009765625
72.360150000000004 72.379711111111106 1.4101362792220942 1.41075012045934 0.0009765625
72.379711111111106 72.399272222222223 1.4101224437828201 1.4107362792220943 0.0009765625
72.399272222222223 72.418833333333339 1.4101086141375931 1.4107224437828203 0.0009765625
72.418833333333339 72.438394444444441 1.4100947902825127 1.4107086141375933 0.0009765625
72.438394444444441 72.457955555555557 1.4100809722136793 1.4106947902825129 0.0009765625
72.457955555555557 72.477516666666673 1.410067159927195 1.4106809722136795 0.0009765625
72.477516666666673 72.497077777777776 1.4100533534191655 1.4106671599271952 0.0009765625
72.497077777777776 72.516638888888892 1.4100395526856921 1.4106533534191656 0.0009765625
72.516638888888892 72.536200000000008 1.4100257577229027 1.4106395526856923 0.0009765625
72.536200000000008 72.55576111111111 1.4100119685269064 1.4106257577229029 0.0009765625
72.55576111111111 72.575322222222226 1.4099981850938219 1.4106119685269065 0.0009765625
72.575322222222226 72.594883333333328 1.4099844074197718 1.4105981850938221 0.0009765625
72.594883333333328 72.614444444444445 1.4099706355008872 1.410584407419772 0.0009765625
72.614444444444445 72.634005555555561 1.4099568693327342 1.410570635500328 0.0009765625
72.634005555555561 72.653566666666663 1.4099431089131411 1.4105568693332939 0.0009765625
72.653566666666663 72.673127777777779 1.4099293542365534 1.4105431089131413 0.0009765625
72.673127777777779 72.692688888888895 1.409915605299676 1.4105293542365536 0.0009765625
72.692688888888895 72.712249999999997 1.4099018620986565 1.4105156052996761 0.0009765625
72.712249999999997 72.731811111111114 1.4098881246296369 1.4105018620986567 0.0009765625
72.731811111111114 72.75137222222223 1.4098743928887825 1.410488124629637 0.0009765625
72.75137222222223 72.770933333333332 1.4098606668722429 1.4104743928887826 0.0009765625
72.770933333333332 72.790494444444448 1.4098469465761732 1.410460666872243 0.0009765625
72.790494444444448 72.81005555555555 1.409833231996743 1.4104469465761733 0.0009765625
72.81005555555555 72.829616666666666 1.4098195231301258 1.4104332319967432 0.0009765625
72.829616666666666 72.849177777777783 1.409805819972473 1.410419523130126 0.0009765625
72.849177777777783 72.868738888888885 1.409792122519975 1.4104058199724732 0.0009765625
72.868738888888885 72.888300000000001 1.4097784307688037 1.4103921225199751 0.0009765625
72.888300000000001 72.907861111111117 1.4097647447151467 1.4103784307688039 0.0009765625
72.907861111111117 72.927422222222219 1.409751064355186 1.4103647447151468 0.0009765625
72.927422222222219 72.946983333333336 1.4097373896851007 1.4103510643551862 0.0009765625
72.946983333333336 72.966544444444452 1.4097237207010911 1.4103373896851008 0.0009765625
72.966544444444452 72.986105555555554 1.4097100573993535 1.4103237207010912 0.0009765625
72.986105555555554 73.00566666666667 1.4096963997760863 1.4103100573993537 0.0009765625
73.00566666666667 73.025227777777786 1.4096827478274909 1.4102963997760865 0.0009765625
73.025227777777786 73.044788888888888 1.4096691015497689 1.4102827478274911 0.0009765625
73.044788888888888 73.064350000000005 1.4096554609391378 1.410269101549769 0.0009765625
73.064350000000005 73.083911111111121 1.4096418259918078 1.410255460939138 0.0009765625
73.083911111111121 73.103472222222223 1.4096281967039908 1.4102418259918079 0.0009765625
73.103472222222223 73.123033333333339 1.4096145730719161 1.4102281967039909 0.0009765625
73.123033333333339 73.142594444444455 1.4096009550918038 1.4102145730719162 0.0009765625
73.142594444444455 73.162155555555557 1.4095873427598751 1.410200955091804 0.0009765625
73.162155555555557 73.181716666666674 1.409573736072363 1.4101873427598752 0.0009765625
73.181716666666674 73.20127777777779 1.4095601350255154 1.4101737360723632 0.0009765625
73.20127777777779 73.220838888888892 1.4095465396155487 1.4101601350255155 0.0009765625
73.220838888888892 73.240400000000008 1.4095329498387161 1.4101465396155488 0.0009765625
73.240400000000008 73.25996111111111 1.4095193656912597 1.4101329498387163 0.0009765625
73.25996111111111 73.279522222222226 1.4095057871694268 1.4101193656912598 0.0009765625
73.279522222222226 73.299083333333343 1.4094922142694681 1.4101057871694269 0.0009765625
73.299083333333343 73.318644444444445 1.4094786469876457 1.4100922142694683 0.0009765625
73.318644444444445 73.338205555555561 1.409465085320212 1.4100786469876458 0.0009765625
73.338205555555561 73.357766666666677 1.4094515292634315 1.4100650853202121 0.0009765625
73.357766666666677 73.377327777777779 1.4094379788135654 1.4100515292634317 0.0009765625
73.377327777777779 73.396888888888896 1.4094244339668862 1.4100379788135655 0.0009765625
73.396888888888896 73.416450000000012 1.4094108947191011 1.410024433966323 0.0009765625
73.416450000000012 73.436011111111114 1.4093973610681731 1.410010894719659 0.0009765625
73.436011111111114 73.45557222222223 1.4093838330086961 1.4099973610681733 0.0009765625
73.45557222222223 73.475133333333332 1.409370310537517 1.4099838330086962 0.0009765625
73.475133333333332 73.494694444444448 1.409356793650921 1.4099703105375172 0.0009765625
73.494694444444448 73.514255555555565 1.4093432823451966 1.4099567936509212 0.0009765625
73.514255555555565 73.533816666666667 1.4093297766166324 1.4099432823451967 0.0009765625
73.533816666666667 73.553377777777783 1.409316276461525 1.4099297766166325 0.0009765625
73.553377777777783 73.572938888888899 1.4093027818761852 1.4099162764615252 0.0009765625
73.572938888888899 73.592500000000001 1.4092892928569052 1.4099027818761853 0.0009765625
73.592500000000001 73.612061111111117 1.4092758093999973 1.4098892928569053 0.0009765625
73.612061111111117 73.631622222222234 1.4092623315017643 1.4098758093999975 0.0009765625
73.631622222222234 73.651183333333336 1.4092488591585288 1.4098623315017644 0.0009765625
73.651183333333336 73.670744444444452 1.4092353923666043 1.409848859158529 0.0009765625
73.670744444444452 73.690305555555554 1.4092219311223038 1.4098353923666045 0.0009765625
73.690305555555554 73.70986666666667 1.4092084754219638 1.4098219311223039 0.0009765625
73.70986666666667 73.729427777777786 1.4091950252618983 1.409808475421964 0.0009765625
73.729427777777786 73.748988888888888 1.4091815806384462 1.4097950252618985 0.0009765625
73.748988888888888 73.768550000000005 1.4091681415479362 1.4097815806384464 0.0009765625
73.768550000000005 73.788111111111107 1.4091547079867095 1.4097681415479364 0.0009765625
73.788111111111107 73.807672222222223 1.4091412799511067 1.4097547079867097 0.0009765625
73.807672222222223 73.827233333333339 1.409127857437465 1.4097412799511069 0.0009765625
73.827233333333339 73.846794444444441 1.4091144404421407 1.4097278574374652 0.0009765625
73.846794444444441 73.866355555555558 1.4091010289614732 1.4097144404421409 0.0009765625
73.866355555555558 73.885916666666674 1.4090876229918279 1.4097010289614733 0.0009765625
73.885916666666674 73.905477777777776 1.4090742225295543 1.409687622991828 0.0009765625
73.905477777777776 73.925038888888892 1.4090608275710133 1.4096742225295544 0.0009765625
73.925038888888892 73.944600000000008 1.4090474381125719 1.4096608275710134 0.0009765625
73.944600000000008 73.96416111111111 1.4090340541505968 1.4096474381125721 0.0009765625
73.96416111111111 73.983722222222227 1.4090206756814625 1.4096340541505969 0.0009765625
73.983722222222227 74.003283333333329 1.4090073027015273 1.4096206756814627 0.0009765625
74.003283333333329 74.022844444444445 1.4089939352071905 1.4096073027015275 0.0009765625
74.022844444444445 74.042405555555561 1.4089805731948122 1.4095939352071907 0.0009765625
74.042405555555561 74.061966666666663 1.4089672166607894 1.4095805731948123 0.0009765625
74.061966666666663 74.081527777777779 1.4089538656015015 1.4095672166607895 0.0009765625
74.081527777777779 74.101088888888881 1.408940520013346 1.4095538656015016 0.0009765625
74.101088888888881 74.120649999999998 1.4089271798927094 1.4095405200133462 0.0009765625
74.120649999999998 74.140211111111114 1.4089138452359986 1.4095271798927096 0.0009765625
74.140211111111114 74.159772222222216 1.4089005160396064 1.4095138452359988 0.0009765625
74.159772222222216 74.179333333333332 1.4088871922999333 1.4095005160396066 0.0009765625
74.179333333333332 74.198894444444448 1.4088738740128364 1.4094871922993739 0.0009765625
74.198894444444448 74.218455555555551 1.4088605611763958 1.409473874013393 0.0009765625
74.218455555555551 74.238016666666667 1.4088472537853471 1.409460561176396 0.0009765625
74.238016666666667 74.257577777777783 1.4088339518366702 1.4094472537853473 0.0009765625
74.257577777777783 74.277138888888885 1.4088206553267866 1.4094339518366703 0.0009765625
74.277138888888885 74.296700000000001 1.4088073642521175 1.4094206553267867 0.0009765625
74.296700000000001 74.316261111111118 1.408794078609086 1.4094073642521177 0.0009765625
74.316261111111118 74.33582222222222 1.4087807983941238 1.4093940786090862 0.0009765625
74.33582222222222 74.355383333333336 1.4087675236036685 1.409380798394124 0.0009765625
74.355383333333336 74.374944444444452 1.4087542542341533 1.4093675236036687 0.0009765625
74.374944444444452 74.394505555555554 1.4087409902820165 1.4093542542341535 0.0009765625
74.394505555555554 74.41406666666667 1.4087277317436955 1.4093409902820166 0.0009765625
74.41406666666667 74.433627777777772 1.4087144786156551 1.4093277317436956 0.0009765625
74.433627777777772 74.453188888888889 1.4087012308943228 1.4093144786156553 0.0009765625
74.453188888888889 74.472750000000005 1.4086879885761585 1.4093012308943229 0.0009765625
74.472750000000005 74.492311111111107 1.4086747516576268 1.4092879885761587 0.0009765625
74.492311111111107 74.511872222222223 1.408661520135176 1.4092747516576269 0.0009765625
74.511872222222223 74.531433333333339 1.4086482940052714 1.4092615201351761 0.0009765625
74.531433333333339 74.550994444444441 1.4086350732643773 1.4092482940052715 0.0009765625
74.550994444444441 74.570555555555558 1.4086218579089691 1.4092350732643775 0.0009765625
74.570555555555558 74.590116666666674 1.4086086479355135 1.4092218579089693 0.0009765625
74.590116666666674 74.609677777777776 1.408595443340487 1.4092086479355137 0.0009765625
74.609677777777776 74.629238888888892 1.4085822441203584 1.4091954433404872 0.0009765625
74.629238888888892 74.648800000000008 1.4085690502716242 1.4091822441203585 0.0009765625
74.648800000000008 74.668361111111111 1.4085558617907592 1.4091690502716243 0.0009765625
74.668361111111111 74.687922222222227 1.4085426786742581 1.4091558617907594 0.0009765625
74.687922222222227 74.707483333333343 1.4085295009186041 1.4091426786742582 0.0009765625
74.707483333333343 74.727044444444445 1.4085163285202957 1.4091295009186042 0.0009765625
74.727044444444445 74.746605555555561 1.4085031614758337 1.4091163285202959 0.0009765625
74.746605555555561 74.766166666666663 1.4084899997817102 1.4091031614758338 0.0009765625
74.766166666666663 74.78572777777778 1.4084768434344339 1.4090899997817103 0.0009765625
74.78572777777778 74.805288888888896 1.4084636924305123 1.4090768434344341 0.0009765625
74.805288888888896 74.824849999999998 1.4084505467664592 1.4090636924305124 0.0009765625
74.824849999999998 74.844411111111114 1.4084374064387792 1.4090505467664594 0.0009765625
74.844411111111114 74.86397222222223 1.4084242714439954 1.4090374064387794 0.0009765625
74.86397222222223 74.883533333333332 1.4084111417786218 1.4090242714439956 0.0009765625
74.883533333333332 74.903094444444449 1.4083980174391877 1.409011141778622 0.0009765625
74.903094444444449 74.922655555555565 1.4083848984222158 1.4089980174391878 0.0009765625
74.922655555555565 74.942216666666667 1.4083717847242276 1.408984898422216 0.0009765625
74.942216666666667 74.961777777777783 1.4083586763417679 1.4089717847242278 0.0009765625
74.961777777777783 74.981338888888899 1.4083455732708126 1.4089586763412154 0.0009765625
74.981338888888899 75.000900000000001 1.4083324755095687 1.4089455732713714 0.0009765625
75.000900000000001 75.020461111111118 1.4083193830528999 1.4089324755095689 0.0009765625
75.020461111111118 75.040022222222234 1.4083062958979184 1.4089193830529001 0.0009765625
75.040022222222234 75.059583333333336 1.4082932140411677 1.4089062958979186 0.0009765625
75.059583333333336 75.079144444444452 1.408280137479198 1.4088932140411679 0.0009765625
75.079144444444452 75.098705555555554 1.4082670662085646 1.4088801374791982 0.0009765625
75.098705555555554 75.118266666666671 1.4082540002258248 1.4088670662085647 0.0009765625
75.118266666666671 75.137827777777787 1.4082409395275408 1.408854000225825 0.0009765625
75.137827777777787 75.157388888888889 1.4082278841102678 1.408840939527541 0.0009765625
75.157388888888889 75.176950000000005 1.4082148339705809 1.4088278841102679 0.0009765625
75.176950000000005 75.196511111111107 1.4082017891050522 1.408814833970581 0.0009765625
75.196511111111107 75.216072222222223 1.4081887495102348 1.4088017891050524 0.0009765625
75.216072222222223 75.23563333333334 1.4081757151827337 1.4087887495102349 0.0009765625
75.23563333333334 75.255194444444442 1.4081626861191079 1.4087757151827338 0.0009765625
75.255194444444442 75.274755555555558 1.4081496623159422 1.408762686119108 0.0009765625
75.274755555555558 75.294316666666674 1.4081366437698266 1.4087496623159423 0.0009765625
75.294316666666674 75.313877777777776 1.4081236304773452 1.4087366437698268 0.0009765625
75.313877777777776 75.333438888888892 1.408110622435087 1.4087236304773454 0.0009765625
75.333438888888892 75.353000000000009 1.4080976196396555 1.4087106224350872 0.0009765625
75.353000000000009 75.372561111111111 1.4080846220876411 1.4086976196396557 0.0009765625
75.372561111111111 75.392122222222227 1.4080716297756366 1.4086846220876412 0.0009765625
75.392122222222227 75.411683333333329 1.4080586427002653 1.4086716297756368 0.0009765625
75.411683333333329 75.431244444444445 1.4080456608581178 1.4086586427002654 0.0009765625
75.431244444444445 75.450805555555561 1.4080326842458097 1.4086456608581179 0.0009765625
75.450805555555561 75.470366666666663 1.4080197128599516 1.4086326842458099 0.0009765625
75.470366666666663 75.48992777777778 1.4080067466971575 1.4086197128599518 0.0009765625
75.48992777777778 75.509488888888882 1.4079937857540461 1.4086067466971577 0.0009765625
75.509488888888882 75.529049999999998 1.4079808300272458 1.4085937857540463 0.0009765625
75.529049999999998 75.548611111111114 1.4079678795133719 1.408580830027246 0.0009765625
75.548611111111114 75.568172222222216 1.4079549342090594 1.408567879513372 0.0009765625
75.568172222222216 75.587733333333333 1.4079419941109395 1.4085549342090595 0.0009765625
75.587733333333333 75.607294444444449 1.4079290592156384 1.4085419941109396 0.0009765625
75.607294444444449 75.626855555555551 1.4079161295198046 1.4085290592156385 0.0009765625
75.626855555555551 75.646416666666667 1.4079032050200637 1.4085161295198048 0.0009765625
75.646416666666667 75.665977777777783 1.4078902857130711 1.4085032050200639 0.0009765625
75.665977777777783 75.685538888888885 1.4078773715954667 1.4084902857130712 0.0009765625
75.685538888888885 75.705100000000002 1.4078644626638994 1.4084773715954668 0.0009765625
75.705100000000002 75.724661111111104 1.4078515589150205 1.4084644626638996 0.0009765625
75.724661111111104 75.74422222222222 1.4078386603454875 1.4084515589150206 0.0009765625
75.74422222222222 75.763783333333336 1.4078257669514029 1.4084386603449335 0.0009765625
75.763783333333336 75.783344444444438 1.4078128787310973 1.4084257669519609 0.0009765625
75.783344444444438 75.802905555555554 1.4077999956795564 1.4084128787310974 0.0009765625
75.802905555555554 75.822466666666671 1.40778711779401 1.4083999956795565 0.0009765625
75.822466666666671 75.842027777777773 1.4077742450711341 1.4083871177940102 0.0009765625
75.842027777777773 75.861588888888889 1.4077613775075879 1.4083742450711343 0.0009765625
75.861588888888889 75.881150000000005 1.4077485151000586 1.4083613775075881 0.0009765625
75.881150000000005 75.900711111111107 1.4077356578452171 1.4083485151000588 0.0009765625
75.900711111111107 75.920272222222223 1.4077228057397531 1.4083356578452173 0.0009765625
75.920272222222223 75.939833333333326 1.4077099587803459 1.4083228057397532 0.0009765625
75.939833333333326 75.959394444444442 1.4076971169636812 1.408309958780346 0.0009765625
75.959394444444442 75.978955555555558 1.4076842802864522 1.4082971169636813 0.0009765625
75.978955555555558 75.99851666666666 1.407671448745361 1.4082842802864524 0.0009765625
75.99851666666666 76.018077777777776 1.4076586223370915 1.4082714487453611 0.0009765625
76.018077777777776 76.037638888888893 1.4076458010583461 1.4082586223370916 0.0009765625
76.037638888888893 76.057199999999995 1.4076329849058324 1.4082458010583463 0.0009765625
76.057199999999995 76.076761111111111 1.4076201738762522 1.4082329849058326 0.0009765625
76.076761111111111 76.096322222222227 1.4076073679663097 1.4082201738762523 0.0009765625
76.096322222222227 76.115883333333329 1.4075945671727255 1.4082073679663099 0.0009765625
76.115883333333329 76.135444444444445 1.4075817714922041 1.4081945671727256 0.0009765625
76.135444444444445 76.155005555555562 1.4075689809214706 1.4081817714922042 0.0009765625
76.155005555555562 76.174566666666664 1.4075561954572418 1.4081689809214708 0.0009765625
76.174566666666664 76.19412777777778 1.4075434150962345 1.4081561954572419 0.0009765625
76.19412777777778 76.213688888888896 1.4075306398351888 1.4081434150962346 0.0009765625
76.213688888888896 76.233249999999998 1.4075178696708204 1.4081306398351889 0.0009765625
76.233249999999998 76.252811111111114 1.4075051045998672 1.4081178696708205 0.0009765625
76.252811111111114 76.272372222222231 1.407492344619061 1.4081051045998674 0.0009765625
76.272372222222231 76.291933333333333 1.4074795897251402 1.4080923446190612 0.0009765625
76.291933333333333 76.311494444444449 1.4074668399148493 1.4080795897251404 0.0009765625
76.311494444444449 76.331055555555565 1.4074540951849264 1.4080668399148495 0.0009765625
76.331055555555565 76.350616666666667 1.4074413555321175 1.4080540951849265 0.0009765625
76.350616666666667 76.370177777777783 1.4074286209531757 1.4080413555321176 0.0009765625
76.370177777777783 76.389738888888886 1.4074158914448462 1.4080286209531758 0.0009765625
76.389738888888886 76.409300000000002 1.4074031670038982 1.4080158914448464 0.0009765625
76.409300000000002 76.428861111111118 1.4073904476270709 1.4080031670038984 0.0009765625
76.428861111111118 76.44842222222222 1.4073777333111381 1.407990447627071 0.0009765625
76.44842222222222 76.467983333333336 1.4073650240528532 1.4079777333111383 0.0009765625
76.467983333333336 76.487544444444453 1.4073523198489943 1.4079650240528534 0.0009765625
76.487544444444453 76.507105555555555 1.4073396206963231 1.4079523198489945 0.0009765625
76.507105555555555 76.526666666666671 1.4073269265916117 1.4079396206963233 0.0009765625
76.526666666666671 76.546227777777787 1.4073142375310816 1.407926926591055 0.0009765625
76.546227777777787 76.565788888888889 1.4073015535131763 1.4079142375316387 0.0009765625
76.565788888888889 76.585350000000005 1.407288874533015 1.4079015535131765 0.0009765625
76.585350000000005 76.604911111111122 1.407276200587926 1.4078888745330151 0.0009765625
76.604911111111122 76.624472222222224 1.4072635316747049 1.4078762005879262 0.0009765625
76.624472222222224 76.64403333333334 1.4072508677901352 1.407863531674705 0.0009765625
76.64403333333334 76.663594444444456 1.4072382089310149 1.4078508677901354 0.0009765625
76.663594444444456 76.683155555555558 1.4072255550941333 1.4078382089310151 0.0009765625
76.683155555555558 76.702716666666674 1.4072129062762928 1.4078255550941334 0.0009765625
76.702716666666674 76.722277777777776 1.4072002624742821 1.407812906276293 0.0009765625
76.722277777777776 76.741838888888893 1.407187623684925 1.4078002624742822 0.0009765625
76.741838888888893 76.761400000000009 1.4071749899050117 1.4077876236849252 0.0009765625
76.761400000000009 76.780961111111111 1.40716236113136 1.4077749899050118 0.0009765625
76.780961111111111 76.800522222222227 1.4071497373607729 1.4077623611313601 0.0009765625
76.800522222222227 76.820083333333343 1.4071371185900758 1.407749737360773 0.0009765625
76.820083333333343 76.839644444444446 1.407124504816077 1.407737118590076 0.0009765625
76.839644444444446 76.859205555555562 1.4071118960356011 1.4077245048160771 0.0009765625
76.859205555555562 76.878766666666678 1.4070992922454737 1.4077118960356012 0.0009765625
76.878766666666678 76.89832777777778 1.4070866934425148 1.4076992922454739 0.0009765625
76.89832777777778 76.917888888888896 1.4070740996235549 1.407686693442515 0.0009765625
76.917888888888896 76.937450000000013 1.4070615107854343 1.4076740996235551 0.0009765625
76.937450000000013 76.957011111111115 1.4070489269249695 1.4076615107854344 0.0009765625
76.957011111111115 76.976572222222231 1.4070363480390089 1.4076489269249697 0.0009765625
76.976572222222231 76.996133333333347 1.4070237741244005 1.4076363480390091 0.0009765625
76.996133333333347 77.015694444444449 1.4070112051779713 1.4076237741244007 0.0009765625
77.015694444444449 77.035255555555565 1.4069986411965709 1.4076112051779714 0.0009765625
77.035255555555565 77.054816666666682 1.4069860821770577 1.4075986411965711 0.0009765625
77.054816666666682 77.074377777777784 1.4069735281162641 1.4075860821770578 0.0009765625
77.074377777777784 77.0939388888889 1.4069609790110658 1.4075735281162642 0.0009765625
77.0939388888889 77.113500000000016 1.406948434858303 1.4075609790110659 0.0009765625
77.113500000000016 77.133061111111118 1.4069358956548377 1.4075484348583032 0.0009765625
77.133061111111118 77.152622222222234 1.40692336139754 1.4075358956548378 0.0009765625
77.152622222222234 77.172183333333336 1.4069108320832684 1.4075233613975402 0.0009765625
77.172183333333336 77.191744444444453 1.4068983077088908 1.4075108320832685 0.0009765625
77.191744444444453 77.211305555555569 1.4068857882712826 1.4074983077088909 0.0009765625
77.211305555555569 77.230866666666671 1.4068732737673042 1.4074857882712828 0.0009765625
77.230866666666671 77.250427777777787 1.4068607641938466 1.4074732737673044 0.0009765625
77.250427777777787 77.269988888888903 1.4068482595477785 1.4074607641938468 0.0009765625
77.269988888888903 77.289550000000006 1.4068357598259842 1.4074482595477786 0.0009765625
77.289550000000006 77.309111111111122 1.4068232650253512 1.4074357598259843 0.0009765625
77.309111111111122 77.328672222222238 1.4068107751422032 1.407423265024794 0.0009765625
77.328672222222238 77.34823333333334 1.4067982901751053 1.407410775142762 0.0009765625
77.34823333333334 77.367794444444456 1.4067858101192765 1.4073982901751054 0.0009765625
77.367794444444456 77.387355555555558 1.4067733349721689 1.4073858101192767 0.0009765625
77.387355555555558 77.406916666666675 1.4067608647306817 1.4073733349721691 0.0009765625
77.406916666666675 77.426477777777791 1.4067483993917129 1.4073608647306819 0.0009765625
77.426477777777791 77.446038888888893 1.4067359389521759 1.4073483993917131 0.0009765625
77.446038888888893 77.465600000000009 1.4067234834089601 1.407335938952176 0.0009765625
77.465600000000009 77.485161111111125 1.406711032758984 1.4073234834089603 0.0009765625
77.485161111111125 77.504722222222227 1.4066985869991584 1.4073110327589842 0.0009765625
77.504722222222227 77.524283333333344 1.4066861461263918 1.4072985869991586 0.0009765625
77.524283333333344 77.54384444444446 1.4066737101376054 1.4072861461263919 0.0009765625
77.54384444444446 77.563405555555562 1.4066612790297199 1.4072737101376056 0.0009765625
77.563405555555562 77.582966666666678 1.406648852799659 1.4072612790297201 0.0009765625
77.582966666666678 77.60252777777778 1.4066364314443416 1.4072488527996592 0.0009765625
77.60252777777778 77.622088888888896 1.4066240149607001 1.4072364314443417 0.0009765625
77.622088888888896 77.641650000000013 1.4066116033456602 1.4072240149607003 0.0009765625
77.641650000000013 77.661211111111115 1.406599196596156 1.4072116033456603 0.0009765625
77.661211111111115 77.680772222222231 1.4065867947091233 1.4071991965961561 0.0009765625
77.680772222222231 77.700333333333333 1.4065743976815017 1.4071867947091234 0.0009765625
77.700333333333333 77.719894444444449 1.4065620055102375 1.4071743976815019 0.0009765625
77.719894444444449 77.739455555555566 1.4065496181922585 1.4071620055102376 0.0009765625
77.739455555555566 77.759016666666668 1.4065372357245243 1.4071496181922587 0.0009765625
77.759016666666668 77.778577777777784 1.4065248581039853 1.4071372357245244 0.0009765625
77.778577777777784 77.7981388888889 1.4065124853275823 1.4071248581039855 0.0009765625
77.7981388888889 77.817700000000002 1.4065001173922802 1.4071124853275825 0.0009765625
77.817700000000002 77.837261111111118 1.4064877542950238 1.4071001173922804 0.0009765625
77.837261111111118 77.856822222222235 1.4064753960327843 1.407087754295024 0.0009765625
77.856822222222235 77.876383333333337 1.4064630426025164 1.4070753960327844 0.0009765625
77.876383333333337 77.895944444444453 1.40645069400119 1.4070630426025166 0.0009765625
77.895944444444453 77.915505555555555 1.4064383502257698 1.4070506940011902 0.0009765625
77.915505555555555 77.935066666666671 1.4064260112732259 1.40703835022577 0.0009765625
77.935066666666671 77.954627777777787 1.4064136771405309 1.407026011273226 0.0009765625
77.954627777777787 77.974188888888889 1.4064013478246717 1.407013677140531 0.0009765625
77.974188888888889 77.993750000000006 1.4063890233226 1.4070013478246719 0.0009765625
77.993750000000006 78.013311111111108 1.4063767036313179 1.4069890233226001 0.0009765625
78.013311111111108 78.032872222222224 1.4063643887478006 1.4069767036313181 0.0009765625
78.032872222222224 78.05243333333334 1.4063520786690391 1.4069643887478007 0.0009765625
78.05243333333334 78.071994444444442 1.4063397733920153 1.4069520786690393 0.0009765625
78.071994444444442 78.091555555555558 1.4063274729137325 1.4069397733920155 0.0009765625
78.091555555555558 78.111116666666675 1.4063151772306177 1.4069274729131716 0.0009765625
78.111116666666675 78.130677777777777 1.4063028863413276 1.4069151772311714 0.0009765625
78.130677777777777 78.150238888888893 1.4062906002412179 1.4069028863413278 0.0009765625
78.150238888888893 78.169800000000009 1.4062783189278245 1.406890600241218 0.0009765625
78.169800000000009 78.189361111111111 1.4062660423981534 1.4068783189278247 0.0009765625
78.189361111111111 78.208922222222228 1.4062537706492193 1.4068660423981536 0.0009765625
78.208922222222228 78.22848333333333 1.4062415036780345 1.4068537706492195 0.0009765625
78.22848333333333 78.248044444444446 1.4062292414816053 1.4068415036780346 0.0009765625
78.248044444444446 78.267605555555562 1.406216984056937 1.4068292414816055 0.0009765625
78.267605555555562 78.287166666666664 1.4062047314010619 1.4068169840569371 0.0009765625
78.287166666666664 78.30672777777778 1.406192483510994 1.4068047314010621 0.0009765625
78.30672777777778 78.326288888888882 1.40618024038376 1.4067924835109942 0.0009765625
78.326288888888882 78.345849999999999 1.4061680020163736 1.4067802403837601 0.0009765625
78.345849999999999 78.365411111111115 1.4061557684058734 1.4067680020163738 0.0009765625
78.365411111111115 78.384972222222217 1.4061435395492778 1.4067557684058736 0.0009765625
78.384972222222217 78.404533333333333 1.4061313154436359 1.406743539549278 0.0009765625
78.404533333333333 78.424094444444449 1.4061190960859695 1.4067313154436361 0.0009765625
78.424094444444449 78.443655555555551 1.4061068814733242 1.4067190960859697 0.0009765625
78.443655555555551 78.463216666666668 1.4060946716027307 1.4067068814733243 0.0009765625
78.463216666666668 78.482777777777784 1.4060824664712404 1.4066946716027309 0.0009765625
78.482777777777784 78.502338888888886 1.4060702660758988 1.4066824664712405 0.0009765625
78.502338888888886 78.521900000000002 1.4060580704137497 1.406670266075899 0.0009765625
78.521900000000002 78.541461111111104 1.4060458794818473 1.4066580704137499 0.0009765625
78.541461111111104 78.561022222222221 1.4060336932772486 1.4066458794818475 0.0009765625
78.561022222222221 78.580583333333337 1.4060215117969954 1.4066336932772487 0.0009765625
78.580583333333337 78.600144444444439 1.4060093350381526 1.4066215117969956 0.0009765625
78.600144444444439 78.619705555555555 1.4059971629977819 1.4066093350381528 0.0009765625
78.619705555555555 78.639266666666657 1.4059849956729586 1.406597162997782 0.0009765625
78.639266666666657 78.658827777777773 1.405972833060724 1.4065849956729588 0.0009765625
78.658827777777773 78.67838888888889 1.4059606751581684 1.4065728330607241 0.0009765625
78.67838888888889 78.697949999999992 1.4059485219623473 1.4065606751581685 0.0009765625
78.697949999999992 78.717511111111108 1.4059363734703416 1.4065485219623475 0.0009765625
78.717511111111108 78.737072222222224 1.4059242296792336 1.4065363734703418 0.0009765625
78.737072222222224 78.756633333333326 1.4059120905860898 1.4065242296792337 0.0009765625
78.756633333333326 78.776194444444442 1.4058999561879939 1.4065120905860899 0.0009765625
78.776194444444442 78.795755555555559 1.4058878264820327 1.4064999561879941 0.0009765625
78.795755555555559 78.815316666666661 1.4058757014652894 1.4064878264820329 0.0009765625
78.815316666666661 78.834877777777777 1.4058635811348541 1.4064757014652896 0.0009765625
78.834877777777777 78.854438888888879 1.4058514654878191 1.4064635811348543 0.0009765625
78.854438888888879 78.873999999999995 1.4058393545212751 1.4064514654878193 0.0009765625
78.873999999999995 78.893561111111111 1.4058272482317709 1.4064393545207212 0.0009765625
78.893561111111111 78.913122222222214 1.4058151466180531 1.4064272482323206 0.0009765625
78.913122222222214 78.93268333333333 1.4058030496755785 1.4064151466180532 0.0009765625
78.93268333333333 78.952244444444446 1.4057909574019887 1.4064030496755786 0.0009765625
78.952244444444446 78.971805555555548 1.4057788697943934 1.4063909574019888 0.0009765625
78.971805555555548 78.991366666666664 1.4057667868499113 1.4063788697943935 0.0009765625
78.991366666666664 79.010927777777781 1.4057547085656434 1.4063667868499115 0.0009765625
79.010927777777781 79.030488888888883 1.405742634938705 1.4063547085656436 0.0009765625
79.030488888888883 79.050049999999999 1.4057305659662185 1.4063426349387051 0.0009765625
79.050049999999999 79.069611111111101 1.4057185016452916 1.4063305659662186 0.0009765625
79.069611111111101 79.089172222222217 1.4057064419730465 1.4063185016452917 0.0009765625
79.089172222222217 79.108733333333333 1.4056943869466203 1.4063064419730467 0.0009765625
79.108733333333333 79.128294444444435 1.4056823365631193 1.4062943869466205 0.0009765625
79.128294444444435 79.147855555555552 1.4056702908196874 1.4062823365631194 0.0009765625
79.147855555555552 79.167416666666668 1.4056582497134478 1.4062702908196876 0.0009765625
79.167416666666668 79.18697777777777 1.4056462132415308 1.4062582497134479 0.0009765625
79.18697777777777 79.206538888888886 1.4056341814010802 1.406246213241531 0.0009765625
79.206538888888886 79.226100000000002 1.4056221541892362 1.4062341814010804 0.0009765625
79.226100000000002 79.245661111111104 1.4056101316031258 1.4062221541892364 0.0009765625
79.245661111111104 79.265222222222221 1.4055981136399045 1.4062101316031259 0.0009765625
79.265222222222221 79.284783333333337 1.4055861002967103 1.4061981136399047 0.0009765625
79.284783333333337 79.304344444444439 1.4055740915706985 1.4061861002967104 0.0009765625
79.304344444444439 79.323905555555555 1.4055620874590158 1.4061740915706986 0.0009765625
79.323905555555555 79.343466666666671 1.4055500879588068 1.4061620874590159 0.0009765625
79.343466666666671 79.363027777777774 1.4055380930672372 1.4061500879588069 0.0009765625
79.363027777777774 79.38258888888889 1.4055261027814658 1.4061380930672374 0.0009765625
79.38258888888889 79.402150000000006 1.4055141170986467 1.406126102781466 0.0009765625
79.402150000000006 79.421711111111108 1.4055021360159428 1.4061141170986469 0.0009765625
79.421711111111108 79.441272222222224 1.4054901595305214 1.4061021360159429 0.0009765625
79.441272222222224 79.460833333333341 1.4054781876395475 1.4060901595305215 0.0009765625
79.460833333333341 79.480394444444443 1.4054662203401904 1.4060781876395476 0.0009765625
79.480394444444443 79.499955555555559 1.4054542576296281 1.4060662203401906 0.0009765625
79.499955555555559 79.519516666666661 1.405442299505038 1.4060542576296282 0.0009765625
79.519516666666661 79.539077777777777 1.4054303459635813 1.4060422995050381 0.0009765625
79.539077777777777 79.558638888888893 1.405418397002449 1.4060303459635815 0.0009765625
79.558638888888893 79.578199999999995 1.4054064526188201 1.4060183970024491 0.0009765625
79.578199999999995 79.597761111111112 1.4053945128098835 1.4060064526188203 0.0009765625
79.597761111111112 79.617322222222228 1.4053825775728186 1.4059945128098836 0.0009765625
79.617322222222228 79.63688333333333 1.4053706469048199 1.4059825775728187 0.0009765625
79.63688333333333 79.656444444444446 1.405358720803078 1.4059706469048201 0.0009765625
79.656444444444446 79.676005555555562 1.4053467992642277 1.405958720802525 0.0009765625
79.676005555555562 79.695566666666664 1.405334882287133 1.4059467992647849 0.0009765625
79.695566666666664 79.715127777777781 1.4053229698673337 1.4059348822871331 0.0009765625
79.715127777777781 79.734688888888897 1.4053110620025733 1.4059229698673339 0.0009765625
79.734688888888897 79.754249999999999 1.4052991586900669 1.4059110620025734 0.0009765625
79.754249999999999 79.773811111111115 1.4052872599270159 1.4058991586900671 0.0009765625
79.773811111111115 79.793372222222231 1.4052753657106216 1.405887259927016 0.0009765625
79.793372222222231 79.812933333333334 1.4052634760381013 1.4058753657106218 0.0009765625
79.812933333333334 79.83249444444445 1.4052515909066678 1.4058634760381015 0.0009765625
79.83249444444445 79.852055555555552 1.4052397103135439 1.405851590906668 0.0009765625
79.852055555555552 79.871616666666668 1.4052278342559346 1.405839710313544 0.0009765625
79.871616666666668 79.891177777777784 1.4052159627310656 1.4058278342559347 0.0009765625
79.891177777777784 79.910738888888886 1.4052040957361527 1.4058159627310658 0.0009765625
79.910738888888886 79.930300000000003 1.4051922332684323 1.4058040957361528 0.0009765625
79.930300000000003 79.949861111111119 1.4051803753251255 1.4057922332684325 0.0009765625
79.949861111111119 79.969422222222221 1.4051685219034573 1.4057803753251257 0.0009765625
79.969422222222221 79.988983333333337 1.405156673000669 1.4057685219034575 0.0009765625
79.988983333333337 80.008544444444453 1.4051448286139905 1.4057566730006692 0.0009765625
80.008544444444453 80.028105555555555 1.4051329887406565 1.4057448286139906 0.0009765625
80.028105555555555 80.047666666666672 1.4051211533779033 1.4057329887406567 0.0009765625
80.047666666666672 80.067227777777788 1.4051093225229798 1.4057211533779035 0.0009765625
80.067227777777788 80.08678888888889 1.4050974961731264 1.40570932252298 0.0009765625
80.08678888888889 80.106350000000006 1.4050856743255864 1.4056974961731266 0.0009765625
80.106350000000006 80.125911111111122 1.4050738569776104 1.4056856743255866 0.0009765625
80.125911111111122 80.145472222222224 1.4050620441264432 1.4056738569776106 0.0009765625
80.145472222222224 80.165033333333341 1.4050502357693488 1.4056620441264434 0.0009765625
80.165033333333341 80.184594444444457 1.4050384319035749 1.405650235769349 0.0009765625
80.184594444444457 80.204155555555559 1.4050266325263838 1.4056384319035751 0.0009765625
80.204155555555559 80.223716666666675 1.4050148376350284 1.405626632526384 0.0009765625
80.223716666666675 80.243277777777791 1.4050030472267738 1.4056148376350286 0.0009765625
80.243277777777791 80.262838888888894 1.4049912612988886 1.405603047226774 0.0009765625
80.262838888888894 80.28240000000001 1.4049794798486375 1.4055912612988888 0.0009765625
80.28240000000001 80.301961111111112 1.4049677028732883 1.4055794798486376 0.0009765625
80.301961111111112 80.321522222222228 1.4049559303701094 1.4055677028732885 0.0009765625
80.321522222222228 80.341083333333344 1.4049441623363772 1.4055559303701095 0.0009765625
80.341083333333344 80.360644444444446 1.4049323987693711 1.4055441623363774 0.0009765625
80.360644444444446 80.380205555555563 1.4049206396663596 1.4055323987693713 0.0009765625
80.380205555555563 80.399766666666679 1.404908885024639 1.4055206396663598 0.0009765625
80.399766666666679 80.419327777777781 1.4048971348414798 1.4055088850246391 0.0009765625
80.419327777777781 80.438888888888897 1.4048853891141708 1.40549713484148 0.0009765625
80.438888888888897 80.458450000000013 1.404873647839451 1.4054853891136194 0.0009765625
80.458450000000013 80.478011111111115 1.4048619110162619 1.4054736478400032 0.0009765625
80.478011111111115 80.497572222222232 1.4048501786402396 1.4054619110162621 0.0009765625
80.497572222222232 80.517133333333334 1.404838450709228 1.4054501786402398 0.0009765625
80.517133333333334 80.53669444444445 1.4048267272205341 1.4054384507092281 0.0009765625
80.53669444444445 80.556255555555566 1.4048150081714477 1.4054267272205343 0.0009765625
80.556255555555566 80.575816666666668 1.4048032935592698 1.4054150081714478 0.0009765625
80.575816666666668 80.595377777777784 1.4047915833813103 1.40540329355927 0.0009765625
80.595377777777784 80.614938888888901 1.4047798776348719 1.4053915833813104 0.0009765625
80.614938888888901 80.634500000000003 1.4047681763172577 1.405379877634872 0.0009765625
80.634500000000003 80.654061111111119 1.4047564794257816 1.4053681763172579 0.0009765625
80.654061111111119 80.673622222222235 1.4047447869577621 1.4053564794257818 0.0009765625
80.673622222222235 80.693183333333337 1.4047330989105025 1.4053447869577622 0.0009765625
80.693183333333337 80.712744444444454 1.4047214152813343 1.4053330989105026 0.0009765625
80.712744444444454 80.732305555555556 1.4047097360675578 1.4053214152813345 0.0009765625
80.732305555555556 80.751866666666672 1.4046980612665161 1.4053097360675579 0.0009765625
80.751866666666672 80.771427777777788 1.4046863908755216 1.4052980612665162 0.0009765625
80.771427777777788 80.79098888888889 1.4046747248918885 1.4052863908755218 0.0009765625
80.79098888888889 80.810550000000006 1.4046630633129682 1.4052747248918886 0.0009765625
80.810550000000006 80.830111111111108 1.4046514061360789 1.4052630633129684 0.0009765625
80.830111111111108 80.849672222222225 1.4046397533585624 1.405251406136079 0.0009765625
80.849672222222225 80.869233333333341 1.4046281049777458 1.4052397533585625 0.0009765625
80.869233333333341 80.888794444444443 1.4046164609909617 1.405228104977746 0.0009765625
80.888794444444443 80.908355555555559 1.4046048213955575 1.4052164609909619 0.0009765625
80.908355555555559 80.927916666666675 1.4045931861888699 1.4052048213955577 0.0009765625
80.927916666666675 80.947477777777777 1.4045815553682468 1.40519318618887 0.0009765625
80.947477777777777 80.967038888888894 1.4045699289310389 1.405181555368247 0.0009765625
80.967038888888894 80.98660000000001 1.4045583068745853 1.4051699289310391 0.0009765625
80.98660000000001 81.006161111111112 1.4045466891962424 1.4051583068745854 0.0009765625
81.006161111111112 81.025722222222228 1.4045350758933624 1.4051466891962425 0.0009765625
81.025722222222228 81.04528333333333 1.4045234669632989 1.4051350758933625 0.0009765625
81.04528333333333 81.064844444444446 1.4045118624034119 1.405123466963299 0.0009765625
81.064844444444446 81.084405555555563 1.4045002622110581 1.405111862403412 0.0009765625
81.084405555555563 81.103966666666665 1.4044886663836003 1.4051002622110582 0.0009765625
81.103966666666665 81.123527777777781 1.404477074918403 1.4050886663836004 0.0009765625
81.123527777777781 81.143088888888883 1.4044654878128298 1.4050770749184032 0.0009765625
81.143088888888883 81.162649999999999 1.4044539050642564 1.4050654878128299 0.0009765625
81.162649999999999 81.182211111111116 1.4044423266700412 1.4050539050642565 0.0009765625
81.182211111111116 81.201772222222218 1.4044307526275688 1.4050423266700414 0.0009765625
81.201772222222218 81.221333333333334 1.4044191829342081 1.4050307526275689 0.0009765625
81.221333333333334 81.24089444444445 1.4044076175867877 1.4050191829336562 0.0009765625
81.24089444444445 81.260455555555552 1.4043960565843392 1.4050076175873392 0.0009765625
81.260455555555552 81.280016666666668 1.4043844999225894 1.4049960565843393 0.0009765625
81.280016666666668 81.299577777777785 1.4043729475994797 1.4049844999225896 0.0009765625
81.299577777777785 81.319138888888887 1.4043613996123863 1.4049729475994799 0.0009765625
81.319138888888887 81.338700000000003 1.4043498559587033 1.4049613996123864 0.0009765625
81.338700000000003 81.358261111111119 1.4043383166358188 1.4049498559587035 0.0009765625
81.358261111111119 81.377822222222221 1.4043267816411293 1.4049383166358189 0.0009765625
81.377822222222221 81.397383333333337 1.4043152509720225 1.4049267816411295 0.0009765625
81.397383333333337 81.416944444444454 1.4043037246259022 1.4049152509720226 0.0009765625
81.416944444444454 81.436505555555556 1.4042922026001621 1.4049037246259024 0.0009765625
81.436505555555556 81.456066666666672 1.4042806848922065 1.4048922026001622 0.0009765625
81.456066666666672 81.475627777777774 1.4042691714994435 1.4048806848922066 0.0009765625
81.475627777777774 81.49518888888889 1.4042576624192709 1.4048691714994437 0.0009765625
81.49518888888889 81.514750000000006 1.4042461576490974 1.404857662419271 0.0009765625
81.514750000000006 81.534311111111109 1.4042346571863302 1.4048461576490976 0.0009765625
81.534311111111109 81.553872222222225 1.4042231610283935 1.4048346571863304 0.0009765625
81.553872222222225 81.573433333333341 1.4042116691726907 1.4048231610283937 0.0009765625
81.573433333333341 81.592994444444443 1.4042001816166367 1.4048116691726908 0.0009765625
81.592994444444443 81.612555555555559 1.4041886983576579 1.4048001816166369 0.0009765625
81.612555555555559 81.632116666666676 1.4041772193931674 1.4047886983576581 0.0009765625
81.632116666666676 81.651677777777778 1.404165744720596 1.4047772193931676 0.0009765625
81.651677777777778 81.671238888888894 1.4041542743373627 1.4047657447205961 0.0009765625
81.671238888888894 81.69080000000001 1.4041428082408935 1.4047542743373629 0.0009765625
81.69080000000001 81.710361111111112 1.4041313464286274 1.4047428082408937 0.0009765625
81.710361111111112 81.729922222222228 1.4041198888979793 1.4047313464286275 0.0009765625
81.729922222222228 81.749483333333345 1.4041084356463973 1.4047198888979795 0.0009765625
81.749483333333345 81.769044444444447 1.4040969866713113 1.4047084356463975 0.0009765625
81.769044444444447 81.788605555555563 1.404085541970157 1.4046969866713115 0.0009765625
81.788605555555563 81.808166666666665 1.4040741015403768 1.4046855419701572 0.0009765625
81.808166666666665 81.827727777777781 1.4040626653794164 1.404674101540377 0.0009765625
81.827727777777781 81.847288888888897 1.4040512334847124 1.4046626653794165 0.0009765625
81.847288888888897 81.866849999999999 1.4040398058537162 1.4046512334847125 0.0009765625
81.866849999999999 81.886411111111116 1.4040283824838742 1.4046398058537164 0.0009765625
81.886411111111116 81.905972222222232 1.4040169633726349 1.4046283824838743 0.0009765625
81.905972222222232 81.925533333333334 1.4040055485174612 1.4046169633726351 0.0009765625
81.925533333333334 81.94509444444445 1.4039941379157899 1.4046055485174613 0.0009765625
81.94509444444445 81.964655555555566 1.4039827315650919 1.40459413791579 0.0009765625
81.964655555555566 81.984216666666669 1.4039713294628193 1.4045827315650921 0.0009765625
81.984216666666669 82.003777777777785 1.4039599316064431 1.4045713294628195 0.0009765625
82.003777777777785 82.023338888888901 1.4039485379928627 1.4045599316058899 0.0009765625
82.023338888888901 82.042900000000003 1.4039371486212053 1.4045485379934115 0.0009765625
82.042900000000003 82.062461111111119 1.4039257634872704 1.4045371486212055 0.0009765625
82.062461111111119 82.082022222222236 1.4039143825891032 1.4045257634872705 0.0009765625
82.082022222222236 82.101583333333338 1.4039030059241557 1.4045143825891033 0.0009765625
82.101583333333338 82.121144444444454 1.4038916334899074 1.4045030059241559 0.0009765625
82.121144444444454 82.140705555555556 1.4038802652838351 1.4044916334899076 0.0009765625
82.140705555555556 82.160266666666672 1.4038689013034211 1.4044802652838353 0.0009765625
82.160266666666672 82.179827777777788 1.4038575415461267 1.4044689013034213 0.0009765625
82.179827777777788 82.19938888888889 1.403846186009458 1.4044575415461269 0.0009765625
82.19938888888889 82.218950000000007 1.4038348346908811 1.4044461860094581 0.0009765625
82.218950000000007 82.238511111111109 1.4038234875878972 1.4044348346908813 0.0009765625
82.238511111111109 82.258072222222225 1.4038121446979777 1.4044234875878974 0.0009765625
82.258072222222225 82.277633333333341 1.4038008060186258 1.4044121446979778 0.0009765625
82.277633333333341 82.297194444444443 1.4037894715473311 1.4044008060186259 0.0009765625
82.297194444444443 82.316755555555559 1.4037781412815793 1.4043894715473313 0.0009765625
82.316755555555559 82.336316666666676 1.4037668152188822 1.4043781412815795 0.0009765625
82.336316666666676 82.355877777777778 1.4037554933567253 1.4043668152188824 0.0009765625
82.355877777777778 82.375438888888894 1.403744175692613 1.4043554933567255 0.0009765625
82.375438888888894 82.39500000000001 1.4037328622240484 1.4043441756926132 0.0009765625
82.39500000000001 82.414561111111112 1.4037215529485392 1.4043328622240485 0.0009765625
82.414561111111112 82.434122222222229 1.4037102478635923 1.4043215529485393 0.0009765625
82.434122222222229 82.453683333333331 1.4036989469667112 1.4043102478635925 0.0009765625
82.453683333333331 82.473244444444447 1.4036876502554119 1.4042989469667113 0.0009765625
82.473244444444447 82.492805555555563 1.4036763577272005 1.404287650255412 0.0009765625
82.492805555555563 82.512366666666665 1.4036650693796 1.4042763577272006 0.0009765625
82.512366666666665 82.531927777777781 1.4036537852101236 1.4042650693796002 0.0009765625
82.531927777777781 82.551488888888883 1.4036425052162886 1.4042537852101238 0.0009765625
82.551488888888883 82.57105 1.4036312293956208 1.4042425052162888 0.0009765625
82.57105 82.590611111111116 1.4036199577456401 1.404231229395621 0.0009765625
82.590611111111116 82.610172222222218 1.4036086902638689 1.4042199577456402 0.0009765625
82.610172222222218 82.629733333333334 1.4035974269478408 1.4042086902638691 0.0009765625
82.629733333333334 82.64929444444445 1.4035861677950852 1.404197426947841 0.0009765625
82.64929444444445 82.668855555555552 1.4035749128031283 1.4041861677950853 0.0009765625
82.668855555555552 82.688416666666669 1.4035636619695049 1.4041749128031284 0.0009765625
82.688416666666669 82.707977777777785 1.4035524152917458 1.404163661969505 0.0009765625
82.707977777777785 82.727538888888887 1.403541172767403 1.4041524152917459 0.0009765625
82.727538888888887 82.747100000000003 1.4035299343940013 1.4041411727674031 0.0009765625
82.747100000000003 82.766661111111105 1.4035187001690885 1.4041299343940015 0.0009765625
82.766661111111105 82.786222222222221 1.403507470090207 1.4041187001690887 0.0009765625
82.786222222222221 82.805783333333338 1.4034962441543486 1.4041074700896561 0.0009765625
82.805783333333338 82.82534444444444 1.4034850223607214 1.4040962441549041 0.0009765625
82.82534444444444 82.844905555555556 1.403473804705214 1.4040850223607215 0.0009765625
82.844905555555556 82.864466666666672 1.4034625911859284 1.4040738047052141 0.0009765625
82.864466666666672 82.884027777777774 1.4034513818004291 1.4040625911859286 0.0009765625
82.884027777777774 82.903588888888891 1.4034401765462621 1.4040513818004292 0.0009765625
82.903588888888891 82.923150000000007 1.4034289754209768 1.4040401765462622 0.0009765625
82.923150000000007 82.942711111111109 1.4034177784221498 1.4040289754209769 0.0009765625
82.942711111111109 82.962272222222225 1.4034065855473399 1.4040177784221499 0.0009765625
82.962272222222225 82.981833333333327 1.403395396794098 1.40400658554734 0.0009765625
82.981833333333327 83.001394444444443 1.4033842121600042 1.4039953967940981 0.0009765625
83.001394444444443 83.02095555555556 1.4033730316426198 1.4039842121600044 0.0009765625
83.02095555555556 83.040516666666662 1.4033618552395086 1.40397303164262 0.0009765625
83.040516666666662 83.060077777777778 1.4033506829482485 1.4039618552395088 0.0009765625
83.060077777777778 83.079638888888894 1.4033395147664149 1.4039506829482487 0.0009765625
83.079638888888894 83.099199999999996 1.4033283506915781 1.4039395147664151 0.0009765625
83.099199999999996 83.118761111111112 1.4033171907213216 1.4039283506915783 0.0009765625
83.118761111111112 83.138322222222229 1.4033060348532194 1.4039171907213217 0.0009765625
83.138322222222229 83.157883333333331 1.4032948830848513 1.4039060348532195 0.0009765625
83.157883333333331 83.177444444444447 1.4032837354138068 1.4038948830848514 0.0009765625
83.177444444444447 83.197005555555563 1.4032725918376654 1.403883735413807 0.0009765625
83.197005555555563 83.216566666666665 1.4032614523540197 1.4038725918376656 0.0009765625
83.216566666666665 83.236127777777781 1.4032503169604564 1.4038614523540198 0.0009765625
83.236127777777781 83.255688888888898 1.4032391856545665 1.4038503169604566 0.0009765625
83.255688888888898 83.27525 1.4032280584339429 1.4038391856545667 0.0009765625
83.27525 83.294811111111116 1.4032169352961825 1.4038280584339431 0.0009765625
83.294811111111116 83.314372222222232 1.403205816238883 1.4038169352961827 0.0009765625
83.314372222222232 83.333933333333334 1.4031947012596382 1.4038058162388831 0.0009765625
83.333933333333334 83.353494444444451 1.4031835903560572 1.4037947012596383 0.0009765625
83.353494444444451 83.373055555555567 1.4031724835257386 1.4037835903560574 0.0009765625
83.373055555555567 83.392616666666669 1.4031613807662884 1.4037724835257388 0.0009765625
83.392616666666669 83.412177777777785 1.4031502820753081 1.4037613807662885 0.0009765625
83.412177777777785 83.431738888888887 1.4031391874504133 1.4037502820753083 0.0009765625
83.431738888888887 83.451300000000003 1.4031280968892177 1.4037391874504135 0.0009765625
83.451300000000003 83.47086111111112 1.4031170103893251 1.4037280968892178 0.0009765625
83.47086111111112 83.490422222222222 1.403105927948352 1.4037170103893253 0.0009765625
83.490422222222222 83.509983333333338 1.4030948495639177 1.4037059279483521 0.0009765625
83.509983333333338 83.529544444444454 1.4030837752336394 1.4036948495639179 0.0009765625
83.529544444444454 83.549105555555556 1.4030727049551392 1.4036837752336395 0.0009765625
83.549105555555556 83.568666666666672 1.4030616387260475 1.4036727049551394 0.0009765625
83.568666666666672 83.588227777777789 1.4030505765434189 1.4036616387254968 0.0009765625
83.588227777777789 83.607788888888891 1.4030395184065485 1.4036505765439684 0.0009765625
83.607788888888891 83.627350000000007 1.4030284643114079 1.4036395184065487 0.0009765625
83.627350000000007 83.646911111111123 1.403017414256166 1.4036284643114081 0.0009765625
83.646911111111123 83.666472222222225 1.4030063682384788 1.4036174142561662 0.0009765625
83.666472222222225 83.686033333333341 1.402995326255954 1.403606368238479 0.0009765625
83.686033333333341 83.705594444444458 1.4029842883062471 1.4035953262559542 0.0009765625
83.705594444444458 83.72515555555556 1.4029732543869928 1.4035842883062473 0.0009765625
83.72515555555556 83.744716666666676 1.4029622244958233 1.403573254386993 0.0009765625
83.744716666666676 83.764277777777778 1.4029511986303838 1.4035622244958235 0.0009765625
83.764277777777778 83.783838888888894 1.4029401767883194 1.4035511986303839 0.0009765625
83.783838888888894 83.803400000000011 1.402929158967277 1.4035401767883195 0.0009765625
83.803400000000011 83.822961111111113 1.402918145164894 1.4035291589672771 0.0009765625
83.822961111111113 83.842522222222229 1.4029071353788394 1.4035181451648941 0.0009765625
83.842522222222229 83.862083333333345 1.4028961296067446 1.4035071353788395 0.0009765625
83.862083333333345 83.881644444444447 1.4028851278462711 1.4034961296067447 0.0009765625
83.881644444444447 83.901205555555563 1.4028741300950756 1.4034851278462712 0.0009765625
83.901205555555563 83.92076666666668 1.4028631363508177 1.4034741300950757 0.0009765625
83.92076666666668 83.940327777777782 1.4028521466111497 1.4034631363508179 0.0009765625
83.940327777777782 83.959888888888898 1.4028411608737299 1.4034521466111498 0.0009765625
83.959888888888898 83.979450000000014 1.4028301791362279 1.4034411608737301 0.0009765625
83.979450000000014 83.999011111111116 1.4028192013963039 1.403430179136228 0.0009765625
83.999011111111116 84.018572222222232 1.4028082276516274 1.4034192013963041 0.0009765625
84.018572222222232 84.038133333333349 1.4027972578998678 1.4034082276516275 0.0009765625
84.038133333333349 84.057694444444451 1.40278629213869 1.4033972578998679 0.0009765625
84.057694444444451 84.077255555555567 1.402775330365772 1.4033862921386902 0.0009765625
84.077255555555567 84.096816666666683 1.4027643725787851 1.4033753303657721 0.0009765625
84.096816666666683 84.116377777777785 1.4027534187754034 1.4033643725787852 0.0009765625
84.116377777777785 84.135938888888901 1.4027424689533063 1.4033534187754035 0.0009765625
84.135938888888901 84.155500000000018 1.4027315231101714 1.4033424689533065 0.0009765625
84.155500000000018 84.17506111111112 1.4027205812436851 1.4033315231101715 0.0009765625
84.17506111111112 84.194622222222236 1.4027096433515303 1.4033205812436853 0.0009765625
84.194622222222236 84.214183333333338 1.4026987094313828 1.4033096433515304 0.0009765625
84.214183333333338 84.233744444444454 1.4026877794809416 1.4032987094313829 0.0009765625
84.233744444444454 84.253305555555571 1.4026768534978886 1.4032877794809417 0.0009765625
84.253305555555571 84.272866666666673 1.4026659314799186 1.4032768534978888 0.0009765625
84.272866666666673 84.292427777777789 1.4026550134247211 1.4032659314799187 0.0009765625
84.292427777777789 84.311988888888905 1.4026440993299916 1.4032550134247213 0.0009765625
84.311988888888905 84.331550000000007 1.4026331891934241 1.4032440993299917 0.0009765625
84.331550000000007 84.351111111111123 1.4026222830127224 1.4032331891934242 0.0009765625
84.351111111111123 84.37067222222224 1.4026113807850338 1.4032222830121726 0.0009765625
84.37067222222224 84.390233333333342 1.4026004825097098 1.403211380785587 0.0009765625
84.390233333333342 84.409794444444458 1.4025895881828063 1.40320048250971 0.0009765625
84.409794444444458 84.42935555555556 1.4025786978025772 1.4031895881828065 0.0009765625
84.42935555555556 84.448916666666676 1.4025678113667308 1.4031786978025773 0.0009765625
84.448916666666676 84.468477777777792 1.402556928872976 1.403167811366731 0.0009765625
84.468477777777792 84.488038888888894 1.4025460503190177 1.4031569288729762 0.0009765625
84.488038888888894 84.507600000000011 1.4025351757025817 1.4031460503190178 0.0009765625
84.507600000000011 84.527161111111127 1.4025243050213743 1.4031351757025818 0.0009765625
84.527161111111127 84.546722222222229 1.4025134382731159 1.4031243050213744 0.0009765625
84.546722222222229 84.566283333333345 1.4025025754555218 1.4031134382731161 0.0009765625
84.566283333333345 84.585844444444461 1.4024917165663122 1.403102575455522 0.0009765625
84.585844444444461 84.605405555555564 1.4024808616032158 1.4030917165663124 0.0009765625
84.605405555555564 84.62496666666668 1.4024700105639456 1.403080861603216 0.0009765625
84.62496666666668 84.644527777777782 1.4024591634462356 1.4030700105639458 0.0009765625
84.644527777777782 84.664088888888898 1.4024483202478124 1.4030591634462357 0.0009765625
84.664088888888898 84.683650000000014 1.4024374809664071 1.4030483202478126 0.0009765625
84.683650000000014 84.703211111111116 1.4024266455997474 1.4030374809664072 0.0009765625
84.703211111111116 84.722772222222233 1.4024158141455685 1.4030266455997475 0.0009765625
84.722772222222233 84.742333333333335 1.4024049866016031 1.4030158141455686 0.0009765625
84.742333333333335 84.761894444444451 1.4023941629655918 1.4030049866016032 0.0009765625
84.761894444444451 84.781455555555567 1.4023833432352739 1.402994162965592 0.0009765625
84.781455555555567 84.801016666666669 1.402372527408378 1.4029833432352741 0.0009765625
84.801016666666669 84.820577777777785 1.4023617154826633 1.4029725274083782 0.0009765625
84.820577777777785 84.840138888888902 1.4023509074558644 1.4029617154826635 0.0009765625
84.840138888888902 84.859700000000004 1.4023401033257272 1.4029509074558646 0.0009765625
84.859700000000004 84.87926111111112 1.4023293030899979 1.4029401033257274 0.0009765625
84.87926111111112 84.898822222222236 1.4023185067464319 1.4029293030899981 0.0009765625
84.898822222222236 84.918383333333338 1.402307714292782 1.402918506746432 0.0009765625
84.918383333333338 84.937944444444454 1.4022969257267928 1.4029077142927822 0.0009765625
84.937944444444454 84.957505555555556 1.4022861410462262 1.4028969257267929 0.0009765625
84.957505555555556 84.977066666666673 1.402275360248836 1.4028861410462263 0.0009765625
84.977066666666673 84.996627777777789 1.4022645833323724 1.4028753602488362 0.0009765625
84.996627777777789 85.016188888888891 1.4022538102946149 1.4028645833323725 0.0009765625
85.016188888888891 85.035750000000007 1.4022430411333071 1.4028538102946151 0.0009765625
85.035750000000007 85.055311111111109 1.4022322758462193 1.4028430411333073 0.0009765625
85.055311111111109 85.074872222222226 1.402221514431123 1.4028322758462195 0.0009765625
85.074872222222226 85.094433333333342 1.4022107568857829 1.4028215144311231 0.0009765625
85.094433333333342 85.113994444444444 1.4022000032079618 1.4028107568857831 0.0009765625
85.113994444444444 85.13355555555556 1.4021892533954357 1.4028000032079619 0.0009765625
85.13355555555556 85.153116666666676 1.40217850744543 1.4027892533948887 0.0009765625
85.153116666666676 85.172677777777778 1.4021677653573568 1.4027785074459773 0.0009765625
85.172677777777778 85.192238888888895 1.4021570271273622 1.4027677653573569 0.0009765625
85.192238888888895 85.211800000000011 1.4021462927537596 1.4027570271273624 0.0009765625
85.211800000000011 85.231361111111113 1.4021355622343301 1.4027462927537597 0.0009765625
85.231361111111113 85.250922222222229 1.4021248355668601 1.4027355622343303 0.0009765625
85.250922222222229 85.270483333333331 1.4021141127491279 1.4027248355668602 0.0009765625
85.270483333333331 85.290044444444447 1.40210339377893 1.4027141127491281 0.0009765625
85.290044444444447 85.309605555555564 1.4020926786540404 1.4027033937789302 0.0009765625
85.309605555555564 85.329166666666666 1.4020819673722482 1.4026926786540406 0.0009765625
85.329166666666666 85.348727777777782 1.4020712599313532 1.4026819673722484 0.0009765625
85.348727777777782 85.368288888888884 1.4020605563291408 1.4026712599313533 0.0009765625
85.368288888888884 85.38785 1.4020498565634119 1.402660556329141 0.0009765625
85.38785 85.407411111111116 1.4020391606319467 1.402649856563412 0.0009765625
85.407411111111116 85.426972222222219 1.4020284685325655 1.4026391606319468 0.0009765625
85.426972222222219 85.446533333333335 1.4020177802630456 1.4026284685325656 0.0009765625
85.446533333333335 85.466094444444451 1.4020070958211985 1.4026177802630457 0.0009765625
85.466094444444451 85.485655555555553 1.4019964152048303 1.4026070958211987 0.0009765625
85.485655555555553 85.505216666666669 1.4019857384117409 1.4025964152048305 0.0009765625
85.505216666666669 85.524777777777786 1.4019750654397352 1.4025857384117411 0.0009765625
85.524777777777786 85.544338888888888 1.40196439628662 1.4025750654397353 0.0009765625
85.544338888888888 85.563900000000004 1.4019537309502157 1.4025643962866201 0.0009765625
85.563900000000004 85.583461111111106 1.401943069428319 1.4025537309502158 0.0009765625
85.583461111111106 85.603022222222222 1.4019324117187535 1.4025430694283192 0.0009765625
85.603022222222222 85.622583333333338 1.4019217578193253 1.4025324117187536 0.0009765625
85.622583333333338 85.64214444444444 1.4019111077278652 1.4025217578193254 0.0009765625
85.64214444444444 85.661705555555557 1.4019004614421771 1.4025111077278654 0.0009765625
85.661705555555557 85.681266666666659 1.4018898189600888 1.4025004614421772 0.0009765625
85.681266666666659 85.700827777777775 1.4018791802794159 1.402489818960089 0.0009765625
85.700827777777775 85.720388888888891 1.401868545397992 1.4024791802794161 0.0009765625
85.720388888888891 85.739949999999993 1.4018579143136316 1.4024685453979922 0.0009765625
85.739949999999993 85.759511111111109 1.4018472870241783 1.4024579143136318 0.0009765625
85.759511111111109 85.779072222222226 1.4018366635274373 1.4024472870241784 0.0009765625
85.779072222222226 85.798633333333328 1.4018260438212558 1.4024366635274375 0.0009765625
85.798633333333328 85.818194444444444 1.4018154279034631 1.4024260438212559 0.0009765625
85.818194444444444 85.83775555555556 1.4018048157718874 1.4024154279034633 0.0009765625
85.83775555555556 85.857316666666662 1.4017942074243783 1.4024048157718876 0.0009765625
85.857316666666662 85.876877777777779 1.4017836028587529 1.4023942074243785 0.0009765625
85.876877777777779 85.896438888888881 1.4017730020728663 1.4023836028587531 0.0009765625
85.896438888888881 85.915999999999997 1.4017624050645536 1.4023730020728664 0.0009765625
85.915999999999997 85.935561111111113 1.4017518118311056 1.4023624050640049 0.0009765625
85.935561111111113 85.955122222222215 1.4017412223720194 1.4023518118316536 0.0009765625
85.955122222222215 85.974683333333331 1.4017306366834861 1.4023412223720195 0.0009765625
85.974683333333331 85.994244444444448 1.4017200547639077 1.4023306366834862 0.0009765625
85.994244444444448 86.01380555555555 1.4017094766111347 1.4023200547639079 0.0009765625
86.01380555555555 86.033366666666666 1.401698902223022 1.4023094766111348 0.0009765625
86.033366666666666 86.052927777777782 1.4016883315974096 1.4022989022230221 0.0009765625
86.052927777777782 86.072488888888884 1.4016777647321661 1.4022883315974097 0.0009765625
86.072488888888884 86.09205 1.4016672016251304 1.4022777647321663 0.0009765625
86.09205 86.111611111111102 1.4016566422741841 1.4022672016251305 0.0009765625
86.111611111111102 86.131172222222219 1.4016460866771581 1.4022566422741842 0.0009765625
86.131172222222219 86.150733333333335 1.4016355348319387 1.4022460866771582 0.0009765625
86.150733333333335 86.170294444444437 1.4016249867363728 1.4022355348319389 0.0009765625
86.170294444444437 86.189855555555553 1.4016144423883359 1.402224986736373 0.0009765625
86.189855555555553 86.209416666666669 1.4016039017856867 1.402214442388336 0.0009765625
86.209416666666669 86.228977777777772 1.4015933649262922 1.4022039017856869 0.0009765625
86.228977777777772 86.248538888888888 1.4015828318080281 1.4021933649262923 0.0009765625
86.248538888888888 86.268100000000004 1.4015723024287663 1.4021828318080283 0.0009765625
86.268100000000004 86.287661111111106 1.4015617767863711 1.4021723024287664 0.0009765625
86.287661111111106 86.307222222222222 1.4015512548787252 1.4021617767863712 0.0009765625
86.307222222222222 86.326783333333339 1.4015407367036996 1.4021512548787254 0.0009765625
86.326783333333339 86.346344444444441 1.4015302222591761 1.4021407367036998 0.0009765625
86.346344444444441 86.365905555555557 1.4015197115430309 1.4021302222591763 0.0009765625
86.365905555555557 86.385466666666673 1.4015092045531499 1.4021197115430311 0.0009765625
86.385466666666673 86.405027777777775 1.4014987012874189 1.40210920455315 0.0009765625
86.405027777777775 86.424588888888891 1.4014882017437091 1.4020987012874191 0.0009765625
86.424588888888891 86.444150000000008 1.4014777059199173 1.4020882017437093 0.0009765625
86.444150000000008 86.46371111111111 1.4014672138139317 1.4020777059199174 0.0009765625
86.46371111111111 86.483272222222226 1.4014567254236341 1.4020672138139318 0.0009765625
86.483272222222226 86.502833333333342 1.4014462407469312 1.4020567254236342 0.0009765625
86.502833333333342 86.522394444444444 1.4014357597816967 1.4020462407469314 0.0009765625
86.522394444444444 86.54195555555556 1.4014252825258371 1.4020357597816968 0.0009765625
86.54195555555556 86.561516666666662 1.4014148089772478 1.4020252825258372 0.0009765625
86.561516666666662 86.581077777777779 1.4014043391338245 1.402014808977248 0.0009765625
86.581077777777779 86.600638888888895 1.401393872993463 1.4020043391338246 0.0009765625
86.600638888888895 86.620199999999997 1.4013834105540672 1.4019938729934631 0.0009765625
86.620199999999997 86.639761111111113 1.4013729518135494 1.4019834105540674 0.0009765625
86.639761111111113 86.659322222222229 1.4013624967698051 1.4019729518135495 0.0009765625
86.659322222222229 86.678883333333332 1.401352045420738 1.4019624967698052 0.0009765625
86.678883333333332 86.698444444444448 1.4013415977642663 1.4019520454207381 0.0009765625
86.698444444444448 86.718005555555564 1.4013311537977369 1.4019415977637182 0.0009765625
86.718005555555564 86.737566666666666 1.4013207135207184 1.4019311537982853 0.0009765625
86.737566666666666 86.757127777777782 1.4013102769294694 1.4019207135207186 0.0009765625
86.757127777777782 86.776688888888899 1.4012998440224571 1.4019102769294696 0.0009765625
86.776688888888899 86.796250000000001 1.4012894147976007 1.4018998440224573 0.0009765625
86.796250000000001 86.815811111111117 1.4012789892528079 1.4018894147976009 0.0009765625
86.815811111111117 86.835372222222233 1.4012685673860106 1.4018789892528081 0.0009765625
86.835372222222233 86.854933333333335 1.401258149195123 1.4018685673860107 0.0009765625
86.854933333333335 86.874494444444451 1.4012477346780647 1.4018581491951232 0.0009765625
86.874494444444451 86.894055555555553 1.4012373238327653 1.4018477346780649 0.0009765625
86.894055555555553 86.91361666666667 1.4012269166571509 1.4018373238327655 0.0009765625
86.91361666666667 86.933177777777786 1.4012165131491421 1.4018269166571511 0.0009765625
86.933177777777786 86.952738888888888 1.4012061133066755 1.4018165131491422 0.0009765625
86.952738888888888 86.972300000000004 1.401195717127679 1.4018061133066757 0.0009765625
86.972300000000004 86.99186111111112 1.4011853246100798 1.4017957171276791 0.0009765625
86.99186111111112 87.011422222222222 1.4011749357518239 1.40178532461008 0.0009765625
87.011422222222222 87.030983333333339 1.401164550550833 1.4017749357518241 0.0009765625
87.030983333333339 87.050544444444455 1.4011541690050491 1.4017645505508332 0.0009765625
87.050544444444455 87.070105555555557 1.4011437911124154 1.4017541690050492 0.0009765625
87.070105555555557 87.089666666666673 1.4011334168708676 1.4017437911124155 0.0009765625
87.089666666666673 87.109227777777789 1.4011230462783533 1.4017334168708677 0.0009765625
87.109227777777789 87.128788888888892 1.4011126793328093 1.4017230462783534 0.0009765625
87.128788888888892 87.148350000000008 1.4011023160321852 1.4017126793328094 0.0009765625
87.148350000000008 87.167911111111124 1.401091956374418 1.4017023160321853 0.0009765625
87.167911111111124 87.187472222222226 1.4010816003574762 1.4016919563744181 0.0009765625
87.187472222222226 87.207033333333342 1.4010712479792884 1.4016816003574764 0.0009765625
87.207033333333342 87.226594444444459 1.4010608992378195 1.4016712479792885 0.0009765625
87.226594444444459 87.246155555555561 1.401050554131019 1.4016608992378197 0.0009765625
87.246155555555561 87.265716666666677 1.4010402126568382 1.4016505541310191 0.0009765625
87.265716666666677 87.285277777777793 1.4010298748132366 1.4016402126568384 0.0009765625
87.285277777777793 87.304838888888895 1.4010195405981665 1.4016298748132368 0.0009765625
87.304838888888895 87.324400000000011 1.4010092100096037 1.4016195405981666 0.0009765625
87.324400000000011 87.343961111111113 1.4009988830454936 1.4016092100096038 0.0009765625
87.343961111111113 87.36352222222223 1.4009885597038048 1.4015988830454937 0.0009765625
87.36352222222223 87.383083333333346 1.4009782399824993 1.4015885597038049 0.0009765625
87.383083333333346 87.402644444444448 1.4009679238795452 1.4015782399824994 0.0009765625
87.402644444444448 87.422205555555564 1.4009576113929059 1.4015679238795453 0.0009765625
87.422205555555564 87.44176666666668 1.4009473025205499 1.401557611392906 0.0009765625
87.44176666666668 87.461327777777782 1.400936997260458 1.40154730252055 0.0009765625
87.461327777777782 87.480888888888899 1.4009266956106003 1.4015369972604581 0.0009765625
87.480888888888899 87.500450000000015 1.4009163975683909 1.4015266956100472 0.0009765625
87.500450000000015 87.520011111111117 1.4009061031334524 1.4015163975689355 0.0009765625
87.520011111111117 87.539572222222233 1.400895812302128 1.4015061031334526 0.0009765625
87.539572222222233 87.559133333333335 1.4008855250729377 1.4014958123021282 0.0009765625
87.559133333333335 87.578694444444452 1.4008752414438583 1.4014855250729379 0.0009765625
87.578694444444452 87.598255555555568 1.4008649614128736 1.4014752414438585 0.0009765625
87.598255555555568 87.61781666666667 1.4008546849779804 1.4014649614128738 0.0009765625
87.61781666666667 87.637377777777786 1.4008444121371357 1.4014546849779805 0.0009765625
87.637377777777786 87.656938888888902 1.4008341428883522 1.4014444121371359 0.0009765625
87.656938888888902 87.676500000000004 1.4008238772295944 1.4014341428883523 0.0009765625
87.676500000000004 87.696061111111121 1.4008136151588739 1.4014238772295946 0.0009765625
87.696061111111121 87.715622222222237 1.4008033566741669 1.4014136151588741 0.0009765625
87.715622222222237 87.735183333333339 1.4007931017734769 1.401403356674167 0.0009765625
87.735183333333339 87.754744444444455 1.4007828504547863 1.4013931017734771 0.0009765625
87.754744444444455 87.774305555555557 1.4007726027161003 1.4013828504547865 0.0009765625
87.774305555555557 87.793866666666673 1.4007623585554063 1.4013726027161004 0.0009765625
87.793866666666673 87.81342777777779 1.4007521179707163 1.4013623585554065 0.0009765625
87.81342777777779 87.832988888888892 1.4007418809600212 1.4013521179707165 0.0009765625
87.832988888888892 87.852550000000008 1.400731647521327 1.4013418809600213 0.0009765625
87.852550000000008 87.87211111111111 1.400721417652631 1.4013316475213271 0.0009765625
87.87211111111111 87.891672222222226 1.4007111913519463 1.4013214176526312 0.0009765625
87.891672222222226 87.911233333333342 1.400700968617274 1.4013111913519465 0.0009765625
87.911233333333342 87.930794444444444 1.4006907494466236 1.4013009686172742 0.0009765625
87.930794444444444 87.950355555555561 1.4006805338380046 1.4012907494466238 0.0009765625
87.950355555555561 87.969916666666677 1.4006703217894312 1.4012805338380048 0.0009765625
87.969916666666677 87.989477777777779 1.4006601132989103 1.4012703217894313 0.0009765625
87.989477777777779 88.009038888888895 1.4006499083644581 1.4012601132989104 0.0009765625
88.009038888888895 88.028600000000012 1.4006397069840963 1.4012499083644583 0.0009765625
88.028600000000012 88.048161111111114 1.4006295091558338 1.4012397069840965 0.0009765625
88.048161111111114 88.06772222222223 1.400619314877694 1.401229509155834 0.0009765625
88.06772222222223 88.087283333333332 1.4006091241476939 1.4012193148776941 0.0009765625
88.087283333333332 88.106844444444448 1.4005989369638636 1.4012091241476941 0.0009765625
88.106844444444448 88.126405555555564 1.4005887533242138 1.4011989369638638 0.0009765625
88.126405555555564 88.145966666666666 1.400578573226781 1.401188753324214 0.0009765625
88.145966666666666 88.165527777777783 1.4005683966695799 1.4011785732267812 0.0009765625
88.165527777777783 88.185088888888885 1.4005582236506557 1.40116839666958 0.0009765625
88.185088888888885 88.204650000000001 1.4005480541680202 1.4011582236506559 0.0009765625
88.204650000000001 88.224211111111117 1.4005378882197137 1.4011480541680204 0.0009765625
88.224211111111117 88.243772222222219 1.4005277258037654 1.4011378882197139 0.0009765625
88.243772222222219 88.263333333333335 1.4005175669182146 1.4011277258037655 0.0009765625
88.263333333333335 88.282894444444452 1.4005074115605407 1.4011175669176688 0.0009765625
88.282894444444452 88.302455555555554 1.4004972597304381 1.4011074115610886 0.0009765625
88.302455555555554 88.32201666666667 1.4004871114242856 1.4010972597304383 0.0009765625
88.32201666666667 88.341577777777786 1.4004769666406738 1.4010871114242858 0.0009765625
88.341577777777786 88.361138888888888 1.4004668253776529 1.4010769666406739 0.0009765625
88.361138888888888 88.380700000000004 1.4004566876332616 1.401066825377653 0.0009765625
88.380700000000004 88.400261111111107 1.4004465534055486 1.4010566876332617 0.0009765625
88.400261111111107 88.419822222222223 1.400436422692551 1.4010465534055487 0.0009765625
88.419822222222223 88.439383333333339 1.4004262954923259 1.4010364226925511 0.0009765625
88.439383333333339 88.458944444444441 1.400416171802916 1.401026295492326 0.0009765625
88.458944444444441 88.478505555555557 1.4004060516223795 1.4010161718029162 0.0009765625
88.478505555555557 88.498066666666659 1.4003959349487498 1.4010060516223797 0.0009765625
88.498066666666659 88.517627777777776 1.4003858217801035 1.40099593494875 0.0009765625
88.517627777777776 88.537188888888892 1.4003757121144871 1.4009858217801037 0.0009765625
88.537188888888892 88.556749999999994 1.4003656059499594 1.4009757121144872 0.0009765625
88.556749999999994 88.57631111111111 1.4003555032845685 1.4009656059499596 0.0009765625
88.57631111111111 88.595872222222226 1.4003454041163783 1.4009555032845686 0.0009765625
88.595872222222226 88.615433333333328 1.4003353084434607 1.4009454041163785 0.0009765625
88.615433333333328 88.634994444444445 1.4003252162638637 1.4009353084434608 0.0009765625
88.634994444444445 88.654555555555561 1.4003151275756647 1.4009252162638639 0.0009765625
88.654555555555561 88.674116666666663 1.4003050423769194 1.4009151275756648 0.0009765625
88.674116666666663 88.693677777777779 1.4002949606656967 1.4009050423769196 0.0009765625
88.693677777777779 88.713238888888881 1.4002848824400604 1.4008949606656969 0.0009765625
88.713238888888881 88.732799999999997 1.4002748076981004 1.4008848824400606 0.0009765625
88.732799999999997 88.752361111111114 1.400264736437862 1.4008748076981006 0.0009765625
88.752361111111114 88.771922222222216 1.4002546686574351 1.4008647364378621 0.0009765625
88.771922222222216 88.791483333333332 1.4002446043548875 1.4008546686574352 0.0009765625
88.791483333333332 88.811044444444434 1.4002345435283001 1.4008446043548877 0.0009765625
88.811044444444434 88.83060555555555 1.400224486175744 1.4008345435283003 0.0009765625
88.83060555555555 88.850166666666667 1.4002144322953041 1.4008244861757442 0.0009765625
88.850166666666667 88.869727777777769 1.4002043818850574 1.4008144322953042 0.0009765625
88.869727777777769 88.889288888888885 1.4001943349430828 1.4008043818850575 0.0009765625
88.889288888888885 88.908850000000001 1.4001842914674769 1.4007943349430829 0.0009765625
88.908850000000001 88.928411111111103 1.4001742514563029 1.4007842914674771 0.0009765625
88.928411111111103 88.947972222222219 1.4001642149076647 1.4007742514563031 0.0009765625
88.947972222222219 88.967533333333336 1.4001541818196461 1.4007642149076649 0.0009765625
88.967533333333336 88.987094444444438 1.4001441521903311 1.4007541818196463 0.0009765625
88.987094444444438 89.006655555555554 1.4001341260178117 1.4007441521903312 0.0009765625
89.006655555555554 89.026216666666656 1.4001241033001841 1.4007341260178119 0.0009765625
89.026216666666656 89.045777777777772 1.4001140840355393 1.4007241033001843 0.0009765625
89.045777777777772 89.065338888888888 1.4001040682214241 1.4007140840349896 0.0009765625
89.065338888888888 89.08489999999999 1.4000940558575772 1.4007040682219738 0.0009765625
89.08489999999999 89.104461111111107 1.400084046940455 1.4006940558575773 0.0009765625
89.104461111111107 89.124022222222223 1.4000740414687058 1.4006840469404551 0.0009765625
89.124022222222223 89.143583333333325 1.4000640394404307 1.400674041468706 0.0009765625
89.143583333333325 89.163144444444441 1.4000540408537263 1.4006640394404308 0.0009765625
89.163144444444441 89.182705555555557 1.4000440457066989 1.4006540408537265 0.0009765625
89.182705555555557 89.202266666666659 1.4000340539974596 1.4006440457066991 0.0009765625
89.202266666666659 89.221827777777776 1.4000240657241085 1.4006340539974598 0.0009765625
89.221827777777776 89.241388888888878 1.4000140808847537 1.4006240657241087 0.0009765625
89.241388888888878 89.260949999999994 1.400004099477508 1.4006140808847538 0.0009765625
89.260949999999994 89.28051111111111 1.3999941215004807 1.4006040994775082 0.0009765625
89.28051111111111 89.300072222222212 1.399984146951786 1.4005941215004809 0.0009765625
89.300072222222212 89.319633333333329 1.3999741758295297 1.4005841469517861 0.0009765625
89.319633333333329 89.339194444444445 1.3999642081318353 1.4005741758295298 0.0009765625
89.339194444444445 89.358755555555547 1.3999542438568215 1.4005642081318355 0.0009765625
89.358755555555547 89.378316666666663 1.3999442830025979 1.4005542438568217 0.0009765625
89.378316666666663 89.397877777777779 1.3999343255672902 1.400544283002598 0.0009765625
89.397877777777779 89.417438888888881 1.3999243715490275 1.4005343255672904 0.0009765625
89.417438888888881 89.436999999999998 1.3999144209459045 1.4005243715490276 0.0009765625
89.436999999999998 89.456561111111114 1.399904473756072 1.4005144209459046 0.0009765625
89.456561111111114 89.476122222222216 1.3998945299776386 1.4005044737560721 0.0009765625
89.476122222222216 89.495683333333332 1.3998845896087488 1.4004945299776388 0.0009765625
89.495683333333332 89.515244444444448 1.3998746526475112 1.400484589608749 0.0009765625
89.515244444444448 89.53480555555555 1.3998647190920686 1.4004746526475114 0.0009765625
89.53480555555555 89.554366666666667 1.3998547889405482 1.4004647190920687 0.0009765625
89.554366666666667 89.573927777777783 1.3998448621910793 1.4004547889405483 0.0009765625
89.573927777777783 89.593488888888885 1.3998349388417974 1.4004448621910794 0.0009765625
89.593488888888885 89.613050000000001 1.3998250188908461 1.4004349388417976 0.0009765625
89.613050000000001 89.632611111111117 1.3998151023363465 1.4004250188908463 0.0009765625
89.632611111111117 89.652172222222219 1.3998051891764476 1.4004151023363467 0.0009765625
89.652172222222219 89.671733333333336 1.3997952794092807 1.4004051891764477 0.0009765625
89.671733333333336 89.691294444444438 1.3997853730330003 1.4003952794092809 0.0009765625
89.691294444444438 89.710855555555554 1.3997754700457337 1.4003853730330005 0.0009765625
89.710855555555554 89.73041666666667 1.3997655704456342 1.4003754700457338 0.0009765625
89.73041666666667 89.749977777777772 1.399755674230843 1.4003655704456344 0.0009765625
89.749977777777772 89.769538888888889 1.399745781399508 1.4003556742308432 0.0009765625
89.769538888888889 89.789100000000005 1.3997358919497753 1.4003457813995082 0.0009765625
89.789100000000005 89.808661111111107 1.3997260058797929 1.4003358919497755 0.0009765625
89.808661111111107 89.828222222222223 1.3997161231877167 1.4003260058797931 0.0009765625
89.828222222222223 89.847783333333339 1.3997062438711498 1.4003161231871666 0.0009765625
89.847783333333339 89.867344444444441 1.3996963679298864 1.4003062438716947 0.0009765625
89.867344444444441 89.886905555555558 1.3996864953604287 1.4002963679298865 0.0009765625
89.886905555555558 89.906466666666674 1.3996766261615039 1.4002864953604288 0.0009765625
89.906466666666674 89.926027777777776 1.3996667603312536 1.4002766261615041 0.0009765625
89.926027777777776 89.945588888888892 1.399656897867839 1.4002667603312537 0.0009765625
89.945588888888892 89.965150000000008 1.3996470387694182 1.4002568978678391 0.0009765625
89.965150000000008 89.98471111111111 1.3996371830341612 1.4002470387694184 0.0009765625
89.98471111111111 90.004272222222227 1.3996273306602296 1.4002371830341613 0.0009765625
90.004272222222227 90.023833333333329 1.3996174816457807 1.4002273306602298 0.0009765625
90.023833333333329 90.043394444444445 1.3996076359889871 1.4002174816457809 0.0009765625
90.043394444444445 90.062955555555561 1.39959779368801 1.4002076359889872 0.0009765625
90.062955555555561 90.082516666666663 1.3995879547410266 1.4001977936880101 0.0009765625
90.082516666666663 90.102077777777779 1.3995781191462 1.4001879547410268 0.0009765625
90.102077777777779 90.121638888888896 1.3995682869017028 1.4001781191462002 0.0009765625
90.121638888888896 90.141199999999998 1.3995584580057141 1.4001682869017029 0.0009765625
90.141199999999998 90.160761111111114 1.3995486324564068 1.4001584580057143 0.0009765625
90.160761111111114 90.18032222222223 1.399538810251947 1.400148632456407 0.0009765625
90.18032222222223 90.199883333333332 1.3995289913905216 1.4001388102519472 0.0009765625
90.199883333333332 90.219444444444449 1.3995191758703041 1.4001289913905217 0.0009765625
90.219444444444449 90.239005555555565 1.3995093636894778 1.4001191758703042 0.0009765625
90.239005555555565 90.258566666666667 1.399499554846223 1.4001093636894779 0.0009765625
90.258566666666667 90.278127777777783 1.3994897493387166 1.4000995548462232 0.0009765625
90.278127777777783 90.297688888888899 1.3994799471651531 1.4000897493387168 0.0009765625
90.297688888888899 90.317250000000001 1.3994701483237115 1.4000799471651533 0.0009765625
90.317250000000001 90.336811111111118 1.3994603528125813 1.4000701483237117 0.0009765625
90.336811111111118 90.356372222222234 1.3994505606299394 1.4000603528125815 0.0009765625
90.356372222222234 90.375933333333336 1.399440771773993 1.4000505606299396 0.0009765625
90.375933333333336 90.395494444444452 1.3994309862429246 1.4000407717739931 0.0009765625
90.395494444444452 90.415055555555568 1.3994212040349208 1.4000309862429248 0.0009765625
90.415055555555568 90.43461666666667 1.3994114251481797 1.4000212040349209 0.0009765625
90.43461666666667 90.454177777777787 1.3994016495809027 1.4000114251481799 0.0009765625
90.454177777777787 90.473738888888889 1.3993918773312748 1.4000016495809029 0.0009765625
90.473738888888889 90.493300000000005 1.3993821083975035 1.3999918773312749 0.0009765625
90.493300000000005 90.512861111111121 1.3993723427777764 1.3999821083975037 0.0009765625
90.512861111111121 90.532422222222223 1.3993625804703074 1.3999723427777766 0.0009765625
90.532422222222223 90.551983333333339 1.3993528214732862 1.3999625804703075 0.0009765625
90.551983333333339 90.571544444444456 1.3993430657849222 1.3999528214732864 0.0009765625
90.571544444444456 90.591105555555558 1.3993333134034209 1.3999430657849223 0.0009765625
90.591105555555558 90.610666666666674 1.3993235643269843 1.3999333134034211 0.0009765625
90.610666666666674 90.63022777777779 1.3993138185532727 1.3999235643264381 0.0009765625
90.63022777777779 90.649788888888892 1.399304076082136 1.3999138185538205 0.0009765625
90.649788888888892 90.669350000000009 1.3992943369101427 1.3999040760821362 0.0009765625
90.669350000000009 90.688911111111111 1.3992846010360551 1.3998943369101429 0.0009765625
90.688911111111111 90.708472222222227 1.3992748684580754 1.3998846010360553 0.0009765625
90.708472222222227 90.728033333333343 1.3992651391744335 1.3998748684580755 0.0009765625
90.728033333333343 90.747594444444445 1.3992554131833275 1.3998651391744337 0.0009765625
90.747594444444445 90.767155555555561 1.3992456904829833 1.3998554131833276 0.0009765625
90.767155555555561 90.786716666666678 1.3992359710716176 1.3998456904829835 0.0009765625
90.786716666666678 90.80627777777778 1.3992262549474497 1.3998359710716177 0.0009765625
90.80627777777778 90.825838888888896 1.3992165421086988 1.3998262549474498 0.0009765625
90.825838888888896 90.845400000000012 1.3992068325535822 1.399816542108699 0.0009765625
90.845400000000012 90.864961111111114 1.3991971262803322 1.3998068325535824 0.0009765625
90.864961111111114 90.88452222222223 1.3991874232871711 1.3997971262803324 0.0009765625
90.88452222222223 90.904083333333332 1.3991777235723168 1.3997874232871712 0.0009765625
90.904083333333332 90.923644444444449 1.3991680271340028 1.399777723572317 0.0009765625
90.923644444444449 90.943205555555565 1.3991583339704619 1.3997680271340029 0.0009765625
90.943205555555565 90.962766666666667 1.3991486440799159 1.399758333970462 0.0009765625
90.962766666666667 90.982327777777783 1.3991389574605955 1.3997486440799161 0.0009765625
90.982327777777783 91.001888888888885 1.3991292741107386 1.3997389574605956 0.0009765625
91.001888888888885 91.021450000000002 1.399119594028575 1.3997292741107388 0.0009765625
91.021450000000002 91.041011111111118 1.3991099172123442 1.3997195940285752 0.0009765625
91.041011111111118 91.06057222222222 1.3991002436602733 1.3997099172123444 0.0009765625
91.06057222222222 91.080133333333336 1.3990905733706154 1.3997002436602735 0.0009765625
91.080133333333336 91.099694444444452 1.3990809063415985 1.3996905733706155 0.0009765625
91.099694444444452 91.119255555555554 1.3990712425714629 1.3996809063415987 0.0009765625
91.119255555555554 91.138816666666671 1.39906158205845 1.399671242571463 0.0009765625
91.138816666666671 91.158377777777787 1.3990519248008122 1.3996615820584501 0.0009765625
91.158377777777787 91.177938888888889 1.3990422707967787 1.3996519248008124 0.0009765625
91.177938888888889 91.197500000000005 1.399032620044613 1.3996422707967788 0.0009765625
91.197500000000005 91.217061111111107 1.3990229725425434 1.3996326200446132 0.0009765625
91.217061111111107 91.236622222222223 1.3990133282888277 1.3996229725425435 0.0009765625
91.236622222222223 91.25618333333334 1.3990036872817171 1.3996133282888279 0.0009765625
91.25618333333334 91.275744444444442 1.3989940495194559 1.3996036872817172 0.0009765625
91.275744444444442 91.295305555555558 1.3989844150003035 1.3995940495194561 0.0009765625
91.295305555555558 91.31486666666666 1.3989747837225099 1.3995844150003036 0.0009765625
91.31486666666666 91.334427777777776 1.398965155684327 1.3995747837225101 0.0009765625
91.334427777777776 91.353988888888892 1.3989555308840134 1.3995651556843272 0.0009765625
91.353988888888892 91.373549999999994 1.3989459093198315 1.3995555308840135 0.0009765625
91.373549999999994 91.393111111111111 1.3989362909900327 1.3995459093198317 0.0009765625
91.393111111111111 91.412672222222227 1.3989266758923298 1.3995362909894904 0.0009765625
91.412672222222227 91.432233333333329 1.3989170640266311 1.3995266758928788 0.0009765625
91.432233333333329 91.451794444444445 1.3989074553895524 1.3995170640266312 0.0009765625
91.451794444444445 91.471355555555562 1.3988978499799067 1.3995074553895526 0.0009765625
91.471355555555562 91.490916666666664 1.3988882477959599 1.3994978499799069 0.0009765625
91.490916666666664 91.51047777777778 1.3988786488359812 1.39948824779596 0.0009765625
91.51047777777778 91.530038888888882 1.398869053098226 1.3994786488359814 0.0009765625
91.530038888888882 91.549599999999998 1.3988594605809772 1.3994690530982261 0.0009765625
91.549599999999998 91.569161111111114 1.3988498712824962 1.3994594605809774 0.0009765625
91.569161111111114 91.588722222222216 1.3988402852010602 1.3994498712824963 0.0009765625
91.588722222222216 91.608283333333333 1.3988307023349418 1.3994402852010603 0.0009765625
91.608283333333333 91.627844444444435 1.3988211226824103 1.3994307023349419 0.0009765625
91.627844444444435 91.647405555555551 1.3988115462417476 1.3994211226824105 0.0009765625
91.647405555555551 91.666966666666667 1.3988019730112193 1.3994115462417478 0.0009765625
91.666966666666667 91.686527777777769 1.3987924029891146 1.3994019730112195 0.0009765625
91.686527777777769 91.706088888888885 1.3987828361737162 1.3993924029891147 0.0009765625
91.706088888888885 91.725650000000002 1.3987732725632871 1.3993828361737164 0.0009765625
91.725650000000002 91.745211111111104 1.3987637121561229 1.3993732725632873 0.0009765625
91.745211111111104 91.76477222222222 1.3987541549504974 1.3993637121561231 0.0009765625
91.76477222222222 91.784333333333336 1.3987446009447138 1.3993541549504975 0.0009765625
91.784333333333336 91.803894444444438 1.3987350501370357 1.3993446009447139 0.0009765625
91.803894444444438 91.823455555555554 1.3987255025257554 1.3993350501370359 0.0009765625
91.823455555555554 91.843016666666657 1.3987159581091688 1.3993255025257556 0.0009765625
91.843016666666657 91.862577777777773 1.3987064168855587 1.399315958109169 0.0009765625
91.862577777777773 91.882138888888889 1.3986968788532224 1.3993064168855589 0.0009765625
91.882138888888889 91.901699999999991 1.3986873440104477 1.3992968788532225 0.0009765625
91.901699999999991 91.921261111111107 1.3986778123555212 1.3992873440104479 0.0009765625
91.921261111111107 91.940822222222209 1.3986682838867475 1.3992778123555214 0.0009765625
91.940822222222209 91.960383333333326 1.3986587586024151 1.3992682838867476 0.0009765625
91.960383333333326 91.979944444444442 1.3986492365008294 1.3992587586024152 0.0009765625
91.979944444444442 91.999505555555544 1.3986397175802823 1.3992492365008296 0.0009765625
91.999505555555544 92.01906666666666 1.3986302018390724 1.3992397175802824 0.0009765625
92.01906666666666 92.038627777777776 1.3986206892755038 1.3992302018390725 0.0009765625
92.038627777777776 92.058188888888878 1.3986111798878784 1.3992206892755039 0.0009765625
92.058188888888878 92.077749999999995 1.3986016736744982 1.3992111798878786 0.0009765625
92.077749999999995 92.097311111111111 1.398592170633667 1.3992016736744983 0.0009765625
92.097311111111111 92.116872222222213 1.398582670763697 1.3991921706336672 0.0009765625
92.116872222222213 92.136433333333329 1.3985731740628846 1.3991826707636972 0.0009765625
92.136433333333329 92.155994444444431 1.3985636805295436 1.3991731740628848 0.0009765625
92.155994444444431 92.175555555555547 1.3985541901619856 1.3991636805295438 0.0009765625
92.175555555555547 92.195116666666664 1.3985447029579741 1.3991541901614368 0.0009765625
92.195116666666664 92.214677777777766 1.3987352189174538 1.398944702958516 0.0009765625
92.214677777777766 92.234238888888882 1.398725738037107 1.398935218917454 0.0009765625
92.234238888888882 92.253799999999998 1.3987162603157943 1.3989257380371072 0.0009765625
92.253799999999998 92.2733611111111 1.3987067857518223 1.3989162603157945 0.0009765625
92.2733611111111 92.292922222222217 1.3986973143435246 1.3989067857518225 0.0009765625
92.292922222222217 92.312483333333333 1.3986878460892007 1.3988973143435248 0.0009765625
92.312483333333333 92.332044444444435 1.3986783809871841 1.3988878460892009 0.0009765625
92.332044444444435 92.351605555555551 1.3986689190357846 1.3988783809871843 0.0009765625
92.351605555555551 92.371166666666653 1.3986594602333355 1.3988689190357848 0.0009765625
92.371166666666653 92.390727777777769 1.3986500045781549 1.3988594602333357 0.0009765625
92.390727777777769 92.410288888888886 1.3986405520685623 1.3988500045781551 0.0009765625
92.410288888888886 92.429849999999988 1.3986311027028919 1.3988405520685625 0.0009765625
92.429849999999988 92.449411111111104 1.3986216564794656 1.3988311027028921 0.0009765625
92.449411111111104 92.46897222222222 1.3986122133966081 1.3988216564794658 0.0009765625
92.46897222222222 92.488533333333322 1.3986027734526629 1.3988122133966083 0.0009765625
92.488533333333322 92.508094444444438 1.3985933366459455 1.3988027734526631 0.0009765625
92.508094444444438 92.527655555555555 1.3985839029747946 1.3987933366459457 0.0009765625
92.527655555555555 92.547216666666657 1.3985744724375464 1.3987839029747948 0.0009765625
92.547216666666657 92.566777777777773 1.3985650450325238 1.3987744724375466 0.0009765625
92.566777777777773 92.586338888888889 1.3985556207580683 1.398765045032524 0.0009765625
92.586338888888889 92.605899999999991 1.3985461996125248 1.3987556207580685 0.0009765625
92.605899999999991 92.625461111111107 1.3985367815942193 1.398746199612525 0.0009765625
92.625461111111107 92.645022222222224 1.3985273667014966 1.3987367815942195 0.0009765625
92.645022222222224 92.664583333333326 1.3985179549326949 1.3987273667014968 0.0009765625
92.664583333333326 92.684144444444442 1.3985085462861591 1.3987179549326951 0.0009765625
92.684144444444442 92.703705555555558 1.3984991407602354 1.3987085462861593 0.0009765625
92.703705555555558 92.72326666666666 1.3984897383532502 1.3986991407602356 0.0009765625
92.72326666666666 92.742827777777777 1.3984803390635736 1.3986897383532504 0.0009765625
92.742827777777777 92.762388888888893 1.3984709428895359 1.3986803390635738 0.0009765625
92.762388888888893 92.781949999999995 1.3984615498294908 1.3986709428895361 0.0009765625
92.781949999999995 92.801511111111111 1.3984521598817816 1.398661549829491 0.0009765625
92.801511111111111 92.821072222222213 1.3984427730447662 1.3986521598817818 0.0009765625
92.821072222222213 92.840633333333329 1.3984333893167862 1.3986427730447664 0.0009765625
92.840633333333329 92.860194444444446 1.3984240086962092 1.3986333893167864 0.0009765625
92.860194444444446 92.879755555555548 1.3984146311813672 1.3986240086962094 0.0009765625
92.879755555555548 92.899316666666664 1.398405256770638 1.3986146311813674 0.0009765625
92.899316666666664 92.91887777777778 1.3983958854623642 1.3986052567706382 0.0009765625
92.91887777777778 92.938438888888882 1.3983865172549028 1.3985958854623644 0.0009765625
92.938438888888882 92.957999999999998 1.3983771521466211 1.398586517254903 0.0009765625
92.957999999999998 92.977561111111115 1.3983677901353289 1.3985771521460801 0.0009765625
92.977561111111115 92.997122222222217 1.3983584312210178 1.3985677901358724 0.0009765625
92.997122222222217 93.016683333333333 1.3983490754004195 1.398558431221018 0.0009765625
93.016683333333333 93.036244444444449 1.398339722672449 1.3985490754004197 0.0009765625
93.036244444444449 93.055805555555551 1.3983303730354577 1.3985397226724492 0.0009765625
93.055805555555551 93.075366666666667 1.3983210264878161 1.3985303730354579 0.0009765625
93.075366666666667 93.094927777777784 1.3983116830278997 1.3985210264878163 0.0009765625
93.094927777777784 93.114488888888886 1.3983023426540691 1.3985116830278999 0.0009765625
93.114488888888886 93.134050000000002 1.3982930053646929 1.3985023426540693 0.0009765625
93.134050000000002 93.153611111111104 1.3982836711581432 1.3984930053646931 0.0009765625
93.153611111111104 93.17317222222222 1.3982743400327871 1.3984836711581434 0.0009765625
93.17317222222222 93.192733333333337 1.3982650119870108 1.3984743400327873 0.0009765625
93.192733333333337 93.212294444444439 1.398255687019172 1.398465011987011 0.0009765625
93.212294444444439 93.231855555555555 1.3982463651276587 1.3984556870191722 0.0009765625
93.231855555555555 93.251416666666671 1.3982370463108402 1.3984463651276589 0.0009765625
93.251416666666671 93.270977777777773 1.3982277305670976 1.3984370463108404 0.0009765625
93.270977777777773 93.290538888888889 1.3982184178948107 1.3984277305670978 0.0009765625
93.290538888888889 93.310100000000006 1.3982091082923604 1.3984184178948109 0.0009765625
93.310100000000006 93.329661111111108 1.3981998017581139 1.3984091082923606 0.0009765625
93.329661111111108 93.349222222222224 1.3981904982904765 1.3983998017581141 0.0009765625
93.349222222222224 93.36878333333334 1.3981811978878114 1.3983904982904767 0.0009765625
93.36878333333334 93.388344444444442 1.39817190054852 1.3983811978878116 0.0009765625
93.388344444444442 93.407905555555558 1.398162606270978 1.3983719005485202 0.0009765625
93.407905555555558 93.427466666666675 1.398153315053577 1.3983626062709782 0.0009765625
93.427466666666675 93.447027777777777 1.3981440268947025 1.3983533150535772 0.0009765625
93.447027777777777 93.466588888888893 1.3981347417927426 1.3983440268947027 0.0009765625
93.466588888888893 93.486150000000009 1.398125459746093 1.3983347417927428 0.0009765625
93.486150000000009 93.505711111111111 1.3981161807531399 1.3983254597460932 0.0009765625
93.505711111111111 93.525272222222227 1.3981069048122847 1.3983161807531401 0.0009765625
93.525272222222227 93.544833333333344 1.3980976319219112 1.3983069048122849 0.0009765625
93.544833333333344 93.564394444444446 1.3980883620804232 1.3982976319219114 0.0009765625
93.564394444444446 93.583955555555562 1.3980790952862114 1.3982883620804234 0.0009765625
93.583955555555562 93.603516666666664 1.3980698315376789 1.3982790952862116 0.0009765625
93.603516666666664 93.62307777777778 1.3980605708332148 1.3982698315376791 0.0009765625
93.62307777777778 93.642638888888897 1.3980513131712324 1.398260570833215 0.0009765625
93.642638888888897 93.662199999999999 1.3980420585501261 1.3982513131712326 0.0009765625
93.662199999999999 93.681761111111115 1.3980328069682937 1.3982420585501263 0.0009765625
93.681761111111115 93.701322222222231 1.3980235584241461 1.3982328069682939 0.0009765625
93.701322222222231 93.720883333333333 1.398014312916092 1.3982235584241463 0.0009765625
93.720883333333333 93.740444444444449 1.3980050704425202 1.3982143129160922 0.0009765625
93.740444444444449 93.760005555555566 1.3979958310013127 1.3982050704419793 0.0009765625
93.760005555555566 93.779566666666668 1.3979865945924956 1.3981958310018558 0.0009765625
93.779566666666668 93.799127777777784 1.3979773612128521 1.3981865945924958 0.0009765625
93.799127777777784 93.818688888888886 1.3979681308613425 1.3981773612128523 0.0009765625
93.818688888888886 93.838250000000002 1.3979589035363646 1.3981681308613427 0.0009765625
93.838250000000002 93.857811111111118 1.3979496792363411 1.3981589035363648 0.0009765625
93.857811111111118 93.87737222222222 1.3979404579596855 1.3981496792363413 0.0009765625
93.87737222222222 93.896933333333337 1.39793123970481 1.3981404579596857 0.0009765625
93.896933333333337 93.916494444444453 1.397922024470132 1.3981312397048102 0.0009765625
93.916494444444453 93.936055555555555 1.3979128122540669 1.3981220244701322 0.0009765625
93.936055555555555 93.955616666666671 1.3979036030550402 1.3981128122540671 0.0009765625
93.955616666666671 93.975177777777787 1.3978943968714583 1.3981036030550404 0.0009765625
93.975177777777787 93.99473888888889 1.3978851937017509 1.3980943968714585 0.0009765625
93.99473888888889 94.014300000000006 1.3978759935443441 1.3980851937017511 0.0009765625
94.014300000000006 94.033861111111108 1.3978667963976537 1.3980759935443443 0.0009765625
94.033861111111108 94.053422222222224 1.3978576022601075 1.3980667963976539 0.0009765625
94.053422222222224 94.07298333333334 1.3978484111301277 1.3980576022601077 0.0009765625
94.07298333333334 94.092544444444442 1.3978392230061429 1.3980484111301279 0.0009765625
94.092544444444442 94.112105555555559 1.3978300378865824 1.3980392230061431 0.0009765625
94.112105555555559 94.131666666666661 1.3978208557698721 1.3980300378865826 0.0009765625
94.131666666666661 94.151227777777777 1.3978116766544446 1.3980208557698723 0.0009765625
94.151227777777777 94.170788888888893 1.3978025005387278 1.3980116766544448 0.0009765625
94.170788888888893 94.190349999999995 1.3977933274211625 1.398002500538728 0.0009765625
94.190349999999995 94.209911111111111 1.3977841573001621 1.3979933274211627 0.0009765625
94.209911111111111 94.229472222222228 1.3977749901741789 1.3979841573001623 0.0009765625
94.229472222222228 94.24903333333333 1.3977658260416452 1.3979749901741791 0.0009765625
94.24903333333333 94.268594444444446 1.3977566649009958 1.3979658260416454 0.0009765625
94.268594444444446 94.288155555555562 1.3977475067506715 1.397956664900996 0.0009765625
94.288155555555562 94.307716666666664 1.3977383515891004 1.3979475067506717 0.0009765625
94.307716666666664 94.32727777777778 1.3977291994147423 1.3979383515891006 0.0009765625
94.32727777777778 94.346838888888882 1.3977200502260234 1.3979291994147425 0.0009765625
94.346838888888882 94.366399999999999 1.3977109040213798 1.3979200502260236 0.0009765625
94.366399999999999 94.385961111111115 1.3977017607992768 1.39791090402138 0.0009765625
94.385961111111115 94.405522222222217 1.3976926205581424 1.397901760799277 0.0009765625
94.405522222222217 94.425083333333333 1.3976834832964253 1.3978926205581426 0.0009765625
94.425083333333333 94.444644444444435 1.3976743490125809 1.3978834832964255 0.0009765625
94.444644444444435 94.464205555555552 1.3976652177050415 1.3978743490125811 0.0009765625
94.464205555555552 94.483766666666668 1.3976560893722776 1.3978652177050417 0.0009765625
94.483766666666668 94.50332777777777 1.3976469640127189 1.3978560893722778 0.0009765625
94.50332777777777 94.522888888888886 1.397637841624823 1.3978469640127191 0.0009765625
94.522888888888886 94.542450000000002 1.3976287222065047 1.397837841624276 0.0009765625
94.542450000000002 94.562011111111104 1.3976196057578449 1.3978287222070438 0.0009765625
94.562011111111104 94.581572222222221 1.3976104922756583 1.3978196057578451 0.0009765625
94.581572222222221 94.601133333333337 1.3976013817589601 1.3978104922756585 0.0009765625
94.601133333333337 94.620694444444439 1.3975922742061981 1.3978013817589603 0.0009765625
94.620694444444439 94.640255555555555 1.3975831696158365 1.3977922742061983 0.0009765625
94.640255555555555 94.659816666666671 1.3975740679863289 1.3977831696158367 0.0009765625
94.659816666666671 94.679377777777773 1.3975649693161285 1.3977740679863291 0.0009765625
94.679377777777773 94.69893888888889 1.3975558736037146 1.3977649693161287 0.0009765625
94.69893888888889 94.718500000000006 1.3975467808475319 1.3977558736037148 0.0009765625
94.718500000000006 94.738061111111108 1.3975376910460597 1.3977467808475321 0.0009765625
94.738061111111108 94.757622222222224 1.397528604197751 1.3977376910460599 0.0009765625
94.757622222222224 94.777183333333326 1.3975195203010755 1.3977286041977512 0.0009765625
94.777183333333326 94.796744444444442 1.3975104393545019 1.3977195203010757 0.0009765625
94.796744444444442 94.816305555555559 1.3975013613564957 1.3977104393545021 0.0009765625
94.816305555555559 94.835866666666661 1.3974922863055259 1.3977013613564959 0.0009765625
94.835866666666661 94.855427777777777 1.3974832142000653 1.3976922863055261 0.0009765625
94.855427777777777 94.874988888888893 1.3974741450385832 1.3976832142000655 0.0009765625
94.874988888888893 94.894549999999995 1.3974650788195453 1.3976741450385834 0.0009765625
94.894549999999995 94.914111111111112 1.3974560155414451 1.3976650788195455 0.0009765625
94.914111111111112 94.933672222222228 1.3974469552027333 1.3976560155414453 0.0009765625
94.933672222222228 94.95323333333333 1.3974378978019009 1.3976469552027335 0.0009765625
94.95323333333333 94.972794444444446 1.3974288433374176 1.3976378978019011 0.0009765625
94.972794444444446 94.992355555555562 1.3974197918077631 1.3976288433374178 0.0009765625
94.992355555555562 95.011916666666664 1.3974107432114193 1.3976197918077633 0.0009765625
95.011916666666664 95.031477777777781 1.397401697546867 1.3976107432114195 0.0009765625
95.031477777777781 95.051038888888897 1.3973926548125746 1.3976016975468672 0.0009765625
95.051038888888897 95.070599999999999 1.39738361500704 1.3975926548125748 0.0009765625
95.070599999999999 95.090161111111115 1.3973745781287417 1.3975836150070402 0.0009765625
95.090161111111115 95.109722222222217 1.3973655441761579 1.3975745781287419 0.0009765625
95.109722222222217 95.129283333333333 1.3973565131477841 1.3975655441761581 0.0009765625
95.129283333333333 95.14884444444445 1.3973474850420962 1.3975565131477843 0.0009765625
95.14884444444445 95.168405555555552 1.3973384598575922 1.3975474850420964 0.0009765625
95.168405555555552 95.187966666666668 1.3973294375927519 1.3975384598575924 0.0009765625
95.187966666666668 95.207527777777784 1.3973204182460706 1.3975294375927521 0.0009765625
95.207527777777784 95.227088888888886 1.3973114018160391 1.3975204182460708 0.0009765625
95.227088888888886 95.246650000000002 1.3973023883011448 1.3975114018160393 0.0009765625
95.246650000000002 95.266211111111119 1.3972933776998833 1.397502388301145 0.0009765625
95.266211111111119 95.285772222222221 1.3972843700107536 1.3974933776998835 0.0009765625
95.285772222222221 95.305333333333337 1.3972753652322434 1.3974843700107538 0.0009765625
95.305333333333337 95.324894444444453 1.3972663633623135 1.3974753652317049 0.0009765625
95.324894444444453 95.344455555555555 1.3972573644010793 1.3974663633628559 0.0009765625
95.344455555555555 95.364016666666672 1.3972483683454244 1.3974573644010795 0.0009765625
95.364016666666672 95.383577777777788 1.3972393751943759 1.3974483683454246 0.0009765625
95.383577777777788 95.40313888888889 1.39723038494645 1.3974393751943761 0.0009765625
95.40313888888889 95.422700000000006 1.3972213976001326 1.3974303849464502 0.0009765625
95.422700000000006 95.442261111111108 1.3972124131539434 1.3974213976001328 0.0009765625
95.442261111111108 95.461822222222224 1.3972034316063677 1.3974124131539436 0.0009765625
95.461822222222224 95.481383333333341 1.3971944529559273 1.3974034316063679 0.0009765625
95.481383333333341 95.500944444444443 1.3971854772011156 1.3973944529559275 0.0009765625
95.500944444444443 95.520505555555559 1.3971765043404496 1.3973854772011158 0.0009765625
95.520505555555559 95.540066666666661 1.3971675343724241 1.3973765043404498 0.0009765625
95.540066666666661 95.559627777777777 1.3971585672955602 1.3973675343724243 0.0009765625
95.559627777777777 95.579188888888893 1.3971496031083679 1.3973585672955604 0.0009765625
95.579188888888893 95.598749999999995 1.3971406418093504 1.3973496031083681 0.0009765625
95.598749999999995 95.618311111111112 1.3971316833970284 1.3973406418093506 0.0009765625
95.618311111111112 95.637872222222228 1.3971227278699088 1.3973316833970286 0.0009765625
95.637872222222228 95.65743333333333 1.3971137752265048 1.397322727869909 0.0009765625
95.65743333333333 95.676994444444446 1.3971048254653422 1.397313775226505 0.0009765625
95.676994444444446 95.696555555555562 1.3970958785849255 1.3973048254653424 0.0009765625
95.696555555555562 95.716116666666665 1.3970869345837773 1.3972958785849257 0.0009765625
95.716116666666665 95.735677777777781 1.3970779934604232 1.3972869345837775 0.0009765625
95.735677777777781 95.755238888888883 1.3970690552133729 1.3972779934604234 0.0009765625
95.755238888888883 95.774799999999999 1.397060119841151 1.3972690552133731 0.0009765625
95.774799999999999 95.794361111111115 1.3970511873422802 1.3972601198411512 0.0009765625
95.794361111111115 95.813922222222217 1.3970422577152803 1.3972511873422804 0.0009765625
95.813922222222217 95.833483333333334 1.3970333309586744 1.3972422577152805 0.0009765625
95.833483333333334 95.853044444444436 1.397024407070991 1.3972333309586746 0.0009765625
95.853044444444436 95.872605555555552 1.3970154860507527 1.3972244070709912 0.0009765625
95.872605555555552 95.892166666666668 1.3970065678964967 1.3972154860507529 0.0009765625
95.892166666666668 95.91172777777777 1.3969976526067345 1.3972065678964969 0.0009765625
95.91172777777777 95.931288888888886 1.3969887401800103 1.3971976526067347 0.0009765625
95.931288888888886 95.950850000000003 1.3969798306148447 1.3971887401800105 0.0009765625
95.950850000000003 95.970411111111105 1.3969709239097763 1.3971798306148449 0.0009765625
95.970411111111105 95.989972222222221 1.3969620200633264 1.3971709239097765 0.0009765625
95.989972222222221 96.009533333333337 1.3969531190740405 1.3971620200633266 0.0009765625
96.009533333333337 96.029094444444439 1.3969442209404448 1.3971531190740407 0.0009765625
96.029094444444439 96.048655555555555 1.3969353256610797 1.397144220940445 0.0009765625
96.048655555555555 96.068216666666657 1.3969264332344802 1.3971353256610799 0.0009765625
96.068216666666657 96.087777777777774 1.3969175436591816 1.3971264332344804 0.0009765625
96.087777777777774 96.10733888888889 1.3969086569331852 1.3971175436586418 0.0009765625
96.10733888888889 96.126899999999992 1.3968997730566426 1.3971086569337232 0.0009765625
96.126899999999992 96.146461111111108 1.3968908920264893 1.3970997730566428 0.0009765625
96.146461111111108 96.166022222222225 1.3968820138417941 1.3970908920264895 0.0009765625
96.166022222222225 96.185583333333327 1.3968731385011022 1.3970820138417943 0.0009765625
96.185583333333327 96.205144444444443 1.39686426600297 1.3970731385011024 0.0009765625
96.205144444444443 96.224705555555559 1.3968553963459243 1.3970642660029702 0.0009765625
96.224705555555559 96.244266666666661 1.396846529528518 1.3970553963459245 0.0009765625
96.244266666666661 96.263827777777777 1.396837665549296 1.3970465295285182 0.0009765625
96.263827777777777 96.283388888888879 1.3968288044068078 1.3970376655492962 0.0009765625
96.283388888888879 96.302949999999996 1.3968199460996087 1.397028804406808 0.0009765625
96.302949999999996 96.322511111111112 1.3968110906262392 1.3970199460996089 0.0009765625
96.322511111111112 96.342072222222214 1.3968022379852556 1.3970110906262394 0.0009765625
96.342072222222214 96.36163333333333 1.3967933881752017 1.3970022379852558 0.0009765625
96.36163333333333 96.381194444444446 1.3967845411946396 1.3969933881752019 0.0009765625
96.381194444444446 96.400755555555548 1.3967756970421177 1.3969845411946398 0.0009765625
96.400755555555548 96.420316666666665 1.3967668557161947 1.3969756970421179 0.0009765625
96.420316666666665 96.439877777777781 1.3967580172154248 1.3969668557161949 0.0009765625
96.439877777777781 96.459438888888883 1.3967491815383661 1.396958017215425 0.0009765625
96.459438888888883 96.478999999999999 1.3967403486835772 1.3969491815383663 0.0009765625
96.478999999999999 96.498561111111115 1.3967315186496154 1.3969403486835774 0.0009765625
96.498561111111115 96.518122222222217 1.3967226914350384 1.3969315186496156 0.0009765625
96.518122222222217 96.537683333333334 1.3967138670384063 1.3969226914350386 0.0009765625
96.537683333333334 96.55724444444445 1.3967050454582912 1.3969138670384065 0.0009765625
96.55724444444445 96.576805555555552 1.3966962266932537 1.3969050454582914 0.0009765625
96.576805555555552 96.596366666666668 1.3966874107418454 1.3968962266932539 0.0009765625
96.596366666666668 96.615927777777785 1.3966785976026495 1.3968874107418456 0.0009765625
96.615927777777785 96.635488888888887 1.3966697872742142 1.3968785976026497 0.0009765625
96.635488888888887 96.655050000000003 1.3966609797551184 1.3968697872742144 0.0009765625
96.655050000000003 96.674611111111119 1.3966521750439342 1.3968609797551186 0.0009765625
96.674611111111119 96.694172222222221 1.3966433731392145 1.3968521750439344 0.0009765625
96.694172222222221 96.713733333333337 1.3966345740395396 1.3968433731392147 0.0009765625
96.713733333333337 96.733294444444439 1.396625777743487 1.3968345740395398 0.0009765625
96.733294444444439 96.752855555555556 1.3966169842496172 1.3968257777434872 0.0009765625
96.752855555555556 96.772416666666672 1.3966081935565089 1.3968169842496174 0.0009765625
96.772416666666672 96.791977777777774 1.396599405662736 1.3968081935565091 0.0009765625
96.791977777777774 96.81153888888889 1.3965906205668754 1.3967994056627362 0.0009765625
96.81153888888889 96.831100000000006 1.3965818382674968 1.3967906205668756 0.0009765625
96.831100000000006 96.850661111111108 1.3965730587631819 1.396781838267497 0.0009765625
96.850661111111108 96.870222222222225 1.3965642820525161 1.3967730587631821 0.0009765625
96.870222222222225 96.889783333333341 1.3965555081335232 1.3967642820519734 0.0009765625
96.889783333333341 96.909344444444443 1.3965467370064184 1.3967555081340679 0.0009765625
96.909344444444443 96.928905555555559 1.3965379686681529 1.3967467370064186 0.0009765625
96.928905555555559 96.948466666666675 1.3965292031178569 1.3967379686681531 0.0009765625
96.948466666666675 96.968027777777777 1.3965204403541054 1.3967292031178571 0.0009765625
96.968027777777777 96.987588888888894 1.3965116803754827 1.3967204403541056 0.0009765625
96.987588888888894 97.00715000000001 1.3965029231805823 1.3967116803754829 0.0009765625
97.00715000000001 97.026711111111112 1.3964941687679813 1.3967029231805825 0.0009765625
97.026711111111112 97.046272222222228 1.3964854171362782 1.3966941687679815 0.0009765625
97.046272222222228 97.06583333333333 1.396476668284051 1.3966854171362784 0.0009765625
97.06583333333333 97.085394444444447 1.3964679222098917 1.3966766682840512 0.0009765625
97.085394444444447 97.104955555555563 1.3964591789123937 1.3966679222098919 0.0009765625
97.104955555555563 97.124516666666665 1.3964504383901408 1.3966591789123939 0.0009765625
97.124516666666665 97.144077777777781 1.3964417006417333 1.396650438390141 0.0009765625
97.144077777777781 97.163638888888897 1.3964329656657646 1.3966417006417335 0.0009765625
97.163638888888897 97.183199999999999 1.3964242334608121 1.3966329656657648 0.0009765625
97.183199999999999 97.202761111111116 1.3964155040254944 1.3966242334608123 0.0009765625
97.202761111111116 97.222322222222232 1.3964067773584012 1.3966155040254946 0.0009765625
97.222322222222232 97.241883333333334 1.3963980534581177 1.3966067773584014 0.0009765625
97.241883333333334 97.26144444444445 1.3963893323232528 1.3965980534581179 0.0009765625
97.26144444444445 97.281005555555566 1.3963806139524038 1.396589332323253 0.0009765625
97.281005555555566 97.300566666666668 1.3963718983441651 1.396580613952404 0.0009765625
97.300566666666668 97.320127777777785 1.3963631854971492 1.3965718983441653 0.0009765625
97.320127777777785 97.339688888888901 1.3963544754099466 1.3965631854971494 0.0009765625
97.339688888888901 97.359250000000003 1.3963457680811662 1.3965544754099468 0.0009765625
97.359250000000003 97.378811111111119 1.3963370635094092 1.3965457680811664 0.0009765625
97.378811111111119 97.398372222222235 1.3963283616932867 1.3965370635094094 0.0009765625
97.398372222222235 97.417933333333337 1.3963196626313967 1.3965283616932869 0.0009765625
97.417933333333337 97.437494444444454 1.3963109663223476 1.3965196626313969 0.0009765625
97.437494444444454 97.45705555555557 1.3963022727647505 1.3965109663223478 0.0009765625
97.45705555555557 97.476616666666672 1.3962935819572129 1.3965022727647507 0.0009765625
97.476616666666672 97.496177777777788 1.3962848938983425 1.3964935819572131 0.0009765625
97.496177777777788 97.51573888888889 1.3962762085867588 1.3964848938983427 0.0009765625
97.51573888888889 97.535300000000007 1.3962675260210589 1.396476208586759 0.0009765625
97.535300000000007 97.554861111111123 1.3962588461998662 1.3964675260210591 0.0009765625
97.554861111111123 97.574422222222225 1.3962501691217915 1.3964588461998664 0.0009765625
97.574422222222225 97.593983333333341 1.3963114947854485 1.3963801691217916 0.0009765625
97.593983333333341 97.613544444444457 1.3962328231894559 1.3964414947854487 0.000244140625
97.613544444444457 97.633105555555559 1.3962241543324252 1.3964328231894561 0.000244140625
97.633105555555559 97.652666666666676 1.3962154882129829 1.3964241543324254 0.000244140625
97.652666666666676 97.672227777777792 1.3962068248291917 1.3964154882124387 0.000244140625
97.672227777777792 97.691788888888894 1.3961981641813128 1.3964068248297317 0.000244140625
97.691788888888894 97.71135000000001 1.3961895062663279 1.396398164181313 0.000244140625
97.71135000000001 97.730911111111112 1.3961808510834093 1.3963895062663281 0.000244140625
97.730911111111112 97.750472222222228 1.3961721986311721 1.3963808510834095 0.000244140625
97.750472222222228 97.770033333333345 1.3961635489082427 1.3963721986311723 0.000244140625
97.770033333333345 97.789594444444447 1.3961549019132484 1.3963635489082429 0.000244140625
97.789594444444447 97.809155555555563 1.3961462576448129 1.3963549019132486 0.000244140625
97.809155555555563 97.828716666666679 1.39613761610156 1.3963462576448131 0.000244140625
97.828716666666679 97.848277777777781 1.3961289772821202 1.3963376161015602 0.000244140625
97.848277777777781 97.867838888888897 1.3961203411851104 1.3963289772821204 0.000244140625
97.867838888888897 97.887400000000014 1.3961117078091807 1.3963203411851106 0.000244140625
97.887400000000014 97.906961111111116 1.3961030771529446 1.3963117078091809 0.000244140625
97.906961111111116 97.926522222222232 1.3960944492150362 1.3963030771529448 0.000244140625
97.926522222222232 97.946083333333334 1.3960858239940936 1.3962944492150364 0.000244140625
97.946083333333334 97.96564444444445 1.3960772014887419 1.3962858239940938 0.000244140625
97.96564444444445 97.985205555555567 1.3960685816976202 1.3962772014887421 0.000244140625
97.985205555555567 98.004766666666669 1.3960599646193601 1.3962685816976204 0.000244140625
98.004766666666669 98.024327777777785 1.3960513502525931 1.3962599646193603 0.000244140625
98.024327777777785 98.043888888888887 1.3960427385959684 1.3962513502525933 0.000244140625
98.043888888888887 98.063450000000003 1.3960341296481156 1.3962427385959686 0.000244140625
98.063450000000003 98.083011111111119 1.3960255234076759 1.3962341296481158 0.000244140625
98.083011111111119 98.102572222222221 1.3960169198732872 1.3962255234076761 0.000244140625
98.102572222222221 98.122133333333338 1.3960083190435923 1.3962169198732874 0.000244140625
98.122133333333338 98.141694444444454 1.395999720917221 1.3962083190435925 0.000244140625
98.141694444444454 98.161255555555556 1.3959911254928359 1.3961997209172212 0.000244140625
98.161255555555556 98.180816666666672 1.395982532769066 1.3961911254928361 0.000244140625
98.180816666666672 98.200377777777788 1.3959739427445579 1.3961825327690662 0.000244140625
98.200377777777788 98.21993888888889 1.3959653554179607 1.3961739427445581 0.000244140625
98.21993888888889 98.239500000000007 1.3959567707879141 1.3961653554179609 0.000244140625
98.239500000000007 98.259061111111109 1.3959481888530723 1.3961567707879143 0.000244140625
98.259061111111109 98.278622222222225 1.3959396096120744 1.3961481888530725 0.000244140625
98.278622222222225 98.298183333333341 1.3959310330635837 1.3961396096120746 0.000244140625
98.298183333333341 98.317744444444443 1.3959224592062378 1.3961310330635839 0.000244140625
98.317744444444443 98.33730555555556 1.3959138880386928 1.396122459206238 0.000244140625
98.33730555555556 98.356866666666662 1.3959053195595925 1.396113888038693 0.000244140625
98.356866666666662 98.376427777777778 1.3958967537676044 1.3961053195595927 0.000244140625
98.376427777777778 98.395988888888894 1.3958881906613687 1.3960967537676046 0.000244140625
98.395988888888894 98.415549999999996 1.3958796302395433 1.3960881906613689 0.000244140625
98.415549999999996 98.435111111111112 1.3958710725007859 1.3960796302395435 0.000244140625
98.435111111111112 98.454672222222229 1.3958625174432171 1.3960710725002503 0.000244140625
98.454672222222229 98.474233333333331 1.3958539650671056 1.3960625174437566 0.000244140625
98.474233333333331 98.493794444444447 1.3958454153694984 1.3960539650671058 0.000244140625
98.493794444444447 98.513355555555563 1.3958368683495876 1.3960454153694986 0.000244140625
98.513355555555563 98.532916666666665 1.3958283240060343 1.3960368683495878 0.000244140625
98.532916666666665 98.552477777777781 1.3958197823375 1.3960283240060345 0.000244140625
98.552477777777781 98.572038888888883 1.3958112433426542 1.3960197823375002 0.000244140625
98.572038888888883 98.5916 1.395802707020148 1.3960112433426544 0.000244140625
98.5916 98.611161111111116 1.3957941733686532 1.3960027070201482 0.000244140625
98.611161111111116 98.630722222222218 1.3957856423868265 1.3959941733686534 0.000244140625
98.630722222222218 98.650283333333334 1.3957771140733466 1.3959856423868267 0.000244140625
98.650283333333334 98.669844444444436 1.3957685884268651 1.3959771140733468 0.000244140625
98.669844444444436 98.689405555555552 1.3957600654460665 1.3959685884268653 0.000244140625
98.689405555555552 98.708966666666669 1.3957515451296036 1.3959600654460667 0.000244140625
98.708966666666669 98.728527777777771 1.3957430274761486 1.3959515451296038 0.000244140625
98.728527777777771 98.748088888888887 1.3957345124843836 1.3959430274761488 0.000244140625
98.748088888888887 98.767650000000003 1.3957260001529679 1.3959345124843838 0.000244140625
98.767650000000003 98.787211111111105 1.3957174904805767 1.3959260001529681 0.000244140625
98.787211111111105 98.806772222222222 1.3957089834658858 1.3959174904805769 0.000244140625
98.806772222222222 98.826333333333338 1.3957004791075669 1.395908983465886 0.000244140625
98.826333333333338 98.84589444444444 1.3956919774042911 1.3959004791075671 0.000244140625
98.84589444444444 98.865455555555556 1.3956834783547405 1.3958919774042913 0.000244140625
98.865455555555556 98.885016666666658 1.3956749819575942 1.3958834783547407 0.000244140625
98.885016666666658 98.904577777777774 1.3956664882115206 1.3958749819575944 0.000244140625
98.904577777777774 98.924138888888891 1.395657997115203 1.3958664882115208 0.000244140625
98.924138888888891 98.943699999999993 1.3956495086673206 1.3958579971152032 0.000244140625
98.943699999999993 98.963261111111109 1.3956410228665515 1.3958495086673208 0.000244140625
98.963261111111109 98.982822222222211 1.3956325397115852 1.3958410228665517 0.000244140625
98.982822222222211 99.002383333333327 1.3956240592010947 1.3958325397115854 0.000244140625
99.002383333333327 99.021944444444443 1.395615581333763 1.3958240592010949 0.000244140625
99.021944444444443 99.041505555555545 1.3956071061082844 1.3958155813337632 0.000244140625
99.041505555555545 99.061066666666662 1.3955986335233315 1.3958071061082846 0.000244140625
99.061066666666662 99.080627777777778 1.3955901635776 1.3957986335233317 0.000244140625
99.080627777777778 99.10018888888888 1.3955816962697645 1.3957901635776002 0.000244140625
99.10018888888888 99.119749999999996 1.3955732315985232 1.3957816962697647 0.000244140625
99.119749999999996 99.139311111111112 1.3955647695625619 1.3957732315985234 0.000244140625
99.139311111111112 99.158872222222215 1.3955563101605699 1.3957647695625621 0.000244140625
99.158872222222215 99.178433333333331 1.3955478533912449 1.3957563101605701 0.000244140625
99.178433333333331 99.197994444444433 1.3955393992532577 1.3957478533912451 0.000244140625
99.197994444444433 99.217555555555549 1.3955309477453237 1.3957393992532579 0.000244140625
99.217555555555549 99.237116666666665 1.3955224988655781 1.3957309477447812 0.000244140625
99.237116666666665 99.256677777777767 1.3955140526143506 1.3957224988661219 0.000244140625
99.256677777777767 99.276238888888884 1.3955056089887012 1.3957140526143508 0.000244140625
99.276238888888884 99.2958 1.3954971679878734 1.3957056089887014 0.000244140625
99.2958 99.315361111111102 1.3954887296105618 1.3956971679878736 0.000244140625
99.315361111111102 99.334922222222218 1.395480293855468 1.395688729610562 0.000244140625
99.334922222222218 99.354483333333334 1.3954718607212808 1.3956802938554682 0.000244140625
99.354483333333334 99.374044444444436 1.3954634302067117 1.395671860721281 0.000244140625
99.374044444444436 99.393605555555553 1.3954550023104528 1.3956634302067119 0.000244140625
99.393605555555553 99.413166666666655 1.3954465770312057 1.395655002310453 0.000244140625
99.413166666666655 99.432727777777771 1.395438154367677 1.3956465770312059 0.000244140625
99.432727777777771 99.452288888888887 1.395429734318564 1.3956381543676772 0.000244140625
99.452288888888887 99.471849999999989 1.3954213168825751 1.3956297343185642 0.000244140625
99.471849999999989 99.491411111111105 1.395412902058413 1.3956213168825753 0.000244140625
99.491411111111105 99.510972222222222 1.3954044898447826 1.3956129020584132 0.000244140625
99.510972222222222 99.530533333333324 1.3953960802403886 1.3956044898447828 0.000244140625
99.530533333333324 99.55009444444444 1.3953876732439412 1.3955960802403888 0.000244140625
99.55009444444444 99.569655555555556 1.3953792688541466 1.3955876732439414 0.000244140625
99.569655555555556 99.589216666666658 1.3953708670697202 1.3955792688541468 0.000244140625
99.589216666666658 99.608777777777775 1.3953624678893586 1.3955708670697204 0.000244140625
99.608777777777775 99.628338888888891 1.3953540713117871 1.3955624678893588 0.000244140625
99.628338888888891 99.647899999999993 1.395345677335714 1.3955540713117873 0.000244140625
99.647899999999993 99.667461111111109 1.3953372859598452 1.3955456773357142 0.000244140625
99.667461111111109 99.687022222222225 1.3953288971828943 1.3955372859598454 0.000244140625
99.687022222222225 99.706583333333327 1.3953205110035853 1.3955288971828945 0.000244140625
99.706583333333327 99.726144444444444 1.395312127420623 1.3955205110035855 0.000244140625
99.726144444444444 99.74570555555556 1.3953037464327323 1.3955121274206232 0.000244140625
99.74570555555556 99.765266666666662 1.3952953680386246 1.3955037464327325 0.000244140625
99.765266666666662 99.784827777777778 1.3952869922370177 1.3954953680386248 0.000244140625
99.784827777777778 99.804388888888894 1.3952786190266357 1.3954869922370179 0.000244140625
99.804388888888894 99.823949999999996 1.3952702484061863 1.3954786190266359 0.000244140625
99.823949999999996 99.843511111111113 1.3952618803744057 1.3954702484061865 0.000244140625
99.843511111111113 99.863072222222215 1.3952535149300058 1.3954618803744059 0.000244140625
99.863072222222215 99.882633333333331 1.3952451520717104 1.395453514930006 0.000244140625
99.882633333333331 99.902194444444447 1.395236791798244 1.3954451520717106 0.000244140625
99.902194444444447 99.921755555555549 1.3952284341083314 1.3954367917982442 0.000244140625
99.921755555555549 99.941316666666665 1.3952200790006932 1.3954284341083316 0.000244140625
99.941316666666665 99.960877777777782 1.3952117264740524 1.3954200790006934 0.000244140625
99.960877777777782 99.980438888888884 1.3952033765271434 1.3954117264740526 0.000244140625
99.980438888888884 100 1.3951950291586943 1.3954033765271436 0.000244140625
